batch_no,question_code,option_code,option_label,option_content,is_correct,sort_no
20260513-batch-real-001,Q-OVERVIEW-0001,A,A,UVS,0,10
20260513-batch-real-001,Q-OVERVIEW-0001,B,B,UAS,0,20
20260513-batch-real-001,Q-OVERVIEW-0001,C,C,UAV,1,30
20260513-batch-real-001,Q-OVERVIEW-0002,A,A,15km,1,10
20260513-batch-real-001,Q-OVERVIEW-0002,B,B,15~50km C.50~200km,0,20
20260513-batch-real-001,Q-OVERVIEW-0003,A,A,15KM,0,10
20260513-batch-real-001,Q-OVERVIEW-0003,B,B,15~50KM C.50~200KM,1,20
20260513-batch-real-001,Q-OVERVIEW-0005,A,A,超低空无人机,1,10
20260513-batch-real-001,Q-OVERVIEW-0005,B,B,低空无人机,0,20
20260513-batch-real-001,Q-OVERVIEW-0005,C,C,中空无人机,0,30
20260513-batch-real-001,Q-OVERVIEW-0006,A,A,距地面或水面 50 米以下,0,10
20260513-batch-real-001,Q-OVERVIEW-0006,B,B,距地面或水面 100 米以下,1,20
20260513-batch-real-001,Q-OVERVIEW-0006,C,C,距地面或水面 5 米至 100 米,0,30
20260513-batch-real-001,Q-OVERVIEW-0007,A,A,100 米(含)至 4500 米(含),0,10
20260513-batch-real-001,Q-OVERVIEW-0007,B,B,1000 米(含)至 5400 米(含),0,20
20260513-batch-real-001,Q-OVERVIEW-0007,C,C,1000 米(含)至 6000 米(不含),1,30
20260513-batch-real-001,Q-OVERVIEW-0008,A,A,4500 米(含)至 9000 米(含),0,10
20260513-batch-real-001,Q-OVERVIEW-0008,B,B,8000 米(含)至 12000 米(含),0,20
20260513-batch-real-001,Q-OVERVIEW-0008,C,C,6000 米(含)至 12000 米(含),1,30
20260513-batch-real-001,Q-OVERVIEW-0009,A,A,12000 米(不含)以上 B.9000 米(含 )以上,0,10
20260513-batch-real-001,Q-OVERVIEW-0009,C,C,12000 米(含)以上,1,20
20260513-batch-real-001,Q-OVERVIEW-0010,A,A,0~100m,0,10
20260513-batch-real-001,Q-OVERVIEW-0010,B,B,100~1000m C.1000~7000m,1,20
20260513-batch-real-001,Q-OVERVIEW-0011,A,A,赛斯纳,1,10
20260513-batch-real-001,Q-OVERVIEW-0011,B,B,侦察兵,0,20
20260513-batch-real-001,Q-OVERVIEW-0011,C,C,捕食者,0,30
20260513-batch-real-001,Q-OVERVIEW-0013,A,A,飞行器平台,0,10
20260513-batch-real-001,Q-OVERVIEW-0013,B,B,飞行员,1,20
20260513-batch-real-001,Q-OVERVIEW-0013,C,C,导航飞控系统,0,30
20260513-batch-real-001,Q-OVERVIEW-0014,A,A,起飞全重小于 4KG 的无人机,0,10
20260513-batch-real-001,Q-OVERVIEW-0014,B,B,空机重量大于 4KG 的无人机,0,20
20260513-batch-real-001,Q-OVERVIEW-0014,C,C,空机质量大于 0.25KG 小于等于 4KG，起飞全重大于 1.5KG 小于等于 7KG 的无人机,1,30
20260513-batch-real-001,Q-OVERVIEW-0015,A,A,空机质量大于等于 15KG 的无人机,0,10
20260513-batch-real-001,Q-OVERVIEW-0015,B,B,空机质量大于 4KG 小于等于 15KG，起飞全重大于 7KG 小于等于 25KG 的无人机,1,20
20260513-batch-real-001,Q-OVERVIEW-0015,C,C,起飞全重小于等于 5KG 的无人机,0,30
20260513-batch-real-001,Q-OVERVIEW-0016,A,A,空机质量大于 15kG 小于等于 116KG，起飞全重大于 25KG 小于等于 150KG 的无人机,1,10
20260513-batch-real-001,Q-OVERVIEW-0016,B,B,空机质量大于 25KG 的无人机,0,20
20260513-batch-real-001,Q-OVERVIEW-0016,C,C,起飞全重小于 25KG 的无人机,0,30
20260513-batch-real-001,Q-OVERVIEW-0017,A,A,在融合空域运行的Ⅺ、Ⅻ类无人机,1,10
20260513-batch-real-001,Q-OVERVIEW-0017,B,B,在隔离空域内运行的 Ⅰ 、 Ⅱ类无人机,0,20
20260513-batch-real-001,Q-OVERVIEW-0017,C,C,无人飞艇,0,30
20260513-batch-real-001,Q-OVERVIEW-0018,A,A,电子打火器,1,10
20260513-batch-real-001,Q-OVERVIEW-0018,B,B,排气系统,0,20
20260513-batch-real-001,Q-OVERVIEW-0018,C,C,进气系统,0,30
20260513-batch-real-001,Q-OVERVIEW-0019,A,A,汽油,0,10
20260513-batch-real-001,Q-OVERVIEW-0019,B,B,滑油,0,20
20260513-batch-real-001,Q-OVERVIEW-0019,C,C,汽油和滑油,1,30
20260513-batch-real-001,Q-OVERVIEW-0020,A,A,电动,1,10
20260513-batch-real-001,Q-OVERVIEW-0020,B,B,气动,0,20
20260513-batch-real-001,Q-OVERVIEW-0020,C,C,油动,0,30
20260513-batch-real-001,Q-OVERVIEW-0021,A,A,增长,0,10
20260513-batch-real-001,Q-OVERVIEW-0021,B,B,减短,1,20
20260513-batch-real-001,Q-OVERVIEW-0021,C,C,一样,0,30
20260513-batch-real-001,Q-OVERVIEW-0022,A,A,AOPA,0,10
20260513-batch-real-001,Q-OVERVIEW-0022,B,B,民航局,0,20
20260513-batch-real-001,Q-OVERVIEW-0022,C,C,不需要,1,30
20260513-batch-real-001,Q-OVERVIEW-0023,A,A,人员资质由行业协会负责管理,0,10
20260513-batch-real-001,Q-OVERVIEW-0023,B,B,无须证照管理，自行负责,1,20
20260513-batch-real-001,Q-OVERVIEW-0023,C,C,人员资质由局方负责管理,0,30
20260513-batch-real-001,Q-OVERVIEW-0024,A,A,空机质量≤1.5kg，起飞全重≤1.5kg,1,10
20260513-batch-real-001,Q-OVERVIEW-0024,B,B,空机质量≤0.5kg，起飞全重≤1.5kg,0,20
20260513-batch-real-001,Q-OVERVIEW-0024,C,C,空机质量≤1kg，起飞全重≤2.5kgl>,0,30
20260513-batch-real-001,Q-OVERVIEW-0025,A,A,II、 III、 IV、V、VI、 VII 类无人机,0,10
20260513-batch-real-001,Q-OVERVIEW-0025,B,B,III、 IV、VI、 VII 类无人机,0,20
20260513-batch-real-001,Q-OVERVIEW-0025,C,C,III、 IV、VI、 VII 类无人机及重点地区和机场净空区以下运行的 II、V 类无人机,1,30
20260513-batch-real-001,Q-OVERVIEW-0027,A,A,飞艇,0,10
20260513-batch-real-001,Q-OVERVIEW-0027,B,B,直升机,0,20
20260513-batch-real-001,Q-OVERVIEW-0027,C,C,卫星,1,30
20260513-batch-real-001,Q-OVERVIEW-0028,A,A,油动固定翼,1,10
20260513-batch-real-001,Q-OVERVIEW-0028,B,B,电动固定翼,0,20
20260513-batch-real-001,Q-OVERVIEW-0028,C,C,电动多旋翼,0,30
20260513-batch-real-001,Q-OVERVIEW-0029,A,A,正负 120 度,1,10
20260513-batch-real-001,Q-OVERVIEW-0029,B,B,正负 20 度,0,20
20260513-batch-real-001,Q-OVERVIEW-0031,A,A,精灵,0,10
20260513-batch-real-001,Q-OVERVIEW-0031,B,B,悟,1,20
20260513-batch-real-001,Q-OVERVIEW-0031,C,C,S800,0,30
20260513-batch-real-001,Q-OVERVIEW-0032,A,A,19 世纪 80 年代,0,10
20260513-batch-real-001,Q-OVERVIEW-0032,B,B,20 世纪 20 年代,1,20
20260513-batch-real-001,Q-OVERVIEW-0032,C,C,20 世纪 40 年代,0,30
20260513-batch-real-001,Q-OVERVIEW-0033,C,C,2408-2440MHz.,1,10
20260513-batch-real-001,Q-OVERVIEW-0034,A,A,自驾仪或遥控接收机,0,10
20260513-batch-real-001,Q-OVERVIEW-0034,B,B,电机,1,20
20260513-batch-real-001,Q-OVERVIEW-0034,C,C,电池,0,30
20260513-batch-real-001,Q-OVERVIEW-0035,A,A,铅酸电池,0,10
20260513-batch-real-001,Q-OVERVIEW-0035,B,B,镍镉电池,1,20
20260513-batch-real-001,Q-OVERVIEW-0035,C,C,聚合物锂电池,0,30
20260513-batch-real-001,Q-OVERVIEW-0036,A,A,电池由 6S2P 公司生产,0,10
20260513-batch-real-001,Q-OVERVIEW-0036,B,B,电池组先由 2 个单体串联，再将串联后的6 组并联,0,20
20260513-batch-real-001,Q-OVERVIEW-0036,C,C,电池组先由 6 个单体串联，再将串联后的2 组并联,1,30
20260513-batch-real-001,Q-OVERVIEW-0037,A,A,无刷电调驱动直流电机，无法调速,0,10
20260513-batch-real-001,Q-OVERVIEW-0037,B,B,三相交流电机通过交流电调将电池直流变成交流作为电机输入,1,20
20260513-batch-real-001,Q-OVERVIEW-0037,C,C,有刷电机便于调速和驱动交流电机,0,30
20260513-batch-real-001,Q-OVERVIEW-0038,A,A,姿态角度,0,10
20260513-batch-real-001,Q-OVERVIEW-0038,B,B,角速度,1,20
20260513-batch-real-001,Q-OVERVIEW-0038,C,C,航向角,0,30
20260513-batch-real-001,Q-OVERVIEW-0039,A,A,尽量在高高度开伞,1,10
20260513-batch-real-001,Q-OVERVIEW-0039,B,B,尽量在上风区开伞,0,20
20260513-batch-real-001,Q-OVERVIEW-0039,C,C,尽量在有技术条件的情况下，接地后切断主伞连接,0,30
20260513-batch-real-001,Q-OVERVIEW-0040,A,A,无法在线重规划航线航点及发送任务指令,0,10
20260513-batch-real-001,Q-OVERVIEW-0040,B,B,地面站不再更新无人机的遥测数据,1,20
20260513-batch-real-001,Q-OVERVIEW-0040,C,C,无人机航拍图传图像丢失,0,30
20260513-batch-real-001,Q-OVERVIEW-0041,A,A,无人机退出地面站控制模式,0,10
20260513-batch-real-001,Q-OVERVIEW-0041,B,B,不能获取无人机状态信息,0,20
20260513-batch-real-001,Q-OVERVIEW-0041,C,C,无法在线重规划航线航点及发送任务指令,1,30
20260513-batch-real-001,Q-OVERVIEW-0042,A,A,可性指标高,1,10
20260513-batch-real-001,Q-OVERVIEW-0042,B,B,无需生命支持系统,0,20
20260513-batch-real-001,Q-OVERVIEW-0042,C,C,训练可多依赖于模拟器,0,30
20260513-batch-real-001,Q-OVERVIEW-0043,A,A,一般来讲，常规直升机尺度较大，多轴飞行器尺度较小,0,10
20260513-batch-real-001,Q-OVERVIEW-0043,B,B,一般来讲，常规直升机以油动为主，多轴飞行器基本都是电动动力,0,20
20260513-batch-real-001,Q-OVERVIEW-0043,C,C,一般来讲，常规直升机飞行中主要改变转速，多轴飞行器飞行中主要改变桨距,1,30
20260513-batch-real-001,Q-OVERVIEW-0044,A,A,逆风左转 90 度，转出的弯大,0,10
20260513-batch-real-001,Q-OVERVIEW-0044,B,B,顺风左转 90 度，转出的弯大,1,20
20260513-batch-real-001,Q-OVERVIEW-0044,C,C,逆风、顺风左转 90 度，转出的弯一样大,0,30
20260513-batch-real-001,Q-OVERVIEW-0045,A,A,巡航速度大,1,10
20260513-batch-real-001,Q-OVERVIEW-0045,B,B,巡航速度适中,0,20
20260513-batch-real-001,Q-OVERVIEW-0045,C,C,巡航速度小,0,30
20260513-batch-real-001,Q-OVERVIEW-0046,A,A,舵面遥控,0,10
20260513-batch-real-001,Q-OVERVIEW-0046,B,B,姿态遥控,1,20
20260513-batch-real-001,Q-OVERVIEW-0046,C,C,指令控制,0,30
20260513-batch-real-001,Q-OVERVIEW-0047,A,A,越高,0,10
20260513-batch-real-001,Q-OVERVIEW-0047,B,B,越低,1,20
20260513-batch-real-001,Q-OVERVIEW-0047,C,C,无关,0,30
20260513-batch-real-001,Q-OVERVIEW-0049,A,A,毂轴处,1,10
20260513-batch-real-001,Q-OVERVIEW-0049,B,B,叶尖处,0,20
20260513-batch-real-001,Q-OVERVIEW-0049,C,C,桨叶中部,0,30
20260513-batch-real-001,Q-OVERVIEW-0050,A,A,加速度传感器,0,10
20260513-batch-real-001,Q-OVERVIEW-0050,B,B,角速率传感器,0,20
20260513-batch-real-001,Q-OVERVIEW-0050,C,C,GPS 卫星导航接收机,1,30
20260513-batch-real-001,Q-OVERVIEW-0050,C,C,、GPS卫星导航接收机：通过接收卫星信号直接计算无人机的经纬度坐标，是典型的位置传感器。,1,40
20260513-batch-real-001,Q-OVERVIEW-0051,A,A,6000 米,0,10
20260513-batch-real-001,Q-OVERVIEW-0051,B,B,7000 米,0,20
20260513-batch-real-001,Q-OVERVIEW-0051,C,C,8000 米,1,30
20260513-batch-real-001,Q-OVERVIEW-0052,A,A,桨根处角速度等于桨尖处角速度,1,10
20260513-batch-real-001,Q-OVERVIEW-0052,B,B,桨根处线速度大于桨尖处线速度,0,20
20260513-batch-real-001,Q-OVERVIEW-0052,C,C,桨根处升力系数小于桨尖处升力系数,0,30
20260513-batch-real-001,Q-OVERVIEW-0053,A,A,危险品生产许可证号、营业执照和农药登记证号,0,10
20260513-batch-real-001,Q-OVERVIEW-0053,B,B,农药生产许可证或农药生产批准文件号、农药标准号和农药登记证号,1,20
20260513-batch-real-001,Q-OVERVIEW-0053,C,C,农药生产许可证或农药生产批准文件号、农药标准号和营业执照,0,30
20260513-batch-real-001,Q-OVERVIEW-0054,A,A,化学防治法,0,10
20260513-batch-real-001,Q-OVERVIEW-0054,B,B,物理机械防治法,0,20
20260513-batch-real-001,Q-OVERVIEW-0054,C,C,生物防治法,1,30
20260513-batch-real-001,Q-OVERVIEW-0055,A,A,轻于空气的航空器,0,10
20260513-batch-real-001,Q-OVERVIEW-0055,B,B,直升机,1,20
20260513-batch-real-001,Q-OVERVIEW-0055,C,C,旋翼机,0,30
20260513-batch-real-001,Q-OVERVIEW-0056,A,A,顺风,0,10
20260513-batch-real-001,Q-OVERVIEW-0056,B,B,逆风,0,20
20260513-batch-real-001,Q-OVERVIEW-0056,C,C,一样快,1,30
20260513-batch-real-001,Q-OVERVIEW-0057,A,A,顺风,1,10
20260513-batch-real-001,Q-OVERVIEW-0057,B,B,逆风,0,20
20260513-batch-real-001,Q-OVERVIEW-0057,C,C,一样快,0,30
20260513-batch-real-001,Q-OVERVIEW-0058,A,A,Lipo B.NiMh C.NiCd,1,10
20260513-batch-real-001,Q-SYSTEM-0001,A,A,轻于,0,10
20260513-batch-real-001,Q-SYSTEM-0001,B,B,重于,1,20
20260513-batch-real-001,Q-SYSTEM-0001,C,C,等于,0,30
20260513-batch-real-001,Q-SYSTEM-0002,A,A,测绘,0,10
20260513-batch-real-001,Q-SYSTEM-0002,B,B,直播,0,20
20260513-batch-real-001,Q-SYSTEM-0002,C,C,超远距离监控,1,30
20260513-batch-real-001,Q-SYSTEM-0003,A,A,高空长航时侦查,0,10
20260513-batch-real-001,Q-SYSTEM-0003,B,B,航拍，电影取景,1,20
20260513-batch-real-001,Q-SYSTEM-0003,C,C,侦打一体化,0,30
20260513-batch-real-001,Q-SYSTEM-0004,A,A,①④⑤,0,10
20260513-batch-real-001,Q-SYSTEM-0004,B,B,②③④,0,20
20260513-batch-real-001,Q-SYSTEM-0004,C,C,①②③④⑤,1,30
20260513-batch-real-001,Q-SYSTEM-0005,A,A,减少油箱的剩余燃油,0,10
20260513-batch-real-001,Q-SYSTEM-0005,B,B,保证大速度巡航的用油,0,20
20260513-batch-real-001,Q-SYSTEM-0005,C,C,保证爬升、下降及其他特殊情况下的正常供油,1,30
20260513-batch-real-001,Q-SYSTEM-0006,A,A,通气增大供油流量,0,10
20260513-batch-real-001,Q-SYSTEM-0006,B,B,保证向发动机正常供油,1,20
20260513-batch-real-001,Q-SYSTEM-0006,C,C,通气减小供油流量,0,30
20260513-batch-real-001,Q-SYSTEM-0007,A,A,影响燃油气化,1,10
20260513-batch-real-001,Q-SYSTEM-0007,B,B,无法加油,0,20
20260513-batch-real-001,Q-SYSTEM-0007,C,C,影响空中供油,0,30
20260513-batch-real-001,Q-SYSTEM-0008,A,A,无人机飞行员,0,10
20260513-batch-real-001,Q-SYSTEM-0008,B,B,地面消防员,1,20
20260513-batch-real-001,Q-SYSTEM-0008,C,C,手拿传呼机的指挥员,0,30
20260513-batch-real-001,Q-SYSTEM-0009,A,A,使飞机用电设备接地,0,10
20260513-batch-real-001,Q-SYSTEM-0009,B,B,防止放电起火,1,20
20260513-batch-real-001,Q-SYSTEM-0009,C,C,防止加油时遭雷击,0,30
20260513-batch-real-001,Q-SYSTEM-0010,A,A,"尽量减少水汽进入油箱,避免燃油污染",1,10
20260513-batch-real-001,Q-SYSTEM-0010,B,B,便于第二天尽快飞行,0,20
20260513-batch-real-001,Q-SYSTEM-0010,C,C,防汽化器式活塞发动机在何时容易出现汽化器回火现象,0,30
20260513-batch-real-001,Q-SYSTEM-0011,A,A,热发动启动时,0,10
20260513-batch-real-001,Q-SYSTEM-0011,B,B,油门收得过猛,0,20
20260513-batch-real-001,Q-SYSTEM-0011,C,C,寒冷天气第一次启动时,1,30
20260513-batch-real-001,Q-SYSTEM-0012,A,A,发动机的排气温度,1,10
20260513-batch-real-001,Q-SYSTEM-0012,B,B,发动机滑油温度,0,20
20260513-batch-real-001,Q-SYSTEM-0012,C,C,发动机转速,0,30
20260513-batch-real-001,Q-SYSTEM-0013,A,A,用电设备,0,10
20260513-batch-real-001,Q-SYSTEM-0013,B,B,配电设备,1,20
20260513-batch-real-001,Q-SYSTEM-0013,C,C,供电线路,0,30
20260513-batch-real-001,Q-SYSTEM-0014,A,A,电源、电缆、接插件,0,10
20260513-batch-real-001,Q-SYSTEM-0014,B,B,电源、配电系统、用电设备,1,20
20260513-batch-real-001,Q-SYSTEM-0014,C,C,电源、供电系统、用电设备,0,30
20260513-batch-real-001,Q-SYSTEM-0015,A,A,电池,0,10
20260513-batch-real-001,Q-SYSTEM-0015,B,B,调速系统,1,20
20260513-batch-real-001,Q-SYSTEM-0015,C,C,无刷电机,0,30
20260513-batch-real-001,Q-SYSTEM-0016,A,A,电缆和配电,0,10
20260513-batch-real-001,Q-SYSTEM-0016,B,B,电源和电缆,0,20
20260513-batch-real-001,Q-SYSTEM-0016,C,C,电源和配电,1,30
20260513-batch-real-001,Q-SYSTEM-0017,A,A,配电系统,0,10
20260513-batch-real-001,Q-SYSTEM-0017,B,B,电源,0,20
20260513-batch-real-001,Q-SYSTEM-0017,C,C,供电系统,1,30
20260513-batch-real-001,Q-SYSTEM-0018,A,A,电动系统尺寸较小且较为廉价,0,10
20260513-batch-real-001,Q-SYSTEM-0018,B,B,电动系统形式简单且电机速度响应快,1,20
20260513-batch-real-001,Q-SYSTEM-0018,C,C,电动系统干净且不依赖传统生物燃料,0,30
20260513-batch-real-001,Q-SYSTEM-0019,A,A,动力电池,1,10
20260513-batch-real-001,Q-SYSTEM-0019,B,B,电动机,0,20
20260513-batch-real-001,Q-SYSTEM-0019,C,C,机载遥控接收机,0,30
20260513-batch-real-001,Q-SYSTEM-0020,A,A,中低空、低速短距/垂直起降无人机,0,10
20260513-batch-real-001,Q-SYSTEM-0020,B,B,高空长航时无人机/无人战斗机,0,20
20260513-batch-real-001,Q-SYSTEM-0020,C,C,中高空长航时无人机,1,30
20260513-batch-real-001,Q-SYSTEM-0021,A,A,大螺旋桨用低 KV 电机,0,10
20260513-batch-real-001,Q-SYSTEM-0021,B,B,大螺旋桨要用高 KV 电机,1,20
20260513-batch-real-001,Q-SYSTEM-0021,C,C,小螺旋桨要用高 KV 电机,0,30
20260513-batch-real-001,Q-SYSTEM-0022,A,A,该电机最大承受 22V 电压，最小承受 8V 电压,0,10
20260513-batch-real-001,Q-SYSTEM-0022,B,B,该电机定子高度为 22 毫米,0,20
20260513-batch-real-001,Q-SYSTEM-0022,C,C,该电机定子直径为 22 毫米,1,30
20260513-batch-real-001,Q-SYSTEM-0023,A,A,该电机最大承受 38V 电压，最小承受 10V,0,10
20260513-batch-real-001,Q-SYSTEM-0023,B,B,该电机定子直径为 38 毫米,1,20
20260513-batch-real-001,Q-SYSTEM-0023,C,C,该电机定子高度为 38 毫米,0,30
20260513-batch-real-001,Q-SYSTEM-0024,A,A,外加 1V 电压对应的每分钟负载转速,0,10
20260513-batch-real-001,Q-SYSTEM-0024,B,B,外加 1V 电压对应的每分钟空载转速,1,20
20260513-batch-real-001,Q-SYSTEM-0024,C,C,额定电压值时电机每分钟空载转速,0,30
20260513-batch-real-001,Q-SYSTEM-0025,A,A,对应每 V 电压，电机提供 500000 转转速,0,10
20260513-batch-real-001,Q-SYSTEM-0025,B,B,电机最大耐压 500KV,0,20
20260513-batch-real-001,Q-SYSTEM-0025,C,C,对应每 V 电压，电机提供 500 转转速,1,30
20260513-batch-real-001,Q-SYSTEM-0026,A,A,对应每 V 电压，电机提供 1000000 转转速,0,10
20260513-batch-real-001,Q-SYSTEM-0026,B,B,对应每 V 电压，电机提供 1000 转转速,1,20
20260513-batch-real-001,Q-SYSTEM-0026,C,C,电机最大耐压 1000KV,0,30
20260513-batch-real-001,Q-SYSTEM-0027,A,A,无刷电机,1,10
20260513-batch-real-001,Q-SYSTEM-0027,B,B,有刷电机,0,20
20260513-batch-real-001,Q-SYSTEM-0027,C,C,四冲程发动机,0,30
20260513-batch-real-001,Q-SYSTEM-0028,A,A,步进电机,0,10
20260513-batch-real-001,Q-SYSTEM-0028,B,B,内转子电机,0,20
20260513-batch-real-001,Q-SYSTEM-0028,C,C,外转子电机,1,30
20260513-batch-real-001,Q-SYSTEM-0029,A,A,有刷电机驱动交流电,0,10
20260513-batch-real-001,Q-SYSTEM-0029,B,B,无刷电机驱动交流电,1,20
20260513-batch-real-001,Q-SYSTEM-0029,C,C,无刷电机驱动直流电,0,30
20260513-batch-real-001,Q-SYSTEM-0030,A,A,无刷电机效率较高,1,10
20260513-batch-real-001,Q-SYSTEM-0030,B,B,有刷电机效率较高,0,20
20260513-batch-real-001,Q-SYSTEM-0030,C,C,两类电机效率差不多,0,30
20260513-batch-real-001,Q-SYSTEM-0031,A,A,BEC,0,10
20260513-batch-real-001,Q-SYSTEM-0031,B,B,ESC,1,20
20260513-batch-real-001,Q-SYSTEM-0031,C,C,MCS,0,30
20260513-batch-real-001,Q-SYSTEM-0032,A,A,双向电调,0,10
20260513-batch-real-001,Q-SYSTEM-0032,B,B,有刷电调,0,20
20260513-batch-real-001,Q-SYSTEM-0032,C,C,无刷电调,1,30
20260513-batch-real-001,Q-SYSTEM-0033,A,A,5A 电调,0,10
20260513-batch-real-001,Q-SYSTEM-0033,B,B,10A 电调,1,20
20260513-batch-real-001,Q-SYSTEM-0033,C,C,30A 电调,0,30
20260513-batch-real-001,Q-SYSTEM-0034,A,A,电调需要从较粗的红线与黑线输入 5V 的电压,0,10
20260513-batch-real-001,Q-SYSTEM-0034,B,B,电调能从较粗的红线与黑线向外输出 5V 的电压,0,20
20260513-batch-real-001,Q-SYSTEM-0034,C,C,电调能从较细的红线与黑线向外输出 5V 的电压,1,30
20260513-batch-real-001,Q-SYSTEM-0035,A,A,电调所能承受的稳定工作电流是 15A,1,10
20260513-batch-real-001,Q-SYSTEM-0035,B,B,电调所能承受的最大瞬间电流是 15A,0,20
20260513-batch-real-001,Q-SYSTEM-0035,C,C,电调所能承受的最小工作电流是 15A,0,30
20260513-batch-real-001,Q-SYSTEM-0036,A,A,断开电机,0,10
20260513-batch-real-001,Q-SYSTEM-0036,B,B,接上电机,0,20
20260513-batch-real-001,Q-SYSTEM-0036,C,C,断开动力电源,1,30
20260513-batch-real-001,Q-SYSTEM-0037,A,A,该电机停转,0,10
20260513-batch-real-001,Q-SYSTEM-0037,B,B,该电机出现过热并烧毁,0,20
20260513-batch-real-001,Q-SYSTEM-0037,C,C,该电机反向运转,1,30
20260513-batch-real-001,Q-SYSTEM-0038,A,A,电机,0,10
20260513-batch-real-001,Q-SYSTEM-0038,B,B,机载遥控接收机,0,20
20260513-batch-real-001,Q-SYSTEM-0038,C,C,飞控,1,30
20260513-batch-real-001,Q-SYSTEM-0039,A,A,1.2V,0,10
20260513-batch-real-001,Q-SYSTEM-0039,B,B,11.1V,0,20
20260513-batch-real-001,Q-SYSTEM-0039,C,C,3.7V,1,30
20260513-batch-real-001,Q-SYSTEM-0040,A,A,聚合物锂电池单体充电至 4.6V 满电,1,10
20260513-batch-real-001,Q-SYSTEM-0040,B,B,聚合物锂电池单体充电至 4.2V 满电,0,20
20260513-batch-real-001,Q-SYSTEM-0040,C,C,磷酸铁锂电池单体充电至 3.6V 满电,0,30
20260513-batch-real-001,Q-SYSTEM-0041,A,A,6S 锂电池,0,10
20260513-batch-real-001,Q-SYSTEM-0041,B,B,11.1S 锂电池,0,20
20260513-batch-real-001,Q-SYSTEM-0041,C,C,3S 锂电池,1,30
20260513-batch-real-001,Q-SYSTEM-0042,A,A,6s 锂电池,1,10
20260513-batch-real-001,Q-SYSTEM-0042,B,B,22.2s 锂电池,0,20
20260513-batch-real-001,Q-SYSTEM-0042,C,C,3s 锂电池,0,30
20260513-batch-real-001,Q-SYSTEM-0043,A,A,铅酸蓄电池,0,10
20260513-batch-real-001,Q-SYSTEM-0043,B,B,镍镉电池,1,20
20260513-batch-real-001,Q-SYSTEM-0043,C,C,锂聚合物电池,0,30
20260513-batch-real-001,Q-SYSTEM-0044,A,A,聚合物电池,1,10
20260513-batch-real-001,Q-SYSTEM-0044,B,B,铅酸电池,0,20
20260513-batch-real-001,Q-SYSTEM-0044,C,C,银锌电池,0,30
20260513-batch-real-001,Q-SYSTEM-0045,A,A,铅酸蓄电池,0,10
20260513-batch-real-001,Q-SYSTEM-0045,B,B,碱性电池,0,20
20260513-batch-real-001,Q-SYSTEM-0045,C,C,聚合物锂电池,1,30
20260513-batch-real-001,Q-SYSTEM-0046,A,A,锂聚合物电池,1,10
20260513-batch-real-001,Q-SYSTEM-0046,B,B,镍镉电池,0,20
20260513-batch-real-001,Q-SYSTEM-0046,C,C,镍氢电池,0,30
20260513-batch-real-001,Q-SYSTEM-0047,A,A,理论上，以 6A 电流放电，可放电 1 小时,1,10
20260513-batch-real-001,Q-SYSTEM-0047,B,B,理论上，以 60A 电流放电，可放电 1 小时,0,20
20260513-batch-real-001,Q-SYSTEM-0047,C,C,理论上，以 6000A 电流放电，可放电 1 小时,0,30
20260513-batch-real-001,Q-SYSTEM-0048,A,A,"2Ah,30C",0,10
20260513-batch-real-001,Q-SYSTEM-0048,B,B,"30000mAh,5C",1,20
20260513-batch-real-001,Q-SYSTEM-0048,C,C,"20000mAh,5C",0,30
20260513-batch-real-001,Q-SYSTEM-0049,A,A,6,0,10
20260513-batch-real-001,Q-SYSTEM-0049,B,B,7,1,20
20260513-batch-real-001,Q-SYSTEM-0049,C,C,12,0,30
20260513-batch-real-001,Q-SYSTEM-0050,A,A,6S 电池有 5 根红色引线，1 根黑色引出线,0,10
20260513-batch-real-001,Q-SYSTEM-0050,B,B,6S 电池有 7 根引出线,1,20
20260513-batch-real-001,Q-SYSTEM-0050,C,C,6S 电池有 6 根引出线,0,30
20260513-batch-real-001,Q-SYSTEM-0051,A,A,飞控—接收机—电机—电调,0,10
20260513-batch-real-001,Q-SYSTEM-0051,B,B,接收机—飞控—电调—电机,1,20
20260513-batch-real-001,Q-SYSTEM-0051,C,C,飞控—电调—接收机—电机,0,30
20260513-batch-real-001,Q-SYSTEM-0052,A,A,参与,1,10
20260513-batch-real-001,Q-SYSTEM-0052,B,B,不参与,0,20
20260513-batch-real-001,Q-SYSTEM-0052,C,C,不确定,0,30
20260513-batch-real-001,Q-SYSTEM-0053,A,A,机载导航飞控系统,1,10
20260513-batch-real-001,Q-SYSTEM-0053,B,B,机载遥控接收机,0,20
20260513-batch-real-001,Q-SYSTEM-0053,C,C,机载任务系统,0,30
20260513-batch-real-001,Q-SYSTEM-0054,A,A,可以应用于各种特种飞行器,0,10
20260513-batch-real-001,Q-SYSTEM-0054,B,B,基于 ANDROID 开发,0,20
20260513-batch-real-001,Q-SYSTEM-0054,C,C,配有地面站软件，代码开源,1,30
20260513-batch-real-001,Q-SYSTEM-0055,A,A,功能强大，可实现全自主飞行,0,10
20260513-batch-real-001,Q-SYSTEM-0055,B,B,价格便宜，硬件结构简单,1,20
20260513-batch-real-001,Q-SYSTEM-0055,C,C,配有地面站软件，代码开源,0,30
20260513-batch-real-001,Q-SYSTEM-0056,A,A,无人机姿态稳定与控制,1,10
20260513-batch-real-001,Q-SYSTEM-0056,B,B,无人机任务设备管理与控制,0,20
20260513-batch-real-001,Q-SYSTEM-0056,C,C,信息收集与传递,0,30
20260513-batch-real-001,Q-SYSTEM-0057,A,A,传感器,0,10
20260513-batch-real-001,Q-SYSTEM-0057,B,B,电台,1,20
20260513-batch-real-001,Q-SYSTEM-0057,C,C,执行机构,0,30
20260513-batch-real-001,Q-SYSTEM-0058,A,A,飞控计算机,0,10
20260513-batch-real-001,Q-SYSTEM-0058,B,B,飞控子系统,1,20
20260513-batch-real-001,Q-SYSTEM-0058,C,C,导航子系统,0,30
20260513-batch-real-001,Q-SYSTEM-0059,A,A,无人机姿态稳定与控制，无人机飞行管理，应急控制,1,10
20260513-batch-real-001,Q-SYSTEM-0059,B,B,无人机飞行管理，与导航子系统协调完成航迹控制，信息收集与传递,0,20
20260513-batch-real-001,Q-SYSTEM-0059,C,C,无人机起飞与着陆控制，无人机飞行管理，信息收集与传递,0,30
20260513-batch-real-001,Q-SYSTEM-0060,A,A,姿态稳定与控制,0,10
20260513-batch-real-001,Q-SYSTEM-0060,B,B,导航与制导控制,0,20
20260513-batch-real-001,Q-SYSTEM-0060,C,C,任务分配与航迹规划,1,30
20260513-batch-real-001,Q-SYSTEM-0061,A,A,无人机姿态稳定与控制,1,10
20260513-batch-real-001,Q-SYSTEM-0061,B,B,导航控制,0,20
20260513-batch-real-001,Q-SYSTEM-0061,C,C,任务信息收集与传递,0,30
20260513-batch-real-001,Q-SYSTEM-0062,A,A,传感器,1,10
20260513-batch-real-001,Q-SYSTEM-0062,B,B,发动机,0,20
20260513-batch-real-001,Q-SYSTEM-0062,C,C,重心,0,30
20260513-batch-real-001,Q-SYSTEM-0063,A,A,经/纬度,1,10
20260513-batch-real-001,Q-SYSTEM-0063,B,B,姿态角,0,20
20260513-batch-real-001,Q-SYSTEM-0063,C,C,空速,0,30
20260513-batch-real-001,Q-SYSTEM-0064,A,A,数据中继,1,10
20260513-batch-real-001,Q-SYSTEM-0064,B,B,姿态稳定与控制,0,20
20260513-batch-real-001,Q-SYSTEM-0064,C,C,自主飞行控制,0,30
20260513-batch-real-001,Q-SYSTEM-0065,A,A,1 个角速率陀螺,0,10
20260513-batch-real-001,Q-SYSTEM-0065,B,B,3 个角速率陀螺,1,20
20260513-batch-real-001,Q-SYSTEM-0065,C,C,6 个角速率陀螺,0,30
20260513-batch-real-001,Q-SYSTEM-0066,A,A,贴合,0,10
20260513-batch-real-001,Q-SYSTEM-0066,B,B,靠近,0,20
20260513-batch-real-001,Q-SYSTEM-0066,C,C,远离,1,30
20260513-batch-real-001,Q-SYSTEM-0067,A,A,气压高度计,1,10
20260513-batch-real-001,Q-SYSTEM-0067,B,B,GPS,0,20
20260513-batch-real-001,Q-SYSTEM-0067,C,C,超声波高度计,0,30
20260513-batch-real-001,Q-SYSTEM-0068,A,A,电嘴挂油积炭,1,10
20260513-batch-real-001,Q-SYSTEM-0068,B,B,滑油消耗量过大,0,20
20260513-batch-real-001,Q-SYSTEM-0068,C,C,汽缸头温度过高,0,30
20260513-batch-real-001,Q-SYSTEM-0069,A,A,2T 机油,1,10
20260513-batch-real-001,Q-SYSTEM-0069,B,B,4T 机油,0,20
20260513-batch-real-001,Q-SYSTEM-0069,C,C,汽车机油,0,30
20260513-batch-real-001,Q-SYSTEM-0070,A,A,涡喷发动机,0,10
20260513-batch-real-001,Q-SYSTEM-0070,B,B,涡扇发动机,0,20
20260513-batch-real-001,Q-SYSTEM-0070,C,C,电动机,1,30
20260513-batch-real-001,Q-SYSTEM-0071,A,A,提高功率,1,10
20260513-batch-real-001,Q-SYSTEM-0071,B,B,减少废气量,0,20
20260513-batch-real-001,Q-SYSTEM-0071,C,C,增加转速,0,30
20260513-batch-real-001,Q-SYSTEM-0072,A,A,伺服执行机构,1,10
20260513-batch-real-001,Q-SYSTEM-0072,B,B,操纵杆,0,20
20260513-batch-real-001,Q-SYSTEM-0072,C,C,脚蹬,0,30
20260513-batch-real-001,Q-SYSTEM-0073,A,A,飞机自重,0,10
20260513-batch-real-001,Q-SYSTEM-0073,B,B,飞机载重能力,1,20
20260513-batch-real-001,Q-SYSTEM-0073,C,C,飞机最大起飞能力,0,30
20260513-batch-real-001,Q-SYSTEM-0074,A,A,气动焦点,0,10
20260513-batch-real-001,Q-SYSTEM-0074,B,B,发动机,0,20
20260513-batch-real-001,Q-SYSTEM-0074,C,C,重心,1,30
20260513-batch-real-001,Q-SYSTEM-0075,A,A,试凑法,0,10
20260513-batch-real-001,Q-SYSTEM-0075,B,B,查表法,1,20
20260513-batch-real-001,Q-SYSTEM-0075,C,C,约取法,0,30
20260513-batch-real-001,Q-SYSTEM-0076,A,A,计算法,0,10
20260513-batch-real-001,Q-SYSTEM-0076,B,B,坐标法,1,20
20260513-batch-real-001,Q-SYSTEM-0076,C,C,查表法,0,30
20260513-batch-real-001,Q-SYSTEM-0077,A,A,机载电台,1,10
20260513-batch-real-001,Q-SYSTEM-0077,B,B,无人机控制站,0,20
20260513-batch-real-001,Q-SYSTEM-0077,C,C,载荷控制站,0,30
20260513-batch-real-001,Q-SYSTEM-0078,A,A,无人机飞行员状态,0,10
20260513-batch-real-001,Q-SYSTEM-0078,B,B,飞机状态及链路．载荷状态,1,20
20260513-batch-real-001,Q-SYSTEM-0078,C,C,飞行空域信息,0,30
20260513-batch-real-001,Q-SYSTEM-0079,A,A,飞行姿态,0,10
20260513-batch-real-001,Q-SYSTEM-0079,B,B,位置,1,20
20260513-batch-real-001,Q-SYSTEM-0079,C,C,飞控状态,0,30
20260513-batch-real-001,Q-SYSTEM-0080,A,A,空中交通管制（ATC）,1,10
20260513-batch-real-001,Q-SYSTEM-0080,B,B,视频通信,0,20
20260513-batch-real-001,Q-SYSTEM-0080,C,C,通信中继,0,30
20260513-batch-real-001,Q-SYSTEM-0081,A,A,C.,1,10
20260513-batch-real-001,Q-SYSTEM-0081,B,B,VHF,0,20
20260513-batch-real-001,Q-SYSTEM-0081,C,C,任意,0,30
20260513-batch-real-001,Q-SYSTEM-0082,A,A,单旋翼,0,10
20260513-batch-real-001,Q-SYSTEM-0082,B,B,多旋翼,0,20
20260513-batch-real-001,Q-SYSTEM-0082,C,C,固定翼,1,30
20260513-batch-real-001,Q-SYSTEM-0083,A,A,力,0,10
20260513-batch-real-001,Q-SYSTEM-0083,B,B,力矩,0,20
20260513-batch-real-001,Q-SYSTEM-0083,C,C,扭矩,1,30
20260513-batch-real-001,Q-SYSTEM-0084,A,A,数据链路分系统,0,10
20260513-batch-real-001,Q-SYSTEM-0084,B,B,无人机地面站系统,1,20
20260513-batch-real-001,Q-SYSTEM-0084,C,C,飞控与导航系统,0,30
20260513-batch-real-001,Q-SYSTEM-0085,A,A,指挥处理中心,1,10
20260513-batch-real-001,Q-SYSTEM-0085,B,B,无人机控制站,0,20
20260513-batch-real-001,Q-SYSTEM-0085,C,C,载荷控制站,0,30
20260513-batch-real-001,Q-SYSTEM-0086,A,A,指挥处理中心,0,10
20260513-batch-real-001,Q-SYSTEM-0086,B,B,无人机控制站,1,20
20260513-batch-real-001,Q-SYSTEM-0086,C,C,载荷控制站,0,30
20260513-batch-real-001,Q-SYSTEM-0087,A,A,指挥处理中心,0,10
20260513-batch-real-001,Q-SYSTEM-0087,B,B,无人机控制站,0,20
20260513-batch-real-001,Q-SYSTEM-0087,C,C,载荷控制站,1,30
20260513-batch-real-001,Q-SYSTEM-0088,A,A,飞行与导航信息、数据链状态信息、设备状态信息、指令信息,1,10
20260513-batch-real-001,Q-SYSTEM-0088,B,B,导航信息显示、航迹绘制显示以及地理信息的显示,0,20
20260513-batch-real-001,Q-SYSTEM-0088,C,C,告警信息、地图航迹显示信息,0,30
20260513-batch-real-001,Q-SYSTEM-0089,A,A,发送代码,1,10
20260513-batch-real-001,Q-SYSTEM-0089,B,B,发送状态,0,20
20260513-batch-real-001,Q-SYSTEM-0089,C,C,接收状态,0,30
20260513-batch-real-001,Q-SYSTEM-0090,A,A,遥感方式,0,10
20260513-batch-real-001,Q-SYSTEM-0090,B,B,遥测方式,0,20
20260513-batch-real-001,Q-SYSTEM-0090,C,C,遥控方式,1,30
20260513-batch-real-001,Q-SYSTEM-0091,A,A,陀螺控制,0,10
20260513-batch-real-001,Q-SYSTEM-0091,B,B,指令控制,1,20
20260513-batch-real-001,Q-SYSTEM-0091,C,C,载荷控制,0,30
20260513-batch-real-001,Q-SYSTEM-0092,A,A,姿态遥控,1,10
20260513-batch-real-001,Q-SYSTEM-0092,B,B,舵面遥控,0,20
20260513-batch-real-001,Q-SYSTEM-0092,C,C,自主控制,0,30
20260513-batch-real-001,Q-SYSTEM-0093,A,A,姿态遥控和舵面遥控,1,10
20260513-batch-real-001,Q-SYSTEM-0093,B,B,自主控制,0,20
20260513-batch-real-001,Q-SYSTEM-0093,C,C,人工修正,0,30
20260513-batch-real-001,Q-SYSTEM-0094,A,A,场地标注,0,10
20260513-batch-real-001,Q-SYSTEM-0094,B,B,警示标注,0,20
20260513-batch-real-001,Q-SYSTEM-0094,C,C,地形标注,1,30
20260513-batch-real-001,Q-SYSTEM-0095,A,A,导航,0,10
20260513-batch-real-001,Q-SYSTEM-0095,B,B,任务规划,1,20
20260513-batch-real-001,Q-SYSTEM-0095,C,C,飞行视角显示,0,30
20260513-batch-real-001,Q-SYSTEM-0096,A,A,位置、速度、飞行姿态,1,10
20260513-batch-real-001,Q-SYSTEM-0096,B,B,高度、速度、飞行姿态,0,20
20260513-batch-real-001,Q-SYSTEM-0096,C,C,俯仰、滚转、偏航,0,30
20260513-batch-real-001,Q-SYSTEM-0097,A,A,长时间爬升,1,10
20260513-batch-real-001,Q-SYSTEM-0097,B,B,巡航,0,20
20260513-batch-real-001,Q-SYSTEM-0097,C,C,下降,0,30
20260513-batch-real-001,Q-SYSTEM-0098,A,A,不能在同一直线上,1,10
20260513-batch-real-001,Q-SYSTEM-0098,B,B,不能在同一纬度上,0,20
20260513-batch-real-001,Q-SYSTEM-0098,C,C,不能在同一经度上,0,30
20260513-batch-real-001,Q-SYSTEM-0099,A,A,坐标标注，航向标注，载荷任务标注,0,10
20260513-batch-real-001,Q-SYSTEM-0099,B,B,场地标注，警示标志，任务区域标注,1,20
20260513-batch-real-001,Q-SYSTEM-0099,C,C,航程标注，航时标注，任务类型标注,0,30
20260513-batch-real-001,Q-SYSTEM-0100,A,A,机载电台,1,10
20260513-batch-real-001,Q-SYSTEM-0100,B,B,无人机控制站,0,20
20260513-batch-real-001,Q-SYSTEM-0100,C,C,载荷控制站,0,30
20260513-batch-real-001,Q-SYSTEM-0101,A,A,结构简单,0,10
20260513-batch-real-001,Q-SYSTEM-0101,B,B,成本低廉,0,20
20260513-batch-real-001,Q-SYSTEM-0101,C,C,气动效率高,1,30
20260513-batch-real-001,Q-SYSTEM-0102,A,A,俯视多旋翼飞行器顺时针旋翼,1,10
20260513-batch-real-001,Q-SYSTEM-0102,B,B,俯视多旋翼飞行器逆时针旋翼,0,20
20260513-batch-real-001,Q-SYSTEM-0102,C,C,该螺旋桨为“CW”牌,0,30
20260513-batch-real-001,Q-SYSTEM-0103,A,A,俯视顺时针方向下一个,0,10
20260513-batch-real-001,Q-SYSTEM-0103,B,B,对角,1,20
20260513-batch-real-001,Q-SYSTEM-0103,C,C,俯视逆时针方向下一个,0,30
20260513-batch-real-001,Q-SYSTEM-0104,A,A,从多轴飞行器下方观看，该螺旋桨逆时针旋转,0,10
20260513-batch-real-001,Q-SYSTEM-0104,B,B,从多轴飞行器上方观看，该螺旋桨顺时针旋转,0,20
20260513-batch-real-001,Q-SYSTEM-0104,C,C,从多轴飞行器上方观看，该螺旋桨逆时针旋转,1,30
20260513-batch-real-001,Q-SYSTEM-0105,A,A,正椎体,0,10
20260513-batch-real-001,Q-SYSTEM-0105,B,B,平面,0,20
20260513-batch-real-001,Q-SYSTEM-0105,C,C,倒椎体,1,30
20260513-batch-real-001,Q-SYSTEM-0106,A,A,8 个顺时针旋转螺旋桨,0,10
20260513-batch-real-001,Q-SYSTEM-0106,B,B,2 个顺时针旋转螺旋桨，4 个逆时针旋转螺旋桨,0,20
20260513-batch-real-001,Q-SYSTEM-0106,C,C,4 个顺时针旋转螺旋桨，4 个逆时针旋转螺旋桨,1,30
20260513-batch-real-001,Q-SYSTEM-0107,A,A,后方两轴,0,10
20260513-batch-real-001,Q-SYSTEM-0107,B,B,左侧两轴,1,20
20260513-batch-real-001,Q-SYSTEM-0107,C,C,右侧两轴,0,30
20260513-batch-real-001,Q-SYSTEM-0108,A,A,俯视顺时针旋转,1,10
20260513-batch-real-001,Q-SYSTEM-0108,B,B,俯视逆时针旋转,0,20
20260513-batch-real-001,Q-SYSTEM-0108,C,C,左视逆时针旋转,0,30
20260513-batch-real-001,Q-SYSTEM-0109,A,A,无人直升机主要改变旋翼总距，多旋翼飞行器主要改变旋翼转速,1,10
20260513-batch-real-001,Q-SYSTEM-0109,B,B,无人直升机主要改变旋翼转速，多旋翼飞行器主要改变旋翼总距,0,20
20260513-batch-real-001,Q-SYSTEM-0109,C,C,无人直升机主要改变旋翼转速，多旋翼飞行器主要改变旋翼转速,0,30
20260513-batch-real-001,Q-SYSTEM-0110,A,A,飞行器平台、控制站,0,10
20260513-batch-real-001,Q-SYSTEM-0110,B,B,飞行器平台、控制站、通讯链路,1,20
20260513-batch-real-001,Q-SYSTEM-0110,C,C,飞行器平台、通讯链路,0,30
20260513-batch-real-001,Q-SYSTEM-0111,A,A,温度传感器、大气湿度传感器,1,10
20260513-batch-real-001,Q-SYSTEM-0111,B,B,GPS、气压计,0,20
20260513-batch-real-001,Q-SYSTEM-0111,C,C,无线电高度表、超声波传感器,0,30
20260513-batch-real-001,Q-SYSTEM-0112,A,A,桨径,0,10
20260513-batch-real-001,Q-SYSTEM-0112,B,B,叶片数量,0,20
20260513-batch-real-001,Q-SYSTEM-0112,C,C,螺距,1,30
20260513-batch-real-001,Q-SYSTEM-0113,A,A,地面遥控发射机遥控信号（一般为 90 度布置的两个小鞭状天线）,0,10
20260513-batch-real-001,Q-SYSTEM-0113,B,B,GPS 卫星位置信号（一般为顶端蘑菇头）,0,20
20260513-batch-real-001,Q-SYSTEM-0113,C,C,GPS 天线一般为定向天线，位于机体下方,1,30
20260513-batch-real-001,Q-SYSTEM-0114,A,A,定子线圈的直径 22 毫米，定子线圈的高度 8 毫米，每伏特电压能达到的每分钟转速为 1000 转,1,10
20260513-batch-real-001,Q-SYSTEM-0114,B,B,定子线圈的直径 22 英寸，定子线圈的高度 8 英寸，每伏特电压能达到的每分钟转速为 1000 转,0,20
20260513-batch-real-001,Q-SYSTEM-0114,C,C,定子线圈的直径 22 英寸，定子线圈的高度 8 英寸，每分钟转速为 1000 转,0,30
20260513-batch-real-001,Q-SYSTEM-0115,A,A,排气系统,0,10
20260513-batch-real-001,Q-SYSTEM-0115,B,B,点火系统,0,20
20260513-batch-real-001,Q-SYSTEM-0115,C,C,进气系统,1,30
20260513-batch-real-001,Q-SYSTEM-0116,A,A,八木天线,1,10
20260513-batch-real-001,Q-SYSTEM-0116,B,B,三叶草天线,0,20
20260513-batch-real-001,Q-SYSTEM-0116,C,C,鞭状天线,0,30
20260513-batch-real-001,Q-SYSTEM-0117,A,A,蘑菇头天线,0,10
20260513-batch-real-001,Q-SYSTEM-0117,B,B,全向天线,1,20
20260513-batch-real-001,Q-SYSTEM-0117,C,C,定向天线,0,30
20260513-batch-real-001,Q-SYSTEM-0118,A,A,空速,0,10
20260513-batch-real-001,Q-SYSTEM-0118,B,B,角速率,1,20
20260513-batch-real-001,Q-SYSTEM-0118,C,C,迎角、侧滑角,0,30
20260513-batch-real-001,Q-SYSTEM-0119,A,A,正桨,1,10
20260513-batch-real-001,Q-SYSTEM-0119,B,B,拉桨,0,20
20260513-batch-real-001,Q-SYSTEM-0119,C,C,反桨,0,30
20260513-batch-real-001,Q-SYSTEM-0120,A,A,高色温值,0,10
20260513-batch-real-001,Q-SYSTEM-0120,B,B,低色温值,1,20
20260513-batch-real-001,Q-SYSTEM-0120,C,C,闪光灯模式,0,30
20260513-batch-real-001,Q-SYSTEM-0121,A,A,GPS 手动模式切换,1,10
20260513-batch-real-001,Q-SYSTEM-0121,B,B,云台状态切换,0,20
20260513-batch-real-001,Q-SYSTEM-0121,C,C,航向锁定切换,0,30
20260513-batch-real-001,Q-SYSTEM-0122,A,A,是,0,10
20260513-batch-real-001,Q-SYSTEM-0122,B,B,不是,0,20
20260513-batch-real-001,Q-SYSTEM-0122,C,C,不一定,1,30
20260513-batch-real-001,Q-SYSTEM-0123,A,A,飞行器的速度,1,10
20260513-batch-real-001,Q-SYSTEM-0123,B,B,风速,0,20
20260513-batch-real-001,Q-SYSTEM-0123,C,C,飞行器姿态不稳,0,30
20260513-batch-real-001,Q-SYSTEM-0124,A,A,云台保证无人机在云层上飞行的安全,0,10
20260513-batch-real-001,Q-SYSTEM-0124,B,B,云台是航拍设备的增稳和操纵装置,1,20
20260513-batch-real-001,Q-SYSTEM-0124,C,C,云台的效果和传统舵机一样,0,30
20260513-batch-real-001,Q-SYSTEM-0125,A,A,降低飞行速度，保证正常曝光,1,10
20260513-batch-real-001,Q-SYSTEM-0125,B,B,降低飞行高度，保证正常曝光,0,20
20260513-batch-real-001,Q-SYSTEM-0125,C,C,与白天没有明显区别,0,30
20260513-batch-real-001,Q-SYSTEM-0126,A,A,光圈固定,0,10
20260513-batch-real-001,Q-SYSTEM-0126,B,B,快门固定,0,20
20260513-batch-real-001,Q-SYSTEM-0126,C,C,ISO 固定,1,30
20260513-batch-real-001,Q-SYSTEM-0127,A,A,在温差较大的环境中拍摄要注意镜头的结雾,1,10
20260513-batch-real-001,Q-SYSTEM-0127,B,B,在温差较高的环境拍摄摄像机电池使用时间短,0,20
20260513-batch-real-001,Q-SYSTEM-0127,C,C,在温度较低的环境拍摄摄像机电池使用时间长,0,30
20260513-batch-real-001,Q-SYSTEM-0128,A,A,①②③,1,10
20260513-batch-real-001,Q-SYSTEM-0128,B,B,②③,0,20
20260513-batch-real-001,Q-SYSTEM-0128,C,C,①③,0,30
20260513-batch-real-001,Q-SYSTEM-0129,A,A,出国,0,10
20260513-batch-real-001,Q-SYSTEM-0129,B,B,向交警队报告,0,20
20260513-batch-real-001,Q-SYSTEM-0129,C,C,向当地派出所报告,1,30
20260513-batch-real-001,Q-SYSTEM-0130,A,A,GPS 模式,0,10
20260513-batch-real-001,Q-SYSTEM-0130,B,B,返航点锁定,0,20
20260513-batch-real-001,Q-SYSTEM-0130,C,C,航向锁定,1,30
20260513-batch-real-001,Q-SYSTEM-0131,A,A,向左旋转,0,10
20260513-batch-real-001,Q-SYSTEM-0131,B,B,向右旋转,1,20
20260513-batch-real-001,Q-SYSTEM-0131,C,C,保持不动,0,30
20260513-batch-real-001,Q-SYSTEM-0132,A,A,Lipo,0,10
20260513-batch-real-001,Q-SYSTEM-0132,B,B,NiMH,1,20
20260513-batch-real-001,Q-SYSTEM-0132,C,C,LiFe,0,30
20260513-batch-real-001,Q-SYSTEM-0133,A,A,横轴的左边减速，右边加速,0,10
20260513-batch-real-001,Q-SYSTEM-0133,B,B,纵轴的左边减速，右边加速,1,20
20260513-batch-real-001,Q-SYSTEM-0133,C,C,横轴的左边加速，右边减速,0,30
20260513-batch-real-001,Q-SYSTEM-0134,A,A,碳纤维,0,10
20260513-batch-real-001,Q-SYSTEM-0134,B,B,玻璃纤维,0,20
20260513-batch-real-001,Q-SYSTEM-0134,C,C,工程塑料,1,30
20260513-batch-real-001,Q-SYSTEM-0135,A,A,襟翼,0,10
20260513-batch-real-001,Q-SYSTEM-0135,B,B,方向舵,0,20
20260513-batch-real-001,Q-SYSTEM-0135,C,C,副翼,1,30
20260513-batch-real-001,Q-SYSTEM-0136,A,A,二冲程汽油,1,10
20260513-batch-real-001,Q-SYSTEM-0136,B,B,四冲程汽油,0,20
20260513-batch-real-001,Q-SYSTEM-0136,C,C,四冲程柴油,0,30
20260513-batch-real-001,Q-SYSTEM-0137,A,A,Lipo,0,10
20260513-batch-real-001,Q-SYSTEM-0137,B,B,NiMh,0,20
20260513-batch-real-001,Q-SYSTEM-0137,C,C,NiCd,1,30
20260513-batch-real-001,Q-SYSTEM-0138,A,A,耗油率,0,10
20260513-batch-real-001,Q-SYSTEM-0138,B,B,重量轻,0,20
20260513-batch-real-001,Q-SYSTEM-0138,C,C,功率重量比高,1,30
20260513-batch-real-001,Q-SYSTEM-0139,A,A,GPS,1,10
20260513-batch-real-001,Q-SYSTEM-0139,B,B,空速管,0,20
20260513-batch-real-001,Q-SYSTEM-0139,C,C,惯导,0,30
20260513-batch-real-001,Q-SYSTEM-0140,A,A,进气系统,0,10
20260513-batch-real-001,Q-SYSTEM-0140,B,B,排气系统,0,20
20260513-batch-real-001,Q-SYSTEM-0140,C,C,点火系统,1,30
20260513-batch-real-001,Q-SYSTEM-0141,A,A,润滑油,0,10
20260513-batch-real-001,Q-SYSTEM-0141,B,B,汽油,0,20
20260513-batch-real-001,Q-SYSTEM-0141,C,C,汽油与润滑油的混合物,1,30
20260513-batch-real-001,Q-SYSTEM-0142,A,A,电动伺服执行机构,1,10
20260513-batch-real-001,Q-SYSTEM-0142,B,B,电液伺服执行机构,0,20
20260513-batch-real-001,Q-SYSTEM-0142,C,C,气动伺服执行机构,0,30
20260513-batch-real-001,Q-SYSTEM-0143,A,A,角速度,0,10
20260513-batch-real-001,Q-SYSTEM-0143,B,B,角加速度,0,20
20260513-batch-real-001,Q-SYSTEM-0143,C,C,高度.速度.位置,1,30
20260513-batch-real-001,Q-SYSTEM-0144,A,A,角速率传感器,0,10
20260513-batch-real-001,Q-SYSTEM-0144,B,B,加速度传感器,0,20
20260513-batch-real-001,Q-SYSTEM-0144,C,C,GPS 卫星导航接收机,1,30
20260513-batch-real-001,Q-SYSTEM-0145,A,A,飞行器状态及链路.载荷状态,1,10
20260513-batch-real-001,Q-SYSTEM-0145,B,B,飞行空域信息,0,20
20260513-batch-real-001,Q-SYSTEM-0145,C,C,无人机飞行员状态,0,30
20260513-batch-real-001,Q-SYSTEM-0146,A,A,变压供电,0,10
20260513-batch-real-001,Q-SYSTEM-0146,B,B,电机调速,0,20
20260513-batch-real-001,Q-SYSTEM-0146,C,C,实时电机反转,1,30
20260513-batch-real-001,Q-SYSTEM-0147,A,A,俯仰平衡,0,10
20260513-batch-real-001,Q-SYSTEM-0147,B,B,升力平衡,0,20
20260513-batch-real-001,Q-SYSTEM-0147,C,C,诱导阻力平衡,1,30
20260513-batch-real-001,Q-SYSTEM-0148,A,A,指令控制,1,10
20260513-batch-real-001,Q-SYSTEM-0148,B,B,陀螺控制,0,20
20260513-batch-real-001,Q-SYSTEM-0148,C,C,载荷控制,0,30
20260513-batch-real-001,Q-ATC-0001,A,A,民用航空局,0,10
20260513-batch-real-001,Q-ATC-0001,B,B,中央军事委员会,0,20
20260513-batch-real-001,Q-ATC-0001,C,C,国务院和中央军事委员会,1,30
20260513-batch-real-001,Q-ATC-0002,A,A,国务院,0,10
20260513-batch-real-001,Q-ATC-0002,B,B,民航局,0,20
20260513-batch-real-001,Q-ATC-0002,C,C,国务院﹑中央军委空中交通管制委员会,1,30
20260513-batch-real-001,Q-ATC-0003,A,A,与自己相向飞行,1,10
20260513-batch-real-001,Q-ATC-0003,B,B,与自己顺向飞行,0,20
20260513-batch-real-001,Q-ATC-0003,C,C,没有发生相撞的可能,0,30
20260513-batch-real-001,Q-ATC-0004,A,A,30 分钟,0,10
20260513-batch-real-001,Q-ATC-0004,B,B,一小时,1,20
20260513-batch-real-001,Q-ATC-0004,C,C,二小时,0,30
20260513-batch-real-001,Q-ATC-0005,A,A,当地的地方时,0,10
20260513-batch-real-001,Q-ATC-0005,B,B,北京时,0,20
20260513-batch-real-001,Q-ATC-0005,C,C,世界协调时,1,30
20260513-batch-real-001,Q-ATC-0006,A,A,在一个划定的管制空域内，可由两个空中交通管制单位负责空中交通管制,1,10
20260513-batch-real-001,Q-ATC-0006,B,B,通常情况下，民用航空器不得飞入禁区和限制区,0,20
20260513-batch-real-001,Q-ATC-0006,C,C,民用航空器未经批准不得飞出中华人民共和国领空,0,30
20260513-batch-real-001,Q-ATC-0007,A,A,必须经相关管制单位批准,0,10
20260513-batch-real-001,Q-ATC-0007,B,B,必须经中国人民解放军空军批准,1,20
20260513-batch-real-001,Q-ATC-0007,C,C,必须经由国务院，中央军委空中交通管制委员会批准,0,30
20260513-batch-real-001,Q-ATC-0008,A,A,可以自由飞行,0,10
20260513-batch-real-001,Q-ATC-0008,B,B,可以按 VF 自由飞行,0,20
20260513-batch-real-001,Q-ATC-0008,C,C,必须取得空中交通管制单位的许可,1,30
20260513-batch-real-001,Q-ATC-0009,A,A,管制员,1,10
20260513-batch-real-001,Q-ATC-0009,B,B,机务人员,0,20
20260513-batch-real-001,Q-ATC-0009,C,C,机长,0,30
20260513-batch-real-001,Q-ATC-0010,A,A,得到机长的允许,0,10
20260513-batch-real-001,Q-ATC-0010,B,B,取得机组的一致同意,0,20
20260513-batch-real-001,Q-ATC-0010,C,C,取得空中交通管制单位的许可,1,30
20260513-batch-real-001,Q-ATC-0011,A,A,按照该机场使用细则,0,10
20260513-batch-real-001,Q-ATC-0011,B,B,公布的进离场程序,0,20
20260513-batch-real-001,Q-ATC-0011,C,C,按照该机场使用细则或者进离场程序,1,30
20260513-batch-real-001,Q-ATC-0012,A,A,所需联系的 ATC 的名称,1,10
20260513-batch-real-001,Q-ATC-0012,B,B,航空器的注册号,0,20
20260513-batch-real-001,Q-ATC-0012,C,C,航空器的机型,0,30
20260513-batch-real-001,Q-ATC-0013,A,A,1 小时,1,10
20260513-batch-real-001,Q-ATC-0013,B,B,2 小时,0,20
20260513-batch-real-001,Q-ATC-0013,C,C,3 小时,0,30
20260513-batch-real-001,Q-ATC-0014,A,A,军航或民航的一个空中交通管制单位,1,10
20260513-batch-real-001,Q-ATC-0014,B,B,军航和民航的各一个空中交通管制单位,0,20
20260513-batch-real-001,Q-ATC-0014,C,C,军航的一个空中交通管制单位,0,30
20260513-batch-real-001,Q-ATC-0015,A,A,绝对不得飞入,0,10
20260513-batch-real-001,Q-ATC-0015,B,B,符合目视气象条件方可飞入,0,20
20260513-batch-real-001,Q-ATC-0015,C,C,按照国家规定经批准后方可飞入,1,30
20260513-batch-real-001,Q-ATC-0016,A,A,指定的航路必需飞越城市上空时,1,10
20260513-batch-real-001,Q-ATC-0016,B,B,能见地标的目视飞行时,0,20
20260513-batch-real-001,Q-ATC-0016,C,C,夜间飞行时,0,30
20260513-batch-real-001,Q-ATC-0017,A,A,飞行情报服务,1,10
20260513-batch-real-001,Q-ATC-0017,B,B,机场保障服务,0,20
20260513-batch-real-001,Q-ATC-0017,C,C,导航服务,0,30
20260513-batch-real-001,Q-ATC-0018,A,A,任务性质．航空器型别．装载情况．飞行范围．起止时间．飞行高度和飞行条件,0,10
20260513-batch-real-001,Q-ATC-0018,B,B,任务性质．航空器型别．飞行范围．起止时间．飞行高度和飞行条件,1,20
20260513-batch-real-001,Q-ATC-0018,C,C,任务性质．航空器型别．装载情况．起止时间．飞行高度和飞行条件,0,30
20260513-batch-real-001,Q-ATC-0019,A,A,必须经相关管制单位批准,0,10
20260513-batch-real-001,Q-ATC-0019,B,B,必须经中国人民解放军空军批准,1,20
20260513-batch-real-001,Q-ATC-0019,C,C,必须经中国民用航空总局空中交通管理局批准,0,30
20260513-batch-real-001,Q-ATC-0020,A,A,负责该航路和航线的飞行管制部门,1,10
20260513-batch-real-001,Q-ATC-0020,B,B,空中交通管理局下属的区域管制部门,0,20
20260513-batch-real-001,Q-ATC-0020,C,C,中国人民解放军空军,0,30
20260513-batch-real-001,Q-ATC-0021,A,A,驻机场航空单位或者航空公司的调度或签派部门,0,10
20260513-batch-real-001,Q-ATC-0021,B,B,驻机场航空单位或者航空公司的负责人,1,20
20260513-batch-real-001,Q-ATC-0021,C,C,驻机场航空单位或者航空公司的运行管理部门,0,30
20260513-batch-real-001,Q-ATC-0022,A,A,管制空域、监视空域和报告空域,1,10
20260513-batch-real-001,Q-ATC-0022,B,B,管制空域、非管制空域和报告空域,0,20
20260513-batch-real-001,Q-ATC-0022,C,C,管制空域、非管制空域和特殊空域,0,30
20260513-batch-real-001,Q-ATC-0023,A,A,A 类,0,10
20260513-batch-real-001,Q-ATC-0023,B,B,B 类,1,20
20260513-batch-real-001,Q-ATC-0023,C,C,C 类,0,30
20260513-batch-real-001,Q-ATC-0024,A,A,由中国人民解放军空军统一组织实施，各有关飞行管制部门按照各自的职责分工提供空中交通管制服务,1,10
20260513-batch-real-001,Q-ATC-0024,B,B,由国务院﹑中央军委空中交通管制委员会统一组织实施，各有关飞行管制部门按照各自的职责分工提供空中交通管 制服务,0,20
20260513-batch-real-001,Q-ATC-0024,C,C,由中国民用航空总局空中交通管理局统一组织实施，各有关飞行管制部门按照各自的职责分工提供空中交通管制服 务,0,30
20260513-batch-real-001,Q-ATC-0025,A,A,飞行管制区．飞行管制分区．机场飞行管制区,1,10
20260513-batch-real-001,Q-ATC-0025,B,B,飞行管制区．飞行情报区．机场飞行管制区,0,20
20260513-batch-real-001,Q-ATC-0025,C,C,航路飞行管制区．空域飞行管制区．机场飞行管制区,0,30
20260513-batch-real-001,Q-ATC-0026,A,A,飞行任务．起飞时间．航线．高度．允许机长飞行的最低气象条件以及其他有关事项,1,10
20260513-batch-real-001,Q-ATC-0026,B,B,飞行任务．机组成员﹑起飞时间．航线．高度．允许机长飞行的最低气象条件以及其他有关事项,0,20
20260513-batch-real-001,Q-ATC-0026,C,C,飞行任务．起飞时间．航线．允许机长飞行的最低气象条件以及其他有关事项,0,30
20260513-batch-real-001,Q-ATC-0027,A,A,①②,0,10
20260513-batch-real-001,Q-ATC-0027,B,B,①③,0,20
20260513-batch-real-001,Q-ATC-0027,C,C,①②③,1,30
20260513-batch-real-001,Q-ATC-0028,A,A,防撞灯,1,10
20260513-batch-real-001,Q-ATC-0028,B,B,着陆灯,0,20
20260513-batch-real-001,Q-ATC-0028,C,C,航行灯,0,30
20260513-batch-real-001,Q-ATC-0029,A,A,左，300 米至 600 米,0,10
20260513-batch-real-001,Q-ATC-0029,B,B,右，300 米至 500 米,0,20
20260513-batch-real-001,Q-ATC-0029,C,C,左，300 米至 500 米,1,30
20260513-batch-real-001,Q-ATC-0030,A,A,航线（航向）、高度、次序和进出点,0,10
20260513-batch-real-001,Q-ATC-0030,B,B,航线（航向）、高度、次序,1,20
20260513-batch-real-001,Q-ATC-0030,C,C,航线（航向）、高度,0,30
20260513-batch-real-001,Q-ATC-0031,A,A,质量大于等于 7kg，但小于 116kg 的无人机，且全马力平飞中，校准空速小于 100 千米/ 小时（55 海里/小时），升 限小于 3000 米,0,10
20260513-batch-real-001,Q-ATC-0031,B,B,质量大于 7kg，但小于等于 116kg 的无人机，且全马力平飞中，校准空速小于 100 千米/ 小时（55 海里/小时），升 限小于 3000 米,0,20
20260513-batch-real-001,Q-ATC-0031,C,C,空机质量大于 7kg，但小于等于 116kg 的无人机，且全马力平飞中，校准空速小于 100 千米/小时（55 海里/小 时），升限小于 3000 米,1,30
20260513-batch-real-001,Q-ATC-0032,A,A,空机质量小于等于 7kg 的无人机,1,10
20260513-batch-real-001,Q-ATC-0032,B,B,质量小于 7kg 的无人机,0,20
20260513-batch-real-001,Q-ATC-0032,C,C,质量小于等于 7kg 的无人机,0,30
20260513-batch-real-001,Q-ATC-0033,A,A,116,0,10
20260513-batch-real-001,Q-ATC-0033,B,B,5700,1,20
20260513-batch-real-001,Q-ATC-0033,C,C,1260,0,30
20260513-batch-real-001,Q-ATC-0034,A,A,空机质量大于 5700 千克的无人机,1,10
20260513-batch-real-001,Q-ATC-0034,B,B,质量大于 5700 千克的无人机,0,20
20260513-batch-real-001,Q-ATC-0034,C,C,空机质量大于等于 5700 千克的无人机,0,30
20260513-batch-real-001,Q-ATC-0035,A,A,地面风向风速,1,10
20260513-batch-real-001,Q-ATC-0035,B,B,机型,0,20
20260513-batch-real-001,Q-ATC-0035,C,C,进场航迹与跑道中心延长线夹角的大小,0,30
20260513-batch-real-001,Q-ATC-0036,A,A,5 公里,0,10
20260513-batch-real-001,Q-ATC-0036,B,B,10 公里,1,20
20260513-batch-real-001,Q-ATC-0036,C,C,15 公里,0,30
20260513-batch-real-001,Q-ATC-0037,A,A,300 米,0,10
20260513-batch-real-001,Q-ATC-0037,B,B,600 米,1,20
20260513-batch-real-001,Q-ATC-0037,C,C,平原地区不小于 300 米，丘陵山区不小于 600 米,0,30
20260513-batch-real-001,Q-FMR-0001,A,A,可以替代《无人机飞行手册》,0,10
20260513-batch-real-001,Q-FMR-0001,B,B,一般情况下可以替代《无人机飞行手册》,0,20
20260513-batch-real-001,Q-FMR-0001,C,C,不可替代《无人机飞行手册》,1,30
20260513-batch-real-001,Q-FMR-0002,A,A,由局方批准后可以替代,1,10
20260513-batch-real-001,Q-FMR-0002,B,B,不可替代,0,20
20260513-batch-real-001,Q-FMR-0002,C,C,一般情况下可以替代,0,30
20260513-batch-real-001,Q-FMR-0003,A,A,需经局方批准,0,10
20260513-batch-real-001,Q-FMR-0003,B,B,不需局方批准,1,20
20260513-batch-real-001,Q-FMR-0003,C,C,特殊飞行器需局方批准,0,30
20260513-batch-real-001,Q-FMR-0004,A,A,手册可以作为该机飞行的参考指导,0,10
20260513-batch-real-001,Q-FMR-0004,B,B,手册只能用于一般学习用途,1,20
20260513-batch-real-001,Q-FMR-0004,C,C,手册可以部分作为该机飞行参考指导,0,30
20260513-batch-real-001,Q-FMR-0005,A,A,按照随机《无人机飞行手册》指导飞行,1,10
20260513-batch-real-001,Q-FMR-0005,B,B,按照积累的经验指导飞行,0,20
20260513-batch-real-001,Q-FMR-0005,C,C,重点参考《无人机所有者/信息手册》,0,30
20260513-batch-real-001,Q-FMR-0006,A,A,随飞机一起转让,0,10
20260513-batch-real-001,Q-FMR-0006,B,B,存放备查,1,20
20260513-batch-real-001,Q-FMR-0006,C,C,随无人机系统携带,0,30
20260513-batch-real-001,Q-FMR-0007,A,A,需要,1,10
20260513-batch-real-001,Q-FMR-0007,B,B,不需要,0,20
20260513-batch-real-001,Q-FMR-0007,C,C,一般情况下不需要,0,30
20260513-batch-real-001,Q-FMR-0008,A,A,飞行记录本,0,10
20260513-batch-real-001,Q-FMR-0008,B,B,飞行适航证书,0,20
20260513-batch-real-001,Q-FMR-0008,C,C,驾驶员执照或合格证,1,30
20260513-batch-real-001,Q-FMR-0009,A,A,民航局下属局（局）,0,10
20260513-batch-real-001,Q-FMR-0009,B,B,中国航空器拥有者及驾驶员协会,1,20
20260513-batch-real-001,Q-FMR-0009,C,C,地区管理局,0,30
20260513-batch-real-001,Q-FMR-0010,A,A,适当认证修理站,1,10
20260513-batch-real-001,Q-FMR-0010,B,B,经验丰富的无人机飞行员,0,20
20260513-batch-real-001,Q-FMR-0010,C,C,经验丰富的有人机飞行员,0,30
20260513-batch-real-001,Q-FMR-0011,A,A,试验试飞,0,10
20260513-batch-real-001,Q-FMR-0011,B,B,无人机注册证书丢失,1,20
20260513-batch-real-001,Q-FMR-0011,C,C,无人机维修,0,30
20260513-batch-real-001,Q-FMR-0012,A,A,机场标高和空气温度,0,10
20260513-batch-real-001,Q-FMR-0012,B,B,风速和风向,0,20
20260513-batch-real-001,Q-FMR-0012,C,C,上反效应．场地面积和周围障碍物高度,1,30
20260513-batch-real-001,Q-FMR-0013,A,A,民用航空局和中央军委,0,10
20260513-batch-real-001,Q-FMR-0013,B,B,中央军委,0,20
20260513-batch-real-001,Q-FMR-0013,C,C,国务院和中央军委,1,30
20260513-batch-real-001,Q-FMR-0014,A,A,民航局,1,10
20260513-batch-real-001,Q-FMR-0014,B,B,国务院,0,20
20260513-batch-real-001,Q-FMR-0014,C,C,中央军委,0,30
20260513-batch-real-001,Q-FMR-0015,A,A,适航证,0,10
20260513-batch-real-001,Q-FMR-0015,B,B,生产许可证,0,20
20260513-batch-real-001,Q-FMR-0015,C,C,型号合格证,1,30
20260513-batch-real-001,Q-FMR-0016,A,A,设计．制造,0,10
20260513-batch-real-001,Q-FMR-0016,B,B,使用和维修,0,20
20260513-batch-real-001,Q-FMR-0016,C,C,设计．制造．使用和维修,1,30
20260513-batch-real-001,Q-FMR-0017,A,A,发动机．螺旋桨和航空器上的设备,1,10
20260513-batch-real-001,Q-FMR-0017,B,B,航空器．发动机．螺旋桨,0,20
20260513-batch-real-001,Q-FMR-0017,C,C,航空器．发动机,0,30
20260513-batch-real-001,Q-FMR-0018,A,A,适航证,0,10
20260513-batch-real-001,Q-FMR-0018,B,B,生产许可证,1,20
20260513-batch-real-001,Q-FMR-0018,C,C,型号合格证,0,30
20260513-batch-real-001,Q-FMR-0019,A,A,适航证,1,10
20260513-batch-real-001,Q-FMR-0019,B,B,经营许可证,0,20
20260513-batch-real-001,Q-FMR-0019,C,C,机场使用许可证,0,30
20260513-batch-real-001,Q-FMR-0020,A,A,①②③,1,10
20260513-batch-real-001,Q-FMR-0020,B,B,①②④,0,20
20260513-batch-real-001,Q-FMR-0020,C,C,③④,0,30
20260513-batch-real-001,Q-FMR-0021,A,A,1996 年 1 月 1 日,0,10
20260513-batch-real-001,Q-FMR-0021,B,B,1996 年 3 月 1 日,1,20
20260513-batch-real-001,Q-FMR-0021,C,C,1997 年 1 月 1 日,0,30
20260513-batch-real-001,Q-FMR-0022,A,A,2001 年 8 月 1 日零时起施行 B.2001 年 6 月 1 日零时起施行 C.2001 年 10 月 1 日零时起施行,1,10
20260513-batch-real-001,Q-FMR-0023,A,A,《中华人民共和国飞行基本规则》,0,10
20260513-batch-real-001,Q-FMR-0023,B,B,《中华人民共和国民用航空法》,1,20
20260513-batch-real-001,Q-FMR-0023,C,C,《中华人民共和国搜寻援救民用航空器的规定》,0,30
20260513-batch-real-001,Q-FMR-0024,A,A,③④,0,10
20260513-batch-real-001,Q-FMR-0024,B,B,①②,0,20
20260513-batch-real-001,Q-FMR-0024,C,C,①②③④,1,30
20260513-batch-real-001,Q-FMR-0025,A,A,空勤人员,0,10
20260513-batch-real-001,Q-FMR-0025,B,B,空勤人员和地面人员,1,20
20260513-batch-real-001,Q-FMR-0025,C,C,飞行人员和地面人员,0,30
20260513-batch-real-001,Q-FMR-0026,A,A,在飞行中直接操纵航空器和航空器上航行．通信等设备的人员,0,10
20260513-batch-real-001,Q-FMR-0026,B,B,机组,1,20
20260513-batch-real-001,Q-FMR-0026,C,C,机长和副驾驶,0,30
20260513-batch-real-001,Q-FMR-0027,A,A,民用航空器可以不进行国籍登记而投入运行,0,10
20260513-batch-real-001,Q-FMR-0027,B,B,民用航空器只能具有一国国籍,1,20
20260513-batch-real-001,Q-FMR-0027,C,C,自外国租赁的民用航空器不能申请我国国籍,0,30
20260513-batch-real-001,Q-FMR-0028,A,A,公司标志,0,10
20260513-batch-real-001,Q-FMR-0028,B,B,登记标志,1,20
20260513-batch-real-001,Q-FMR-0028,C,C,机型标志,0,30
20260513-batch-real-001,Q-FMR-0029,A,A,民航局下属司（局）,0,10
20260513-batch-real-001,Q-FMR-0029,B,B,中国航空器拥有者及驾驶员协会（中国 AOPA．）,1,20
20260513-batch-real-001,Q-FMR-0029,C,C,地区管理局,0,30
20260513-batch-real-001,Q-FMR-0030,A,A,民航局下属司（局）,1,10
20260513-batch-real-001,Q-FMR-0030,B,B,中国航空器拥有者及驾驶员协会（中国 AOPA．）,0,20
20260513-batch-real-001,Q-FMR-0030,C,C,地区管理局,0,30
20260513-batch-real-001,Q-FMR-0031,A,A,飞行人员相应的执照或合格证,0,10
20260513-batch-real-001,Q-FMR-0031,B,B,飞行记录薄,1,20
20260513-batch-real-001,Q-FMR-0031,C,C,民用航空器适航证书,0,30
20260513-batch-real-001,Q-FMR-0032,A,A,一年,1,10
20260513-batch-real-001,Q-FMR-0032,B,B,半年,0,20
20260513-batch-real-001,Q-FMR-0032,C,C,视其违规的情节轻重而定,0,30
20260513-batch-real-001,Q-FMR-0033,A,A,56,0,10
20260513-batch-real-001,Q-FMR-0033,B,B,44 C.100,1,20
20260513-batch-real-001,Q-FMR-0034,A,A,56 B.44 C.100,1,10
20260513-batch-real-001,Q-FMR-0035,A,A,120，500,0,10
20260513-batch-real-001,Q-FMR-0035,B,B,500，120,1,20
20260513-batch-real-001,Q-FMR-0035,C,C,100，50,0,30
20260513-batch-real-001,Q-FMR-0036,A,A,签派,0,10
20260513-batch-real-001,Q-FMR-0036,B,B,机长,0,20
20260513-batch-real-001,Q-FMR-0036,C,C,运行人,1,30
20260513-batch-real-001,Q-FMR-0037,A,A,具备无人机应急处理程序方面的技术,0,10
20260513-batch-real-001,Q-FMR-0037,B,B,在所申请的无人机上担任机长经历时间多于 100 小时,1,20
20260513-batch-real-001,Q-FMR-0037,C,C,在所申请的无人机上飞行经历不少于 100 小时,0,30
20260513-batch-real-001,Q-FMR-0038,A,A,在融合空域运行的小型无人机,0,10
20260513-batch-real-001,Q-FMR-0038,B,B,"充气体积在 4,600 立方米以上的遥控飞艇",0,20
20260513-batch-real-001,Q-FMR-0038,C,C,在隔离空域内超视距运行的无人机,1,30
20260513-batch-real-001,Q-FMR-0039,A,A,在融合空域运行的轻型无人机,0,10
20260513-batch-real-001,Q-FMR-0039,B,B,在融合空域运行的小型无人机,1,20
20260513-batch-real-001,Q-FMR-0039,C,C,在隔离空域内超视距运行的无人机,0,30
20260513-batch-real-001,Q-FMR-0040,A,A,航线运输执照,0,10
20260513-batch-real-001,Q-FMR-0040,B,B,私照,1,20
20260513-batch-real-001,Q-FMR-0040,C,C,商照,0,30
20260513-batch-real-001,Q-FMR-0041,A,A,航线运输执照,0,10
20260513-batch-real-001,Q-FMR-0041,B,B,私照,0,20
20260513-batch-real-001,Q-FMR-0041,C,C,商照,1,30
20260513-batch-real-001,Q-FMR-0042,A,A,商照和仪表等级,1,10
20260513-batch-real-001,Q-FMR-0042,B,B,私照,0,20
20260513-batch-real-001,Q-FMR-0042,C,C,商照,0,30
20260513-batch-real-001,Q-FMR-0043,A,A,航线运输执照,1,10
20260513-batch-real-001,Q-FMR-0043,B,B,商照,0,20
20260513-batch-real-001,Q-FMR-0043,C,C,商照和仪表等级,0,30
20260513-batch-real-001,Q-FMR-0044,A,A,航空单位负责人,0,10
20260513-batch-real-001,Q-FMR-0044,B,B,机长,1,20
20260513-batch-real-001,Q-FMR-0044,C,C,民航局及其地区管理局,0,30
20260513-batch-real-001,Q-FMR-0045,A,A,应当及时向管制单位报告，按照相关规定进行正确处置,0,10
20260513-batch-real-001,Q-FMR-0045,B,B,应当及时向签派或上级领导报告，按照相关规定进行正确处置,0,20
20260513-batch-real-001,Q-FMR-0045,C,C,有权对航空器进行处置,1,30
20260513-batch-real-001,Q-FMR-0046,A,A,标准大气压条件下平均平面,0,10
20260513-batch-real-001,Q-FMR-0046,B,B,标准大气压条件下假定海平面,1,20
20260513-batch-real-001,Q-FMR-0046,C,C,实际大气压条件下假定海平面,0,30
20260513-batch-real-001,Q-FMR-0047,A,A,航图网格最低飞行高度,0,10
20260513-batch-real-001,Q-FMR-0047,B,B,最低飞行安全高度,0,20
20260513-batch-real-001,Q-FMR-0047,C,C,最低飞行高度,1,30
20260513-batch-real-001,Q-FMR-0048,A,A,航线或航路走向．航空器性能．飞行区域以及航线的地形．天气和飞行情况等,0,10
20260513-batch-real-001,Q-FMR-0048,B,B,飞行任务的性质．航空器等级．飞行区域以及航线的地形．天气和飞行情况等,0,20
20260513-batch-real-001,Q-FMR-0048,C,C,飞行任务的性质．航空器性能．飞行区域以及航线的地形．天气和飞行情况等,1,30
20260513-batch-real-001,Q-FMR-0049,A,A,半年，一至三个月,0,10
20260513-batch-real-001,Q-FMR-0049,B,B,一至三个月，半年,0,20
20260513-batch-real-001,Q-FMR-0049,C,C,一至六个月，一至三个月,1,30
20260513-batch-real-001,Q-FMR-0051,A,A,15 时前,1,10
20260513-batch-real-001,Q-FMR-0051,B,B,16 时前,0,20
20260513-batch-real-001,Q-FMR-0051,C,C,17 时前,0,30
20260513-batch-real-001,Q-FMR-0052,A,A,地面风向风速,1,10
20260513-batch-real-001,Q-FMR-0052,B,B,机型,0,20
20260513-batch-real-001,Q-FMR-0052,C,C,进场航迹与跑道中心延长线夹角大小,0,30
20260513-batch-real-001,Q-FMR-0053,A,A,10 米,1,10
20260513-batch-real-001,Q-FMR-0053,B,B,20 米,0,20
20260513-batch-real-001,Q-FMR-0053,C,C,25 米,0,30
20260513-batch-real-001,Q-FMR-0054,A,A,自旋翼机起飞离地到着陆接地的瞬间,0,10
20260513-batch-real-001,Q-FMR-0054,B,B,自旋翼机起飞滑跑至着陆滑跑终止的瞬间,0,20
20260513-batch-real-001,Q-FMR-0054,C,C,自旋翼机旋翼开始转动至旋翼停止转动的瞬间,1,30
20260513-batch-real-001,Q-FMR-0055,A,A,10 分钟,0,10
20260513-batch-real-001,Q-FMR-0055,B,B,15 分钟,0,20
20260513-batch-real-001,Q-FMR-0055,C,C,20 分钟,1,30
20260513-batch-real-001,Q-FMR-0056,A,A,10 分钟,0,10
20260513-batch-real-001,Q-FMR-0056,B,B,20 分钟,0,20
20260513-batch-real-001,Q-FMR-0056,C,C,30 分钟,1,30
20260513-batch-real-001,Q-FMR-0057,A,A,10 分钟,0,10
20260513-batch-real-001,Q-FMR-0057,B,B,15 分钟,1,20
20260513-batch-real-001,Q-FMR-0057,C,C,20 分钟,0,30
20260513-batch-real-001,Q-FMR-0058,A,A,"云高不低于 100 米,能见度不小于 3 公里",0,10
20260513-batch-real-001,Q-FMR-0058,B,B,"云高不低于 150 米,能见度不小于 5 公里",0,20
20260513-batch-real-001,Q-FMR-0058,C,C,"云高不低于 200 米,能见度不小于 5 公里",1,30
20260513-batch-real-001,Q-FMR-0059,A,A,"云高距作业区的最高点不低于 150 米,能见度不小于 3 公里",0,10
20260513-batch-real-001,Q-FMR-0059,B,B,"云高距作业区的最高点不低于 200 米,能见度不小于 5 公里",0,20
20260513-batch-real-001,Q-FMR-0059,C,C,"云高距作业区的最高点不低于 300 米,能见度不小于 5 公里",1,30
20260513-batch-real-001,Q-FMR-0060,A,A,"云高不得低于 100 米,水平能见度不得小于 2 公里",0,10
20260513-batch-real-001,Q-FMR-0060,B,B,"云高不得低于 150 米,水平能见度不得小于 3 公里",0,20
20260513-batch-real-001,Q-FMR-0060,C,C,"云高不得低于 200 米,水平能见度不得小于 3 公里",1,30
20260513-batch-real-001,Q-FMR-0061,A,A,飞行中,0,10
20260513-batch-real-001,Q-FMR-0061,B,B,地面上．飞行模拟机或飞行训练器上,0,20
20260513-batch-real-001,Q-FMR-0061,C,C,飞行中．地面上，飞行模拟机或飞行练习器上,1,30
20260513-batch-real-001,Q-FMR-0062,A,A,②③,0,10
20260513-batch-real-001,Q-FMR-0062,B,B,①②③,1,20
20260513-batch-real-001,Q-FMR-0062,C,C,①③,0,30
20260513-batch-real-001,Q-FMR-0063,A,A,90,1,10
20260513-batch-real-001,Q-FMR-0063,B,B,60,0,20
20260513-batch-real-001,Q-FMR-0063,C,C,30,0,30
20260513-batch-real-001,Q-FMR-0064,A,A,18 周岁,1,10
20260513-batch-real-001,Q-FMR-0064,B,B,20 周岁,0,20
20260513-batch-real-001,Q-FMR-0064,C,C,21 周岁,0,30
20260513-batch-real-001,Q-FMR-0065,A,A,应当具有地面教员或飞行教员签注的已完成有关地面理论或飞行训练的证明,0,10
20260513-batch-real-001,Q-FMR-0065,B,B,应当具有地面教员和飞行教员推荐其参加考试的证明。,0,20
20260513-batch-real-001,Q-FMR-0065,C,C,以上二者缺一不可,1,30
20260513-batch-real-001,Q-FMR-0066,A,A,教学的内容．课时和日期,1,10
20260513-batch-real-001,Q-FMR-0066,B,B,教学的内容． 日期和机型,0,20
20260513-batch-real-001,Q-FMR-0066,C,C,教学的内容．课时﹑日期和机型,0,30
20260513-batch-real-001,Q-FMR-0067,A,A,具备无人机应急处理程序方面的技术,0,10
20260513-batch-real-001,Q-FMR-0067,B,B,在所申请的无人机上担任机长经历时间多于 100 小时,1,20
20260513-batch-real-001,Q-FMR-0067,C,C,在所申请的无人机上飞行经历不少于 100 小时,0,30
20260513-batch-real-001,Q-FMR-0068,A,A,由该教员在飞行经历记录本或者在学生驾驶员执照上签字而被授予单飞权利的每个人的姓名，包括每次签字的日期 以及所涉及的航空器型号,0,10
20260513-batch-real-001,Q-FMR-0068,B,B,教学的内容．课时﹑日期和航空器型号,1,20
20260513-batch-real-001,Q-FMR-0068,C,C,由该教员签字推荐参加理论考试或者实践考试的每个人的姓名，包括考试的种类． 日期和考试结果,0,30
20260513-batch-real-001,Q-FMR-0069,A,A,一年,0,10
20260513-batch-real-001,Q-FMR-0069,B,B,三年,1,20
20260513-batch-real-001,Q-FMR-0069,C,C,五年,0,30
20260513-batch-real-001,Q-FMR-0070,A,A,一年,1,10
20260513-batch-real-001,Q-FMR-0070,B,B,半年,0,20
20260513-batch-real-001,Q-FMR-0070,C,C,视其违规的情节轻重而定,0,30
20260513-batch-real-001,Q-FMR-0071,A,A,教学原理，所申请飞行教员合格证航空器类别的驾驶员．驾驶员机长合格证要求的航空知识，及所申请飞行教员合 格证等级要求的航空知识,1,10
20260513-batch-real-001,Q-FMR-0071,B,B,教学原理，所申请飞行教员合格证航空器类别的驾驶员．商用和航线驾驶员执照要求的航空知识，及所申请飞行教 员执照航空器类别的仪表等级要求的航空知识,0,20
20260513-batch-real-001,Q-FMR-0071,C,C,教学原理，所申请飞行教员执照航空器类别的私用．商用和航线驾驶员执照要求的航空知识,0,30
20260513-batch-real-001,Q-FMR-0072,A,A,亲自或委托具备飞行教员资格和权限的飞行教员对该学生驾驶员提供了本规则授予单飞权利所要求的飞行训练，确 认该学生驾驶员能够遵守飞行教员出于安全考虑而在飞行经历记录本上作出的任何限制，已经做好准备能够安全实施 单飞,0,10
20260513-batch-real-001,Q-FMR-0072,B,B,亲自对该学生驾驶员提供了本规则授予单飞权利所要求的飞行训练，确认该学生驾驶员能够遵守飞行教员出于安全 考虑而在飞行经历记录本上作出的任何限制，已经做好准备能够安全实施单飞,1,20
20260513-batch-real-001,Q-FMR-0072,C,C,亲自或委托具备飞行教员资格和权限的飞行教员对该学生驾驶员提供了本规则授予单飞权利所要求的飞行训练，确 认该学生驾驶员能够遵守飞行教员出于安全考虑而在飞行经历记录本上作出的任何限制，已经做好准备能够安全实施 单飞同时需得到检查教员的认可和批准,0,30
20260513-batch-real-001,Q-FMR-0073,A,A,飞行教员不得为获得 CCA61 部要求的执照．合格证．等级．运行许可．实践考试或者理论考试权利而为自己进行任 何签字,1,10
20260513-batch-real-001,Q-FMR-0073,B,B,除非具有局方委任的监察员或考试员资格，否则飞行教员不得为获得 CCA61 部要求的执照．合格证．等级．运行许 可．实践考试或者理论考试权利而为自己进行任何签字,0,20
20260513-batch-real-001,Q-FMR-0073,C,C,当存在特殊的情况或条件限制时，在获得特别授权和批准后，飞行教员可以为获得 CCA61 部要求的执照．合格 证．等级．运行许可．实践考试或者理论考试权利而为自己进行签字,0,30
20260513-batch-real-001,Q-FMR-0074,A,A,绝对不得飞入,0,10
20260513-batch-real-001,Q-FMR-0074,B,B,符合目视气象条件方可飞入,0,20
20260513-batch-real-001,Q-FMR-0074,C,C,按照国家规定经批准后方可飞入,1,30
20260513-batch-real-001,Q-FMR-0075,A,A,①②③,0,10
20260513-batch-real-001,Q-FMR-0075,B,B,①②③④,1,20
20260513-batch-real-001,Q-FMR-0075,C,C,①②④,0,30
20260513-batch-real-001,Q-FMR-0076,A,A,最高点,1,10
20260513-batch-real-001,Q-FMR-0076,B,B,最低点,0,20
20260513-batch-real-001,Q-FMR-0076,C,C,平均海拔,0,30
20260513-batch-real-001,Q-FMR-0077,A,A,米-6,0,10
20260513-batch-real-001,Q-FMR-0077,B,B,米-8,1,20
20260513-batch-real-001,Q-FMR-0077,C,C,米-26,0,30
20260513-batch-real-001,Q-FMR-0078,A,A,20，50,1,10
20260513-batch-real-001,Q-FMR-0078,B,B,25，40,0,20
20260513-batch-real-001,Q-FMR-0078,C,C,30，60,0,30
20260513-batch-real-001,Q-FMR-0079,A,A,半年,0,10
20260513-batch-real-001,Q-FMR-0079,B,B,一年,1,20
20260513-batch-real-001,Q-FMR-0079,C,C,两年,0,30
20260513-batch-real-001,Q-FMR-0080,A,A,随时随机携带,1,10
20260513-batch-real-001,Q-FMR-0080,B,B,存放备查,0,20
20260513-batch-real-001,Q-FMR-0080,C,C,作为售出证明,0,30
20260513-batch-real-001,Q-FMR-0081,A,A,至少一年一次,1,10
20260513-batch-real-001,Q-FMR-0081,B,B,两年一次,0,20
20260513-batch-real-001,Q-FMR-0081,C,C,视无人机状态确定,0,30
20260513-batch-real-001,Q-FMR-0082,A,A,飞机制造商,0,10
20260513-batch-real-001,Q-FMR-0082,B,B,认证的检查授权人员,0,20
20260513-batch-real-001,Q-FMR-0082,C,C,无人机飞行员,1,30
20260513-batch-real-001,Q-FMR-0083,A,A,制造商的最新维护手册,1,10
20260513-batch-real-001,Q-FMR-0083,B,B,随机附带维护手册,0,20
20260513-batch-real-001,Q-FMR-0083,C,C,无人机飞行员经验,0,30
20260513-batch-real-001,Q-FMR-0084,A,A,无人机安全飞行,0,10
20260513-batch-real-001,Q-FMR-0084,B,B,无人机注册证书,1,20
20260513-batch-real-001,Q-FMR-0084,C,C,无人机维修,0,30
20260513-batch-real-001,Q-FMR-0085,A,A,必须取得当地政府民航主管部门颁发的维修许可证,0,10
20260513-batch-real-001,Q-FMR-0085,B,B,不必申请维修许可证,0,20
20260513-batch-real-001,Q-FMR-0085,C,C,必须取得我国民航总局颁发的维修许可证,1,30
20260513-batch-real-001,Q-FMR-0086,A,A,飞行中允许的最大过载,1,10
20260513-batch-real-001,Q-FMR-0086,B,B,起飞时允许的最大过载,0,20
20260513-batch-real-001,Q-FMR-0086,C,C,着陆时允许的最大过载,0,30
20260513-batch-real-001,Q-FMR-0087,A,A,视觉,0,10
20260513-batch-real-001,Q-FMR-0087,B,B,听觉,0,20
20260513-batch-real-001,Q-FMR-0087,C,C,前庭觉,1,30
20260513-batch-real-001,Q-FMR-0088,A,A,飞行航迹,0,10
20260513-batch-real-001,Q-FMR-0088,B,B,地平仪,1,20
20260513-batch-real-001,Q-FMR-0088,C,C,遥控指令区,0,30
20260513-batch-real-001,Q-FMR-0089,A,A,检查电瓶和店门是否关掉,0,10
20260513-batch-real-001,Q-FMR-0089,B,B,油车是否接地,0,20
20260513-batch-real-001,Q-FMR-0089,C,C,将飞机加油车和加油枪用连线接地,1,30
20260513-batch-real-001,Q-FMR-0090,A,A,曝光偏差,1,10
20260513-batch-real-001,Q-FMR-0090,B,B,起飞前动力电池的保温,0,20
20260513-batch-real-001,Q-FMR-0090,C,C,飞行器与摄像器材防止冰冻,0,30
20260513-batch-real-001,Q-FMR-0091,A,A,从日出到日落之间的飞行,1,10
20260513-batch-real-001,Q-FMR-0091,B,B,从天黑到天亮之间的飞行,0,20
20260513-batch-real-001,Q-FMR-0091,C,C,从最亮到日落之间的飞行,0,30
20260513-batch-real-001,Q-FMR-0092,A,A,从天黑到天亮之间的飞行,0,10
20260513-batch-real-001,Q-FMR-0092,B,B,从日落到天亮之间的飞行,0,20
20260513-batch-real-001,Q-FMR-0092,C,C,从日落到日出之间的飞行,1,30
20260513-batch-real-001,Q-FMR-0093,A,A,在模拟器实施系统检查程序，不少于 1 小时,0,10
20260513-batch-real-001,Q-FMR-0093,B,B,在实物训练系统实施系统检查程序，不少于 3 小时,0,20
20260513-batch-real-001,Q-FMR-0093,C,C,取得仪表资格,1,30
20260513-batch-real-001,Q-FMR-0093,A,A,有参与研制飞行模拟器经历,0,40
20260513-batch-real-001,Q-FMR-0093,B,B,在实物训练系统实施正常飞行程序指挥，不少于 10 小时,0,50
20260513-batch-real-001,Q-FMR-0093,C,C,在模拟器实施正常飞行程序指挥，不少于 3 小时,1,60
20260513-batch-real-001,Q-FMR-0093,A,A,在模拟器实施应急飞行程序指挥，包括规避航空器、发动机故障、链路丢失、应急回收、迫降等，不少于 3 小时,0,70
20260513-batch-real-001,Q-FMR-0093,B,B,在模拟器实施正常飞行程序检查，不少于 3 小时,0,80
20260513-batch-real-001,Q-FMR-0093,C,C,在实物训练系统实施正常飞行程序检查，不少于 10 小时,1,90
20260513-batch-real-001,Q-FMR-0093,A,A,在模拟器实施应急飞行程序操作，包括发动机故障、链路丢失、应急回收、迫降等，不少于 3 小时,0,100
20260513-batch-real-001,Q-FMR-0093,B,B,在模拟器实施正常飞行程序指挥，不少于 3 小时,0,110
20260513-batch-real-001,Q-FMR-0093,C,C,在实物训练系统实施正常飞行程序指挥，不少于 10 小时,1,120
20260513-batch-real-001,Q-FMR-0093,A,A,在模拟器实施飞行前检查，不少于 1 小时,0,130
20260513-batch-real-001,Q-FMR-0093,B,B,在实物训练系统实施飞行前检查程序，不少于 3 小时,0,140
20260513-batch-real-001,Q-FMR-0093,C,C,在实物训练系统实施应急飞行程序指挥，包括规避航空器、发动机故障、链路丢失、应急回收、迫降等，不少于 10 小时,1,150
20260513-batch-real-001,Q-FMR-0093,A,A,在模拟器实施正常飞行程序操作，不少于 3 小时,0,160
20260513-batch-real-001,Q-FMR-0093,B,B,在实物训练系统实施正常飞行程序操作，不少于 10 小时,0,170
20260513-batch-real-001,Q-FMR-0093,C,C,在模拟器实施应急飞行程序指挥，包括规避航空器、发动机故障、链路丢失、应急回收、迫降等，不少于 3 小时,1,180
20260513-batch-real-001,Q-FMR-0093,A,A,①③,0,190
20260513-batch-real-001,Q-FMR-0093,B,B,①②③,0,200
20260513-batch-real-001,Q-FMR-0093,C,C,②③,1,210
20260513-batch-real-001,Q-FMR-0093,A,A,副驾驶时间,0,220
20260513-batch-real-001,Q-FMR-0093,B,B,带飞时间,0,230
20260513-batch-real-001,Q-FMR-0093,C,C,机长时间,1,240
20260513-batch-real-001,Q-FMR-0093,A,A,1 个月,0,250
20260513-batch-real-001,Q-FMR-0093,B,B,3 个月,0,260
20260513-batch-real-001,Q-FMR-0093,C,C,半年,1,270
20260513-batch-real-001,Q-FMR-0093,A,A,5 米 B.10 米 C.15 米,0,280
20260513-batch-real-001,Q-FMR-0093,A,A,①②④,0,290
20260513-batch-real-001,Q-FMR-0093,B,B,①②③④ C.②③④,0,300
20260513-batch-real-001,Q-FMR-0093,A,A,两者都有,0,310
20260513-batch-real-001,Q-FMR-0093,B,B,被动反馈系统是指航空器被雷达、ADS-B 系统、北斗等手段从地面进行监视的系统，该反馈信息不经过运营人,0,320
20260513-batch-real-001,Q-FMR-0093,C,C,主动反馈系统，是指运营人主动将航空器的运行信息发送给监视系统,1,330
20260513-batch-real-001,Q-FMR-0093,A,A,3 到 6 个月,0,340
20260513-batch-real-001,Q-FMR-0093,B,B,1 到 6 个月,0,350
20260513-batch-real-001,Q-FMR-0093,C,C,1 到 3 个月,1,360
20260513-batch-real-001,Q-FMR-0093,A,A,①②,0,370
20260513-batch-real-001,Q-FMR-0093,B,B,①③,0,380
20260513-batch-real-001,Q-FMR-0093,C,C,①②③,1,390
20260513-batch-real-001,Q-FMR-0093,A,A,①②③,0,400
20260513-batch-real-001,Q-FMR-0093,B,B,①③④,0,410
20260513-batch-real-001,Q-FMR-0093,C,C,①②③④,1,420
20260513-batch-real-001,Q-FMR-0093,A,A,①②③ B.②③,0,430
20260513-batch-real-001,Q-FMR-0093,C,C,①②,1,440
20260513-batch-real-001,Q-FMR-0093,A,A,2018 年 12 月 29 日 B.1995 年 10 月 30 日 C.1996 年 3 月 1 日,0,450
20260513-batch-real-001,Q-FMR-0093,A,A,不少于 5 小时；不少于 10 小时，不超过 22 小时,0,460
20260513-batch-real-001,Q-FMR-0093,B,B,不少于 15 小时；不少于 5 小时，不超过 22 小时,0,470
20260513-batch-real-001,Q-FMR-0093,C,C,不少于 5 小时；不少于 15 小时，不超过 22 小时,1,480
20260513-batch-real-001,Q-FMR-0093,A,A,不少于 5 小时；不少于 10 小时，不超过 22 小时,0,490
20260513-batch-real-001,Q-FMR-0093,B,B,不少于 15 小时；不少于 10 小时，不超过 28 小时,0,500
20260513-batch-real-001,Q-FMR-0093,C,C,不少于 5 小时；不少于 15 小时，不超过 28 小时,1,510
20260513-batch-real-001,Q-FMR-0093,A,A,不少于 6 小时；不少于 16 小时，不超过 8 小时,0,520
20260513-batch-real-001,Q-FMR-0093,B,B,不少于 15 小时；不少于 5 小时，不超过 22 小时,0,530
20260513-batch-real-001,Q-FMR-0093,C,C,不少于 5 小时；不少于 15 小时，不超过 22 小时,1,540
20260513-batch-real-001,Q-FMR-0093,A,A,不少于 5 小时；不少于 10 小时，不超过 22 小时,0,550
20260513-batch-real-001,Q-FMR-0093,B,B,不少于 15 小时；不少于 10 小时，不超过 28 小时,0,560
20260513-batch-real-001,Q-FMR-0093,C,C,不少于 6 小时；不少于 20 小时，不超过 12 小时,1,570
20260513-batch-real-001,Q-FMR-0093,A,A,2015 年 12 月 29 日,0,580
20260513-batch-real-001,Q-FMR-0093,B,B,2015 年 11 月 13 日,0,590
20260513-batch-real-001,Q-FMR-0093,C,C,2017 年 11 月 29 日,1,600
20260513-batch-real-001,Q-FMR-0093,A,A,2015 年 11 月 1 日 B.2017 年 1 月 1 日 C.2017 年 5 月 16 日,0,610
20260513-batch-real-001,Q-FMR-0093,A,A,最大起飞重量不低于 250 克,0,620
20260513-batch-real-001,Q-FMR-0093,B,B,最大起飞重量不高于 7 公斤的视距内运行,0,630
20260513-batch-real-001,Q-FMR-0093,C,C,空机重量超过 250 克,1,640
20260513-batch-real-001,Q-FMR-0093,A,A,驾驶员姓名、有效证件号码、联系方式,0,650
20260513-batch-real-001,Q-FMR-0093,B,B,拥有者姓名、有效证件号码、使用目的,0,660
20260513-batch-real-001,Q-FMR-0093,C,C,拥有者姓名、有效证件号码、工作单位、联系方式,1,670
20260513-batch-real-001,Q-FMR-0093,A,A,150 公斤 20 米,0,680
20260513-batch-real-001,Q-FMR-0093,B,B,5700 公斤 20 米,0,690
20260513-batch-real-001,Q-FMR-0093,C,C,150 公斤 15 米,1,700
20260513-batch-real-001,Q-FMR-0093,A,A,在融合空城运行的 IV 级别无人机,0,710
20260513-batch-real-001,Q-FMR-0093,B,B,视距内运行的Ⅱ类无人机,0,720
20260513-batch-real-001,Q-FMR-0093,C,C,超视距运行的 I 类无人机,1,730
20260513-batch-real-001,Q-FMR-0093,A,A,①②④,0,740
20260513-batch-real-001,Q-FMR-0093,B,B,①③④,0,750
20260513-batch-real-001,Q-FMR-0093,C,C,①②③④,1,760
20260513-batch-real-001,Q-FMR-0093,A,A,②③,0,770
20260513-batch-real-001,Q-FMR-0093,B,B,②,0,780
20260513-batch-real-001,Q-FMR-0093,C,C,①②③,1,790
20260513-batch-real-001,Q-FMR-0093,A,A,①②③ B.①②,0,800
20260513-batch-real-001,Q-FMR-0093,C,C,①③,1,810
20260513-batch-real-001,Q-FMR-0093,A,A,接受了相应理论知识及飞行技能的培训或具备相应的经验，并向局方或局方授权部门,0,820
20260513-batch-real-001,Q-FMR-0093,B,B,持有民用无人机驾驶员合格证并具有相应等级,0,830
20260513-batch-real-001,Q-FMR-0093,C,C,以上都有,1,840
20260513-batch-real-001,Q-FMR-0093,A,A,半年,0,850
20260513-batch-real-001,Q-FMR-0093,B,B,一年,0,860
20260513-batch-real-001,Q-FMR-0093,C,C,两年,1,870
20260513-batch-real-001,Q-FMR-0093,A,A,商照,0,880
20260513-batch-real-001,Q-FMR-0093,B,B,航线运输执照,0,890
20260513-batch-real-001,Q-FMR-0093,C,C,商照和仪表等级,1,900
20260513-batch-real-001,Q-FMR-0093,A,A,①③④,0,910
20260513-batch-real-001,Q-FMR-0093,B,B,①②④,0,920
20260513-batch-real-001,Q-FMR-0093,C,C,①②③④,1,930
20260513-batch-real-001,Q-FMR-0093,A,A,试验飞行可经批准于人口稠密区、集镇或居住区的上空或者任何露天公众集会上空进行,0,940
20260513-batch-real-001,Q-FMR-0093,B,B,禁止无人机在未获得特殊批准下试验飞行,0,950
20260513-batch-real-001,Q-FMR-0093,C,C,应在空中交通不繁忙的开阔水面或人口稀少区域上空实施,1,960
20260513-batch-real-001,Q-FMR-0093,A,A,不包含载荷的无人机重量,0,970
20260513-batch-real-001,Q-FMR-0093,B,B,不包含载荷、电池和燃料的无人机重量,0,980
20260513-batch-real-001,Q-FMR-0093,C,C,不包含载荷、燃料的无人机重量,1,990
20260513-batch-real-001,Q-FMR-0093,A,A,Ⅴ类,0,1000
20260513-batch-real-001,Q-FMR-0093,B,B,Ⅳ类,0,1010
20260513-batch-real-001,Q-FMR-0093,C,C,Ⅵ类,1,1020
20260513-batch-real-001,Q-FMR-0093,A,A,②③,0,1030
20260513-batch-real-001,Q-FMR-0093,B,B,①③,0,1040
20260513-batch-real-001,Q-FMR-0093,C,C,①②③,1,1050
20260513-batch-real-001,Q-OP-0001,A,A,顺风起降,0,10
20260513-batch-real-001,Q-OP-0001,B,B,逆风起降,1,20
20260513-batch-real-001,Q-OP-0001,C,C,侧风起降,0,30
20260513-batch-real-001,Q-OP-0002,A,A,飞机主轮接地就应及时踩刹车,0,10
20260513-batch-real-001,Q-OP-0002,B,B,滑跑速度大，刹车应重一些,0,20
20260513-batch-real-001,Q-OP-0002,C,C,随滑跑速度减小逐渐增大刹车压力,1,30
20260513-batch-real-001,Q-OP-0003,A,A,粗猛刹车是指刹车过早且过重，导致机轮严重打滑,1,10
20260513-batch-real-001,Q-OP-0003,B,B,粗猛刹车是指操纵刹车太快,0,20
20260513-batch-real-001,Q-OP-0003,C,C,粗猛刹车可以增大刹车效果，只是机轮磨损大一些,0,30
20260513-batch-real-001,Q-OP-0004,A,A,滑跑刹车机轮卡滞是因为地面摩擦太大,0,10
20260513-batch-real-001,Q-OP-0004,B,B,机轮卡滞又叫做拖胎、打滑,1,20
20260513-batch-real-001,Q-OP-0004,C,C,严重卡滞虽然刹车效率高但不安全,0,30
20260513-batch-real-001,Q-OP-0005,A,A,始终保持较大刹车压力的过程,0,10
20260513-batch-real-001,Q-OP-0005,B,B,尽量增大阻滚力矩的刹车过程,0,20
20260513-batch-real-001,Q-OP-0005,C,C,使刹车力矩接近而不超过地面结合力矩的刹车过程,1,30
20260513-batch-real-001,Q-OP-0006,A,A,地面检查时必须刹住飞机,0,10
20260513-batch-real-001,Q-OP-0006,B,B,地面试车增大功率时防止飞机滑动,1,20
20260513-batch-real-001,Q-OP-0006,C,C,地面装载及检查时防止飞机晃动,0,30
20260513-batch-real-001,Q-OP-0007,A,A,主要是为了地面拖飞机,0,10
20260513-batch-real-001,Q-OP-0007,B,B,保证飞机滑行转弯和修正滑跑方向,1,20
20260513-batch-real-001,Q-OP-0007,C,C,前轮摆振时减小受力,0,30
20260513-batch-real-001,Q-OP-0008,A,A,风沿着迎风侧平稳定地向上流动,1,10
20260513-batch-real-001,Q-OP-0008,B,B,风沿着迎风侧湍流逐渐增加,0,20
20260513-batch-real-001,Q-OP-0008,C,C,风沿着背风侧平稳地向下流动,0,30
20260513-batch-real-001,Q-OP-0009,A,A,链路设备型号,1,10
20260513-batch-real-001,Q-OP-0009,B,B,飞行摇杆舵面及节风门反馈检查,0,20
20260513-batch-real-001,Q-OP-0009,C,C,外部控制盒舵面及节风门反馈检查,0,30
20260513-batch-real-001,Q-OP-0010,A,A,起降阶段,1,10
20260513-batch-real-001,Q-OP-0010,B,B,巡航阶段,0,20
20260513-batch-real-001,Q-OP-0010,C,C,滑跑阶段,0,30
20260513-batch-real-001,Q-OP-0011,A,A,水平尾翼产生,0,10
20260513-batch-real-001,Q-OP-0011,B,B,垂直尾翼产生,0,20
20260513-batch-real-001,Q-OP-0011,C,C,机翼产生,1,30
20260513-batch-real-001,Q-OP-0012,A,A,空气的流速,0,10
20260513-batch-real-001,Q-OP-0012,B,B,在翼表面流动长度,0,20
20260513-batch-real-001,Q-OP-0012,C,C,空气比重,1,30
20260513-batch-real-001,Q-OP-0013,A,A,保持不变,0,10
20260513-batch-real-001,Q-OP-0013,B,B,向左转,1,20
20260513-batch-real-001,Q-OP-0013,C,C,向右转,0,30
20260513-batch-real-001,Q-OP-0014,A,A,飞机上升轨迹与水平线之间的夹角,1,10
20260513-batch-real-001,Q-OP-0014,B,B,飞机立轴与水平线之间的夹角,0,20
20260513-batch-real-001,Q-OP-0014,C,C,飞机横轴与水平线之间的夹角,0,30
20260513-batch-real-001,Q-OP-0015,A,A,翼梢出现较强的漩涡，产生很大的诱导阻力,0,10
20260513-batch-real-001,Q-OP-0015,B,B,由于迎角达到临界迎角，造成机翼上表面附面层大部分分离,1,20
20260513-batch-real-001,Q-OP-0015,C,C,由于机翼表面粗糙，使附面层由层流变为紊流,0,30
20260513-batch-real-001,Q-OP-0016,A,A,操控无人机的人,0,10
20260513-batch-real-001,Q-OP-0016,B,B,协助操控无人机的人,0,20
20260513-batch-real-001,Q-OP-0016,C,C,负责整个无人机系统运行和安全的驾驶员,1,30
20260513-batch-real-001,Q-OP-0017,A,A,悬停时的姿态是各气动力和力矩以及重量．重心配平的结果，是唯一的,0,10
20260513-batch-real-001,Q-OP-0017,B,B,在悬停中，要保持直升机没有前后移位，必须使纵向力和俯仰力矩平衡,0,20
20260513-batch-real-001,Q-OP-0017,C,C,悬停时气动力自动保持平衡，无需频繁操纵,1,30
20260513-batch-real-001,Q-OP-0018,A,A,飞行员不应以垂直上升作为主要的飞行方式,1,10
20260513-batch-real-001,Q-OP-0018,B,B,垂直上升中，保持直升机状态比较容易,0,20
20260513-batch-real-001,Q-OP-0018,C,C,要进入回避区,0,30
20260513-batch-real-001,Q-OP-0019,A,A,要严格防止下降率过大,0,10
20260513-batch-real-001,Q-OP-0019,B,B,飞行员应把垂直下降作为主要飞行方式,1,20
20260513-batch-real-001,Q-OP-0019,C,C,在海上或低能见度条件下作垂直下降，操纵要格外谨慎,0,30
20260513-batch-real-001,Q-OP-0020,A,A,在小速度平飞时，高度增加，诱阻功率增大较多，而废阻功率减小较少，因此，平飞所需功率增大。在大速度平飞 时，高度增加，诱阻功率增大程度减小，而废阻功率减小程度增大，平飞所需功率有所减小。,0,10
20260513-batch-real-001,Q-OP-0020,B,B,直升机废阻力面积越大，飞行速度越快。,1,20
20260513-batch-real-001,Q-OP-0020,C,C,随飞机重量的增大，平飞速度范围缩小,0,30
20260513-batch-real-001,Q-OP-0022,A,A,当飞行速度达到盘旋速度时（通常取 200 公里/小时），应协调一致地向盘旋方向压杆、蹬舵,0,10
20260513-batch-real-001,Q-OP-0022,B,B,在盘旋中保持好高度有助于保持盘旋速度，若高度升高，为了保持等高就要向前顶杆，这样就会使速度增大,0,20
20260513-batch-real-001,Q-OP-0022,C,C,改出盘旋，首先要消除向心力，故应向盘旋方向压杆，减小坡度，使旋翼拉力的水平分力减小,1,30
20260513-batch-real-001,Q-OP-0024,A,A,可能使刹车装置失效,0,10
20260513-batch-real-001,Q-OP-0024,B,B,可能导致滑跑时拖胎,0,20
20260513-batch-real-001,Q-OP-0024,C,C,使机轮起转力矩增大而损坏,1,30
20260513-batch-real-001,Q-OP-0025,A,A,放襟翼产生的空气阻力,0,10
20260513-batch-real-001,Q-OP-0025,B,B,刹车时增大的地面摩擦力,1,20
20260513-batch-real-001,Q-OP-0025,C,C,发动机的反推力,0,30
20260513-batch-real-001,Q-OP-0026,A,A,在一定限度内随刹车力矩增大而增大,1,10
20260513-batch-real-001,Q-OP-0026,B,B,增大阻滚力矩就能增大地面摩擦力,0,20
20260513-batch-real-001,Q-OP-0026,C,C,刹车越重效果越好,0,30
20260513-batch-real-001,Q-OP-0027,A,A,常规跑到,0,10
20260513-batch-real-001,Q-OP-0027,B,B,向上带斜坡的地形,1,20
20260513-batch-real-001,Q-OP-0027,C,C,向下带斜坡的地形,0,30
20260513-batch-real-001,Q-OP-0028,A,A,小桨叶角及低转速,0,10
20260513-batch-real-001,Q-OP-0028,B,B,大桨叶角及高转速,0,20
20260513-batch-real-001,Q-OP-0028,C,C,小桨叶高转速,1,30
20260513-batch-real-001,Q-OP-0029,A,A,在地面发射时，无人机使用较为广泛的发射方式是母机空中发射与零长发射,0,10
20260513-batch-real-001,Q-OP-0029,B,B,无人机安装在轨道式发射装置上，在压缩空气、橡筋或液压等弹射装置作用下起飞，无人机飞离发射装置后，在辅 助发动机作用下完成飞行任务,0,20
20260513-batch-real-001,Q-OP-0029,C,C,容器式发射装置是一种封闭式发射装置，兼备发射与贮存无人机功能。它有单室式和多室式两种类型,1,30
20260513-batch-real-001,Q-OP-0030,A,A,增大,0,10
20260513-batch-real-001,Q-OP-0030,B,B,减小,1,20
20260513-batch-real-001,Q-OP-0030,C,C,先减小后增大,0,30
20260513-batch-real-001,Q-OP-0031,A,A,回收伞均由主伞、减速伞和阻力伞三级伞组成,0,10
20260513-batch-real-001,Q-OP-0031,B,B,当无人机完成任务后，地面站发遥控指令给无人机或由无人机自主执行，使无人机减速，降高及发动机停车,1,20
20260513-batch-real-001,Q-OP-0031,C,C,无人机悬挂在主伞下慢慢着陆，机下触地开关接通，使主伞收回无人机内，这是对降落伞回收过程最简单的描述,0,30
20260513-batch-real-001,Q-OP-0032,A,A,增大迎角，使升力的增加大于阻力的增加,0,10
20260513-batch-real-001,Q-OP-0032,B,B,增大迎角，以保持升力不变,1,20
20260513-batch-real-001,Q-OP-0032,C,C,减小迎角，以保持阻力不变,0,30
20260513-batch-real-001,Q-OP-0033,A,A,相等,1,10
20260513-batch-real-001,Q-OP-0033,B,B,升力大于重力,0,20
20260513-batch-real-001,Q-OP-0033,C,C,升力小于重力,0,30
20260513-batch-real-001,Q-OP-0034,A,A,起飞、建立航线,0,10
20260513-batch-real-001,Q-OP-0034,B,B,着陆目测，着陆,0,20
20260513-batch-real-001,Q-OP-0034,C,C,任务飞行,1,30
20260513-batch-real-001,Q-OP-0035,A,A,有人机是从飞机观察着陆场，无人机是从着陆场观察飞机,1,10
20260513-batch-real-001,Q-OP-0035,B,B,有人机为第三视角，无人机为第一视角,0,20
20260513-batch-real-001,Q-OP-0035,C,C,有人机驾驶员通过地面人员通告仪表参考值，无人机起降操作手可自行观察,0,30
20260513-batch-real-001,Q-OP-0036,A,A,机场气温较高时，跑道上升气流明显，会导致下滑距离增长,1,10
20260513-batch-real-001,Q-OP-0036,B,B,机场气温较高时，跑道下降气流明显，会导致下滑距离增长,0,20
20260513-batch-real-001,Q-OP-0036,C,C,机场气温较高时，跑道下降气流明显，会导致下滑距离减小,0,30
20260513-batch-real-001,Q-OP-0037,A,A,检讨飞行执行过程,0,10
20260513-batch-real-001,Q-OP-0037,B,B,填写飞行日志或记录本,0,20
20260513-batch-real-001,Q-OP-0037,C,C,规划飞行航线,1,30
20260513-batch-real-001,Q-OP-0038,A,A,发动机稳定性检查,0,10
20260513-batch-real-001,Q-OP-0038,B,B,发动机生产日期,1,20
20260513-batch-real-001,Q-OP-0038,C,C,发动机油路检查,0,30
20260513-batch-real-001,Q-OP-0039,A,A,柔和减小俯仰角,0,10
20260513-batch-real-001,Q-OP-0039,B,B,柔和增大俯仰角,1,20
20260513-batch-real-001,Q-OP-0039,C,C,迅速停止爬升,0,30
20260513-batch-real-001,Q-OP-0040,A,A,飞机接地后，马上刹车,0,10
20260513-batch-real-001,Q-OP-0040,B,B,飞机接地后，待速度降到安全范围内刹车,1,20
20260513-batch-real-001,Q-OP-0040,C,C,飞机接地后，待飞机滑停后再刹车,0,30
20260513-batch-real-001,Q-OP-0041,A,A,迅速将油门推至大车并快速拉杆起飞,0,10
20260513-batch-real-001,Q-OP-0041,B,B,逐渐将油门推至大车并在速度达到起飞速度时柔和拉杆起飞,1,20
20260513-batch-real-001,Q-OP-0041,C,C,将油门迅速推至大车，等飞机速度积累到足够使其自动起飞,0,30
20260513-batch-real-001,Q-OP-0042,A,A,减速下滑、拉平接地和减速滑跑三个阶段,0,10
20260513-batch-real-001,Q-OP-0042,B,B,下滑、拉平、平飘、接地和着陆滑跑五个阶段,1,20
20260513-batch-real-001,Q-OP-0042,C,C,下滑、接平、接地、着陆滑跑和刹车五个阶段,0,30
20260513-batch-real-001,Q-OP-0043,A,A,滑跑距离将减小,1,10
20260513-batch-real-001,Q-OP-0043,B,B,滑跑距离将增大,0,20
20260513-batch-real-001,Q-OP-0043,C,C,滑跑距离不变,0,30
20260513-batch-real-001,Q-OP-0044,A,A,左偏,0,10
20260513-batch-real-001,Q-OP-0044,B,B,右偏,1,20
20260513-batch-real-001,Q-OP-0044,C,C,不必干涉,0,30
20260513-batch-real-001,Q-OP-0045,A,A,大油门保证飞机速度,0,10
20260513-batch-real-001,Q-OP-0045,B,B,小油门便于飞机下降,1,20
20260513-batch-real-001,Q-OP-0045,C,C,油门置于中间状态留足操纵空间,0,30
20260513-batch-real-001,Q-OP-0046,A,A,逐渐推至大车状态,1,10
20260513-batch-real-001,Q-OP-0046,B,B,保持小油门,0,20
20260513-batch-real-001,Q-OP-0046,C,C,逐渐收至小车状态,0,30
20260513-batch-real-001,Q-OP-0047,A,A,飞机接地后，为保证安全一般将油门收为零,1,10
20260513-batch-real-001,Q-OP-0047,B,B,飞机接地后，将油门保持大车状态，准备随时复飞,0,20
20260513-batch-real-001,Q-OP-0047,C,C,飞机接地后，着陆滑跑一段时间再收油门,0,30
20260513-batch-real-001,Q-OP-0048,A,A,适时、柔和,1,10
20260513-batch-real-001,Q-OP-0048,B,B,适时、快速,0,20
20260513-batch-real-001,Q-OP-0048,C,C,跟着感觉操作,0,30
20260513-batch-real-001,Q-OP-0049,A,A,精神过分紧张，对着陆存有顾虑，因而注意力分配不当，操作动作犹豫不适量,0,10
20260513-batch-real-001,Q-OP-0049,B,B,着陆条件不好,0,20
20260513-batch-real-001,Q-OP-0049,C,C,飞机型号不同,1,30
20260513-batch-real-001,Q-OP-0050,A,A,飞机稍微偏离期望下划线,0,10
20260513-batch-real-001,Q-OP-0050,B,B,飞机油料不足,0,20
20260513-batch-real-001,Q-OP-0050,C,C,跑道上有飞机或其他障碍物影响着陆安全时,1,30
20260513-batch-real-001,Q-OP-0051,A,A,飞行器外观检查,0,10
20260513-batch-real-001,Q-OP-0051,B,B,燃油动力飞行器需要称重检查,0,20
20260513-batch-real-001,Q-OP-0051,C,C,气象检查,1,30
20260513-batch-real-001,Q-OP-0052,A,A,发动机油量检查,0,10
20260513-batch-real-001,Q-OP-0052,B,B,发动机启动怠速转速、震动、稳定性检查,0,20
20260513-batch-real-001,Q-OP-0052,C,C,发动机生产厂家检查,1,30
20260513-batch-real-001,Q-OP-0053,A,A,下滑和拉平,0,10
20260513-batch-real-001,Q-OP-0053,B,B,平飘接地和着陆滑跑,0,20
20260513-batch-real-001,Q-OP-0053,C,C,下降和定高,1,30
20260513-batch-real-001,Q-OP-0054,A,A,飞行员,0,10
20260513-batch-real-001,Q-OP-0054,B,B,起降驾驶员,0,20
20260513-batch-real-001,Q-OP-0054,C,C,飞行驾驶员,1,30
20260513-batch-real-001,Q-OP-0055,A,A,飞行员,0,10
20260513-batch-real-001,Q-OP-0055,B,B,起降驾驶员,1,20
20260513-batch-real-001,Q-OP-0055,C,C,飞行驾驶员,0,30
20260513-batch-real-001,Q-OP-0056,A,A,无人机着陆性能,0,10
20260513-batch-real-001,Q-OP-0056,B,B,无人机速度范围,0,20
20260513-batch-real-001,Q-OP-0056,C,C,无人机升限,1,30
20260513-batch-real-001,Q-OP-0057,A,A,海平面不同重量下的速度范围,0,10
20260513-batch-real-001,Q-OP-0057,B,B,极限高度内的速度范围,0,20
20260513-batch-real-001,Q-OP-0057,C,C,极限高度外的速度范围,1,30
20260513-batch-real-001,Q-OP-0058,A,A,俯冲最大速度,0,10
20260513-batch-real-001,Q-OP-0058,B,B,不同高度、重量下的失速速度,0,20
20260513-batch-real-001,Q-OP-0058,C,C,静止时飞机零漂速度,1,30
20260513-batch-real-001,Q-OP-0059,A,A,大车状态的连续工作时间,0,10
20260513-batch-real-001,Q-OP-0059,B,B,稳定怠速,0,20
20260513-batch-real-001,Q-OP-0059,C,C,发动机生产日期,1,30
20260513-batch-real-001,Q-OP-0060,A,A,适时定高飞行，待各项指标正常后再继续爬升,1,10
20260513-batch-real-001,Q-OP-0060,B,B,发现发动机各参数不正常时迅速转下降,0,20
20260513-batch-real-001,Q-OP-0060,C,C,不必操纵，信任发动机自身性能,0,30
20260513-batch-real-001,Q-OP-0061,A,A,检查飞行平台、发动机、机上设备的故障状况、油量、电量,0,10
20260513-batch-real-001,Q-OP-0061,B,B,决定着陆场或迫降场,0,20
20260513-batch-real-001,Q-OP-0061,C,C,任务执行情况,1,30
20260513-batch-real-001,Q-OP-0062,A,A,50 米,0,10
20260513-batch-real-001,Q-OP-0062,B,B,100 米,1,20
20260513-batch-real-001,Q-OP-0062,C,C,150 米,0,30
20260513-batch-real-001,Q-OP-0063,A,A,航空器开始起飞滑跑轮子转动的瞬间,1,10
20260513-batch-real-001,Q-OP-0063,B,B,航空器起飞滑跑抬前轮的瞬间,0,20
20260513-batch-real-001,Q-OP-0063,C,C,航空器进入跑道对正起飞方向的瞬间,0,30
20260513-batch-real-001,Q-OP-0064,A,A,航空器接地的瞬间,0,10
20260513-batch-real-001,Q-OP-0064,B,B,航空器着陆后前轮接地的瞬间,0,20
20260513-batch-real-001,Q-OP-0064,C,C,航空器着陆滑跑终止的瞬间,1,30
20260513-batch-real-001,Q-OP-0065,A,A,从航空器自装载地点开始滑行直到飞行结束到达卸载地点停止运动时为止的时间,1,10
20260513-batch-real-001,Q-OP-0065,B,B,自航空器开始起飞滑跑至着陆滑跑终止的时间,0,20
20260513-batch-real-001,Q-OP-0065,C,C,从航空器起飞进入跑道至着陆脱离跑道的时间,0,30
20260513-batch-real-001,Q-OP-0066,A,A,到达预定高度时，开始改平飞,0,10
20260513-batch-real-001,Q-OP-0066,B,B,超过预定高度 10-20 米时，开始改平飞,0,20
20260513-batch-real-001,Q-OP-0066,C,C,上升至预定高度前 10-20 米时，开始改平飞,1,30
20260513-batch-real-001,Q-OP-0067,A,A,10 公里/小时,0,10
20260513-batch-real-001,Q-OP-0067,B,B,15 公里/小时,1,20
20260513-batch-real-001,Q-OP-0067,C,C,20 公里/小时,0,30
20260513-batch-real-001,Q-OP-0068,A,A,到达预定高度时，开始改平飞,0,10
20260513-batch-real-001,Q-OP-0068,B,B,超过预定高度 20-30 米时，开始改平飞,0,20
20260513-batch-real-001,Q-OP-0068,C,C,下降至预定高度的 20-30 米时，开始改平飞,1,30
20260513-batch-real-001,Q-OP-0069,A,A,自主控制,0,10
20260513-batch-real-001,Q-OP-0069,B,B,人工遥控,0,20
20260513-batch-real-001,Q-OP-0069,C,C,人工智能,1,30
20260513-batch-real-001,Q-OP-0070,A,A,全机阻力减小,1,10
20260513-batch-real-001,Q-OP-0070,B,B,全机阻力增大,0,20
20260513-batch-real-001,Q-OP-0070,C,C,全机阻力无明显变化,0,30
20260513-batch-real-001,Q-OP-0071,A,A,增加油门以保持空速,0,10
20260513-batch-real-001,Q-OP-0071,B,B,减小油门以保持空速,1,20
20260513-batch-real-001,Q-OP-0071,C,C,针对此情况，无需做相关动作,0,30
20260513-batch-real-001,Q-OP-0072,A,A,全机阻力减小,0,10
20260513-batch-real-001,Q-OP-0072,B,B,全机阻力增大,1,20
20260513-batch-real-001,Q-OP-0072,C,C,全机阻力无明显变化,0,30
20260513-batch-real-001,Q-OP-0073,A,A,增加油门以保持空速,1,10
20260513-batch-real-001,Q-OP-0073,B,B,减小油门以保持空速,0,20
20260513-batch-real-001,Q-OP-0073,C,C,针对此情况，无需做相关动作,0,30
20260513-batch-real-001,Q-OP-0074,A,A,飞行速度减小,1,10
20260513-batch-real-001,Q-OP-0074,B,B,飞行速度增大,0,20
20260513-batch-real-001,Q-OP-0074,C,C,飞行速度无明显变化,0,30
20260513-batch-real-001,Q-OP-0075,A,A,飞行速度减小,0,10
20260513-batch-real-001,Q-OP-0075,B,B,飞行速度增大,1,20
20260513-batch-real-001,Q-OP-0075,C,C,飞行速度无明显变化,0,30
20260513-batch-real-001,Q-OP-0076,A,A,增加油门以保持空速,1,10
20260513-batch-real-001,Q-OP-0076,B,B,减小油门以保持空速,0,20
20260513-batch-real-001,Q-OP-0076,C,C,针对此情况，无需做相关动作,0,30
20260513-batch-real-001,Q-OP-0077,A,A,增加油门以保持空速,0,10
20260513-batch-real-001,Q-OP-0077,B,B,减小油门以保持空速,1,20
20260513-batch-real-001,Q-OP-0077,C,C,针对此情况，无需做相关动作,0,30
20260513-batch-real-001,Q-OP-0078,A,A,舵面结构及连接检查,0,10
20260513-batch-real-001,Q-OP-0078,B,B,起飞（发射），降落（回收）装置检查,0,20
20260513-batch-real-001,Q-OP-0078,C,C,飞行器涂装,1,30
20260513-batch-real-001,Q-OP-0079,A,A,控制站软件检查,0,10
20260513-batch-real-001,Q-OP-0079,B,B,控制站操作系统检查,1,20
20260513-batch-real-001,Q-OP-0079,C,C,预规划航线及航点检查,0,30
20260513-batch-real-001,Q-MET-0001,A,A,78%的氮气，21%的氧气以及 1%的其它气体组成,1,10
20260513-batch-real-001,Q-MET-0001,B,B,75%的氮气，24%的氧气以及 1%的其它气体组成,0,20
20260513-batch-real-001,Q-MET-0001,C,C,78%的氮气，20%的氧气以及 2%的其他气体组成,0,30
20260513-batch-real-001,Q-MET-0002,A,A,空气和水汽凝结物,0,10
20260513-batch-real-001,Q-MET-0002,B,B,空气和固体微粒,0,20
20260513-batch-real-001,Q-MET-0002,C,C,空气、水汽及液体或固体杂质,1,30
20260513-batch-real-001,Q-MET-0003,A,A,三分之一,0,10
20260513-batch-real-001,Q-MET-0003,B,B,一半,1,20
20260513-batch-real-001,Q-MET-0003,C,C,四分之一,0,30
20260513-batch-real-001,Q-MET-0004,A,A,气层气压的垂直分布特点,0,10
20260513-batch-real-001,Q-MET-0004,B,B,气层气温的垂直分布特点,1,20
20260513-batch-real-001,Q-MET-0004,C,C,气层中风的垂直变化特点,0,30
20260513-batch-real-001,Q-MET-0005,A,A,对流层、平流层、中间层、电离层和散逸层,1,10
20260513-batch-real-001,Q-MET-0005,B,B,对流层、平流层、电离层、中间层和散逸层,0,20
20260513-batch-real-001,Q-MET-0005,C,C,对流层、中间层、平流层、电离层和散逸层,0,30
20260513-batch-real-001,Q-MET-0006,A,A,对流层顶层，平流层底层,1,10
20260513-batch-real-001,Q-MET-0006,B,B,平流层顶层,0,20
20260513-batch-real-001,Q-MET-0006,C,C,对流层底层,0,30
20260513-batch-real-001,Q-MET-0007,A,A,气温随高度升高而升高,1,10
20260513-batch-real-001,Q-MET-0007,B,B,气温、湿度的水平分布很不均匀,0,20
20260513-batch-real-001,Q-MET-0007,C,C,空气具有强烈的垂直混合,0,30
20260513-batch-real-001,Q-MET-0008,A,A,上层,0,10
20260513-batch-real-001,Q-MET-0008,B,B,中层,0,20
20260513-batch-real-001,Q-MET-0008,C,C,下层,1,30
20260513-batch-real-001,Q-MET-0009,A,A,气流紊乱流,0,10
20260513-batch-real-001,Q-MET-0009,B,B,气流相对平静,1,20
20260513-batch-real-001,Q-MET-0009,C,C,水汽含量很少,0,30
20260513-batch-real-001,Q-MET-0010,A,A,8公里,0,10
20260513-batch-real-001,Q-MET-0010,B,B,16公里,0,20
20260513-batch-real-001,Q-MET-0010,C,C,11公里,1,30
20260513-batch-real-001,Q-MET-0011,A,A,随高度的增加而降低,1,10
20260513-batch-real-001,Q-MET-0011,B,B,随高度的增加而升高,0,20
20260513-batch-real-001,Q-MET-0011,C,C,随高度增加保持不变,0,30
20260513-batch-real-001,Q-MET-0012,A,A,℃/1000m,0,10
20260513-batch-real-001,Q-MET-0012,B,B,℃/500m,0,20
20260513-batch-real-001,Q-MET-0012,C,C,℃/100m,1,30
20260513-batch-real-001,Q-MET-0013,A,A,0.65C/100m,1,10
20260513-batch-real-001,Q-MET-0013,B,B,6.5C/100m,0,20
20260513-batch-real-001,Q-MET-0013,C,C,0.5C/100m,0,30
20260513-batch-real-001,Q-MET-0014,A,A,冬季大于夏季,0,10
20260513-batch-real-001,Q-MET-0014,B,B,夏季大于冬季,1,20
20260513-batch-real-001,Q-MET-0014,C,C,冬季与夏季相同,0,30
20260513-batch-real-001,Q-MET-0015,A,A,气温随高度不变,0,10
20260513-batch-real-001,Q-MET-0015,B,B,气温.湿度的水平分布均匀,0,20
20260513-batch-real-001,Q-MET-0015,C,C,空气具有强烈的垂直混合,1,30
20260513-batch-real-001,Q-MET-0016,A,A,下层，气流混乱,0,10
20260513-batch-real-001,Q-MET-0016,B,B,中层，气流相对平稳,1,20
20260513-batch-real-001,Q-MET-0016,C,C,上层，水汽含量很少,0,30
20260513-batch-real-001,Q-MET-0017,A,A,空气中的风向、风速不变,0,10
20260513-batch-real-001,Q-MET-0017,B,B,温度大体不变，平均在-56°C,0,20
20260513-batch-real-001,Q-MET-0017,C,C,空气上下对流激烈,1,30
20260513-batch-real-001,Q-MET-0018,A,A,气流平稳.无恶劣天气.发动机推力增大,0,10
20260513-batch-real-001,Q-MET-0018,B,B,气温低.飞机载重量增加.飞机真空速增大,0,20
20260513-batch-real-001,Q-MET-0018,C,C,气流平稳.能见度好.空气阻力小,1,30
20260513-batch-real-001,Q-MET-0019,A,A,空气中几乎没有水蒸气,0,10
20260513-batch-real-001,Q-MET-0019,B,B,空气没有上下对流,1,20
20260513-batch-real-001,Q-MET-0019,C,C,高度升高气温下降,0,30
20260513-batch-real-001,Q-MET-0020,A,A,平流层中气温随高度增高而增高,1,10
20260513-batch-real-001,Q-MET-0020,B,B,平流层中气温不随高度变化而变化,0,20
20260513-batch-real-001,Q-MET-0020,C,C,平流层中不含有水汽,0,30
20260513-batch-real-001,Q-MET-0021,A,A,气温、气压和空气湿度,1,10
20260513-batch-real-001,Q-MET-0021,B,B,气温、风和云,0,20
20260513-batch-real-001,Q-MET-0021,C,C,风、云和降水,0,30
20260513-batch-real-001,Q-MET-0022,A,A,当太阳辐射通过大气层时，有44%被大气直接吸收,0,10
20260513-batch-real-001,Q-MET-0022,B,B,当太阳辐射通过大气层时，有34%被大气直接吸收,0,20
20260513-batch-real-001,Q-MET-0022,C,C,当太阳辐射通过大气层时，有24%被大气直接吸收,1,30
20260513-batch-real-001,Q-MET-0023,A,A,早晨天气晴朗,0,10
20260513-batch-real-001,Q-MET-0023,B,B,早晨有雾和烟幕,1,20
20260513-batch-real-001,Q-MET-0023,C,C,早晨有大风,0,30
20260513-batch-real-001,Q-MET-0024,A,A,空气密度与气压成正比，与气温也成正比,0,10
20260513-batch-real-001,Q-MET-0024,B,B,空气密度与气压成正比，与气温成反比,1,20
20260513-batch-real-001,Q-MET-0024,C,C,空气密度与气压成反比，与气温成正比,0,30
20260513-batch-real-001,Q-MET-0025,A,A,标准大气压条件下平均平面,0,10
20260513-batch-real-001,Q-MET-0025,B,B,标准大气压条件下假定海平面,1,20
20260513-batch-real-001,Q-MET-0025,C,C,实际大气压条件下假定海平面,0,30
20260513-batch-real-001,Q-MET-0026,A,A,红外云图和可见光卫星云图,1,10
20260513-batch-real-001,Q-MET-0026,B,B,红外云图和色调强化卫星云图,0,20
20260513-batch-real-001,Q-MET-0026,C,C,色调强化卫星云图和可见光卫星云图,0,30
20260513-batch-real-001,Q-MET-0027,A,A,红外卫星云图,0,10
20260513-batch-real-001,Q-MET-0027,B,B,可见光卫星云图,0,20
20260513-batch-real-001,Q-MET-0027,C,C,多光谱卫星云图,1,30
20260513-batch-real-001,Q-MET-0028,A,A,目标反射太阳辐射的大小,0,10
20260513-batch-real-001,Q-MET-0028,B,B,目标的温度,1,20
20260513-batch-real-001,Q-MET-0028,C,C,目标的高低,0,30
20260513-batch-real-001,Q-MET-0029,A,A,目标反射太阳辐射的大小,1,10
20260513-batch-real-001,Q-MET-0029,B,B,目标的温度,0,20
20260513-batch-real-001,Q-MET-0029,C,C,目标的高低,0,30
20260513-batch-real-001,Q-MET-0030,A,A,在可见光云图上，卷云呈灰深灰色,0,10
20260513-batch-real-001,Q-MET-0030,B,B,在红外云图上，卷云顶温度很低，呈白色,0,20
20260513-batch-real-001,Q-MET-0030,C,C,无论可见光还是红外云图，卷云没有纤维结构,1,30
20260513-batch-real-001,Q-MET-0031,A,A,在卫星云图上，中云与天气系统相连，表现为大范围的带状.涡旋状逗点状,0,10
20260513-batch-real-001,Q-MET-0031,B,B,在可见光云图上，中云呈灰白色到白色，色调的差异判定云的厚度,0,20
20260513-batch-real-001,Q-MET-0031,C,C,在红外云图上，中云呈深灰色，介于高低云之间的色调,1,30
20260513-batch-real-001,Q-MET-0032,A,A,在卫星图像上的积雨云常是几个雷暴单体的集合,0,10
20260513-batch-real-001,Q-MET-0032,B,B,无论可见光还是红外云图，积雨云的色调最白,0,20
20260513-batch-real-001,Q-MET-0032,C,C,积雨云的尺度相差不大。一般，初生的较小，成熟的较大,1,30
20260513-batch-real-001,Q-MET-0033,A,A,在可见光云图上，层云（雾)表现为光滑均匀的云区,0,10
20260513-batch-real-001,Q-MET-0033,B,B,层云（雾）边界整齐清楚，与山脉河流.海岸线走向相一致,0,20
20260513-batch-real-001,Q-MET-0033,C,C,在红外云图上，层云色调较亮，与地面色调相差较大,1,30
20260513-batch-real-001,Q-MET-0034,A,A,空气作用于飞机上的力要加大，发动机推力减小,0,10
20260513-batch-real-001,Q-MET-0034,B,B,空气作用于飞机上的力要减小，发动机推力增大,0,20
20260513-batch-real-001,Q-MET-0034,C,C,空气作用于飞机上的力要加大，发动机推力增大,1,30
20260513-batch-real-001,Q-MET-0035,A,A,温度不变时，压力与体积成正比,0,10
20260513-batch-real-001,Q-MET-0035,B,B,体积不变时，压力和温度成正比,1,20
20260513-batch-real-001,Q-MET-0035,C,C,压力不变时，体积和温度成反比,0,30
20260513-batch-real-001,Q-MET-0036,A,A,空气的相对湿度,0,10
20260513-batch-real-001,Q-MET-0036,B,B,空气压力,1,20
20260513-batch-real-001,Q-MET-0036,C,C,空气的温差,0,30
20260513-batch-real-001,Q-MET-0037,A,A,稳定的逆风场,0,10
20260513-batch-real-001,Q-MET-0037,B,B,跑道上的微冲气流,1,20
20260513-batch-real-001,Q-MET-0037,C,C,稳定的上升气流,0,30
20260513-batch-real-001,Q-MET-0038,A,A,空气密度正比于压力和绝对温度,0,10
20260513-batch-real-001,Q-MET-0038,B,B,空气密度正比于压力，反比于绝对温度,1,20
20260513-batch-real-001,Q-MET-0038,C,C,空气密度反比与压力，正比于绝对温度,0,30
20260513-batch-real-001,Q-MET-0039,A,A,从水面吹向陆地的空气较暖，密度小， 导致空气上升,0,10
20260513-batch-real-001,Q-MET-0039,B,B,陆地吸收和散发热量比水面快,1,20
20260513-batch-real-001,Q-MET-0039,C,C,从水面吹向陆地的空气冷，密度大，使空气上升,0,30
20260513-batch-real-001,Q-MET-0040,A,A,增加,0,10
20260513-batch-real-001,Q-MET-0040,B,B,不变,0,20
20260513-batch-real-001,Q-MET-0040,C,C,减少,1,30
20260513-batch-real-001,Q-MET-0041,A,A,15C.1000hPa,0,10
20260513-batch-real-001,Q-MET-0041,B,B,0C.760mmHg,0,20
20260513-batch-real-001,Q-MET-0041,C,C,15C.1013.25hPa,1,30
20260513-batch-real-001,Q-MET-0042,A,A,空气的饱和程度,0,10
20260513-batch-real-001,Q-MET-0042,B,B,空气中的水汽含量,1,20
20260513-batch-real-001,Q-MET-0042,C,C,空气含水汽的能力,0,30
20260513-batch-real-001,Q-MET-0043,A,A,逆温层,0,10
20260513-batch-real-001,Q-MET-0043,B,B,等温层,1,20
20260513-batch-real-001,Q-MET-0043,C,C,不稳定气层,0,30
20260513-batch-real-001,Q-MET-0044,A,A,气温升高，大型飞机的升限要升高,0,10
20260513-batch-real-001,Q-MET-0044,B,B,气温变化对喷气式飞机的升限没有影响,0,20
20260513-batch-real-001,Q-MET-0044,C,C,气温升高，所有飞机的升限都要减小,1,30
20260513-batch-real-001,Q-MET-0045,A,A,增加,0,10
20260513-batch-real-001,Q-MET-0045,B,B,减小,1,20
20260513-batch-real-001,Q-MET-0045,C,C,保持不变,0,30
20260513-batch-real-001,Q-MET-0046,A,A,起飞和着陆距离会增加，爬升率会减小,1,10
20260513-batch-real-001,Q-MET-0046,B,B,起飞和着陆距离会增加，爬升率也会增加,0,20
20260513-batch-real-001,Q-MET-0046,C,C,起飞和着陆距离会减小，爬升率也会减小,0,30
20260513-batch-real-001,Q-MET-0047,A,A,保持不变,0,10
20260513-batch-real-001,Q-MET-0047,B,B,逐渐升高,0,20
20260513-batch-real-001,Q-MET-0047,C,C,逐渐降低,1,30
20260513-batch-real-001,Q-MET-0048,A,A,相同,0,10
20260513-batch-real-001,Q-MET-0048,B,B,低,0,20
20260513-batch-real-001,Q-MET-0048,C,C,高,1,30
20260513-batch-real-001,Q-MET-0049,A,A,北半球,0,10
20260513-batch-real-001,Q-MET-0049,B,B,赤道地区,1,20
20260513-batch-real-001,Q-MET-0049,C,C,南半球,0,30
20260513-batch-real-001,Q-MET-0050,A,A,北半球，地球自转偏向力使得气流向东偏转,1,10
20260513-batch-real-001,Q-MET-0050,B,B,北半球，地球自转偏向力使得气流向西偏转,0,20
20260513-batch-real-001,Q-MET-0050,C,C,北半球，地球自转偏向力使得气流先向东再向西偏转,0,30
20260513-batch-real-001,Q-MET-0051,A,A,东南方向,0,10
20260513-batch-real-001,Q-MET-0051,B,B,东北方向,1,20
20260513-batch-real-001,Q-MET-0051,C,C,西南方向,0,30
20260513-batch-real-001,Q-MET-0052,A,A,当地地形影响气压,0,10
20260513-batch-real-001,Q-MET-0052,B,B,地面有较强的地转偏向力,0,20
20260513-batch-real-001,Q-MET-0052,C,C,风和地面之间的摩擦作用,1,30
20260513-batch-real-001,Q-MET-0053,A,A,对流冲击力,1,10
20260513-batch-real-001,Q-MET-0053,B,B,气动作用力,0,20
20260513-batch-real-001,Q-MET-0053,C,C,热力作用力,0,30
20260513-batch-real-001,Q-MET-0054,A,A,压差作用力,0,10
20260513-batch-real-001,Q-MET-0054,B,B,温差作用力,0,20
20260513-batch-real-001,Q-MET-0054,C,C,热力对流冲击力,1,30
20260513-batch-real-001,Q-MET-0055,A,A,山坡迎风面对空气的抬升,1,10
20260513-batch-real-001,Q-MET-0055,B,B,气流辐合辐散时造成的空气水平运动,0,20
20260513-batch-real-001,Q-MET-0055,C,C,气温变化造成的空气抬升或下降,0,30
20260513-batch-real-001,Q-MET-0056,A,A,很可能在路面和荒地上空发生上升气流,1,10
20260513-batch-real-001,Q-MET-0056,B,B,在类似成片树林的广阔植被区域发生上升气流^,0,20
20260513-batch-real-001,Q-MET-0056,C,C,在大片水体区域发生上升气流,0,30
20260513-batch-real-001,Q-MET-0057,A,A,在最后进近时，来自全无植被的地形的下降气流有时会产生下沉效应，导致飞过预期的着陆点,0,10
20260513-batch-real-001,Q-MET-0057,B,B,在一大片水体或者稠密植被的区域之上进近会趋于产生一个下沉效应，导致着陆在不到预期的着陆点,1,20
20260513-batch-real-001,Q-MET-0057,C,C,在一大片水体或者稠密植被的区域之上进近会趋于会产生漂浮效应，导致飞过预期的着陆点,0,30
20260513-batch-real-001,Q-MET-0058,A,A,因为空气总是寻找低压区域，所以气流会从高压区域向低压的区域流动^,1,10
20260513-batch-real-001,Q-MET-0058,B,B,因为空气总是寻找高压区域，所以气流会从低压区域向高压的区域流动^,0,20
20260513-batch-real-001,Q-MET-0058,C,C,是风产生了压力，所以风的尽头压力高,0,30
20260513-batch-real-001,Q-MET-0059,A,A,气压的变化,1,10
20260513-batch-real-001,Q-MET-0059,B,B,摩擦力的变化,0,20
20260513-batch-real-001,Q-MET-0059,C,C,乱流强度的变化,0,30
20260513-batch-real-001,Q-MET-0060,A,A,汇聚风的流向,0,10
20260513-batch-real-001,Q-MET-0060,B,B,产生会快速改变方向和速度的阵风,1,20
20260513-batch-real-001,Q-MET-0060,C,C,产生稳定方向和速度的阵风,0,30
20260513-batch-real-001,Q-MET-0061,A,A,风沿着迎风侧平稳地向上流动,1,10
20260513-batch-real-001,Q-MET-0061,B,B,风沿着迎风侧湍流逐渐增加,0,20
20260513-batch-real-001,Q-MET-0061,C,C,风沿着背风侧平稳地向下流动,0,30
20260513-batch-real-001,Q-MET-0062,A,A,风的阵性,1,10
20260513-batch-real-001,Q-MET-0062,B,B,风切变,0,20
20260513-batch-real-001,Q-MET-0062,C,C,风向不定,0,30
20260513-batch-real-001,Q-MET-0063,A,A,以大气的气温垂直加速度运动来判定,1,10
20260513-batch-real-001,Q-MET-0063,B,B,以大气的气温垂直速度运动来判定,0,20
20260513-batch-real-001,Q-MET-0063,C,C,以大气的气压垂直速度运动来判定,0,30
20260513-batch-real-001,Q-MET-0064,A,A,移动后，加速向上或向下运动,0,10
20260513-batch-real-001,Q-MET-0064,B,B,移动后逐渐减速，并有返回原来高度的趋势,1,20
20260513-batch-real-001,Q-MET-0064,C,C,外力作用消失后，以匀速持续运动,0,30
20260513-batch-real-001,Q-MET-0065,A,A,气温高时，空气密度小，飞机增速慢，飞机的离地速度增大，起飞滑跑距离要长,1,10
20260513-batch-real-001,Q-MET-0065,B,B,气温低时，空气密度小，飞机增速快，飞机升力减小，起飞滑跑距离要长,0,20
20260513-batch-real-001,Q-MET-0065,C,C,气温高时，空气密度大，飞机增速快，飞机升力增大，起飞滑跑距离要短,0,30
20260513-batch-real-001,Q-MET-0066,A,A,气温低时，空气密度大，飞机发动机的推力增大，平飞最大速度增加,1,10
20260513-batch-real-001,Q-MET-0066,B,B,气温低时，空气密度大，空气的阻力增加，平飞最大速度减小,0,20
20260513-batch-real-001,Q-MET-0066,C,C,气温高时，空气密度小，空气的阻力减小，平飞最大速度增加,0,30
20260513-batch-real-001,Q-MET-0067,A,A,空气中水汽含量与饱和水汽含量的百分比,0,10
20260513-batch-real-001,Q-MET-0067,B,B,空气中水汽压与饱和水汽压的百分比,1,20
20260513-batch-real-001,Q-MET-0067,C,C,空气中水分占空气总量的百分比,0,30
20260513-batch-real-001,Q-MET-0068,A,A,当空气中水汽已达到饱和时，气温与露点温度相同,1,10
20260513-batch-real-001,Q-MET-0068,B,B,当水汽未达到饱和时，气温一定低于露点温度,0,20
20260513-batch-real-001,Q-MET-0068,C,C,在100%的相对湿度时，周围环境的温度高于露点温度,0,30
20260513-batch-real-001,Q-MET-0069,A,A,可以容纳的水汽就越少,0,10
20260513-batch-real-001,Q-MET-0069,B,B,可以容纳的水汽就越多,1,20
20260513-batch-real-001,Q-MET-0069,C,C,当空气不能再容纳更多的水汽时，温度就会变化,0,30
20260513-batch-real-001,Q-MET-0070,A,A,会引起飞机操纵效能增加,0,10
20260513-batch-real-001,Q-MET-0070,B,B,会出现指令仰角变化和滚转,0,20
20260513-batch-real-001,Q-MET-0070,C,C,会使外表面变得粗糙，增加阻力，减少升力,1,30
20260513-batch-real-001,Q-MET-0071,A,A,50 英尺内的云,1,10
20260513-batch-real-001,Q-MET-0071,B,B,80 英尺内的云,0,20
20260513-batch-real-001,Q-MET-0071,C,C,100 英尺内的云,0,30
20260513-batch-real-001,Q-MET-0072,A,A,12,0,10
20260513-batch-real-001,Q-MET-0072,B,B,8,1,20
20260513-batch-real-001,Q-MET-0072,C,C,10,0,30
20260513-batch-real-001,Q-MET-0073,A,A,影响正常的目测,0,10
20260513-batch-real-001,Q-MET-0073,B,B,温度低造成机翼表面结冰,0,20
20260513-batch-real-001,Q-MET-0073,C,C,增加阻力,1,30
20260513-batch-real-001,Q-MET-0074,A,A,对流云,1,10
20260513-batch-real-001,Q-MET-0074,B,B,卷状云,0,20
20260513-batch-real-001,Q-MET-0074,C,C,层状云,0,30
20260513-batch-real-001,Q-MET-0075,A,A,水平范围大,0,10
20260513-batch-real-001,Q-MET-0075,B,B,垂直范围大,0,20
20260513-batch-real-001,Q-MET-0075,C,C,水平温度梯度大,1,30
20260513-batch-real-001,Q-MET-0076,A,A,几十公里到几千公里,1,10
20260513-batch-real-001,Q-MET-0076,B,B,几十公里到几百公里,0,20
20260513-batch-real-001,Q-MET-0076,C,C,几公里到几百公里,0,30
20260513-batch-real-001,Q-MET-0077,A,A,冷气团和干气团,0,10
20260513-batch-real-001,Q-MET-0077,B,B,暖气团和湿气团,0,20
20260513-batch-real-001,Q-MET-0077,C,C,北冰洋气团，极地气团，热带气团，赤道气团,1,30
20260513-batch-real-001,Q-MET-0078,A,A,我国地域广大，能形成各种气团,0,10
20260513-batch-real-001,Q-MET-0078,B,B,气团离开源地，其性质将会发生变化,1,20
20260513-batch-real-001,Q-MET-0078,C,C,气团只形成于极地和大洋地区,0,30
20260513-batch-real-001,Q-MET-0079,A,A,冷气团移到暖的地区变性快，而暖的气团移到冷的地区变性慢,1,10
20260513-batch-real-001,Q-MET-0079,B,B,冷气团移到暖的地区变性慢，而暖的气团移到冷的地区变性快,0,20
20260513-batch-real-001,Q-MET-0079,C,C,暖气团移到暖的地区，冷气团移到冷的地区不变性,0,30
20260513-batch-real-001,Q-MET-0080,A,A,锋面与地面的交线称为锋线,0,10
20260513-batch-real-001,Q-MET-0080,B,B,锋面和锋线统称为锋,0,20
20260513-batch-real-001,Q-MET-0080,C,C,凡伸到对流层中上层者，称为层流锋,1,30
20260513-batch-real-001,Q-MET-0081,A,A,锋面就是不同方向的风交汇的界面,0,10
20260513-batch-real-001,Q-MET-0081,B,B,锋面就是温度.湿度等物理性质不同的两种气团的交界面,1,20
20260513-batch-real-001,Q-MET-0081,C,C,锋面就是风场与地面的交线，也简称为锋,0,30
20260513-batch-real-001,Q-MET-0082,A,A,可能出现高度极低的风切变,1,10
20260513-batch-real-001,Q-MET-0082,B,B,可能出现风沙天气,0,20
20260513-batch-real-001,Q-MET-0082,C,C,雨层云中的连续性小雨,0,30
20260513-batch-real-001,Q-MET-0083,A,A,锋面在移动过程中，暖空气推动锋面向冷气团一侧移动的锋,1,10
20260513-batch-real-001,Q-MET-0083,B,B,一侧气团温度明显高于另一侧气团温度的锋,0,20
20260513-batch-real-001,Q-MET-0083,C,C,温度较高与温度较低的两个气团交汇时，温度高的一侧,0,30
20260513-batch-real-001,Q-MET-0084,A,A,冷气团主动向暖气团移动形成的锋称为冷锋,1,10
20260513-batch-real-001,Q-MET-0084,B,B,一侧气团温度明显低于另一侧气团温度的锋,0,20
20260513-batch-real-001,Q-MET-0084,C,C,温度较高与温度较低的两个气团交汇时，温度低的一侧,0,30
20260513-batch-real-001,Q-MET-0085,A,A,可能出现乌云密布的天空和下雨,0,10
20260513-batch-real-001,Q-MET-0085,B,B,天空通常很快放晴,1,20
20260513-batch-real-001,Q-MET-0085,C,C,阵风减缓和温度升高,0,30
20260513-batch-real-001,Q-MET-0086,A,A,云层从低空分散逐渐向高空分散变化，大气压力不断,0,10
20260513-batch-real-001,Q-MET-0086,B,B,云层从高空汇聚逐渐向低空分散变化，大气压力不断升高,0,20
20260513-batch-real-001,Q-MET-0086,C,C,云层从高空分散逐渐向低空分散变化，大气压力不断下降,1,30
20260513-batch-real-001,Q-MET-0087,A,A,冷锋以 10~25 英里每小时速度移动,0,10
20260513-batch-real-001,Q-MET-0087,B,B,暖锋以 20~35 英里每小时速度移动,0,20
20260513-batch-real-001,Q-MET-0087,C,C,暖锋产生差的能见度和下雨，冷锋产生突发的阵风，紊流,1,30
20260513-batch-real-001,Q-MET-0088,A,A,静止锋,1,10
20260513-batch-real-001,Q-MET-0088,B,B,交错锋,0,20
20260513-batch-real-001,Q-MET-0088,C,C,融合锋,0,30
20260513-batch-real-001,Q-MET-0089,A,A,地面水汽蒸发,0,10
20260513-batch-real-001,Q-MET-0089,B,B,地面受热不均,1,20
20260513-batch-real-001,Q-MET-0089,C,C,冷空气冲击暖空气而形成上升运动,0,30
20260513-batch-real-001,Q-MET-0090,A,A,充足的水汽和上升运动,0,10
20260513-batch-real-001,Q-MET-0090,B,B,充足的水汽.不稳定的大气和上升运动,1,20
20260513-batch-real-001,Q-MET-0090,C,C,浓积云，充足的水汽和锋区,0,30
20260513-batch-real-001,Q-MET-0091,A,A,深厚而明显的不稳定气层、剧烈的温差、足够的冲击力,0,10
20260513-batch-real-001,Q-MET-0091,B,B,深厚而明显的不稳定气层、充沛的水汽、足够的冲击力,1,20
20260513-batch-real-001,Q-MET-0091,C,C,强大的风力、充沛的水汽、足够的冲击力,0,30
20260513-batch-real-001,Q-MET-0092,A,A,低空风切变,1,10
20260513-batch-real-001,Q-MET-0092,B,B,冰雹和暴雨,0,20
20260513-batch-real-001,Q-MET-0092,C,C,积冰和雷击,0,30
20260513-batch-real-001,Q-MET-0093,A,A,地面气压持续下降,1,10
20260513-batch-real-001,Q-MET-0093,B,B,地面气压持续上升,0,20
20260513-batch-real-001,Q-MET-0093,C,C,地面气压保持不变,0,30
20260513-batch-real-001,Q-MET-0094,A,A,10m/s,0,10
20260513-batch-real-001,Q-MET-0094,B,B,20m/s,1,20
20260513-batch-real-001,Q-MET-0094,C,C,30m/s,0,30
20260513-batch-real-001,Q-MET-0095,A,A,积云阶段、成熟阶段、消散阶段,1,10
20260513-batch-real-001,Q-MET-0095,B,B,积云阶段、成风阶段、雷雨阶段,0,20
20260513-batch-real-001,Q-MET-0095,C,C,升温阶段、降雨阶段、消散阶段,0,30
20260513-batch-real-001,Q-MET-0096,A,A,积云阶段,0,10
20260513-batch-real-001,Q-MET-0096,B,B,成熟阶段,0,20
20260513-batch-real-001,Q-MET-0096,C,C,消散阶段,1,30
20260513-batch-real-001,Q-MET-0097,A,A,雷击和冰雹袭击,0,10
20260513-batch-real-001,Q-MET-0097,B,B,风切变和湍流,0,20
20260513-batch-real-001,Q-MET-0097,C,C,数据链中断,1,30
20260513-batch-real-001,Q-MET-0098,A,A,冰、雾凇、霜,1,10
20260513-batch-real-001,Q-MET-0098,B,B,明冰、毛冰、白冰,0,20
20260513-batch-real-001,Q-MET-0098,C,C,坚冰、松冰、霜冰,0,30
20260513-batch-real-001,Q-MET-0099,A,A,高云由于高度高温度低，大多由冰晶构成，不容易形成飞机积冰,0,10
20260513-batch-real-001,Q-MET-0099,B,B,中云温度低于0C，云层较厚，水滴含量大，积冰最严重,1,20
20260513-batch-real-001,Q-MET-0099,C,C,低云云高低于2000米，温度高，不含过冷水滴，所以一般不出现飞机积冰,0,30
20260513-batch-real-001,Q-MET-0100,A,A,雾凇和毛冰,0,10
20260513-batch-real-001,Q-MET-0100,B,B,明冰和毛冰,1,20
20260513-batch-real-001,Q-MET-0100,C,C,毛冰和霜,0,30
20260513-batch-real-001,Q-MET-0101,A,A,大小不等的水滴,0,10
20260513-batch-real-001,Q-MET-0101,B,B,雪花和冰晶,0,20
20260513-batch-real-001,Q-MET-0101,C,C,过冷水滴,1,30
20260513-batch-real-001,Q-MET-0102,A,A,槽状冰.楔形冰和混合冰,1,10
20260513-batch-real-001,Q-MET-0102,B,B,状冰.凹状冰和混合冰,0,20
20260513-batch-real-001,Q-MET-0102,C,C,圆形冰.方形冰和混合冰,0,30
20260513-batch-real-001,Q-MET-0103,A,A,霜、雾松和冰,0,10
20260513-batch-real-001,Q-MET-0103,B,B,轻度、中度和重度,1,20
20260513-batch-real-001,Q-MET-0103,C,C,微弱、弱、中度和强,0,30
20260513-batch-real-001,Q-MET-0104,A,A,飞机积冰一般发生在-1 ~-15C的温度范围内,0,10
20260513-batch-real-001,Q-MET-0104,B,B,在-2~-10C温度范围内遭遇积冰的次数最多,1,20
20260513-batch-real-001,Q-MET-0104,C,C,强烈的积冰主要发生在-4~-8C的温度范围内,0,30
20260513-batch-real-001,Q-MET-0105,A,A,冬季在3000 米以下各高度上飞行时，积冰几乎占56%,1,10
20260513-batch-real-001,Q-MET-0105,B,B,冬季在3000 米以上各高度上飞行时，积冰几乎占56%,0,20
20260513-batch-real-001,Q-MET-0105,C,C,在6000 米以上高度上飞行时，积冰占56%,0,30
20260513-batch-real-001,Q-MET-0106,A,A,翼型失真（变形）,0,10
20260513-batch-real-001,Q-MET-0106,B,B,导致摩擦阻力减少,1,20
20260513-batch-real-001,Q-MET-0106,C,C,压差阻力都增大,0,30
20260513-batch-real-001,Q-MET-0107,A,A,使进气速度场分布不均匀和使气流发生局部分离，引起压气机叶片的振动,0,10
20260513-batch-real-001,Q-MET-0107,B,B,冰屑脱离，进入压气机，而造成压气机的机械损伤,0,20
20260513-batch-real-001,Q-MET-0107,C,C,结冰堵塞进气道，使得进入压气机的气流明显减少，导致发动机富油停车,1,30
20260513-batch-real-001,Q-MET-0108,A,A,及时有力地修正飞行姿态的偏差，尽快脱离积冰区,0,10
20260513-batch-real-001,Q-MET-0108,B,B,调整飞机马力，严格保持飞行高度和速度，尽快脱离积冰区,0,20
20260513-batch-real-001,Q-MET-0108,C,C,柔和操纵飞机，保持飞行高度和平飞姿态，尽快脱离积冰区,1,30
20260513-batch-real-001,Q-MET-0109,A,A,用望远镜目测,1,10
20260513-batch-real-001,Q-MET-0109,B,B,使用大气透射仪,0,20
20260513-batch-real-001,Q-MET-0109,C,C,使用激光能见度自动测量仪,0,30
20260513-batch-real-001,Q-MET-0110,A,A,白炽灯发出色温为3000K 的平行光束的光通量，在大气中削弱至初始值的 10%所通过的路径长度,0,10
20260513-batch-real-001,Q-MET-0110,B,B,白炽灯发出色温为 2700K 的平行光束的光通量，在大气中削弱至初始值的 5%所通过的路径长度,1,20
20260513-batch-real-001,Q-MET-0110,C,C,白炽灯发出色温为 2500K 的平行光束的光通量，在大气中削弱至初始值的 5%所通过的路径长度a,0,30
20260513-batch-real-001,Q-MET-0111,A,A,能见度极好,0,10
20260513-batch-real-001,Q-MET-0111,B,B,能见度较差,1,20
20260513-batch-real-001,Q-MET-0111,C,C,有阵性降水,0,30
20260513-batch-real-001,Q-MET-0112,A,A,能看到最近的物体距离,0,10
20260513-batch-real-001,Q-MET-0112,B,B,能见度因方向而异时，其中最小的能见距离,1,20
20260513-batch-real-001,Q-MET-0112,C,C,能见度因方向而异时，垂直和水平能见度最小的距离,0,30
20260513-batch-real-001,Q-MET-0113,A,A,烟雾的能见度定义为不足1km,1,10
20260513-batch-real-001,Q-MET-0113,B,B,薄雾的能见度为1km~3km,0,20
20260513-batch-real-001,Q-MET-0113,C,C,霾的能见度为3km ~ 5km,0,30
20260513-batch-real-001,Q-MET-0114,A,A,山体本身的障碍影响，使气流被阻滞不前,0,10
20260513-batch-real-001,Q-MET-0114,B,B,一般山顶和峡谷风口的风速增大,0,20
20260513-batch-real-001,Q-MET-0114,C,C,一般山底和峡谷风口的风速增大,1,30
20260513-batch-real-001,Q-MET-0115,A,A,山谷中间,1,10
20260513-batch-real-001,Q-MET-0115,B,B,山的迎风坡,0,20
20260513-batch-real-001,Q-MET-0115,C,C,山的背风坡,0,30
20260513-batch-real-001,Q-MET-0116,A,A,在山的背风面顺风飞行,0,10
20260513-batch-real-001,Q-MET-0116,B,B,在山的背风面逆风飞行,1,20
20260513-batch-real-001,Q-MET-0116,C,C,在山的迎风面逆风飞行,0,30
20260513-batch-real-001,Q-MET-0117,A,A,气压式高度表读数高于实际高度,1,10
20260513-batch-real-001,Q-MET-0117,B,B,空速表误差增大,0,20
20260513-batch-real-001,Q-MET-0117,C,C,地速减小,0,30
20260513-batch-real-001,Q-MET-0118,A,A,白天风由山谷吹向山坡,1,10
20260513-batch-real-001,Q-MET-0118,B,B,山谷风是由于海陆差异而形成的热力环流,0,20
20260513-batch-real-001,Q-MET-0118,C,C,气流越山而过，称为山风,0,30
20260513-batch-real-001,Q-MET-0119,A,A,靠近背风坡飞行,0,10
20260513-batch-real-001,Q-MET-0119,B,B,靠近迎风坡飞行,1,20
20260513-batch-real-001,Q-MET-0119,C,C,飞出山口马上转弯,0,30
20260513-batch-real-001,Q-MET-0120,A,A,风的去向,0,10
20260513-batch-real-001,Q-MET-0120,B,B,风的来向,1,20
20260513-batch-real-001,Q-MET-0120,C,C,气压梯度力的方向,0,30
20260513-batch-real-001,Q-MET-0121,A,A,5～6米/秒,0,10
20260513-batch-real-001,Q-MET-0121,B,B,6~10 米/秒,1,20
20260513-batch-real-001,Q-MET-0121,C,C,10~12 米/秒,0,30
20260513-batch-real-001,Q-MET-0122,A,A,由西向东,1,10
20260513-batch-real-001,Q-MET-0122,B,B,由东向西,0,20
20260513-batch-real-001,Q-MET-0122,C,C,由北向南,0,30
20260513-batch-real-001,Q-MET-0123,A,A,300米,0,10
20260513-batch-real-001,Q-MET-0123,B,B,600米,1,20
20260513-batch-real-001,Q-MET-0123,C,C,800米,0,30
20260513-batch-real-001,Q-MET-0124,A,A,先遇强逆风，后遇到猛烈的下沉气流，随后又是强顺风,1,10
20260513-batch-real-001,Q-MET-0124,B,B,先遇强顺风，后遇猛烈的上升气流，随后又是强逆风,0,20
20260513-batch-real-001,Q-MET-0124,C,C,先遇强逆风，后遇猛烈的上升气流，随后又是强顺风,0,30
20260513-batch-real-001,Q-MET-0125,A,A,逆温层附近或靠近雷暴时,1,10
20260513-batch-real-001,Q-MET-0125,B,B,当风速大于 65 千米/小时,0,20
20260513-batch-real-001,Q-MET-0125,C,C,有高气压时,0,30
20260513-batch-real-001,Q-MET-0126,A,A,雷暴、低空急流和锋面活动,1,10
20260513-batch-real-001,Q-MET-0126,B,B,气流经过特定环境时产生锋,0,20
20260513-batch-real-001,Q-MET-0126,C,C,具体原因还不是特别明了,0,30
20260513-batch-real-001,Q-MET-0127,A,A,仅在雷暴中出现,0,10
20260513-batch-real-001,Q-MET-0127,B,B,在气压和温度急剧下降的地方出现,0,20
20260513-batch-real-001,Q-MET-0127,C,C,在大气中任何高度上存在风向或风速变化的地方,1,30
20260513-batch-real-001,Q-MET-0128,A,A,飞机空速突然增大，升力增加，飞机抬升,0,10
20260513-batch-real-001,Q-MET-0128,B,B,飞机高度下降，空速增大，超过正常着陆点着陆,0,20
20260513-batch-real-001,Q-MET-0128,C,C,飞机空速突然减小，升力减小，飞机将掉至正常下滑线以下,1,30
20260513-batch-real-001,Q-MET-0129,A,A,飞机空速突然增大，升力增加，飞机上仰并上升到下滑线之上,1,10
20260513-batch-real-001,Q-MET-0129,B,B,飞机高度下降，空速减小，未到正常着陆点即提前着陆,0,20
20260513-batch-real-001,Q-MET-0129,C,C,飞机空速突然减小，升力减小，飞机将掉至正常下滑线以下,0,30
20260513-batch-real-001,Q-MET-0130,A,A,大风天气、强降雨天气、寒冷天气,0,10
20260513-batch-real-001,Q-MET-0130,B,B,强对流天气、锋面天气、辐射逆温型的低空急流天气,1,20
20260513-batch-real-001,Q-MET-0130,C,C,山地气流、昼夜交替天气、春夏之交天气,0,30
20260513-batch-real-001,Q-MET-0131,A,A,功率损耗增大，飞行时间减少,1,10
20260513-batch-real-001,Q-MET-0131,B,B,最大起飞重量增加,0,20
20260513-batch-real-001,Q-MET-0131,C,C,飞行时间变长,0,30
20260513-batch-real-001,Q-MET-0132,A,A,雷暴冷性外流气流的尘卷风（云）,0,10
20260513-batch-real-001,Q-MET-0132,B,B,卷积云带来的降雨,1,20
20260513-batch-real-001,Q-MET-0132,C,C,雷暴云体下垂的雨幡,0,30
20260513-batch-real-001,Q-MET-0133,A,A,空速表指示的非理性变化,0,10
20260513-batch-real-001,Q-MET-0133,B,B,俯仰角指示快速变化,0,20
20260513-batch-real-001,Q-MET-0133,C,C,发动机转速和地速快速变化,1,30
20260513-batch-real-001,Q-MET-0134,A,A,降水区域,0,10
20260513-batch-real-001,Q-MET-0134,B,B,气压梯度,1,20
20260513-batch-real-001,Q-MET-0134,C,C,槽线位置,0,30
20260513-batch-real-001,Q-MET-0135,A,A,本站气压,0,10
20260513-batch-real-001,Q-MET-0135,B,B,海平面气压,1,20
20260513-batch-real-001,Q-MET-0135,C,C,场面气压,0,30
20260513-batch-real-001,Q-MET-0136,A,A,等压面预告图,0,10
20260513-batch-real-001,Q-MET-0136,B,B,重要天气预告图,0,20
20260513-batch-real-001,Q-MET-0136,C,C,航路天气预告图,1,30
20260513-batch-real-001,Q-MET-0137,A,A,天气形势预报,0,10
20260513-batch-real-001,Q-MET-0137,B,B,气象要素预报,0,20
20260513-batch-real-001,Q-MET-0137,C,C,大风降温预报,1,30
20260513-batch-real-001,Q-MET-0138,A,A,海平面附近常温常压下空气的密度1.225kg / m3,1,10
20260513-batch-real-001,Q-MET-0138,B,B,海平面附近常温常压下空气的密度1.225kg / m,0,20
20260513-batch-real-001,Q-MET-0138,C,C,地表层附近常温常压下空气的密度1.225kg / m3,0,30
20260513-batch-real-001,Q-MET-0139,A,A,地表环境,0,10
20260513-batch-real-001,Q-MET-0139,B,B,下滑速度和风,1,20
20260513-batch-real-001,Q-MET-0139,C,C,高度,0,30
20260513-batch-real-001,Q-MET-0140,A,A,在保持拉力不变的条件下所需功率减小,0,10
20260513-batch-real-001,Q-MET-0140,B,B,直升机有地效悬停升限小于无地效悬停升限,1,20
20260513-batch-real-001,Q-MET-0140,C,C,在保持功率不变的条件下拉力要增加,0,30
20260513-batch-real-001,Q-MET-0141,A,A,障碍物的多少和风的基本速度,0,10
20260513-batch-real-001,Q-MET-0141,B,B,障碍物的大小和风的基本方向,0,20
20260513-batch-real-001,Q-MET-0141,C,C,障碍物的大小和风的基本速度,1,30
20260513-batch-real-001,Q-MET-0142,A,A,跑道视宽,0,10
20260513-batch-real-001,Q-MET-0142,B,B,跑道视程,1,20
20260513-batch-real-001,Q-MET-0142,C,C,跑道视距,0,30
20260513-batch-real-001,Q-MET-0143,A,A,仅与空气密度成正比,0,10
20260513-batch-real-001,Q-MET-0143,B,B,与空气速度和空气密度成正比,0,20
20260513-batch-real-001,Q-MET-0143,C,C,与空气速度平方和空气密度成正比,1,30
20260513-batch-real-001,Q-MET-0144,A,A,将降低,0,10
20260513-batch-real-001,Q-MET-0144,B,B,将升高,1,20
20260513-batch-real-001,Q-MET-0144,C,C,将保持不变,0,30
20260513-batch-real-001,Q-MET-0145,A,A,空气密度大，起飞滑跑距离长,0,10
20260513-batch-real-001,Q-MET-0145,B,B,空气密度小，起飞滑跑距离长,1,20
20260513-batch-real-001,Q-MET-0145,C,C,空气密度大，起飞滑跑距离短,0,30
20260513-batch-real-001,Q-MET-0146,A,A,GPS定位,0,10
20260513-batch-real-001,Q-MET-0146,B,B,指南针校准,0,20
20260513-batch-real-001,Q-MET-0146,C,C,调整重心位置,1,30
20260513-batch-real-001,Q-MET-0147,A,A,惯性离心力,0,10
20260513-batch-real-001,Q-MET-0147,B,B,地转偏向力,1,20
20260513-batch-real-001,Q-MET-0147,C,C,摩擦力,0,30
20260513-batch-real-001,Q-MET-0148,A,A,2级,0,10
20260513-batch-real-001,Q-MET-0148,B,B,4级,1,20
20260513-batch-real-001,Q-MET-0148,C,C,6级,0,30
20260513-batch-real-001,Q-MET-0149,A,A,凡是流速大的地方，压强就大,0,10
20260513-batch-real-001,Q-MET-0149,B,B,凡是流速小的地方，压强就小,0,20
20260513-batch-real-001,Q-MET-0149,C,C,凡是流速大的地方，压强就小,1,30
20260513-batch-real-001,Q-MET-0150,A,A,适用于不可压缩的理想气体,1,10
20260513-batch-real-001,Q-MET-0150,B,B,适用于黏性的理想气体,0,20
20260513-batch-real-001,Q-MET-0150,C,C,适用于不可压缩的粘性流体,0,30
20260513-batch-real-001,Q-MET-0151,A,A,可压缩性,0,10
20260513-batch-real-001,Q-MET-0151,B,B,粘性,1,20
20260513-batch-real-001,Q-MET-0151,C,C,温度,0,30
20260513-batch-real-001,Q-MET-0152,A,A,空气和水气凝合物,0,10
20260513-batch-real-001,Q-MET-0152,B,B,空气和固体微粒,0,20
20260513-batch-real-001,Q-MET-0152,C,C,空气、水汽及液体或固体杂质,1,30
20260513-batch-real-001,Q-MET-0153,A,A,普通雷暴云,0,10
20260513-batch-real-001,Q-MET-0153,B,B,强烈雷暴云,1,20
20260513-batch-real-001,Q-MET-0153,C,C,堡状高积云,0,30
20260513-batch-real-001,Q-MET-0154,A,A,-273°F,0,10
20260513-batch-real-001,Q-MET-0154,B,B,-273K,0,20
20260513-batch-real-001,Q-MET-0154,C,C,-273°C,1,30
20260513-batch-real-001,Q-MET-0155,A,A,T=PRp,0,10
20260513-batch-real-001,Q-MET-0155,B,B,P=Rρ/T,0,20
20260513-batch-real-001,Q-MET-0155,C,C,P=RρT,1,30
20260513-batch-real-001,Q-MET-0156,A,A,与压力成正比,1,10
20260513-batch-real-001,Q-MET-0156,B,B,与压力成反比,0,20
20260513-batch-real-001,Q-MET-0156,C,C,与压力无关,0,30
20260513-batch-real-001,Q-MET-0157,A,A,增加,0,10
20260513-batch-real-001,Q-MET-0157,B,B,减小,1,20
20260513-batch-real-001,Q-MET-0157,C,C,保持不变,0,30
20260513-batch-real-001,Q-MET-0158,A,A,在同温层内随高度增加保持不变,0,10
20260513-batch-real-001,Q-MET-0158,B,B,随高度增加而增加,0,20
20260513-batch-real-001,Q-MET-0158,C,C,随高度增加减小,1,30
20260513-batch-real-001,Q-MET-0159,A,A,液体的黏性随温度的升高而增大,0,10
20260513-batch-real-001,Q-MET-0159,B,B,气体的黏性随温度的升高而增大,1,20
20260513-batch-real-001,Q-MET-0159,C,C,液体的粘性与温度无关,0,30
20260513-batch-real-001,Q-MET-0160,A,A,空气的黏性,0,10
20260513-batch-real-001,Q-MET-0160,B,B,空气的压缩性,0,20
20260513-batch-real-001,Q-MET-0160,C,C,空气的黏性和压缩性,1,30
20260513-batch-real-001,Q-MET-0161,A,A,空气的流动位置,1,10
20260513-batch-real-001,Q-MET-0161,B,B,气流的流速,0,20
20260513-batch-real-001,Q-MET-0161,C,C,空气的黏性系数,0,30
20260513-batch-real-001,Q-MET-0162,A,A,随高度增加而增加,0,10
20260513-batch-real-001,Q-MET-0162,B,B,随高度增加而减小,1,20
20260513-batch-real-001,Q-MET-0162,C,C,在同温层内随高度增加保持不变,0,30
20260513-batch-real-001,Q-MET-0163,A,A,与空气密度和空气温度的乘积成正比,0,10
20260513-batch-real-001,Q-MET-0163,B,B,与空气密度和空气温度的乘积成反比,0,20
20260513-batch-real-001,Q-MET-0163,C,C,与空气密度和空气绝对温度的乘积成正比,1,30
20260513-batch-real-001,Q-MET-0164,A,A,上下垂直于飞行方向的阵风,1,10
20260513-batch-real-001,Q-MET-0164,B,B,左右垂直于飞行方向的阵风,0,20
20260513-batch-real-001,Q-MET-0164,C,C,沿着飞行方向的阵风,0,30
20260513-batch-real-001,Q-MET-0165,A,A,饱和水汽压,0,10
20260513-batch-real-001,Q-MET-0165,B,B,相对湿度,1,20
20260513-batch-real-001,Q-MET-0165,C,C,露点温度,0,30
20260513-batch-real-001,Q-MET-0166,A,A,晴天积云,0,10
20260513-batch-real-001,Q-MET-0166,B,B,晴空颠簸,1,20
20260513-batch-real-001,Q-MET-0166,C,C,西风急流,0,30
20260513-batch-real-001,Q-MET-0167,A,A,功率损耗增大，飞行时间减少,1,10
20260513-batch-real-001,Q-MET-0167,B,B,最大起飞重量增加,0,20
20260513-batch-real-001,Q-MET-0167,C,C,飞行时间变长,0,30
20260513-batch-real-001,Q-MET-0168,A,A,空气清洁度,0,10
20260513-batch-real-001,Q-MET-0168,B,B,空气湿度,1,20
20260513-batch-real-001,Q-MET-0168,C,C,相对湿度,0,30
20260513-batch-real-001,Q-MET-0169,A,A,早晨天气晴朗,0,10
20260513-batch-real-001,Q-MET-0169,B,B,早晨有雾和烟幕,1,20
20260513-batch-real-001,Q-MET-0169,C,C,早晨有大风,0,30
20260513-batch-real-001,Q-MET-0170,A,A,在这个温度下，凝结的水汽与蒸发的水汽相等,1,10
20260513-batch-real-001,Q-MET-0170,B,B,空气一定会降低到这个温度并达到饱和,0,20
20260513-batch-real-001,Q-MET-0170,C,C,水汽开始蒸发的温度,0,30
20260513-batch-real-001,Q-MET-0171,A,A,由北朝南,1,10
20260513-batch-real-001,Q-MET-0171,B,B,由南朝北,0,20
20260513-batch-real-001,Q-MET-0171,C,C,由西向东,0,30
20260513-batch-real-001,Q-MET-0172,A,A,水汽吸收太阳辐射,0,10
20260513-batch-real-001,Q-MET-0172,B,B,空气吸收地面辐射,1,20
20260513-batch-real-001,Q-MET-0172,C,C,臭氧吸收太阳紫外线辐射,0,30
20260513-batch-real-001,Q-MET-0173,A,A,保持不变,0,10
20260513-batch-real-001,Q-MET-0173,B,B,缩短,0,20
20260513-batch-real-001,Q-MET-0173,C,C,增长,1,30
20260513-batch-real-001,Q-MET-0174,A,A,本站气压,0,10
20260513-batch-real-001,Q-MET-0174,B,B,标准海平面气压,1,20
20260513-batch-real-001,Q-MET-0174,C,C,修正海平面气压,0,30
20260513-batch-real-001,Q-MET-0175,A,A,饱和水汽压,0,10
20260513-batch-real-001,Q-MET-0175,B,B,相对湿度,1,20
20260513-batch-real-001,Q-MET-0175,C,C,露点,0,30
20260513-batch-real-001,Q-MET-0176,A,A,135°或SE,0,10
20260513-batch-real-001,Q-MET-0176,B,B,200°或NW,0,20
20260513-batch-real-001,Q-MET-0176,C,C,315°或NW,1,30
20260513-batch-real-001,Q-MET-0177,A,A,由西向东,0,10
20260513-batch-real-001,Q-MET-0177,B,B,由东向西,1,20
20260513-batch-real-001,Q-MET-0177,C,C,由北朝南,0,30
20260513-batch-real-001,Q-MET-0178,A,A,水平地转偏向力,0,10
20260513-batch-real-001,Q-MET-0178,B,B,地球的旋转运动,0,20
20260513-batch-real-001,Q-MET-0178,C,C,水平气压梯度力,1,30
20260513-batch-real-001,Q-MET-0179,A,A,顺风,0,10
20260513-batch-real-001,Q-MET-0179,B,B,右侧风,0,20
20260513-batch-real-001,Q-MET-0179,C,C,左侧风,1,30
20260513-batch-real-001,Q-MET-0180,A,A,向内、向上和沿逆时针方向,1,10
20260513-batch-real-001,Q-MET-0180,B,B,向外、向上和沿顺时针方向,0,20
20260513-batch-real-001,Q-MET-0180,C,C,向外、向下和沿顺时针方向,0,30
20260513-batch-real-001,Q-MET-0181,A,A,逆时针向外旋转,0,10
20260513-batch-real-001,Q-MET-0181,B,B,逆时针向内旋转,1,20
20260513-batch-real-001,Q-MET-0181,C,C,顺时针向内旋转,0,30
20260513-batch-real-001,Q-MET-0182,A,A,在高压系统和低压系统南侧,0,10
20260513-batch-real-001,Q-MET-0182,B,B,在高压系统南侧和低压系统北侧,0,20
20260513-batch-real-001,Q-MET-0182,C,C,在高压系统北侧和低压系统南侧,1,30
20260513-batch-real-001,Q-MET-0183,A,A,在高压系统和低压系统北侧,0,10
20260513-batch-real-001,Q-MET-0183,B,B,在高压系统北侧和低压系统南侧,0,20
20260513-batch-real-001,Q-MET-0183,C,C,在高压系统南侧和低压系统北侧,1,30
20260513-batch-real-001,Q-MET-0184,A,A,白天风由山谷吹向山坡,1,10
20260513-batch-real-001,Q-MET-0184,B,B,山谷风是由于海陆差异而形成的热力环流,0,20
20260513-batch-real-001,Q-MET-0184,C,C,气流越山而过，称为山风,0,30
20260513-batch-real-001,Q-MET-0185,A,A,从水面吹向陆地的空气较暖，密度小，导致空气上升,0,10
20260513-batch-real-001,Q-MET-0185,B,B,陆地吸收和散发热量比水面快,1,20
20260513-batch-real-001,Q-MET-0185,C,C,从水面吹向陆地的空气受地形抬升产生上升运动,0,30
20260513-batch-real-001,Q-MET-0186,A,A,稳定的空气层,1,10
20260513-batch-real-001,Q-MET-0186,B,B,不稳定的空气层,0,20
20260513-batch-real-001,Q-MET-0186,C,C,高度升高温度降低,0,30
20260513-batch-real-001,Q-MET-0187,A,A,逆温层中空气密度小，有利于大型飞机飞行,0,10
20260513-batch-real-001,Q-MET-0187,B,B,逆温层是稳定气层，其下能见度通常较差,1,20
20260513-batch-real-001,Q-MET-0187,C,C,逆温层中温度随高度升高而降低,0,30
20260513-batch-real-001,Q-MET-0188,A,A,积雨云,1,10
20260513-batch-real-001,Q-MET-0188,B,B,高积云,0,20
20260513-batch-real-001,Q-MET-0188,C,C,伪卷云,0,30
20260513-batch-real-001,Q-MET-0189,A,A,能形成结构不同的云,0,10
20260513-batch-real-001,Q-MET-0189,B,B,能覆盖大片地区，温度和湿度等特征性相对均匀,1,20
20260513-batch-real-001,Q-MET-0189,C,C,气团内部各地天气差异很大,0,30
20260513-batch-real-001,Q-MET-0190,A,A,飞过山区时碰上了扰动气流,0,10
20260513-batch-real-001,Q-MET-0190,B,B,穿过了高空急流,0,20
20260513-batch-real-001,Q-MET-0190,C,C,在短时间内温度和风向都有明显变化,1,30
20260513-batch-real-001,Q-MET-0191,A,A,太阳辐射的变化,0,10
20260513-batch-real-001,Q-MET-0191,B,B,天气系统的移动,0,20
20260513-batch-real-001,Q-MET-0191,C,C,下垫面性质发生了变化,1,30
20260513-batch-real-001,Q-MET-0192,A,A,飞行了很长时间下面仍然是广阔的海洋,0,10
20260513-batch-real-001,Q-MET-0192,B,B,飞行了很长时间气象条件变化不大,1,20
20260513-batch-real-001,Q-MET-0192,C,C,飞行中穿过了层状云系,0,30
20260513-batch-real-001,Q-MET-0193,A,A,积状云，乱流和能见度好,1,10
20260513-batch-real-001,Q-MET-0193,B,B,层状云气流平稳和低能见度,0,20
20260513-batch-real-001,Q-MET-0193,C,C,毛毛雨和雾,0,30
20260513-batch-real-001,Q-MET-0194,A,A,层状云,0,10
20260513-batch-real-001,Q-MET-0194,B,B,锋面雾,0,20
20260513-batch-real-001,Q-MET-0194,C,C,积雨云,1,30
20260513-batch-real-001,Q-MET-0195,A,A,风速,0,10
20260513-batch-real-001,Q-MET-0195,B,B,气压,0,20
20260513-batch-real-001,Q-MET-0195,C,C,气温,1,30
20260513-batch-real-001,Q-MET-0196,A,A,积雨云,1,10
20260513-batch-real-001,Q-MET-0196,B,B,锋面雾,0,20
20260513-batch-real-001,Q-MET-0196,C,C,高积云,0,30
20260513-batch-real-001,Q-MET-0197,A,A,积云群,0,10
20260513-batch-real-001,Q-MET-0197,B,B,中云,0,20
20260513-batch-real-001,Q-MET-0197,C,C,积雨云,1,30
20260513-batch-real-001,Q-MET-0198,A,A,灰白色,0,10
20260513-batch-real-001,Q-MET-0198,B,B,浅灰色,0,20
20260513-batch-real-001,Q-MET-0198,C,C,浓白色,1,30
20260513-batch-real-001,Q-MET-0199,A,A,灰白色,0,10
20260513-batch-real-001,Q-MET-0199,B,B,浅灰色,0,20
20260513-batch-real-001,Q-MET-0199,C,C,浓白色,1,30
20260513-batch-real-001,Q-MET-0200,A,A,活跃的冷锋,0,10
20260513-batch-real-001,Q-MET-0200,B,B,成熟的气旋,1,20
20260513-batch-real-001,Q-MET-0200,C,C,高空槽,0,30
20260513-batch-real-001,Q-MET-0201,A,A,云中充满上升气流,1,10
20260513-batch-real-001,Q-MET-0201,B,B,频繁的闪电,0,20
20260513-batch-real-001,Q-MET-0201,C,C,升降气流并存,0,30
20260513-batch-real-001,Q-MET-0202,A,A,各点航线角相等,0,10
20260513-batch-real-001,Q-MET-0202,B,B,航线距离最短,1,20
20260513-batch-real-001,Q-MET-0202,C,C,航线距离最长,0,30
20260513-batch-real-001,Q-MET-0203,A,A,两点之间的直线长度,0,10
20260513-batch-real-001,Q-MET-0203,B,B,两点之间的等角线长度,0,20
20260513-batch-real-001,Q-MET-0203,C,C,两点之间大圆的弧长,1,30
20260513-batch-real-001,Q-MET-0204,A,A,0.5公里,0,10
20260513-batch-real-001,Q-MET-0204,B,B,50公里,0,20
20260513-batch-real-001,Q-MET-0204,C,C,5公里,1,30
20260513-batch-real-001,Q-MET-0205,A,A,2厘米,1,10
20260513-batch-real-001,Q-MET-0205,B,B,4厘米,0,20
20260513-batch-real-001,Q-MET-0205,C,C,6厘米,0,30
20260513-batch-real-001,Q-MET-0206,A,A,北纬180°,0,10
20260513-batch-real-001,Q-MET-0206,B,B,北纬90°,1,20
20260513-batch-real-001,Q-MET-0206,C,C,北纬0。,0,30
20260513-batch-real-001,Q-MET-0207,A,A,1.85公里,1,10
20260513-batch-real-001,Q-MET-0207,B,B,1.15公里,0,20
20260513-batch-real-001,Q-MET-0207,C,C,1.61公里,0,30
20260513-batch-real-001,Q-MET-0208,A,A,300英尺,0,10
20260513-batch-real-001,Q-MET-0208,B,B,305英尺,0,20
20260513-batch-real-001,Q-MET-0208,C,C,328英尺,1,30
20260513-batch-real-001,Q-MET-0209,A,A,12个 30°,0,10
20260513-batch-real-001,Q-MET-0209,B,B,24个15°,1,20
20260513-batch-real-001,Q-MET-0209,C,C,18个20°,0,30
20260513-batch-real-001,Q-MET-0210,A,A,英国伦敦的地方时,0,10
20260513-batch-real-001,Q-MET-0210,B,B,零时区的区时,1,20
20260513-batch-real-001,Q-MET-0210,C,C,12时区的区时,0,30
20260513-batch-real-001,Q-MET-0211,A,A,飞机飞行的高度,0,10
20260513-batch-real-001,Q-MET-0211,B,B,飞机到某一基准面的垂直距离,1,20
20260513-batch-real-001,Q-MET-0211,C,C,飞机到机场平面的垂直距离,0,30
20260513-batch-real-001,Q-MET-0212,A,A,大气密度,0,10
20260513-batch-real-001,Q-MET-0212,B,B,大气压力,1,20
20260513-batch-real-001,Q-MET-0212,C,C,大气温度,0,30
20260513-batch-real-001,Q-MET-0213,A,A,海面气压,0,10
20260513-batch-real-001,Q-MET-0213,B,B,修正海平面气压高度,1,20
20260513-batch-real-001,Q-MET-0213,C,C,场压高度,0,30
20260513-batch-real-001,Q-MET-0214,A,A,场面气压,1,10
20260513-batch-real-001,Q-MET-0214,B,B,场面气压高度,0,20
20260513-batch-real-001,Q-MET-0214,C,C,海平面气压,0,30
20260513-batch-real-001,Q-MET-0215,A,A,机场平面,0,10
20260513-batch-real-001,Q-MET-0215,B,B,平均海平面,0,20
20260513-batch-real-001,Q-MET-0215,C,C,1013hPa气压平面,1,30
20260513-batch-real-001,Q-MET-0216,A,A,低于2000米,1,10
20260513-batch-real-001,Q-MET-0216,B,B,高于2000米,0,20
20260513-batch-real-001,Q-MET-0216,C,C,等于2000米,0,30
20260513-batch-real-001,Q-MET-0217,A,A,200英尺,1,10
20260513-batch-real-001,Q-MET-0217,B,B,180英尺,0,20
20260513-batch-real-001,Q-MET-0217,C,C,220英尺,0,30
20260513-batch-real-001,Q-MET-0218,A,A,地速增大，偏流增大,0,10
20260513-batch-real-001,Q-MET-0218,B,B,地速增大，偏流减小,1,20
20260513-batch-real-001,Q-MET-0218,C,C,地速增大，偏流不变,0,30
20260513-batch-real-001,Q-MET-0219,A,A,偏流增大，地速在顺侧风时增大,1,10
20260513-batch-real-001,Q-MET-0219,B,B,偏流增大，地速增大,0,20
20260513-batch-real-001,Q-MET-0219,C,C,偏流减小，地速减小,0,30
20260513-batch-real-001,Q-MET-0220,A,A,偏流减小，地速在顺侧风时增大,0,10
20260513-batch-real-001,Q-MET-0220,B,B,偏流减小，地速不变,0,20
20260513-batch-real-001,Q-MET-0220,C,C,偏流减小，地速在逆侧风时增大,1,30
20260513-batch-real-001,Q-MET-0221,A,A,数字、文字、分式,0,10
20260513-batch-real-001,Q-MET-0221,B,B,数字、文字、图解,1,20
20260513-batch-real-001,Q-MET-0221,C,C,数字、分式、图解,0,30
20260513-batch-real-001,Q-MET-0222,A,A,地图比例尺、地图符号、地图投影,0,10
20260513-batch-real-001,Q-MET-0222,B,B,地图比例尺、地图符号、图例,1,20
20260513-batch-real-001,Q-MET-0222,C,C,地图符号、图例、地图投影,0,30
20260513-batch-real-001,Q-MET-0223,A,A,角度、长度、体积,0,10
20260513-batch-real-001,Q-MET-0223,B,B,角度、面积、体积,0,20
20260513-batch-real-001,Q-MET-0223,C,C,角度、长度、面积,1,30
20260513-batch-real-001,Q-MET-0224,A,A,等距投影图,0,10
20260513-batch-real-001,Q-MET-0224,B,B,等角投影图,1,20
20260513-batch-real-001,Q-MET-0224,C,C,等积投影图,0,30
20260513-batch-real-001,Q-MET-0225,A,A,在可见光云图上，卷云呈灰-深灰色,0,10
20260513-batch-real-001,Q-MET-0225,B,B,在红外线云图上卷云顶温度很低，呈白色,0,20
20260513-batch-real-001,Q-MET-0225,C,C,无论可见光卫星云图还是红外线云图，卷云都没有纤维结构,1,30
20260513-batch-real-001,Q-MET-0226,A,A,空气的饱和程度,0,10
20260513-batch-real-001,Q-MET-0226,B,B,空气中的水汽含量,1,20
20260513-batch-real-001,Q-MET-0226,C,C,空气中凝结核的含量,0,30
20260513-batch-real-001,Q-MET-0227,A,A,只要是理想的不可压缩流体,0,10
20260513-batch-real-001,Q-MET-0227,B,B,只要是理想的不可压缩流体与外界无能量交换的流体,0,20
20260513-batch-real-001,Q-MET-0227,C,C,必须是理想的不可压缩流体且与外界无能量交换的流体,1,30
20260513-batch-real-001,Q-MET-0228,A,A,顺风较大,0,10
20260513-batch-real-001,Q-MET-0228,B,B,逆风较大,1,20
20260513-batch-real-001,Q-MET-0228,C,C,无风,0,30
20260513-batch-real-001,Q-MET-0229,A,A,空气相对湿度,0,10
20260513-batch-real-001,Q-MET-0229,B,B,空气压力,1,20
20260513-batch-real-001,Q-MET-0229,C,C,空气温差,0,30
20260513-batch-real-001,Q-MET-0230,A,A,先遇强逆风，后遇下沉气流，随后强顺风,1,10
20260513-batch-real-001,Q-MET-0230,B,B,先遇强顺风，后遇上升气流，随后强顺风,0,20
20260513-batch-real-001,Q-MET-0230,C,C,先遇强逆风，后遇上升气流，随后强顺风,0,30
20260513-batch-real-001,Q-MET-0231,A,A,山地地形多少,0,10
20260513-batch-real-001,Q-MET-0231,B,B,山地地形大小,1,20
20260513-batch-real-001,Q-MET-0231,C,C,其他,0,30
20260513-batch-real-001,Q-MET-0232,A,A,障碍物的多少和风的基本速度,0,10
20260513-batch-real-001,Q-MET-0232,B,B,障碍物的大小和风的基本方向,0,20
20260513-batch-real-001,Q-MET-0232,C,C,障碍物的大小和风的基本速度,1,30
20260513-batch-real-001,Q-MET-0233,A,A,北半球，地球自转偏向力使得气流向右偏转,1,10
20260513-batch-real-001,Q-MET-0233,B,B,北半球，地球自转偏向力使得气流先向右再向左转,0,20
20260513-batch-real-001,Q-MET-0233,C,C,北半球，地球自转偏向力使得气流向左偏转,0,30
20260513-batch-real-001,Q-MET-0234,A,A,0摄氏度,0,10
20260513-batch-real-001,Q-MET-0234,B,B,15摄氏度,1,20
20260513-batch-real-001,Q-MET-0234,C,C,27摄氏度,0,30
20260513-batch-real-001,Q-MET-0235,A,A,强对流云直接探测,1,10
20260513-batch-real-001,Q-MET-0235,B,B,旱涝灾害评估,0,20
20260513-batch-real-001,Q-MET-0235,C,C,人工催化播撒降雨,0,30
20260513-batch-real-001,Q-MET-0236,A,A,3级风,0,10
20260513-batch-real-001,Q-MET-0236,B,B,4级风,1,20
20260513-batch-real-001,Q-MET-0236,C,C,2级风,0,30
20260513-batch-real-001,Q-MET-0237,A,A,西南风,0,10
20260513-batch-real-001,Q-MET-0237,B,B,东南风,1,20
20260513-batch-real-001,Q-MET-0237,C,C,西北风,0,30
20260513-batch-real-001,Q-MET-0238,A,A,侧风飞行,0,10
20260513-batch-real-001,Q-MET-0238,B,B,逆风飞行,0,20
20260513-batch-real-001,Q-MET-0238,C,C,顺风飞行,1,30
20260513-batch-real-001,Q-MET-0239,A,A,小于1000米,0,10
20260513-batch-real-001,Q-MET-0239,B,B,小于100米,0,20
20260513-batch-real-001,Q-MET-0239,C,C,小于500米,1,30
20260513-batch-real-001,Q-MET-0240,A,A,可见光CCD,0,10
20260513-batch-real-001,Q-MET-0240,B,B,红外摄像机,0,20
20260513-batch-real-001,Q-MET-0240,C,C,合成孔径雷达,1,30
20260513-batch-real-001,Q-MET-0241,A,A,续航性能,1,10
20260513-batch-real-001,Q-MET-0241,B,B,载荷性能,0,20
20260513-batch-real-001,Q-MET-0241,C,C,速度性能,0,30
20260513-batch-real-001,Q-MET-0242,A,A,2级,0,10
20260513-batch-real-001,Q-MET-0242,B,B,6级,0,20
20260513-batch-real-001,Q-MET-0242,C,C,4级,1,30
20260513-batch-real-001,Q-MET-0243,A,A,3.4m/s-5.4m/s,0,10
20260513-batch-real-001,Q-MET-0243,B,B,5.5m/s-7.9m/s,1,20
20260513-batch-real-001,Q-MET-0243,C,C,8.0m/s-10.7m/s,0,30
20260513-batch-real-001,Q-MET-0244,A,A,夏季,1,10
20260513-batch-real-001,Q-MET-0244,B,B,冬季,0,20
20260513-batch-real-001,Q-MET-0244,C,C,一样长,0,30
20260513-batch-real-001,Q-MET-0245,A,A,雾是悬浮于地面的水汽冷却凝结而成,0,10
20260513-batch-real-001,Q-MET-0245,B,B,笼罩城乡的雾气不会含污染物,1,20
20260513-batch-real-001,Q-MET-0245,C,C,雾散之后是晴天,0,30
20260513-batch-real-001,Q-MET-0246,A,A,中午气压高度高,1,10
20260513-batch-real-001,Q-MET-0246,B,B,傍晚气压高度高,0,20
20260513-batch-real-001,Q-MET-0246,C,C,一样高,0,30
20260513-batch-real-001,Q-MET-0246,D,D,以上均有可能,0,40
20260513-batch-real-001,Q-MET-0247,A,A,雾会影响无人机的起降手动操作,0,10
20260513-batch-real-001,Q-MET-0247,B,B,大雾会影响无人机的航线自主飞行,1,20
20260513-batch-real-001,Q-MET-0247,C,C,大雾会影响无人机航拍任务设备效果,0,30
20260513-batch-real-001,Q-MET-0248,A,A,二冲程活塞式汽油机,0,10
20260513-batch-real-001,Q-MET-0248,B,B,涡轮喷气发动机,0,20
20260513-batch-real-001,Q-MET-0248,C,C,外转子无刷电动机,1,30
20260513-batch-real-001,Q-MET-0249,A,A,顺风飞行时地速较大,1,10
20260513-batch-real-001,Q-MET-0249,B,B,逆风飞行时地速较大,0,20
20260513-batch-real-001,Q-MET-0249,C,C,顺风逆风地速相同,0,30
20260513-batch-real-001,Q-MET-0250,A,A,较强,0,10
20260513-batch-real-001,Q-MET-0250,B,B,较弱,1,20
20260513-batch-real-001,Q-MET-0250,C,C,混乱,0,30
20260513-batch-real-001,Q-MET-0251,A,A,那么他的失速速度会减小,0,10
20260513-batch-real-001,Q-MET-0251,B,B,那么他的失速速度会增加,1,20
20260513-batch-real-001,Q-MET-0251,C,C,那么他的失速速度增加或减小不确定,0,30
20260513-batch-real-001,Q-MET-0252,A,A,GPS高度,0,10
20260513-batch-real-001,Q-MET-0252,B,B,气压高度,1,20
20260513-batch-real-001,Q-MET-0252,C,C,本场相对高度,0,30
20260513-batch-real-001,Q-MET-0253,A,A,磁罗盘,0,10
20260513-batch-real-001,Q-MET-0253,B,B,速率陀螺,0,20
20260513-batch-real-001,Q-MET-0253,C,C,气压高度计,1,30
20260513-batch-real-001,Q-MET-0254,A,A,5.5-7.9m/s,1,10
20260513-batch-real-001,Q-MET-0254,B,B,8.0-10.7 m/s,0,20
20260513-batch-real-001,Q-MET-0254,C,C,10.8-13.8 m/s.,0,30
20260513-batch-real-001,Q-MET-0255,A,A,稳定的逆风,0,10
20260513-batch-real-001,Q-MET-0255,B,B,稳定的上升气流,1,20
20260513-batch-real-001,Q-MET-0255,C,C,稳定的下降气流,0,30
20260513-batch-real-001,Q-ROTARY-0001,A,A,6 个顺时针旋转螺旋桨,0,10
20260513-batch-real-001,Q-ROTARY-0001,B,B,3个顺时针旋转螺旋桨，3 个逆时针旋转螺旋桨,1,20
20260513-batch-real-001,Q-ROTARY-0001,C,C,4 个顺时针旋转螺旋桨，2 个逆时针旋转螺旋桨,0,30
20260513-batch-real-001,Q-ROTARY-0002,A,A,电源,0,10
20260513-batch-real-001,Q-ROTARY-0002,B,B,电调,1,20
20260513-batch-real-001,Q-ROTARY-0002,C,C,飞控,0,30
20260513-batch-real-001,Q-ROTARY-0003,A,A,桨根处线速度小于桨尖处线速度,1,10
20260513-batch-real-001,Q-ROTARY-0003,B,B,桨根处线速度大于桨尖处线速度,0,20
20260513-batch-real-001,Q-ROTARY-0003,C,C,桨根处线速度等于桨尖处线速度,0,30
20260513-batch-real-001,Q-ROTARY-0004,A,A,舵机轴,0,10
20260513-batch-real-001,Q-ROTARY-0004,B,B,飞行器运动坐标轴,0,20
20260513-batch-real-001,Q-ROTARY-0004,C,C,旋翼轴,1,30
20260513-batch-real-001,Q-ROTARY-0005,A,A,做好减震措施，固定云台并安装云台固定支架，装箱运输,1,10
20260513-batch-real-001,Q-ROTARY-0005,B,B,装箱运输，也可行李箱运输,0,20
20260513-batch-real-001,Q-ROTARY-0005,C,C,可随意拆装运输,0,30
20260513-batch-real-001,Q-ROTARY-0006,A,A,应在人员密集区，如公园、广场等,0,10
20260513-batch-real-001,Q-ROTARY-0006,B,B,在规定空域使用能够，且起飞前提醒周边人群远离,1,20
20260513-batch-real-001,Q-ROTARY-0006,C,C,不受环境影响,0,30
20260513-batch-real-001,Q-ROTARY-0007,A,A,4轴效率高,1,10
20260513-batch-real-001,Q-ROTARY-0007,B,B,8轴效率高,0,20
20260513-batch-real-001,Q-ROTARY-0007,C,C,效率一样高,0,30
20260513-batch-real-001,Q-ROTARY-0008,A,A,单个旋翼的反扭矩会迫使多轴飞行器向旋翼旋转的反方向偏转,0,10
20260513-batch-real-001,Q-ROTARY-0008,B,B,单个旋翼反扭矩的大小取决于电动机转速,0,20
20260513-batch-real-001,Q-ROTARY-0008,C,C,多轴飞行器的俯仰运动通过改变各个旋翼的反扭矩来实现,1,30
20260513-batch-real-001,Q-ROTARY-0009,A,A,气动效率高,0,10
20260513-batch-real-001,Q-ROTARY-0009,B,B,载重能力强,0,20
20260513-batch-real-001,Q-ROTARY-0009,C,C,结构与控制简单,1,30
20260513-batch-real-001,Q-ROTARY-0010,A,A,电机电流过大，造成损坏,0,10
20260513-batch-real-001,Q-ROTARY-0010,B,B,电调电流过大，造成损坏,0,20
20260513-batch-real-001,Q-ROTARY-0010,C,C,飞控电流过大，造成损坏,1,30
20260513-batch-real-001,Q-ROTARY-0011,A,A,减重,1,10
20260513-batch-real-001,Q-ROTARY-0011,B,B,更换大桨,0,20
20260513-batch-real-001,Q-ROTARY-0011,C,C,更换大容量电池,0,30
20260513-batch-real-001,Q-ROTARY-0012,A,A,横滚角相同,0,10
20260513-batch-real-001,Q-ROTARY-0012,B,B,横滚角不同,1,20
20260513-batch-real-001,Q-ROTARY-0012,C,C,横滚角不确定,0,30
20260513-batch-real-001,Q-ROTARY-0013,A,A,GPS,1,10
20260513-batch-real-001,Q-ROTARY-0013,B,B,空速管,0,20
20260513-batch-real-001,Q-ROTARY-0013,C,C,惯导,0,30
20260513-batch-real-001,Q-ROTARY-0014,A,A,具有两个以上旋翼轴的旋翼航空器,0,10
20260513-batch-real-001,Q-ROTARY-0014,B,B,具有不少于四个旋翼轴的无人旋翼航空器,0,20
20260513-batch-real-001,Q-ROTARY-0014,C,C,具有三个及以上旋翼轴的旋翼航空器,1,30
20260513-batch-real-001,Q-ROTARY-0015,A,A,便携充电器,0,10
20260513-batch-real-001,Q-ROTARY-0015,B,B,快速充电器,0,20
20260513-batch-real-001,Q-ROTARY-0015,C,C,平衡充电器,1,30
20260513-batch-real-001,Q-ROTARY-0016,A,A,3508适合带动更大的螺旋桨,0,10
20260513-batch-real-001,Q-ROTARY-0016,B,B,2820适用于更高的转速,0,20
20260513-batch-real-001,Q-ROTARY-0016,C,C,尺寸上，2820粗一些，3508高一些,1,30
20260513-batch-real-001,Q-ROTARY-0017,A,A,相邻的2个桨加速，另2个桨减速,0,10
20260513-batch-real-001,Q-ROTARY-0017,B,B,相对的2个桨加速，另2个桨减速,1,20
20260513-batch-real-001,Q-ROTARY-0017,C,C,4个桨均加速,0,30
20260513-batch-real-001,Q-ROTARY-0018,A,A,两叶桨的效率高,1,10
20260513-batch-real-001,Q-ROTARY-0018,B,B,三叶桨的效率高,0,20
20260513-batch-real-001,Q-ROTARY-0018,C,C,一样高,0,30
20260513-batch-real-001,Q-ROTARY-0019,A,A,主要通过控制方向舵杆量操纵,1,10
20260513-batch-real-001,Q-ROTARY-0019,B,B,主要通过控制副翼杆量操纵,0,20
20260513-batch-real-001,Q-ROTARY-0019,C,C,主要通过控制升降舵杆量操纵,0,30
20260513-batch-real-001,Q-ROTARY-0020,A,A,总距杆,0,10
20260513-batch-real-001,Q-ROTARY-0020,B,B,转速,1,20
20260513-batch-real-001,Q-ROTARY-0020,C,C,尾桨,0,30
20260513-batch-real-001,Q-ROTARY-0021,A,A,把桨叶尖部做成后掠形,1,10
20260513-batch-real-001,Q-ROTARY-0021,B,B,采用矩形桨叶,0,20
20260513-batch-real-001,Q-ROTARY-0021,C,C,采用尖削桨叶,0,30
20260513-batch-real-001,Q-ROTARY-0022,A,A,推式尾桨,1,10
20260513-batch-real-001,Q-ROTARY-0022,B,B,拉式尾桨,0,20
20260513-batch-real-001,Q-ROTARY-0022,C,C,若其他参数没有区别则没有区别,0,30
20260513-batch-real-001,Q-ROTARY-0023,A,A,通过调整不同旋翼之间的总矩,0,10
20260513-batch-real-001,Q-ROTARY-0023,B,B,通过调整不同旋翼之间相对转速,1,20
20260513-batch-real-001,Q-ROTARY-0023,C,C,通过调整不同旋翼之间倾斜角度,0,30
20260513-batch-real-001,Q-ROTARY-0024,A,A,本质上讲旋翼是一个能量转换部件，它把发动机通过旋翼轴传来的旋转动能转换成旋翼拉力,0,10
20260513-batch-real-001,Q-ROTARY-0024,B,B,旋翼的基本功能是产生旋翼拉力,0,20
20260513-batch-real-001,Q-ROTARY-0024,C,C,旋翼的基本功能是产生前进推力,1,30
20260513-batch-real-001,Q-ROTARY-0025,A,A,桨叶的剖面形状称为桨叶翼型,0,10
20260513-batch-real-001,Q-ROTARY-0025,B,B,桨叶翼型常见的有平凸型.双凸型和非对称型,1,20
20260513-batch-real-001,Q-ROTARY-0025,C,C,一般用相对厚度.最大厚度位置.相对弯度.最大弯度位置等参数来说明桨叶翼型,0,30
20260513-batch-real-001,Q-ROTARY-0026,A,A,旋翼的反扭矩会迫使直升机向旋翼旋转的反方向偏转,1,10
20260513-batch-real-001,Q-ROTARY-0026,B,B,旋翼反扭矩的大小取决于发动机输入功率的大小,0,20
20260513-batch-real-001,Q-ROTARY-0026,C,C,发动机带动旋翼旋转时，旋翼诱导阻力力矩为发动机传递给旋翼轴的扭矩所平衡,0,30
20260513-batch-real-001,Q-ROTARY-0027,A,A,俯仰平衡,0,10
20260513-batch-real-001,Q-ROTARY-0027,B,B,方向平衡,0,20
20260513-batch-real-001,Q-ROTARY-0027,C,C,前飞废阻力平衡,1,30
20260513-batch-real-001,Q-ROTARY-0028,A,A,起落架形式,1,10
20260513-batch-real-001,Q-ROTARY-0028,B,B,风的影响,0,20
20260513-batch-real-001,Q-ROTARY-0028,C,C,地面效应的影响,0,30
20260513-batch-real-001,Q-ROTARY-0029,A,A,自转旋翼机,1,10
20260513-batch-real-001,Q-ROTARY-0029,B,B,重于空气的航空器,0,20
20260513-batch-real-001,Q-ROTARY-0029,C,C,直升机,0,30
20260513-batch-real-001,Q-ROTARY-0030,A,A,“+”模式操纵性好,0,10
20260513-batch-real-001,Q-ROTARY-0030,B,B,"“X""模式操纵性好",1,20
20260513-batch-real-001,Q-ROTARY-0030,C,C,两种模式操纵性没有区别,0,30
20260513-batch-real-001,Q-ROTARY-0031,A,A,自旋翼飞行器起飞离地到着陆接地的时间,0,10
20260513-batch-real-001,Q-ROTARY-0031,B,B,自旋翼飞行器起飞滑跑到着陆滑跑终止的时间,0,20
20260513-batch-real-001,Q-ROTARY-0031,C,C,自旋翼飞行器旋翼开始转动到旋翼停止转动的瞬间,1,30
20260513-batch-real-001,Q-ROTARY-0032,A,A,桨根处迎角小于桨尖处迎角（迎角均改为安装角),0,10
20260513-batch-real-001,Q-ROTARY-0032,B,B,桨根处迎角大于桨尖处迎角,1,20
20260513-batch-real-001,Q-ROTARY-0032,C,C,桨根处迎角等于桨尖处迎角,0,30
20260513-batch-real-001,Q-ROTARY-0033,A,A,提高稳定性,1,10
20260513-batch-real-001,Q-ROTARY-0033,B,B,提高机动性,0,20
20260513-batch-real-001,Q-ROTARY-0033,C,C,减小电力耗损,0,30
20260513-batch-real-001,Q-ROTARY-0034,A,A,2～3颗,0,10
20260513-batch-real-001,Q-ROTARY-0034,B,B,4～5颗,1,20
20260513-batch-real-001,Q-ROTARY-0034,C,C,6～7颗,0,30
20260513-batch-real-001,Q-ROTARY-0035,A,A,飞行器的顶部,1,10
20260513-batch-real-001,Q-ROTARY-0035,B,B,飞行器的中心,0,20
20260513-batch-real-001,Q-ROTARY-0035,C,C,飞行器的尾部,0,30
20260513-batch-real-001,Q-ROTARY-0036,A,A,自身重力,0,10
20260513-batch-real-001,Q-ROTARY-0036,B,B,旋翼桨叶的铰链力矩,1,20
20260513-batch-real-001,Q-ROTARY-0036,C,C,旋翼的反扭矩和桨毂力矩,0,30
20260513-batch-real-001,Q-ROTARY-0037,A,A,机架,0,10
20260513-batch-real-001,Q-ROTARY-0037,B,B,云台架,0,20
20260513-batch-real-001,Q-ROTARY-0037,C,C,脚架,1,30
20260513-batch-real-001,Q-ROTARY-0038,A,A,每分钟3000转,1,10
20260513-batch-real-001,Q-ROTARY-0038,B,B,每秒钟3000转,0,20
20260513-batch-real-001,Q-ROTARY-0038,C,C,每小时3000转,0,30
20260513-batch-real-001,Q-ROTARY-0039,A,A,有刷电调和无刷电调,1,10
20260513-batch-real-001,Q-ROTARY-0039,B,B,直流电调和交流电调,0,20
20260513-batch-real-001,Q-ROTARY-0039,C,C,有级电调和无级电调,0,30
20260513-batch-real-001,Q-ROTARY-0040,A,A,旋翼只起升力面的作用,0,10
20260513-batch-real-001,Q-ROTARY-0040,B,B,旋翼只充当纵横向和航向的操纵面,0,20
20260513-batch-real-001,Q-ROTARY-0040,C,C,旋翼既是升力面又是纵横向和航向的操纵面,1,30
20260513-batch-real-001,Q-ROTARY-0041,A,A,俯视多旋翼飞行器顺时针旋翼,0,10
20260513-batch-real-001,Q-ROTARY-0041,B,B,俯视多旋翼飞行器逆时针旋翼,0,20
20260513-batch-real-001,Q-ROTARY-0041,C,C,俯视多旋翼飞行器两两对应,1,30
20260513-batch-real-001,Q-ROTARY-0042,A,A,一个电调，一个电机,1,10
20260513-batch-real-001,Q-ROTARY-0042,B,B,2个电调，1个电机,0,20
20260513-batch-real-001,Q-ROTARY-0042,C,C,一个电调，2个电机,0,30
20260513-batch-real-001,Q-ROTARY-0043,A,A,对称性,0,10
20260513-batch-real-001,Q-ROTARY-0043,B,B,凹凸形,1,20
20260513-batch-real-001,Q-ROTARY-0043,C,C,S形,0,30
20260513-batch-real-001,Q-ROTARY-0044,A,A,地表是否凹凸不平,0,10
20260513-batch-real-001,Q-ROTARY-0044,B,B,风向,0,20
20260513-batch-real-001,Q-ROTARY-0044,C,C,湿度、风力,1,30
20260513-batch-real-001,Q-ROTARY-0045,A,A,提高螺旋桨效率,0,10
20260513-batch-real-001,Q-ROTARY-0045,B,B,增加外形的美观,0,20
20260513-batch-real-001,Q-ROTARY-0045,C,C,防止磕碰提高安全性,1,30
20260513-batch-real-001,Q-ROTARY-0046,A,A,相邻的两个桨加速，另两个桨减速,0,10
20260513-batch-real-001,Q-ROTARY-0046,B,B,相对的两个桨加速，另两个桨减速,1,20
20260513-batch-real-001,Q-ROTARY-0046,C,C,4个桨均加速,0,30
20260513-batch-real-001,Q-ROTARY-0047,A,A,加大油门,0,10
20260513-batch-real-001,Q-ROTARY-0047,B,B,一键返航,0,20
20260513-batch-real-001,Q-ROTARY-0047,C,C,云台复位通过图像确定机头方向,1,30
20260513-batch-real-001,Q-ROTARY-0048,A,A,GPS手动模式切换,1,10
20260513-batch-real-001,Q-ROTARY-0048,B,B,云台状态切换,0,20
20260513-batch-real-001,Q-ROTARY-0048,C,C,航向锁定切换,0,30
20260513-batch-real-001,Q-ROTARY-0049,A,A,10公里/小时,0,10
20260513-batch-real-001,Q-ROTARY-0049,B,B,15公里/小时,1,20
20260513-batch-real-001,Q-ROTARY-0049,C,C,20公里/小时,0,30
20260513-batch-real-001,Q-ROTARY-0050,A,A,水汽吸收太阳辐射,0,10
20260513-batch-real-001,Q-ROTARY-0050,B,B,空气吸收地面辐射,1,20
20260513-batch-real-001,Q-ROTARY-0050,C,C,臭氧吸收太阳紫外线辐射,0,30
20260513-batch-real-001,Q-ROTARY-0051,A,A,为零,1,10
20260513-batch-real-001,Q-ROTARY-0051,B,B,不为零,0,20
20260513-batch-real-001,Q-ROTARY-0051,C,C,无法判断,0,30
20260513-batch-real-001,Q-ROTARY-0052,A,A,桨距杆上提过高,0,10
20260513-batch-real-001,Q-ROTARY-0052,B,B,下降速度和下降率都大,0,20
20260513-batch-real-001,Q-ROTARY-0052,C,C,垂直下降率过大或小前进速度、大下降率下降,1,30
20260513-batch-real-001,Q-ROTARY-0053,A,A,旋翼产生拉力的作用,0,10
20260513-batch-real-001,Q-ROTARY-0053,B,B,桨叶的惯性离心力的作用,0,20
20260513-batch-real-001,Q-ROTARY-0053,C,C,旋翼拉力和惯性离心力等共同的作用,1,30
20260513-batch-real-001,Q-ROTARY-0054,A,A,产生足够的旋翼拉力,0,10
20260513-batch-real-001,Q-ROTARY-0054,B,B,减小诱导功率损失,1,20
20260513-batch-real-001,Q-ROTARY-0054,C,C,减小旋翼桨叶的片数,0,30
20260513-batch-real-001,Q-ROTARY-0055,A,A,平飞中，载重大，诱导速度小,0,10
20260513-batch-real-001,Q-ROTARY-0055,B,B,平飞速度大，诱导速度小,1,20
20260513-batch-real-001,Q-ROTARY-0055,C,C,旋翼拉力大，诱导速度小,0,30
20260513-batch-real-001,Q-ROTARY-0056,A,A,飞行载重,0,10
20260513-batch-real-001,Q-ROTARY-0056,B,B,飞行速度,0,20
20260513-batch-real-001,Q-ROTARY-0056,C,C,前飞速度和旋翼转速,1,30
20260513-batch-real-001,Q-ROTARY-0057,A,A,旋翼周向气流速度不对称,1,10
20260513-batch-real-001,Q-ROTARY-0057,B,B,旋翼空气阻力作用,0,20
20260513-batch-real-001,Q-ROTARY-0057,C,C,前飞中的惯性作用,0,30
20260513-batch-real-001,Q-ROTARY-0058,A,A,逐渐增大,0,10
20260513-batch-real-001,Q-ROTARY-0058,B,B,逐渐减小,1,20
20260513-batch-real-001,Q-ROTARY-0058,C,C,先增后减,0,30
20260513-batch-real-001,Q-ROTARY-0059,A,A,逐渐增大,1,10
20260513-batch-real-001,Q-ROTARY-0059,B,B,逐渐减小,0,20
20260513-batch-real-001,Q-ROTARY-0059,C,C,先增后减,0,30
20260513-batch-real-001,Q-ROTARY-0060,A,A,逐渐增大,0,10
20260513-batch-real-001,Q-ROTARY-0060,B,B,逐渐减小,0,20
20260513-batch-real-001,Q-ROTARY-0060,C,C,基本不变,1,30
20260513-batch-real-001,Q-ROTARY-0060,A,A,逐渐增大：错误。虽然诱导速度增大，但空气密度减小抵消了其影响。,0,40
20260513-batch-real-001,Q-ROTARY-0061,A,A,保证空气动力沿桨叶展向变化均匀,1,10
20260513-batch-real-001,Q-ROTARY-0061,B,B,增大桨叶尖部的拉力,0,20
20260513-batch-real-001,Q-ROTARY-0061,C,C,使制造工艺简单,0,30
20260513-batch-real-001,Q-ROTARY-0062,A,A,垂直下降或前进速度很小的下降中下降率超过某一数值,1,10
20260513-batch-real-001,Q-ROTARY-0062,B,B,飞行重量大,0,20
20260513-batch-real-001,Q-ROTARY-0062,C,C,比较小的速度上升,0,30
20260513-batch-real-001,Q-ROTARY-0063,A,A,不做垂直下降,0,10
20260513-batch-real-001,Q-ROTARY-0063,B,B,保持较小的下降率,1,20
20260513-batch-real-001,Q-ROTARY-0063,C,C,不做小下降速度的下降,0,30
20260513-batch-real-001,Q-ROTARY-0064,A,A,选迫降场,0,10
20260513-batch-real-001,Q-ROTARY-0064,B,B,检查失去功率的原因,0,20
20260513-batch-real-001,Q-ROTARY-0064,C,C,迅速放桨距杆到底,1,30
20260513-batch-real-001,Q-ROTARY-0065,A,A,从桨盘上方被吸入桨盘内的气流速度,1,10
20260513-batch-real-001,Q-ROTARY-0065,B,B,旋翼拉力的大小,0,20
20260513-batch-real-001,Q-ROTARY-0065,C,C,飞行高度的变化,0,30
20260513-batch-real-001,Q-ROTARY-0066,A,A,Phantom 精灵,0,10
20260513-batch-real-001,Q-ROTARY-0066,B,B,Inspire 悟,0,20
20260513-batch-real-001,Q-ROTARY-0066,C,C,Uh-60 黑鹰,1,30
20260513-batch-real-001,Q-ROTARY-0067,A,A,降低飞行速度，保证正常曝光,1,10
20260513-batch-real-001,Q-ROTARY-0067,B,B,降低飞行高度，保证正常曝光,0,20
20260513-batch-real-001,Q-ROTARY-0067,C,C,与白天没有明显区别,0,30
20260513-batch-real-001,Q-ROTARY-0068,A,A,提高飞行速度,0,10
20260513-batch-real-001,Q-ROTARY-0068,B,B,改善云台和电机的减震性能,1,20
20260513-batch-real-001,Q-ROTARY-0068,C,C,改用姿态模式飞行,0,30
20260513-batch-real-001,Q-ROTARY-0069,A,A,可以应用于各种特种飞行器,0,10
20260513-batch-real-001,Q-ROTARY-0069,B,B,稳定，商业软件，代码不开源,1,20
20260513-batch-real-001,Q-ROTARY-0069,C,C,配有地面站软件，代码开源,0,30
20260513-batch-real-001,Q-ROTARY-0070,A,A,升力变大,0,10
20260513-batch-real-001,Q-ROTARY-0070,B,B,转速变慢,1,20
20260513-batch-real-001,Q-ROTARY-0070,C,C,桨盘载荷变小,0,30
20260513-batch-real-001,Q-ROTARY-0071,A,A,高频振动传递到摄像机,1,10
20260513-batch-real-001,Q-ROTARY-0071,B,B,低频振动传递到摄像机,0,20
20260513-batch-real-001,Q-ROTARY-0071,C,C,摄像机无云台增稳,0,30
20260513-batch-real-001,Q-ROTARY-0072,A,A,4个及以上,1,10
20260513-batch-real-001,Q-ROTARY-0072,B,B,2个通道,0,20
20260513-batch-real-001,Q-ROTARY-0072,C,C,3个通道,0,30
20260513-batch-real-001,Q-ROTARY-0073,A,A,多轴飞行器使用折叠式脚架,0,10
20260513-batch-real-001,Q-ROTARY-0073,B,B,多轴飞行器搭载下沉式云台,0,20
20260513-batch-real-001,Q-ROTARY-0073,C,C,多轴飞行器搭载前探式云台,1,30
20260513-batch-real-001,Q-ROTARY-0074,A,A,风速,1,10
20260513-batch-real-001,Q-ROTARY-0074,B,B,负载体积,0,20
20260513-batch-real-001,Q-ROTARY-0074,C,C,负载类型,0,30
20260513-batch-real-001,Q-ROTARY-0075,A,A,有自转下滑能力,0,10
20260513-batch-real-001,Q-ROTARY-0075,B,B,无自转下滑能力,1,20
20260513-batch-real-001,Q-ROTARY-0075,C,C,有部分自转下滑能力,0,30
20260513-batch-real-001,Q-ROTARY-0076,A,A,X型布局,1,10
20260513-batch-real-001,Q-ROTARY-0076,B,B,+型布局,0,20
20260513-batch-real-001,Q-ROTARY-0076,C,C,一样,0,30
20260513-batch-real-001,Q-ROTARY-0077,A,A,11100转,1,10
20260513-batch-real-001,Q-ROTARY-0077,B,B,1000000转,0,20
20260513-batch-real-001,Q-ROTARY-0077,C,C,1000转,0,30
20260513-batch-real-001,Q-MISSION-0001,A,A,指挥处理中心,1,10
20260513-batch-real-001,Q-MISSION-0001,B,B,无人机控制站,0,20
20260513-batch-real-001,Q-MISSION-0001,C,C,载荷控制站,0,30
20260513-batch-real-001,Q-MISSION-0002,A,A,航迹规划,0,10
20260513-batch-real-001,Q-MISSION-0002,B,B,任务规划,1,20
20260513-batch-real-001,Q-MISSION-0002,C,C,飞行规划,0,30
20260513-batch-real-001,Q-MISSION-0003,A,A,起点到终点，最短路径,0,10
20260513-batch-real-001,Q-MISSION-0003,B,B,起飞点到着陆点，最佳路径,0,20
20260513-batch-real-001,Q-MISSION-0003,C,C,出发点到目标点，最优或次优航迹,1,30
20260513-batch-real-001,Q-MISSION-0004,A,A,自主导航与飞行控制,1,10
20260513-batch-real-001,Q-MISSION-0004,B,B,飞行任务与载荷匹配,0,20
20260513-batch-real-001,Q-MISSION-0004,C,C,航迹规划与自主导航,0,30
20260513-batch-real-001,Q-MISSION-0005,A,A,自主导航功能，应急处理功能，航迹规划功能,0,10
20260513-batch-real-001,Q-MISSION-0005,B,B,任务分配功能，航迹规划功能，仿真演示功能,1,20
20260513-batch-real-001,Q-MISSION-0005,C,C,自主导航功能，自主起降功能，航迹规划功能,0,30
20260513-batch-real-001,Q-MISSION-0006,A,A,飞行环境限制，飞行任务要求,1,10
20260513-batch-real-001,Q-MISSION-0006,B,B,飞行任务范围，飞行安全限制,0,20
20260513-batch-real-001,Q-MISSION-0006,C,C,飞行安全限制，飞行任务要求,0,30
20260513-batch-real-001,Q-MISSION-0007,A,A,最大转弯半径，最小俯仰角,0,10
20260513-batch-real-001,Q-MISSION-0007,B,B,最小转弯半径，最小俯仰角,0,20
20260513-batch-real-001,Q-MISSION-0007,C,C,最小转弯半径，最大俯仰角,1,30
20260513-batch-real-001,Q-MISSION-0008,A,A,最大俯仰角,0,10
20260513-batch-real-001,Q-MISSION-0008,B,B,最大转弯半径,0,20
20260513-batch-real-001,Q-MISSION-0008,C,C,最小转弯半径,1,30
20260513-batch-real-001,Q-MISSION-0009,A,A,最小转弯半径,0,10
20260513-batch-real-001,Q-MISSION-0009,B,B,最大俯仰角,1,20
20260513-batch-real-001,Q-MISSION-0009,C,C,最大转弯半径,0,30
20260513-batch-real-001,Q-MISSION-0010,A,A,航迹距离约束，固定的目标进入方向,1,10
20260513-batch-real-001,Q-MISSION-0010,B,B,执行任务时间，进入目标位置,0,20
20260513-batch-real-001,Q-MISSION-0010,C,C,返航时间，接近目标的飞行姿态,0,30
20260513-batch-real-001,Q-MISSION-0011,A,A,航迹规划和任务分配规划,0,10
20260513-batch-real-001,Q-MISSION-0011,B,B,航迹规划和数据链路规划,0,20
20260513-batch-real-001,Q-MISSION-0011,C,C,预先规划和实时规划,1,30
20260513-batch-real-001,Q-MISSION-0012,A,A,航迹规划,1,10
20260513-batch-real-001,Q-MISSION-0012,B,B,任务分配规划,0,20
20260513-batch-real-001,Q-MISSION-0012,C,C,数据链路规划,0,30
20260513-batch-real-001,Q-MISSION-0013,A,A,实时规划，航程最短,0,10
20260513-batch-real-001,Q-MISSION-0013,B,B,预先规划，全局最优,1,20
20260513-batch-real-001,Q-MISSION-0013,C,C,航迹规划，航时最短,0,30
20260513-batch-real-001,Q-MISSION-0014,A,A,预先规划，最优航迹规划算法,0,10
20260513-batch-real-001,Q-MISSION-0014,B,B,航迹规划，最短航迹规划算法,0,20
20260513-batch-real-001,Q-MISSION-0014,C,C,实时规划，快速航迹规划算法,1,30
20260513-batch-real-001,Q-MISSION-0015,A,A,任务接收、姿态控制、载荷分配、航迹规划、航迹调整和航迹评价,0,10
20260513-batch-real-001,Q-MISSION-0015,B,B,任务理解、环境评估、任务分配、航迹规划、航迹优化和航迹评价,1,20
20260513-batch-real-001,Q-MISSION-0015,C,C,任务分配、姿态控制、导航控制、航迹规划、航迹调整和航迹评价,0,30
20260513-batch-real-001,Q-MISSION-0016,A,A,载荷规划、通信规划和目标分配,1,10
20260513-batch-real-001,Q-MISSION-0016,B,B,链路规划、返航规划和载荷分配,0,20
20260513-batch-real-001,Q-MISSION-0016,C,C,任务规划、返航规划和载荷分配,0,30
20260513-batch-real-001,Q-MISSION-0017,A,A,任务规划,0,10
20260513-batch-real-001,Q-MISSION-0017,B,B,载荷规划,1,20
20260513-batch-real-001,Q-MISSION-0017,C,C,任务分配,0,30
20260513-batch-real-001,Q-MISSION-0018,A,A,链路规划,0,10
20260513-batch-real-001,Q-MISSION-0018,B,B,目标分配,0,20
20260513-batch-real-001,Q-MISSION-0018,C,C,通信规划,1,30
20260513-batch-real-001,Q-MISSION-0019,A,A,任务分配,0,10
20260513-batch-real-001,Q-MISSION-0019,B,B,载荷规划,0,20
20260513-batch-real-001,Q-MISSION-0019,C,C,目标分配,1,30
20260513-batch-real-001,Q-MISSION-0020,A,A,最大转弯半径和最小俯仰角,0,10
20260513-batch-real-001,Q-MISSION-0020,B,B,最小转弯半径和最大俯仰角,1,20
20260513-batch-real-001,Q-MISSION-0020,C,C,最大转弯半径和最大俯仰角,0,30
20260513-batch-real-001,Q-MISSION-0021,A,A,导航技术、地理信息技术以及远程感知技术,1,10
20260513-batch-real-001,Q-MISSION-0021,B,B,飞控技术、导航技术以及地理信息技术,0,20
20260513-batch-real-001,Q-MISSION-0021,C,C,导航技术、航迹优化算法以及地理信息技术,0,30
20260513-batch-real-001,Q-MISSION-0022,A,A,飞行航迹,0,10
20260513-batch-real-001,Q-MISSION-0022,B,B,地理位置,0,20
20260513-batch-real-001,Q-MISSION-0022,C,C,电子地图,1,30
20260513-batch-real-001,Q-MISSION-0023,A,A,电子地图,1,10
20260513-batch-real-001,Q-MISSION-0023,B,B,地理位置,0,20
20260513-batch-real-001,Q-MISSION-0023,C,C,飞行航迹,0,30
20260513-batch-real-001,Q-MISSION-0024,A,A,无人机位置和飞行航迹，无人机航迹规划信息,1,10
20260513-batch-real-001,Q-MISSION-0024,B,B,无人机地理坐标信息，无人机飞行姿态信息,0,20
20260513-batch-real-001,Q-MISSION-0024,C,C,无人机飞行姿态信息，无人机航迹规划信息,0,30
20260513-batch-real-001,Q-MISSION-0025,A,A,场地标注,0,10
20260513-batch-real-001,Q-MISSION-0025,B,B,图元标注,1,20
20260513-batch-real-001,Q-MISSION-0025,C,C,警示标注,0,30
20260513-batch-real-001,Q-MISSION-0026,A,A,场地标注,1,10
20260513-batch-real-001,Q-MISSION-0026,B,B,任务区域标注,0,20
20260513-batch-real-001,Q-MISSION-0026,C,C,警示标注,0,30
20260513-batch-real-001,Q-MISSION-0027,A,A,场地标注,0,10
20260513-batch-real-001,Q-MISSION-0027,B,B,任务区域标注,0,20
20260513-batch-real-001,Q-MISSION-0027,C,C,警示标注,1,30
20260513-batch-real-001,Q-MISSION-0028,A,A,场地标注,0,10
20260513-batch-real-001,Q-MISSION-0028,B,B,任务区域标注,1,20
20260513-batch-real-001,Q-MISSION-0028,C,C,警示标注,0,30
20260513-batch-real-001,Q-MISSION-0029,A,A,标注,0,10
20260513-batch-real-001,Q-MISSION-0029,B,B,更新,0,20
20260513-batch-real-001,Q-MISSION-0029,C,C,校准,1,30
20260513-batch-real-001,Q-MISSION-0030,A,A,2 个,0,10
20260513-batch-real-001,Q-MISSION-0030,B,B,3 个,1,20
20260513-batch-real-001,Q-MISSION-0030,C,C,4 个,0,30
20260513-batch-real-001,Q-MISSION-0031,A,A,不能在同一直线上,1,10
20260513-batch-real-001,Q-MISSION-0031,B,B,不能在同一纬度上,0,20
20260513-batch-real-001,Q-MISSION-0031,C,C,不能在同一经度上,0,30
20260513-batch-real-001,Q-MISSION-0032,A,A,预先规划，在线规划,0,10
20260513-batch-real-001,Q-MISSION-0032,B,B,预先规划，实时规划,0,20
20260513-batch-real-001,Q-MISSION-0032,C,C,预规划，重规划,1,30
20260513-batch-real-001,Q-MISSION-0033,A,A,在线规划,0,10
20260513-batch-real-001,Q-MISSION-0033,B,B,飞行中重规划,0,20
20260513-batch-real-001,Q-MISSION-0033,C,C,飞行前预规划,1,30
20260513-batch-real-001,Q-MISSION-0034,A,A,在线规划,0,10
20260513-batch-real-001,Q-MISSION-0034,B,B,飞行中重规划,1,20
20260513-batch-real-001,Q-MISSION-0034,C,C,飞行前预规划,0,30
20260513-batch-real-001,Q-MISSION-0035,A,A,航线规划,1,10
20260513-batch-real-001,Q-MISSION-0035,B,B,航迹规划,0,20
20260513-batch-real-001,Q-MISSION-0035,C,C,任务规划,0,30
20260513-batch-real-001,Q-MISSION-0036,A,A,航线规划,1,10
20260513-batch-real-001,Q-MISSION-0036,B,B,航迹规划,0,20
20260513-batch-real-001,Q-MISSION-0036,C,C,任务规划,0,30
20260513-batch-real-001,Q-MISSION-0037,A,A,紧急迫降措施,0,10
20260513-batch-real-001,Q-MISSION-0037,B,B,安全返航措施,0,20
20260513-batch-real-001,Q-MISSION-0037,C,C,异常应急措施,1,30
20260513-batch-real-001,Q-MISSION-0038,A,A,安全着陆点，安全着陆策略,0,10
20260513-batch-real-001,Q-MISSION-0038,B,B,应急迫降点，航线转移策略,1,20
20260513-batch-real-001,Q-MISSION-0038,C,C,应急迫降点，安全返航策略,0,30
20260513-batch-real-001,Q-MISSION-0039,A,A,安全着陆策略,0,10
20260513-batch-real-001,Q-MISSION-0039,B,B,航线转移策略,1,20
20260513-batch-real-001,Q-MISSION-0039,C,C,安全返航策略,0,30
20260513-batch-real-001,Q-MISSION-0040,A,A,系统保障与维护预案规划,0,10
20260513-batch-real-001,Q-MISSION-0040,B,B,系统保障与安全措施规划,0,20
20260513-batch-real-001,Q-MISSION-0040,C,C,系统保障与应急预案规划,1,30
20260513-batch-real-001,Q-MISSION-0041,A,A,动力装置故障,0,10
20260513-batch-real-001,Q-MISSION-0041,B,B,任务设备故障,1,20
20260513-batch-real-001,Q-MISSION-0041,C,C,舵面故障,0,30
20260513-batch-real-001,Q-MISSION-0042,A,A,飞控系统故障,1,10
20260513-batch-real-001,Q-MISSION-0042,B,B,上行通讯链路故障,0,20
20260513-batch-real-001,Q-MISSION-0042,C,C,控制站显示系统故障,0,30
20260513-batch-real-001,Q-MISSION-0043,A,A,动力装置重启操作,0,10
20260513-batch-real-001,Q-MISSION-0043,B,B,备份系统切换操作,0,20
20260513-batch-real-001,Q-MISSION-0043,C,C,导航系统重启操作,1,30
20260513-batch-real-001,Q-MISSION-0044,A,A,加大油门迅速脱离,0,10
20260513-batch-real-001,Q-MISSION-0044,B,B,以最大上升率增大高度,0,20
20260513-batch-real-001,Q-MISSION-0044,C,C,适当减小飞行速度,1,30
20260513-batch-real-001,Q-MISSION-0045,A,A,俯仰操纵,0,10
20260513-batch-real-001,Q-MISSION-0045,B,B,航向操纵,0,20
20260513-batch-real-001,Q-MISSION-0045,C,C,周期变距,1,30
20260513-batch-real-001,Q-MISSION-0046,A,A,GPS 模式,0,10
20260513-batch-real-001,Q-MISSION-0046,B,B,增稳模式,0,20
20260513-batch-real-001,Q-MISSION-0046,C,C,手动模式,1,30
20260513-batch-real-001,Q-MISSION-0047,A,A,距离过远，高度过高，超出视线范围,0,10
20260513-batch-real-001,Q-MISSION-0047,B,B,监视器显示无人机电池电量过低,1,20
20260513-batch-real-001,Q-MISSION-0047,C,C,图传监视器有干扰不稳定,0,30
20260513-batch-real-001,Q-MISSION-0048,A,A,偏航角,0,10
20260513-batch-real-001,Q-MISSION-0048,B,B,横滚角,0,20
20260513-batch-real-001,Q-MISSION-0048,C,C,俯仰角,1,30
20260513-batch-real-001,Q-MISSION-0049,A,A,向下低头,0,10
20260513-batch-real-001,Q-MISSION-0049,B,B,向左滚转,1,20
20260513-batch-real-001,Q-MISSION-0049,C,C,向上抬头,0,30
20260513-batch-real-001,Q-MISSION-0050,A,A,起飞阶段,0,10
20260513-batch-real-001,Q-MISSION-0050,B,B,降落阶段,0,20
20260513-batch-real-001,Q-MISSION-0050,C,C,巡航阶段,1,30
20260513-batch-real-001,Q-MISSION-0051,A,A,切至自主控制模式，尽可放松休息,0,10
20260513-batch-real-001,Q-MISSION-0051,B,B,短暂休息，偶尔关注一下飞机状态,0,20
20260513-batch-real-001,Q-MISSION-0051,C,C,密切判断飞机的俯仰状态和有无坡度,1,30
20260513-batch-real-001,Q-MISSION-0052,A,A,切至自主控制模式，尽可放松休息,0,10
20260513-batch-real-001,Q-MISSION-0052,B,B,短暂休息，偶尔关注一下飞机状态,0,20
20260513-batch-real-001,Q-MISSION-0052,C,C,不断检查空速、高度和航向指示,1,30
20260513-batch-real-001,Q-MISSION-0053,A,A,注视地平仪，协调地向转弯方向压杆扭舵，形成一定坡度后，稳杆保持,1,10
20260513-batch-real-001,Q-MISSION-0053,B,B,注视地平仪，协调地向转弯反方向压杆扭舵，形成一定坡度后，稳杆保持,0,20
20260513-batch-real-001,Q-MISSION-0053,C,C,注视地平仪，向转弯方向压杆，同时反方向扭舵,0,30
20260513-batch-real-001,Q-MISSION-0054,A,A,适当减小带杆量，增大下滑角,0,10
20260513-batch-real-001,Q-MISSION-0054,B,B,适当减小带杆量，减小下滑角,0,20
20260513-batch-real-001,Q-MISSION-0054,C,C,适当增加带杆量，减小下滑角,1,30
20260513-batch-real-001,Q-MISSION-0055,A,A,进行协调转弯，可有效减小转弯半径并减少侧滑,1,10
20260513-batch-real-001,Q-MISSION-0055,B,B,进行协调转弯，可有效增大转弯半径并减少侧滑,0,20
20260513-batch-real-001,Q-MISSION-0055,C,C,进行协调转弯，可有效减小转弯半径并增大侧滑,0,30
20260513-batch-real-001,Q-MISSION-0056,A,A,飞机下降速度、姿态和空速,1,10
20260513-batch-real-001,Q-MISSION-0056,B,B,飞机剩余油量,0,20
20260513-batch-real-001,Q-MISSION-0056,C,C,飞机航行灯开闭状态,0,30
20260513-batch-real-001,Q-MISSION-0057,A,A,GPS,0,10
20260513-batch-real-001,Q-MISSION-0057,B,B,格洛纳斯,1,20
20260513-batch-real-001,Q-MISSION-0057,C,C,伽利略,0,30
20260513-batch-real-001,Q-MISSION-0058,A,A,经纬度,0,10
20260513-batch-real-001,Q-MISSION-0058,B,B,高程,0,20
20260513-batch-real-001,Q-MISSION-0058,C,C,空速,1,30
20260513-batch-real-001,Q-MISSION-0059,A,A,无漂移,1,10
20260513-batch-real-001,Q-MISSION-0059,B,B,不受干扰,0,20
20260513-batch-real-001,Q-MISSION-0059,C,C,全天候,0,30
20260513-batch-real-001,Q-MISSION-0060,A,A,卫星导航,0,10
20260513-batch-real-001,Q-MISSION-0060,B,B,地形匹配导航,0,20
20260513-batch-real-001,Q-MISSION-0060,C,C,组合导航,1,30
20260513-batch-real-001,Q-MISSION-0061,A,A,禁飞区,0,10
20260513-batch-real-001,Q-MISSION-0061,B,B,险恶地形,0,20
20260513-batch-real-001,Q-MISSION-0061,C,C,飞机寿命,1,30
20260513-batch-real-001,Q-MISSION-0062,A,A,任务分配规划,0,10
20260513-batch-real-001,Q-MISSION-0062,B,B,航迹规划,1,20
20260513-batch-real-001,Q-MISSION-0062,C,C,应急预案规划,0,30
20260513-batch-real-001,Q-MISSION-0063,A,A,接受任务-任务理解-环境评估-任务分配-航迹规划-航迹优化-生产计划,1,10
20260513-batch-real-001,Q-MISSION-0063,B,B,接受任务-任务理解-任务分配-环境评估-航迹规划-航迹优化-生产计划,0,20
20260513-batch-real-001,Q-MISSION-0063,C,C,接受任务-任务理解-任务分配-航迹规划-环境评估-航迹优化-生产计划,0,30
20260513-batch-real-001,Q-MISSION-0064,A,A,已知威胁区域,0,10
20260513-batch-real-001,Q-MISSION-0064,B,B,未知威胁区域,1,20
20260513-batch-real-001,Q-MISSION-0064,C,C,无人机自身约束条件,0,30
20260513-batch-real-001,Q-MISSION-0065,A,A,自主控制,0,10
20260513-batch-real-001,Q-MISSION-0065,B,B,姿态遥控,0,20
20260513-batch-real-001,Q-MISSION-0065,C,C,舵面遥控,1,30
20260513-batch-real-001,Q-MISSION-0066,A,A,常规跑道,0,10
20260513-batch-real-001,Q-MISSION-0066,B,B,向上带斜坡的地形,1,20
20260513-batch-real-001,Q-MISSION-0066,C,C,向下带斜坡的地形,0,30
20260513-batch-real-001,Q-MISSION-0067,A,A,自主导航与飞行控制,1,10
20260513-batch-real-001,Q-MISSION-0067,B,B,飞行任务与载荷匹配,0,20
20260513-batch-real-001,Q-MISSION-0067,C,C,航迹规划和自主导航,0,30
20260513-batch-real-001,Q-MISSION-0068,A,A,迅速将油门收到底,1,10
20260513-batch-real-001,Q-MISSION-0068,B,B,一键返航,0,20
20260513-batch-real-001,Q-MISSION-0068,C,C,控制姿态，逐渐降低高度，迫降至地面,0,30
20260513-batch-real-001,Q-MISSION-0069,A,A,以飞机重心为原点，纵轴和横轴确定的平面为对称面,0,10
20260513-batch-real-001,Q-MISSION-0069,B,B,以全机焦点为原点，纵轴和立轴确定的平面为对称面,0,20
20260513-batch-real-001,Q-MISSION-0069,C,C,以飞机重心为原点，纵轴和立轴确定的平面为对称面,1,30
20260513-batch-real-001,Q-MISSION-0070,A,A,增大,1,10
20260513-batch-real-001,Q-MISSION-0070,B,B,减小,0,20
20260513-batch-real-001,Q-MISSION-0070,C,C,不变,0,30
20260513-batch-real-001,Q-MISSION-0071,A,A,机翼向上的力和尾翼向下的力都降低,1,10
20260513-batch-real-001,Q-MISSION-0071,B,B,机翼向上的力和尾翼向下的力都增加,0,20
20260513-batch-real-001,Q-MISSION-0071,C,C,机翼向上的力和尾翼向下的恒都为零,0,30
20260513-batch-real-001,Q-MISSION-0072,A,A,相等,1,10
20260513-batch-real-001,Q-MISSION-0072,B,B,阻力大于推力,0,20
20260513-batch-real-001,Q-MISSION-0072,C,C,阻力小于推力,0,30
20260513-batch-real-001,Q-MISSION-0073,A,A,飞行预先准备．飞行直接准备．飞行实施和飞行讲评四个阶段,1,10
20260513-batch-real-001,Q-MISSION-0073,B,B,飞行直接准备．飞行实施和飞行讲评三个阶段,0,20
20260513-batch-real-001,Q-MISSION-0073,C,C,飞行预先准备．飞行准备和飞行实施三个阶段,0,30
20260513-batch-real-001,Q-MISSION-0074,A,A,视觉告警和触觉告警,0,10
20260513-batch-real-001,Q-MISSION-0074,B,B,触觉告警和听觉告警,0,20
20260513-batch-real-001,Q-MISSION-0074,C,C,视觉告警和听觉告警,1,30
20260513-batch-real-001,Q-FLIGHT-0001,A,A,升力、重力、拉力、阻力、惯性力,0,10
20260513-batch-real-001,Q-FLIGHT-0001,B,B,转弯向心力由发动机拉力提供,0,20
20260513-batch-real-001,Q-FLIGHT-0001,C,C,转弯向心力由升力提供,1,30
20260513-batch-real-001,Q-FLIGHT-0002,A,A,低速飞行,0,10
20260513-batch-real-001,Q-FLIGHT-0002,B,B,高速飞行,0,20
20260513-batch-real-001,Q-FLIGHT-0002,C,C,迎角过大,1,30
20260513-batch-real-001,Q-FLIGHT-0003,A,A,俯冲状态,0,10
20260513-batch-real-001,Q-FLIGHT-0003,B,B,爬升状态,0,20
20260513-batch-real-001,Q-FLIGHT-0003,C,C,滑翔状态,1,30
20260513-batch-real-001,Q-FLIGHT-0004,A,A,迅速增大,0,10
20260513-batch-real-001,Q-FLIGHT-0004,B,B,迅速减小,1,20
20260513-batch-real-001,Q-FLIGHT-0004,C,C,缓慢增大,0,30
20260513-batch-real-001,Q-FLIGHT-0005,A,A,飞行速度最大,0,10
20260513-batch-real-001,Q-FLIGHT-0005,B,B,升力系数最大,1,20
20260513-batch-real-001,Q-FLIGHT-0005,C,C,阻力最小,0,30
20260513-batch-real-001,Q-FLIGHT-0006,A,A,飞机纵轴与水平面的夹角,0,10
20260513-batch-real-001,Q-FLIGHT-0006,B,B,飞机翼弦与水平面的夹角,0,20
20260513-batch-real-001,Q-FLIGHT-0006,C,C,飞机翼弦与相对气流的夹角,1,30
20260513-batch-real-001,Q-FLIGHT-0007,A,A,大于零,1,10
20260513-batch-real-001,Q-FLIGHT-0007,B,B,小于零,0,20
20260513-batch-real-001,Q-FLIGHT-0007,C,C,等于零,0,30
20260513-batch-real-001,Q-FLIGHT-0008,A,A,大于零,1,10
20260513-batch-real-001,Q-FLIGHT-0008,B,B,小于零,0,20
20260513-batch-real-001,Q-FLIGHT-0008,C,C,等于零,0,30
20260513-batch-real-001,Q-FLIGHT-0009,A,A,长,1,10
20260513-batch-real-001,Q-FLIGHT-0009,B,B,短,0,20
20260513-batch-real-001,Q-FLIGHT-0009,C,C,相等,0,30
20260513-batch-real-001,Q-FLIGHT-0010,A,A,左,1,10
20260513-batch-real-001,Q-FLIGHT-0010,B,B,右,0,20
20260513-batch-real-001,Q-FLIGHT-0010,C,C,视风速的大小不同可能向左也可能向右,0,30
20260513-batch-real-001,Q-FLIGHT-0011,A,A,增大,1,10
20260513-batch-real-001,Q-FLIGHT-0011,B,B,减小,0,20
20260513-batch-real-001,Q-FLIGHT-0011,C,C,不变,0,30
20260513-batch-real-001,Q-FLIGHT-0012,A,A,侧滑法,0,10
20260513-batch-real-001,Q-FLIGHT-0012,B,B,改变航向法和侧滑法相结合,0,20
20260513-batch-real-001,Q-FLIGHT-0012,C,C,改变航向法,1,30
20260513-batch-real-001,Q-FLIGHT-0013,A,A,向偏侧方向打方向舵，反方向压副翼杆,1,10
20260513-batch-real-001,Q-FLIGHT-0013,B,B,向偏侧方向压副翼杆，反方向打方向舵,0,20
20260513-batch-real-001,Q-FLIGHT-0013,C,C,向偏侧的方向协调地压副翼杆打方向舵,0,30
20260513-batch-real-001,Q-FLIGHT-0014,A,A,最大爬升角和最大滑翔距离,0,10
20260513-batch-real-001,Q-FLIGHT-0014,B,B,最大航程,1,20
20260513-batch-real-001,Q-FLIGHT-0014,C,C,最大升力系数和最小阻力系数,0,30
20260513-batch-real-001,Q-FLIGHT-0015,A,A,飞行失速是通过加大发动机动力就可以克服的飞行障碍,0,10
20260513-batch-real-001,Q-FLIGHT-0015,B,B,亚音速飞行只会出现大迎角失速,0,20
20260513-batch-real-001,Q-FLIGHT-0015,C,C,在大迎角或高速飞行状态下都可能出现飞机失速现象,1,30
20260513-batch-real-001,Q-FLIGHT-0016,A,A,干扰阻力是由于气流的下洗而引起的,0,10
20260513-batch-real-001,Q-FLIGHT-0016,B,B,在飞行各部件之间加装整流包皮可以减小诱导阻力,0,20
20260513-batch-real-001,Q-FLIGHT-0016,C,C,干扰阻力是飞机各部件之间由于气流相互干扰而产生的一种额外阻力,1,30
20260513-batch-real-001,Q-FLIGHT-0017,A,A,分离点后出现旋涡的影响,0,10
20260513-batch-real-001,Q-FLIGHT-0017,B,B,转捩点后紊流的影响,0,20
20260513-batch-real-001,Q-FLIGHT-0017,C,C,机翼上下表面存在压力差的影响,1,30
20260513-batch-real-001,Q-FLIGHT-0018,A,A,一定是直线的,1,10
20260513-batch-real-001,Q-FLIGHT-0018,B,B,一定是水平直线的,0,20
20260513-batch-real-001,Q-FLIGHT-0018,C,C,是直线的或是水平曲线的,0,30
20260513-batch-real-001,Q-FLIGHT-0019,A,A,是,1,10
20260513-batch-real-001,Q-FLIGHT-0019,B,B,不是,0,20
20260513-batch-real-001,Q-FLIGHT-0019,C,C,不确定,0,30
20260513-batch-real-001,Q-FLIGHT-0020,A,A,进气压力表,0,10
20260513-batch-real-001,Q-FLIGHT-0020,B,B,转速表,1,20
20260513-batch-real-001,Q-FLIGHT-0020,C,C,燃油流量表,0,30
20260513-batch-real-001,Q-FLIGHT-0021,A,A,仅与翼剖面形状有关,0,10
20260513-batch-real-001,Q-FLIGHT-0021,B,B,与翼剖面形状和攻角有关,1,20
20260513-batch-real-001,Q-FLIGHT-0021,C,C,仅与攻角有关,0,30
20260513-batch-real-001,Q-FLIGHT-0022,A,A,扰流扳,1,10
20260513-batch-real-001,Q-FLIGHT-0022,B,B,副翼,0,20
20260513-batch-real-001,Q-FLIGHT-0022,C,C,前缘襟翼,0,30
20260513-batch-real-001,Q-FLIGHT-0023,A,A,扰流板,0,10
20260513-batch-real-001,Q-FLIGHT-0023,B,B,副翼,0,20
20260513-batch-real-001,Q-FLIGHT-0023,C,C,前缘襟翼,1,30
20260513-batch-real-001,Q-FLIGHT-0024,A,A,副翼、升降舵、方向舵、调整片,0,10
20260513-batch-real-001,Q-FLIGHT-0024,B,B,副翼、升降舵(或全动平尾)、方向舵,1,20
20260513-batch-real-001,Q-FLIGHT-0024,C,C,副翼,0,30
20260513-batch-real-001,Q-FLIGHT-0025,A,A,副翼、升降舵、方向舵、调整片,0,10
20260513-batch-real-001,Q-FLIGHT-0025,B,B,缝翼、襟翼、调整片、全动平尾,0,20
20260513-batch-real-001,Q-FLIGHT-0025,C,C,缝翼、襟翼、调整片,1,30
20260513-batch-real-001,Q-FLIGHT-0026,A,A,机翼的安装角,0,10
20260513-batch-real-001,Q-FLIGHT-0026,B,B,机翼的上反角,0,20
20260513-batch-real-001,Q-FLIGHT-0026,C,C,迎角,1,30
20260513-batch-real-001,Q-FLIGHT-0027,A,A,在山的背风面顺风飞行,0,10
20260513-batch-real-001,Q-FLIGHT-0027,B,B,在山的背风面逆风飞行,1,20
20260513-batch-real-001,Q-FLIGHT-0027,C,C,在山的迎风面逆风飞行,0,30
20260513-batch-real-001,Q-FLIGHT-0028,A,A,L=Wgcosɑ,1,10
20260513-batch-real-001,Q-FLIGHT-0028,B,B,L=Wgsinɑ,0,20
20260513-batch-real-001,Q-FLIGHT-0028,C,C,L=Wg,0,30
20260513-batch-real-001,Q-FLIGHT-0029,A,A,增大,1,10
20260513-batch-real-001,Q-FLIGHT-0029,B,B,减小,0,20
20260513-batch-real-001,Q-FLIGHT-0029,C,C,不变,0,30
20260513-batch-real-001,Q-FLIGHT-0030,A,A,低速飞行,0,10
20260513-batch-real-001,Q-FLIGHT-0030,B,B,高速飞行,0,20
20260513-batch-real-001,Q-FLIGHT-0030,C,C,都会,1,30
20260513-batch-real-001,Q-FLIGHT-0031,A,A,可由紊流变为层流,0,10
20260513-batch-real-001,Q-FLIGHT-0031,B,B,可由层流变为紊流,1,20
20260513-batch-real-001,Q-FLIGHT-0031,C,C,一般不发生变化,0,30
20260513-batch-real-001,Q-FLIGHT-0032,A,A,机翼上表面压力,0,10
20260513-batch-real-001,Q-FLIGHT-0032,B,B,机翼下表面压力,0,20
20260513-batch-real-001,Q-FLIGHT-0032,C,C,机翼上表面负压,1,30
20260513-batch-real-001,Q-FLIGHT-0033,A,A,风力发电机叶片,0,10
20260513-batch-real-001,Q-FLIGHT-0033,B,B,直升机旋翼,0,20
20260513-batch-real-001,Q-FLIGHT-0033,C,C,固定翼飞机螺旋桨,1,30
20260513-batch-real-001,Q-FLIGHT-0034,A,A,电机功率不变，桨叶直径变大且桨叶总距变大,0,10
20260513-batch-real-001,Q-FLIGHT-0034,B,B,桨叶直径不变，电机功率变小且桨叶总距变小,0,20
20260513-batch-real-001,Q-FLIGHT-0034,C,C,桨叶总距不变，电机功率变大且桨叶直径变大,1,30
20260513-batch-real-001,Q-FLIGHT-0035,A,A,改善机载任务设备视野,1,10
20260513-batch-real-001,Q-FLIGHT-0035,B,B,调整重心增加飞行器稳定性,0,20
20260513-batch-real-001,Q-FLIGHT-0035,C,C,减小前飞阻力,0,30
20260513-batch-real-001,Q-FLIGHT-0036,A,A,20,1,10
20260513-batch-real-001,Q-FLIGHT-0036,B,B,25,0,20
20260513-batch-real-001,Q-FLIGHT-0036,C,C,30,0,30
20260513-batch-real-001,Q-FLIGHT-0037,A,A,逆风起飞，旋翼相对气流速度增大，单位时间内流过旋翼的空气质量增加，旋翼产生的拉力小，则起飞载重量减 小。,0,10
20260513-batch-real-001,Q-FLIGHT-0037,B,B,顺风起飞，为了避免尾桨打地，悬停高度较高，地面效应减弱，所以载重量将增大。,0,20
20260513-batch-real-001,Q-FLIGHT-0037,C,C,起飞场地的标高高．气温高，则空气密度小，发动机功率降低，同时，单位时间内流过旋翼的空气质量减小，旋翼 效能降低。因此，起飞最大载重量要减小。,1,30
20260513-batch-real-001,Q-FLIGHT-0038,A,A,在离地 0.5 米以下，应以不大于 0.25 米/秒的下降率下降接地,1,10
20260513-batch-real-001,Q-FLIGHT-0038,B,B,在离地 1 米以下，应以不大于 0.5 米/秒的下降率下降接地,0,20
20260513-batch-real-001,Q-FLIGHT-0038,C,C,在离地 1.5 米以下，应以不大于 0.25 米/秒的下降率下降接地,0,30
20260513-batch-real-001,Q-FLIGHT-0039,A,A,增大．减小,0,10
20260513-batch-real-001,Q-FLIGHT-0039,B,B,增大．增大,1,20
20260513-batch-real-001,Q-FLIGHT-0039,C,C,减小．减小,0,30
20260513-batch-real-001,Q-FLIGHT-0040,A,A,增大,0,10
20260513-batch-real-001,Q-FLIGHT-0040,B,B,减小,1,20
20260513-batch-real-001,Q-FLIGHT-0040,C,C,不变,0,30
20260513-batch-real-001,Q-FLIGHT-0041,A,A,较大的下降角，较小的速度下降,1,10
20260513-batch-real-001,Q-FLIGHT-0041,B,B,较小的下降角，较大的速度下降,0,20
20260513-batch-real-001,Q-FLIGHT-0041,C,C,较大的下降角，较大的速度下降,0,30
20260513-batch-real-001,Q-FLIGHT-0042,A,A,一倍,0,10
20260513-batch-real-001,Q-FLIGHT-0042,B,B,两倍,0,20
20260513-batch-real-001,Q-FLIGHT-0042,C,C,四倍,1,30
20260513-batch-real-001,Q-FLIGHT-0043,A,A,升力．空速．阻力,1,10
20260513-batch-real-001,Q-FLIGHT-0043,B,B,升力．空速．阻力．重量,0,20
20260513-batch-real-001,Q-FLIGHT-0043,C,C,升力．拉力．阻力,0,30
20260513-batch-real-001,Q-FLIGHT-0044,A,A,横轴的俯仰运动,0,10
20260513-batch-real-001,Q-FLIGHT-0044,B,B,纵轴的滚转运动,1,20
20260513-batch-real-001,Q-FLIGHT-0044,C,C,立轴的偏转运动,0,30
20260513-batch-real-001,Q-FLIGHT-0045,A,A,横轴的俯仰运动,1,10
20260513-batch-real-001,Q-FLIGHT-0045,B,B,纵轴的滚转运动,0,20
20260513-batch-real-001,Q-FLIGHT-0045,C,C,立轴的偏转运动,0,30
20260513-batch-real-001,Q-FLIGHT-0046,A,A,横轴的俯仰运动,0,10
20260513-batch-real-001,Q-FLIGHT-0046,B,B,纵轴的滚转运动,0,20
20260513-batch-real-001,Q-FLIGHT-0046,C,C,立轴的偏转运动,1,30
20260513-batch-real-001,Q-FLIGHT-0047,A,A,右翼升力大于左翼升力,0,10
20260513-batch-real-001,Q-FLIGHT-0047,B,B,左翼升力大于右翼升力,1,20
20260513-batch-real-001,Q-FLIGHT-0047,C,C,左翼升力等于右翼升力,0,30
20260513-batch-real-001,Q-FLIGHT-0048,A,A,增大,0,10
20260513-batch-real-001,Q-FLIGHT-0048,B,B,减小,1,20
20260513-batch-real-001,Q-FLIGHT-0048,C,C,先减小后增大,0,30
20260513-batch-real-001,Q-FLIGHT-0049,A,A,增大,1,10
20260513-batch-real-001,Q-FLIGHT-0049,B,B,减小,0,20
20260513-batch-real-001,Q-FLIGHT-0049,C,C,先增大后减小,0,30
20260513-batch-real-001,Q-FLIGHT-0050,A,A,升力与阻力的夹角,0,10
20260513-batch-real-001,Q-FLIGHT-0050,B,B,飞行轨迹与水平面的夹角,1,20
20260513-batch-real-001,Q-FLIGHT-0050,C,C,阻力与重力的夹角,0,30
20260513-batch-real-001,Q-FLIGHT-0051,A,A,最大下滑速度,0,10
20260513-batch-real-001,Q-FLIGHT-0051,B,B,失速速度,0,20
20260513-batch-real-001,Q-FLIGHT-0051,C,C,下滑有利速度,1,30
20260513-batch-real-001,Q-FLIGHT-0052,A,A,飞机下滑阻力最小,1,10
20260513-batch-real-001,Q-FLIGHT-0052,B,B,飞机下滑角最大,0,20
20260513-batch-real-001,Q-FLIGHT-0052,C,C,飞机下滑升力最大,0,30
20260513-batch-real-001,Q-FLIGHT-0053,A,A,升阻比最大,1,10
20260513-batch-real-001,Q-FLIGHT-0053,B,B,升力最大,0,20
20260513-batch-real-001,Q-FLIGHT-0053,C,C,下滑角最大,0,30
20260513-batch-real-001,Q-FLIGHT-0054,A,A,空速小时必须减小迎角，以产生足够的升力来保持高度,0,10
20260513-batch-real-001,Q-FLIGHT-0054,B,B,空速大时必须减小迎角，以产生足够的升力来保持高度,1,20
20260513-batch-real-001,Q-FLIGHT-0054,C,C,空速大时必须增大迎角，以产生足够的升力来保持高度,0,30
20260513-batch-real-001,Q-FLIGHT-0055,A,A,前缘半径大，后部尖水滴形,0,10
20260513-batch-real-001,Q-FLIGHT-0055,B,B,最大厚度靠前,0,20
20260513-batch-real-001,Q-FLIGHT-0055,C,C,前缘尖的菱形,1,30
20260513-batch-real-001,Q-FLIGHT-0056,A,A,上下翼面的弯度相同,0,10
20260513-batch-real-001,Q-FLIGHT-0056,B,B,机翼上表面的弯度小于下表面的弯度,0,20
20260513-batch-real-001,Q-FLIGHT-0056,C,C,机翼上表面的弯度大于下表面的弯度,1,30
20260513-batch-real-001,Q-FLIGHT-0057,A,A,增大迎角，使升力的增加大于阻力的增加,0,10
20260513-batch-real-001,Q-FLIGHT-0057,B,B,增大迎角，以保持升力不变,1,20
20260513-batch-real-001,Q-FLIGHT-0057,C,C,减小迎角，以保持阻力不变,0,30
20260513-batch-real-001,Q-FLIGHT-0058,A,A,机翼上下表面的正压强,0,10
20260513-batch-real-001,Q-FLIGHT-0058,B,B,机翼下表面的负压和上表面的正压,0,20
20260513-batch-real-001,Q-FLIGHT-0058,C,C,机翼下表面的正压和上表面的负压,1,30
20260513-batch-real-001,Q-FLIGHT-0059,A,A,飞机的拉力,0,10
20260513-batch-real-001,Q-FLIGHT-0059,B,B,方向舵上产生的气动力,0,20
20260513-batch-real-001,Q-FLIGHT-0059,C,C,飞机升力的水平分力,1,30
20260513-batch-real-001,Q-FLIGHT-0060,A,A,使飞机向转弯内侧偏转,0,10
20260513-batch-real-001,Q-FLIGHT-0060,B,B,使飞机向转弯外侧偏转,1,20
20260513-batch-real-001,Q-FLIGHT-0060,C,C,对飞机的转弯没有影响,0,30
20260513-batch-real-001,Q-FLIGHT-0061,A,A,内侧机翼阻力大,0,10
20260513-batch-real-001,Q-FLIGHT-0061,B,B,外侧机翼阻力大,1,20
20260513-batch-real-001,Q-FLIGHT-0061,C,C,相等,0,30
20260513-batch-real-001,Q-FLIGHT-0062,A,A,向左偏转方向舵,1,10
20260513-batch-real-001,Q-FLIGHT-0062,B,B,向右偏转方向舵,0,20
20260513-batch-real-001,Q-FLIGHT-0062,C,C,向右压盘,0,30
20260513-batch-real-001,Q-FLIGHT-0063,A,A,向左偏转方向舵,0,10
20260513-batch-real-001,Q-FLIGHT-0063,B,B,向右偏转方向舵,1,20
20260513-batch-real-001,Q-FLIGHT-0063,C,C,向左压盘,0,30
20260513-batch-real-001,Q-FLIGHT-0064,A,A,转弯外侧阻力比内侧的大,0,10
20260513-batch-real-001,Q-FLIGHT-0064,B,B,转弯外侧升力比内侧的大,1,20
20260513-batch-real-001,Q-FLIGHT-0064,C,C,转弯外侧阻力比内侧的小,0,30
20260513-batch-real-001,Q-FLIGHT-0065,A,A,增大,0,10
20260513-batch-real-001,Q-FLIGHT-0065,B,B,减小,1,20
20260513-batch-real-001,Q-FLIGHT-0065,C,C,保持不变,0,30
20260513-batch-real-001,Q-FLIGHT-0066,A,A,增大,1,10
20260513-batch-real-001,Q-FLIGHT-0066,B,B,减小,0,20
20260513-batch-real-001,Q-FLIGHT-0066,C,C,保持不变,0,30
20260513-batch-real-001,Q-FLIGHT-0067,A,A,飞机拉力与阻力的比值,0,10
20260513-batch-real-001,Q-FLIGHT-0067,B,B,飞机升力与阻力的比值,0,20
20260513-batch-real-001,Q-FLIGHT-0067,C,C,飞机承受的载荷（除重力外）与重力的比值,1,30
20260513-batch-real-001,Q-FLIGHT-0068,A,A,保持升力垂直分量不变,1,10
20260513-batch-real-001,Q-FLIGHT-0068,B,B,用以使机头沿转弯方向转动,0,20
20260513-batch-real-001,Q-FLIGHT-0068,C,C,保持升力水平分量不变,0,30
20260513-batch-real-001,Q-FLIGHT-0069,A,A,增大迎角和油门,1,10
20260513-batch-real-001,Q-FLIGHT-0069,B,B,增大迎角．减小拉力,0,20
20260513-batch-real-001,Q-FLIGHT-0069,C,C,减小迎角．增大拉力,0,30
20260513-batch-real-001,Q-FLIGHT-0070,A,A,拉杆飞机转入下降,0,10
20260513-batch-real-001,Q-FLIGHT-0070,B,B,推油门飞机转入下降,0,20
20260513-batch-real-001,Q-FLIGHT-0070,C,C,推杆飞机转入下降,1,30
20260513-batch-real-001,Q-FLIGHT-0071,A,A,减小,0,10
20260513-batch-real-001,Q-FLIGHT-0071,B,B,保持不变，因为临界迎角不变,0,20
20260513-batch-real-001,Q-FLIGHT-0071,C,C,增大,1,30
20260513-batch-real-001,Q-FLIGHT-0072,A,A,飞机速度太小,0,10
20260513-batch-real-001,Q-FLIGHT-0072,B,B,飞机速度太大,0,20
20260513-batch-real-001,Q-FLIGHT-0072,C,C,飞机迎角超过临界迎角,1,30
20260513-batch-real-001,Q-FLIGHT-0073,A,A,出现操纵迟钝和操纵效率降低的现象,1,10
20260513-batch-real-001,Q-FLIGHT-0073,B,B,出现机头上仰的现象,0,20
20260513-batch-real-001,Q-FLIGHT-0073,C,C,出现机翼自转现象,0,30
20260513-batch-real-001,Q-FLIGHT-0074,A,A,立即蹬舵,0,10
20260513-batch-real-001,Q-FLIGHT-0074,B,B,立即推杆到底,1,20
20260513-batch-real-001,Q-FLIGHT-0074,C,C,立即拉杆,0,30
20260513-batch-real-001,Q-FLIGHT-0075,A,A,飞行员方向舵操纵不当,0,10
20260513-batch-real-001,Q-FLIGHT-0075,B,B,飞行员压盘过多,0,20
20260513-batch-real-001,Q-FLIGHT-0075,C,C,飞机失速后机翼自转,1,30
20260513-batch-real-001,Q-FLIGHT-0076,A,A,立即推杆到底改出失速,0,10
20260513-batch-real-001,Q-FLIGHT-0076,B,B,立即向螺旋反方向打舵到底制止滚转,1,20
20260513-batch-real-001,Q-FLIGHT-0076,C,C,立即加大油门增速,0,30
20260513-batch-real-001,Q-FLIGHT-0077,A,A,向下低头,0,10
20260513-batch-real-001,Q-FLIGHT-0077,B,B,向左滚转,1,20
20260513-batch-real-001,Q-FLIGHT-0077,C,C,向上抬头,0,30
20260513-batch-real-001,Q-FLIGHT-0078,A,A,低于半个翼展,0,10
20260513-batch-real-001,Q-FLIGHT-0078,B,B,低于一个翼展,1,20
20260513-batch-real-001,Q-FLIGHT-0078,C,C,低于两个翼展,0,30
20260513-batch-real-001,Q-FLIGHT-0079,A,A,升力增大．阻力减小,1,10
20260513-batch-real-001,Q-FLIGHT-0079,B,B,升力减小．阻力增大,0,20
20260513-batch-real-001,Q-FLIGHT-0079,C,C,升力增大．阻力增大,0,30
20260513-batch-real-001,Q-FLIGHT-0080,A,A,出现短暂的机头上仰变化,0,10
20260513-batch-real-001,Q-FLIGHT-0080,B,B,经历诱导阻力减小的过程，需要减小动力,1,20
20260513-batch-real-001,Q-FLIGHT-0080,C,C,需要增大迎角以保持相同的升力系数,0,30
20260513-batch-real-001,Q-FLIGHT-0081,A,A,回到原平衡状态的趋势,1,10
20260513-batch-real-001,Q-FLIGHT-0081,B,B,继续偏离原平衡状态的趋势,0,20
20260513-batch-real-001,Q-FLIGHT-0081,C,C,保持偏离后的平衡状态,0,30
20260513-batch-real-001,Q-FLIGHT-0082,A,A,回到原平衡状态的趋势,0,10
20260513-batch-real-001,Q-FLIGHT-0082,B,B,继续偏离原平衡状态的趋势,1,20
20260513-batch-real-001,Q-FLIGHT-0082,C,C,保持偏离后的平衡状态的趋势,0,30
20260513-batch-real-001,Q-FLIGHT-0083,A,A,飞机振荡的振幅减小使飞机回到原来的平衡状态,1,10
20260513-batch-real-001,Q-FLIGHT-0083,B,B,飞机振荡的振幅持续增大,0,20
20260513-batch-real-001,Q-FLIGHT-0083,C,C,飞机振荡的振幅不增大也不减小,0,30
20260513-batch-real-001,Q-FLIGHT-0084,A,A,飞机振荡的振幅减小使飞机回到原来的平衡状态,0,10
20260513-batch-real-001,Q-FLIGHT-0084,B,B,飞机振荡的振幅持续增大,1,20
20260513-batch-real-001,Q-FLIGHT-0084,C,C,飞机振荡的振幅不增大也不减小,0,30
20260513-batch-real-001,Q-FLIGHT-0085,A,A,防止飞机绕立轴偏转过快,0,10
20260513-batch-real-001,Q-FLIGHT-0085,B,B,防止飞机绕纵轴滚转过快,0,20
20260513-batch-real-001,Q-FLIGHT-0085,C,C,防止飞机抬头过高或低头过低,1,30
20260513-batch-real-001,Q-FLIGHT-0086,A,A,压力最低的点,0,10
20260513-batch-real-001,Q-FLIGHT-0086,B,B,压力最高的点,0,20
20260513-batch-real-001,Q-FLIGHT-0086,C,C,升力的着力点,1,30
20260513-batch-real-001,Q-FLIGHT-0087,A,A,前移,1,10
20260513-batch-real-001,Q-FLIGHT-0087,B,B,后移,0,20
20260513-batch-real-001,Q-FLIGHT-0087,C,C,保持不变,0,30
20260513-batch-real-001,Q-FLIGHT-0088,A,A,前移,0,10
20260513-batch-real-001,Q-FLIGHT-0088,B,B,后移,1,20
20260513-batch-real-001,Q-FLIGHT-0088,C,C,保持不变,0,30
20260513-batch-real-001,Q-FLIGHT-0089,A,A,位于压力中心前,1,10
20260513-batch-real-001,Q-FLIGHT-0089,B,B,位于压力中心后,0,20
20260513-batch-real-001,Q-FLIGHT-0089,C,C,与压力中心重合,0,30
20260513-batch-real-001,Q-FLIGHT-0090,A,A,上仰,0,10
20260513-batch-real-001,Q-FLIGHT-0090,B,B,下俯,1,20
20260513-batch-real-001,Q-FLIGHT-0090,C,C,偏转,0,30
20260513-batch-real-001,Q-FLIGHT-0091,A,A,上仰,1,10
20260513-batch-real-001,Q-FLIGHT-0091,B,B,下俯,0,20
20260513-batch-real-001,Q-FLIGHT-0091,C,C,偏转,0,30
20260513-batch-real-001,Q-FLIGHT-0092,A,A,变强,1,10
20260513-batch-real-001,Q-FLIGHT-0092,B,B,减弱,0,20
20260513-batch-real-001,Q-FLIGHT-0092,C,C,不受影响,0,30
20260513-batch-real-001,Q-FLIGHT-0093,A,A,变强,0,10
20260513-batch-real-001,Q-FLIGHT-0093,B,B,减弱,1,20
20260513-batch-real-001,Q-FLIGHT-0093,C,C,保持不变,0,30
20260513-batch-real-001,Q-FLIGHT-0094,A,A,使机翼恢复到水平状态,1,10
20260513-batch-real-001,Q-FLIGHT-0094,B,B,使飞机保持航向,0,20
20260513-batch-real-001,Q-FLIGHT-0094,C,C,使飞机保持迎角,0,30
20260513-batch-real-001,Q-FLIGHT-0095,A,A,飘摆（荷兰滚）,0,10
20260513-batch-real-001,Q-FLIGHT-0095,B,B,螺旋不稳定现象,1,20
20260513-batch-real-001,Q-FLIGHT-0095,C,C,转弯困难,0,30
20260513-batch-real-001,Q-FLIGHT-0096,A,A,飘摆（荷兰滚）,1,10
20260513-batch-real-001,Q-FLIGHT-0096,B,B,螺旋不稳定现象,0,20
20260513-batch-real-001,Q-FLIGHT-0096,C,C,失去纵向安定性,0,30
20260513-batch-real-001,Q-FLIGHT-0097,A,A,飞机进入了飘摆（荷兰滚）,1,10
20260513-batch-real-001,Q-FLIGHT-0097,B,B,飞机进入了失速,0,20
20260513-batch-real-001,Q-FLIGHT-0097,C,C,飞机进入了螺旋,0,30
20260513-batch-real-001,Q-FLIGHT-0098,A,A,增大，减小,1,10
20260513-batch-real-001,Q-FLIGHT-0098,B,B,减小，增大,0,20
20260513-batch-real-001,Q-FLIGHT-0098,C,C,增大，增大,0,30
20260513-batch-real-001,Q-FLIGHT-0099,A,A,等于,0,10
20260513-batch-real-001,Q-FLIGHT-0099,B,B,大于,1,20
20260513-batch-real-001,Q-FLIGHT-0099,C,C,小于,0,30
20260513-batch-real-001,Q-FLIGHT-0100,A,A,飞机离地时的重量,0,10
20260513-batch-real-001,Q-FLIGHT-0100,B,B,飞机开始滑行时的重量,0,20
20260513-batch-real-001,Q-FLIGHT-0100,C,C,飞机开始起飞滑跑时的重量,1,30
20260513-batch-real-001,Q-FLIGHT-0101,A,A,阻力将增大,0,10
20260513-batch-real-001,Q-FLIGHT-0101,B,B,升力将增大,1,20
20260513-batch-real-001,Q-FLIGHT-0101,C,C,升力将减小,0,30
20260513-batch-real-001,Q-FLIGHT-0102,A,A,升力将减小,0,10
20260513-batch-real-001,Q-FLIGHT-0102,B,B,升力将增大,1,20
20260513-batch-real-001,Q-FLIGHT-0102,C,C,阻力增大升力减小,0,30
20260513-batch-real-001,Q-FLIGHT-0103,A,A,检查电瓶和点火电门是否关断,0,10
20260513-batch-real-001,Q-FLIGHT-0103,B,B,油车是否接地,0,20
20260513-batch-real-001,Q-FLIGHT-0103,C,C,将飞机．加油车和加油枪用连线接地,1,30
20260513-batch-real-001,Q-FLIGHT-0104,A,A,发动机处于小转速和大进气压力状态工作,1,10
20260513-batch-real-001,Q-FLIGHT-0104,B,B,发动机处于高功率状态下工作时,0,20
20260513-batch-real-001,Q-FLIGHT-0104,C,C,发动机处于大转速和小进气压力转台工作,0,30
20260513-batch-real-001,Q-FLIGHT-0105,A,A,发动机过热,0,10
20260513-batch-real-001,Q-FLIGHT-0105,B,B,电嘴积炭,1,20
20260513-batch-real-001,Q-FLIGHT-0105,C,C,发动机工作平稳，但燃油消耗量变大,0,30
20260513-batch-real-001,Q-FLIGHT-0106,A,A,小桨叶角及低转速,0,10
20260513-batch-real-001,Q-FLIGHT-0106,B,B,大桨叶角及高转速,0,20
20260513-batch-real-001,Q-FLIGHT-0106,C,C,小桨叶角及高转速,1,30
20260513-batch-real-001,Q-FLIGHT-0107,A,A,长时间爬升,1,10
20260513-batch-real-001,Q-FLIGHT-0107,B,B,巡航,0,20
20260513-batch-real-001,Q-FLIGHT-0107,C,C,下降,0,30
20260513-batch-real-001,Q-FLIGHT-0108,A,A,牛顿第三运动定律表明，要获得给定加速度所施加的力的大小取决于无人机的质量,0,10
20260513-batch-real-001,Q-FLIGHT-0108,B,B,牛顿第二运动定律表明作用力和反作用力是大小相等方向相反的,0,20
20260513-batch-real-001,Q-FLIGHT-0108,C,C,如果一个物体处于平衡状态，那么它就有保持这种平衡状态的趋势,1,30
20260513-batch-real-001,Q-FLIGHT-0109,A,A,速度,0,10
20260513-batch-real-001,Q-FLIGHT-0109,B,B,加速度,1,20
20260513-batch-real-001,Q-FLIGHT-0109,C,C,重力加速度,0,30
20260513-batch-real-001,Q-FLIGHT-0110,A,A,会加速,1,10
20260513-batch-real-001,Q-FLIGHT-0110,B,B,会减速,0,20
20260513-batch-real-001,Q-FLIGHT-0110,C,C,速度不变,0,30
20260513-batch-real-001,Q-FLIGHT-0111,A,A,增加,0,10
20260513-batch-real-001,Q-FLIGHT-0111,B,B,减少,1,20
20260513-batch-real-001,Q-FLIGHT-0111,C,C,不变,0,30
20260513-batch-real-001,Q-FLIGHT-0112,A,A,前者产生更大升力,1,10
20260513-batch-real-001,Q-FLIGHT-0112,B,B,后者产生更大升力,0,20
20260513-batch-real-001,Q-FLIGHT-0112,C,C,产生升力相等,0,30
20260513-batch-real-001,Q-FLIGHT-0113,A,A,适用于飞行器下滑过程,0,10
20260513-batch-real-001,Q-FLIGHT-0113,B,B,适用于飞行器爬升过程,0,20
20260513-batch-real-001,Q-FLIGHT-0113,C,C,都不适用,1,30
20260513-batch-real-001,Q-FLIGHT-0114,A,A,飞行器的尺寸或面积、飞行速度、空气密度,0,10
20260513-batch-real-001,Q-FLIGHT-0114,B,B,CL,0,20
20260513-batch-real-001,Q-FLIGHT-0114,C,C,都是,1,30
20260513-batch-real-001,Q-FLIGHT-0115,A,A,空气与前缘相遇的地方,1,10
20260513-batch-real-001,Q-FLIGHT-0115,B,B,空气与后缘相遇的地方,0,20
20260513-batch-real-001,Q-FLIGHT-0115,C,C,都不正确,0,30
20260513-batch-real-001,Q-FLIGHT-0116,A,A,稍稍向前缘的上表面移动,0,10
20260513-batch-real-001,Q-FLIGHT-0116,B,B,稍稍向前缘的下表面移动,1,20
20260513-batch-real-001,Q-FLIGHT-0116,C,C,不会移动,0,30
20260513-batch-real-001,Q-FLIGHT-0117,A,A,了解飞机阻力是如何产生的并如何去减小它是很重要的,1,10
20260513-batch-real-001,Q-FLIGHT-0117,B,B,飞行器飞行时阻力是可以避免的,0,20
20260513-batch-real-001,Q-FLIGHT-0117,C,C,每次翼型或迎角的变化都不会改变飞机的阻力,0,30
20260513-batch-real-001,Q-FLIGHT-0118,A,A,黏性阻力是由于空气和飞行器表面接触产生的,0,10
20260513-batch-real-001,Q-FLIGHT-0118,B,B,形状阻力是由于空气和飞行器表面接触产生的,1,20
20260513-batch-real-001,Q-FLIGHT-0118,C,C,蒙皮摩擦阻力是由于空气和飞行器表面接触产生的,0,30
20260513-batch-real-001,Q-FLIGHT-0119,A,A,形阻减少了,0,10
20260513-batch-real-001,Q-FLIGHT-0119,B,B,蒙皮摩阻减少了,0,20
20260513-batch-real-001,Q-FLIGHT-0119,C,C,蒙皮摩阻增加了,1,30
20260513-batch-real-001,Q-FLIGHT-0120,A,A,阻力达到最小值,1,10
20260513-batch-real-001,Q-FLIGHT-0120,B,B,阻力达到极小值,0,20
20260513-batch-real-001,Q-FLIGHT-0120,C,C,阻力达到极大值,0,30
20260513-batch-real-001,Q-FLIGHT-0121,A,A,升力的向上力和尾部向下的力降低,1,10
20260513-batch-real-001,Q-FLIGHT-0121,B,B,升力的向上力和尾部向下的力增加,0,20
20260513-batch-real-001,Q-FLIGHT-0121,C,C,升力的向上力和尾部向下的力恒为零,0,30
20260513-batch-real-001,Q-FLIGHT-0122,A,A,不变,0,10
20260513-batch-real-001,Q-FLIGHT-0122,B,B,减少,0,20
20260513-batch-real-001,Q-FLIGHT-0122,C,C,增加,1,30
20260513-batch-real-001,Q-FLIGHT-0123,A,A,飞机以一定的角速度转弯而倾斜过多时，水平升力分量小于离心力,0,10
20260513-batch-real-001,Q-FLIGHT-0123,B,B,升力的水平分量和离心力的平衡只能通过增加倾斜度建立,0,20
20260513-batch-real-001,Q-FLIGHT-0123,C,C,升力的水平分量和离心力的平衡可以通过降低倾斜度建立,1,30
20260513-batch-real-001,Q-FLIGHT-0124,A,A,外侧滑转弯的纠正引起角速度的降低，倾斜角增加，或者二者的结合,0,10
20260513-batch-real-001,Q-FLIGHT-0124,B,B,为维持一个给定的角速度，倾斜角必须随离心力变化,1,20
20260513-batch-real-001,Q-FLIGHT-0124,C,C,在高速飞机上这变得特别重要,0,30
20260513-batch-real-001,Q-FLIGHT-0125,A,A,功率必定降低,0,10
20260513-batch-real-001,Q-FLIGHT-0125,B,B,重力的分量沿航迹向前作用将随迎角的下降率增加而增加,0,20
20260513-batch-real-001,Q-FLIGHT-0125,C,C,迎角的下降率降低时重力的向前分量增加变快,1,30
20260513-batch-real-001,Q-FLIGHT-0126,A,A,滑翔状态，一个较大的下滑角会导致一个很大的重力分量,0,10
20260513-batch-real-001,Q-FLIGHT-0126,B,B,在俯冲状态中，飞行轨迹可以达到完全垂直向下,0,20
20260513-batch-real-001,Q-FLIGHT-0126,C,C,在爬升状态中，要想爬升得更陡和更快就必须有强大的推力，机翼的作用是主要的,1,30
20260513-batch-real-001,Q-FLIGHT-0127,A,A,当飞机受扰动而机头下俯时，机翼和水平尾翼的迎角减小，会产生向上的附加升力,1,10
20260513-batch-real-001,Q-FLIGHT-0127,B,B,飞机的重心位于焦点之后，飞机则是纵向不稳定的,0,20
20260513-batch-real-001,Q-FLIGHT-0127,C,C,当重心位置后移时，将削弱飞机的纵向稳定性,0,30
20260513-batch-real-001,Q-FLIGHT-0128,A,A,裕度越大，稳定性就越强,0,10
20260513-batch-real-001,Q-FLIGHT-0128,B,B,重心的移动不会改变静稳定裕度,1,20
20260513-batch-real-001,Q-FLIGHT-0128,C,C,配重的任何变化都将需要新的升降舵配平以维持水平飞行,0,30
20260513-batch-real-001,Q-FLIGHT-0129,A,A,弹射,0,10
20260513-batch-real-001,Q-FLIGHT-0129,B,B,滑跑,0,20
20260513-batch-real-001,Q-FLIGHT-0129,C,C,滑翔,1,30
20260513-batch-real-001,Q-FLIGHT-0130,A,A,伞降,0,10
20260513-batch-real-001,Q-FLIGHT-0130,B,B,飘落,1,20
20260513-batch-real-001,Q-FLIGHT-0130,C,C,气囊回收,0,30
20260513-batch-real-001,Q-FLIGHT-0131,A,A,在地面发射时，无人机使用较为广泛的发射方式是母机空中发射与零长发射,0,10
20260513-batch-real-001,Q-FLIGHT-0131,B,B,无人机安装在轨道式发射装置上，在压缩空气．橡筋或液压等弹射装置作用下起飞，无人机飞离发射装置后，在辅 发动机作用下完成飞行任务,0,20
20260513-batch-real-001,Q-FLIGHT-0131,C,C,容器式发射装置是一种封闭式发射装置，兼备发射与贮存无人机功能。它有单室式和多室式两种类型,1,30
20260513-batch-real-001,Q-FLIGHT-0132,A,A,中空回收，在大飞机上必须有中空回收系统，在无人机上除了有阻力伞和主伞之外，还需有钩挂伞．吊索和可旋转 的脱落机构,0,10
20260513-batch-real-001,Q-FLIGHT-0132,B,B,起落架轮式着陆，有些无人机的起落架局部被设计成较坚固,1,20
20260513-batch-real-001,Q-FLIGHT-0132,C,C,用拦截网系统回收无人机是目前世界小型无人机较普遍采用的回收方式之一,0,30
20260513-batch-real-001,Q-FLIGHT-0133,A,A,气垫着陆的最大缺点是，不能在未经平整的地面．泥地．冰雪地或水上着陆,0,10
20260513-batch-real-001,Q-FLIGHT-0133,B,B,优点是不受无人机大小．重量限制，且回收率高,1,20
20260513-batch-real-001,Q-FLIGHT-0133,C,C,空中回收则是 1 分钟 1 架次,0,30
20260513-batch-real-001,Q-FLIGHT-0134,A,A,降落伞由主伞．减速伞和阻力伞三级伞组成,0,10
20260513-batch-real-001,Q-FLIGHT-0134,B,B,当无人机完成任务后，地面站发遥控指令给无人机，使发动机慢车，飞机减速，降高,1,20
20260513-batch-real-001,Q-FLIGHT-0134,C,C,无人机悬挂在主伞下慢慢着陆，机下触地开关接通，使主伞收回无人机内，这是对降落伞回收过程最简单的描述,0,30
20260513-batch-real-001,Q-FLIGHT-0135,A,A,用拦截网系统回收无人机是目前世界中型无人机较普遍采用的回收方式之一,0,10
20260513-batch-real-001,Q-FLIGHT-0135,B,B,拦截网系统通常由拦截网．能量吸收装置组成,0,20
20260513-batch-real-001,Q-FLIGHT-0135,C,C,能量吸收装置与拦截网相连，其作用是吸收无人机撞网的能量，免得无人机触网后在网上弹跳不停，以致损伤,1,30
20260513-batch-real-001,Q-FLIGHT-0136,A,A,飞机在起飞时，以垂直姿态安置在发生场上，由飞机尾支座支撑飞机，在机上发动机作用下起飞,0,10
20260513-batch-real-001,Q-FLIGHT-0136,B,B,机上配备垂直起飞用发动机，在该发动机推力作用下，飞机垂直起飞,0,20
20260513-batch-real-001,Q-FLIGHT-0136,C,C,美国的格鲁门公司设计的 754 型无人机，它保留普通起落架装置，机尾有尾支座，可采用起落架滑跑方式起飞，也 可以垂直姿态起飞,1,30
20260513-batch-real-001,Q-FLIGHT-0137,A,A,桨叶绕水平铰可以上下活动,1,10
20260513-batch-real-001,Q-FLIGHT-0137,B,B,桨叶绕垂直铰的前后活动,0,20
20260513-batch-real-001,Q-FLIGHT-0137,C,C,桨叶绕轴向铰的转动,0,30
20260513-batch-real-001,Q-FLIGHT-0138,A,A,前行桨叶相对气流速度小于后行桨叶相对气流速度,0,10
20260513-batch-real-001,Q-FLIGHT-0138,B,B,前行桨叶相对气流速度大于后行桨叶相对气流速度,1,20
20260513-batch-real-001,Q-FLIGHT-0138,C,C,前行桨叶相对气流速度等于后行桨叶相对气流速度,0,30
20260513-batch-real-001,Q-FLIGHT-0139,A,A,沿 3 轴移动，绕3 轴转动,1,10
20260513-batch-real-001,Q-FLIGHT-0139,B,B,绕 4 个轴转动,0,20
20260513-batch-real-001,Q-FLIGHT-0139,C,C,沿 3 个轴移动,0,30
20260513-batch-real-001,Q-FLIGHT-0140,A,A,最小转弯半径,0,10
20260513-batch-real-001,Q-FLIGHT-0140,B,B,最大俯仰角,1,20
20260513-batch-real-001,Q-FLIGHT-0140,C,C,最大转弯半径,0,30
20260513-batch-real-001,Q-FLIGHT-0141,A,A,总距杆,0,10
20260513-batch-real-001,Q-FLIGHT-0141,B,B,转速,1,20
20260513-batch-real-001,Q-FLIGHT-0141,C,C,尾桨,0,30
20260513-batch-real-001,Q-FLIGHT-0142,A,A,横轴运动,1,10
20260513-batch-real-001,Q-FLIGHT-0142,B,B,纵轴运动,0,20
20260513-batch-real-001,Q-FLIGHT-0142,C,C,立轴运动,0,30
20260513-batch-real-001,Q-FLIGHT-0143,A,A,垂直起降是旋翼无人机的主流发射回收方式,0,10
20260513-batch-real-001,Q-FLIGHT-0143,B,B,部分特种固定翼无人机也可采用垂直方式发射和回收,0,20
20260513-batch-real-001,Q-FLIGHT-0143,C,C,垂直起降的固定翼无人机均安装有专用的辅助动力系统,1,30
20260513-batch-real-001,Q-FLIGHT-0144,A,A,右侧滑,0,10
20260513-batch-real-001,Q-FLIGHT-0144,B,B,左侧滑,1,20
20260513-batch-real-001,Q-FLIGHT-0144,C,C,无侧滑,0,30
20260513-batch-real-001,Q-FLIGHT-0145,A,A,右翼升力大于左翼升力,0,10
20260513-batch-real-001,Q-FLIGHT-0145,B,B,左翼升力大于右翼升力,1,20
20260513-batch-real-001,Q-FLIGHT-0145,C,C,左翼升力等于右翼升力,0,30
20260513-batch-real-001,Q-FLIGHT-0146,A,A,与自己相向飞行,1,10
20260513-batch-real-001,Q-FLIGHT-0146,B,B,与自己顺向飞行,0,20
20260513-batch-real-001,Q-FLIGHT-0146,C,C,没有发生相撞的可能,0,30
20260513-batch-real-001,Q-FLIGHT-0147,A,A,不必了解,0,10
20260513-batch-real-001,Q-FLIGHT-0147,B,B,视情况了解,0,20
20260513-batch-real-001,Q-FLIGHT-0147,C,C,必须了解,1,30
20260513-batch-real-001,Q-FLIGHT-0148,A,A,滚转运动,0,10
20260513-batch-real-001,Q-FLIGHT-0148,B,B,俯仰运动,0,20
20260513-batch-real-001,Q-FLIGHT-0148,C,C,偏航运动,1,30
20260513-batch-real-001,Q-FLIGHT-0149,A,A,空载电压,0,10
20260513-batch-real-001,Q-FLIGHT-0149,B,B,负载电压,1,20
20260513-batch-real-001,Q-FLIGHT-0149,C,C,已使用电压,0,30
20260513-batch-real-001,Q-FLIGHT-0150,A,A,后方两轴,1,10
20260513-batch-real-001,Q-FLIGHT-0150,B,B,左侧两轴,0,20
20260513-batch-real-001,Q-FLIGHT-0150,C,C,右侧两轴,0,30
20260513-batch-real-001,Q-FLIGHT-0151,A,A,平台惯导,0,10
20260513-batch-real-001,Q-FLIGHT-0151,B,B,捷联惯导,0,20
20260513-batch-real-001,Q-FLIGHT-0151,C,C,GPS,1,30
20260513-batch-real-001,Q-FLIGHT-0152,A,A,能量守恒定律,1,10
20260513-batch-real-001,Q-FLIGHT-0152,B,B,牛顿第一定律,0,20
20260513-batch-real-001,Q-FLIGHT-0152,C,C,质量守恒定律,0,30
20260513-batch-real-001,Q-FLIGHT-0153,A,A,相等,1,10
20260513-batch-real-001,Q-FLIGHT-0153,B,B,阻力大于推力,0,20
20260513-batch-real-001,Q-FLIGHT-0153,C,C,阻力小于推力,0,30
20260513-batch-real-001,Q-FLIGHT-0154,A,A,将随着飞行速度的提高而后移,0,10
20260513-batch-real-001,Q-FLIGHT-0154,B,B,将随着飞行速度的提高而前移,1,20
20260513-batch-real-001,Q-FLIGHT-0154,C,C,在飞行 M 数小于一定值时保持不变,0,30
20260513-batch-real-001,Q-FLIGHT-0155,A,A,摩擦阻力增加,0,10
20260513-batch-real-001,Q-FLIGHT-0155,B,B,压差阻力增加,1,20
20260513-batch-real-001,Q-FLIGHT-0155,C,C,升力增加,0,30
20260513-batch-real-001,Q-FLIGHT-0156,A,A,大气压力和速度,0,10
20260513-batch-real-001,Q-FLIGHT-0156,B,B,空气密度和阻力,0,20
20260513-batch-real-001,Q-FLIGHT-0156,C,C,空气密度和速度,1,30
20260513-batch-real-001,Q-FLIGHT-0157,A,A,连续性假设,0,10
20260513-batch-real-001,Q-FLIGHT-0157,B,B,相对性原理,1,20
20260513-batch-real-001,Q-FLIGHT-0157,C,C,牛顿定理,0,30
20260513-batch-real-001,Q-FLIGHT-0158,A,A,只适用于理想流体,1,10
20260513-batch-real-001,Q-FLIGHT-0158,B,B,适用于可压缩和不可压缩流体的稳定管流,0,20
20260513-batch-real-001,Q-FLIGHT-0158,C,C,只适用于不可压缩体的稳定管流,0,30
20260513-batch-real-001,Q-FLIGHT-0159,A,A,流体流速大的地方压力小，流速小的地方压力大,0,10
20260513-batch-real-001,Q-FLIGHT-0159,B,B,气流沿流管稳定流动过程中，气流的动压和静压之和等于常数,0,20
20260513-batch-real-001,Q-FLIGHT-0159,C,C,气流低速流动时，流速与流管横截面积成正比,1,30
20260513-batch-real-001,Q-FLIGHT-0160,A,A,能量守衡定律,0,10
20260513-batch-real-001,Q-FLIGHT-0160,B,B,牛顿第一定律,0,20
20260513-batch-real-001,Q-FLIGHT-0160,C,C,质量守衡定律,1,30
20260513-batch-real-001,Q-FLIGHT-0161,A,A,增大,1,10
20260513-batch-real-001,Q-FLIGHT-0161,B,B,减小,0,20
20260513-batch-real-001,Q-FLIGHT-0161,C,C,保持不变,0,30
20260513-batch-real-001,Q-FLIGHT-0162,A,A,流速增加，压强增大,0,10
20260513-batch-real-001,Q-FLIGHT-0162,B,B,速度降低，压强下降,0,20
20260513-batch-real-001,Q-FLIGHT-0162,C,C,流速增加，压强下降,1,30
20260513-batch-real-001,Q-FLIGHT-0163,A,A,只要是理想的不可压缩流体,0,10
20260513-batch-real-001,Q-FLIGHT-0163,B,B,只要是理想的与外界无能量交换的流体,0,20
20260513-batch-real-001,Q-FLIGHT-0163,C,C,必须是理想的、不可压缩、且与外界无能量交换的流体,1,30
20260513-batch-real-001,Q-FLIGHT-0164,A,A,流管内气流速度增加，空气静压也增加,0,10
20260513-batch-real-001,Q-FLIGHT-0164,B,B,流管截面积减小，空气静压增加,0,20
20260513-batch-real-001,Q-FLIGHT-0164,C,C,流管内气流速度增加，空气静压减小,1,30
20260513-batch-real-001,Q-FLIGHT-0165,A,A,动压和静压的方向都是运动的方向一致,0,10
20260513-batch-real-001,Q-FLIGHT-0165,B,B,动压和静压都作用在任意方向,0,20
20260513-batch-real-001,Q-FLIGHT-0165,C,C,动压作用在流体的流动方向，静压作用在任意方向,1,30
20260513-batch-real-001,Q-FLIGHT-0166,A,A,低速气流,1,10
20260513-batch-real-001,Q-FLIGHT-0166,B,B,高速气流,0,20
20260513-batch-real-001,Q-FLIGHT-0166,C,C,适用于各种速度的气流,0,30
20260513-batch-real-001,Q-FLIGHT-0167,A,A,总压与静压之和,0,10
20260513-batch-real-001,Q-FLIGHT-0167,B,B,总压与静压之差,1,20
20260513-batch-real-001,Q-FLIGHT-0167,C,C,动压和速度成正比,0,30
20260513-batch-real-001,Q-FLIGHT-0168,A,A,左翼尖到右翼尖,0,10
20260513-batch-real-001,Q-FLIGHT-0168,B,B,机身中心线到翼尖,0,20
20260513-batch-real-001,Q-FLIGHT-0168,C,C,机翼前缘到后缘,1,30
20260513-batch-real-001,Q-FLIGHT-0169,A,A,左翼尖到右翼尖,1,10
20260513-batch-real-001,Q-FLIGHT-0169,B,B,机身中心线到翼尖,0,20
20260513-batch-real-001,Q-FLIGHT-0169,C,C,机翼前缘到后缘,0,30
20260513-batch-real-001,Q-FLIGHT-0170,A,A,翼弦与相对气流速度的夹角,0,10
20260513-batch-real-001,Q-FLIGHT-0170,B,B,翼弦与机身纵轴之间所夹锐角,1,20
20260513-batch-real-001,Q-FLIGHT-0170,C,C,翼弦与水平面之间所夹的锐角,0,30
20260513-batch-real-001,Q-FLIGHT-0171,A,A,展长与机翼最大厚度之比,0,10
20260513-batch-real-001,Q-FLIGHT-0171,B,B,展长与翼尖弦长之比,0,20
20260513-batch-real-001,Q-FLIGHT-0171,C,C,展长与平均弦长之比,1,30
20260513-batch-real-001,Q-FLIGHT-0172,A,A,安装角,0,10
20260513-batch-real-001,Q-FLIGHT-0172,B,B,上反角,0,20
20260513-batch-real-001,Q-FLIGHT-0172,C,C,后掠角,1,30
20260513-batch-real-001,Q-FLIGHT-0173,A,A,相对弯度,0,10
20260513-batch-real-001,Q-FLIGHT-0173,B,B,相对厚度,1,20
20260513-batch-real-001,Q-FLIGHT-0173,C,C,最大弯度,0,30
20260513-batch-real-001,Q-FLIGHT-0174,A,A,相对弯度,1,10
20260513-batch-real-001,Q-FLIGHT-0174,B,B,相对厚度,0,20
20260513-batch-real-001,Q-FLIGHT-0174,C,C,最大厚度,0,30
20260513-batch-real-001,Q-FLIGHT-0175,A,A,前缘和后缘,0,10
20260513-batch-real-001,Q-FLIGHT-0175,B,B,翼型的厚度和弯度,1,20
20260513-batch-real-001,Q-FLIGHT-0175,C,C,弯度和前缘,0,30
20260513-batch-real-001,Q-FLIGHT-0176,A,A,滚转力矩,1,10
20260513-batch-real-001,Q-FLIGHT-0176,B,B,俯仰力矩,0,20
20260513-batch-real-001,Q-FLIGHT-0176,C,C,不产生任何力矩,0,30
20260513-batch-real-001,Q-FLIGHT-0177,A,A,偏航力矩,1,10
20260513-batch-real-001,Q-FLIGHT-0177,B,B,俯仰力矩,0,20
20260513-batch-real-001,Q-FLIGHT-0177,C,C,不产生任何力矩,0,30
20260513-batch-real-001,Q-FLIGHT-0178,A,A,升力突然大大增加，而阻力迅速减小,0,10
20260513-batch-real-001,Q-FLIGHT-0178,B,B,升力突然大大降低，而阻力迅速增加,1,20
20260513-batch-real-001,Q-FLIGHT-0178,C,C,升力和阻力同时大大增加,0,30
20260513-batch-real-001,Q-FLIGHT-0179,A,A,一个小的正迎角,0,10
20260513-batch-real-001,Q-FLIGHT-0179,B,B,一个小的负迎角,1,20
20260513-batch-real-001,Q-FLIGHT-0179,C,C,失速迎角,0,30
20260513-batch-real-001,Q-FLIGHT-0180,A,A,零升迎角,1,10
20260513-batch-real-001,Q-FLIGHT-0180,B,B,失速迎角,0,20
20260513-batch-real-001,Q-FLIGHT-0180,C,C,零迎角,0,30
20260513-batch-real-001,Q-FLIGHT-0181,A,A,飞机失去速度,0,10
20260513-batch-real-001,Q-FLIGHT-0181,B,B,飞机速度太快,0,20
20260513-batch-real-001,Q-FLIGHT-0181,C,C,飞机以大于临界迎角飞行,1,30
20260513-batch-real-001,Q-FLIGHT-0182,A,A,飞机飞的最高时的迎角,0,10
20260513-batch-real-001,Q-FLIGHT-0182,B,B,飞机飞的最快时的迎角,0,20
20260513-batch-real-001,Q-FLIGHT-0182,C,C,飞机升力系数最大时的迎角,1,30
20260513-batch-real-001,Q-FLIGHT-0183,A,A,全机重心,0,10
20260513-batch-real-001,Q-FLIGHT-0183,B,B,全机的压力中心,1,20
20260513-batch-real-001,Q-FLIGHT-0183,C,C,机体坐标的原点,0,30
20260513-batch-real-001,Q-FLIGHT-0184,A,A,空气密度成正比,1,10
20260513-batch-real-001,Q-FLIGHT-0184,B,B,空气密度无关,0,20
20260513-batch-real-001,Q-FLIGHT-0184,C,C,空气密度成反比,0,30
20260513-batch-real-001,Q-FLIGHT-0185,A,A,与空速成正比,0,10
20260513-batch-real-001,Q-FLIGHT-0185,B,B,与空速无关,0,20
20260513-batch-real-001,Q-FLIGHT-0185,C,C,与空速的平方成正比,1,30
20260513-batch-real-001,Q-FLIGHT-0186,A,A,与相对气流速度垂直,1,10
20260513-batch-real-001,Q-FLIGHT-0186,B,B,与地面垂直,0,20
20260513-batch-real-001,Q-FLIGHT-0186,C,C,与翼弦垂直,0,30
20260513-batch-real-001,Q-FLIGHT-0187,A,A,越大,1,10
20260513-batch-real-001,Q-FLIGHT-0187,B,B,角愈大,0,20
20260513-batch-real-001,Q-FLIGHT-0187,C,C,与重量无关,0,30
20260513-batch-real-001,Q-FLIGHT-0188,A,A,增大迎角以提高升力,1,10
20260513-batch-real-001,Q-FLIGHT-0188,B,B,减小迎角以减小阻力,0,20
20260513-batch-real-001,Q-FLIGHT-0188,C,C,保持迎角不变以防止失速,0,30
20260513-batch-real-001,Q-FLIGHT-0189,A,A,迎角改变时升力增量作用线与翼弦的交点,0,10
20260513-batch-real-001,Q-FLIGHT-0189,B,B,翼弦与机翼空气动力作用线的交点,1,20
20260513-batch-real-001,Q-FLIGHT-0189,C,C,翼弦与最大厚度线的交点,0,30
20260513-batch-real-001,Q-FLIGHT-0190,A,A,最大升力系数和临界角最大,0,10
20260513-batch-real-001,Q-FLIGHT-0190,B,B,最大升力系数和小于临界角的迎角限定值,0,20
20260513-batch-real-001,Q-FLIGHT-0190,C,C,小于最大升力系数和临界迎角的两个限定值,1,30
20260513-batch-real-001,Q-FLIGHT-0191,A,A,厚度和机翼面积,0,10
20260513-batch-real-001,Q-FLIGHT-0191,B,B,弯度和翼展,0,20
20260513-batch-real-001,Q-FLIGHT-0191,C,C,厚度和弯度,1,30
20260513-batch-real-001,Q-FLIGHT-0192,A,A,当迎角为零时，升力不为零,1,10
20260513-batch-real-001,Q-FLIGHT-0192,B,B,当翼刨面有一个正迎角时，上翼面处的流线大于下翼面处的流线疏,0,20
20260513-batch-real-001,Q-FLIGHT-0192,C,C,当翼刨面有一个正迎角时，上翼面处的流线小于下翼面处的流线疏,0,30
20260513-batch-real-001,Q-FLIGHT-0193,A,A,减小摩擦阻力,0,10
20260513-batch-real-001,Q-FLIGHT-0193,B,B,减小干扰阻力,1,20
20260513-batch-real-001,Q-FLIGHT-0193,C,C,减小诱导阻力,0,30
20260513-batch-real-001,Q-FLIGHT-0194,A,A,与大气可压缩性有关、,0,10
20260513-batch-real-001,Q-FLIGHT-0194,B,B,与大气的粘性、飞机表面状况以及周围气流接触的飞机表面面积有关,1,20
20260513-batch-real-001,Q-FLIGHT-0194,C,C,仅与大气的温度有关,0,30
20260513-batch-real-001,Q-FLIGHT-0195,A,A,压差阻力,0,10
20260513-batch-real-001,Q-FLIGHT-0195,B,B,摩擦阻力,1,20
20260513-batch-real-001,Q-FLIGHT-0195,C,C,干扰阻力,0,30
20260513-batch-real-001,Q-FLIGHT-0196,A,A,摩擦阻力,0,10
20260513-batch-real-001,Q-FLIGHT-0196,B,B,压差阻力,1,20
20260513-batch-real-001,Q-FLIGHT-0196,C,C,诱导阻力,0,30
20260513-batch-real-001,Q-FLIGHT-0197,A,A,摩擦阻力,0,10
20260513-batch-real-001,Q-FLIGHT-0197,B,B,压差阻力,0,20
20260513-batch-real-001,Q-FLIGHT-0197,C,C,诱导阻力,1,30
20260513-batch-real-001,Q-FLIGHT-0198,A,A,摩擦阻力,0,10
20260513-batch-real-001,Q-FLIGHT-0198,B,B,压差阻力,0,20
20260513-batch-real-001,Q-FLIGHT-0198,C,C,干扰阻力,1,30
20260513-batch-real-001,Q-FLIGHT-0199,A,A,飞行速度、空气速度、机翼面积,0,10
20260513-batch-real-001,Q-FLIGHT-0199,B,B,飞机的翼型和平面形状,0,20
20260513-batch-real-001,Q-FLIGHT-0199,C,C,飞机安装角和上反角,1,30
20260513-batch-real-001,Q-FLIGHT-0200,A,A,机翼的平面形状,0,10
20260513-batch-real-001,Q-FLIGHT-0200,B,B,机翼的翼型,1,20
20260513-batch-real-001,Q-FLIGHT-0200,C,C,机翼的根尖比,0,30
20260513-batch-real-001,Q-FLIGHT-0201,A,A,把机翼表面做的很光滑,0,10
20260513-batch-real-001,Q-FLIGHT-0201,B,B,部件连接处采取整流措施,1,20
20260513-batch-real-001,Q-FLIGHT-0201,C,C,把暴露的部件做成流线型,0,30
20260513-batch-real-001,Q-FLIGHT-0202,A,A,物体的最大迎风面积越大，压差阻力越小,0,10
20260513-batch-real-001,Q-FLIGHT-0202,B,B,物体形状越接近流线型，压差阻力越大,0,20
20260513-batch-real-001,Q-FLIGHT-0202,C,C,物体的最大迎风面积越大，压差阻力越大,1,30
20260513-batch-real-001,Q-FLIGHT-0203,A,A,增大机翼的展弦比可以减小诱导阻力,1,10
20260513-batch-real-001,Q-FLIGHT-0203,B,B,把暴露在气流中的所有部件和零件都做成流线型，可以减小诱导阻力,0,20
20260513-batch-real-001,Q-FLIGHT-0203,C,C,把飞机各部件之间加装整流包皮，可以减小诱导阻力,0,30
20260513-batch-real-001,Q-FLIGHT-0204,A,A,干扰阻力是由于气流的下洗而引起的,0,10
20260513-batch-real-001,Q-FLIGHT-0204,B,B,在飞机各部件之间加装整流包皮可以减小诱导阻力,0,20
20260513-batch-real-001,Q-FLIGHT-0204,C,C,干扰阻力是飞机各部件之间由于气流相互干扰而产生的一种额外阻力,1,30
20260513-batch-real-001,Q-FLIGHT-0205,A,A,物体的最大迎风面积越大，压差阻力越小,0,10
20260513-batch-real-001,Q-FLIGHT-0205,B,B,物体形状越接近流线型，压差阻力越大,0,20
20260513-batch-real-001,Q-FLIGHT-0205,C,C,物体的最大迎风面积越大，压差阻力越大,1,30
20260513-batch-real-001,Q-FLIGHT-0206,A,A,减小摩擦阻力,0,10
20260513-batch-real-001,Q-FLIGHT-0206,B,B,减小压差阻力,0,20
20260513-batch-real-001,Q-FLIGHT-0206,C,C,减小诱导阻力,1,30
20260513-batch-real-001,Q-FLIGHT-0207,A,A,飞行速度,0,10
20260513-batch-real-001,Q-FLIGHT-0207,B,B,飞行迎角,1,20
20260513-batch-real-001,Q-FLIGHT-0207,C,C,机翼面积,0,30
20260513-batch-real-001,Q-FLIGHT-0208,A,A,飞机的升阻比越大，飞机的空气动力特性越差,0,10
20260513-batch-real-001,Q-FLIGHT-0208,B,B,飞机的升阻比越小，飞机的空气动力特性越好,0,20
20260513-batch-real-001,Q-FLIGHT-0208,C,C,飞机的升阻比越大，飞机的空气动力特性越好,1,30
20260513-batch-real-001,Q-FLIGHT-0209,A,A,保持飞机表面光洁度,1,10
20260513-batch-real-001,Q-FLIGHT-0209,B,B,减小迎风面积,0,20
20260513-batch-real-001,Q-FLIGHT-0209,C,C,增大后掠角,0,30
20260513-batch-real-001,Q-FLIGHT-0210,A,A,诱导阻力增大，废阻力增大,0,10
20260513-batch-real-001,Q-FLIGHT-0210,B,B,诱导阻力减小，废阻力减小,0,20
20260513-batch-real-001,Q-FLIGHT-0210,C,C,诱导阻力减小，废阻力增大,1,30
20260513-batch-real-001,Q-FLIGHT-0211,A,A,最大升力系数下降，阻力系数增大,1,10
20260513-batch-real-001,Q-FLIGHT-0211,B,B,相同升力系数时其迎角减小,0,20
20260513-batch-real-001,Q-FLIGHT-0211,C,C,同迎角下升力系数相同，阻力系数加大,0,30
20260513-batch-real-001,Q-FLIGHT-0212,A,A,在最大升力系数时阻力一定最小,0,10
20260513-batch-real-001,Q-FLIGHT-0212,B,B,最大升阻比时，一定是达到临界攻角,0,20
20260513-batch-real-001,Q-FLIGHT-0212,C,C,升阻比随迎角的改变而改变,1,30
20260513-batch-real-001,Q-FLIGHT-0213,A,A,大于基本翼型升力,0,10
20260513-batch-real-001,Q-FLIGHT-0213,B,B,等于基本翼型升力,0,20
20260513-batch-real-001,Q-FLIGHT-0213,C,C,小于基本翼型升力,1,30
20260513-batch-real-001,Q-FLIGHT-0214,A,A,增大了飞机重量，便起飞困难,0,10
20260513-batch-real-001,Q-FLIGHT-0214,B,B,增大了临界攻角，是飞机易失速,0,20
20260513-batch-real-001,Q-FLIGHT-0214,C,C,相同迎角，升力系数下降,1,30
20260513-batch-real-001,Q-FLIGHT-0215,A,A,升力系数达到最大时，升阻比也达到最大,1,10
20260513-batch-real-001,Q-FLIGHT-0215,B,B,升力和阻力之比升阻比达到最大之前，随迎角增加,0,20
20260513-batch-real-001,Q-FLIGHT-0215,C,C,升阻比成线性增加,0,30
20260513-batch-real-001,Q-FLIGHT-0216,A,A,最大迎角,0,10
20260513-batch-real-001,Q-FLIGHT-0216,B,B,有利迎角,1,20
20260513-batch-real-001,Q-FLIGHT-0216,C,C,最小迎角,0,30
20260513-batch-real-001,Q-FLIGHT-0217,A,A,增加机翼上翼面的面积以提高升力,0,10
20260513-batch-real-001,Q-FLIGHT-0217,B,B,阻挡气流的流动，增大阻力,1,20
20260513-batch-real-001,Q-FLIGHT-0217,C,C,增加飞机抬头力矩，辅助飞机爬升,0,30
20260513-batch-real-001,Q-FLIGHT-0218,A,A,放出前缘襟翼，可增大飞机的临界迎角,1,10
20260513-batch-real-001,Q-FLIGHT-0218,B,B,增大机翼升力,0,20
20260513-batch-real-001,Q-FLIGHT-0218,C,C,减小阻力,0,30
20260513-batch-real-001,Q-FLIGHT-0219,A,A,分列式襟翼,0,10
20260513-batch-real-001,Q-FLIGHT-0219,B,B,简单式襟翼,0,20
20260513-batch-real-001,Q-FLIGHT-0219,C,C,后退式襟翼,1,30
20260513-batch-real-001,Q-FLIGHT-0220,A,A,提高飞机的操纵灵敏性,0,10
20260513-batch-real-001,Q-FLIGHT-0220,B,B,增加飞机的稳定性,0,20
20260513-batch-real-001,Q-FLIGHT-0220,C,C,增加飞机的升力,1,30
20260513-batch-real-001,Q-FLIGHT-0221,A,A,只增大升力,0,10
20260513-batch-real-001,Q-FLIGHT-0221,B,B,只增大阻力,0,20
20260513-batch-real-001,Q-FLIGHT-0221,C,C,既增大升力又增大阻力,1,30
20260513-batch-real-001,Q-FLIGHT-0222,A,A,后缘襟翼放下角度比较小时，机翼的升力系数增加，阻力系数不增加,0,10
20260513-batch-real-001,Q-FLIGHT-0222,B,B,后缘襟翼放下角度比较大时，机翼的阻力系数增加，升力系数不增加,0,20
20260513-batch-real-001,Q-FLIGHT-0222,C,C,后缘襟翼放下角度比较小时，机翼的升力系数增加的效果大于阻力系数增加的效果,1,30
20260513-batch-real-001,Q-FLIGHT-0223,A,A,阻力不变,0,10
20260513-batch-real-001,Q-FLIGHT-0223,B,B,阻力减小,0,20
20260513-batch-real-001,Q-FLIGHT-0223,C,C,阻力也随着增大,1,30
20260513-batch-real-001,Q-FLIGHT-0224,A,A,机翼上表面最低压力点前移，减小临界迎角,1,10
20260513-batch-real-001,Q-FLIGHT-0224,B,B,机翼上表面最低压力点后移，减小临界迎角,0,20
20260513-batch-real-001,Q-FLIGHT-0224,C,C,机翼上表面最低压力点前移，加大临界迎角,0,30
20260513-batch-real-001,Q-FLIGHT-0225,A,A,放下后缘襟翼时，增大了机翼的弯度,1,10
20260513-batch-real-001,Q-FLIGHT-0225,B,B,放下后缘襟翼时，增大了机翼的面积,0,20
20260513-batch-real-001,Q-FLIGHT-0225,C,C,放下后缘襟翼时，在上下翼面之前形成了缝隙,0,30
20260513-batch-real-001,Q-FLIGHT-0226,A,A,是附面层保持层流状态,0,10
20260513-batch-real-001,Q-FLIGHT-0226,B,B,加快机翼前缘上表面气流的流速,1,20
20260513-batch-real-001,Q-FLIGHT-0226,C,C,加快机翼后缘气流的流速,0,30
20260513-batch-real-001,Q-FLIGHT-0227,A,A,左机翼飞行扰流板向上打开，右机翼飞行扰流板向上打开,0,10
20260513-batch-real-001,Q-FLIGHT-0227,B,B,左机翼飞行扰流板向上打开，右机翼飞行扰流板不动,1,20
20260513-batch-real-001,Q-FLIGHT-0227,C,C,左机翼飞行扰流板不动，右机翼飞行扰流板不动,0,30
20260513-batch-real-001,Q-FLIGHT-0228,A,A,增大机翼的安装角,0,10
20260513-batch-real-001,Q-FLIGHT-0228,B,B,增大飞机的稳定性,0,20
20260513-batch-real-001,Q-FLIGHT-0228,C,C,增大最大升力系数,1,30
20260513-batch-real-001,Q-FLIGHT-0229,A,A,扰流板可以作为减速板缩短飞机滑跑距离,0,10
20260513-batch-real-001,Q-FLIGHT-0229,B,B,可辅助副翼实现飞机横向操纵,0,20
20260513-batch-real-001,Q-FLIGHT-0229,C,C,可代替副翼实现飞机横向操纵,1,30
20260513-batch-real-001,Q-FLIGHT-0230,A,A,速度增加，压强增大,0,10
20260513-batch-real-001,Q-FLIGHT-0230,B,B,速度降低，压强下降,0,20
20260513-batch-real-001,Q-FLIGHT-0230,C,C,速度增加，压强下降,1,30
20260513-batch-real-001,Q-FLIGHT-0231,A,A,速度增加，压强增大,0,10
20260513-batch-real-001,Q-FLIGHT-0231,B,B,速度增加，压强下降,0,20
20260513-batch-real-001,Q-FLIGHT-0231,C,C,速度降低，压强增大,1,30
20260513-batch-real-001,Q-FLIGHT-0232,A,A,只取决于飞机的飞行速度（空速）,0,10
20260513-batch-real-001,Q-FLIGHT-0232,B,B,只取决于飞机飞行当地音速,0,20
20260513-batch-real-001,Q-FLIGHT-0232,C,C,和飞机飞行速度（空速）以及当地的音速有关,1,30
20260513-batch-real-001,Q-FLIGHT-0233,A,A,保持不变,0,10
20260513-batch-real-001,Q-FLIGHT-0233,B,B,逐渐增加,1,20
20260513-batch-real-001,Q-FLIGHT-0233,C,C,逐渐减小,0,30
20260513-batch-real-001,Q-FLIGHT-0234,A,A,飞机失速是通过加大发动机动力就可以克服的飞行障碍,0,10
20260513-batch-real-001,Q-FLIGHT-0234,B,B,亚音速飞行只会出现大迎角失速,0,20
20260513-batch-real-001,Q-FLIGHT-0234,C,C,在大迎角或高速飞行状态下都可能出现失速现象,1,30
20260513-batch-real-001,Q-FLIGHT-0235,A,A,随迎角变化而改变,0,10
20260513-batch-real-001,Q-FLIGHT-0235,B,B,不随迎角变化而改变,1,20
20260513-batch-real-001,Q-FLIGHT-0235,C,C,随滚转角变化而改变,0,30
20260513-batch-real-001,Q-FLIGHT-0236,A,A,作用在飞机上的所有外力平衡，所有外力矩也平衡,1,10
20260513-batch-real-001,Q-FLIGHT-0236,B,B,作用在飞机上的所有外力不平衡，所有外力力矩平衡,0,20
20260513-batch-real-001,Q-FLIGHT-0236,C,C,作用在飞机上所有外力平衡，所有外力矩不平衡,0,30
20260513-batch-real-001,Q-FLIGHT-0237,A,A,用重心到平均气动力弦前缘的距离和平均气动力弦长之比的百分数表示,1,10
20260513-batch-real-001,Q-FLIGHT-0237,B,B,用重心到平均集合弦后缘的距离和平均集合弦长之比的百分数来表示,0,20
20260513-batch-real-001,Q-FLIGHT-0237,C,C,用重心在机体基准面的距离和平均气动力矩弦长之比的百分数来表示,0,30
20260513-batch-real-001,Q-FLIGHT-0238,A,A,升力等于重力，推力等于阻力,0,10
20260513-batch-real-001,Q-FLIGHT-0238,B,B,升力等于重力，抬头力矩等于低头力矩,0,20
20260513-batch-real-001,Q-FLIGHT-0238,C,C,升力等于重力，推力等于阻力，抬头力矩等于低头力矩,1,30
20260513-batch-real-001,Q-FLIGHT-0239,A,A,重力,0,10
20260513-batch-real-001,Q-FLIGHT-0239,B,B,气动力,0,20
20260513-batch-real-001,Q-FLIGHT-0239,C,C,惯性力,1,30
20260513-batch-real-001,Q-FLIGHT-0240,A,A,为飞机的曲线运动提供向心力,1,10
20260513-batch-real-001,Q-FLIGHT-0240,B,B,等于飞机的重量,0,20
20260513-batch-real-001,Q-FLIGHT-0240,C,C,大于飞机的重量并一直保持不变,0,30
20260513-batch-real-001,Q-FLIGHT-0241,A,A,速度不发生变化,0,10
20260513-batch-real-001,Q-FLIGHT-0241,B,B,是在平衡外载荷作用下进行的飞行,0,20
20260513-batch-real-001,Q-FLIGHT-0241,C,C,飞行速度方向的变化由于存在着向心力,1,30
20260513-batch-real-001,Q-FLIGHT-0242,A,A,保持飞行高度不变,0,10
20260513-batch-real-001,Q-FLIGHT-0242,B,B,保持飞机作圆周飞行,0,20
20260513-batch-real-001,Q-FLIGHT-0242,C,C,保持飞机等速直线飞行,1,30
20260513-batch-real-001,Q-FLIGHT-0243,A,A,飞机平飞所需速度,1,10
20260513-batch-real-001,Q-FLIGHT-0243,B,B,飞机平飞有利速度,0,20
20260513-batch-real-001,Q-FLIGHT-0243,C,C,飞机平飞最大速度,0,30
20260513-batch-real-001,Q-FLIGHT-0244,A,A,剩余推力,0,10
20260513-batch-real-001,Q-FLIGHT-0244,B,B,飞机重量,0,20
20260513-batch-real-001,Q-FLIGHT-0244,C,C,剩余推力和飞机重量,1,30
20260513-batch-real-001,Q-FLIGHT-0245,A,A,与下滑高度有关,1,10
20260513-batch-real-001,Q-FLIGHT-0245,B,B,与下滑角无关,0,20
20260513-batch-real-001,Q-FLIGHT-0245,C,C,与下滑高度无关,0,30
20260513-batch-real-001,Q-FLIGHT-0246,A,A,滑跑距离越短，飞机的起飞性能越好,1,10
20260513-batch-real-001,Q-FLIGHT-0246,B,B,滑跑距离越短，飞机的起飞性能越差,0,20
20260513-batch-real-001,Q-FLIGHT-0246,C,C,滑跑距离越长，飞机的起飞性能越好,0,30
20260513-batch-real-001,Q-FLIGHT-0247,A,A,在高原机场降落在比平原机场降落需要的跑道短,0,10
20260513-batch-real-001,Q-FLIGHT-0247,B,B,在高原机场降落在比平原机场降落需要的跑道长,1,20
20260513-batch-real-001,Q-FLIGHT-0247,C,C,在高原机场降落和在平原机场降落需要的跑道一样长,0,30
20260513-batch-real-001,Q-FLIGHT-0248,A,A,飞机平飞所需速度,0,10
20260513-batch-real-001,Q-FLIGHT-0248,B,B,飞机平飞有利速度,1,20
20260513-batch-real-001,Q-FLIGHT-0248,C,C,飞机平飞最大速度,0,30
20260513-batch-real-001,Q-FLIGHT-0249,A,A,飞机平飞有利速度,0,10
20260513-batch-real-001,Q-FLIGHT-0249,B,B,飞机平飞最大速度,0,20
20260513-batch-real-001,Q-FLIGHT-0249,C,C,飞机平飞远航速度,1,30
20260513-batch-real-001,Q-FLIGHT-0250,A,A,决定于平飞可用燃油量多少,1,10
20260513-batch-real-001,Q-FLIGHT-0250,B,B,决定于平飞的高度,0,20
20260513-batch-real-001,Q-FLIGHT-0250,C,C,决定于发动机每小时耗油量大小,0,30
20260513-batch-real-001,Q-FLIGHT-0251,A,A,升力等于重力，推力等于重力,0,10
20260513-batch-real-001,Q-FLIGHT-0251,B,B,升力等于重力，推力等于阻力,1,20
20260513-batch-real-001,Q-FLIGHT-0251,C,C,升力等于阻力，推力等于重力,0,30
20260513-batch-real-001,Q-FLIGHT-0252,A,A,飞机升力与飞机重力的比值,1,10
20260513-batch-real-001,Q-FLIGHT-0252,B,B,飞机升力与飞机阻力的比值,0,20
20260513-batch-real-001,Q-FLIGHT-0252,C,C,飞机推力和飞机阻力的比值,0,30
20260513-batch-real-001,Q-FLIGHT-0253,A,A,升力的着力点,0,10
20260513-batch-real-001,Q-FLIGHT-0253,B,B,附加升力的着力点,1,20
20260513-batch-real-001,Q-FLIGHT-0253,C,C,重力的着力点,0,30
20260513-batch-real-001,Q-FLIGHT-0254,A,A,飞机全机的焦点在机翼焦点的前面,0,10
20260513-batch-real-001,Q-FLIGHT-0254,B,B,飞机全机的焦点在机翼焦点的后面,1,20
20260513-batch-real-001,Q-FLIGHT-0254,C,C,飞机全机的焦点和机翼焦点始终重合,0,30
20260513-batch-real-001,Q-FLIGHT-0255,A,A,飞机焦点位于飞机重心之后有利于飞机纵向安定性,0,10
20260513-batch-real-001,Q-FLIGHT-0255,B,B,飞机焦点位于飞机重心之前有利于飞机纵向安定性,1,20
20260513-batch-real-001,Q-FLIGHT-0255,C,C,飞机的中心位置与飞机的装载情况有关，与飞机的飞行状态无关,0,30
20260513-batch-real-001,Q-FLIGHT-0256,A,A,机身力矩和机翼力矩,0,10
20260513-batch-real-001,Q-FLIGHT-0256,B,B,机身力矩和垂尾力矩,0,20
20260513-batch-real-001,Q-FLIGHT-0256,C,C,机身力矩和水平尾翼力矩,1,30
20260513-batch-real-001,Q-FLIGHT-0257,A,A,机翼阻力力矩,0,10
20260513-batch-real-001,Q-FLIGHT-0257,B,B,机翼升力力矩,1,20
20260513-batch-real-001,Q-FLIGHT-0257,C,C,水平尾翼力矩,0,30
20260513-batch-real-001,Q-FLIGHT-0258,A,A,由后掠机翼产生,0,10
20260513-batch-real-001,Q-FLIGHT-0258,B,B,由垂直尾翼产生,0,20
20260513-batch-real-001,Q-FLIGHT-0258,C,C,由水平尾翼产生,1,30
20260513-batch-real-001,Q-FLIGHT-0259,A,A,纵向稳定性产生影响,1,10
20260513-batch-real-001,Q-FLIGHT-0259,B,B,方向稳定性产生影响,0,20
20260513-batch-real-001,Q-FLIGHT-0259,C,C,横向稳定性产生影响,0,30
20260513-batch-real-001,Q-FLIGHT-0260,A,A,飞机重心位置和飞行 M 数,0,10
20260513-batch-real-001,Q-FLIGHT-0260,B,B,飞机焦点位置和飞行高度,0,20
20260513-batch-real-001,Q-FLIGHT-0260,C,C,飞机迎角、机身和垂尾面积,1,30
20260513-batch-real-001,Q-FLIGHT-0261,A,A,水平尾翼产生,0,10
20260513-batch-real-001,Q-FLIGHT-0261,B,B,垂直尾翼产生,1,20
20260513-batch-real-001,Q-FLIGHT-0261,C,C,机身产生,0,30
20260513-batch-real-001,Q-FLIGHT-0262,A,A,水平尾翼产生,0,10
20260513-batch-real-001,Q-FLIGHT-0262,B,B,垂直尾翼产生,0,20
20260513-batch-real-001,Q-FLIGHT-0262,C,C,机身产生,1,30
20260513-batch-real-001,Q-FLIGHT-0263,A,A,飞机的最大迎风面积,0,10
20260513-batch-real-001,Q-FLIGHT-0263,B,B,水平尾翼,0,20
20260513-batch-real-001,Q-FLIGHT-0263,C,C,垂直尾翼,1,30
20260513-batch-real-001,Q-FLIGHT-0264,A,A,升降舵、方向舵、襟翼,0,10
20260513-batch-real-001,Q-FLIGHT-0264,B,B,方向舵、襟翼、缝翼,0,20
20260513-batch-real-001,Q-FLIGHT-0264,C,C,升降舵、方向舵、副翼,1,30
20260513-batch-real-001,Q-FLIGHT-0265,A,A,横轴,0,10
20260513-batch-real-001,Q-FLIGHT-0265,B,B,纵轴,1,20
20260513-batch-real-001,Q-FLIGHT-0265,C,C,偏航轴,0,30
20260513-batch-real-001,Q-FLIGHT-0266,A,A,横轴,1,10
20260513-batch-real-001,Q-FLIGHT-0266,B,B,立轴,0,20
20260513-batch-real-001,Q-FLIGHT-0266,C,C,纵轴,0,30
20260513-batch-real-001,Q-FLIGHT-0267,A,A,横轴,0,10
20260513-batch-real-001,Q-FLIGHT-0267,B,B,立轴,1,20
20260513-batch-real-001,Q-FLIGHT-0267,C,C,纵轴,0,30
20260513-batch-real-001,Q-FLIGHT-0268,A,A,飞机纵轴与飞行速度向量的夹角,0,10
20260513-batch-real-001,Q-FLIGHT-0268,B,B,飞机纵轴与水平面的夹角,1,20
20260513-batch-real-001,Q-FLIGHT-0268,C,C,飞行速度与水平面的夹角,0,30
20260513-batch-real-001,Q-FLIGHT-0269,A,A,纵向稳定性,1,10
20260513-batch-real-001,Q-FLIGHT-0269,B,B,航向稳定性,0,20
20260513-batch-real-001,Q-FLIGHT-0269,C,C,横向稳定性,0,30
20260513-batch-real-001,Q-FLIGHT-0270,A,A,纵向稳定性,0,10
20260513-batch-real-001,Q-FLIGHT-0270,B,B,航向稳定性,0,20
20260513-batch-real-001,Q-FLIGHT-0270,C,C,横向稳定性,1,30
20260513-batch-real-001,Q-FLIGHT-0271,A,A,纵向稳定性,0,10
20260513-batch-real-001,Q-FLIGHT-0271,B,B,航向稳定性,1,20
20260513-batch-real-001,Q-FLIGHT-0271,C,C,横向稳定性,0,30
20260513-batch-real-001,Q-FLIGHT-0272,A,A,迎角、偏航角、滚转角,0,10
20260513-batch-real-001,Q-FLIGHT-0272,B,B,滚转角、偏航角、俯仰角,1,20
20260513-batch-real-001,Q-FLIGHT-0272,C,C,俯仰角、侧航角、滚转角,0,30
20260513-batch-real-001,Q-FLIGHT-0273,A,A,飞机纵轴与水平面的夹角,0,10
20260513-batch-real-001,Q-FLIGHT-0273,B,B,飞行速度与水平面的夹角,0,20
20260513-batch-real-001,Q-FLIGHT-0273,C,C,空速向量与飞机对称面的夹角,1,30
20260513-batch-real-001,Q-FLIGHT-0274,A,A,互相独立,0,10
20260513-batch-real-001,Q-FLIGHT-0274,B,B,必须匹配适当,1,20
20260513-batch-real-001,Q-FLIGHT-0274,C,C,横向稳定性好，航向稳定性就差,0,30
20260513-batch-real-001,Q-FLIGHT-0275,A,A,互相独立,1,10
20260513-batch-real-001,Q-FLIGHT-0275,B,B,必须匹配适当,0,20
20260513-batch-real-001,Q-FLIGHT-0275,C,C,纵向稳定性好，航向稳定性就差,0,30
20260513-batch-real-001,Q-FLIGHT-0276,A,A,产生绕立轴转动，扰动消失转角自动回到零,0,10
20260513-batch-real-001,Q-FLIGHT-0276,B,B,产生绕立轴转动，抗动消失后自动恢复原飞行姿态,1,20
20260513-batch-real-001,Q-FLIGHT-0276,C,C,产生绕横轴转动，抗动消失后转角自动回到零,0,30
20260513-batch-real-001,Q-FLIGHT-0277,A,A,产生绕立轴转动，扰动消失后转角自动回到零,0,10
20260513-batch-real-001,Q-FLIGHT-0277,B,B,产生绕横轴转动，扰动消失后俯仰角自动回到零,0,20
20260513-batch-real-001,Q-FLIGHT-0277,C,C,产生绕横轴转动，扰动消失后自动恢复原飞行姿态,1,30
20260513-batch-real-001,Q-FLIGHT-0278,A,A,产生绕纵轴转动，扰动消失后转角自动回到零,0,10
20260513-batch-real-001,Q-FLIGHT-0278,B,B,产生绕纵轴转动，扰动消失后自动恢复到原飞行姿态,1,20
20260513-batch-real-001,Q-FLIGHT-0278,C,C,产生绕横轴转动，扰动消失后转角自动回到零,0,30
20260513-batch-real-001,Q-FLIGHT-0279,A,A,纵向稳定性和航向稳定性,1,10
20260513-batch-real-001,Q-FLIGHT-0279,B,B,只对纵向稳定性,0,20
20260513-batch-real-001,Q-FLIGHT-0279,C,C,横向稳定性,0,30
20260513-batch-real-001,Q-FLIGHT-0280,A,A,增加机翼面积,0,10
20260513-batch-real-001,Q-FLIGHT-0280,B,B,增加垂直尾翼面积,0,20
20260513-batch-real-001,Q-FLIGHT-0280,C,C,增加水平尾翼面积,1,30
20260513-batch-real-001,Q-FLIGHT-0281,A,A,增加机翼面积,0,10
20260513-batch-real-001,Q-FLIGHT-0281,B,B,增加垂直尾翼面积,1,20
20260513-batch-real-001,Q-FLIGHT-0281,C,C,增加水平尾翼面积,0,30
20260513-batch-real-001,Q-FLIGHT-0282,A,A,操纵性与此无关,0,10
20260513-batch-real-001,Q-FLIGHT-0282,B,B,操纵性增强,0,20
20260513-batch-real-001,Q-FLIGHT-0282,C,C,操纵性减弱,1,30
20260513-batch-real-001,Q-FLIGHT-0283,A,A,倾斜力矩,0,10
20260513-batch-real-001,Q-FLIGHT-0283,B,B,俯仰力矩,1,20
20260513-batch-real-001,Q-FLIGHT-0283,C,C,滚转力矩,0,30
20260513-batch-real-001,Q-FLIGHT-0284,A,A,俯仰力矩,0,10
20260513-batch-real-001,Q-FLIGHT-0284,B,B,纵向力矩,0,20
20260513-batch-real-001,Q-FLIGHT-0284,C,C,偏航力矩,1,30
20260513-batch-real-001,Q-FLIGHT-0285,A,A,俯仰力矩,0,10
20260513-batch-real-001,Q-FLIGHT-0285,B,B,偏航力矩,0,20
20260513-batch-real-001,Q-FLIGHT-0285,C,C,滚转力矩,1,30
20260513-batch-real-001,Q-FLIGHT-0286,A,A,增加升力,0,10
20260513-batch-real-001,Q-FLIGHT-0286,B,B,增加横向稳定性,1,20
20260513-batch-real-001,Q-FLIGHT-0286,C,C,增加纵向稳定性,0,30
20260513-batch-real-001,Q-FLIGHT-0287,A,A,纵向稳定性,1,10
20260513-batch-real-001,Q-FLIGHT-0287,B,B,方向稳定性,0,20
20260513-batch-real-001,Q-FLIGHT-0287,C,C,横向稳定性,0,30
20260513-batch-real-001,Q-FLIGHT-0288,A,A,增加纵向稳定性,1,10
20260513-batch-real-001,Q-FLIGHT-0288,B,B,提高纵向操纵性,0,20
20260513-batch-real-001,Q-FLIGHT-0288,C,C,减小纵向稳定性,0,30
20260513-batch-real-001,Q-FLIGHT-0289,A,A,空速小时必须减小迎角，以产生适当的升力来保持高度,0,10
20260513-batch-real-001,Q-FLIGHT-0289,B,B,空速大时必须减小迎角，以产生适当的升力来保持高度,1,20
20260513-batch-real-001,Q-FLIGHT-0289,C,C,空速大时必须增大迎角，以产生适当的升力来保持高度,0,30
20260513-batch-real-001,Q-FLIGHT-0290,A,A,安装角,0,10
20260513-batch-real-001,Q-FLIGHT-0290,B,B,上反角,0,20
20260513-batch-real-001,Q-FLIGHT-0290,C,C,后掠角,1,30
20260513-batch-real-001,Q-FLIGHT-0291,A,A,由于质量守恒定律，同一流管单位时间内流经不同横截面的流体质量一定,1,10
20260513-batch-real-001,Q-FLIGHT-0291,B,B,由于质量守恒定律，同一流管横截面积大的地方流速更快,0,20
20260513-batch-real-001,Q-FLIGHT-0291,C,C,由于质量守恒定律，同一流管横截面积大的地方静压更小,0,30
20260513-batch-real-001,Q-FLIGHT-0292,A,A,①②⑤⑥,0,10
20260513-batch-real-001,Q-FLIGHT-0292,B,B,①③⑤⑥,1,20
20260513-batch-real-001,Q-FLIGHT-0292,C,C,①②③④,0,30
20260513-batch-real-001,Q-FLIGHT-0293,A,A,机翼迎角超过临界迎角，导致升力急剧降低的飞行状态称为失速,0,10
20260513-batch-real-001,Q-FLIGHT-0293,B,B,旋翼类无人机前飞速度过快，可能导致后行旋翼出现失速,0,20
20260513-batch-real-001,Q-FLIGHT-0293,C,C,失速会导致升力系数急剧减小，阻力系数缓慢减小,1,30
20260513-batch-real-001,Q-FLIGHT-0294,A,A,由于能量守恒定律，同一流管截面积大的地方静压更小,0,10
20260513-batch-real-001,Q-FLIGHT-0294,B,B,由于能量守恒定律，同一流管内流速快的地方静压大,0,20
20260513-batch-real-001,Q-FLIGHT-0294,C,C,由于能量守恒定律，同一流管内流速快的地方静压小,1,30
20260513-batch-real-001,Q-FLIGHT-0295,A,A,副翼左上右下，升降舵向下偏,0,10
20260513-batch-real-001,Q-FLIGHT-0295,B,B,副翼左上右下，升降舵向上偏,1,20
20260513-batch-real-001,Q-FLIGHT-0295,C,C,副翼左下右上，升降舵向上偏,0,30
20260513-batch-real-001,Q-FLIGHT-0296,A,A,废阻力,1,10
20260513-batch-real-001,Q-FLIGHT-0296,B,B,干扰阻力,0,20
20260513-batch-real-001,Q-FLIGHT-0296,C,C,诱导阻力,0,30
20260513-batch-real-001,Q-FLIGHT-0296,D,D,激波阻力,0,40
20260513-batch-real-001,Q-FLIGHT-0297,A,A,Ⅲ、IV.XI 级别固定翼无人机,0,10
20260513-batch-real-001,Q-FLIGHT-0297,B,B,XI、Ⅻ级别固定翼无人机,0,20
20260513-batch-real-001,Q-FLIGHT-0297,C,C,I、 Ⅱ 、Ⅲ、IV.Ⅶ级别固定翼无人机,1,30
20260513-batch-real-001,Q-FLIGHT-0298,A,A,13 度：处于常规翼型失速迎角的典型范围（10°~15°），符合大多数固定翼无人机的实际情况。,1,10
20260513-batch-real-001,Q-FLIGHT-0298,B,B,30 度,0,20
20260513-batch-real-001,Q-FLIGHT-0298,C,C,45 度,0,30
20260513-batch-real-001,Q-FLIGHT-0298,D,D,40 度,0,40
20260513-batch-real-001,Q-FLIGHT-0299,A,A,偏航角,0,10
20260513-batch-real-001,Q-FLIGHT-0299,B,B,横滚角,0,20
20260513-batch-real-001,Q-FLIGHT-0299,C,C,俯仰角,1,30
20260513-batch-real-001,Q-FLIGHT-0299,D,D,组合变化,0,40
20260513-batch-real-001,Q-FLIGHT-0300,A,A,提高稳定性,0,10
20260513-batch-real-001,Q-FLIGHT-0300,B,B,提高机动性,1,20
20260513-batch-real-001,Q-FLIGHT-0300,C,C,提高载荷作业空间,0,30
20260513-batch-real-001,Q-CQA-0001,A,A,微调比例,0,10
20260513-batch-real-001,Q-CQA-0001,B,B,行程比例,1,20
20260513-batch-real-001,Q-CQA-0001,C,C,通道速度,0,30
20260513-batch-real-001,Q-CQA-0002,A,A,THR（上升、下降）ELE（前后、俯仰）,1,10
20260513-batch-real-001,Q-CQA-0002,B,B,THR（前后、俯仰）ELE（上升、下降）,0,20
20260513-batch-real-001,Q-CQA-0002,C,C,THR（上升、前后）ELE（下降、俯仰）,0,30
20260513-batch-real-001,Q-CQA-0003,A,A,AIL（左、右移动）RUD（左、右水平旋转）,1,10
20260513-batch-real-001,Q-CQA-0003,B,B,AIL（左、右水平旋转）RUD（左、右移动）,0,20
20260513-batch-real-001,Q-CQA-0003,C,C,AIL（前、后移动）RUD（上、下移动）,0,30
20260513-batch-real-001,Q-CQA-0004,A,A,模式转换,0,10
20260513-batch-real-001,Q-CQA-0004,B,B,模型选择,0,20
20260513-batch-real-001,Q-CQA-0004,C,C,失控保护,1,30
20260513-batch-real-001,Q-CQA-0005,A,A,舵量微调,0,10
20260513-batch-real-001,Q-CQA-0005,B,B,中立微调,1,20
20260513-batch-real-001,Q-CQA-0005,C,C,油门微调,0,30
20260513-batch-real-001,Q-CQA-0006,A,A,4.2V,0,10
20260513-batch-real-001,Q-CQA-0006,B,B,3.8V,1,20
20260513-batch-real-001,Q-CQA-0006,C,C,3.7V,0,30
20260513-batch-real-001,Q-CQA-0007,A,A,30A,0,10
20260513-batch-real-001,Q-CQA-0007,B,B,15A,0,20
20260513-batch-real-001,Q-CQA-0007,C,C,100A,1,30
20260513-batch-real-001,Q-CQA-0008,A,A,锂聚合物电池,1,10
20260513-batch-real-001,Q-CQA-0008,B,B,镍氢电池,0,20
20260513-batch-real-001,Q-CQA-0008,C,C,铅酸电池,0,30
20260513-batch-real-001,Q-CQA-0009,A,A,25.2V,1,10
20260513-batch-real-001,Q-CQA-0009,B,B,22.2V,0,20
20260513-batch-real-001,Q-CQA-0009,C,C,11.1V,0,30
20260513-batch-real-001,Q-CQA-0010,A,A,200A,0,10
20260513-batch-real-001,Q-CQA-0010,B,B,120A,0,20
20260513-batch-real-001,Q-CQA-0010,C,C,400A,1,30
20260513-batch-real-001,Q-CQA-0011,A,A,150A,0,10
20260513-batch-real-001,Q-CQA-0011,B,B,10A,1,20
20260513-batch-real-001,Q-CQA-0011,C,C,60A,0,30
20260513-batch-real-001,Q-CQA-0012,A,A,12000mah,1,10
20260513-batch-real-001,Q-CQA-0012,B,B,72000mah,0,20
20260513-batch-real-001,Q-CQA-0012,C,C,24000mah,0,30
20260513-batch-real-001,Q-CQA-0013,A,A,20A,0,10
20260513-batch-real-001,Q-CQA-0013,B,B,30A,1,20
20260513-batch-real-001,Q-CQA-0013,C,C,40A,0,30
20260513-batch-real-001,Q-CQA-0014,A,A,12000mah 22.8V-23.4V,1,10
20260513-batch-real-001,Q-CQA-0014,B,B,12000mah 22.2V-25.2V,0,20
20260513-batch-real-001,Q-CQA-0014,C,C,12000mah21.6V-22.8V,0,30
20260513-batch-real-001,Q-CQA-0015,A,A,接收机,0,10
20260513-batch-real-001,Q-CQA-0015,B,B,飞控,1,20
20260513-batch-real-001,Q-CQA-0015,C,C,电机,0,30
20260513-batch-real-001,Q-CQA-0016,A,A,大于 60A,1,10
20260513-batch-real-001,Q-CQA-0016,B,B,等于 60A,0,20
20260513-batch-real-001,Q-CQA-0016,C,C,小于 60A,0,30
20260513-batch-real-001,Q-CQA-0017,A,A,改变电机转速,0,10
20260513-batch-real-001,Q-CQA-0017,B,B,直流电变交流电,0,20
20260513-batch-real-001,Q-CQA-0017,C,C,改变电流大小,1,30
20260513-batch-real-001,Q-CQA-0018,A,A,8 根,0,10
20260513-batch-real-001,Q-CQA-0018,B,B,7 根,0,20
20260513-batch-real-001,Q-CQA-0018,C,C,6 根,1,30
20260513-batch-real-001,Q-CQA-0019,A,A,电池,1,10
20260513-batch-real-001,Q-CQA-0019,B,B,电机,0,20
20260513-batch-real-001,Q-CQA-0019,C,C,飞控,0,30
20260513-batch-real-001,Q-CQA-0020,A,A,22.2V,0,10
20260513-batch-real-001,Q-CQA-0020,B,B,25.2V,1,20
20260513-batch-real-001,Q-CQA-0020,C,C,44.4V,0,30
20260513-batch-real-001,Q-CQA-0021,A,A,12S 16000mah 15C,0,10
20260513-batch-real-001,Q-CQA-0021,B,B,6S 10000mah 10C,1,20
20260513-batch-real-001,Q-CQA-0021,C,C,都适用,0,30
20260513-batch-real-001,Q-CQA-0022,A,A,外转子三相交流无刷同步电机,1,10
20260513-batch-real-001,Q-CQA-0022,B,B,外转子三相交流无刷异步电机,0,20
20260513-batch-real-001,Q-CQA-0022,C,C,内转子直流有刷电机,0,30
20260513-batch-real-001,Q-CQA-0023,A,A,增大,0,10
20260513-batch-real-001,Q-CQA-0023,B,B,不变,1,20
20260513-batch-real-001,Q-CQA-0023,C,C,减小,0,30
20260513-batch-real-001,Q-CQA-0024,A,A,外转子电机,0,10
20260513-batch-real-001,Q-CQA-0024,B,B,内转子电机,1,20
20260513-batch-real-001,Q-CQA-0024,C,C,一样大,0,30
20260513-batch-real-001,Q-CQA-0025,A,A,5022,0,10
20260513-batch-real-001,Q-CQA-0025,B,B,4025,1,20
20260513-batch-real-001,Q-CQA-0025,C,C,一样快,0,30
20260513-batch-real-001,Q-CQA-0026,A,A,增大,0,10
20260513-batch-real-001,Q-CQA-0026,B,B,不变,0,20
20260513-batch-real-001,Q-CQA-0026,C,C,减小,1,30
20260513-batch-real-001,Q-CQA-0027,A,A,第（1）种,0,10
20260513-batch-real-001,Q-CQA-0027,B,B,第（2）种,0,20
20260513-batch-real-001,Q-CQA-0027,C,C,第（3）种,1,30
20260513-batch-real-001,Q-CQA-0028,A,A,CW1545,0,10
20260513-batch-real-001,Q-CQA-0028,B,B,CCW14×6,1,20
20260513-batch-real-001,Q-CQA-0028,C,C,一样大,0,30
20260513-batch-real-001,Q-CQA-0029,A,A,变距螺旋桨,0,10
20260513-batch-real-001,Q-CQA-0029,B,B,定距螺旋桨,1,20
20260513-batch-real-001,Q-CQA-0029,C,C,有定距螺旋桨也有变距螺旋桨,0,30
20260513-batch-real-001,Q-CQA-0030,A,A,18×7（两叶螺旋桨）,1,10
20260513-batch-real-001,Q-CQA-0030,B,B,16×4.5（三叶螺旋桨）,0,20
20260513-batch-real-001,Q-CQA-0030,C,C,15×4（四叶螺旋桨）,0,30
20260513-batch-real-001,Q-CQA-0031,A,A,（顶视）顺时针减速、逆时针加速,0,10
20260513-batch-real-001,Q-CQA-0031,B,B,（顶视）顺时针加速、逆时针加速,0,20
20260513-batch-real-001,Q-CQA-0031,C,C,（顶视）顺时针加速、逆时针减速,1,30
20260513-batch-real-001,Q-CQA-0032,A,A,能,0,10
20260513-batch-real-001,Q-CQA-0032,B,B,不能,1,20
20260513-batch-real-001,Q-CQA-0032,C,C,无所谓,0,30
20260513-batch-real-001,Q-CQA-0033,A,A,二叶桨,1,10
20260513-batch-real-001,Q-CQA-0033,B,B,三叶桨,0,20
20260513-batch-real-001,Q-CQA-0033,C,C,多叶桨,0,30
20260513-batch-real-001,Q-CQA-0034,A,A,1845 和 4012 1555 和 4012,0,10
20260513-batch-real-001,Q-CQA-0034,B,B,1845 和 5035 1555 和 4012,1,20
20260513-batch-real-001,Q-CQA-0034,C,C,1845 和 4012 1555 和 5035,0,30
20260513-batch-real-001,Q-CQA-0035,A,A,调速-电机-GPS-接收机,0,10
20260513-batch-real-001,Q-CQA-0035,B,B,接收机-调速器-电池-电台,0,20
20260513-batch-real-001,Q-CQA-0035,C,C,电池-调速器-电机,1,30
20260513-batch-real-001,Q-CQA-0036,A,A,ESC－IMU－螺旋桨，其余不连,0,10
20260513-batch-real-001,Q-CQA-0036,B,B,IMU－ESC－螺旋桨，其余不连,0,20
20260513-batch-real-001,Q-CQA-0036,C,C,ESC－电机－螺旋桨，其余不连,1,30
20260513-batch-real-001,Q-CQA-0037,A,A,IMU--发动机,0,10
20260513-batch-real-001,Q-CQA-0037,B,B,发动机一螺旋桨,1,20
20260513-batch-real-001,Q-CQA-0037,C,C,起落架一水平尾翼,0,30
20260513-batch-real-001,Q-CQA-0038,A,A,飞机角速度或飞机姿态,0,10
20260513-batch-real-001,Q-CQA-0038,B,B,飞机角速率或飞机姿态角,0,20
20260513-batch-real-001,Q-CQA-0038,C,C,飞机角速度或飞机姿态角,1,30
20260513-batch-real-001,Q-CQA-0039,A,A,方向,0,10
20260513-batch-real-001,Q-CQA-0039,B,B,位置,0,20
20260513-batch-real-001,Q-CQA-0039,C,C,加速度,1,30
20260513-batch-real-001,Q-CQA-0040,A,A,相对高度,1,10
20260513-batch-real-001,Q-CQA-0040,B,B,绝对高度,0,20
20260513-batch-real-001,Q-CQA-0040,C,C,真实高度,0,30
20260513-batch-real-001,Q-CQA-0041,A,A,GPS,0,10
20260513-batch-real-001,Q-CQA-0041,B,B,气压计,0,20
20260513-batch-real-001,Q-CQA-0041,C,C,地磁传感器,1,30
20260513-batch-real-001,Q-CQA-0042,A,A,上行,0,10
20260513-batch-real-001,Q-CQA-0042,B,B,下行,0,20
20260513-batch-real-001,Q-CQA-0042,C,C,上下行,1,30
20260513-batch-real-001,Q-CQA-0043,A,A,强,1,10
20260513-batch-real-001,Q-CQA-0043,B,B,弱,0,20
20260513-batch-real-001,Q-CQA-0043,C,C,没变化,0,30
20260513-batch-real-001,Q-CQA-0044,A,A,强,0,10
20260513-batch-real-001,Q-CQA-0044,B,B,弱,1,20
20260513-batch-real-001,Q-CQA-0044,C,C,没变化,0,30
20260513-batch-real-001,Q-CQA-0045,A,A,覆盖范围广,0,10
20260513-batch-real-001,Q-CQA-0045,B,B,辐射距离远,1,20
20260513-batch-real-001,Q-CQA-0045,C,C,绕射能力强,0,30
20260513-batch-real-001,Q-CQA-0046,A,A,各长度鞭状天线,0,10
20260513-batch-real-001,Q-CQA-0046,B,B,蘑菇头天线,0,20
20260513-batch-real-001,Q-CQA-0046,C,C,八木,1,30
20260513-batch-real-001,Q-CQA-0047,A,A,垂直,1,10
20260513-batch-real-001,Q-CQA-0047,B,B,平行,0,20
20260513-batch-real-001,Q-CQA-0047,C,C,相同方向,0,30
20260513-batch-real-001,Q-CQA-0048,A,A,飞控故障,0,10
20260513-batch-real-001,Q-CQA-0048,B,B,上行链路中断,1,20
20260513-batch-real-001,Q-CQA-0048,C,C,传感器故障,0,30
20260513-batch-real-001,Q-CQA-0049,A,A,最大位置,0,10
20260513-batch-real-001,Q-CQA-0049,B,B,中间略上,1,20
20260513-batch-real-001,Q-CQA-0049,C,C,最小位置,0,30
20260513-batch-real-001,Q-CQA-0050,A,A,“悟 ”,1,10
20260513-batch-real-001,Q-CQA-0050,B,B,“经纬 M600”,0,20
20260513-batch-real-001,Q-CQA-0050,C,C,“MAVIC”,0,30
20260513-batch-real-001,Q-CQA-0051,A,A,效率更高,0,10
20260513-batch-real-001,Q-CQA-0051,B,B,产生更大升力,0,20
20260513-batch-real-001,Q-CQA-0051,C,C,抵消反扭矩,1,30
20260513-batch-real-001,Q-CQA-0052,A,A,6 个，横轴,0,10
20260513-batch-real-001,Q-CQA-0052,B,B,6 个，纵轴,1,20
20260513-batch-real-001,Q-CQA-0052,C,C,3 个，横轴,0,30
20260513-batch-real-001,Q-CQA-0053,A,A,飞控、电调、电机、螺旋桨、机架、接收机,1,10
20260513-batch-real-001,Q-CQA-0053,B,B,飞控、电调、电机、螺旋桨、机架、倾斜盘,0,20
20260513-batch-real-001,Q-CQA-0053,C,C,飞控、电调、电机、螺旋桨、机架、遥控器,0,30
20260513-batch-real-001,Q-CQA-0054,A,A,GPS 接收天线安装在机腹,0,10
20260513-batch-real-001,Q-CQA-0054,B,B,数传天线布置于机腹,1,20
20260513-batch-real-001,Q-CQA-0054,C,C,数传天线、图传天线尽量靠近布置,0,30
20260513-batch-real-001,Q-CQA-0055,A,A,正确,0,10
20260513-batch-real-001,Q-CQA-0055,B,B,不正确,0,20
20260513-batch-real-001,Q-CQA-0055,C,C,不一定,1,30
20260513-batch-real-001,Q-CQA-0056,A,A,抵消反扭矩,1,10
20260513-batch-real-001,Q-CQA-0056,B,B,收起起落架,0,20
20260513-batch-real-001,Q-CQA-0056,C,C,改变旋翼螺距,0,30
20260513-batch-real-001,Q-CQA-0057,A,A,2 米/秒,1,10
20260513-batch-real-001,Q-CQA-0057,B,B,5 米/秒,0,20
20260513-batch-real-001,Q-CQA-0057,C,C,8 米/秒,0,30
20260513-batch-real-001,Q-CQA-0058,A,A,—直增大,0,10
20260513-batch-real-001,Q-CQA-0058,B,B,—直减小,0,20
20260513-batch-real-001,Q-CQA-0058,C,C,先减小后增大,1,30
20260513-batch-real-001,Q-CQA-0059,A,A,3 个,1,10
20260513-batch-real-001,Q-CQA-0059,B,B,2 个,0,20
20260513-batch-real-001,Q-CQA-0059,C,C,1 个,0,30
20260513-batch-real-001,Q-CQA-0060,A,A,抵消反扭矩,0,10
20260513-batch-real-001,Q-CQA-0060,B,B,改变航向,0,20
20260513-batch-real-001,Q-CQA-0060,C,C,减少噪声,1,30
20260513-batch-real-001,Q-CQA-0061,A,A,上下旋翼转速,0,10
20260513-batch-real-001,Q-CQA-0061,B,B,上下旋翼桨距,1,20
20260513-batch-real-001,Q-CQA-0061,C,C,倾斜盘倾斜方向,0,30
20260513-batch-real-001,Q-CQA-0062,A,A,旋翼系统，传动系统，发动机，尾桨系统,1,10
20260513-batch-real-001,Q-CQA-0062,B,B,旋翼系统，传动系统，发动机，尾翼,0,20
20260513-batch-real-001,Q-CQA-0062,C,C,旋翼系统，传动系统，发动机，副翼,0,30
20260513-batch-real-001,Q-CQA-0063,A,A,直升机的主轴后处,0,10
20260513-batch-real-001,Q-CQA-0063,B,B,直升机的主轴前处,1,20
20260513-batch-real-001,Q-CQA-0063,C,C,直升机的发动机处,0,30
20260513-batch-real-001,Q-CQA-0064,A,A,铰接式旋翼星形柔性桨毂旋翼,0,10
20260513-batch-real-001,Q-CQA-0064,B,B,无铰式旋翼万向接头式旋翼,0,20
20260513-batch-real-001,Q-CQA-0064,C,C,以上都是,1,30
20260513-batch-real-001,Q-CQA-0065,A,A,四旋翼飞行器,0,10
20260513-batch-real-001,Q-CQA-0065,B,B,倾转旋翼机,1,20
20260513-batch-real-001,Q-CQA-0065,C,C,共轴直升机,0,30
20260513-batch-real-001,Q-CQA-0066,A,A,“无轴承 ”式,0,10
20260513-batch-real-001,Q-CQA-0066,B,B,多叶铰接式多叶万向接头式,0,20
20260513-batch-real-001,Q-CQA-0066,C,C,以上都是,1,30
20260513-batch-real-001,Q-CQA-0067,A,A,增加转速，增大桨距,0,10
20260513-batch-real-001,Q-CQA-0067,B,B,增加转速，减小桨距,1,20
20260513-batch-real-001,Q-CQA-0067,C,C,减小转速，增大桨距,0,30
20260513-batch-real-001,Q-CQA-0068,A,A,电子陀螺仪,1,10
20260513-batch-real-001,Q-CQA-0068,B,B,机械陀螺仪,0,20
20260513-batch-real-001,Q-CQA-0068,C,C,副翼,0,30
20260513-batch-real-001,Q-CQA-0069,A,A,6 个,0,10
20260513-batch-real-001,Q-CQA-0069,B,B,5 个,0,20
20260513-batch-real-001,Q-CQA-0069,C,C,4 个,1,30
20260513-batch-real-001,Q-CQA-0070,A,A,继续飞行、会自动连接,0,10
20260513-batch-real-001,Q-CQA-0070,B,B,暂停飞行、尝试重新连接、点击原地悬停,0,20
20260513-batch-real-001,Q-CQA-0070,C,C,暂停飞行、尝试重新连接、点击一键返航,1,30
20260513-batch-real-001,Q-CQA-0071,A,A,势能换动能，打负总距，使旋翼高速下降，在离地面数米高度时，将总距变最大，迅速制止快速下沉，缓慢着陆,1,10
20260513-batch-real-001,Q-CQA-0071,B,B,无法安全降落，让其坠落在人员稀少的地方,0,20
20260513-batch-real-001,Q-CQA-0071,C,C,开启降落伞,0,30
20260513-batch-real-001,Q-CQA-0072,A,A,继续保持原来飞行姿态,0,10
20260513-batch-real-001,Q-CQA-0072,B,B,自旋,1,20
20260513-batch-real-001,Q-CQA-0072,C,C,自旋几圏后恢复到原来飞行姿态,0,30
20260513-batch-real-001,Q-CQA-0073,A,A,检查上行链路设备恢复通信,1,10
20260513-batch-real-001,Q-CQA-0073,B,B,继续飞行、会自动连接,0,20
20260513-batch-real-001,Q-CQA-0073,C,C,暂停飞行、尝试重新连接、点击一键返航,0,30
20260513-batch-real-001,Q-CQA-0074,A,A,利用旋翼旋转安全降落,0,10
20260513-batch-real-001,Q-CQA-0074,B,B,有伞开伞,1,20
20260513-batch-real-001,Q-CQA-0074,C,C,坠落在任意地方,0,30
20260513-batch-real-001,Q-CQA-0075,A,A,遥控器电力不足,0,10
20260513-batch-real-001,Q-CQA-0075,B,B,磁场干扰,0,20
20260513-batch-real-001,Q-CQA-0075,C,C,动力电池电量不够,1,30
20260513-batch-real-001,Q-CQA-0076,A,A,①②③④⑤,1,10
20260513-batch-real-001,Q-CQA-0076,B,B,②③④⑤,0,20
20260513-batch-real-001,Q-CQA-0076,C,C,①②③④,0,30
20260513-batch-real-001,Q-CQA-0077,A,A,输入端,0,10
20260513-batch-real-001,Q-CQA-0077,B,B,输出端,1,20
20260513-batch-real-001,Q-CQA-0077,C,C,不用检查,0,30
20260513-batch-real-001,Q-CQA-0078,A,A,GPS,0,10
20260513-batch-real-001,Q-CQA-0078,B,B,磁罗盘,0,20
20260513-batch-real-001,Q-CQA-0078,C,C,气压计,1,30
20260513-batch-real-001,Q-CQA-0079,A,A,①②③,0,10
20260513-batch-real-001,Q-CQA-0079,B,B,②③④,0,20
20260513-batch-real-001,Q-CQA-0079,C,C,①②③④,1,30
20260513-batch-real-001,Q-CQA-0080,A,A,角速度计故障,1,10
20260513-batch-real-001,Q-CQA-0080,B,B,动力系统故障,0,20
20260513-batch-real-001,Q-CQA-0080,C,C,高度传感器故障、,0,30
20260513-batch-real-001,Q-CQA-0081,A,A,地面遥控发射机遥控信号（一般为 90 度布置的两个小鞭状天线）,0,10
20260513-batch-real-001,Q-CQA-0081,B,B,GPS 卫星位置信号（一般为顶端蘑菇头）,0,20
20260513-batch-real-001,Q-CQA-0081,C,C,GPS 天线一般为定向天线，位于机体下方,1,30
20260513-batch-real-001,Q-CQA-0082,A,A,飞控 PID 调节中 I 积分系数,0,10
20260513-batch-real-001,Q-CQA-0082,B,B,飞控 PID 调节中的比例 P 的系数,1,20
20260513-batch-real-001,Q-CQA-0082,C,C,飞控 PID 调节中D 微分系数,0,30
20260513-batch-real-001,Q-CQA-0083,A,A,桨尖线速度减小,1,10
20260513-batch-real-001,Q-CQA-0083,B,B,桨尖线速度变大,0,20
20260513-batch-real-001,Q-CQA-0083,C,C,桨尖线速度不变,0,30
20260513-batch-real-001,Q-CQA-0084,A,A,上行链路、下行链路、上下行链路并存,1,10
20260513-batch-real-001,Q-CQA-0084,B,B,上行链路、下行链路、上行链路,0,20
20260513-batch-real-001,Q-CQA-0084,C,C,上行链路、下行链路、下行链路,0,30
20260513-batch-real-001,Q-CQA-0085,A,A,无论何时，空速+风速=地速,1,10
20260513-batch-real-001,Q-CQA-0085,B,B,正侧风时，空速=地速,0,20
20260513-batch-real-001,Q-CQA-0085,C,C,逆风时，空速<地速,0,30
20260513-batch-real-001,Q-CQA-0086,A,A,16A,0,10
20260513-batch-real-001,Q-CQA-0086,B,B,96A,1,20
20260513-batch-real-001,Q-CQA-0086,C,C,48A,0,30
20260513-batch-real-001,Q-CQA-0087,A,A,桨叶直径 10in，螺距 45in，顺时针旋转的螺旋桨,0,10
20260513-batch-real-001,Q-CQA-0087,B,B,桨叶直径 10mm，螺距 4.5mm，逆时针旋转的螺旋桨,0,20
20260513-batch-real-001,Q-CQA-0087,C,C,A.桨叶直径 10in，螺距 4.5in，逆时针旋转的螺旋桨,1,30
20260513-batch-real-001,Q-CQA-0088,A,A,飞控参与外回路,0,10
20260513-batch-real-001,Q-CQA-0088,B,B,飞控参与内回路,1,20
20260513-batch-real-001,Q-CQA-0088,C,C,内外回路均参与,0,30
20260513-batch-real-001,Q-CQA-0089,A,A,姿态和位置都管,0,10
20260513-batch-real-001,Q-CQA-0089,B,B,位置,0,20
20260513-batch-real-001,Q-CQA-0089,C,C,位置修正量,1,30
20260513-batch-real-001,Q-CQA-0090,A,A,势能换动能，低头俯冲,0,10
20260513-batch-real-001,Q-CQA-0090,B,B,保持略大于平飞速度的速度建立航线飞回本场或迫降无人区,1,20
20260513-batch-real-001,Q-CQA-0090,C,C,仅剩的动能转换势能，保持上仰姿态与安全高度,0,30
20260513-batch-real-001,Q-CQA-0091,A,A,OSD——5.8G 图传——电机,0,10
20260513-batch-real-001,Q-CQA-0091,B,B,电机——电子调速器——飞控——数传电台,1,20
20260513-batch-real-001,Q-CQA-0091,C,C,电机——电子调速器——数传电台——飞控,0,30
20260513-batch-real-001,Q-CQA-0092,A,A,20%          3.2V,0,10
20260513-batch-real-001,Q-CQA-0092,B,B,40%—50%        3.8V,1,20
20260513-batch-real-001,Q-CQA-0092,C,C,80%          4.7V,0,30
20260513-batch-real-001,Q-CQA-0093,A,A,舵机反向,1,10
20260513-batch-real-001,Q-CQA-0093,B,B,舵机行程,0,20
20260513-batch-real-001,Q-CQA-0093,C,C,可调比率,0,30
20260513-batch-real-001,Q-CQA-0094,A,A,电调与电池的连线对换,0,10
20260513-batch-real-001,Q-CQA-0094,B,B,电调与电机的连线 3 根中任意调换2 根,1,20
20260513-batch-real-001,Q-CQA-0094,C,C,电机与飞控的连线进行对换,0,30
20260513-batch-real-001,Q-CQA-0095,A,A,传感器、姿态和加速度,0,10
20260513-batch-real-001,Q-CQA-0095,B,B,位置、高度与地速,1,20
20260513-batch-real-001,Q-CQA-0095,C,C,经纬度、高度与空速,0,30
20260513-batch-real-001,Q-CQA-0096,A,A,人工修正模式下，飞控内外回路都参与工作,0,10
20260513-batch-real-001,Q-CQA-0096,B,B,舵面遥控模式下，飞控内外回路都不参与工作,0,20
20260513-batch-real-001,Q-CQA-0096,C,C,姿态遥控模式下，飞控内回路不参与工作，外回路参与工作提供位置信息,1,30
20260513-batch-real-001,Q-CQA-0097,A,A,ELE      AIL      RUD        THR,1,10
20260513-batch-real-001,Q-CQA-0097,B,B,ELE      THR      RUD        AIL,0,20
20260513-batch-real-001,Q-CQA-0097,C,C,RUD      AIL      ELE        THR,0,30
20260513-batch-real-001,Q-CQA-0098,A,A,温度传感器，大气湿度传感器,1,10
20260513-batch-real-001,Q-CQA-0098,B,B,无线电高度表，超声波传感器,0,20
20260513-batch-real-001,Q-CQA-0098,C,C,GPS、气压计,0,30
20260513-batch-real-001,Q-CQA-0099,A,A,上行链路、下行链路、下行链路、上行链路,1,10
20260513-batch-real-001,Q-CQA-0099,B,B,上行链路、上行链路、下行链路、下行链路,0,20
20260513-batch-real-001,Q-CQA-0099,C,C,下行链路、上行链路、下行链路、上行链路,0,30
20260513-batch-real-001,Q-CQA-0100,A,A,遥控器、无人机、地面站,0,10
20260513-batch-real-001,Q-CQA-0100,B,B,地面站、遥控器、无人机,1,20
20260513-batch-real-001,Q-CQA-0100,C,C,无人机、地面站、遥控器,0,30
20260513-batch-real-001,Q-CQA-0101,A,A,Conditin,0,10
20260513-batch-real-001,Q-CQA-0101,B,B,Functin,1,20
20260513-batch-real-001,Q-CQA-0101,C,C,End Point,0,30
20260513-batch-real-001,Q-CQA-0102,A,A,翼型相对厚度越大，相对弯度就越大，则产生的升力就越大,0,10
20260513-batch-real-001,Q-CQA-0102,B,B,翼型中弧线的最高点距离弦线的最大距离与翼弦长的比值称为相对弯度,1,20
20260513-batch-real-001,Q-CQA-0102,C,C,翼型上下表面垂直于翼弦的距离最长的距离值称为相对厚度,0,30
20260513-batch-real-001,Q-CQA-0103,A,A,"定子线圈直径22mm,定子线圈高度8mm,每伏特电压能达到的每分钟转速为1000转",1,10
20260513-batch-real-001,Q-CQA-0103,B,B,定子线圈直径22英寸，定子线圈高度8英寸，每伏特电压能达到的每分钟转速为1000转,0,20
20260513-batch-real-001,Q-CQA-0103,C,C,定子线圈直径22英寸，定子线圈高度8英寸，每分钟转速为1000转,0,30
20260513-batch-real-001,Q-CQA-0104,A,A,由于能量守恒定律，同一流管内横截面积大的地方静压更小,0,10
20260513-batch-real-001,Q-CQA-0104,B,B,由于能量守恒定律，同一流管内流速快的地方静压小,1,20
20260513-batch-real-001,Q-CQA-0104,C,C,由于能量守恒定律，同一流管内流速快的地方静压大,0,30
20260513-batch-real-001,Q-CQA-0105,A,A,①②③④,0,10
20260513-batch-real-001,Q-CQA-0105,B,B,①②⑤⑥,0,20
20260513-batch-real-001,Q-CQA-0105,C,C,①③⑤⑥,1,30
20260513-batch-real-001,Q-CQA-0106,A,A,机翼迎角超过临界迎角，导致升力急剧降低的飞行状态称为失速,0,10
20260513-batch-real-001,Q-CQA-0106,B,B,直升机前飞速度过快，可能导致后行旋翼出现失速,0,20
20260513-batch-real-001,Q-CQA-0106,C,C,失速会导致升力系数急剧减小，阻力系数缓慢减小,1,30
20260513-batch-real-001,Q-CQA-0107,A,A,在最小阻力迎角下飞行，可以获得最大的升阻比,0,10
20260513-batch-real-001,Q-CQA-0107,B,B,载荷因数与升阻比成正比,1,20
20260513-batch-real-001,Q-CQA-0107,C,C,升力与重力的比值称为载荷因数,0,30
20260513-batch-real-001,Q-CQA-0108,A,A,Cy升力系数，p飞机密度，1/2常数，V是真空速，s机体迎风面积,0,10
20260513-batch-real-001,Q-CQA-0108,B,B,Cy升力系数，p是运行环境大气密度，v是真空速，s是机翼面积,1,20
20260513-batch-real-001,Q-CQA-0108,C,C,Cy升力系数，p是运行环境大气密度，v是地速，s是机体迎风面面积,0,30
20260513-batch-real-001,Q-CQA-0109,A,A,电机一一电子调速器一一飞控一一数传电台,1,10
20260513-batch-real-001,Q-CQA-0109,B,B,电机一一电子调速器一一数传电台一一飞控,0,20
20260513-batch-real-001,Q-CQA-0109,C,C,.0SD一一5.8G图传一一电机,0,30
20260513-batch-real-001,Q-CQA-0110,A,A,无记忆效应,0,10
20260513-batch-real-001,Q-CQA-0110,B,B,标称电压一般为3.7V,0,20
20260513-batch-real-001,Q-CQA-0110,C,C,充满电压一般为4.7V,1,30
20260513-batch-real-001,Q-CQA-0111,A,A,遥控器油门保持中间略上位置,0,10
20260513-batch-real-001,Q-CQA-0111,B,B,接地瞬间前将油门收至最小,1,20
20260513-batch-real-001,Q-CQA-0111,C,C,始终保持油门最大位置试图恢复动力,0,30
20260513-batch-real-001,Q-CQA-0112,A,A,燃油机油混合比适当减小,0,10
20260513-batch-real-001,Q-CQA-0112,B,B,燃油机油混合比适当增大,1,20
20260513-batch-real-001,Q-CQA-0112,C,C,燃油机油混合比不变,0,30
20260513-batch-real-001,Q-CQA-0113,A,A,机体轴左边螺旋桨加速，右边螺旋桨减速,0,10
20260513-batch-real-001,Q-CQA-0113,B,B,逆时针桨加速，顺时针桨减速,1,20
20260513-batch-real-001,Q-CQA-0113,C,C,逆时针桨减速，顺时针桨加速,0,30
20260513-batch-real-001,Q-CQA-0114,A,A,1035,0,10
20260513-batch-real-001,Q-CQA-0114,B,B,1835,1,20
20260513-batch-real-001,Q-CQA-0114,C,C,1855,0,30
20260513-batch-real-001,Q-CQA-0115,A,A,滑翔机为了减小诱导阻力，常将机翼设计成又长又窄的高展弦比机翼,0,10
20260513-batch-real-001,Q-CQA-0115,B,B,飞行速度越快，诱导阻力越小,0,20
20260513-batch-real-001,Q-CQA-0115,C,C,有的机翼上加装了翼梢小翼，目的是增强气流的下洗以增大升力，从而减小诱导阻力,1,30
20260513-batch-real-001,Q-CQA-0116,A,A,定子线圈直径为 22 英寸，定子线圈高度为 8 英寸，每分钟转数为 100 转,0,10
20260513-batch-real-001,Q-CQA-0116,B,B,定子线圈直径为 22 毫米，定子线圈高度为 8 毫米，.每伏特电压能达到一分钟 100 转,1,20
20260513-batch-real-001,Q-CQA-0116,C,C,定子线圈直径为 22 英寸，定子线圈高度为 8 英寸，每伏特电压能达到一分钟 100 转,0,30
20260513-batch-real-001,Q-CQA-0117,A,A,5:电源；电机,0,10
20260513-batch-real-001,Q-CQA-0117,B,B,7或8；电源；电机,0,20
20260513-batch-real-001,Q-CQA-0117,C,C,7或8；电源；飞控,1,30
20260513-batch-real-001,Q-CQA-0118,A,A,220A*25C,0,10
20260513-batch-real-001,Q-CQA-0118,B,B,22000A*25C,0,20
20260513-batch-real-001,Q-CQA-0118,C,C,22A*25C,1,30
20260513-batch-real-001,Q-CQA-0119,A,A,15C充电,0,10
20260513-batch-real-001,Q-CQA-0119,B,B,15C放电,1,20
20260513-batch-real-001,Q-CQA-0119,C,C,15C充放电,0,30
20260513-batch-real-001,Q-CQA-0120,A,A,四轴飞行时间短，效率高。八轴更稳,0,10
20260513-batch-real-001,Q-CQA-0120,B,B,四轴飞行时间久，效率高。八轴更稳,1,20
20260513-batch-real-001,Q-CQA-0120,C,C,八轴飞行时间久，效率高。四轴更稳,0,30
20260513-batch-real-001,Q-CQA-0121,A,A,自动悬停,0,10
20260513-batch-real-001,Q-CQA-0121,B,B,降高度,0,20
20260513-batch-real-001,Q-CQA-0121,C,C,升高度,1,30
20260513-batch-real-001,Q-CQA-0122,A,A,202W,0,10
20260513-batch-real-001,Q-CQA-0122,B,B,504w,1,20
20260513-batch-real-001,Q-CQA-0122,C,C,404W,0,30
20260513-batch-real-001,Q-CQA-0123,A,A,二分之一小时,1,10
20260513-batch-real-001,Q-CQA-0123,B,B,一小时,0,20
20260513-batch-real-001,Q-CQA-0123,C,C,三分之一小时,0,30
20260513-batch-real-001,Q-CQA-0124,A,A,迅速收油门,0,10
20260513-batch-real-001,Q-CQA-0124,B,B,开伞迫降,1,20
20260513-batch-real-001,Q-CQA-0124,C,C,自动返航,0,30
20260513-batch-real-001,Q-CQA-0125,A,A,3.8V,0,10
20260513-batch-real-001,Q-CQA-0125,B,B,3.85V,1,20
20260513-batch-real-001,Q-CQA-0125,C,C,3.75V,0,30
20260513-batch-real-001,Q-CQA-0126,A,A,对角电机之间的直径距离为1.1米,1,10
20260513-batch-real-001,Q-CQA-0126,B,B,相邻电机之间的直径距离为1.1米,0,20
20260513-batch-real-001,Q-CQA-0126,C,C,对角电机之间的半径距离为1.1米,0,30
20260513-batch-real-001,Q-CQA-0127,A,A,25分钟,0,10
20260513-batch-real-001,Q-CQA-0127,B,B,24分钟,1,20
20260513-batch-real-001,Q-CQA-0127,C,C,26分钟,0,30
20260513-batch-real-001,Q-CQA-0128,A,A,GPS天线要高出机体竖直向上，WIFI模块天线要垂直向上，接收机两根天线互相垂直,0,10
20260513-batch-real-001,Q-CQA-0128,B,B,GPS天线要高出机体竖直向上，WIFI模块天线要垂直向下，接收机两根天线互相垂直,1,20
20260513-batch-real-001,Q-CQA-0128,C,C,GPS天线要低出机体竖直向下，WIFI模块天线要垂直向下，接收机两根天线互相垂直,0,30
20260513-batch-real-001,Q-CQA-0129,A,A,电调的额定电压要比电机的最大电流高,0,10
20260513-batch-real-001,Q-CQA-0129,B,B,电调的额定电流要比电机的最大电流底,0,20
20260513-batch-real-001,Q-CQA-0129,C,C,电调的额定电流要比电机的最大电流高,1,30
20260513-batch-real-001,Q-CQA-0130,A,A,冬天要高于夏天。冬天温度低，锂离子活性变低，持续放电时间短,1,10
20260513-batch-real-001,Q-CQA-0130,B,B,冬天要低于夏天。冬天温度低，锂离子活性变低，持续放电时间短,0,20
20260513-batch-real-001,Q-CQA-0130,C,C,冬天要高于夏天。冬天温度低，锂离子活性变高，持续放电时间,0,30
20260513-batch-real-001,Q-CQA-0131,A,A,重心,0,10
20260513-batch-real-001,Q-CQA-0131,B,B,紧固件,1,20
20260513-batch-real-001,Q-CQA-0131,C,C,电压,0,30
20260513-batch-real-001,Q-CQA-0132,A,A,转子直径，转子高度，kv值功率W,0,10
20260513-batch-real-001,Q-CQA-0132,B,B,定子直径，转子高度，kv值功率W,0,20
20260513-batch-real-001,Q-CQA-0132,C,C,定子直径，定子高度，kv值功率W,1,30
20260513-batch-real-001,Q-CQA-0133,A,A,1.0C,0,10
20260513-batch-real-001,Q-CQA-0133,B,B,0.1C,1,20
20260513-batch-real-001,Q-CQA-0133,C,C,10C,0,30
20260513-batch-real-001,Q-CQA-0134,A,A,电池（两根动力线），电调（八根线），电机（两根线）,0,10
20260513-batch-real-001,Q-CQA-0134,B,B,电池（两根动力线），电调（八根线），电机（三根线）,1,20
20260513-batch-real-001,Q-CQA-0134,C,C,电池（两根动力线），电调（三根线），电机（三根线）,0,30
20260513-batch-real-001,Q-CQA-0135,A,A,靠近重心安装,1,10
20260513-batch-real-001,Q-CQA-0135,B,B,尽量向下远离重心位置安装,0,20
20260513-batch-real-001,Q-CQA-0135,C,C,尽量向上远离重心位置安装,0,30
20260513-batch-real-001,Q-CQA-0136,A,A,2.54厘米,1,10
20260513-batch-real-001,Q-CQA-0136,B,B,25.4厘米,0,20
20260513-batch-real-001,Q-CQA-0136,C,C,254厘米,0,30
20260513-batch-real-001,Q-CQA-0137,A,A,直径，螺距，材料,0,10
20260513-batch-real-001,Q-CQA-0137,B,B,直径，螺距，桨叶数,0,20
20260513-batch-real-001,Q-CQA-0137,C,C,直径，螺距，桨叶数、材料,1,30
20260513-batch-real-001,Q-CQA-0138,A,A,中间,0,10
20260513-batch-real-001,Q-CQA-0138,B,B,上面,1,20
20260513-batch-real-001,Q-CQA-0138,C,C,下面,0,30
20260513-batch-real-001,Q-CQA-0139,A,A,螺距、正桨,0,10
20260513-batch-real-001,Q-CQA-0139,B,B,螺距、反桨,1,20
20260513-batch-real-001,Q-CQA-0139,C,C,直径、反桨,0,30
20260513-batch-real-001,Q-CQA-0140,A,A,速度,0,10
20260513-batch-real-001,Q-CQA-0140,B,B,高度,1,20
20260513-batch-real-001,Q-CQA-0140,C,C,温度,0,30
20260513-batch-real-001,Q-CQA-0141,A,A,高转速,1,10
20260513-batch-real-001,Q-CQA-0141,B,B,都可以,0,20
20260513-batch-real-001,Q-CQA-0141,C,C,高扭矩,0,30
20260513-batch-real-001,Q-CQA-0142,A,A,前后飞行时，飞机会产生倾斜角，导致升力垂直分量不足以抵消重力，所以需要适量减小油门,0,10
20260513-batch-real-001,Q-CQA-0142,B,B,前后飞行时，飞机会产生倾斜角，导致升力垂直分量不足以抵消重力，所以需要适量增加油门,1,20
20260513-batch-real-001,Q-CQA-0142,C,C,前后飞行时，飞机会产生倾斜角，导致升力水平分量不足以抵消重力，所以需要适量增加油门,0,30
20260513-batch-real-001,Q-CQA-0143,A,A,电压：12.6V容量：24000mah,1,10
20260513-batch-real-001,Q-CQA-0143,B,B,电压：12.6V容量：6000mah,0,20
20260513-batch-real-001,Q-CQA-0143,C,C,电压：11.1V容量：24000mah,0,30
20260513-batch-real-001,Q-CQA-0144,A,A,18,0,10
20260513-batch-real-001,Q-CQA-0144,B,B,12,0,20
20260513-batch-real-001,Q-CQA-0144,C,C,24,1,30
20260513-batch-real-001,Q-CQA-0145,A,A,卸下螺旋桨,1,10
20260513-batch-real-001,Q-CQA-0145,B,B,卸下电机,0,20
20260513-batch-real-001,Q-CQA-0145,C,C,不接动力电,0,30
20260513-batch-real-001,Q-CQA-0146,A,A,1050,1,10
20260513-batch-real-001,Q-CQA-0146,B,B,25*13,0,20
20260513-batch-real-001,Q-CQA-0146,C,C,10*50,0,30
20260513-batch-real-001,Q-CQA-0147,A,A,融合空域的VI级无人机,1,10
20260513-batch-real-001,Q-CQA-0147,B,B,融合空域的Ⅳ级无人机,0,20
20260513-batch-real-001,Q-CQA-0147,C,C,管制空域,0,30
20260513-batch-real-001,Q-CQA-0148,A,A,1小时,0,10
20260513-batch-real-001,Q-CQA-0148,B,B,2小时,0,20
20260513-batch-real-001,Q-CQA-0148,C,C,0.5小时,1,30
20260513-batch-real-001,Q-CQA-0149,A,A,可以,0,10
20260513-batch-real-001,Q-CQA-0149,B,B,不可以,0,20
20260513-batch-real-001,Q-CQA-0149,C,C,可以，但需要加个矢量舵机,1,30
20260513-batch-real-001,Q-CQA-0150,A,A,进气口,1,10
20260513-batch-real-001,Q-CQA-0150,B,B,点火位置,0,20
20260513-batch-real-001,Q-CQA-0150,C,C,排气口,0,30
20260513-batch-real-001,Q-CQA-0151,A,A,高直径,0,10
20260513-batch-real-001,Q-CQA-0151,B,B,高转速,1,20
20260513-batch-real-001,Q-CQA-0151,C,C,高扭矩,0,30
20260513-batch-real-001,Q-CQA-0152,A,A,匀速,1,10
20260513-batch-real-001,Q-CQA-0152,B,B,高速,0,20
20260513-batch-real-001,Q-CQA-0152,C,C,底速,0,30
20260513-batch-real-001,Q-CQA-0153,A,A,电流,0,10
20260513-batch-real-001,Q-CQA-0153,B,B,电压,1,20
20260513-batch-real-001,Q-CQA-0153,C,C,功率,0,30
20260513-batch-real-001,Q-CQA-0154,A,A,5048,0,10
20260513-batch-real-001,Q-CQA-0154,B,B,7015,1,20
20260513-batch-real-001,Q-CQA-0154,C,C,都适合,0,30
20260513-batch-real-001,Q-CQA-0155,A,A,飞控GPS,0,10
20260513-batch-real-001,Q-CQA-0155,B,B,WIFI模块电台,1,20
20260513-batch-real-001,Q-CQA-0155,C,C,接收机遥控器,0,30
20260513-batch-real-001,Q-CQA-0156,A,A,灵活15*5三叶、最省17*6两叶,1,10
20260513-batch-real-001,Q-CQA-0156,B,B,灵活16*8两叶、最省17*6两叶,0,20
20260513-batch-real-001,Q-CQA-0156,C,C,灵活15*5三叶、最省16*8两叶,0,30
20260513-batch-real-001,Q-CQA-0157,A,A,正负5以内,0,10
20260513-batch-real-001,Q-CQA-0157,B,B,正负10以上,0,20
20260513-batch-real-001,Q-CQA-0157,C,C,正负10以内,1,30
20260513-batch-real-001,Q-CQA-0158,A,A,外壳，控制电路，电机，减速齿轮组，电位器,1,10
20260513-batch-real-001,Q-CQA-0158,B,B,外壳，控制电路，减速齿轮组，电位器,0,20
20260513-batch-real-001,Q-CQA-0158,C,C,控制电路，电机，减速齿轮组，电位器,0,30
20260513-batch-real-001,Q-CQA-0159,A,A,扁粗电机扭矩大，转速高：细长电机扭矩相对较小，转速小,0,10
20260513-batch-real-001,Q-CQA-0159,B,B,扁粗电机扭矩小，转速低；细长电机扭矩相对较高，转速高,0,20
20260513-batch-real-001,Q-CQA-0159,C,C,扁粗电机扭矩大，转速低；细长电机扭矩相对较小，转速高,1,30
20260513-batch-real-001,Q-CQA-0160,A,A,一样快,1,10
20260513-batch-real-001,Q-CQA-0160,B,B,"6S10000MAH,100KV快",0,20
20260513-batch-real-001,Q-CQA-0160,C,C,3S2000MAH200KV快,0,30
20260513-batch-real-001,Q-CQA-0161,A,A,6*30000MAH,0,10
20260513-batch-real-001,Q-CQA-0161,B,B,25.2*30MAH,0,20
20260513-batch-real-001,Q-CQA-0161,C,C,25.2*30A,1,30
20260513-batch-real-001,Q-CQA-0162,A,A,5根,1,10
20260513-batch-real-001,Q-CQA-0162,B,B,6根,0,20
20260513-batch-real-001,Q-CQA-0162,C,C,7根,0,30
20260513-batch-real-001,Q-CQA-0163,A,A,GPS故障,0,10
20260513-batch-real-001,Q-CQA-0163,B,B,磁罗盘故障,0,20
20260513-batch-real-001,Q-CQA-0163,C,C,陀螺仪故障,1,30
20260513-batch-real-001,Q-CQA-0164,A,A,拆卸螺旋桨,1,10
20260513-batch-real-001,Q-CQA-0164,B,B,拆卸机臂,0,20
20260513-batch-real-001,Q-CQA-0164,C,C,拆卸电机,0,30
20260513-batch-real-001,Q-CQA-0165,A,A,2S3P,0,10
20260513-batch-real-001,Q-CQA-0165,B,B,3S2P,1,20
20260513-batch-real-001,Q-CQA-0165,C,C,3S3P,0,30
20260513-batch-real-001,Q-CQA-0166,A,A,IMU感度,0,10
20260513-batch-real-001,Q-CQA-0166,B,B,飞控感度,0,20
20260513-batch-real-001,Q-CQA-0166,C,C,姿态感度,1,30
20260513-batch-real-001,Q-CQA-0167,A,A,不联,0,10
20260513-batch-real-001,Q-CQA-0167,B,B,并联,1,20
20260513-batch-real-001,Q-CQA-0167,C,C,串联,0,30
20260513-batch-real-001,Q-CQA-0168,A,A,模拟控制量,0,10
20260513-batch-real-001,Q-CQA-0168,B,B,开关控制量,0,20
20260513-batch-real-001,Q-CQA-0168,C,C,模拟控制量也叫比例控制量,1,30
20260513-batch-real-001,Q-CQA-0169,A,A,磁罗盘的感度,0,10
20260513-batch-real-001,Q-CQA-0169,B,B,姿态角的感度,0,20
20260513-batch-real-001,Q-CQA-0169,C,C,陀螺仪的感度,1,30
20260513-batch-real-001,Q-CQA-0170,A,A,磁罗盘，陀螺仪,1,10
20260513-batch-real-001,Q-CQA-0170,B,B,电调，GPS,0,20
20260513-batch-real-001,Q-CQA-0170,C,C,接收机，IMU,0,30
20260513-batch-real-001,Q-CQA-0171,A,A,地面站,0,10
20260513-batch-real-001,Q-CQA-0171,B,B,飞机电,1,20
20260513-batch-real-001,Q-CQA-0171,C,C,遥控器,0,30
20260513-batch-real-001,Q-CQA-0172,A,A,中立位偏上,0,10
20260513-batch-real-001,Q-CQA-0172,B,B,中立位偏下,0,20
20260513-batch-real-001,Q-CQA-0172,C,C,中立位,1,30
20260513-batch-real-001,Q-CQA-0173,A,A,6S4000mah搭配100KV得快,0,10
20260513-batch-real-001,Q-CQA-0173,B,B,3s3000mah搭配300KV得快,1,20
20260513-batch-real-001,Q-CQA-0173,C,C,一样快,0,30
20260513-batch-real-001,Q-CQA-0174,A,A,海拔高度,0,10
20260513-batch-real-001,Q-CQA-0174,B,B,无线电高度,0,20
20260513-batch-real-001,Q-CQA-0174,C,C,相对高度,1,30
20260513-batch-real-001,Q-CQA-0175,A,A,角速度转数减少,0,10
20260513-batch-real-001,Q-CQA-0175,B,B,角速度转数增加,1,20
20260513-batch-real-001,Q-CQA-0175,C,C,角速度转数不变,0,30
20260513-batch-real-001,Q-CQA-0176,A,A,不变,0,10
20260513-batch-real-001,Q-CQA-0176,B,B,增加,1,20
20260513-batch-real-001,Q-CQA-0176,C,C,减小,0,30
20260513-batch-real-001,Q-CQA-0177,A,A,逆风,1,10
20260513-batch-real-001,Q-CQA-0177,B,B,顺风,0,20
20260513-batch-real-001,Q-CQA-0177,C,C,无风,0,30
20260513-batch-real-001,Q-CQA-0178,A,A,30A,0,10
20260513-batch-real-001,Q-CQA-0178,B,B,15A,0,20
20260513-batch-real-001,Q-CQA-0178,C,C,7.5A,1,30
20260513-batch-real-001,Q-CQA-0179,A,A,逆时针旋转的桨加速,0,10
20260513-batch-real-001,Q-CQA-0179,B,B,顺时针旋转的桨减速,0,20
20260513-batch-real-001,Q-CQA-0179,C,C,顺时针旋转的桨加速,1,30
20260513-batch-real-001,Q-CQA-0180,A,A,Trainer,1,10
20260513-batch-real-001,Q-CQA-0180,B,B,Display,0,20
20260513-batch-real-001,Q-CQA-0180,C,C,METRIC,0,30
20260513-batch-real-001,Q-CQA-0181,A,A,Multirtr,0,10
20260513-batch-real-001,Q-CQA-0181,B,B,Helicpter,0,20
20260513-batch-real-001,Q-CQA-0181,C,C,Airplane,1,30
20260513-batch-real-001,Q-CQA-0182,A,A,MDL,0,10
20260513-batch-real-001,Q-CQA-0182,B,B,SYS,1,20
20260513-batch-real-001,Q-CQA-0182,C,C,LNK,0,30
20260513-batch-real-001,Q-CQA-0183,A,A,新建模型。模型重命名。选择发射制式。失控保护,0,10
20260513-batch-real-001,Q-CQA-0183,B,B,新建模型。选择发射制式。定义开关。失控保护,1,20
20260513-batch-real-001,Q-CQA-0183,C,C,新建模型。选择发射制式。中立微调。行程量设置,0,30
20260513-batch-real-001,Q-CQA-0184,A,A,天线。开关。油门位置,1,10
20260513-batch-real-001,Q-CQA-0184,B,B,电压。油门位置。中立微调,0,20
20260513-batch-real-001,Q-CQA-0184,C,C,发射制式。模型类型。电压,0,30
20260513-batch-real-001,Q-CQA-0185,A,A,沿横轴左右运动,0,10
20260513-batch-real-001,Q-CQA-0185,B,B,沿立轴上下运动,1,20
20260513-batch-real-001,Q-CQA-0185,C,C,沿纵轴前后运动,0,30
20260513-batch-real-001,Q-CQA-0186,A,A,电压。模型名称。混控,0,10
20260513-batch-real-001,Q-CQA-0186,B,B,电压。模型类型。发射制式。中立微调,1,20
20260513-batch-real-001,Q-CQA-0186,C,C,电压。混控。大小舵,0,30
20260513-batch-real-001,Q-CQA-0187,A,A,LNK,1,10
20260513-batch-real-001,Q-CQA-0187,B,B,MENU,0,20
20260513-batch-real-001,Q-CQA-0187,C,C,SYS,0,30
20260513-batch-real-001,Q-CQA-0188,A,A,SNB TRIM,0,10
20260513-batch-real-001,Q-CQA-0188,B,B,DATA RESET,1,20
20260513-batch-real-001,Q-CQA-0188,C,C,REVERSE,0,30
20260513-batch-real-001,Q-CQA-0189,A,A,LNK,0,10
20260513-batch-real-001,Q-CQA-0189,B,B,SYS,1,20
20260513-batch-real-001,Q-CQA-0189,C,C,MDL,0,30
20260513-batch-real-001,Q-CQA-0190,A,A,通道反向,1,10
20260513-batch-real-001,Q-CQA-0190,B,B,通道行程,0,20
20260513-batch-real-001,Q-CQA-0190,C,C,失控保护,0,30
20260513-batch-real-001,Q-CQA-0191,A,A,Sound,0,10
20260513-batch-real-001,Q-CQA-0191,B,B,User Name,0,20
20260513-batch-real-001,Q-CQA-0191,C,C,Functin,1,30
20260513-batch-real-001,Q-CQA-0192,A,A,SYSTEM,0,10
20260513-batch-real-001,Q-CQA-0192,B,B,FUNCTIN (LINK),1,20
20260513-batch-real-001,Q-CQA-0192,C,C,REVERSE,0,30
20260513-batch-real-001,Q-CQA-0193,A,A,ML,0,10
20260513-batch-real-001,Q-CQA-0193,B,B,SYS,1,20
20260513-batch-real-001,Q-CQA-0193,C,C,LNK,0,30
20260513-batch-real-001,Q-CQA-0194,A,A,2.4ZHZ,0,10
20260513-batch-real-001,Q-CQA-0194,B,B,2.4GHZ,1,20
20260513-batch-real-001,Q-CQA-0194,C,C,2.4WHZ,0,30
20260513-batch-real-001,Q-CQA-0195,A,A,对比度、亮度、息屏时间,0,10
20260513-batch-real-001,Q-CQA-0195,B,B,对比度、亮度、息屏时间、单位,1,20
20260513-batch-real-001,Q-CQA-0195,C,C,亮度、息屏时间、单位,0,30
20260513-batch-real-001,Q-CQA-0196,A,A,舵机反向REV,0,10
20260513-batch-real-001,Q-CQA-0196,B,B,功能设置FUNC,0,20
20260513-batch-real-001,Q-CQA-0196,C,C,失控保护FC,1,30
20260513-batch-real-001,Q-CQA-0197,A,A,CONTRAST,0,10
20260513-batch-real-001,Q-CQA-0197,B,B,Display,0,20
20260513-batch-real-001,Q-CQA-0197,C,C,BRIGHTNESS,1,30
20260513-batch-real-001,Q-CQA-0198,A,A,Display,0,10
20260513-batch-real-001,Q-CQA-0198,B,B,CONTRAST,1,20
20260513-batch-real-001,Q-CQA-0198,C,C,BRIGHTNESS,0,30
20260513-batch-real-001,Q-CQA-0199,A,A,CNTRAST,0,10
20260513-batch-real-001,Q-CQA-0199,B,B,Display,1,20
20260513-batch-real-001,Q-CQA-0199,C,C,BRIGHTNESS,0,30
20260513-batch-real-001,Q-OVERVIEW-0004,A,A,50~200KM,0,10
20260513-batch-real-001,Q-OVERVIEW-0004,B,B,200~800KM,1,20
20260513-batch-real-001,Q-OVERVIEW-0004,C,C,＞800KM,0,30
20260513-batch-real-001,Q-OVERVIEW-0012,A,A,0~100m,0,10
20260513-batch-real-001,Q-OVERVIEW-0012,B,B,100~1000m,0,20
20260513-batch-real-001,Q-OVERVIEW-0012,C,C,1000~7000m,1,30
20260513-batch-real-001,Q-OVERVIEW-0026,A,A,1 公斤＜空机质量≤4kg，2 公斤＜起飞全重≤7kg,0,10
20260513-batch-real-001,Q-OVERVIEW-0026,B,B,1.5 公斤＜空机质量≤7kg，1.5 公斤＜起飞全重≤15kg,0,20
20260513-batch-real-001,Q-OVERVIEW-0026,C,C,1.5 公斤＜空机质量≤4kg，1.5 公斤＜起飞全重≤7kg,1,30
20260513-batch-real-001,Q-OVERVIEW-0030,A,A,891M~899M,0,10
20260513-batch-real-001,Q-OVERVIEW-0030,B,B,1400M~1408M,0,20
20260513-batch-real-001,Q-OVERVIEW-0030,C,C,2408M~2440M,1,30
20260513-batch-real-001,Q-OVERVIEW-0048,A,A,Li-Po,0,10
20260513-batch-real-001,Q-OVERVIEW-0048,B,B,Ni-MH,0,20
20260513-batch-real-001,Q-OVERVIEW-0048,C,C,Ni-Cd,1,30
20260513-batch-real-001,Q-FMR-0050,A,A,5 公里,0,10
20260513-batch-real-001,Q-FMR-0050,B,B,10 公里,1,20
20260513-batch-real-001,Q-FMR-0050,C,C,15 公里,0,30
20260513-batch-real-001,Q-OP-0021,A,A,5%-10%,0,10
20260513-batch-real-001,Q-OP-0021,B,B,10%-15%,1,20
20260513-batch-real-001,Q-OP-0021,C,C,5%-15%,0,30
20260513-batch-real-001,Q-OP-0023,A,A,1 米至 5 米高度,0,10
20260513-batch-real-001,Q-OP-0023,B,B,1 米至 10 米高度,1,20
20260513-batch-real-001,Q-OP-0023,C,C,1 米至 15 米高度,0,30
20260513-batch-real-001,Q-INST-0001,A,A,灵活地运用提问手段,1,10
20260513-batch-real-001,Q-INST-0001,B,B,解释和示范,0,20
20260513-batch-real-001,Q-INST-0001,C,C,对了解甚少或一无所知的课题进行讨论,0,30
20260513-batch-real-001,Q-INST-0002,A,A,详尽地涉及学生操作的每一方面,0,10
20260513-batch-real-001,Q-INST-0002,B,B,私下进行，以环使学生感到难堪,0,20
20260513-batch-real-001,Q-INST-0002,C,C,为提高学生的操作能力提供方向和指导,1,30
20260513-batch-real-001,Q-INST-0003,A,A,意在强调要点,0,10
20260513-batch-real-001,Q-INST-0003,B,B,成为教员教学的拐杖,1,20
20260513-batch-real-001,Q-INST-0003,C,C,成为节省时间的工具,0,30
20260513-batch-real-001,Q-INST-0004,A,A,焦虑,0,10
20260513-batch-real-001,Q-INST-0004,B,B,疲劳,0,20
20260513-batch-real-001,Q-INST-0004,C,C,心理敏锐度,1,30
20260513-batch-real-001,Q-INST-0005,A,A,口试,0,10
20260513-batch-real-001,Q-INST-0005,B,B,笔试,0,20
20260513-batch-real-001,Q-INST-0005,C,C,实际操作,1,30
20260513-batch-real-001,Q-INST-0006,A,A,“众从行为”,0,10
20260513-batch-real-001,Q-INST-0006,B,B,“从众行为”,1,20
20260513-batch-real-001,Q-INST-0006,C,C,“无主见行为”,0,30
20260513-batch-real-001,Q-INST-0007,A,A,仅仅为为了找出学生的错误和弱点,0,10
20260513-batch-real-001,Q-INST-0007,B,B,给学生的表现作出及时的评估,0,20
20260513-batch-real-001,Q-INST-0007,C,C,为进一步提高学生的操作水平提供方向和指导,1,30
20260513-batch-real-001,Q-INST-0008,A,A,从整体上把握住课堂教学的主要内容,1,10
20260513-batch-real-001,Q-INST-0008,B,B,理解本课各要之间的关系,0,20
20260513-batch-real-001,Q-INST-0008,C,C,熟记学习内容，使操作序自动化,0,30
20260513-batch-real-001,Q-INST-0009,A,A,将复杂的飞行操纵动作划分成各个组成部分,0,10
20260513-batch-real-001,Q-INST-0009,B,B,降低学生的过分自负以减少事故率,0,20
20260513-batch-real-001,Q-INST-0009,C,C,提高每节课的达标标准，以便使其要较大的努力能达到,1,30
20260513-batch-real-001,Q-INST-0010,A,A,绝不重复已讲授过的内容,0,10
20260513-batch-real-001,Q-INST-0010,B,B,教学中使类似“搭积木”的技术,1,20
20260513-batch-real-001,Q-INST-0010,C,C,引入难度较大且对学生具有挑战性的任务,0,30
20260513-batch-real-001,Q-INST-0011,A,A,使学生的思维方式发生改变,0,10
20260513-batch-real-001,Q-INST-0011,B,B,示本课各要之间的关系,1,20
20260513-batch-real-001,Q-INST-0011,C,C,激发学生积极地参予课堂教学,0,30
20260513-batch-real-001,Q-INST-0012,A,A,教员的示范和讲评,0,10
20260513-batch-real-001,Q-INST-0012,B,B,学生的操作和教员的监控,1,20
20260513-batch-real-001,Q-INST-0012,C,C,教员的解释和学生的练习,0,30
20260513-batch-real-001,Q-INST-0013,A,A,将各种片断的信息加以分类和综合,0,10
20260513-batch-real-001,Q-INST-0013,B,B,将感觉信息赋予意义,1,20
20260513-batch-real-001,Q-INST-0013,C,C,对看到的暗示作出反应，其次是听到的暗示，然后把这些暗示同以前所学的知识加以联系,0,30
20260513-batch-real-001,Q-INST-0014,A,A,行为上犹豫不决,0,10
20260513-batch-real-001,Q-INST-0014,B,B,极端的合作,1,20
20260513-batch-real-001,Q-INST-0014,C,C,情绪变化非常缓慢,0,30
20260513-batch-real-001,Q-INST-0015,A,A,逆向迁移,0,10
20260513-batch-real-001,Q-INST-0015,B,B,正迁移,0,20
20260513-batch-real-001,Q-INST-0015,C,C,负迁移,1,30
20260513-batch-real-001,Q-INST-0016,A,A,一系列的模拟迫降,0,10
20260513-batch-real-001,Q-INST-0016,B,B,往返于附近机场的正常飞行,0,20
20260513-batch-real-001,Q-INST-0016,C,C,对飞机滑行进行详细介绍,1,30
20260513-batch-real-001,Q-INST-0017,A,A,先学习的知识或技能对学习另一种新知识或新技能起促进作用,1,10
20260513-batch-real-001,Q-INST-0017,B,B,先学习的知识或技能对学习另一种新知识或新技能起阻碍作用,0,20
20260513-batch-real-001,Q-INST-0017,C,C,纵向升高，由低到高、由简到繁,0,30
20260513-batch-real-001,Q-INST-0018,A,A,为他们提供明白的、循序渐进的实例,0,10
20260513-batch-real-001,Q-INST-0018,B,B,给学生一个所要执行任务的提纲,1,20
20260513-batch-real-001,Q-INST-0018,C,C,慢慢地带领学生完成任务,0,30
20260513-batch-real-001,Q-INST-0019,A,A,“微妙失能”,1,10
20260513-batch-real-001,Q-INST-0019,B,B,“性格内向”,0,20
20260513-batch-real-001,Q-INST-0019,C,C,“变态心理”,0,30
20260513-batch-real-001,Q-INST-0020,A,A,领悟,0,10
20260513-batch-real-001,Q-INST-0020,B,B,动机,1,20
20260513-batch-real-001,Q-INST-0020,C,C,积极的自我意识,0,30
20260513-batch-real-001,Q-INST-0021,A,A,学习逆转区,0,10
20260513-batch-real-001,Q-INST-0021,B,B,学习高原区,1,20
20260513-batch-real-001,Q-INST-0021,C,C,学习稳定区,0,30
20260513-batch-real-001,Q-INST-0022,A,A,不安全感,1,10
20260513-batch-real-001,Q-INST-0022,B,B,学习动机,0,20
20260513-batch-real-001,Q-INST-0022,C,C,进取心,0,30
20260513-batch-real-001,Q-INST-0023,A,A,变得脾气不好、富有挑衅性，有时还要寻找“出气筒”，将怒气宣泄到不相干的人或物身,1,10
20260513-batch-real-001,Q-INST-0023,B,B,可能会拒绝参加班级活动,0,20
20260513-batch-real-001,Q-INST-0023,C,C,企图为在某些方面不能令人接受的行为而辩解,0,30
20260513-batch-real-001,Q-INST-0024,A,A,是在找借口为自认为可被人们接受的行为辩解,0,10
20260513-batch-real-001,Q-INST-0024,B,B,是在解释不能接受自身行为的真正原因,0,20
20260513-batch-real-001,Q-INST-0024,C,C,是在编造为自己从挫折中脱身的合理借口,1,30
20260513-batch-real-001,Q-INST-0025,A,A,为什么,0,10
20260513-batch-real-001,Q-INST-0025,B,B,是什么,1,20
20260513-batch-real-001,Q-INST-0025,C,C,什么时间,0,30
20260513-batch-real-001,Q-INST-0026,A,A,系列的口头测验,1,10
20260513-batch-real-001,Q-INST-0026,B,B,对所讨论内容进行书面测验,0,20
20260513-batch-real-001,Q-INST-0026,C,C,对学生在此期间所讨论的内容进行概括和总结,0,30
20260513-batch-real-001,Q-INST-0027,A,A,增强学员学习和训练的自信心,1,10
20260513-batch-real-001,Q-INST-0027,B,B,增强其分析问题和解决问题的能力,0,20
20260513-batch-real-001,Q-INST-0027,C,C,增强其防御心理,0,30
20260513-batch-real-001,Q-INST-0028,A,A,不要求学员改变操作,0,10
20260513-batch-real-001,Q-INST-0028,B,B,要求学员运用同样的要素执行其他任务,0,20
20260513-batch-real-001,Q-INST-0028,C,C,让学生停止操作并对操作原理进行示范,1,30
20260513-batch-real-001,Q-INST-0029,A,A,采用一种很好的授课技巧,0,10
20260513-batch-real-001,Q-INST-0029,B,B,采用一种极佳的省时手断,0,20
20260513-batch-real-001,Q-INST-0029,C,C,假定所有学生的水平相近,1,30
20260513-batch-real-001,Q-INST-0030,A,A,成就动机,1,10
20260513-batch-real-001,Q-INST-0030,B,B,个人收获动机,0,20
20260513-batch-real-001,Q-INST-0030,C,C,个人安慰动机,0,30
20260513-batch-real-001,Q-INST-0031,A,A,教学内容的整体性和结构性,1,10
20260513-batch-real-001,Q-INST-0031,B,B,教学内容的难度和新颖性,0,20
20260513-batch-real-001,Q-INST-0031,C,C,教学内容的实用性和新颖性,0,30
20260513-batch-real-001,Q-INST-0032,A,A,过于随便地表扬学生,0,10
20260513-batch-real-001,Q-INST-0032,B,B,告诉学生他们的工作不令人满意，并解释原因,0,20
20260513-batch-real-001,Q-INST-0032,C,C,当教员不懂，却又极力掩饰自己的错误或欺骗学生时,1,30
20260513-batch-real-001,Q-INST-0033,A,A,教员采用抽象化语言,0,10
20260513-batch-real-001,Q-INST-0033,B,B,使用不准确的描述,0,20
20260513-batch-real-001,Q-INST-0033,C,C,教员与学生之间缺乏共同的经历,1,30
20260513-batch-real-001,Q-INST-0034,A,A,倒退,0,10
20260513-batch-real-001,Q-INST-0034,B,B,放弃,1,20
20260513-batch-real-001,Q-INST-0034,C,C,文饰,0,30
20260513-batch-real-001,Q-INST-0035,A,A,对教员的的尊敬程度,0,10
20260513-batch-real-001,Q-INST-0035,B,B,教员和学生之间的个性差异程度,0,20
20260513-batch-real-001,Q-INST-0035,C,C,教员的学识和组织教学内容的能力,1,30
20260513-batch-real-001,Q-INST-0036,A,A,内驱力、线索、反应和强化,1,10
20260513-batch-real-001,Q-INST-0036,B,B,学习条件、职业酬金、生活条件、人际关系,0,20
20260513-batch-real-001,Q-INST-0036,C,C,人际关系、线索、反应和强化,0,30
20260513-batch-real-001,Q-INST-0037,A,A,奖励,0,10
20260513-batch-real-001,Q-INST-0037,B,B,表扬,0,20
20260513-batch-real-001,Q-INST-0037,C,C,正反馈,1,30
20260513-batch-real-001,Q-INST-0038,A,A,能为学生提供参与的机会,0,10
20260513-batch-real-001,Q-INST-0038,B,B,能在短时间内呈现较多的内容,1,20
20260513-batch-real-001,Q-INST-0038,C,C,教员能对学生的学习行为进行准确的监控,0,30
20260513-batch-real-001,Q-INST-0039,A,A,没有获得他应有的报酬,0,10
20260513-batch-real-001,Q-INST-0039,B,B,镇定、有思想，且受过良好训练,0,20
20260513-batch-real-001,Q-INST-0039,C,C,干了任何可能伤害学生自尊心的事,1,30
20260513-batch-real-001,Q-INST-0040,A,A,归属及爱的需要,0,10
20260513-batch-real-001,Q-INST-0040,B,B,生理需要,0,20
20260513-batch-real-001,Q-INST-0040,C,C,自我实现的需要,1,30
20260513-batch-real-001,Q-INST-0041,A,A,体现从不知到已知,0,10
20260513-batch-real-001,Q-INST-0041,B,B,学习单元的范围将逐步扩大,0,20
20260513-batch-real-001,Q-INST-0041,C,C,体现某一教学阶段所采用的教学步骤,1,30
20260513-batch-real-001,Q-INST-0042,A,A,运用阶段,0,10
20260513-batch-real-001,Q-INST-0042,B,B,联想阶段,0,20
20260513-batch-real-001,Q-INST-0042,C,C,彼此关联阶段,1,30
20260513-batch-real-001,Q-INST-0043,A,A,附加学习,1,10
20260513-batch-real-001,Q-INST-0043,B,B,概念学习,0,20
20260513-batch-real-001,Q-INST-0043,C,C,伴随学习,0,30
20260513-batch-real-001,Q-INST-0044,A,A,激励学生不断进步,0,10
20260513-batch-real-001,Q-INST-0044,B,B,使学生知觉范围缩小,1,20
20260513-batch-real-001,Q-INST-0044,C,C,减少相关反应的比率,0,30
20260513-batch-real-001,Q-INST-0045,A,A,提供大量的帮助与鼓励,0,10
20260513-batch-real-001,Q-INST-0045,B,B,布置一些比常规学习目标更易达到的次要目标,1,20
20260513-batch-real-001,Q-INST-0045,C,C,提高达标标准，以便使学生在面对高标准时获得益处,0,30
20260513-batch-real-001,Q-INST-0046,A,A,逃避,0,10
20260513-batch-real-001,Q-INST-0046,B,B,攻击,0,20
20260513-batch-real-001,Q-INST-0046,C,C,文饰,1,30
20260513-batch-real-001,Q-INST-0047,A,A,注意信息的程度、信息被理解的程度、信息被接受的程度以及付诸行动的程度,1,10
20260513-batch-real-001,Q-INST-0047,B,B,情感交流的程度、信息传送的清晰度、信息接收者的理解能力以及信息的实用性,0,20
20260513-batch-real-001,Q-INST-0047,C,C,注意信息发出者的程度、信息被分享的程度、情感交流的程度以及付诸行动的程度,0,30
20260513-batch-real-001,Q-INST-0048,A,A,完全使用仪表飞行或目视飞行,0,10
20260513-batch-real-001,Q-INST-0048,B,B,首次飞行前，详细解释在模拟仪表飞行条件下和使用外部参照飞行条件下飞行的区别,0,20
20260513-batch-real-001,Q-INST-0048,C,C,对学生首次讲授有关飞行控制时，应包括飞行操纵所对应的仪表示读数和用于姿态控制中,1,30
20260513-batch-real-001,Q-INST-0049,A,A,学生不需要知道本次课学习的目的,0,10
20260513-batch-real-001,Q-INST-0049,B,B,那些没有学科背景知识的学生应参加讨论,0,20
20260513-batch-real-001,Q-INST-0049,C,C,如果学生不具备同他人交流的知识和经验，他就达不到预期的学习效果,1,30
20260513-batch-real-001,Q-INST-0050,A,A,个别学生的不良表现不会影响其它学生,0,10
20260513-batch-real-001,Q-INST-0050,B,B,个别学生的不良表现会对其它学生构成影响,1,20
20260513-batch-real-001,Q-INST-0050,C,C,个别学生的不良表现会激励其它学生更好地学习,0,30
20260513-batch-real-001,Q-INST-0051,A,A,修改课程目标,0,10
20260513-batch-real-001,Q-INST-0051,B,B,先进入下一个计划内容，如这也不行时便应取消这次课,1,20
20260513-batch-real-001,Q-INST-0051,C,C,在该课程延后期间，随机选择一项技能课来上,0,30
20260513-batch-real-001,Q-INST-0052,A,A,学生的动机水平,0,10
20260513-batch-real-001,Q-INST-0052,B,B,学生的原有水平,1,20
20260513-batch-real-001,Q-INST-0052,C,C,练习时间的长短,0,30
20260513-batch-real-001,Q-INST-0053,A,A,当教员对某些教学内容拿不准却又欺骗学生时,1,10
20260513-batch-real-001,Q-INST-0053,B,B,指出学生的错误或失败时,0,20
20260513-batch-real-001,Q-INST-0053,C,C,指出学生的错误并予以指导时,0,30
20260513-batch-real-001,Q-INST-0054,A,A,学习,1,10
20260513-batch-real-001,Q-INST-0054,B,B,知识,0,20
20260513-batch-real-001,Q-INST-0054,C,C,理解,0,30
20260513-batch-real-001,Q-INST-0055,A,A,记忆、理解、联系、运用,0,10
20260513-batch-real-001,Q-INST-0055,B,B,记忆、理解、运用、联系,1,20
20260513-batch-real-001,Q-INST-0055,C,C,记忆、运用、理解、联系,0,30
20260513-batch-real-001,Q-INST-0056,A,A,应激源,1,10
20260513-batch-real-001,Q-INST-0056,B,B,应激,0,20
20260513-batch-real-001,Q-INST-0056,C,C,情绪,0,30
20260513-batch-real-001,Q-INST-0057,A,A,将学员的恐惧视为正常反应,0,10
20260513-batch-real-001,Q-INST-0057,B,B,不再继续会引起学生焦虑的教学内容,0,20
20260513-batch-real-001,Q-INST-0057,C,C,允许学生自己决定何时开始对新的操纵动作的练习,1,30
20260513-batch-real-001,Q-INST-0058,A,A,准确性,1,10
20260513-batch-real-001,Q-INST-0058,B,B,可靠性,0,20
20260513-batch-real-001,Q-INST-0058,C,C,差别性,0,30
20260513-batch-real-001,Q-INST-0059,A,A,缺乏自信,1,10
20260513-batch-real-001,Q-INST-0059,B,B,不重视或兴趣淡然,0,20
20260513-batch-real-001,Q-INST-0059,C,C,认为教员对操作和成绩有不合理的要求,0,30
20260513-batch-real-001,Q-INST-0060,A,A,教员发出指令学员执行；学员发出指令教员执行；学员操练教员评价,0,10
20260513-batch-real-001,Q-INST-0060,B,B,教员发出指令教员执行；学员发出指令教员执行；学员操练教员评价,0,20
20260513-batch-real-001,Q-INST-0060,C,C,教员发出指令教员执行；学员发出指令学员执行；学员操练教员评价,1,30
20260513-batch-real-001,Q-INST-0061,A,A,逃避,0,10
20260513-batch-real-001,Q-INST-0061,B,B,攻击,1,20
20260513-batch-real-001,Q-INST-0061,C,C,屈从,0,30
20260513-batch-real-001,Q-INST-0062,A,A,屈从态度,1,10
20260513-batch-real-001,Q-INST-0062,B,B,冲动性态度,0,20
20260513-batch-real-001,Q-INST-0062,C,C,侥幸心理态度,0,30
20260513-batch-real-001,Q-INST-0063,A,A,确定总体目标和标准,1,10
20260513-batch-real-001,Q-INST-0063,B,B,建立教员与学生双方的共同基础,0,20
20260513-batch-real-001,Q-INST-0063,C,C,鉴别出构成总体目标的学习单元,0,30
20260513-batch-real-001,Q-INST-0064,A,A,学习或训练动机过高造成的,1,10
20260513-batch-real-001,Q-INST-0064,B,B,学习或训练动机过低造成的,0,20
20260513-batch-real-001,Q-INST-0064,C,C,中等强度的学习或训练动机造成的,0,30
20260513-batch-real-001,Q-INST-0065,A,A,确定学生原有水平、明确教学目标、分析任务、教材设计、教学、评定,0,10
20260513-batch-real-001,Q-INST-0065,B,B,分析任务、明确教学目标、确定学生原有水平、教材设计、教学、评定,0,20
20260513-batch-real-001,Q-INST-0065,C,C,明确教学目标、分析任务、确定学生原有水平、教材设计、教学、评定,1,30
20260513-batch-real-001,Q-INST-0066,A,A,经常对个别学生进行批评,0,10
20260513-batch-real-001,Q-INST-0066,B,B,想方设法增强集体的凝聚力和团结,1,20
20260513-batch-real-001,Q-INST-0066,C,C,对个别学生进行严厉的处罚,0,30
20260513-batch-real-001,Q-INST-0067,A,A,讲评,1,10
20260513-batch-real-001,Q-INST-0067,B,B,示范,0,20
20260513-batch-real-001,Q-INST-0067,C,C,学生的操作,0,30
20260513-batch-real-001,Q-INST-0068,A,A,一个行之有效的教案可能仅仅是一个思维框架,0,10
20260513-batch-real-001,Q-INST-0068,B,B,经过严格准备的课堂教学教案应该适用于飞行教学训练,0,20
20260513-batch-real-001,Q-INST-0068,C,C,本次课的教学内容应该包含与前一次课相联系的新事实、新程序或新技能,1,30
20260513-batch-real-001,Q-INST-0069,A,A,包含了所有难度层次的题目,1,10
20260513-batch-real-001,Q-INST-0069,B,B,适用于一切随机抽样,0,20
20260513-batch-real-001,Q-INST-0069,C,C,以不同的方式对同一主题知识进行进行测量,0,30
20260513-batch-real-001,Q-INST-0070,A,A,效果律,1,10
20260513-batch-real-001,Q-INST-0070,B,B,首因律,0,20
20260513-batch-real-001,Q-INST-0070,C,C,强化律,0,30
20260513-batch-real-001,Q-INST-0071,A,A,语言含混不清和使用抽象术语,0,10
20260513-batch-real-001,Q-INST-0071,B,B,语言表达不出学生头脑中所需的含义,0,20
20260513-batch-real-001,Q-INST-0071,C,C,学生不具有语言所指事物或概念的经历,1,30
20260513-batch-real-001,Q-INST-0072,A,A,学习,0,10
20260513-batch-real-001,Q-INST-0072,B,B,教学,0,20
20260513-batch-real-001,Q-INST-0072,C,C,教育,1,30
20260513-batch-real-001,Q-INST-0073,A,A,机械学习,0,10
20260513-batch-real-001,Q-INST-0073,B,B,“尝试与改正”学习,1,20
20260513-batch-real-001,Q-INST-0073,C,C,意义学习,0,30
20260513-batch-real-001,Q-INST-0074,A,A,概括,1,10
20260513-batch-real-001,Q-INST-0074,B,B,总结,0,20
20260513-batch-real-001,Q-INST-0074,C,C,引入,0,30
20260513-batch-real-001,Q-INST-0075,A,A,它们通常是总体目标的必要组成部分,1,10
20260513-batch-real-001,Q-INST-0075,B,B,它们通常会妨碍最终目标的圆满完成,0,20
20260513-batch-real-001,Q-INST-0075,C,C,它们有利于达到教学目的,0,30
20260513-batch-real-001,Q-INST-0076,A,A,忽视学生个人缺点、兴趣或问题,0,10
20260513-batch-real-001,Q-INST-0076,B,B,把学习目标定得非常高，以便使学生不断接受挑战,0,20
20260513-batch-real-001,Q-INST-0076,C,C,对彼此都非常重要的共同认识，且双方都在为同一目标而努力,1,30
20260513-batch-real-001,Q-INST-0077,A,A,变得灰心和沮丧,1,10
20260513-batch-real-001,Q-INST-0077,B,B,希望学到更多的东西,0,20
20260513-batch-real-001,Q-INST-0077,C,C,进一步受到激励,0,30
20260513-batch-real-001,Q-INST-0078,A,A,社会性的需要,1,10
20260513-batch-real-001,Q-INST-0078,B,B,生理的需要,0,20
20260513-batch-real-001,Q-INST-0078,C,C,自我实现的需要,0,30
20260513-batch-real-001,Q-INST-0079,A,A,确定总体目标和标准,0,10
20260513-batch-real-001,Q-INST-0079,B,B,制订阶段教学计划或教学单元,0,20
20260513-batch-real-001,Q-INST-0079,C,C,鉴别出构成总体目标的必然组成部分和学习单元,1,30
20260513-batch-real-001,Q-INST-0080,A,A,运用水平,0,10
20260513-batch-real-001,Q-INST-0080,B,B,联系水平,1,20
20260513-batch-real-001,Q-INST-0080,C,C,相互关系水平,0,30
20260513-batch-real-001,Q-INST-0081,A,A,为表扬而进行的表扬是极其重要的,0,10
20260513-batch-real-001,Q-INST-0081,B,B,评价具有建设性并且是客观的,1,20
20260513-batch-real-001,Q-INST-0081,C,C,评价应详尽涉及学生操作的每一方面,0,30
20260513-batch-real-001,Q-INST-0082,A,A,命题式作文题,0,10
20260513-batch-real-001,Q-INST-0082,B,B,选择题型,1,20
20260513-batch-real-001,Q-INST-0082,C,C,正误判断题型,0,30
20260513-batch-real-001,Q-INST-0083,A,A,提高每次授课的达标标准,1,10
20260513-batch-real-001,Q-INST-0083,B,B,只有当学员取得圆满成绩才加以奖励,0,20
20260513-batch-real-001,Q-INST-0083,C,C,每次授课完毕之后，进行消极并且苛刻的评价,0,30
20260513-batch-real-001,Q-INST-0084,A,A,以效果律的例证,0,10
20260513-batch-real-001,Q-INST-0084,B,B,首因效应的基础,1,20
20260513-batch-real-001,Q-INST-0084,C,C,强化律的例证,0,30
20260513-batch-real-001,Q-INST-0085,A,A,对学生的评价只能是客观的,1,10
20260513-batch-real-001,Q-INST-0085,B,B,对学生学习的评价是每一次课不可缺少的部分,0,20
20260513-batch-real-001,Q-INST-0085,C,C,如果学生出现了于本课无关的错误或不足，这些错误与不足可不予重视，稍后再加以改正,0,30
20260513-batch-real-001,Q-INST-0086,A,A,进行的激励必须十分明确，且是有用的,1,10
20260513-batch-real-001,Q-INST-0086,B,B,激励可以非常细微.并且难以察觉,0,20
20260513-batch-real-001,Q-INST-0086,C,C,消极的激励经常同积极的激励一样会产生作用,0,30
20260513-batch-real-001,Q-INST-0087,A,A,始终让学生认识到他自己存在的不足,0,10
20260513-batch-real-001,Q-INST-0087,B,B,不断地激励学生保持一定的学习动机,0,20
20260513-batch-real-001,Q-INST-0087,C,C,确定一个稍高于学生实际能力的学习标准,1,30
20260513-batch-real-001,Q-INST-0088,A,A,有关知识和技能掌握不牢固、不恰当的自我评价、反复遭受挫折,1,10
20260513-batch-real-001,Q-INST-0088,B,B,情绪紧张、学习和训练动机过低、身体素质差,0,20
20260513-batch-real-001,Q-INST-0088,C,C,人际关系紧张、心理素质不好、身体状况差,0,30
20260513-batch-real-001,Q-INST-0089,A,A,基本需要,0,10
20260513-batch-real-001,Q-INST-0089,B,B,身体状况,0,20
20260513-batch-real-001,Q-INST-0089,C,C,威胁性刺激,1,30
20260513-batch-real-001,Q-INST-0090,A,A,有可能使人产生自负的态度,0,10
20260513-batch-real-001,Q-INST-0090,B,B,有可能掩盖产生问题的原因,0,20
20260513-batch-real-001,Q-INST-0090,C,C,有可能产生自欺性行为和扭曲事实,1,30
20260513-batch-real-001,Q-INST-0091,A,A,能够测量学生对一个课题的普遍理解力,0,10
20260513-batch-real-001,Q-INST-0091,B,B,评分标准客观，与学生或阅卷人无关,1,20
20260513-batch-real-001,Q-INST-0091,C,C,无法对不同教员教出的学生进行比较,0,30
20260513-batch-real-001,Q-INST-0092,A,A,直观教具有利于吸引并保持学生的注意力,1,10
20260513-batch-real-001,Q-INST-0092,B,B,直观教具可用于强调课文中的要点,0,20
20260513-batch-real-001,Q-INST-0092,C,C,不应因使用了直观教具而减少授课时间,0,30
20260513-batch-real-001,Q-INST-0093,A,A,感觉,0,10
20260513-batch-real-001,Q-INST-0093,B,B,知觉,1,20
20260513-batch-real-001,Q-INST-0093,C,C,理解,0,30
20260513-batch-real-001,Q-INST-0094,A,A,水平迁移,0,10
20260513-batch-real-001,Q-INST-0094,B,B,正迁移,1,20
20260513-batch-real-001,Q-INST-0094,C,C,伴随迁移,0,30
20260513-batch-real-001,Q-INST-0095,A,A,它们的高度客观性,0,10
20260513-batch-real-001,Q-INST-0095,B,B,它们不能用统一的标准来评判优劣,1,20
20260513-batch-real-001,Q-INST-0095,C,C,它们有可能靠猜测回答,0,30
20260513-batch-real-001,Q-INST-0096,A,A,需要达到的目标很难，但有可能达到,0,10
20260513-batch-real-001,Q-INST-0096,B,B,理解了他们正在为之努力的目标后,0,20
20260513-batch-real-001,Q-INST-0096,C,C,意识到教员未作充分准备,1,30
20260513-batch-real-001,Q-INST-0097,A,A,没有使用,1,10
20260513-batch-real-001,Q-INST-0097,B,B,时间间隔,0,20
20260513-batch-real-001,Q-INST-0097,C,C,干扰,0,30
20260513-batch-real-001,Q-INST-0098,A,A,与学生保持良好关系,0,10
20260513-batch-real-001,Q-INST-0098,B,B,通过许诺或奖励给予积极的鼓励,0,20
20260513-batch-real-001,Q-INST-0098,C,C,要求学生做力所能及的工作，以强化他们的自信,1,30
20260513-batch-real-001,Q-INST-0099,A,A,消极沮丧的学生,0,10
20260513-batch-real-001,Q-INST-0099,B,B,兴趣不浓的学生,0,20
20260513-batch-real-001,Q-INST-0099,C,C,过于自负的学生,1,30
20260513-batch-real-001,Q-INST-0100,A,A,解释、试验和练习、讲评与复习,0,10
20260513-batch-real-001,Q-INST-0100,B,B,解释、示范、练习、评估,1,20
20260513-batch-real-001,Q-INST-0100,C,C,准备、呈现、应用、复习与讲评,0,30
20260513-batch-real-001,Q-INST-0101,A,A,近因律,1,10
20260513-batch-real-001,Q-INST-0101,B,B,首因律,0,20
20260513-batch-real-001,Q-INST-0101,C,C,练习律,0,30
20260513-batch-real-001,Q-INST-0102,A,A,采用过于抽象教学的教学方法,0,10
20260513-batch-real-001,Q-INST-0102,B,B,使用生动活泼的语言,0,20
20260513-batch-real-001,Q-INST-0102,C,C,语无伦次及用语粗俗,1,30
20260513-batch-real-001,Q-INST-0103,A,A,为了体现有计划的原则和按计划实施的原则,0,10
20260513-batch-real-001,Q-INST-0103,B,B,为了培养学生制订计划和按计划实施的技能,1,20
20260513-batch-real-001,Q-INST-0103,C,C,为了解释和示范制订计划的原则和按计划实施的行为模式,0,30
20260513-batch-real-001,Q-INST-0104,A,A,实践和训练的基础,1,10
20260513-batch-real-001,Q-INST-0104,B,B,首因效应的基础,0,20
20260513-batch-real-001,Q-INST-0104,C,C,理解和运用的基础,0,30
20260513-batch-real-001,Q-INST-0105,A,A,充分利用学生的视、听、触以及动觉等感觉通道,1,10
20260513-batch-real-001,Q-INST-0105,B,B,尽可能多地为学生提供需要学习的知识和技能,0,20
20260513-batch-real-001,Q-INST-0105,C,C,嗅觉、前庭觉以及味觉等感觉通道,0,30
20260513-batch-real-001,Q-INST-0106,A,A,具有高度的语言组织能力,0,10
20260513-batch-real-001,Q-INST-0106,B,B,具有使学生注意力集中的威信,0,20
20260513-batch-real-001,Q-INST-0106,C,C,在向学生传递信息时表现出一种积极的，具有信任感的态度,1,30
20260513-batch-real-001,Q-INST-0107,A,A,讲座,1,10
20260513-batch-real-001,Q-INST-0107,B,B,简介,0,20
20260513-batch-real-001,Q-INST-0107,C,C,示范,0,30
20260513-batch-real-001,Q-INST-0108,A,A,使每次课都成为愉快的体验,1,10
20260513-batch-real-001,Q-INST-0108,B,B,制订等级曲线，使大多数学员都能完成课程,0,20
20260513-batch-real-001,Q-INST-0108,C,C,不断激励学生去达到最高训练目标,0,30
20260513-batch-real-001,Q-INST-0109,A,A,讲座的方式,1,10
20260513-batch-real-001,Q-INST-0109,B,B,整体教学方式,0,20
20260513-batch-real-001,Q-INST-0109,C,C,示范与演示方式,0,30
20260513-batch-real-001,Q-INST-0110,A,A,在问题中包含复杂的叙述,0,10
20260513-batch-real-001,Q-INST-0110,B,B,避免使用诸如“所有”、“每个”、“只有”之类的绝对语气,0,20
20260513-batch-real-001,Q-INST-0110,C,C,在对问题的叙述中包含一个或更多的概念,1,30
20260513-batch-real-001,Q-INST-0111,A,A,适合于对随机样本施测,0,10
20260513-batch-real-001,Q-INST-0111,B,B,包含具有代表性和综合性的课程目标样本,0,20
20260513-batch-real-001,Q-INST-0111,C,C,能够鉴别出成就较高和成就较低的学生,1,30
20260513-batch-real-001,Q-INST-0112,A,A,情绪变化快，对教员或其它人感到愤怒,0,10
20260513-batch-real-001,Q-INST-0112,B,B,在飞行经验与训练有限的情况下，具有自动化和迅速准确的反应,0,20
20260513-batch-real-001,Q-INST-0112,C,C,不恰当的行为，如过分的合作、过分的自我控制和小心谨慎，不合时令的大笑和歌唱,1,30
20260513-batch-real-001,Q-INST-0113,A,A,形成对外观察的习惯,0,10
20260513-batch-real-001,Q-INST-0113,B,B,在借助外界参照操纵飞机时能依靠飞行仪表,0,20
20260513-batch-real-001,Q-INST-0113,C,C,在外界参照消失后自己能继续控制飞机,1,30
20260513-batch-real-001,Q-INST-0114,A,A,学生的个人背景及过去经验,0,10
20260513-batch-real-001,Q-INST-0114,B,B,本课涉及的内容及目的,0,20
20260513-batch-real-001,Q-INST-0114,C,C,学生的实际表现与既定标准之间的差异,1,30
20260513-batch-real-001,Q-INST-0115,A,A,焦虑和不安全感,0,10
20260513-batch-real-001,Q-INST-0115,B,B,以前的经验和知识,1,20
20260513-batch-real-001,Q-INST-0115,C,C,以前所有的有用或无用观点,0,30
20260513-batch-real-001,Q-INST-0116,A,A,注意、动机和概览,0,10
20260513-batch-real-001,Q-INST-0116,B,B,引言、正文和总结,0,20
20260513-batch-real-001,Q-INST-0116,C,C,目的、内容和完成标准,1,30
20260513-batch-real-001,Q-INST-0117,A,A,具有自明性，不需什么解释说明,0,10
20260513-batch-real-001,Q-INST-0117,B,B,能够与所要达到的目的相吻合,1,20
20260513-batch-real-001,Q-INST-0117,C,C,在准备和组织教学计划之前就应选定,0,30
20260513-batch-real-001,Q-INST-0118,A,A,有利于教、双方改正不良的行为习惯,0,10
20260513-batch-real-001,Q-INST-0118,B,B,通过逐渐扩大学习单元激励学生不断进取,0,20
20260513-batch-real-001,Q-INST-0118,C,C,能使学生分步骤地掌握知识和技能的各个组成部分，能使各个部分的知识和技能融会贯通,1,30
20260513-batch-real-001,Q-INST-0119,A,A,输入的新知识被原有认知结构加工改造的过程,1,10
20260513-batch-real-001,Q-INST-0119,B,B,运用头脑中的知识经验去达成问题解决的过程,0,20
20260513-batch-real-001,Q-INST-0119,C,C,学员从教员那里获取新知识新技能的过程,0,30
20260513-batch-real-001,Q-INST-0120,A,A,价值观错位造成的,0,10
20260513-batch-real-001,Q-INST-0120,B,B,基本需要未能得到满足造成的,0,20
20260513-batch-real-001,Q-INST-0120,C,C,消极的自我意识造成的,1,30
20260513-batch-real-001,Q-INST-0121,A,A,不应该，因为有的学员天生就是飞行的料,0,10
20260513-batch-real-001,Q-INST-0121,B,B,应该，因为学员的过分自信会导致错误,1,20
20260513-batch-real-001,Q-INST-0121,C,C,应该，如果教员不能在学员的行为中发现缺点，学员就会对教员失去信心,0,30
20260513-batch-real-001,Q-INST-0122,A,A,对学生进行分析,0,10
20260513-batch-real-001,Q-INST-0122,B,B,将所教授的知识或技能加以群集，并使之成为有意义的整体,1,20
20260513-batch-real-001,Q-INST-0122,C,C,学生对所学原理的掌握,0,30
20260513-batch-real-001,Q-INST-0123,A,A,“过滤”,1,10
20260513-batch-real-001,Q-INST-0123,B,B,“误解”,0,20
20260513-batch-real-001,Q-INST-0123,C,C,“歪曲”,0,30
20260513-batch-real-001,Q-INST-0124,A,A,对飞行仪表、飞行程序和各个飞行动作有了一定程度的了解后,1,10
20260513-batch-real-001,Q-INST-0124,B,B,注意力高度集中时,0,20
20260513-batch-real-001,Q-INST-0124,C,C,重视飞行训练时,0,30
20260513-batch-real-001,Q-INST-0125,A,A,效果律,1,10
20260513-batch-real-001,Q-INST-0125,B,B,准备律,0,20
20260513-batch-real-001,Q-INST-0125,C,C,强化律,0,30
20260513-batch-real-001,Q-INST-0126,A,A,社会性的需要,0,10
20260513-batch-real-001,Q-INST-0126,B,B,安全的需要,0,20
20260513-batch-real-001,Q-INST-0126,C,C,生理需要,1,30
20260513-batch-real-001,Q-INST-0127,A,A,以学生原有认知结构作为基础，并与当前的新知识、新信息相匹配,1,10
20260513-batch-real-001,Q-INST-0127,B,B,不考虑学生的原有认知结构，难、新知识的教学有助于使学生的认知结构建立在更高的层,0,20
20260513-batch-real-001,Q-INST-0127,C,C,以学生的原有认知结构为基础，反复强化和复习学生已经掌握的知识和技能,0,30
20260513-batch-real-001,Q-INST-0128,A,A,综合讲评必须详尽地覆盖学生操作的每一方面,1,10
20260513-batch-real-001,Q-INST-0128,B,B,教员应依靠自身所处的地位作出能为学生接受的讲评,0,20
20260513-batch-real-001,Q-INST-0128,C,C,在学生愿意接受教员的讲评之前，他们首先应接纳教员本人,0,30
20260513-batch-real-001,Q-INST-0129,A,A,示范、练习、讲评,0,10
20260513-batch-real-001,Q-INST-0129,B,B,解释、学生操作、讲评,0,20
20260513-batch-real-001,Q-INST-0129,C,C,解释、示范、学生操作、教官监督、讲评,1,30
20260513-batch-real-001,Q-INST-0130,A,A,学生所表现出的求知欲程度,0,10
20260513-batch-real-001,Q-INST-0130,B,B,教员所表达的概念与学生所接受到概念之间的相近程度,1,20
20260513-batch-real-001,Q-INST-0130,C,C,课堂上学生对教员注意的程度,0,30
20260513-batch-real-001,Q-INST-0131,A,A,机械学习,1,10
20260513-batch-real-001,Q-INST-0131,B,B,基本学习法,0,20
20260513-batch-real-001,Q-INST-0131,C,C,随机学习法,0,30
20260513-batch-real-001,Q-INST-0132,A,A,私下进行,0,10
20260513-batch-real-001,Q-INST-0132,B,B,主观而非客观地进行,0,20
20260513-batch-real-001,Q-INST-0132,C,C,在学生操作结束后立即进行,1,30
20260513-batch-real-001,Q-INST-0133,A,A,焦虑会影响学生在学习时的知觉广度,1,10
20260513-batch-real-001,Q-INST-0133,B,B,如果教员能对学生的焦虑进行适当的控制和指导，焦虑将提高学员的学习进度,0,20
20260513-batch-real-001,Q-INST-0133,C,C,焦虑将使学生的注意力分散于较大的范围内，从而干扰学生的正常反应,0,30
20260513-batch-real-001,Q-INST-0134,A,A,焦虑,1,10
20260513-batch-real-001,Q-INST-0134,B,B,急躁,0,20
20260513-batch-real-001,Q-INST-0134,C,C,身体不适,0,30
20260513-batch-real-001,Q-INST-0135,A,A,把主题材料组织成框架或教学计划,0,10
20260513-batch-real-001,Q-INST-0135,B,B,决定在课堂教学的哪一点或何时采用这些设备以便激发学生的学习兴趣,0,20
20260513-batch-real-001,Q-INST-0135,C,C,明确授课目的，并确定必须与学生交流的信息,1,30
20260513-batch-real-001,Q-INST-0136,A,A,效果律,0,10
20260513-batch-real-001,Q-INST-0136,B,B,首因律,0,20
20260513-batch-real-001,Q-INST-0136,C,C,练习律,1,30
20260513-batch-real-001,Q-INST-0137,A,A,有效的信息传递和被学生接受,1,10
20260513-batch-real-001,Q-INST-0137,B,B,学生能够重复所接收到的信息,0,20
20260513-batch-real-001,Q-INST-0137,C,C,信息以能够改变学生行为的方式进行传递,0,30
20260513-batch-real-001,Q-INST-0138,A,A,使用直观教具,0,10
20260513-batch-real-001,Q-INST-0138,B,B,学生的参与,1,20
20260513-batch-real-001,Q-INST-0138,C,C,要求作详细的笔记,0,30
20260513-batch-real-001,Q-INST-0139,A,A,选择项的号码是随机安排的,0,10
20260513-batch-real-001,Q-INST-0139,B,B,某些或所有选择都应接近正确，但只允许一项是完全正确的,1,20
20260513-batch-real-001,Q-INST-0139,C,C,用常见的错误把学生的注意力从参考答案：上分散开是无效的,0,30
20260513-batch-real-001,Q-INST-0140,A,A,提问,1,10
20260513-batch-real-001,Q-INST-0140,B,B,直观教具,0,20
20260513-batch-real-001,Q-INST-0140,C,C,消极动机,0,30
20260513-batch-real-001,Q-INST-0141,A,A,练习律,0,10
20260513-batch-real-001,Q-INST-0141,B,B,准备律,1,20
20260513-batch-real-001,Q-INST-0141,C,C,效果律,0,30
20260513-batch-real-001,Q-INST-0142,A,A,高原现象,1,10
20260513-batch-real-001,Q-INST-0142,B,B,停滞现象,0,20
20260513-batch-real-001,Q-INST-0142,C,C,起伏现象,0,30
20260513-batch-real-001,Q-INST-0143,A,A,在学生头脑中形成先入为主的印象,0,10
20260513-batch-real-001,Q-INST-0143,B,B,在学生头脑中产生不同的印象和不同的理解,1,20
20260513-batch-real-001,Q-INST-0143,C,C,不能在学生头脑中形成具有条理性的知识框架,0,30
20260513-batch-real-001,Q-INST-0144,A,A,形成牢固的目视观察和依靠飞行仪表的行为模式,1,10
20260513-batch-real-001,Q-INST-0144,B,B,区分目视飞行与仪表飞行条件下的飞行控制,0,20
20260513-batch-real-001,Q-INST-0144,C,C,养成偶尔对自己进行监控和对飞机性能进行监控的习惯,0,30
20260513-batch-real-001,Q-INST-0145,A,A,某个简单原理、程序或技能的最基本的要素,0,10
20260513-batch-real-001,Q-INST-0145,B,B,与前次课内容相衔接的新材料和新内容,0,20
20260513-batch-real-001,Q-INST-0145,C,C,每一个信息点都是训练大纲的目标所要求的,1,30
20260513-batch-real-001,Q-INST-0146,A,A,攻击,0,10
20260513-batch-real-001,Q-INST-0146,B,B,放弃,1,20
20260513-batch-real-001,Q-INST-0146,C,C,合理化,0,30
20260513-batch-real-001,Q-INST-0147,A,A,不需对否定词或短语进行强调,0,10
20260513-batch-real-001,Q-INST-0147,B,B,选项应该要求有抽象的背景知识,0,20
20260513-batch-real-001,Q-INST-0147,C,C,所有选项长度应大致相当,1,30
20260513-batch-real-001,Q-INST-0148,A,A,使每题都适用于项目的统计分析,0,10
20260513-batch-real-001,Q-INST-0148,B,B,使所有选择项的长度大致一致,0,20
20260513-batch-real-001,Q-INST-0148,C,C,编制能够吸引那些缺乏知识和理解力学生的干扰题,1,30
20260513-batch-real-001,Q-INST-0149,A,A,产生前后一致的结果,0,10
20260513-batch-real-001,Q-INST-0149,B,B,能够测试随机样本,0,20
20260513-batch-real-001,Q-INST-0149,C,C,能够测试所要测试的知识或技能,1,30
20260513-batch-real-001,Q-INST-0150,A,A,新旧知识和技能是否具有共同要素、进行了系统概括、对相互关系有所领悟,1,10
20260513-batch-real-001,Q-INST-0150,B,B,有足够的区别、学习方法得当、心理素质良好,0,20
20260513-batch-real-001,Q-INST-0150,C,C,经常进行复习、学习方法得当、对相互关系有所领悟,0,30
20260513-batch-real-001,Q-INST-0151,A,A,对所有学生都应严格按已准备好的教案进行教学，这样的效果将是最佳,0,10
20260513-batch-real-001,Q-INST-0151,B,B,教案的目的不应该指向课程的最终目标，而只应该针对本次课的目的,0,20
20260513-batch-real-001,Q-INST-0151,C,C,教案不仅有助于教员不断检查自己的教学情况，同时也有利于检查他们的学生,1,30
20260513-batch-real-001,Q-INST-0152,A,A,研究主题,0,10
20260513-batch-real-001,Q-INST-0152,B,B,确立中心思想及重点,0,20
20260513-batch-real-001,Q-INST-0152,C,C,确立目标及预期结果,1,30
20260513-batch-real-001,Q-INST-0153,A,A,测量具有前后一致的结果,1,10
20260513-batch-real-001,Q-INST-0153,B,B,能够测量出学生成绩的细微差别,0,20
20260513-batch-real-001,Q-INST-0153,C,C,能够测量出所要测量的东西,0,30
20260513-batch-real-001,Q-INST-0154,A,A,力矩会对飞机产生影响吗,1,10
20260513-batch-real-001,Q-INST-0154,B,B,力矩是怎样对飞机产生影响的,0,20
20260513-batch-real-001,Q-INST-0154,C,C,是力矩引起飞机转弯吗,0,30
20260513-batch-real-001,Q-INST-0155,A,A,发展学生的口头表达能力,0,10
20260513-batch-real-001,Q-INST-0155,B,B,对学生的知识进行评价和分级,0,20
20260513-batch-real-001,Q-INST-0155,C,C,讨论的主题有助于加强学生理解教学内容,1,30
