document_id,domain,chunk_id,doc_name,chunk_index,text_chars,created_at
doc_b05fc00e1a94,question_bank,question_bank:理论题库_旋翼无人机:q_0001:idx_0000,理论题库_旋翼无人机.txt,0,284,2026-06-06 07:24:48
doc_b05fc00e1a94,question_bank,question_bank:理论题库_旋翼无人机:q_0002:idx_0001,理论题库_旋翼无人机.txt,1,268,2026-06-06 07:24:48
doc_b05fc00e1a94,question_bank,question_bank:理论题库_旋翼无人机:q_0003:idx_0002,理论题库_旋翼无人机.txt,2,176,2026-06-06 07:24:48
doc_b05fc00e1a94,question_bank,question_bank:理论题库_旋翼无人机:q_0004:idx_0003,理论题库_旋翼无人机.txt,3,267,2026-06-06 07:24:48
doc_b05fc00e1a94,question_bank,question_bank:理论题库_旋翼无人机:q_0005:idx_0004,理论题库_旋翼无人机.txt,4,272,2026-06-06 07:24:48
doc_b05fc00e1a94,question_bank,question_bank:理论题库_旋翼无人机:q_0006:idx_0005,理论题库_旋翼无人机.txt,5,274,2026-06-06 07:24:48
doc_b05fc00e1a94,question_bank,question_bank:理论题库_旋翼无人机:q_0007:idx_0006,理论题库_旋翼无人机.txt,6,223,2026-06-06 07:24:48
doc_b05fc00e1a94,question_bank,question_bank:理论题库_旋翼无人机:q_0008:idx_0007,理论题库_旋翼无人机.txt,7,345,2026-06-06 07:24:48
doc_b05fc00e1a94,question_bank,question_bank:理论题库_旋翼无人机:q_0009:idx_0008,理论题库_旋翼无人机.txt,8,266,2026-06-06 07:24:48
doc_b05fc00e1a94,question_bank,question_bank:理论题库_旋翼无人机:q_0010:idx_0009,理论题库_旋翼无人机.txt,9,305,2026-06-06 07:24:48
doc_b05fc00e1a94,question_bank,question_bank:理论题库_旋翼无人机:q_0011:idx_0010,理论题库_旋翼无人机.txt,10,328,2026-06-06 07:24:48
doc_b05fc00e1a94,question_bank,question_bank:理论题库_旋翼无人机:q_0012:idx_0011,理论题库_旋翼无人机.txt,11,186,2026-06-06 07:24:48
doc_b05fc00e1a94,question_bank,question_bank:理论题库_旋翼无人机:q_0013:idx_0012,理论题库_旋翼无人机.txt,12,305,2026-06-06 07:24:48
doc_b05fc00e1a94,question_bank,question_bank:理论题库_旋翼无人机:q_0014:idx_0013,理论题库_旋翼无人机.txt,13,115,2026-06-06 07:24:48
doc_b05fc00e1a94,question_bank,question_bank:理论题库_旋翼无人机:q_0015:idx_0014,理论题库_旋翼无人机.txt,14,275,2026-06-06 07:24:48
doc_b05fc00e1a94,question_bank,question_bank:理论题库_旋翼无人机:q_0016:idx_0015,理论题库_旋翼无人机.txt,15,411,2026-06-06 07:24:48
doc_b05fc00e1a94,question_bank,question_bank:理论题库_旋翼无人机:q_0017:idx_0016,理论题库_旋翼无人机.txt,16,279,2026-06-06 07:24:48
doc_b05fc00e1a94,question_bank,question_bank:理论题库_旋翼无人机:q_0018:idx_0017,理论题库_旋翼无人机.txt,17,179,2026-06-06 07:24:48
doc_b05fc00e1a94,question_bank,question_bank:理论题库_旋翼无人机:q_0019:idx_0018,理论题库_旋翼无人机.txt,18,242,2026-06-06 07:24:48
doc_b05fc00e1a94,question_bank,question_bank:理论题库_旋翼无人机:q_0020:idx_0019,理论题库_旋翼无人机.txt,19,275,2026-06-06 07:24:48
doc_b05fc00e1a94,question_bank,question_bank:理论题库_旋翼无人机:q_0021:idx_0020,理论题库_旋翼无人机.txt,20,361,2026-06-06 07:24:48
doc_b05fc00e1a94,question_bank,question_bank:理论题库_旋翼无人机:q_0022:idx_0021,理论题库_旋翼无人机.txt,21,225,2026-06-06 07:24:48
doc_b05fc00e1a94,question_bank,question_bank:理论题库_旋翼无人机:q_0023:idx_0022,理论题库_旋翼无人机.txt,22,227,2026-06-06 07:24:48
doc_b05fc00e1a94,question_bank,question_bank:理论题库_旋翼无人机:q_0024:idx_0023,理论题库_旋翼无人机.txt,23,240,2026-06-06 07:24:48
doc_b05fc00e1a94,question_bank,question_bank:理论题库_旋翼无人机:q_0025:idx_0024,理论题库_旋翼无人机.txt,24,144,2026-06-06 07:24:48
doc_b05fc00e1a94,question_bank,question_bank:理论题库_旋翼无人机:q_0026:idx_0025,理论题库_旋翼无人机.txt,25,333,2026-06-06 07:24:48
doc_b05fc00e1a94,question_bank,question_bank:理论题库_旋翼无人机:q_0027:idx_0026,理论题库_旋翼无人机.txt,26,235,2026-06-06 07:24:48
doc_b05fc00e1a94,question_bank,question_bank:理论题库_旋翼无人机:q_0028:idx_0027,理论题库_旋翼无人机.txt,27,232,2026-06-06 07:24:48
doc_b05fc00e1a94,question_bank,question_bank:理论题库_旋翼无人机:q_0029:idx_0028,理论题库_旋翼无人机.txt,28,249,2026-06-06 07:24:48
doc_b05fc00e1a94,question_bank,question_bank:理论题库_旋翼无人机:q_0030:idx_0029,理论题库_旋翼无人机.txt,29,204,2026-06-06 07:24:48
doc_b05fc00e1a94,question_bank,question_bank:理论题库_旋翼无人机:q_0031:idx_0030,理论题库_旋翼无人机.txt,30,168,2026-06-06 07:24:48
doc_b05fc00e1a94,question_bank,question_bank:理论题库_旋翼无人机:q_0032:idx_0031,理论题库_旋翼无人机.txt,31,213,2026-06-06 07:24:48
doc_b05fc00e1a94,question_bank,question_bank:理论题库_旋翼无人机:q_0033:idx_0032,理论题库_旋翼无人机.txt,32,322,2026-06-06 07:24:48
doc_b05fc00e1a94,question_bank,question_bank:理论题库_旋翼无人机:q_0034:idx_0033,理论题库_旋翼无人机.txt,33,182,2026-06-06 07:24:48
doc_b05fc00e1a94,question_bank,question_bank:理论题库_旋翼无人机:q_0035:idx_0034,理论题库_旋翼无人机.txt,34,181,2026-06-06 07:24:48
doc_b05fc00e1a94,question_bank,question_bank:理论题库_旋翼无人机:q_0036:idx_0035,理论题库_旋翼无人机.txt,35,275,2026-06-06 07:24:48
doc_b05fc00e1a94,question_bank,question_bank:理论题库_旋翼无人机:q_0037:idx_0036,理论题库_旋翼无人机.txt,36,241,2026-06-06 07:24:48
doc_b05fc00e1a94,question_bank,question_bank:理论题库_旋翼无人机:q_0038:idx_0037,理论题库_旋翼无人机.txt,37,177,2026-06-06 07:24:48
doc_b05fc00e1a94,question_bank,question_bank:理论题库_旋翼无人机:q_0039:idx_0038,理论题库_旋翼无人机.txt,38,260,2026-06-06 07:24:48
doc_b05fc00e1a94,question_bank,question_bank:理论题库_旋翼无人机:q_0040:idx_0039,理论题库_旋翼无人机.txt,39,255,2026-06-06 07:24:48
doc_b05fc00e1a94,question_bank,question_bank:理论题库_旋翼无人机:q_0041:idx_0040,理论题库_旋翼无人机.txt,40,156,2026-06-06 07:24:48
doc_b05fc00e1a94,question_bank,question_bank:理论题库_旋翼无人机:q_0042:idx_0041,理论题库_旋翼无人机.txt,41,249,2026-06-06 07:24:48
doc_b05fc00e1a94,question_bank,question_bank:理论题库_旋翼无人机:q_0043:idx_0042,理论题库_旋翼无人机.txt,42,138,2026-06-06 07:24:48
doc_b05fc00e1a94,question_bank,question_bank:理论题库_旋翼无人机:q_0044:idx_0043,理论题库_旋翼无人机.txt,43,218,2026-06-06 07:24:48
doc_b05fc00e1a94,question_bank,question_bank:理论题库_旋翼无人机:q_0045:idx_0044,理论题库_旋翼无人机.txt,44,238,2026-06-06 07:24:48
doc_b05fc00e1a94,question_bank,question_bank:理论题库_旋翼无人机:q_0046:idx_0045,理论题库_旋翼无人机.txt,45,270,2026-06-06 07:24:48
doc_b05fc00e1a94,question_bank,question_bank:理论题库_旋翼无人机:q_0047:idx_0046,理论题库_旋翼无人机.txt,46,148,2026-06-06 07:24:48
doc_b05fc00e1a94,question_bank,question_bank:理论题库_旋翼无人机:q_0048:idx_0047,理论题库_旋翼无人机.txt,47,250,2026-06-06 07:24:48
doc_b05fc00e1a94,question_bank,question_bank:理论题库_旋翼无人机:q_0049:idx_0048,理论题库_旋翼无人机.txt,48,152,2026-06-06 07:24:48
doc_b05fc00e1a94,question_bank,question_bank:理论题库_旋翼无人机:q_0050:idx_0049,理论题库_旋翼无人机.txt,49,214,2026-06-06 07:24:48
doc_b05fc00e1a94,question_bank,question_bank:理论题库_旋翼无人机:q_0051:idx_0050,理论题库_旋翼无人机.txt,50,301,2026-06-06 07:24:48
doc_b05fc00e1a94,question_bank,question_bank:理论题库_旋翼无人机:q_0052:idx_0051,理论题库_旋翼无人机.txt,51,221,2026-06-06 07:24:48
doc_b05fc00e1a94,question_bank,question_bank:理论题库_旋翼无人机:q_0053:idx_0052,理论题库_旋翼无人机.txt,52,258,2026-06-06 07:24:48
doc_b05fc00e1a94,question_bank,question_bank:理论题库_旋翼无人机:q_0054:idx_0053,理论题库_旋翼无人机.txt,53,288,2026-06-06 07:24:48
doc_b05fc00e1a94,question_bank,question_bank:理论题库_旋翼无人机:q_0055:idx_0054,理论题库_旋翼无人机.txt,54,285,2026-06-06 07:24:48
doc_b05fc00e1a94,question_bank,question_bank:理论题库_旋翼无人机:q_0056:idx_0055,理论题库_旋翼无人机.txt,55,182,2026-06-06 07:24:48
doc_b05fc00e1a94,question_bank,question_bank:理论题库_旋翼无人机:q_0057:idx_0056,理论题库_旋翼无人机.txt,56,211,2026-06-06 07:24:48
doc_b05fc00e1a94,question_bank,question_bank:理论题库_旋翼无人机:q_0058:idx_0057,理论题库_旋翼无人机.txt,57,270,2026-06-06 07:24:48
doc_b05fc00e1a94,question_bank,question_bank:理论题库_旋翼无人机:q_0059:idx_0058,理论题库_旋翼无人机.txt,58,142,2026-06-06 07:24:48
doc_b05fc00e1a94,question_bank,question_bank:理论题库_旋翼无人机:q_0060:idx_0059,理论题库_旋翼无人机.txt,59,91,2026-06-06 07:24:48
doc_b05fc00e1a94,question_bank,question_bank:理论题库_旋翼无人机:q_0061:idx_0060,理论题库_旋翼无人机.txt,60,254,2026-06-06 07:24:48
doc_b05fc00e1a94,question_bank,question_bank:理论题库_旋翼无人机:q_0062:idx_0061,理论题库_旋翼无人机.txt,61,231,2026-06-06 07:24:48
doc_b05fc00e1a94,question_bank,question_bank:理论题库_旋翼无人机:q_0063:idx_0062,理论题库_旋翼无人机.txt,62,244,2026-06-06 07:24:48
doc_b05fc00e1a94,question_bank,question_bank:理论题库_旋翼无人机:q_0064:idx_0063,理论题库_旋翼无人机.txt,63,310,2026-06-06 07:24:48
doc_b05fc00e1a94,question_bank,question_bank:理论题库_旋翼无人机:q_0065:idx_0064,理论题库_旋翼无人机.txt,64,172,2026-06-06 07:24:48
doc_b05fc00e1a94,question_bank,question_bank:理论题库_旋翼无人机:q_0066:idx_0065,理论题库_旋翼无人机.txt,65,153,2026-06-06 07:24:48
doc_b05fc00e1a94,question_bank,question_bank:理论题库_旋翼无人机:q_0067:idx_0066,理论题库_旋翼无人机.txt,66,288,2026-06-06 07:24:48
doc_b05fc00e1a94,question_bank,question_bank:理论题库_旋翼无人机:q_0068:idx_0067,理论题库_旋翼无人机.txt,67,309,2026-06-06 07:24:48
doc_b05fc00e1a94,question_bank,question_bank:理论题库_旋翼无人机:q_0069:idx_0068,理论题库_旋翼无人机.txt,68,221,2026-06-06 07:24:48
doc_b05fc00e1a94,question_bank,question_bank:理论题库_旋翼无人机:q_0070:idx_0069,理论题库_旋翼无人机.txt,69,307,2026-06-06 07:24:48
doc_b05fc00e1a94,question_bank,question_bank:理论题库_旋翼无人机:q_0071:idx_0070,理论题库_旋翼无人机.txt,70,255,2026-06-06 07:24:48
doc_b05fc00e1a94,question_bank,question_bank:理论题库_旋翼无人机:q_0072:idx_0071,理论题库_旋翼无人机.txt,71,239,2026-06-06 07:24:48
doc_b05fc00e1a94,question_bank,question_bank:理论题库_旋翼无人机:q_0073:idx_0072,理论题库_旋翼无人机.txt,72,225,2026-06-06 07:24:48
doc_b05fc00e1a94,question_bank,question_bank:理论题库_旋翼无人机:q_0074:idx_0073,理论题库_旋翼无人机.txt,73,279,2026-06-06 07:24:48
doc_b05fc00e1a94,question_bank,question_bank:理论题库_旋翼无人机:q_0075:idx_0074,理论题库_旋翼无人机.txt,74,135,2026-06-06 07:24:48
doc_b05fc00e1a94,question_bank,question_bank:理论题库_旋翼无人机:q_0076:idx_0075,理论题库_旋翼无人机.txt,75,188,2026-06-06 07:24:48
doc_b05fc00e1a94,question_bank,question_bank:理论题库_旋翼无人机:q_0077:idx_0076,理论题库_旋翼无人机.txt,76,103,2026-06-06 07:24:48
doc_f0e848f64804,question_bank,question_bank:理论题库_无人机任务规划:q_0001:idx_0000,理论题库_无人机任务规划.txt,0,301,2026-06-06 07:24:48
doc_f0e848f64804,question_bank,question_bank:理论题库_无人机任务规划:q_0002:idx_0001,理论题库_无人机任务规划.txt,1,185,2026-06-06 07:24:48
doc_f0e848f64804,question_bank,question_bank:理论题库_无人机任务规划:q_0003:idx_0002,理论题库_无人机任务规划.txt,2,442,2026-06-06 07:24:48
doc_f0e848f64804,question_bank,question_bank:理论题库_无人机任务规划:q_0004:idx_0003,理论题库_无人机任务规划.txt,3,225,2026-06-06 07:24:48
doc_f0e848f64804,question_bank,question_bank:理论题库_无人机任务规划:q_0005:idx_0004,理论题库_无人机任务规划.txt,4,267,2026-06-06 07:24:48
doc_f0e848f64804,question_bank,question_bank:理论题库_无人机任务规划:q_0006:idx_0005,理论题库_无人机任务规划.txt,5,230,2026-06-06 07:24:48
doc_f0e848f64804,question_bank,question_bank:理论题库_无人机任务规划:q_0007:idx_0006,理论题库_无人机任务规划.txt,6,375,2026-06-06 07:24:48
doc_f0e848f64804,question_bank,question_bank:理论题库_无人机任务规划:q_0008:idx_0007,理论题库_无人机任务规划.txt,7,233,2026-06-06 07:24:48
doc_f0e848f64804,question_bank,question_bank:理论题库_无人机任务规划:q_0009:idx_0008,理论题库_无人机任务规划.txt,8,97,2026-06-06 07:24:48
doc_f0e848f64804,question_bank,question_bank:理论题库_无人机任务规划:q_0010:idx_0009,理论题库_无人机任务规划.txt,9,220,2026-06-06 07:24:48
doc_f0e848f64804,question_bank,question_bank:理论题库_无人机任务规划:q_0011:idx_0010,理论题库_无人机任务规划.txt,10,183,2026-06-06 07:24:48
doc_f0e848f64804,question_bank,question_bank:理论题库_无人机任务规划:q_0012:idx_0011,理论题库_无人机任务规划.txt,11,256,2026-06-06 07:24:48
doc_f0e848f64804,question_bank,question_bank:理论题库_无人机任务规划:q_0013:idx_0012,理论题库_无人机任务规划.txt,12,316,2026-06-06 07:24:48
doc_f0e848f64804,question_bank,question_bank:理论题库_无人机任务规划:q_0014:idx_0013,理论题库_无人机任务规划.txt,13,383,2026-06-06 07:24:48
doc_f0e848f64804,question_bank,question_bank:理论题库_无人机任务规划:q_0015:idx_0014,理论题库_无人机任务规划.txt,14,290,2026-06-06 07:24:48
doc_f0e848f64804,question_bank,question_bank:理论题库_无人机任务规划:q_0016:idx_0015,理论题库_无人机任务规划.txt,15,194,2026-06-06 07:24:48
doc_f0e848f64804,question_bank,question_bank:理论题库_无人机任务规划:q_0017:idx_0016,理论题库_无人机任务规划.txt,16,231,2026-06-06 07:24:48
doc_f0e848f64804,question_bank,question_bank:理论题库_无人机任务规划:q_0018:idx_0017,理论题库_无人机任务规划.txt,17,208,2026-06-06 07:24:48
doc_f0e848f64804,question_bank,question_bank:理论题库_无人机任务规划:q_0019:idx_0018,理论题库_无人机任务规划.txt,18,130,2026-06-06 07:24:48
doc_f0e848f64804,question_bank,question_bank:理论题库_无人机任务规划:q_0020:idx_0019,理论题库_无人机任务规划.txt,19,275,2026-06-06 07:24:48
doc_f0e848f64804,question_bank,question_bank:理论题库_无人机任务规划:q_0021:idx_0020,理论题库_无人机任务规划.txt,20,314,2026-06-06 07:24:48
doc_f0e848f64804,question_bank,question_bank:理论题库_无人机任务规划:q_0022:idx_0021,理论题库_无人机任务规划.txt,21,193,2026-06-06 07:24:48
doc_f0e848f64804,question_bank,question_bank:理论题库_无人机任务规划:q_0023:idx_0022,理论题库_无人机任务规划.txt,22,232,2026-06-06 07:24:48
doc_f0e848f64804,question_bank,question_bank:理论题库_无人机任务规划:q_0024:idx_0023,理论题库_无人机任务规划.txt,23,242,2026-06-06 07:24:48
doc_f0e848f64804,question_bank,question_bank:理论题库_无人机任务规划:q_0025:idx_0024,理论题库_无人机任务规划.txt,24,127,2026-06-06 07:24:48
doc_f0e848f64804,question_bank,question_bank:理论题库_无人机任务规划:q_0026:idx_0025,理论题库_无人机任务规划.txt,25,184,2026-06-06 07:24:48
doc_f0e848f64804,question_bank,question_bank:理论题库_无人机任务规划:q_0027:idx_0026,理论题库_无人机任务规划.txt,26,165,2026-06-06 07:24:48
doc_f0e848f64804,question_bank,question_bank:理论题库_无人机任务规划:q_0028:idx_0027,理论题库_无人机任务规划.txt,27,121,2026-06-06 07:24:48
doc_f0e848f64804,question_bank,question_bank:理论题库_无人机任务规划:q_0029:idx_0028,理论题库_无人机任务规划.txt,28,175,2026-06-06 07:24:48
doc_f0e848f64804,question_bank,question_bank:理论题库_无人机任务规划:q_0030:idx_0029,理论题库_无人机任务规划.txt,29,203,2026-06-06 07:24:48
doc_f0e848f64804,question_bank,question_bank:理论题库_无人机任务规划:q_0031:idx_0030,理论题库_无人机任务规划.txt,30,195,2026-06-06 07:24:48
doc_f0e848f64804,question_bank,question_bank:理论题库_无人机任务规划:q_0032:idx_0031,理论题库_无人机任务规划.txt,31,262,2026-06-06 07:24:48
doc_f0e848f64804,question_bank,question_bank:理论题库_无人机任务规划:q_0033:idx_0032,理论题库_无人机任务规划.txt,32,313,2026-06-06 07:24:48
doc_f0e848f64804,question_bank,question_bank:理论题库_无人机任务规划:q_0034:idx_0033,理论题库_无人机任务规划.txt,33,292,2026-06-06 07:24:48
doc_f0e848f64804,question_bank,question_bank:理论题库_无人机任务规划:q_0035:idx_0034,理论题库_无人机任务规划.txt,34,188,2026-06-06 07:24:48
doc_f0e848f64804,question_bank,question_bank:理论题库_无人机任务规划:q_0036:idx_0035,理论题库_无人机任务规划.txt,35,173,2026-06-06 07:24:48
doc_f0e848f64804,question_bank,question_bank:理论题库_无人机任务规划:q_0037:idx_0036,理论题库_无人机任务规划.txt,36,157,2026-06-06 07:24:48
doc_f0e848f64804,question_bank,question_bank:理论题库_无人机任务规划:q_0038:idx_0037,理论题库_无人机任务规划.txt,37,162,2026-06-06 07:24:48
doc_f0e848f64804,question_bank,question_bank:理论题库_无人机任务规划:q_0039:idx_0038,理论题库_无人机任务规划.txt,38,162,2026-06-06 07:24:48
doc_f0e848f64804,question_bank,question_bank:理论题库_无人机任务规划:q_0040:idx_0039,理论题库_无人机任务规划.txt,39,222,2026-06-06 07:24:48
doc_f0e848f64804,question_bank,question_bank:理论题库_无人机任务规划:q_0042:idx_0040,理论题库_无人机任务规划.txt,40,165,2026-06-06 07:24:48
doc_f0e848f64804,question_bank,question_bank:理论题库_无人机任务规划:q_0043:idx_0041,理论题库_无人机任务规划.txt,41,120,2026-06-06 07:24:48
doc_f0e848f64804,question_bank,question_bank:理论题库_无人机任务规划:q_0044:idx_0042,理论题库_无人机任务规划.txt,42,189,2026-06-06 07:24:48
doc_f0e848f64804,question_bank,question_bank:理论题库_无人机任务规划:q_0045:idx_0043,理论题库_无人机任务规划.txt,43,98,2026-06-06 07:24:48
doc_f0e848f64804,question_bank,question_bank:理论题库_无人机任务规划:q_0046:idx_0044,理论题库_无人机任务规划.txt,44,86,2026-06-06 07:24:48
doc_f0e848f64804,question_bank,question_bank:理论题库_无人机任务规划:q_0047:idx_0045,理论题库_无人机任务规划.txt,45,115,2026-06-06 07:24:48
doc_f0e848f64804,question_bank,question_bank:理论题库_无人机任务规划:q_0048:idx_0046,理论题库_无人机任务规划.txt,46,122,2026-06-06 07:24:48
doc_f0e848f64804,question_bank,question_bank:理论题库_无人机任务规划:q_0049:idx_0047,理论题库_无人机任务规划.txt,47,173,2026-06-06 07:24:48
doc_f0e848f64804,question_bank,question_bank:理论题库_无人机任务规划:q_0050:idx_0048,理论题库_无人机任务规划.txt,48,80,2026-06-06 07:24:48
doc_f0e848f64804,question_bank,question_bank:理论题库_无人机任务规划:q_0051:idx_0049,理论题库_无人机任务规划.txt,49,223,2026-06-06 07:24:48
doc_f0e848f64804,question_bank,question_bank:理论题库_无人机任务规划:q_0052:idx_0050,理论题库_无人机任务规划.txt,50,225,2026-06-06 07:24:48
doc_f0e848f64804,question_bank,question_bank:理论题库_无人机任务规划:q_0053:idx_0051,理论题库_无人机任务规划.txt,51,327,2026-06-06 07:24:48
doc_f0e848f64804,question_bank,question_bank:理论题库_无人机任务规划:q_0054:idx_0052,理论题库_无人机任务规划.txt,52,260,2026-06-06 07:24:48
doc_f0e848f64804,question_bank,question_bank:理论题库_无人机任务规划:q_0055:idx_0053,理论题库_无人机任务规划.txt,53,305,2026-06-06 07:24:48
doc_f0e848f64804,question_bank,question_bank:理论题库_无人机任务规划:q_0056:idx_0054,理论题库_无人机任务规划.txt,54,201,2026-06-06 07:24:48
doc_f0e848f64804,question_bank,question_bank:理论题库_无人机任务规划:q_0057:idx_0055,理论题库_无人机任务规划.txt,55,180,2026-06-06 07:24:48
doc_f0e848f64804,question_bank,question_bank:理论题库_无人机任务规划:q_0058:idx_0056,理论题库_无人机任务规划.txt,56,73,2026-06-06 07:24:48
doc_f0e848f64804,question_bank,question_bank:理论题库_无人机任务规划:q_0059:idx_0057,理论题库_无人机任务规划.txt,57,85,2026-06-06 07:24:48
doc_f0e848f64804,question_bank,question_bank:理论题库_无人机任务规划:q_0060:idx_0058,理论题库_无人机任务规划.txt,58,101,2026-06-06 07:24:48
doc_f0e848f64804,question_bank,question_bank:理论题库_无人机任务规划:q_0061:idx_0059,理论题库_无人机任务规划.txt,59,81,2026-06-06 07:24:48
doc_f0e848f64804,question_bank,question_bank:理论题库_无人机任务规划:q_0062:idx_0060,理论题库_无人机任务规划.txt,60,136,2026-06-06 07:24:48
doc_f0e848f64804,question_bank,question_bank:理论题库_无人机任务规划:q_0063:idx_0061,理论题库_无人机任务规划.txt,61,317,2026-06-06 07:24:48
doc_f0e848f64804,question_bank,question_bank:理论题库_无人机任务规划:q_0064:idx_0062,理论题库_无人机任务规划.txt,62,94,2026-06-06 07:24:48
doc_f0e848f64804,question_bank,question_bank:理论题库_无人机任务规划:q_0065:idx_0063,理论题库_无人机任务规划.txt,63,146,2026-06-06 07:24:48
doc_f0e848f64804,question_bank,question_bank:理论题库_无人机任务规划:q_0066:idx_0064,理论题库_无人机任务规划.txt,64,103,2026-06-06 07:24:48
doc_f0e848f64804,question_bank,question_bank:理论题库_无人机任务规划:q_0067:idx_0065,理论题库_无人机任务规划.txt,65,218,2026-06-06 07:24:48
doc_f0e848f64804,question_bank,question_bank:理论题库_无人机任务规划:q_0068:idx_0066,理论题库_无人机任务规划.txt,66,119,2026-06-06 07:24:48
doc_f0e848f64804,question_bank,question_bank:理论题库_无人机任务规划:q_0069:idx_0067,理论题库_无人机任务规划.txt,67,313,2026-06-06 07:24:48
doc_f0e848f64804,question_bank,question_bank:理论题库_无人机任务规划:q_0070:idx_0068,理论题库_无人机任务规划.txt,68,293,2026-06-06 07:24:48
doc_f0e848f64804,question_bank,question_bank:理论题库_无人机任务规划:q_0072:idx_0069,理论题库_无人机任务规划.txt,69,165,2026-06-06 07:24:48
doc_f0e848f64804,question_bank,question_bank:理论题库_无人机任务规划:q_0073:idx_0070,理论题库_无人机任务规划.txt,70,283,2026-06-06 07:24:48
doc_f0e848f64804,question_bank,question_bank:理论题库_无人机任务规划:q_0074:idx_0071,理论题库_无人机任务规划.txt,71,210,2026-06-06 07:24:48
doc_f0e848f64804,question_bank,question_bank:理论题库_无人机任务规划:q_0001:idx_0072,理论题库_无人机任务规划.txt,72,114,2026-06-06 07:24:48
doc_9fe52a2ecb90,question_bank,question_bank:理论题库_无人机操作注意事项:q_0001:idx_0000,理论题库_无人机操作注意事项.txt,0,338,2026-06-06 07:24:48
doc_9fe52a2ecb90,question_bank,question_bank:理论题库_无人机操作注意事项:q_0002:idx_0001,理论题库_无人机操作注意事项.txt,1,246,2026-06-06 07:24:48
doc_9fe52a2ecb90,question_bank,question_bank:理论题库_无人机操作注意事项:q_0003:idx_0002,理论题库_无人机操作注意事项.txt,2,166,2026-06-06 07:24:48
doc_9fe52a2ecb90,question_bank,question_bank:理论题库_无人机操作注意事项:q_0004:idx_0003,理论题库_无人机操作注意事项.txt,3,174,2026-06-06 07:24:48
doc_9fe52a2ecb90,question_bank,question_bank:理论题库_无人机操作注意事项:q_0005:idx_0004,理论题库_无人机操作注意事项.txt,4,320,2026-06-06 07:24:48
doc_9fe52a2ecb90,question_bank,question_bank:理论题库_无人机操作注意事项:q_0006:idx_0005,理论题库_无人机操作注意事项.txt,5,167,2026-06-06 07:24:48
doc_9fe52a2ecb90,question_bank,question_bank:理论题库_无人机操作注意事项:q_0007:idx_0006,理论题库_无人机操作注意事项.txt,6,260,2026-06-06 07:24:48
doc_9fe52a2ecb90,question_bank,question_bank:理论题库_无人机操作注意事项:q_0008:idx_0007,理论题库_无人机操作注意事项.txt,7,234,2026-06-06 07:24:48
doc_9fe52a2ecb90,question_bank,question_bank:理论题库_无人机操作注意事项:q_0009:idx_0008,理论题库_无人机操作注意事项.txt,8,199,2026-06-06 07:24:48
doc_9fe52a2ecb90,question_bank,question_bank:理论题库_无人机操作注意事项:q_0010:idx_0009,理论题库_无人机操作注意事项.txt,9,226,2026-06-06 07:24:48
doc_9fe52a2ecb90,question_bank,question_bank:理论题库_无人机操作注意事项:q_0012:idx_0010,理论题库_无人机操作注意事项.txt,10,266,2026-06-06 07:24:48
doc_9fe52a2ecb90,question_bank,question_bank:理论题库_无人机操作注意事项:q_0013:idx_0011,理论题库_无人机操作注意事项.txt,11,195,2026-06-06 07:24:48
doc_9fe52a2ecb90,question_bank,question_bank:理论题库_无人机操作注意事项:q_0014:idx_0012,理论题库_无人机操作注意事项.txt,12,129,2026-06-06 07:24:48
doc_9fe52a2ecb90,question_bank,question_bank:理论题库_无人机操作注意事项:q_0015:idx_0013,理论题库_无人机操作注意事项.txt,13,280,2026-06-06 07:24:48
doc_9fe52a2ecb90,question_bank,question_bank:理论题库_无人机操作注意事项:q_0016:idx_0014,理论题库_无人机操作注意事项.txt,14,269,2026-06-06 07:24:48
doc_9fe52a2ecb90,question_bank,question_bank:理论题库_无人机操作注意事项:q_0017:idx_0015,理论题库_无人机操作注意事项.txt,15,246,2026-06-06 07:24:48
doc_9fe52a2ecb90,question_bank,question_bank:理论题库_无人机操作注意事项:q_0018:idx_0016,理论题库_无人机操作注意事项.txt,16,285,2026-06-06 07:24:48
doc_9fe52a2ecb90,question_bank,question_bank:理论题库_无人机操作注意事项:q_0019:idx_0017,理论题库_无人机操作注意事项.txt,17,241,2026-06-06 07:24:48
doc_9fe52a2ecb90,question_bank,question_bank:理论题库_无人机操作注意事项:q_0020:idx_0018,理论题库_无人机操作注意事项.txt,18,447,2026-06-06 07:24:48
doc_9fe52a2ecb90,question_bank,question_bank:理论题库_无人机操作注意事项:q_0022:idx_0019,理论题库_无人机操作注意事项.txt,19,424,2026-06-06 07:24:48
doc_9fe52a2ecb90,question_bank,question_bank:理论题库_无人机操作注意事项:q_0024:idx_0020,理论题库_无人机操作注意事项.txt,20,299,2026-06-06 07:24:48
doc_9fe52a2ecb90,question_bank,question_bank:理论题库_无人机操作注意事项:q_0025:idx_0021,理论题库_无人机操作注意事项.txt,21,69,2026-06-06 07:24:48
doc_9fe52a2ecb90,question_bank,question_bank:理论题库_无人机操作注意事项:q_0026:idx_0022,理论题库_无人机操作注意事项.txt,22,212,2026-06-06 07:24:48
doc_9fe52a2ecb90,question_bank,question_bank:理论题库_无人机操作注意事项:q_0027:idx_0023,理论题库_无人机操作注意事项.txt,23,288,2026-06-06 07:24:48
doc_9fe52a2ecb90,question_bank,question_bank:理论题库_无人机操作注意事项:q_0028:idx_0024,理论题库_无人机操作注意事项.txt,24,200,2026-06-06 07:24:48
doc_9fe52a2ecb90,question_bank,question_bank:理论题库_无人机操作注意事项:q_0029:idx_0025,理论题库_无人机操作注意事项.txt,25,234,2026-06-06 07:24:48
doc_9fe52a2ecb90,question_bank,question_bank:理论题库_无人机操作注意事项:q_0030:idx_0026,理论题库_无人机操作注意事项.txt,26,398,2026-06-06 07:24:48
doc_9fe52a2ecb90,question_bank,question_bank:理论题库_无人机操作注意事项:q_0032:idx_0027,理论题库_无人机操作注意事项.txt,27,232,2026-06-06 07:24:48
doc_9fe52a2ecb90,question_bank,question_bank:理论题库_无人机操作注意事项:q_0033:idx_0028,理论题库_无人机操作注意事项.txt,28,224,2026-06-06 07:24:48
doc_9fe52a2ecb90,question_bank,question_bank:理论题库_无人机操作注意事项:q_0034:idx_0029,理论题库_无人机操作注意事项.txt,29,386,2026-06-06 07:24:48
doc_9fe52a2ecb90,question_bank,question_bank:理论题库_无人机操作注意事项:q_0035:idx_0030,理论题库_无人机操作注意事项.txt,30,334,2026-06-06 07:24:48
doc_9fe52a2ecb90,question_bank,question_bank:理论题库_无人机操作注意事项:q_0036:idx_0031,理论题库_无人机操作注意事项.txt,31,250,2026-06-06 07:24:48
doc_9fe52a2ecb90,question_bank,question_bank:理论题库_无人机操作注意事项:q_0037:idx_0032,理论题库_无人机操作注意事项.txt,32,223,2026-06-06 07:24:48
doc_9fe52a2ecb90,question_bank,question_bank:理论题库_无人机操作注意事项:q_0038:idx_0033,理论题库_无人机操作注意事项.txt,33,205,2026-06-06 07:24:48
doc_9fe52a2ecb90,question_bank,question_bank:理论题库_无人机操作注意事项:q_0039:idx_0034,理论题库_无人机操作注意事项.txt,34,219,2026-06-06 07:24:48
doc_9fe52a2ecb90,question_bank,question_bank:理论题库_无人机操作注意事项:q_0040:idx_0035,理论题库_无人机操作注意事项.txt,35,245,2026-06-06 07:24:48
doc_9fe52a2ecb90,question_bank,question_bank:理论题库_无人机操作注意事项:q_0041:idx_0036,理论题库_无人机操作注意事项.txt,36,260,2026-06-06 07:24:48
doc_9fe52a2ecb90,question_bank,question_bank:理论题库_无人机操作注意事项:q_0042:idx_0037,理论题库_无人机操作注意事项.txt,37,110,2026-06-06 07:24:48
doc_9fe52a2ecb90,question_bank,question_bank:理论题库_无人机操作注意事项:q_0043:idx_0038,理论题库_无人机操作注意事项.txt,38,139,2026-06-06 07:24:48
doc_9fe52a2ecb90,question_bank,question_bank:理论题库_无人机操作注意事项:q_0044:idx_0039,理论题库_无人机操作注意事项.txt,39,206,2026-06-06 07:24:48
doc_9fe52a2ecb90,question_bank,question_bank:理论题库_无人机操作注意事项:q_0045:idx_0040,理论题库_无人机操作注意事项.txt,40,203,2026-06-06 07:24:48
doc_9fe52a2ecb90,question_bank,question_bank:理论题库_无人机操作注意事项:q_0046:idx_0041,理论题库_无人机操作注意事项.txt,41,165,2026-06-06 07:24:48
doc_9fe52a2ecb90,question_bank,question_bank:理论题库_无人机操作注意事项:q_0047:idx_0042,理论题库_无人机操作注意事项.txt,42,346,2026-06-06 07:24:48
doc_9fe52a2ecb90,question_bank,question_bank:理论题库_无人机操作注意事项:q_0048:idx_0043,理论题库_无人机操作注意事项.txt,43,224,2026-06-06 07:24:48
doc_9fe52a2ecb90,question_bank,question_bank:理论题库_无人机操作注意事项:q_0049:idx_0044,理论题库_无人机操作注意事项.txt,44,204,2026-06-06 07:24:48
doc_9fe52a2ecb90,question_bank,question_bank:理论题库_无人机操作注意事项:q_0050:idx_0045,理论题库_无人机操作注意事项.txt,45,236,2026-06-06 07:24:48
doc_9fe52a2ecb90,question_bank,question_bank:理论题库_无人机操作注意事项:q_0051:idx_0046,理论题库_无人机操作注意事项.txt,46,176,2026-06-06 07:24:48
doc_9fe52a2ecb90,question_bank,question_bank:理论题库_无人机操作注意事项:q_0052:idx_0047,理论题库_无人机操作注意事项.txt,47,268,2026-06-06 07:24:48
doc_9fe52a2ecb90,question_bank,question_bank:理论题库_无人机操作注意事项:q_0053:idx_0048,理论题库_无人机操作注意事项.txt,48,386,2026-06-06 07:24:48
doc_9fe52a2ecb90,question_bank,question_bank:理论题库_无人机操作注意事项:q_0054:idx_0049,理论题库_无人机操作注意事项.txt,49,217,2026-06-06 07:24:48
doc_9fe52a2ecb90,question_bank,question_bank:理论题库_无人机操作注意事项:q_0055:idx_0050,理论题库_无人机操作注意事项.txt,50,295,2026-06-06 07:24:48
doc_9fe52a2ecb90,question_bank,question_bank:理论题库_无人机操作注意事项:q_0057:idx_0051,理论题库_无人机操作注意事项.txt,51,286,2026-06-06 07:24:48
doc_9fe52a2ecb90,question_bank,question_bank:理论题库_无人机操作注意事项:q_0058:idx_0052,理论题库_无人机操作注意事项.txt,52,259,2026-06-06 07:24:48
doc_9fe52a2ecb90,question_bank,question_bank:理论题库_无人机操作注意事项:q_0059:idx_0053,理论题库_无人机操作注意事项.txt,53,232,2026-06-06 07:24:48
doc_9fe52a2ecb90,question_bank,question_bank:理论题库_无人机操作注意事项:q_0060:idx_0054,理论题库_无人机操作注意事项.txt,54,353,2026-06-06 07:24:48
doc_9fe52a2ecb90,question_bank,question_bank:理论题库_无人机操作注意事项:q_0062:idx_0055,理论题库_无人机操作注意事项.txt,55,147,2026-06-06 07:24:48
doc_9fe52a2ecb90,question_bank,question_bank:理论题库_无人机操作注意事项:q_0063:idx_0056,理论题库_无人机操作注意事项.txt,56,194,2026-06-06 07:24:48
doc_9fe52a2ecb90,question_bank,question_bank:理论题库_无人机操作注意事项:q_0064:idx_0057,理论题库_无人机操作注意事项.txt,57,184,2026-06-06 07:24:48
doc_9fe52a2ecb90,question_bank,question_bank:理论题库_无人机操作注意事项:q_0065:idx_0058,理论题库_无人机操作注意事项.txt,58,272,2026-06-06 07:24:48
doc_9fe52a2ecb90,question_bank,question_bank:理论题库_无人机操作注意事项:q_0066:idx_0059,理论题库_无人机操作注意事项.txt,59,292,2026-06-06 07:24:48
doc_9fe52a2ecb90,question_bank,question_bank:理论题库_无人机操作注意事项:q_0067:idx_0060,理论题库_无人机操作注意事项.txt,60,182,2026-06-06 07:24:48
doc_9fe52a2ecb90,question_bank,question_bank:理论题库_无人机操作注意事项:q_0068:idx_0061,理论题库_无人机操作注意事项.txt,61,240,2026-06-06 07:24:48
doc_9fe52a2ecb90,question_bank,question_bank:理论题库_无人机操作注意事项:q_0069:idx_0062,理论题库_无人机操作注意事项.txt,62,170,2026-06-06 07:24:48
doc_9fe52a2ecb90,question_bank,question_bank:理论题库_无人机操作注意事项:q_0070:idx_0063,理论题库_无人机操作注意事项.txt,63,203,2026-06-06 07:24:48
doc_9fe52a2ecb90,question_bank,question_bank:理论题库_无人机操作注意事项:q_0071:idx_0064,理论题库_无人机操作注意事项.txt,64,217,2026-06-06 07:24:48
doc_9fe52a2ecb90,question_bank,question_bank:理论题库_无人机操作注意事项:q_0072:idx_0065,理论题库_无人机操作注意事项.txt,65,205,2026-06-06 07:24:48
doc_9fe52a2ecb90,question_bank,question_bank:理论题库_无人机操作注意事项:q_0073:idx_0066,理论题库_无人机操作注意事项.txt,66,219,2026-06-06 07:24:48
doc_9fe52a2ecb90,question_bank,question_bank:理论题库_无人机操作注意事项:q_0074:idx_0067,理论题库_无人机操作注意事项.txt,67,185,2026-06-06 07:24:48
doc_9fe52a2ecb90,question_bank,question_bank:理论题库_无人机操作注意事项:q_0075:idx_0068,理论题库_无人机操作注意事项.txt,68,155,2026-06-06 07:24:48
doc_9fe52a2ecb90,question_bank,question_bank:理论题库_无人机操作注意事项:q_0076:idx_0069,理论题库_无人机操作注意事项.txt,69,199,2026-06-06 07:24:48
doc_9fe52a2ecb90,question_bank,question_bank:理论题库_无人机操作注意事项:q_0077:idx_0070,理论题库_无人机操作注意事项.txt,70,169,2026-06-06 07:24:48
doc_9fe52a2ecb90,question_bank,question_bank:理论题库_无人机操作注意事项:q_0078:idx_0071,理论题库_无人机操作注意事项.txt,71,161,2026-06-06 07:24:48
doc_9fe52a2ecb90,question_bank,question_bank:理论题库_无人机操作注意事项:q_0079:idx_0072,理论题库_无人机操作注意事项.txt,72,268,2026-06-06 07:24:48
doc_9fe52a2ecb90,question_bank,question_bank:理论题库_无人机操作注意事项:q_0001:idx_0073,理论题库_无人机操作注意事项.txt,73,117,2026-06-06 07:24:48
doc_9fe52a2ecb90,question_bank,question_bank:理论题库_无人机操作注意事项:q_0002:idx_0074,理论题库_无人机操作注意事项.txt,74,151,2026-06-06 07:24:48
doc_9fe52a2ecb90,question_bank,question_bank:理论题库_无人机操作注意事项:q_0003:idx_0075,理论题库_无人机操作注意事项.txt,75,141,2026-06-06 07:24:48
doc_8ee36f893ed2,question_bank,question_bank:理论题库_无人机教员题库:q_0001:idx_0000,理论题库_无人机教员题库.txt,0,88,2026-06-06 07:24:48
doc_8ee36f893ed2,question_bank,question_bank:理论题库_无人机教员题库:q_0002:idx_0001,理论题库_无人机教员题库.txt,1,88,2026-06-06 07:24:48
doc_8ee36f893ed2,question_bank,question_bank:理论题库_无人机教员题库:q_0003:idx_0002,理论题库_无人机教员题库.txt,2,70,2026-06-06 07:24:48
doc_8ee36f893ed2,question_bank,question_bank:理论题库_无人机教员题库:q_0004:idx_0003,理论题库_无人机教员题库.txt,3,61,2026-06-06 07:24:48
doc_8ee36f893ed2,question_bank,question_bank:理论题库_无人机教员题库:q_0005:idx_0004,理论题库_无人机教员题库.txt,4,71,2026-06-06 07:24:48
doc_8ee36f893ed2,question_bank,question_bank:理论题库_无人机教员题库:q_0006:idx_0005,理论题库_无人机教员题库.txt,5,74,2026-06-06 07:24:48
doc_8ee36f893ed2,question_bank,question_bank:理论题库_无人机教员题库:q_0007:idx_0006,理论题库_无人机教员题库.txt,6,83,2026-06-06 07:24:48
doc_8ee36f893ed2,question_bank,question_bank:理论题库_无人机教员题库:q_0008:idx_0007,理论题库_无人机教员题库.txt,7,99,2026-06-06 07:24:48
doc_8ee36f893ed2,question_bank,question_bank:理论题库_无人机教员题库:q_0009:idx_0008,理论题库_无人机教员题库.txt,8,107,2026-06-06 07:24:48
doc_8ee36f893ed2,question_bank,question_bank:理论题库_无人机教员题库:q_0010:idx_0009,理论题库_无人机教员题库.txt,9,103,2026-06-06 07:24:48
doc_8ee36f893ed2,question_bank,question_bank:理论题库_无人机教员题库:q_0011:idx_0010,理论题库_无人机教员题库.txt,10,101,2026-06-06 07:24:48
doc_8ee36f893ed2,question_bank,question_bank:理论题库_无人机教员题库:q_0012:idx_0011,理论题库_无人机教员题库.txt,11,84,2026-06-06 07:24:48
doc_8ee36f893ed2,question_bank,question_bank:理论题库_无人机教员题库:q_0013:idx_0012,理论题库_无人机教员题库.txt,12,99,2026-06-06 07:24:48
doc_8ee36f893ed2,question_bank,question_bank:理论题库_无人机教员题库:q_0014:idx_0013,理论题库_无人机教员题库.txt,13,65,2026-06-06 07:24:48
doc_8ee36f893ed2,question_bank,question_bank:理论题库_无人机教员题库:q_0015:idx_0014,理论题库_无人机教员题库.txt,14,68,2026-06-06 07:24:48
doc_8ee36f893ed2,question_bank,question_bank:理论题库_无人机教员题库:q_0016:idx_0015,理论题库_无人机教员题库.txt,15,99,2026-06-06 07:24:48
doc_8ee36f893ed2,question_bank,question_bank:理论题库_无人机教员题库:q_0017:idx_0016,理论题库_无人机教员题库.txt,16,101,2026-06-06 07:24:48
doc_8ee36f893ed2,question_bank,question_bank:理论题库_无人机教员题库:q_0018:idx_0017,理论题库_无人机教员题库.txt,17,89,2026-06-06 07:24:48
doc_8ee36f893ed2,question_bank,question_bank:理论题库_无人机教员题库:q_0019:idx_0018,理论题库_无人机教员题库.txt,18,96,2026-06-06 07:24:48
doc_8ee36f893ed2,question_bank,question_bank:理论题库_无人机教员题库:q_0020:idx_0019,理论题库_无人机教员题库.txt,19,49,2026-06-06 07:24:48
doc_8ee36f893ed2,question_bank,question_bank:理论题库_无人机教员题库:q_0021:idx_0020,理论题库_无人机教员题库.txt,20,81,2026-06-06 07:24:48
doc_8ee36f893ed2,question_bank,question_bank:理论题库_无人机教员题库:q_0022:idx_0021,理论题库_无人机教员题库.txt,21,76,2026-06-06 07:24:48
doc_8ee36f893ed2,question_bank,question_bank:理论题库_无人机教员题库:q_0023:idx_0022,理论题库_无人机教员题库.txt,22,121,2026-06-06 07:24:48
doc_8ee36f893ed2,question_bank,question_bank:理论题库_无人机教员题库:q_0024:idx_0023,理论题库_无人机教员题库.txt,23,102,2026-06-06 07:24:48
doc_8ee36f893ed2,question_bank,question_bank:理论题库_无人机教员题库:q_0025:idx_0024,理论题库_无人机教员题库.txt,24,59,2026-06-06 07:24:48
doc_8ee36f893ed2,question_bank,question_bank:理论题库_无人机教员题库:q_0026:idx_0025,理论题库_无人机教员题库.txt,25,115,2026-06-06 07:24:48
doc_8ee36f893ed2,question_bank,question_bank:理论题库_无人机教员题库:q_0027:idx_0026,理论题库_无人机教员题库.txt,26,105,2026-06-06 07:24:48
doc_8ee36f893ed2,question_bank,question_bank:理论题库_无人机教员题库:q_0028:idx_0027,理论题库_无人机教员题库.txt,27,104,2026-06-06 07:24:48
doc_8ee36f893ed2,question_bank,question_bank:理论题库_无人机教员题库:q_0029:idx_0028,理论题库_无人机教员题库.txt,28,92,2026-06-06 07:24:48
doc_8ee36f893ed2,question_bank,question_bank:理论题库_无人机教员题库:q_0030:idx_0029,理论题库_无人机教员题库.txt,29,64,2026-06-06 07:24:48
doc_8ee36f893ed2,question_bank,question_bank:理论题库_无人机教员题库:q_0031:idx_0030,理论题库_无人机教员题库.txt,30,88,2026-06-06 07:24:48
doc_8ee36f893ed2,question_bank,question_bank:理论题库_无人机教员题库:q_0032:idx_0031,理论题库_无人机教员题库.txt,31,100,2026-06-06 07:24:48
doc_8ee36f893ed2,question_bank,question_bank:理论题库_无人机教员题库:q_0033:idx_0032,理论题库_无人机教员题库.txt,32,73,2026-06-06 07:24:48
doc_8ee36f893ed2,question_bank,question_bank:理论题库_无人机教员题库:q_0034:idx_0033,理论题库_无人机教员题库.txt,33,94,2026-06-06 07:24:48
doc_8ee36f893ed2,question_bank,question_bank:理论题库_无人机教员题库:q_0035:idx_0034,理论题库_无人机教员题库.txt,34,91,2026-06-06 07:24:48
doc_8ee36f893ed2,question_bank,question_bank:理论题库_无人机教员题库:q_0036:idx_0035,理论题库_无人机教员题库.txt,35,82,2026-06-06 07:24:48
doc_8ee36f893ed2,question_bank,question_bank:理论题库_无人机教员题库:q_0037:idx_0036,理论题库_无人机教员题库.txt,36,49,2026-06-06 07:24:48
doc_8ee36f893ed2,question_bank,question_bank:理论题库_无人机教员题库:q_0038:idx_0037,理论题库_无人机教员题库.txt,37,78,2026-06-06 07:24:48
doc_8ee36f893ed2,question_bank,question_bank:理论题库_无人机教员题库:q_0039:idx_0038,理论题库_无人机教员题库.txt,38,82,2026-06-06 07:24:48
doc_8ee36f893ed2,question_bank,question_bank:理论题库_无人机教员题库:q_0040:idx_0039,理论题库_无人机教员题库.txt,39,64,2026-06-06 07:24:48
doc_8ee36f893ed2,question_bank,question_bank:理论题库_无人机教员题库:q_0156:idx_0040,理论题库_无人机教员题库.txt,40,106,2026-06-06 07:24:48
doc_8ee36f893ed2,question_bank,question_bank:理论题库_无人机教员题库:q_0041:idx_0041,理论题库_无人机教员题库.txt,41,100,2026-06-06 07:24:48
doc_8ee36f893ed2,question_bank,question_bank:理论题库_无人机教员题库:q_0042:idx_0042,理论题库_无人机教员题库.txt,42,84,2026-06-06 07:24:48
doc_8ee36f893ed2,question_bank,question_bank:理论题库_无人机教员题库:q_0043:idx_0043,理论题库_无人机教员题库.txt,43,80,2026-06-06 07:24:48
doc_8ee36f893ed2,question_bank,question_bank:理论题库_无人机教员题库:q_0044:idx_0044,理论题库_无人机教员题库.txt,44,71,2026-06-06 07:24:48
doc_8ee36f893ed2,question_bank,question_bank:理论题库_无人机教员题库:q_0045:idx_0045,理论题库_无人机教员题库.txt,45,108,2026-06-06 07:24:48
doc_8ee36f893ed2,question_bank,question_bank:理论题库_无人机教员题库:q_0046:idx_0046,理论题库_无人机教员题库.txt,46,66,2026-06-06 07:24:48
doc_8ee36f893ed2,question_bank,question_bank:理论题库_无人机教员题库:q_0047:idx_0047,理论题库_无人机教员题库.txt,47,151,2026-06-06 07:24:48
doc_8ee36f893ed2,question_bank,question_bank:理论题库_无人机教员题库:q_0048:idx_0048,理论题库_无人机教员题库.txt,48,149,2026-06-06 07:24:48
doc_8ee36f893ed2,question_bank,question_bank:理论题库_无人机教员题库:q_0049:idx_0049,理论题库_无人机教员题库.txt,49,117,2026-06-06 07:24:48
doc_8ee36f893ed2,question_bank,question_bank:理论题库_无人机教员题库:q_0050:idx_0050,理论题库_无人机教员题库.txt,50,109,2026-06-06 07:24:48
doc_8ee36f893ed2,question_bank,question_bank:理论题库_无人机教员题库:q_0051:idx_0051,理论题库_无人机教员题库.txt,51,95,2026-06-06 07:24:48
doc_8ee36f893ed2,question_bank,question_bank:理论题库_无人机教员题库:q_0052:idx_0052,理论题库_无人机教员题库.txt,52,74,2026-06-06 07:24:48
doc_8ee36f893ed2,question_bank,question_bank:理论题库_无人机教员题库:q_0053:idx_0053,理论题库_无人机教员题库.txt,53,96,2026-06-06 07:24:48
doc_8ee36f893ed2,question_bank,question_bank:理论题库_无人机教员题库:q_0054:idx_0054,理论题库_无人机教员题库.txt,54,51,2026-06-06 07:24:48
doc_8ee36f893ed2,question_bank,question_bank:理论题库_无人机教员题库:q_0055:idx_0055,理论题库_无人机教员题库.txt,55,81,2026-06-06 07:24:48
doc_8ee36f893ed2,question_bank,question_bank:理论题库_无人机教员题库:q_0056:idx_0056,理论题库_无人机教员题库.txt,56,51,2026-06-06 07:24:48
doc_8ee36f893ed2,question_bank,question_bank:理论题库_无人机教员题库:q_0057:idx_0057,理论题库_无人机教员题库.txt,57,99,2026-06-06 07:24:48
doc_8ee36f893ed2,question_bank,question_bank:理论题库_无人机教员题库:q_0058:idx_0058,理论题库_无人机教员题库.txt,58,65,2026-06-06 07:24:48
doc_8ee36f893ed2,question_bank,question_bank:理论题库_无人机教员题库:q_0059:idx_0059,理论题库_无人机教员题库.txt,59,101,2026-06-06 07:24:48
doc_8ee36f893ed2,question_bank,question_bank:理论题库_无人机教员题库:q_0060:idx_0060,理论题库_无人机教员题库.txt,60,139,2026-06-06 07:24:48
doc_8ee36f893ed2,question_bank,question_bank:理论题库_无人机教员题库:q_0061:idx_0061,理论题库_无人机教员题库.txt,61,79,2026-06-06 07:24:48
doc_8ee36f893ed2,question_bank,question_bank:理论题库_无人机教员题库:q_0062:idx_0062,理论题库_无人机教员题库.txt,62,67,2026-06-06 07:24:48
doc_8ee36f893ed2,question_bank,question_bank:理论题库_无人机教员题库:q_0063:idx_0063,理论题库_无人机教员题库.txt,63,83,2026-06-06 07:24:48
doc_8ee36f893ed2,question_bank,question_bank:理论题库_无人机教员题库:q_0064:idx_0064,理论题库_无人机教员题库.txt,64,97,2026-06-06 07:24:48
doc_8ee36f893ed2,question_bank,question_bank:理论题库_无人机教员题库:q_0065:idx_0065,理论题库_无人机教员题库.txt,65,136,2026-06-06 07:24:48
doc_8ee36f893ed2,question_bank,question_bank:理论题库_无人机教员题库:q_0066:idx_0066,理论题库_无人机教员题库.txt,66,84,2026-06-06 07:24:48
doc_8ee36f893ed2,question_bank,question_bank:理论题库_无人机教员题库:q_0067:idx_0067,理论题库_无人机教员题库.txt,67,58,2026-06-06 07:24:48
doc_8ee36f893ed2,question_bank,question_bank:理论题库_无人机教员题库:q_0068:idx_0068,理论题库_无人机教员题库.txt,68,120,2026-06-06 07:24:48
doc_8ee36f893ed2,question_bank,question_bank:理论题库_无人机教员题库:q_0069:idx_0069,理论题库_无人机教员题库.txt,69,91,2026-06-06 07:24:48
doc_8ee36f893ed2,question_bank,question_bank:理论题库_无人机教员题库:q_0070:idx_0070,理论题库_无人机教员题库.txt,70,64,2026-06-06 07:24:48
doc_8ee36f893ed2,question_bank,question_bank:理论题库_无人机教员题库:q_0071:idx_0071,理论题库_无人机教员题库.txt,71,104,2026-06-06 07:24:48
doc_8ee36f893ed2,question_bank,question_bank:理论题库_无人机教员题库:q_0072:idx_0072,理论题库_无人机教员题库.txt,72,62,2026-06-06 07:24:48
doc_8ee36f893ed2,question_bank,question_bank:理论题库_无人机教员题库:q_0073:idx_0073,理论题库_无人机教员题库.txt,73,79,2026-06-06 07:24:48
doc_8ee36f893ed2,question_bank,question_bank:理论题库_无人机教员题库:q_0074:idx_0074,理论题库_无人机教员题库.txt,74,67,2026-06-06 07:24:48
doc_8ee36f893ed2,question_bank,question_bank:理论题库_无人机教员题库:q_0075:idx_0075,理论题库_无人机教员题库.txt,75,97,2026-06-06 07:24:48
doc_8ee36f893ed2,question_bank,question_bank:理论题库_无人机教员题库:q_0076:idx_0076,理论题库_无人机教员题库.txt,76,108,2026-06-06 07:24:48
doc_8ee36f893ed2,question_bank,question_bank:理论题库_无人机教员题库:q_0077:idx_0077,理论题库_无人机教员题库.txt,77,73,2026-06-06 07:24:48
doc_8ee36f893ed2,question_bank,question_bank:理论题库_无人机教员题库:q_0078:idx_0078,理论题库_无人机教员题库.txt,78,99,2026-06-06 07:24:48
doc_8ee36f893ed2,question_bank,question_bank:理论题库_无人机教员题库:q_0079:idx_0079,理论题库_无人机教员题库.txt,79,88,2026-06-06 07:24:48
doc_8ee36f893ed2,question_bank,question_bank:理论题库_无人机教员题库:q_0080:idx_0080,理论题库_无人机教员题库.txt,80,82,2026-06-06 07:24:48
doc_8ee36f893ed2,question_bank,question_bank:理论题库_无人机教员题库:q_0081:idx_0081,理论题库_无人机教员题库.txt,81,98,2026-06-06 07:24:48
doc_8ee36f893ed2,question_bank,question_bank:理论题库_无人机教员题库:q_0082:idx_0082,理论题库_无人机教员题库.txt,82,76,2026-06-06 07:24:48
doc_8ee36f893ed2,question_bank,question_bank:理论题库_无人机教员题库:q_0083:idx_0083,理论题库_无人机教员题库.txt,83,105,2026-06-06 07:24:48
doc_8ee36f893ed2,question_bank,question_bank:理论题库_无人机教员题库:q_0084:idx_0084,理论题库_无人机教员题库.txt,84,69,2026-06-06 07:24:48
doc_8ee36f893ed2,question_bank,question_bank:理论题库_无人机教员题库:q_0085:idx_0085,理论题库_无人机教员题库.txt,85,121,2026-06-06 07:24:48
doc_8ee36f893ed2,question_bank,question_bank:理论题库_无人机教员题库:q_0086:idx_0086,理论题库_无人机教员题库.txt,86,99,2026-06-06 07:24:48
doc_8ee36f893ed2,question_bank,question_bank:理论题库_无人机教员题库:q_0087:idx_0087,理论题库_无人机教员题库.txt,87,97,2026-06-06 07:24:48
doc_8ee36f893ed2,question_bank,question_bank:理论题库_无人机教员题库:q_0088:idx_0088,理论题库_无人机教员题库.txt,88,118,2026-06-06 07:24:48
doc_8ee36f893ed2,question_bank,question_bank:理论题库_无人机教员题库:q_0089:idx_0089,理论题库_无人机教员题库.txt,89,60,2026-06-06 07:24:48
doc_8ee36f893ed2,question_bank,question_bank:理论题库_无人机教员题库:q_0090:idx_0090,理论题库_无人机教员题库.txt,90,105,2026-06-06 07:24:48
doc_8ee36f893ed2,question_bank,question_bank:理论题库_无人机教员题库:q_0091:idx_0091,理论题库_无人机教员题库.txt,91,97,2026-06-06 07:24:48
doc_8ee36f893ed2,question_bank,question_bank:理论题库_无人机教员题库:q_0092:idx_0092,理论题库_无人机教员题库.txt,92,98,2026-06-06 07:24:48
doc_8ee36f893ed2,question_bank,question_bank:理论题库_无人机教员题库:q_0093:idx_0093,理论题库_无人机教员题库.txt,93,57,2026-06-06 07:24:48
doc_8ee36f893ed2,question_bank,question_bank:理论题库_无人机教员题库:q_0094:idx_0094,理论题库_无人机教员题库.txt,94,72,2026-06-06 07:24:48
doc_8ee36f893ed2,question_bank,question_bank:理论题库_无人机教员题库:q_0095:idx_0095,理论题库_无人机教员题库.txt,95,77,2026-06-06 07:24:48
doc_8ee36f893ed2,question_bank,question_bank:理论题库_无人机教员题库:q_0096:idx_0096,理论题库_无人机教员题库.txt,96,92,2026-06-06 07:24:48
doc_8ee36f893ed2,question_bank,question_bank:理论题库_无人机教员题库:q_0097:idx_0097,理论题库_无人机教员题库.txt,97,62,2026-06-06 07:24:48
doc_8ee36f893ed2,question_bank,question_bank:理论题库_无人机教员题库:q_0098:idx_0098,理论题库_无人机教员题库.txt,98,96,2026-06-06 07:24:48
doc_8ee36f893ed2,question_bank,question_bank:理论题库_无人机教员题库:q_0099:idx_0099,理论题库_无人机教员题库.txt,99,70,2026-06-06 07:24:48
doc_8ee36f893ed2,question_bank,question_bank:理论题库_无人机教员题库:q_0100:idx_0100,理论题库_无人机教员题库.txt,100,95,2026-06-06 07:24:48
doc_8ee36f893ed2,question_bank,question_bank:理论题库_无人机教员题库:q_0157:idx_0101,理论题库_无人机教员题库.txt,101,133,2026-06-06 07:24:48
doc_8ee36f893ed2,question_bank,question_bank:理论题库_无人机教员题库:q_0101:idx_0102,理论题库_无人机教员题库.txt,102,72,2026-06-06 07:24:48
doc_8ee36f893ed2,question_bank,question_bank:理论题库_无人机教员题库:q_0102:idx_0103,理论题库_无人机教员题库.txt,103,99,2026-06-06 07:24:48
doc_8ee36f893ed2,question_bank,question_bank:理论题库_无人机教员题库:q_0103:idx_0104,理论题库_无人机教员题库.txt,104,126,2026-06-06 07:24:48
doc_8ee36f893ed2,question_bank,question_bank:理论题库_无人机教员题库:q_0104:idx_0105,理论题库_无人机教员题库.txt,105,59,2026-06-06 07:24:48
doc_8ee36f893ed2,question_bank,question_bank:理论题库_无人机教员题库:q_0105:idx_0106,理论题库_无人机教员题库.txt,106,141,2026-06-06 07:24:48
doc_8ee36f893ed2,question_bank,question_bank:理论题库_无人机教员题库:q_0106:idx_0107,理论题库_无人机教员题库.txt,107,97,2026-06-06 07:24:48
doc_8ee36f893ed2,question_bank,question_bank:理论题库_无人机教员题库:q_0107:idx_0108,理论题库_无人机教员题库.txt,108,68,2026-06-06 07:24:48
doc_8ee36f893ed2,question_bank,question_bank:理论题库_无人机教员题库:q_0108:idx_0109,理论题库_无人机教员题库.txt,109,102,2026-06-06 07:24:48
doc_8ee36f893ed2,question_bank,question_bank:理论题库_无人机教员题库:q_0109:idx_0110,理论题库_无人机教员题库.txt,110,91,2026-06-06 07:24:48
doc_8ee36f893ed2,question_bank,question_bank:理论题库_无人机教员题库:q_0110:idx_0111,理论题库_无人机教员题库.txt,111,102,2026-06-06 07:24:48
doc_8ee36f893ed2,question_bank,question_bank:理论题库_无人机教员题库:q_0111:idx_0112,理论题库_无人机教员题库.txt,112,92,2026-06-06 07:24:48
doc_8ee36f893ed2,question_bank,question_bank:理论题库_无人机教员题库:q_0112:idx_0113,理论题库_无人机教员题库.txt,113,128,2026-06-06 07:24:48
doc_8ee36f893ed2,question_bank,question_bank:理论题库_无人机教员题库:q_0113:idx_0114,理论题库_无人机教员题库.txt,114,88,2026-06-06 07:24:48
doc_8ee36f893ed2,question_bank,question_bank:理论题库_无人机教员题库:q_0114:idx_0115,理论题库_无人机教员题库.txt,115,94,2026-06-06 07:24:48
doc_8ee36f893ed2,question_bank,question_bank:理论题库_无人机教员题库:q_0115:idx_0116,理论题库_无人机教员题库.txt,116,78,2026-06-06 07:24:48
doc_8ee36f893ed2,question_bank,question_bank:理论题库_无人机教员题库:q_0116:idx_0117,理论题库_无人机教员题库.txt,117,68,2026-06-06 07:24:48
doc_8ee36f893ed2,question_bank,question_bank:理论题库_无人机教员题库:q_0117:idx_0118,理论题库_无人机教员题库.txt,118,90,2026-06-06 07:24:48
doc_8ee36f893ed2,question_bank,question_bank:理论题库_无人机教员题库:q_0118:idx_0119,理论题库_无人机教员题库.txt,119,124,2026-06-06 07:24:48
doc_8ee36f893ed2,question_bank,question_bank:理论题库_无人机教员题库:q_0119:idx_0120,理论题库_无人机教员题库.txt,120,106,2026-06-06 07:24:48
doc_8ee36f893ed2,question_bank,question_bank:理论题库_无人机教员题库:q_0120:idx_0121,理论题库_无人机教员题库.txt,121,87,2026-06-06 07:24:48
doc_8ee36f893ed2,question_bank,question_bank:理论题库_无人机教员题库:q_0121:idx_0122,理论题库_无人机教员题库.txt,122,118,2026-06-06 07:24:48
doc_8ee36f893ed2,question_bank,question_bank:理论题库_无人机教员题库:q_0122:idx_0123,理论题库_无人机教员题库.txt,123,111,2026-06-06 07:24:48
doc_8ee36f893ed2,question_bank,question_bank:理论题库_无人机教员题库:q_0123:idx_0124,理论题库_无人机教员题库.txt,124,68,2026-06-06 07:24:48
doc_8ee36f893ed2,question_bank,question_bank:理论题库_无人机教员题库:q_0124:idx_0125,理论题库_无人机教员题库.txt,125,92,2026-06-06 07:24:48
doc_8ee36f893ed2,question_bank,question_bank:理论题库_无人机教员题库:q_0125:idx_0126,理论题库_无人机教员题库.txt,126,55,2026-06-06 07:24:48
doc_8ee36f893ed2,question_bank,question_bank:理论题库_无人机教员题库:q_0126:idx_0127,理论题库_无人机教员题库.txt,127,76,2026-06-06 07:24:48
doc_8ee36f893ed2,question_bank,question_bank:理论题库_无人机教员题库:q_0127:idx_0128,理论题库_无人机教员题库.txt,128,151,2026-06-06 07:24:48
doc_8ee36f893ed2,question_bank,question_bank:理论题库_无人机教员题库:q_0128:idx_0129,理论题库_无人机教员题库.txt,129,119,2026-06-06 07:24:48
doc_8ee36f893ed2,question_bank,question_bank:理论题库_无人机教员题库:q_0129:idx_0130,理论题库_无人机教员题库.txt,130,80,2026-06-06 07:24:48
doc_8ee36f893ed2,question_bank,question_bank:理论题库_无人机教员题库:q_0130:idx_0131,理论题库_无人机教员题库.txt,131,103,2026-06-06 07:24:48
doc_8ee36f893ed2,question_bank,question_bank:理论题库_无人机教员题库:q_0131:idx_0132,理论题库_无人机教员题库.txt,132,75,2026-06-06 07:24:48
doc_8ee36f893ed2,question_bank,question_bank:理论题库_无人机教员题库:q_0132:idx_0133,理论题库_无人机教员题库.txt,133,68,2026-06-06 07:24:48
doc_8ee36f893ed2,question_bank,question_bank:理论题库_无人机教员题库:q_0133:idx_0134,理论题库_无人机教员题库.txt,134,132,2026-06-06 07:24:48
doc_8ee36f893ed2,question_bank,question_bank:理论题库_无人机教员题库:q_0134:idx_0135,理论题库_无人机教员题库.txt,135,59,2026-06-06 07:24:48
doc_8ee36f893ed2,question_bank,question_bank:理论题库_无人机教员题库:q_0135:idx_0136,理论题库_无人机教员题库.txt,136,161,2026-06-06 07:24:48
doc_8ee36f893ed2,question_bank,question_bank:理论题库_无人机教员题库:q_0136:idx_0137,理论题库_无人机教员题库.txt,137,68,2026-06-06 07:24:48
doc_8ee36f893ed2,question_bank,question_bank:理论题库_无人机教员题库:q_0137:idx_0138,理论题库_无人机教员题库.txt,138,92,2026-06-06 07:24:48
doc_8ee36f893ed2,question_bank,question_bank:理论题库_无人机教员题库:q_0138:idx_0139,理论题库_无人机教员题库.txt,139,61,2026-06-06 07:24:48
doc_8ee36f893ed2,question_bank,question_bank:理论题库_无人机教员题库:q_0139:idx_0140,理论题库_无人机教员题库.txt,140,125,2026-06-06 07:24:48
doc_8ee36f893ed2,question_bank,question_bank:理论题库_无人机教员题库:q_0140:idx_0141,理论题库_无人机教员题库.txt,141,72,2026-06-06 07:24:48
doc_8ee36f893ed2,question_bank,question_bank:理论题库_无人机教员题库:q_0141:idx_0142,理论题库_无人机教员题库.txt,142,63,2026-06-06 07:24:48
doc_8ee36f893ed2,question_bank,question_bank:理论题库_无人机教员题库:q_0142:idx_0143,理论题库_无人机教员题库.txt,143,91,2026-06-06 07:24:48
doc_8ee36f893ed2,question_bank,question_bank:理论题库_无人机教员题库:q_0143:idx_0144,理论题库_无人机教员题库.txt,144,102,2026-06-06 07:24:48
doc_8ee36f893ed2,question_bank,question_bank:理论题库_无人机教员题库:q_0144:idx_0145,理论题库_无人机教员题库.txt,145,105,2026-06-06 07:24:48
doc_8ee36f893ed2,question_bank,question_bank:理论题库_无人机教员题库:q_0145:idx_0146,理论题库_无人机教员题库.txt,146,102,2026-06-06 07:24:48
doc_8ee36f893ed2,question_bank,question_bank:理论题库_无人机教员题库:q_0146:idx_0147,理论题库_无人机教员题库.txt,147,87,2026-06-06 07:24:48
doc_8ee36f893ed2,question_bank,question_bank:理论题库_无人机教员题库:q_0147:idx_0148,理论题库_无人机教员题库.txt,148,87,2026-06-06 07:24:48
doc_8ee36f893ed2,question_bank,question_bank:理论题库_无人机教员题库:q_0148:idx_0149,理论题库_无人机教员题库.txt,149,104,2026-06-06 07:24:48
doc_8ee36f893ed2,question_bank,question_bank:理论题库_无人机教员题库:q_0149:idx_0150,理论题库_无人机教员题库.txt,150,79,2026-06-06 07:24:48
doc_8ee36f893ed2,question_bank,question_bank:理论题库_无人机教员题库:q_0150:idx_0151,理论题库_无人机教员题库.txt,151,122,2026-06-06 07:24:48
doc_8ee36f893ed2,question_bank,question_bank:理论题库_无人机教员题库:q_0151:idx_0152,理论题库_无人机教员题库.txt,152,141,2026-06-06 07:24:48
doc_8ee36f893ed2,question_bank,question_bank:理论题库_无人机教员题库:q_0152:idx_0153,理论题库_无人机教员题库.txt,153,60,2026-06-06 07:24:48
doc_8ee36f893ed2,question_bank,question_bank:理论题库_无人机教员题库:q_0153:idx_0154,理论题库_无人机教员题库.txt,154,82,2026-06-06 07:24:48
doc_8ee36f893ed2,question_bank,question_bank:理论题库_无人机教员题库:q_0154:idx_0155,理论题库_无人机教员题库.txt,155,90,2026-06-06 07:24:48
doc_8ee36f893ed2,question_bank,question_bank:理论题库_无人机教员题库:q_0155:idx_0156,理论题库_无人机教员题库.txt,156,133,2026-06-06 07:24:48
doc_487fc33b7bff,question_bank,question_bank:理论题库_概述:q_0001:idx_0000,理论题库_概述.txt,0,291,2026-06-06 07:24:48
doc_487fc33b7bff,question_bank,question_bank:理论题库_概述:q_0002:idx_0001,理论题库_概述.txt,1,149,2026-06-06 07:24:48
doc_487fc33b7bff,question_bank,question_bank:理论题库_概述:q_0003:idx_0002,理论题库_概述.txt,2,148,2026-06-06 07:24:48
doc_487fc33b7bff,question_bank,question_bank:理论题库_概述:q_0005:idx_0003,理论题库_概述.txt,3,172,2026-06-06 07:24:48
doc_487fc33b7bff,question_bank,question_bank:理论题库_概述:q_0006:idx_0004,理论题库_概述.txt,4,277,2026-06-06 07:24:48
doc_487fc33b7bff,question_bank,question_bank:理论题库_概述:q_0007:idx_0005,理论题库_概述.txt,5,291,2026-06-06 07:24:48
doc_487fc33b7bff,question_bank,question_bank:理论题库_概述:q_0008:idx_0006,理论题库_概述.txt,6,374,2026-06-06 07:24:48
doc_487fc33b7bff,question_bank,question_bank:理论题库_概述:q_0009:idx_0007,理论题库_概述.txt,7,231,2026-06-06 07:24:48
doc_487fc33b7bff,question_bank,question_bank:理论题库_概述:q_0010:idx_0008,理论题库_概述.txt,8,179,2026-06-06 07:24:48
doc_487fc33b7bff,question_bank,question_bank:理论题库_概述:q_0011:idx_0009,理论题库_概述.txt,9,159,2026-06-06 07:24:48
doc_487fc33b7bff,question_bank,question_bank:理论题库_概述:q_0012:idx_0010,理论题库_概述.txt,10,176,2026-06-06 07:24:48
doc_487fc33b7bff,question_bank,question_bank:理论题库_概述:q_0013:idx_0011,理论题库_概述.txt,11,138,2026-06-06 07:24:48
doc_487fc33b7bff,question_bank,question_bank:理论题库_概述:q_0014:idx_0012,理论题库_概述.txt,12,247,2026-06-06 07:24:48
doc_487fc33b7bff,question_bank,question_bank:理论题库_概述:q_0015:idx_0013,理论题库_概述.txt,13,236,2026-06-06 07:24:48
doc_487fc33b7bff,question_bank,question_bank:理论题库_概述:q_0016:idx_0014,理论题库_概述.txt,14,234,2026-06-06 07:24:48
doc_487fc33b7bff,question_bank,question_bank:理论题库_概述:q_0017:idx_0015,理论题库_概述.txt,15,106,2026-06-06 07:24:48
doc_487fc33b7bff,question_bank,question_bank:理论题库_概述:q_0018:idx_0016,理论题库_概述.txt,16,146,2026-06-06 07:24:48
doc_487fc33b7bff,question_bank,question_bank:理论题库_概述:q_0019:idx_0017,理论题库_概述.txt,17,172,2026-06-06 07:24:48
doc_487fc33b7bff,question_bank,question_bank:理论题库_概述:q_0020:idx_0018,理论题库_概述.txt,18,146,2026-06-06 07:24:48
doc_487fc33b7bff,question_bank,question_bank:理论题库_概述:q_0021:idx_0019,理论题库_概述.txt,19,124,2026-06-06 07:24:48
doc_487fc33b7bff,question_bank,question_bank:理论题库_概述:q_0022:idx_0020,理论题库_概述.txt,20,103,2026-06-06 07:24:48
doc_487fc33b7bff,question_bank,question_bank:理论题库_概述:q_0023:idx_0021,理论题库_概述.txt,21,173,2026-06-06 07:24:48
doc_487fc33b7bff,question_bank,question_bank:理论题库_概述:q_0024:idx_0022,理论题库_概述.txt,22,189,2026-06-06 07:24:48
doc_487fc33b7bff,question_bank,question_bank:理论题库_概述:q_0026:idx_0023,理论题库_概述.txt,23,284,2026-06-06 07:24:48
doc_487fc33b7bff,question_bank,question_bank:理论题库_概述:q_0027:idx_0024,理论题库_概述.txt,24,140,2026-06-06 07:24:48
doc_487fc33b7bff,question_bank,question_bank:理论题库_概述:q_0028:idx_0025,理论题库_概述.txt,25,207,2026-06-06 07:24:48
doc_487fc33b7bff,question_bank,question_bank:理论题库_概述:q_0029:idx_0026,理论题库_概述.txt,26,73,2026-06-06 07:24:48
doc_487fc33b7bff,question_bank,question_bank:理论题库_概述:q_0030:idx_0027,理论题库_概述.txt,27,190,2026-06-06 07:24:48
doc_487fc33b7bff,question_bank,question_bank:理论题库_概述:q_0031:idx_0028,理论题库_概述.txt,28,204,2026-06-06 07:24:48
doc_487fc33b7bff,question_bank,question_bank:理论题库_概述:q_0032:idx_0029,理论题库_概述.txt,29,100,2026-06-06 07:24:48
doc_487fc33b7bff,question_bank,question_bank:理论题库_概述:q_0034:idx_0030,理论题库_概述.txt,30,178,2026-06-06 07:24:48
doc_487fc33b7bff,question_bank,question_bank:理论题库_概述:q_0035:idx_0031,理论题库_概述.txt,31,129,2026-06-06 07:24:48
doc_487fc33b7bff,question_bank,question_bank:理论题库_概述:q_0036:idx_0032,理论题库_概述.txt,32,197,2026-06-06 07:24:48
doc_487fc33b7bff,question_bank,question_bank:理论题库_概述:q_0037:idx_0033,理论题库_概述.txt,33,240,2026-06-06 07:24:48
doc_487fc33b7bff,question_bank,question_bank:理论题库_概述:q_0038:idx_0034,理论题库_概述.txt,34,166,2026-06-06 07:24:48
doc_487fc33b7bff,question_bank,question_bank:理论题库_概述:q_0039:idx_0035,理论题库_概述.txt,35,260,2026-06-06 07:24:48
doc_487fc33b7bff,question_bank,question_bank:理论题库_概述:q_0040:idx_0036,理论题库_概述.txt,36,189,2026-06-06 07:24:48
doc_487fc33b7bff,question_bank,question_bank:理论题库_概述:q_0041:idx_0037,理论题库_概述.txt,37,261,2026-06-06 07:24:48
doc_487fc33b7bff,question_bank,question_bank:理论题库_概述:q_0042:idx_0038,理论题库_概述.txt,38,224,2026-06-06 07:24:48
doc_487fc33b7bff,question_bank,question_bank:理论题库_概述:q_0043:idx_0039,理论题库_概述.txt,39,227,2026-06-06 07:24:48
doc_487fc33b7bff,question_bank,question_bank:理论题库_概述:q_0044:idx_0040,理论题库_概述.txt,40,213,2026-06-06 07:24:48
doc_487fc33b7bff,question_bank,question_bank:理论题库_概述:q_0045:idx_0041,理论题库_概述.txt,41,218,2026-06-06 07:24:48
doc_487fc33b7bff,question_bank,question_bank:理论题库_概述:q_0046:idx_0042,理论题库_概述.txt,42,265,2026-06-06 07:24:48
doc_487fc33b7bff,question_bank,question_bank:理论题库_概述:q_0047:idx_0043,理论题库_概述.txt,43,166,2026-06-06 07:24:48
doc_487fc33b7bff,question_bank,question_bank:理论题库_概述:q_0048:idx_0044,理论题库_概述.txt,44,186,2026-06-06 07:24:48
doc_487fc33b7bff,question_bank,question_bank:理论题库_概述:q_0049:idx_0045,理论题库_概述.txt,45,170,2026-06-06 07:24:48
doc_487fc33b7bff,question_bank,question_bank:理论题库_概述:q_0050:idx_0046,理论题库_概述.txt,46,315,2026-06-06 07:24:48
doc_487fc33b7bff,question_bank,question_bank:理论题库_概述:q_0051:idx_0047,理论题库_概述.txt,47,116,2026-06-06 07:24:48
doc_487fc33b7bff,question_bank,question_bank:理论题库_概述:q_0052:idx_0048,理论题库_概述.txt,48,433,2026-06-06 07:24:48
doc_487fc33b7bff,question_bank,question_bank:理论题库_概述:q_0053:idx_0049,理论题库_概述.txt,49,300,2026-06-06 07:24:48
doc_487fc33b7bff,question_bank,question_bank:理论题库_概述:q_0054:idx_0050,理论题库_概述.txt,50,171,2026-06-06 07:24:48
doc_487fc33b7bff,question_bank,question_bank:理论题库_概述:q_0055:idx_0051,理论题库_概述.txt,51,171,2026-06-06 07:24:48
doc_487fc33b7bff,question_bank,question_bank:理论题库_概述:q_0056:idx_0052,理论题库_概述.txt,52,237,2026-06-06 07:24:48
doc_487fc33b7bff,question_bank,question_bank:理论题库_概述:q_0057:idx_0053,理论题库_概述.txt,53,194,2026-06-06 07:24:48
doc_487fc33b7bff,question_bank,question_bank:理论题库_概述:q_0058:idx_0054,理论题库_概述.txt,54,216,2026-06-06 07:24:48
doc_487fc33b7bff,question_bank,question_bank:理论题库_概述:q_0001:idx_0055,理论题库_概述.txt,55,132,2026-06-06 07:24:48
doc_30696ebd9e75,question_bank,question_bank:理论题库_气象:q_0001:idx_0000,理论题库_气象.txt,0,278,2026-06-06 07:24:48
doc_30696ebd9e75,question_bank,question_bank:理论题库_气象:q_0002:idx_0001,理论题库_气象.txt,1,174,2026-06-06 07:24:48
doc_30696ebd9e75,question_bank,question_bank:理论题库_气象:q_0003:idx_0002,理论题库_气象.txt,2,95,2026-06-06 07:24:48
doc_30696ebd9e75,question_bank,question_bank:理论题库_气象:q_0004:idx_0003,理论题库_气象.txt,3,295,2026-06-06 07:24:48
doc_30696ebd9e75,question_bank,question_bank:理论题库_气象:q_0005:idx_0004,理论题库_气象.txt,4,221,2026-06-06 07:24:48
doc_30696ebd9e75,question_bank,question_bank:理论题库_气象:q_0006:idx_0005,理论题库_气象.txt,5,294,2026-06-06 07:24:48
doc_30696ebd9e75,question_bank,question_bank:理论题库_气象:q_0007:idx_0006,理论题库_气象.txt,6,356,2026-06-06 07:24:48
doc_30696ebd9e75,question_bank,question_bank:理论题库_气象:q_0008:idx_0007,理论题库_气象.txt,7,185,2026-06-06 07:24:48
doc_30696ebd9e75,question_bank,question_bank:理论题库_气象:q_0009:idx_0008,理论题库_气象.txt,8,184,2026-06-06 07:24:48
doc_30696ebd9e75,question_bank,question_bank:理论题库_气象:q_0010:idx_0009,理论题库_气象.txt,9,152,2026-06-06 07:24:48
doc_30696ebd9e75,question_bank,question_bank:理论题库_气象:q_0011:idx_0010,理论题库_气象.txt,10,203,2026-06-06 07:24:48
doc_30696ebd9e75,question_bank,question_bank:理论题库_气象:q_0012:idx_0011,理论题库_气象.txt,11,161,2026-06-06 07:24:48
doc_30696ebd9e75,question_bank,question_bank:理论题库_气象:q_0013:idx_0012,理论题库_气象.txt,12,103,2026-06-06 07:24:48
doc_30696ebd9e75,question_bank,question_bank:理论题库_气象:q_0014:idx_0013,理论题库_气象.txt,13,199,2026-06-06 07:24:48
doc_30696ebd9e75,question_bank,question_bank:理论题库_气象:q_0015:idx_0014,理论题库_气象.txt,14,161,2026-06-06 07:24:48
doc_30696ebd9e75,question_bank,question_bank:理论题库_气象:q_0016:idx_0015,理论题库_气象.txt,15,245,2026-06-06 07:24:48
doc_30696ebd9e75,question_bank,question_bank:理论题库_气象:q_0017:idx_0016,理论题库_气象.txt,16,196,2026-06-06 07:24:48
doc_30696ebd9e75,question_bank,question_bank:理论题库_气象:q_0018:idx_0017,理论题库_气象.txt,17,319,2026-06-06 07:24:48
doc_30696ebd9e75,question_bank,question_bank:理论题库_气象:q_0019:idx_0018,理论题库_气象.txt,18,206,2026-06-06 07:24:48
doc_30696ebd9e75,question_bank,question_bank:理论题库_气象:q_0020:idx_0019,理论题库_气象.txt,19,249,2026-06-06 07:24:48
doc_30696ebd9e75,question_bank,question_bank:理论题库_气象:q_0021:idx_0020,理论题库_气象.txt,20,176,2026-06-06 07:24:48
doc_30696ebd9e75,question_bank,question_bank:理论题库_气象:q_0022:idx_0021,理论题库_气象.txt,21,309,2026-06-06 07:24:48
doc_30696ebd9e75,question_bank,question_bank:理论题库_气象:q_0023:idx_0022,理论题库_气象.txt,22,224,2026-06-06 07:24:48
doc_30696ebd9e75,question_bank,question_bank:理论题库_气象:q_0024:idx_0023,理论题库_气象.txt,23,319,2026-06-06 07:24:48
doc_30696ebd9e75,question_bank,question_bank:理论题库_气象:q_0025:idx_0024,理论题库_气象.txt,24,260,2026-06-06 07:24:48
doc_30696ebd9e75,question_bank,question_bank:理论题库_气象:q_0026:idx_0025,理论题库_气象.txt,25,327,2026-06-06 07:24:48
doc_30696ebd9e75,question_bank,question_bank:理论题库_气象:q_0027:idx_0026,理论题库_气象.txt,26,292,2026-06-06 07:24:48
doc_30696ebd9e75,question_bank,question_bank:理论题库_气象:q_0028:idx_0027,理论题库_气象.txt,27,259,2026-06-06 07:24:48
doc_30696ebd9e75,question_bank,question_bank:理论题库_气象:q_0029:idx_0028,理论题库_气象.txt,28,219,2026-06-06 07:24:48
doc_30696ebd9e75,question_bank,question_bank:理论题库_气象:q_0030:idx_0029,理论题库_气象.txt,29,225,2026-06-06 07:24:48
doc_30696ebd9e75,question_bank,question_bank:理论题库_气象:q_0031:idx_0030,理论题库_气象.txt,30,290,2026-06-06 07:24:48
doc_30696ebd9e75,question_bank,question_bank:理论题库_气象:q_0032:idx_0031,理论题库_气象.txt,31,311,2026-06-06 07:24:48
doc_30696ebd9e75,question_bank,question_bank:理论题库_气象:q_0033:idx_0032,理论题库_气象.txt,32,273,2026-06-06 07:24:48
doc_30696ebd9e75,question_bank,question_bank:理论题库_气象:q_0034:idx_0033,理论题库_气象.txt,33,244,2026-06-06 07:24:48
doc_30696ebd9e75,question_bank,question_bank:理论题库_气象:q_0035:idx_0034,理论题库_气象.txt,34,104,2026-06-06 07:24:48
doc_30696ebd9e75,question_bank,question_bank:理论题库_气象:q_0036:idx_0035,理论题库_气象.txt,35,257,2026-06-06 07:24:48
doc_30696ebd9e75,question_bank,question_bank:理论题库_气象:q_0037:idx_0036,理论题库_气象.txt,36,213,2026-06-06 07:24:48
doc_30696ebd9e75,question_bank,question_bank:理论题库_气象:q_0038:idx_0037,理论题库_气象.txt,37,110,2026-06-06 07:24:48
doc_30696ebd9e75,question_bank,question_bank:理论题库_气象:q_0039:idx_0038,理论题库_气象.txt,38,345,2026-06-06 07:24:48
doc_30696ebd9e75,question_bank,question_bank:理论题库_气象:q_0040:idx_0039,理论题库_气象.txt,39,215,2026-06-06 07:24:48
doc_30696ebd9e75,question_bank,question_bank:理论题库_气象:q_0041:idx_0040,理论题库_气象.txt,40,169,2026-06-06 07:24:48
doc_30696ebd9e75,question_bank,question_bank:理论题库_气象:q_0042:idx_0041,理论题库_气象.txt,41,316,2026-06-06 07:24:48
doc_30696ebd9e75,question_bank,question_bank:理论题库_气象:q_0043:idx_0042,理论题库_气象.txt,42,197,2026-06-06 07:24:48
doc_30696ebd9e75,question_bank,question_bank:理论题库_气象:q_0044:idx_0043,理论题库_气象.txt,43,158,2026-06-06 07:24:48
doc_30696ebd9e75,question_bank,question_bank:理论题库_气象:q_0045:idx_0044,理论题库_气象.txt,44,74,2026-06-06 07:24:48
doc_30696ebd9e75,question_bank,question_bank:理论题库_气象:q_0046:idx_0045,理论题库_气象.txt,45,152,2026-06-06 07:24:48
doc_30696ebd9e75,question_bank,question_bank:理论题库_气象:q_0047:idx_0046,理论题库_气象.txt,46,170,2026-06-06 07:24:48
doc_30696ebd9e75,question_bank,question_bank:理论题库_气象:q_0048:idx_0047,理论题库_气象.txt,47,181,2026-06-06 07:24:48
doc_30696ebd9e75,question_bank,question_bank:理论题库_气象:q_0049:idx_0048,理论题库_气象.txt,48,200,2026-06-06 07:24:48
doc_30696ebd9e75,question_bank,question_bank:理论题库_气象:q_0050:idx_0049,理论题库_气象.txt,49,333,2026-06-06 07:24:48
doc_30696ebd9e75,question_bank,question_bank:理论题库_气象:q_0051:idx_0050,理论题库_气象.txt,50,346,2026-06-06 07:24:48
doc_30696ebd9e75,question_bank,question_bank:理论题库_气象:q_0052:idx_0051,理论题库_气象.txt,51,298,2026-06-06 07:24:48
doc_30696ebd9e75,question_bank,question_bank:理论题库_气象:q_0053:idx_0052,理论题库_气象.txt,52,285,2026-06-06 07:24:48
doc_30696ebd9e75,question_bank,question_bank:理论题库_气象:q_0054:idx_0053,理论题库_气象.txt,53,306,2026-06-06 07:24:48
doc_30696ebd9e75,question_bank,question_bank:理论题库_气象:q_0055:idx_0054,理论题库_气象.txt,54,255,2026-06-06 07:24:48
doc_30696ebd9e75,question_bank,question_bank:理论题库_气象:q_0056:idx_0055,理论题库_气象.txt,55,258,2026-06-06 07:24:48
doc_30696ebd9e75,question_bank,question_bank:理论题库_气象:q_0057:idx_0056,理论题库_气象.txt,56,230,2026-06-06 07:24:48
doc_30696ebd9e75,question_bank,question_bank:理论题库_气象:q_0058:idx_0057,理论题库_气象.txt,57,257,2026-06-06 07:24:48
doc_30696ebd9e75,question_bank,question_bank:理论题库_气象:q_0059:idx_0058,理论题库_气象.txt,58,136,2026-06-06 07:24:48
doc_30696ebd9e75,question_bank,question_bank:理论题库_气象:q_0060:idx_0059,理论题库_气象.txt,59,312,2026-06-06 07:24:48
doc_30696ebd9e75,question_bank,question_bank:理论题库_气象:q_0061:idx_0060,理论题库_气象.txt,60,310,2026-06-06 07:24:48
doc_30696ebd9e75,question_bank,question_bank:理论题库_气象:q_0062:idx_0061,理论题库_气象.txt,61,239,2026-06-06 07:24:48
doc_30696ebd9e75,question_bank,question_bank:理论题库_气象:q_0063:idx_0062,理论题库_气象.txt,62,318,2026-06-06 07:24:48
doc_30696ebd9e75,question_bank,question_bank:理论题库_气象:q_0064:idx_0063,理论题库_气象.txt,63,437,2026-06-06 07:24:48
doc_30696ebd9e75,question_bank,question_bank:理论题库_气象:q_0065:idx_0064,理论题库_气象.txt,64,370,2026-06-06 07:24:48
doc_30696ebd9e75,question_bank,question_bank:理论题库_气象:q_0066:idx_0065,理论题库_气象.txt,65,472,2026-06-06 07:24:48
doc_30696ebd9e75,question_bank,question_bank:理论题库_气象:q_0067:idx_0066,理论题库_气象.txt,66,265,2026-06-06 07:24:48
doc_30696ebd9e75,question_bank,question_bank:理论题库_气象:q_0068:idx_0067,理论题库_气象.txt,67,331,2026-06-06 07:24:48
doc_30696ebd9e75,question_bank,question_bank:理论题库_气象:q_0069:idx_0068,理论题库_气象.txt,68,243,2026-06-06 07:24:48
doc_30696ebd9e75,question_bank,question_bank:理论题库_气象:q_0070:idx_0069,理论题库_气象.txt,69,254,2026-06-06 07:24:48
doc_30696ebd9e75,question_bank,question_bank:理论题库_气象:q_0071:idx_0070,理论题库_气象.txt,70,115,2026-06-06 07:24:48
doc_30696ebd9e75,question_bank,question_bank:理论题库_气象:q_0072:idx_0071,理论题库_气象.txt,71,77,2026-06-06 07:24:48
doc_30696ebd9e75,question_bank,question_bank:理论题库_气象:q_0073:idx_0072,理论题库_气象.txt,72,181,2026-06-06 07:24:48
doc_30696ebd9e75,question_bank,question_bank:理论题库_气象:q_0074:idx_0073,理论题库_气象.txt,73,252,2026-06-06 07:24:48
doc_30696ebd9e75,question_bank,question_bank:理论题库_气象:q_0075:idx_0074,理论题库_气象.txt,74,219,2026-06-06 07:24:48
doc_30696ebd9e75,question_bank,question_bank:理论题库_气象:q_0076:idx_0075,理论题库_气象.txt,75,222,2026-06-06 07:24:48
doc_30696ebd9e75,question_bank,question_bank:理论题库_气象:q_0077:idx_0076,理论题库_气象.txt,76,249,2026-06-06 07:24:48
doc_30696ebd9e75,question_bank,question_bank:理论题库_气象:q_0078:idx_0077,理论题库_气象.txt,77,283,2026-06-06 07:24:48
doc_30696ebd9e75,question_bank,question_bank:理论题库_气象:q_0079:idx_0078,理论题库_气象.txt,78,280,2026-06-06 07:24:48
doc_30696ebd9e75,question_bank,question_bank:理论题库_气象:q_0080:idx_0079,理论题库_气象.txt,79,202,2026-06-06 07:24:48
doc_30696ebd9e75,question_bank,question_bank:理论题库_气象:q_0081:idx_0080,理论题库_气象.txt,80,236,2026-06-06 07:24:48
doc_30696ebd9e75,question_bank,question_bank:理论题库_气象:q_0082:idx_0081,理论题库_气象.txt,81,325,2026-06-06 07:24:48
doc_30696ebd9e75,question_bank,question_bank:理论题库_气象:q_0083:idx_0082,理论题库_气象.txt,82,288,2026-06-06 07:24:48
doc_30696ebd9e75,question_bank,question_bank:理论题库_气象:q_0084:idx_0083,理论题库_气象.txt,83,234,2026-06-06 07:24:48
doc_30696ebd9e75,question_bank,question_bank:理论题库_气象:q_0085:idx_0084,理论题库_气象.txt,84,238,2026-06-06 07:24:48
doc_30696ebd9e75,question_bank,question_bank:理论题库_气象:q_0086:idx_0085,理论题库_气象.txt,85,289,2026-06-06 07:24:48
doc_30696ebd9e75,question_bank,question_bank:理论题库_气象:q_0087:idx_0086,理论题库_气象.txt,86,303,2026-06-06 07:24:48
doc_30696ebd9e75,question_bank,question_bank:理论题库_气象:q_0088:idx_0087,理论题库_气象.txt,87,237,2026-06-06 07:24:48
doc_30696ebd9e75,question_bank,question_bank:理论题库_气象:q_0089:idx_0088,理论题库_气象.txt,88,233,2026-06-06 07:24:48
doc_30696ebd9e75,question_bank,question_bank:理论题库_气象:q_0090:idx_0089,理论题库_气象.txt,89,286,2026-06-06 07:24:48
doc_30696ebd9e75,question_bank,question_bank:理论题库_气象:q_0091:idx_0090,理论题库_气象.txt,90,292,2026-06-06 07:24:48
doc_30696ebd9e75,question_bank,question_bank:理论题库_气象:q_0092:idx_0091,理论题库_气象.txt,91,321,2026-06-06 07:24:48
doc_30696ebd9e75,question_bank,question_bank:理论题库_气象:q_0093:idx_0092,理论题库_气象.txt,92,214,2026-06-06 07:24:48
doc_30696ebd9e75,question_bank,question_bank:理论题库_气象:q_0094:idx_0093,理论题库_气象.txt,93,164,2026-06-06 07:24:48
doc_30696ebd9e75,question_bank,question_bank:理论题库_气象:q_0095:idx_0094,理论题库_气象.txt,94,286,2026-06-06 07:24:48
doc_30696ebd9e75,question_bank,question_bank:理论题库_气象:q_0096:idx_0095,理论题库_气象.txt,95,145,2026-06-06 07:24:48
doc_30696ebd9e75,question_bank,question_bank:理论题库_气象:q_0097:idx_0096,理论题库_气象.txt,96,332,2026-06-06 07:24:48
doc_30696ebd9e75,question_bank,question_bank:理论题库_气象:q_0098:idx_0097,理论题库_气象.txt,97,155,2026-06-06 07:24:48
doc_30696ebd9e75,question_bank,question_bank:理论题库_气象:q_0099:idx_0098,理论题库_气象.txt,98,288,2026-06-06 07:24:48
doc_30696ebd9e75,question_bank,question_bank:理论题库_气象:q_0100:idx_0099,理论题库_气象.txt,99,236,2026-06-06 07:24:48
doc_30696ebd9e75,question_bank,question_bank:理论题库_气象:q_0101:idx_0100,理论题库_气象.txt,100,234,2026-06-06 07:24:48
doc_30696ebd9e75,question_bank,question_bank:理论题库_气象:q_0102:idx_0101,理论题库_气象.txt,101,201,2026-06-06 07:24:48
doc_30696ebd9e75,question_bank,question_bank:理论题库_气象:q_0103:idx_0102,理论题库_气象.txt,102,182,2026-06-06 07:24:48
doc_30696ebd9e75,question_bank,question_bank:理论题库_气象:q_0104:idx_0103,理论题库_气象.txt,103,280,2026-06-06 07:24:48
doc_30696ebd9e75,question_bank,question_bank:理论题库_气象:q_0105:idx_0104,理论题库_气象.txt,104,283,2026-06-06 07:24:48
doc_30696ebd9e75,question_bank,question_bank:理论题库_气象:q_0106:idx_0105,理论题库_气象.txt,105,169,2026-06-06 07:24:48
doc_30696ebd9e75,question_bank,question_bank:理论题库_气象:q_0107:idx_0106,理论题库_气象.txt,106,420,2026-06-06 07:24:48
doc_30696ebd9e75,question_bank,question_bank:理论题库_气象:q_0108:idx_0107,理论题库_气象.txt,107,347,2026-06-06 07:24:48
doc_30696ebd9e75,question_bank,question_bank:理论题库_气象:q_0109:idx_0108,理论题库_气象.txt,108,293,2026-06-06 07:24:48
doc_30696ebd9e75,question_bank,question_bank:理论题库_气象:q_0110:idx_0109,理论题库_气象.txt,109,347,2026-06-06 07:24:48
doc_30696ebd9e75,question_bank,question_bank:理论题库_气象:q_0111:idx_0110,理论题库_气象.txt,110,212,2026-06-06 07:24:48
doc_30696ebd9e75,question_bank,question_bank:理论题库_气象:q_0112:idx_0111,理论题库_气象.txt,111,247,2026-06-06 07:24:48
doc_30696ebd9e75,question_bank,question_bank:理论题库_气象:q_0113:idx_0112,理论题库_气象.txt,112,204,2026-06-06 07:24:48
doc_30696ebd9e75,question_bank,question_bank:理论题库_气象:q_0114:idx_0113,理论题库_气象.txt,113,219,2026-06-06 07:24:48
doc_30696ebd9e75,question_bank,question_bank:理论题库_气象:q_0115:idx_0114,理论题库_气象.txt,114,168,2026-06-06 07:24:48
doc_30696ebd9e75,question_bank,question_bank:理论题库_气象:q_0116:idx_0115,理论题库_气象.txt,115,287,2026-06-06 07:24:48
doc_30696ebd9e75,question_bank,question_bank:理论题库_气象:q_0117:idx_0116,理论题库_气象.txt,116,231,2026-06-06 07:24:48
doc_30696ebd9e75,question_bank,question_bank:理论题库_气象:q_0118:idx_0117,理论题库_气象.txt,117,272,2026-06-06 07:24:48
doc_30696ebd9e75,question_bank,question_bank:理论题库_气象:q_0119:idx_0118,理论题库_气象.txt,118,163,2026-06-06 07:24:48
doc_30696ebd9e75,question_bank,question_bank:理论题库_气象:q_0120:idx_0119,理论题库_气象.txt,119,183,2026-06-06 07:24:48
doc_30696ebd9e75,question_bank,question_bank:理论题库_气象:q_0121:idx_0120,理论题库_气象.txt,120,124,2026-06-06 07:24:48
doc_30696ebd9e75,question_bank,question_bank:理论题库_气象:q_0122:idx_0121,理论题库_气象.txt,121,157,2026-06-06 07:24:48
doc_30696ebd9e75,question_bank,question_bank:理论题库_气象:q_0123:idx_0122,理论题库_气象.txt,122,197,2026-06-06 07:24:48
doc_30696ebd9e75,question_bank,question_bank:理论题库_气象:q_0124:idx_0123,理论题库_气象.txt,123,277,2026-06-06 07:24:48
doc_30696ebd9e75,question_bank,question_bank:理论题库_气象:q_0125:idx_0124,理论题库_气象.txt,124,243,2026-06-06 07:24:48
doc_30696ebd9e75,question_bank,question_bank:理论题库_气象:q_0126:idx_0125,理论题库_气象.txt,125,232,2026-06-06 07:24:48
doc_30696ebd9e75,question_bank,question_bank:理论题库_气象:q_0127:idx_0126,理论题库_气象.txt,126,229,2026-06-06 07:24:48
doc_30696ebd9e75,question_bank,question_bank:理论题库_气象:q_0128:idx_0127,理论题库_气象.txt,127,215,2026-06-06 07:24:48
doc_30696ebd9e75,question_bank,question_bank:理论题库_气象:q_0129:idx_0128,理论题库_气象.txt,128,297,2026-06-06 07:24:48
doc_30696ebd9e75,question_bank,question_bank:理论题库_气象:q_0130:idx_0129,理论题库_气象.txt,129,310,2026-06-06 07:24:48
doc_30696ebd9e75,question_bank,question_bank:理论题库_气象:q_0131:idx_0130,理论题库_气象.txt,130,216,2026-06-06 07:24:48
doc_30696ebd9e75,question_bank,question_bank:理论题库_气象:q_0132:idx_0131,理论题库_气象.txt,131,263,2026-06-06 07:24:48
doc_30696ebd9e75,question_bank,question_bank:理论题库_气象:q_0133:idx_0132,理论题库_气象.txt,132,249,2026-06-06 07:24:48
doc_30696ebd9e75,question_bank,question_bank:理论题库_气象:q_0134:idx_0133,理论题库_气象.txt,133,299,2026-06-06 07:24:48
doc_30696ebd9e75,question_bank,question_bank:理论题库_气象:q_0135:idx_0134,理论题库_气象.txt,134,153,2026-06-06 07:24:48
doc_30696ebd9e75,question_bank,question_bank:理论题库_气象:q_0136:idx_0135,理论题库_气象.txt,135,346,2026-06-06 07:24:48
doc_30696ebd9e75,question_bank,question_bank:理论题库_气象:q_0137:idx_0136,理论题库_气象.txt,136,142,2026-06-06 07:24:48
doc_30696ebd9e75,question_bank,question_bank:理论题库_气象:q_0138:idx_0137,理论题库_气象.txt,137,242,2026-06-06 07:24:48
doc_30696ebd9e75,question_bank,question_bank:理论题库_气象:q_0139:idx_0138,理论题库_气象.txt,138,195,2026-06-06 07:24:48
doc_30696ebd9e75,question_bank,question_bank:理论题库_气象:q_0140:idx_0139,理论题库_气象.txt,139,171,2026-06-06 07:24:48
doc_30696ebd9e75,question_bank,question_bank:理论题库_气象:q_0141:idx_0140,理论题库_气象.txt,140,272,2026-06-06 07:24:48
doc_30696ebd9e75,question_bank,question_bank:理论题库_气象:q_0142:idx_0141,理论题库_气象.txt,141,266,2026-06-06 07:24:48
doc_30696ebd9e75,question_bank,question_bank:理论题库_气象:q_0143:idx_0142,理论题库_气象.txt,142,149,2026-06-06 07:24:48
doc_30696ebd9e75,question_bank,question_bank:理论题库_气象:q_0144:idx_0143,理论题库_气象.txt,143,251,2026-06-06 07:24:48
doc_30696ebd9e75,question_bank,question_bank:理论题库_气象:q_0145:idx_0144,理论题库_气象.txt,144,373,2026-06-06 07:24:48
doc_30696ebd9e75,question_bank,question_bank:理论题库_气象:q_0146:idx_0145,理论题库_气象.txt,145,285,2026-06-06 07:24:48
doc_30696ebd9e75,question_bank,question_bank:理论题库_气象:q_0147:idx_0146,理论题库_气象.txt,146,294,2026-06-06 07:24:48
doc_30696ebd9e75,question_bank,question_bank:理论题库_气象:q_0148:idx_0147,理论题库_气象.txt,147,261,2026-06-06 07:24:48
doc_30696ebd9e75,question_bank,question_bank:理论题库_气象:q_0149:idx_0148,理论题库_气象.txt,148,106,2026-06-06 07:24:48
doc_30696ebd9e75,question_bank,question_bank:理论题库_气象:q_0150:idx_0149,理论题库_气象.txt,149,258,2026-06-06 07:24:48
doc_30696ebd9e75,question_bank,question_bank:理论题库_气象:q_0151:idx_0150,理论题库_气象.txt,150,189,2026-06-06 07:24:48
doc_30696ebd9e75,question_bank,question_bank:理论题库_气象:q_0152:idx_0151,理论题库_气象.txt,151,229,2026-06-06 07:24:48
doc_30696ebd9e75,question_bank,question_bank:理论题库_气象:q_0153:idx_0152,理论题库_气象.txt,152,215,2026-06-06 07:24:48
doc_30696ebd9e75,question_bank,question_bank:理论题库_气象:q_0154:idx_0153,理论题库_气象.txt,153,346,2026-06-06 07:24:48
doc_30696ebd9e75,question_bank,question_bank:理论题库_气象:q_0155:idx_0154,理论题库_气象.txt,154,74,2026-06-06 07:24:48
doc_30696ebd9e75,question_bank,question_bank:理论题库_气象:q_0156:idx_0155,理论题库_气象.txt,155,100,2026-06-06 07:24:48
doc_30696ebd9e75,question_bank,question_bank:理论题库_气象:q_0157:idx_0156,理论题库_气象.txt,156,142,2026-06-06 07:24:48
doc_30696ebd9e75,question_bank,question_bank:理论题库_气象:q_0158:idx_0157,理论题库_气象.txt,157,213,2026-06-06 07:24:48
doc_30696ebd9e75,question_bank,question_bank:理论题库_气象:q_0159:idx_0158,理论题库_气象.txt,158,338,2026-06-06 07:24:48
doc_30696ebd9e75,question_bank,question_bank:理论题库_气象:q_0160:idx_0159,理论题库_气象.txt,159,168,2026-06-06 07:24:48
doc_30696ebd9e75,question_bank,question_bank:理论题库_气象:q_0161:idx_0160,理论题库_气象.txt,160,306,2026-06-06 07:24:48
doc_30696ebd9e75,question_bank,question_bank:理论题库_气象:q_0162:idx_0161,理论题库_气象.txt,161,264,2026-06-06 07:24:48
doc_30696ebd9e75,question_bank,question_bank:理论题库_气象:q_0163:idx_0162,理论题库_气象.txt,162,84,2026-06-06 07:24:48
doc_30696ebd9e75,question_bank,question_bank:理论题库_气象:q_0164:idx_0163,理论题库_气象.txt,163,354,2026-06-06 07:24:48
doc_30696ebd9e75,question_bank,question_bank:理论题库_气象:q_0165:idx_0164,理论题库_气象.txt,164,270,2026-06-06 07:24:48
doc_30696ebd9e75,question_bank,question_bank:理论题库_气象:q_0166:idx_0165,理论题库_气象.txt,165,192,2026-06-06 07:24:48
doc_30696ebd9e75,question_bank,question_bank:理论题库_气象:q_0167:idx_0166,理论题库_气象.txt,166,274,2026-06-06 07:24:48
doc_30696ebd9e75,question_bank,question_bank:理论题库_气象:q_0168:idx_0167,理论题库_气象.txt,167,181,2026-06-06 07:24:48
doc_30696ebd9e75,question_bank,question_bank:理论题库_气象:q_0169:idx_0168,理论题库_气象.txt,168,295,2026-06-06 07:24:48
doc_30696ebd9e75,question_bank,question_bank:理论题库_气象:q_0170:idx_0169,理论题库_气象.txt,169,229,2026-06-06 07:24:48
doc_30696ebd9e75,question_bank,question_bank:理论题库_气象:q_0171:idx_0170,理论题库_气象.txt,170,181,2026-06-06 07:24:48
doc_30696ebd9e75,question_bank,question_bank:理论题库_气象:q_0172:idx_0171,理论题库_气象.txt,171,212,2026-06-06 07:24:48
doc_30696ebd9e75,question_bank,question_bank:理论题库_气象:q_0173:idx_0172,理论题库_气象.txt,172,98,2026-06-06 07:24:48
doc_30696ebd9e75,question_bank,question_bank:理论题库_气象:q_0174:idx_0173,理论题库_气象.txt,173,276,2026-06-06 07:24:48
doc_30696ebd9e75,question_bank,question_bank:理论题库_气象:q_0175:idx_0174,理论题库_气象.txt,174,346,2026-06-06 07:24:48
doc_30696ebd9e75,question_bank,question_bank:理论题库_气象:q_0176:idx_0175,理论题库_气象.txt,175,87,2026-06-06 07:24:48
doc_30696ebd9e75,question_bank,question_bank:理论题库_气象:q_0177:idx_0176,理论题库_气象.txt,176,164,2026-06-06 07:24:48
doc_30696ebd9e75,question_bank,question_bank:理论题库_气象:q_0178:idx_0177,理论题库_气象.txt,177,258,2026-06-06 07:24:48
doc_30696ebd9e75,question_bank,question_bank:理论题库_气象:q_0179:idx_0178,理论题库_气象.txt,178,147,2026-06-06 07:24:48
doc_30696ebd9e75,question_bank,question_bank:理论题库_气象:q_0180:idx_0179,理论题库_气象.txt,179,261,2026-06-06 07:24:48
doc_30696ebd9e75,question_bank,question_bank:理论题库_气象:q_0181:idx_0180,理论题库_气象.txt,180,283,2026-06-06 07:24:48
doc_30696ebd9e75,question_bank,question_bank:理论题库_气象:q_0182:idx_0181,理论题库_气象.txt,181,403,2026-06-06 07:24:48
doc_30696ebd9e75,question_bank,question_bank:理论题库_气象:q_0183:idx_0182,理论题库_气象.txt,182,301,2026-06-06 07:24:48
doc_30696ebd9e75,question_bank,question_bank:理论题库_气象:q_0184:idx_0183,理论题库_气象.txt,183,190,2026-06-06 07:24:48
doc_30696ebd9e75,question_bank,question_bank:理论题库_气象:q_0185:idx_0184,理论题库_气象.txt,184,379,2026-06-06 07:24:48
doc_30696ebd9e75,question_bank,question_bank:理论题库_气象:q_0186:idx_0185,理论题库_气象.txt,185,348,2026-06-06 07:24:48
doc_30696ebd9e75,question_bank,question_bank:理论题库_气象:q_0187:idx_0186,理论题库_气象.txt,186,279,2026-06-06 07:24:48
doc_30696ebd9e75,question_bank,question_bank:理论题库_气象:q_0188:idx_0187,理论题库_气象.txt,187,363,2026-06-06 07:24:48
doc_30696ebd9e75,question_bank,question_bank:理论题库_气象:q_0189:idx_0188,理论题库_气象.txt,188,258,2026-06-06 07:24:48
doc_30696ebd9e75,question_bank,question_bank:理论题库_气象:q_0190:idx_0189,理论题库_气象.txt,189,249,2026-06-06 07:24:48
doc_30696ebd9e75,question_bank,question_bank:理论题库_气象:q_0191:idx_0190,理论题库_气象.txt,190,277,2026-06-06 07:24:48
doc_30696ebd9e75,question_bank,question_bank:理论题库_气象:q_0192:idx_0191,理论题库_气象.txt,191,246,2026-06-06 07:24:48
doc_30696ebd9e75,question_bank,question_bank:理论题库_气象:q_0193:idx_0192,理论题库_气象.txt,192,320,2026-06-06 07:24:48
doc_30696ebd9e75,question_bank,question_bank:理论题库_气象:q_0194:idx_0193,理论题库_气象.txt,193,219,2026-06-06 07:24:48
doc_30696ebd9e75,question_bank,question_bank:理论题库_气象:q_0195:idx_0194,理论题库_气象.txt,194,162,2026-06-06 07:24:48
doc_30696ebd9e75,question_bank,question_bank:理论题库_气象:q_0196:idx_0195,理论题库_气象.txt,195,199,2026-06-06 07:24:48
doc_30696ebd9e75,question_bank,question_bank:理论题库_气象:q_0197:idx_0196,理论题库_气象.txt,196,209,2026-06-06 07:24:48
doc_30696ebd9e75,question_bank,question_bank:理论题库_气象:q_0198:idx_0197,理论题库_气象.txt,197,162,2026-06-06 07:24:48
doc_30696ebd9e75,question_bank,question_bank:理论题库_气象:q_0199:idx_0198,理论题库_气象.txt,198,285,2026-06-06 07:24:48
doc_30696ebd9e75,question_bank,question_bank:理论题库_气象:q_0200:idx_0199,理论题库_气象.txt,199,189,2026-06-06 07:24:48
doc_30696ebd9e75,question_bank,question_bank:理论题库_气象:q_0201:idx_0200,理论题库_气象.txt,200,188,2026-06-06 07:24:48
doc_30696ebd9e75,question_bank,question_bank:理论题库_气象:q_0202:idx_0201,理论题库_气象.txt,201,205,2026-06-06 07:24:48
doc_30696ebd9e75,question_bank,question_bank:理论题库_气象:q_0203:idx_0202,理论题库_气象.txt,202,232,2026-06-06 07:24:48
doc_30696ebd9e75,question_bank,question_bank:理论题库_气象:q_0204:idx_0203,理论题库_气象.txt,203,91,2026-06-06 07:24:48
doc_30696ebd9e75,question_bank,question_bank:理论题库_气象:q_0205:idx_0204,理论题库_气象.txt,204,147,2026-06-06 07:24:48
doc_30696ebd9e75,question_bank,question_bank:理论题库_气象:q_0206:idx_0205,理论题库_气象.txt,205,86,2026-06-06 07:24:48
doc_30696ebd9e75,question_bank,question_bank:理论题库_气象:q_0207:idx_0206,理论题库_气象.txt,206,49,2026-06-06 07:24:48
doc_30696ebd9e75,question_bank,question_bank:理论题库_气象:q_0208:idx_0207,理论题库_气象.txt,207,62,2026-06-06 07:24:48
doc_30696ebd9e75,question_bank,question_bank:理论题库_气象:q_0209:idx_0208,理论题库_气象.txt,208,178,2026-06-06 07:24:48
doc_30696ebd9e75,question_bank,question_bank:理论题库_气象:q_0210:idx_0209,理论题库_气象.txt,209,52,2026-06-06 07:24:48
doc_30696ebd9e75,question_bank,question_bank:理论题库_气象:q_0211:idx_0210,理论题库_气象.txt,210,244,2026-06-06 07:24:48
doc_30696ebd9e75,question_bank,question_bank:理论题库_气象:q_0212:idx_0211,理论题库_气象.txt,211,144,2026-06-06 07:24:48
doc_30696ebd9e75,question_bank,question_bank:理论题库_气象:q_0213:idx_0212,理论题库_气象.txt,212,229,2026-06-06 07:24:48
doc_30696ebd9e75,question_bank,question_bank:理论题库_气象:q_0214:idx_0213,理论题库_气象.txt,213,195,2026-06-06 07:24:48
doc_30696ebd9e75,question_bank,question_bank:理论题库_气象:q_0215:idx_0214,理论题库_气象.txt,214,273,2026-06-06 07:24:48
doc_30696ebd9e75,question_bank,question_bank:理论题库_气象:q_0216:idx_0215,理论题库_气象.txt,215,232,2026-06-06 07:24:48
doc_30696ebd9e75,question_bank,question_bank:理论题库_气象:q_0217:idx_0216,理论题库_气象.txt,216,63,2026-06-06 07:24:48
doc_30696ebd9e75,question_bank,question_bank:理论题库_气象:q_0218:idx_0217,理论题库_气象.txt,217,178,2026-06-06 07:24:48
doc_30696ebd9e75,question_bank,question_bank:理论题库_气象:q_0219:idx_0218,理论题库_气象.txt,218,244,2026-06-06 07:24:48
doc_30696ebd9e75,question_bank,question_bank:理论题库_气象:q_0220:idx_0219,理论题库_气象.txt,219,76,2026-06-06 07:24:48
doc_30696ebd9e75,question_bank,question_bank:理论题库_气象:q_0221:idx_0220,理论题库_气象.txt,220,163,2026-06-06 07:24:48
doc_30696ebd9e75,question_bank,question_bank:理论题库_气象:q_0222:idx_0221,理论题库_气象.txt,221,203,2026-06-06 07:24:48
doc_30696ebd9e75,question_bank,question_bank:理论题库_气象:q_0223:idx_0222,理论题库_气象.txt,222,214,2026-06-06 07:24:48
doc_30696ebd9e75,question_bank,question_bank:理论题库_气象:q_0224:idx_0223,理论题库_气象.txt,223,184,2026-06-06 07:24:48
doc_30696ebd9e75,question_bank,question_bank:理论题库_气象:q_0225:idx_0224,理论题库_气象.txt,224,245,2026-06-06 07:24:48
doc_30696ebd9e75,question_bank,question_bank:理论题库_气象:q_0226:idx_0225,理论题库_气象.txt,225,194,2026-06-06 07:24:48
doc_30696ebd9e75,question_bank,question_bank:理论题库_气象:q_0227:idx_0226,理论题库_气象.txt,226,276,2026-06-06 07:24:48
doc_30696ebd9e75,question_bank,question_bank:理论题库_气象:q_0228:idx_0227,理论题库_气象.txt,227,313,2026-06-06 07:24:48
doc_30696ebd9e75,question_bank,question_bank:理论题库_气象:q_0229:idx_0228,理论题库_气象.txt,228,223,2026-06-06 07:24:48
doc_30696ebd9e75,question_bank,question_bank:理论题库_气象:q_0230:idx_0229,理论题库_气象.txt,229,285,2026-06-06 07:24:48
doc_30696ebd9e75,question_bank,question_bank:理论题库_气象:q_0231:idx_0230,理论题库_气象.txt,230,178,2026-06-06 07:24:48
doc_30696ebd9e75,question_bank,question_bank:理论题库_气象:q_0232:idx_0231,理论题库_气象.txt,231,293,2026-06-06 07:24:48
doc_30696ebd9e75,question_bank,question_bank:理论题库_气象:q_0233:idx_0232,理论题库_气象.txt,232,224,2026-06-06 07:24:48
doc_30696ebd9e75,question_bank,question_bank:理论题库_气象:q_0234:idx_0233,理论题库_气象.txt,233,102,2026-06-06 07:24:48
doc_30696ebd9e75,question_bank,question_bank:理论题库_气象:q_0235:idx_0234,理论题库_气象.txt,234,247,2026-06-06 07:24:48
doc_30696ebd9e75,question_bank,question_bank:理论题库_气象:q_0236:idx_0235,理论题库_气象.txt,235,168,2026-06-06 07:24:48
doc_30696ebd9e75,question_bank,question_bank:理论题库_气象:q_0237:idx_0236,理论题库_气象.txt,236,60,2026-06-06 07:24:48
doc_30696ebd9e75,question_bank,question_bank:理论题库_气象:q_0238:idx_0237,理论题库_气象.txt,237,210,2026-06-06 07:24:48
doc_30696ebd9e75,question_bank,question_bank:理论题库_气象:q_0239:idx_0238,理论题库_气象.txt,238,198,2026-06-06 07:24:48
doc_30696ebd9e75,question_bank,question_bank:理论题库_气象:q_0240:idx_0239,理论题库_气象.txt,239,294,2026-06-06 07:24:48
doc_30696ebd9e75,question_bank,question_bank:理论题库_气象:q_0241:idx_0240,理论题库_气象.txt,240,248,2026-06-06 07:24:48
doc_30696ebd9e75,question_bank,question_bank:理论题库_气象:q_0242:idx_0241,理论题库_气象.txt,241,55,2026-06-06 07:24:48
doc_30696ebd9e75,question_bank,question_bank:理论题库_气象:q_0243:idx_0242,理论题库_气象.txt,242,70,2026-06-06 07:24:48
doc_30696ebd9e75,question_bank,question_bank:理论题库_气象:q_0244:idx_0243,理论题库_气象.txt,243,166,2026-06-06 07:24:48
doc_30696ebd9e75,question_bank,question_bank:理论题库_气象:q_0245:idx_0244,理论题库_气象.txt,244,225,2026-06-06 07:24:48
doc_30696ebd9e75,question_bank,question_bank:理论题库_气象:q_0246:idx_0245,理论题库_气象.txt,245,306,2026-06-06 07:24:48
doc_30696ebd9e75,question_bank,question_bank:理论题库_气象:q_0247:idx_0246,理论题库_气象.txt,246,317,2026-06-06 07:24:48
doc_30696ebd9e75,question_bank,question_bank:理论题库_气象:q_0248:idx_0247,理论题库_气象.txt,247,194,2026-06-06 07:24:48
doc_30696ebd9e75,question_bank,question_bank:理论题库_气象:q_0249:idx_0248,理论题库_气象.txt,248,138,2026-06-06 07:24:48
doc_30696ebd9e75,question_bank,question_bank:理论题库_气象:q_0250:idx_0249,理论题库_气象.txt,249,192,2026-06-06 07:24:48
doc_30696ebd9e75,question_bank,question_bank:理论题库_气象:q_0251:idx_0250,理论题库_气象.txt,250,258,2026-06-06 07:24:48
doc_30696ebd9e75,question_bank,question_bank:理论题库_气象:q_0252:idx_0251,理论题库_气象.txt,251,299,2026-06-06 07:24:48
doc_30696ebd9e75,question_bank,question_bank:理论题库_气象:q_0253:idx_0252,理论题库_气象.txt,252,123,2026-06-06 07:24:48
doc_30696ebd9e75,question_bank,question_bank:理论题库_气象:q_0254:idx_0253,理论题库_气象.txt,253,71,2026-06-06 07:24:48
doc_30696ebd9e75,question_bank,question_bank:理论题库_气象:q_0255:idx_0254,理论题库_气象.txt,254,266,2026-06-06 07:24:48
doc_30696ebd9e75,question_bank,question_bank:理论题库_气象:q_0001:idx_0255,理论题库_气象.txt,255,131,2026-06-06 07:24:48
doc_59e255f9f925,question_bank,question_bank:理论题库_空中交通管制:q_0002:idx_0000,理论题库_空中交通管制.txt,0,285,2026-06-06 07:24:48
doc_59e255f9f925,question_bank,question_bank:理论题库_空中交通管制:q_0003:idx_0001,理论题库_空中交通管制.txt,1,245,2026-06-06 07:24:48
doc_59e255f9f925,question_bank,question_bank:理论题库_空中交通管制:q_0004:idx_0002,理论题库_空中交通管制.txt,2,211,2026-06-06 07:24:48
doc_59e255f9f925,question_bank,question_bank:理论题库_空中交通管制:q_0005:idx_0003,理论题库_空中交通管制.txt,3,216,2026-06-06 07:24:48
doc_59e255f9f925,question_bank,question_bank:理论题库_空中交通管制:q_0006:idx_0004,理论题库_空中交通管制.txt,4,225,2026-06-06 07:24:48
doc_59e255f9f925,question_bank,question_bank:理论题库_空中交通管制:q_0007:idx_0005,理论题库_空中交通管制.txt,5,116,2026-06-06 07:24:48
doc_59e255f9f925,question_bank,question_bank:理论题库_空中交通管制:q_0008:idx_0006,理论题库_空中交通管制.txt,6,205,2026-06-06 07:24:48
doc_59e255f9f925,question_bank,question_bank:理论题库_空中交通管制:q_0009:idx_0007,理论题库_空中交通管制.txt,7,217,2026-06-06 07:24:48
doc_59e255f9f925,question_bank,question_bank:理论题库_空中交通管制:q_0010:idx_0008,理论题库_空中交通管制.txt,8,444,2026-06-06 07:24:48
doc_59e255f9f925,question_bank,question_bank:理论题库_空中交通管制:q_0012:idx_0009,理论题库_空中交通管制.txt,9,253,2026-06-06 07:24:48
doc_59e255f9f925,question_bank,question_bank:理论题库_空中交通管制:q_0013:idx_0010,理论题库_空中交通管制.txt,10,222,2026-06-06 07:24:48
doc_59e255f9f925,question_bank,question_bank:理论题库_空中交通管制:q_0014:idx_0011,理论题库_空中交通管制.txt,11,324,2026-06-06 07:24:48
doc_59e255f9f925,question_bank,question_bank:理论题库_空中交通管制:q_0015:idx_0012,理论题库_空中交通管制.txt,12,416,2026-06-06 07:24:48
doc_59e255f9f925,question_bank,question_bank:理论题库_空中交通管制:q_0016:idx_0013,理论题库_空中交通管制.txt,13,288,2026-06-06 07:24:48
doc_59e255f9f925,question_bank,question_bank:理论题库_空中交通管制:q_0017:idx_0014,理论题库_空中交通管制.txt,14,225,2026-06-06 07:24:48
doc_59e255f9f925,question_bank,question_bank:理论题库_空中交通管制:q_0018:idx_0015,理论题库_空中交通管制.txt,15,310,2026-06-06 07:24:48
doc_59e255f9f925,question_bank,question_bank:理论题库_空中交通管制:q_0019:idx_0016,理论题库_空中交通管制.txt,16,388,2026-06-06 07:24:48
doc_59e255f9f925,question_bank,question_bank:理论题库_空中交通管制:q_0020:idx_0017,理论题库_空中交通管制.txt,17,389,2026-06-06 07:24:48
doc_59e255f9f925,question_bank,question_bank:理论题库_空中交通管制:q_0022:idx_0018,理论题库_空中交通管制.txt,18,265,2026-06-06 07:24:48
doc_59e255f9f925,question_bank,question_bank:理论题库_空中交通管制:q_0023:idx_0019,理论题库_空中交通管制.txt,19,377,2026-06-06 07:24:48
doc_59e255f9f925,question_bank,question_bank:理论题库_空中交通管制:q_0024:idx_0020,理论题库_空中交通管制.txt,20,311,2026-06-06 07:24:48
doc_59e255f9f925,question_bank,question_bank:理论题库_空中交通管制:q_0025:idx_0021,理论题库_空中交通管制.txt,21,341,2026-06-06 07:24:48
doc_59e255f9f925,question_bank,question_bank:理论题库_空中交通管制:q_0026:idx_0022,理论题库_空中交通管制.txt,22,377,2026-06-06 07:24:48
doc_59e255f9f925,question_bank,question_bank:理论题库_空中交通管制:q_0027:idx_0023,理论题库_空中交通管制.txt,23,313,2026-06-06 07:24:48
doc_59e255f9f925,question_bank,question_bank:理论题库_空中交通管制:q_0028:idx_0024,理论题库_空中交通管制.txt,24,182,2026-06-06 07:24:48
doc_59e255f9f925,question_bank,question_bank:理论题库_空中交通管制:q_0029:idx_0025,理论题库_空中交通管制.txt,25,275,2026-06-06 07:24:48
doc_59e255f9f925,question_bank,question_bank:理论题库_空中交通管制:q_0030:idx_0026,理论题库_空中交通管制.txt,26,470,2026-06-06 07:24:48
doc_59e255f9f925,question_bank,question_bank:理论题库_空中交通管制:q_0032:idx_0027,理论题库_空中交通管制.txt,27,192,2026-06-06 07:24:48
doc_59e255f9f925,question_bank,question_bank:理论题库_空中交通管制:q_0033:idx_0028,理论题库_空中交通管制.txt,28,175,2026-06-06 07:24:48
doc_59e255f9f925,question_bank,question_bank:理论题库_空中交通管制:q_0034:idx_0029,理论题库_空中交通管制.txt,29,201,2026-06-06 07:24:48
doc_59e255f9f925,question_bank,question_bank:理论题库_空中交通管制:q_0035:idx_0030,理论题库_空中交通管制.txt,30,366,2026-06-06 07:24:48
doc_59e255f9f925,question_bank,question_bank:理论题库_空中交通管制:q_0036:idx_0031,理论题库_空中交通管制.txt,31,206,2026-06-06 07:24:48
doc_59e255f9f925,question_bank,question_bank:理论题库_空中交通管制:q_0037:idx_0032,理论题库_空中交通管制.txt,32,302,2026-06-06 07:24:48
doc_59e255f9f925,question_bank,question_bank:理论题库_空中交通管制:q_0001:idx_0033,理论题库_空中交通管制.txt,33,123,2026-06-06 07:24:48
doc_59e255f9f925,question_bank,question_bank:理论题库_空中交通管制:q_0002:idx_0034,理论题库_空中交通管制.txt,34,118,2026-06-06 07:24:48
doc_59e255f9f925,question_bank,question_bank:理论题库_空中交通管制:q_0003:idx_0035,理论题库_空中交通管制.txt,35,162,2026-06-06 07:24:48
doc_59e255f9f925,question_bank,question_bank:理论题库_空中交通管制:q_0004:idx_0036,理论题库_空中交通管制.txt,36,124,2026-06-06 07:24:48
doc_6059438b1f3d,question_bank,question_bank:理论题库_系统组成及介绍:q_0001:idx_0000,理论题库_系统组成及介绍.txt,0,172,2026-06-06 07:24:48
doc_6059438b1f3d,question_bank,question_bank:理论题库_系统组成及介绍:q_0002:idx_0001,理论题库_系统组成及介绍.txt,1,187,2026-06-06 07:24:48
doc_6059438b1f3d,question_bank,question_bank:理论题库_系统组成及介绍:q_0003:idx_0002,理论题库_系统组成及介绍.txt,2,115,2026-06-06 07:24:48
doc_6059438b1f3d,question_bank,question_bank:理论题库_系统组成及介绍:q_0004:idx_0003,理论题库_系统组成及介绍.txt,3,206,2026-06-06 07:24:48
doc_6059438b1f3d,question_bank,question_bank:理论题库_系统组成及介绍:q_0005:idx_0004,理论题库_系统组成及介绍.txt,4,322,2026-06-06 07:24:48
doc_6059438b1f3d,question_bank,question_bank:理论题库_系统组成及介绍:q_0006:idx_0005,理论题库_系统组成及介绍.txt,5,226,2026-06-06 07:24:48
doc_6059438b1f3d,question_bank,question_bank:理论题库_系统组成及介绍:q_0007:idx_0006,理论题库_系统组成及介绍.txt,6,198,2026-06-06 07:24:48
doc_6059438b1f3d,question_bank,question_bank:理论题库_系统组成及介绍:q_0008:idx_0007,理论题库_系统组成及介绍.txt,7,129,2026-06-06 07:24:48
doc_6059438b1f3d,question_bank,question_bank:理论题库_系统组成及介绍:q_0009:idx_0008,理论题库_系统组成及介绍.txt,8,166,2026-06-06 07:24:48
doc_6059438b1f3d,question_bank,question_bank:理论题库_系统组成及介绍:q_0010:idx_0009,理论题库_系统组成及介绍.txt,9,185,2026-06-06 07:24:48
doc_6059438b1f3d,question_bank,question_bank:理论题库_系统组成及介绍:q_0011:idx_0010,理论题库_系统组成及介绍.txt,10,183,2026-06-06 07:24:48
doc_6059438b1f3d,question_bank,question_bank:理论题库_系统组成及介绍:q_0012:idx_0011,理论题库_系统组成及介绍.txt,11,114,2026-06-06 07:24:48
doc_6059438b1f3d,question_bank,question_bank:理论题库_系统组成及介绍:q_0013:idx_0012,理论题库_系统组成及介绍.txt,12,142,2026-06-06 07:24:48
doc_6059438b1f3d,question_bank,question_bank:理论题库_系统组成及介绍:q_0014:idx_0013,理论题库_系统组成及介绍.txt,13,182,2026-06-06 07:24:48
doc_6059438b1f3d,question_bank,question_bank:理论题库_系统组成及介绍:q_0015:idx_0014,理论题库_系统组成及介绍.txt,14,157,2026-06-06 07:24:48
doc_6059438b1f3d,question_bank,question_bank:理论题库_系统组成及介绍:q_0016:idx_0015,理论题库_系统组成及介绍.txt,15,208,2026-06-06 07:24:48
doc_6059438b1f3d,question_bank,question_bank:理论题库_系统组成及介绍:q_0017:idx_0016,理论题库_系统组成及介绍.txt,16,177,2026-06-06 07:24:48
doc_6059438b1f3d,question_bank,question_bank:理论题库_系统组成及介绍:q_0018:idx_0017,理论题库_系统组成及介绍.txt,17,204,2026-06-06 07:24:48
doc_6059438b1f3d,question_bank,question_bank:理论题库_系统组成及介绍:q_0019:idx_0018,理论题库_系统组成及介绍.txt,18,224,2026-06-06 07:24:48
doc_6059438b1f3d,question_bank,question_bank:理论题库_系统组成及介绍:q_0020:idx_0019,理论题库_系统组成及介绍.txt,19,137,2026-06-06 07:24:48
doc_6059438b1f3d,question_bank,question_bank:理论题库_系统组成及介绍:q_0021:idx_0020,理论题库_系统组成及介绍.txt,20,263,2026-06-06 07:24:48
doc_6059438b1f3d,question_bank,question_bank:理论题库_系统组成及介绍:q_0022:idx_0021,理论题库_系统组成及介绍.txt,21,233,2026-06-06 07:24:48
doc_6059438b1f3d,question_bank,question_bank:理论题库_系统组成及介绍:q_0023:idx_0022,理论题库_系统组成及介绍.txt,22,178,2026-06-06 07:24:48
doc_6059438b1f3d,question_bank,question_bank:理论题库_系统组成及介绍:q_0024:idx_0023,理论题库_系统组成及介绍.txt,23,249,2026-06-06 07:24:48
doc_6059438b1f3d,question_bank,question_bank:理论题库_系统组成及介绍:q_0025:idx_0024,理论题库_系统组成及介绍.txt,24,264,2026-06-06 07:24:48
doc_6059438b1f3d,question_bank,question_bank:理论题库_系统组成及介绍:q_0026:idx_0025,理论题库_系统组成及介绍.txt,25,243,2026-06-06 07:24:48
doc_6059438b1f3d,question_bank,question_bank:理论题库_系统组成及介绍:q_0027:idx_0026,理论题库_系统组成及介绍.txt,26,162,2026-06-06 07:24:48
doc_6059438b1f3d,question_bank,question_bank:理论题库_系统组成及介绍:q_0028:idx_0027,理论题库_系统组成及介绍.txt,27,173,2026-06-06 07:24:48
doc_6059438b1f3d,question_bank,question_bank:理论题库_系统组成及介绍:q_0029:idx_0028,理论题库_系统组成及介绍.txt,28,165,2026-06-06 07:24:48
doc_6059438b1f3d,question_bank,question_bank:理论题库_系统组成及介绍:q_0030:idx_0029,理论题库_系统组成及介绍.txt,29,244,2026-06-06 07:24:48
doc_6059438b1f3d,question_bank,question_bank:理论题库_系统组成及介绍:q_0032:idx_0030,理论题库_系统组成及介绍.txt,30,173,2026-06-06 07:24:48
doc_6059438b1f3d,question_bank,question_bank:理论题库_系统组成及介绍:q_0033:idx_0031,理论题库_系统组成及介绍.txt,31,251,2026-06-06 07:24:48
doc_6059438b1f3d,question_bank,question_bank:理论题库_系统组成及介绍:q_0034:idx_0032,理论题库_系统组成及介绍.txt,32,251,2026-06-06 07:24:48
doc_6059438b1f3d,question_bank,question_bank:理论题库_系统组成及介绍:q_0035:idx_0033,理论题库_系统组成及介绍.txt,33,267,2026-06-06 07:24:48
doc_6059438b1f3d,question_bank,question_bank:理论题库_系统组成及介绍:q_0036:idx_0034,理论题库_系统组成及介绍.txt,34,143,2026-06-06 07:24:48
doc_6059438b1f3d,question_bank,question_bank:理论题库_系统组成及介绍:q_0037:idx_0035,理论题库_系统组成及介绍.txt,35,167,2026-06-06 07:24:48
doc_6059438b1f3d,question_bank,question_bank:理论题库_系统组成及介绍:q_0038:idx_0036,理论题库_系统组成及介绍.txt,36,303,2026-06-06 07:24:48
doc_6059438b1f3d,question_bank,question_bank:理论题库_系统组成及介绍:q_0039:idx_0037,理论题库_系统组成及介绍.txt,37,121,2026-06-06 07:24:48
doc_6059438b1f3d,question_bank,question_bank:理论题库_系统组成及介绍:q_0040:idx_0038,理论题库_系统组成及介绍.txt,38,202,2026-06-06 07:24:48
doc_6059438b1f3d,question_bank,question_bank:理论题库_系统组成及介绍:q_0041:idx_0039,理论题库_系统组成及介绍.txt,39,225,2026-06-06 07:24:48
doc_6059438b1f3d,question_bank,question_bank:理论题库_系统组成及介绍:q_0042:idx_0040,理论题库_系统组成及介绍.txt,40,227,2026-06-06 07:24:48
doc_6059438b1f3d,question_bank,question_bank:理论题库_系统组成及介绍:q_0043:idx_0041,理论题库_系统组成及介绍.txt,41,202,2026-06-06 07:24:48
doc_6059438b1f3d,question_bank,question_bank:理论题库_系统组成及介绍:q_0044:idx_0042,理论题库_系统组成及介绍.txt,42,150,2026-06-06 07:24:48
doc_6059438b1f3d,question_bank,question_bank:理论题库_系统组成及介绍:q_0045:idx_0043,理论题库_系统组成及介绍.txt,43,142,2026-06-06 07:24:48
doc_6059438b1f3d,question_bank,question_bank:理论题库_系统组成及介绍:q_0046:idx_0044,理论题库_系统组成及介绍.txt,44,172,2026-06-06 07:24:48
doc_6059438b1f3d,question_bank,question_bank:理论题库_系统组成及介绍:q_0047:idx_0045,理论题库_系统组成及介绍.txt,45,245,2026-06-06 07:24:48
doc_6059438b1f3d,question_bank,question_bank:理论题库_系统组成及介绍:q_0048:idx_0046,理论题库_系统组成及介绍.txt,46,235,2026-06-06 07:24:48
doc_6059438b1f3d,question_bank,question_bank:理论题库_系统组成及介绍:q_0049:idx_0047,理论题库_系统组成及介绍.txt,47,105,2026-06-06 07:24:48
doc_6059438b1f3d,question_bank,question_bank:理论题库_系统组成及介绍:q_0050:idx_0048,理论题库_系统组成及介绍.txt,48,298,2026-06-06 07:24:48
doc_6059438b1f3d,question_bank,question_bank:理论题库_系统组成及介绍:q_0051:idx_0049,理论题库_系统组成及介绍.txt,49,194,2026-06-06 07:24:48
doc_6059438b1f3d,question_bank,question_bank:理论题库_系统组成及介绍:q_0052:idx_0050,理论题库_系统组成及介绍.txt,50,172,2026-06-06 07:24:48
doc_6059438b1f3d,question_bank,question_bank:理论题库_系统组成及介绍:q_0053:idx_0051,理论题库_系统组成及介绍.txt,51,227,2026-06-06 07:24:48
doc_6059438b1f3d,question_bank,question_bank:理论题库_系统组成及介绍:q_0054:idx_0052,理论题库_系统组成及介绍.txt,52,195,2026-06-06 07:24:48
doc_6059438b1f3d,question_bank,question_bank:理论题库_系统组成及介绍:q_0055:idx_0053,理论题库_系统组成及介绍.txt,53,241,2026-06-06 07:24:48
doc_6059438b1f3d,question_bank,question_bank:理论题库_系统组成及介绍:q_0056:idx_0054,理论题库_系统组成及介绍.txt,54,177,2026-06-06 07:24:48
doc_6059438b1f3d,question_bank,question_bank:理论题库_系统组成及介绍:q_0057:idx_0055,理论题库_系统组成及介绍.txt,55,173,2026-06-06 07:24:48
doc_6059438b1f3d,question_bank,question_bank:理论题库_系统组成及介绍:q_0058:idx_0056,理论题库_系统组成及介绍.txt,56,255,2026-06-06 07:24:48
doc_6059438b1f3d,question_bank,question_bank:理论题库_系统组成及介绍:q_0059:idx_0057,理论题库_系统组成及介绍.txt,57,342,2026-06-06 07:24:48
doc_6059438b1f3d,question_bank,question_bank:理论题库_系统组成及介绍:q_0060:idx_0058,理论题库_系统组成及介绍.txt,58,191,2026-06-06 07:24:48
doc_6059438b1f3d,question_bank,question_bank:理论题库_系统组成及介绍:q_0061:idx_0059,理论题库_系统组成及介绍.txt,59,284,2026-06-06 07:24:48
doc_6059438b1f3d,question_bank,question_bank:理论题库_系统组成及介绍:q_0062:idx_0060,理论题库_系统组成及介绍.txt,60,273,2026-06-06 07:24:48
doc_6059438b1f3d,question_bank,question_bank:理论题库_系统组成及介绍:q_0063:idx_0061,理论题库_系统组成及介绍.txt,61,225,2026-06-06 07:24:48
doc_6059438b1f3d,question_bank,question_bank:理论题库_系统组成及介绍:q_0064:idx_0062,理论题库_系统组成及介绍.txt,62,187,2026-06-06 07:24:48
doc_6059438b1f3d,question_bank,question_bank:理论题库_系统组成及介绍:q_0065:idx_0063,理论题库_系统组成及介绍.txt,63,239,2026-06-06 07:24:48
doc_6059438b1f3d,question_bank,question_bank:理论题库_系统组成及介绍:q_0066:idx_0064,理论题库_系统组成及介绍.txt,64,169,2026-06-06 07:24:48
doc_6059438b1f3d,question_bank,question_bank:理论题库_系统组成及介绍:q_0067:idx_0065,理论题库_系统组成及介绍.txt,65,206,2026-06-06 07:24:48
doc_6059438b1f3d,question_bank,question_bank:理论题库_系统组成及介绍:q_0068:idx_0066,理论题库_系统组成及介绍.txt,66,172,2026-06-06 07:24:48
doc_6059438b1f3d,question_bank,question_bank:理论题库_系统组成及介绍:q_0069:idx_0067,理论题库_系统组成及介绍.txt,67,201,2026-06-06 07:24:48
doc_6059438b1f3d,question_bank,question_bank:理论题库_系统组成及介绍:q_0070:idx_0068,理论题库_系统组成及介绍.txt,68,200,2026-06-06 07:24:48
doc_6059438b1f3d,question_bank,question_bank:理论题库_系统组成及介绍:q_0071:idx_0069,理论题库_系统组成及介绍.txt,69,176,2026-06-06 07:24:48
doc_6059438b1f3d,question_bank,question_bank:理论题库_系统组成及介绍:q_0072:idx_0070,理论题库_系统组成及介绍.txt,70,200,2026-06-06 07:24:48
doc_6059438b1f3d,question_bank,question_bank:理论题库_系统组成及介绍:q_0073:idx_0071,理论题库_系统组成及介绍.txt,71,228,2026-06-06 07:24:48
doc_6059438b1f3d,question_bank,question_bank:理论题库_系统组成及介绍:q_0074:idx_0072,理论题库_系统组成及介绍.txt,72,195,2026-06-06 07:24:48
doc_6059438b1f3d,question_bank,question_bank:理论题库_系统组成及介绍:q_0075:idx_0073,理论题库_系统组成及介绍.txt,73,166,2026-06-06 07:24:48
doc_6059438b1f3d,question_bank,question_bank:理论题库_系统组成及介绍:q_0076:idx_0074,理论题库_系统组成及介绍.txt,74,187,2026-06-06 07:24:48
doc_6059438b1f3d,question_bank,question_bank:理论题库_系统组成及介绍:q_0077:idx_0075,理论题库_系统组成及介绍.txt,75,159,2026-06-06 07:24:48
doc_6059438b1f3d,question_bank,question_bank:理论题库_系统组成及介绍:q_0078:idx_0076,理论题库_系统组成及介绍.txt,76,264,2026-06-06 07:24:48
doc_6059438b1f3d,question_bank,question_bank:理论题库_系统组成及介绍:q_0079:idx_0077,理论题库_系统组成及介绍.txt,77,131,2026-06-06 07:24:48
doc_6059438b1f3d,question_bank,question_bank:理论题库_系统组成及介绍:q_0080:idx_0078,理论题库_系统组成及介绍.txt,78,235,2026-06-06 07:24:48
doc_6059438b1f3d,question_bank,question_bank:理论题库_系统组成及介绍:q_0082:idx_0079,理论题库_系统组成及介绍.txt,79,180,2026-06-06 07:24:48
doc_6059438b1f3d,question_bank,question_bank:理论题库_系统组成及介绍:q_0083:idx_0080,理论题库_系统组成及介绍.txt,80,237,2026-06-06 07:24:48
doc_6059438b1f3d,question_bank,question_bank:理论题库_系统组成及介绍:q_0084:idx_0081,理论题库_系统组成及介绍.txt,81,239,2026-06-06 07:24:48
doc_6059438b1f3d,question_bank,question_bank:理论题库_系统组成及介绍:q_0085:idx_0082,理论题库_系统组成及介绍.txt,82,251,2026-06-06 07:24:48
doc_6059438b1f3d,question_bank,question_bank:理论题库_系统组成及介绍:q_0086:idx_0083,理论题库_系统组成及介绍.txt,83,247,2026-06-06 07:24:48
doc_6059438b1f3d,question_bank,question_bank:理论题库_系统组成及介绍:q_0087:idx_0084,理论题库_系统组成及介绍.txt,84,241,2026-06-06 07:24:48
doc_6059438b1f3d,question_bank,question_bank:理论题库_系统组成及介绍:q_0088:idx_0085,理论题库_系统组成及介绍.txt,85,272,2026-06-06 07:24:48
doc_6059438b1f3d,question_bank,question_bank:理论题库_系统组成及介绍:q_0089:idx_0086,理论题库_系统组成及介绍.txt,86,127,2026-06-06 07:24:48
doc_6059438b1f3d,question_bank,question_bank:理论题库_系统组成及介绍:q_0090:idx_0087,理论题库_系统组成及介绍.txt,87,182,2026-06-06 07:24:48
doc_6059438b1f3d,question_bank,question_bank:理论题库_系统组成及介绍:q_0091:idx_0088,理论题库_系统组成及介绍.txt,88,139,2026-06-06 07:24:48
doc_6059438b1f3d,question_bank,question_bank:理论题库_系统组成及介绍:q_0092:idx_0089,理论题库_系统组成及介绍.txt,89,190,2026-06-06 07:24:48
doc_6059438b1f3d,question_bank,question_bank:理论题库_系统组成及介绍:q_0093:idx_0090,理论题库_系统组成及介绍.txt,90,264,2026-06-06 07:24:48
doc_6059438b1f3d,question_bank,question_bank:理论题库_系统组成及介绍:q_0094:idx_0091,理论题库_系统组成及介绍.txt,91,188,2026-06-06 07:24:48
doc_6059438b1f3d,question_bank,question_bank:理论题库_系统组成及介绍:q_0095:idx_0092,理论题库_系统组成及介绍.txt,92,153,2026-06-06 07:24:48
doc_6059438b1f3d,question_bank,question_bank:理论题库_系统组成及介绍:q_0096:idx_0093,理论题库_系统组成及介绍.txt,93,242,2026-06-06 07:24:48
doc_6059438b1f3d,question_bank,question_bank:理论题库_系统组成及介绍:q_0097:idx_0094,理论题库_系统组成及介绍.txt,94,176,2026-06-06 07:24:48
doc_6059438b1f3d,question_bank,question_bank:理论题库_系统组成及介绍:q_0098:idx_0095,理论题库_系统组成及介绍.txt,95,189,2026-06-06 07:24:48
doc_6059438b1f3d,question_bank,question_bank:理论题库_系统组成及介绍:q_0099:idx_0096,理论题库_系统组成及介绍.txt,96,230,2026-06-06 07:24:48
doc_6059438b1f3d,question_bank,question_bank:理论题库_系统组成及介绍:q_0100:idx_0097,理论题库_系统组成及介绍.txt,97,182,2026-06-06 07:24:48
doc_6059438b1f3d,question_bank,question_bank:理论题库_系统组成及介绍:q_0101:idx_0098,理论题库_系统组成及介绍.txt,98,164,2026-06-06 07:24:48
doc_6059438b1f3d,question_bank,question_bank:理论题库_系统组成及介绍:q_0102:idx_0099,理论题库_系统组成及介绍.txt,99,188,2026-06-06 07:24:48
doc_6059438b1f3d,question_bank,question_bank:理论题库_系统组成及介绍:q_0103:idx_0100,理论题库_系统组成及介绍.txt,100,203,2026-06-06 07:24:48
doc_6059438b1f3d,question_bank,question_bank:理论题库_系统组成及介绍:q_0104:idx_0101,理论题库_系统组成及介绍.txt,101,173,2026-06-06 07:24:48
doc_6059438b1f3d,question_bank,question_bank:理论题库_系统组成及介绍:q_0105:idx_0102,理论题库_系统组成及介绍.txt,102,137,2026-06-06 07:24:48
doc_6059438b1f3d,question_bank,question_bank:理论题库_系统组成及介绍:q_0106:idx_0103,理论题库_系统组成及介绍.txt,103,188,2026-06-06 07:24:48
doc_6059438b1f3d,question_bank,question_bank:理论题库_系统组成及介绍:q_0107:idx_0104,理论题库_系统组成及介绍.txt,104,163,2026-06-06 07:24:48
doc_6059438b1f3d,question_bank,question_bank:理论题库_系统组成及介绍:q_0108:idx_0105,理论题库_系统组成及介绍.txt,105,192,2026-06-06 07:24:48
doc_6059438b1f3d,question_bank,question_bank:理论题库_系统组成及介绍:q_0109:idx_0106,理论题库_系统组成及介绍.txt,106,290,2026-06-06 07:24:48
doc_6059438b1f3d,question_bank,question_bank:理论题库_系统组成及介绍:q_0110:idx_0107,理论题库_系统组成及介绍.txt,107,179,2026-06-06 07:24:48
doc_6059438b1f3d,question_bank,question_bank:理论题库_系统组成及介绍:q_0111:idx_0108,理论题库_系统组成及介绍.txt,108,199,2026-06-06 07:24:48
doc_6059438b1f3d,question_bank,question_bank:理论题库_系统组成及介绍:q_0112:idx_0109,理论题库_系统组成及介绍.txt,109,155,2026-06-06 07:24:48
doc_6059438b1f3d,question_bank,question_bank:理论题库_系统组成及介绍:q_0113:idx_0110,理论题库_系统组成及介绍.txt,110,270,2026-06-06 07:24:48
doc_6059438b1f3d,question_bank,question_bank:理论题库_系统组成及介绍:q_0114:idx_0111,理论题库_系统组成及介绍.txt,111,325,2026-06-06 07:24:48
doc_6059438b1f3d,question_bank,question_bank:理论题库_系统组成及介绍:q_0115:idx_0112,理论题库_系统组成及介绍.txt,112,235,2026-06-06 07:24:48
doc_6059438b1f3d,question_bank,question_bank:理论题库_系统组成及介绍:q_0116:idx_0113,理论题库_系统组成及介绍.txt,113,179,2026-06-06 07:24:48
doc_6059438b1f3d,question_bank,question_bank:理论题库_系统组成及介绍:q_0117:idx_0114,理论题库_系统组成及介绍.txt,114,220,2026-06-06 07:24:48
doc_6059438b1f3d,question_bank,question_bank:理论题库_系统组成及介绍:q_0118:idx_0115,理论题库_系统组成及介绍.txt,115,314,2026-06-06 07:24:48
doc_6059438b1f3d,question_bank,question_bank:理论题库_系统组成及介绍:q_0119:idx_0116,理论题库_系统组成及介绍.txt,116,193,2026-06-06 07:24:48
doc_6059438b1f3d,question_bank,question_bank:理论题库_系统组成及介绍:q_0120:idx_0117,理论题库_系统组成及介绍.txt,117,270,2026-06-06 07:24:48
doc_6059438b1f3d,question_bank,question_bank:理论题库_系统组成及介绍:q_0121:idx_0118,理论题库_系统组成及介绍.txt,118,177,2026-06-06 07:24:48
doc_6059438b1f3d,question_bank,question_bank:理论题库_系统组成及介绍:q_0122:idx_0119,理论题库_系统组成及介绍.txt,119,149,2026-06-06 07:24:48
doc_6059438b1f3d,question_bank,question_bank:理论题库_系统组成及介绍:q_0123:idx_0120,理论题库_系统组成及介绍.txt,120,200,2026-06-06 07:24:48
doc_6059438b1f3d,question_bank,question_bank:理论题库_系统组成及介绍:q_0124:idx_0121,理论题库_系统组成及介绍.txt,121,272,2026-06-06 07:24:48
doc_6059438b1f3d,question_bank,question_bank:理论题库_系统组成及介绍:q_0125:idx_0122,理论题库_系统组成及介绍.txt,122,203,2026-06-06 07:24:48
doc_6059438b1f3d,question_bank,question_bank:理论题库_系统组成及介绍:q_0126:idx_0123,理论题库_系统组成及介绍.txt,123,223,2026-06-06 07:24:48
doc_6059438b1f3d,question_bank,question_bank:理论题库_系统组成及介绍:q_0127:idx_0124,理论题库_系统组成及介绍.txt,124,255,2026-06-06 07:24:48
doc_6059438b1f3d,question_bank,question_bank:理论题库_系统组成及介绍:q_0128:idx_0125,理论题库_系统组成及介绍.txt,125,286,2026-06-06 07:24:48
doc_6059438b1f3d,question_bank,question_bank:理论题库_系统组成及介绍:q_0129:idx_0126,理论题库_系统组成及介绍.txt,126,301,2026-06-06 07:24:48
doc_6059438b1f3d,question_bank,question_bank:理论题库_系统组成及介绍:q_0130:idx_0127,理论题库_系统组成及介绍.txt,127,200,2026-06-06 07:24:48
doc_6059438b1f3d,question_bank,question_bank:理论题库_系统组成及介绍:q_0131:idx_0128,理论题库_系统组成及介绍.txt,128,187,2026-06-06 07:24:48
doc_6059438b1f3d,question_bank,question_bank:理论题库_系统组成及介绍:q_0132:idx_0129,理论题库_系统组成及介绍.txt,129,138,2026-06-06 07:24:48
doc_6059438b1f3d,question_bank,question_bank:理论题库_系统组成及介绍:q_0133:idx_0130,理论题库_系统组成及介绍.txt,130,164,2026-06-06 07:24:48
doc_6059438b1f3d,question_bank,question_bank:理论题库_系统组成及介绍:q_0134:idx_0131,理论题库_系统组成及介绍.txt,131,212,2026-06-06 07:24:48
doc_6059438b1f3d,question_bank,question_bank:理论题库_系统组成及介绍:q_0135:idx_0132,理论题库_系统组成及介绍.txt,132,172,2026-06-06 07:24:48
doc_6059438b1f3d,question_bank,question_bank:理论题库_系统组成及介绍:q_0136:idx_0133,理论题库_系统组成及介绍.txt,133,154,2026-06-06 07:24:48
doc_6059438b1f3d,question_bank,question_bank:理论题库_系统组成及介绍:q_0137:idx_0134,理论题库_系统组成及介绍.txt,134,179,2026-06-06 07:24:48
doc_6059438b1f3d,question_bank,question_bank:理论题库_系统组成及介绍:q_0138:idx_0135,理论题库_系统组成及介绍.txt,135,182,2026-06-06 07:24:48
doc_6059438b1f3d,question_bank,question_bank:理论题库_系统组成及介绍:q_0139:idx_0136,理论题库_系统组成及介绍.txt,136,211,2026-06-06 07:24:48
doc_6059438b1f3d,question_bank,question_bank:理论题库_系统组成及介绍:q_0140:idx_0137,理论题库_系统组成及介绍.txt,137,184,2026-06-06 07:24:48
doc_6059438b1f3d,question_bank,question_bank:理论题库_系统组成及介绍:q_0141:idx_0138,理论题库_系统组成及介绍.txt,138,218,2026-06-06 07:24:48
doc_6059438b1f3d,question_bank,question_bank:理论题库_系统组成及介绍:q_0142:idx_0139,理论题库_系统组成及介绍.txt,139,290,2026-06-06 07:24:48
doc_6059438b1f3d,question_bank,question_bank:理论题库_系统组成及介绍:q_0143:idx_0140,理论题库_系统组成及介绍.txt,140,258,2026-06-06 07:24:48
doc_6059438b1f3d,question_bank,question_bank:理论题库_系统组成及介绍:q_0144:idx_0141,理论题库_系统组成及介绍.txt,141,235,2026-06-06 07:24:48
doc_6059438b1f3d,question_bank,question_bank:理论题库_系统组成及介绍:q_0145:idx_0142,理论题库_系统组成及介绍.txt,142,253,2026-06-06 07:24:48
doc_6059438b1f3d,question_bank,question_bank:理论题库_系统组成及介绍:q_0146:idx_0143,理论题库_系统组成及介绍.txt,143,251,2026-06-06 07:24:48
doc_6059438b1f3d,question_bank,question_bank:理论题库_系统组成及介绍:q_0147:idx_0144,理论题库_系统组成及介绍.txt,144,184,2026-06-06 07:24:48
doc_6059438b1f3d,question_bank,question_bank:理论题库_系统组成及介绍:q_0148:idx_0145,理论题库_系统组成及介绍.txt,145,191,2026-06-06 07:24:48
doc_6059438b1f3d,question_bank,question_bank:理论题库_系统组成及介绍:q_0001:idx_0146,理论题库_系统组成及介绍.txt,146,115,2026-06-06 07:24:48
doc_6059438b1f3d,question_bank,question_bank:理论题库_系统组成及介绍:q_0002:idx_0147,理论题库_系统组成及介绍.txt,147,115,2026-06-06 07:24:48
doc_9594f3efdafb,question_bank,question_bank:理论题库_综合问答:q_0001:idx_0000,理论题库_综合问答.txt,0,636,2026-06-06 07:24:48
doc_9594f3efdafb,question_bank,question_bank:理论题库_综合问答:q_0002:idx_0001,理论题库_综合问答.txt,1,242,2026-06-06 07:24:48
doc_9594f3efdafb,question_bank,question_bank:理论题库_综合问答:q_0003:idx_0002,理论题库_综合问答.txt,2,212,2026-06-06 07:24:48
doc_9594f3efdafb,question_bank,question_bank:理论题库_综合问答:q_0004:idx_0003,理论题库_综合问答.txt,3,152,2026-06-06 07:24:48
doc_9594f3efdafb,question_bank,question_bank:理论题库_综合问答:q_0005:idx_0004,理论题库_综合问答.txt,4,82,2026-06-06 07:24:48
doc_9594f3efdafb,question_bank,question_bank:理论题库_综合问答:q_0006:idx_0005,理论题库_综合问答.txt,5,119,2026-06-06 07:24:48
doc_9594f3efdafb,question_bank,question_bank:理论题库_综合问答:q_0007:idx_0006,理论题库_综合问答.txt,6,218,2026-06-06 07:24:48
doc_9594f3efdafb,question_bank,question_bank:理论题库_综合问答:q_0008:idx_0007,理论题库_综合问答.txt,7,201,2026-06-06 07:24:48
doc_9594f3efdafb,question_bank,question_bank:理论题库_综合问答:q_0009:idx_0008,理论题库_综合问答.txt,8,319,2026-06-06 07:24:48
doc_9594f3efdafb,question_bank,question_bank:理论题库_综合问答:q_0010:idx_0009,理论题库_综合问答.txt,9,287,2026-06-06 07:24:48
doc_9594f3efdafb,question_bank,question_bank:理论题库_综合问答:q_0011:idx_0010,理论题库_综合问答.txt,10,329,2026-06-06 07:24:48
doc_9594f3efdafb,question_bank,question_bank:理论题库_综合问答:q_0012:idx_0011,理论题库_综合问答.txt,11,306,2026-06-06 07:24:48
doc_9594f3efdafb,question_bank,question_bank:理论题库_综合问答:q_0013:idx_0012,理论题库_综合问答.txt,12,223,2026-06-06 07:24:48
doc_9594f3efdafb,question_bank,question_bank:理论题库_综合问答:q_0014:idx_0013,理论题库_综合问答.txt,13,435,2026-06-06 07:24:48
doc_9594f3efdafb,question_bank,question_bank:理论题库_综合问答:q_0015:idx_0014,理论题库_综合问答.txt,14,132,2026-06-06 07:24:48
doc_9594f3efdafb,question_bank,question_bank:理论题库_综合问答:q_0016:idx_0015,理论题库_综合问答.txt,15,161,2026-06-06 07:24:48
doc_9594f3efdafb,question_bank,question_bank:理论题库_综合问答:q_0017:idx_0016,理论题库_综合问答.txt,16,252,2026-06-06 07:24:48
doc_9594f3efdafb,question_bank,question_bank:理论题库_综合问答:q_0018:idx_0017,理论题库_综合问答.txt,17,126,2026-06-06 07:24:48
doc_9594f3efdafb,question_bank,question_bank:理论题库_综合问答:q_0019:idx_0018,理论题库_综合问答.txt,18,181,2026-06-06 07:24:48
doc_9594f3efdafb,question_bank,question_bank:理论题库_综合问答:q_0020:idx_0019,理论题库_综合问答.txt,19,204,2026-06-06 07:24:48
doc_9594f3efdafb,question_bank,question_bank:理论题库_综合问答:q_0021:idx_0020,理论题库_综合问答.txt,20,451,2026-06-06 07:24:48
doc_9594f3efdafb,question_bank,question_bank:理论题库_综合问答:q_0022:idx_0021,理论题库_综合问答.txt,21,301,2026-06-06 07:24:48
doc_9594f3efdafb,question_bank,question_bank:理论题库_综合问答:q_0023:idx_0022,理论题库_综合问答.txt,22,165,2026-06-06 07:24:48
doc_9594f3efdafb,question_bank,question_bank:理论题库_综合问答:q_0024:idx_0023,理论题库_综合问答.txt,23,254,2026-06-06 07:24:48
doc_9594f3efdafb,question_bank,question_bank:理论题库_综合问答:q_0025:idx_0024,理论题库_综合问答.txt,24,387,2026-06-06 07:24:48
doc_9594f3efdafb,question_bank,question_bank:理论题库_综合问答:q_0026:idx_0025,理论题库_综合问答.txt,25,179,2026-06-06 07:24:48
doc_9594f3efdafb,question_bank,question_bank:理论题库_综合问答:q_0027:idx_0026,理论题库_综合问答.txt,26,339,2026-06-06 07:24:48
doc_9594f3efdafb,question_bank,question_bank:理论题库_综合问答:q_0028:idx_0027,理论题库_综合问答.txt,27,271,2026-06-06 07:24:48
doc_9594f3efdafb,question_bank,question_bank:理论题库_综合问答:q_0029:idx_0028,理论题库_综合问答.txt,28,292,2026-06-06 07:24:48
doc_9594f3efdafb,question_bank,question_bank:理论题库_综合问答:q_0030:idx_0029,理论题库_综合问答.txt,29,190,2026-06-06 07:24:48
doc_9594f3efdafb,question_bank,question_bank:理论题库_综合问答:q_0031:idx_0030,理论题库_综合问答.txt,30,262,2026-06-06 07:24:48
doc_9594f3efdafb,question_bank,question_bank:理论题库_综合问答:q_0032:idx_0031,理论题库_综合问答.txt,31,224,2026-06-06 07:24:48
doc_9594f3efdafb,question_bank,question_bank:理论题库_综合问答:q_0033:idx_0032,理论题库_综合问答.txt,32,268,2026-06-06 07:24:48
doc_9594f3efdafb,question_bank,question_bank:理论题库_综合问答:q_0034:idx_0033,理论题库_综合问答.txt,33,474,2026-06-06 07:24:48
doc_9594f3efdafb,question_bank,question_bank:理论题库_综合问答:q_0035:idx_0034,理论题库_综合问答.txt,34,250,2026-06-06 07:24:48
doc_9594f3efdafb,question_bank,question_bank:理论题库_综合问答:q_0036:idx_0035,理论题库_综合问答.txt,35,297,2026-06-06 07:24:48
doc_9594f3efdafb,question_bank,question_bank:理论题库_综合问答:q_0037:idx_0036,理论题库_综合问答.txt,36,255,2026-06-06 07:24:48
doc_9594f3efdafb,question_bank,question_bank:理论题库_综合问答:q_0038:idx_0037,理论题库_综合问答.txt,37,307,2026-06-06 07:24:48
doc_9594f3efdafb,question_bank,question_bank:理论题库_综合问答:q_0039:idx_0038,理论题库_综合问答.txt,38,142,2026-06-06 07:24:48
doc_9594f3efdafb,question_bank,question_bank:理论题库_综合问答:q_0040:idx_0039,理论题库_综合问答.txt,39,300,2026-06-06 07:24:48
doc_9594f3efdafb,question_bank,question_bank:理论题库_综合问答:q_0041:idx_0040,理论题库_综合问答.txt,40,216,2026-06-06 07:24:48
doc_9594f3efdafb,question_bank,question_bank:理论题库_综合问答:q_0042:idx_0041,理论题库_综合问答.txt,41,199,2026-06-06 07:24:48
doc_9594f3efdafb,question_bank,question_bank:理论题库_综合问答:q_0043:idx_0042,理论题库_综合问答.txt,42,154,2026-06-06 07:24:48
doc_9594f3efdafb,question_bank,question_bank:理论题库_综合问答:q_0044:idx_0043,理论题库_综合问答.txt,43,226,2026-06-06 07:24:48
doc_9594f3efdafb,question_bank,question_bank:理论题库_综合问答:q_0045:idx_0044,理论题库_综合问答.txt,44,265,2026-06-06 07:24:48
doc_9594f3efdafb,question_bank,question_bank:理论题库_综合问答:q_0046:idx_0045,理论题库_综合问答.txt,45,264,2026-06-06 07:24:48
doc_9594f3efdafb,question_bank,question_bank:理论题库_综合问答:q_0047:idx_0046,理论题库_综合问答.txt,46,158,2026-06-06 07:24:48
doc_9594f3efdafb,question_bank,question_bank:理论题库_综合问答:q_0048:idx_0047,理论题库_综合问答.txt,47,142,2026-06-06 07:24:48
doc_9594f3efdafb,question_bank,question_bank:理论题库_综合问答:q_0049:idx_0048,理论题库_综合问答.txt,48,265,2026-06-06 07:24:48
doc_9594f3efdafb,question_bank,question_bank:理论题库_综合问答:q_0050:idx_0049,理论题库_综合问答.txt,49,58,2026-06-06 07:24:48
doc_9594f3efdafb,question_bank,question_bank:理论题库_综合问答:q_0051:idx_0050,理论题库_综合问答.txt,50,83,2026-06-06 07:24:48
doc_9594f3efdafb,question_bank,question_bank:理论题库_综合问答:q_0052:idx_0051,理论题库_综合问答.txt,51,119,2026-06-06 07:24:48
doc_9594f3efdafb,question_bank,question_bank:理论题库_综合问答:q_0053:idx_0052,理论题库_综合问答.txt,52,219,2026-06-06 07:24:48
doc_9594f3efdafb,question_bank,question_bank:理论题库_综合问答:q_0054:idx_0053,理论题库_综合问答.txt,53,171,2026-06-06 07:24:48
doc_9594f3efdafb,question_bank,question_bank:理论题库_综合问答:q_0055:idx_0054,理论题库_综合问答.txt,54,165,2026-06-06 07:24:48
doc_9594f3efdafb,question_bank,question_bank:理论题库_综合问答:q_0056:idx_0055,理论题库_综合问答.txt,55,116,2026-06-06 07:24:48
doc_9594f3efdafb,question_bank,question_bank:理论题库_综合问答:q_0057:idx_0056,理论题库_综合问答.txt,56,118,2026-06-06 07:24:48
doc_9594f3efdafb,question_bank,question_bank:理论题库_综合问答:q_0058:idx_0057,理论题库_综合问答.txt,57,278,2026-06-06 07:24:48
doc_9594f3efdafb,question_bank,question_bank:理论题库_综合问答:q_0059:idx_0058,理论题库_综合问答.txt,58,296,2026-06-06 07:24:48
doc_9594f3efdafb,question_bank,question_bank:理论题库_综合问答:q_0060:idx_0059,理论题库_综合问答.txt,59,160,2026-06-06 07:24:48
doc_9594f3efdafb,question_bank,question_bank:理论题库_综合问答:q_0061:idx_0060,理论题库_综合问答.txt,60,402,2026-06-06 07:24:48
doc_9594f3efdafb,question_bank,question_bank:理论题库_综合问答:q_0062:idx_0061,理论题库_综合问答.txt,61,152,2026-06-06 07:24:48
doc_9594f3efdafb,question_bank,question_bank:理论题库_综合问答:q_0063:idx_0062,理论题库_综合问答.txt,62,369,2026-06-06 07:24:48
doc_9594f3efdafb,question_bank,question_bank:理论题库_综合问答:q_0064:idx_0063,理论题库_综合问答.txt,63,360,2026-06-06 07:24:48
doc_9594f3efdafb,question_bank,question_bank:理论题库_综合问答:q_0065:idx_0064,理论题库_综合问答.txt,64,133,2026-06-06 07:24:48
doc_9594f3efdafb,question_bank,question_bank:理论题库_综合问答:q_0066:idx_0065,理论题库_综合问答.txt,65,306,2026-06-06 07:24:48
doc_9594f3efdafb,question_bank,question_bank:理论题库_综合问答:q_0067:idx_0066,理论题库_综合问答.txt,66,455,2026-06-06 07:24:48
doc_9594f3efdafb,question_bank,question_bank:理论题库_综合问答:q_0068:idx_0067,理论题库_综合问答.txt,67,421,2026-06-06 07:24:48
doc_9594f3efdafb,question_bank,question_bank:理论题库_综合问答:q_0069:idx_0068,理论题库_综合问答.txt,68,281,2026-06-06 07:24:48
doc_9594f3efdafb,question_bank,question_bank:理论题库_综合问答:q_0070:idx_0069,理论题库_综合问答.txt,69,432,2026-06-06 07:24:48
doc_9594f3efdafb,question_bank,question_bank:理论题库_综合问答:q_0071:idx_0070,理论题库_综合问答.txt,70,421,2026-06-06 07:24:48
doc_9594f3efdafb,question_bank,question_bank:理论题库_综合问答:q_0072:idx_0071,理论题库_综合问答.txt,71,336,2026-06-06 07:24:48
doc_9594f3efdafb,question_bank,question_bank:理论题库_综合问答:q_0073:idx_0072,理论题库_综合问答.txt,72,446,2026-06-06 07:24:48
doc_9594f3efdafb,question_bank,question_bank:理论题库_综合问答:q_0074:idx_0073,理论题库_综合问答.txt,73,363,2026-06-06 07:24:48
doc_9594f3efdafb,question_bank,question_bank:理论题库_综合问答:q_0075:idx_0074,理论题库_综合问答.txt,74,391,2026-06-06 07:24:48
doc_9594f3efdafb,question_bank,question_bank:理论题库_综合问答:q_0076:idx_0075,理论题库_综合问答.txt,75,534,2026-06-06 07:24:48
doc_9594f3efdafb,question_bank,question_bank:理论题库_综合问答:q_0077:idx_0076,理论题库_综合问答.txt,76,333,2026-06-06 07:24:48
doc_9594f3efdafb,question_bank,question_bank:理论题库_综合问答:q_0078:idx_0077,理论题库_综合问答.txt,77,207,2026-06-06 07:24:48
doc_9594f3efdafb,question_bank,question_bank:理论题库_综合问答:q_0079:idx_0078,理论题库_综合问答.txt,78,484,2026-06-06 07:24:48
doc_9594f3efdafb,question_bank,question_bank:理论题库_综合问答:q_0080:idx_0079,理论题库_综合问答.txt,79,409,2026-06-06 07:24:48
doc_9594f3efdafb,question_bank,question_bank:理论题库_综合问答:q_0081:idx_0080,理论题库_综合问答.txt,80,398,2026-06-06 07:24:48
doc_9594f3efdafb,question_bank,question_bank:理论题库_综合问答:q_0082:idx_0081,理论题库_综合问答.txt,81,413,2026-06-06 07:24:48
doc_9594f3efdafb,question_bank,question_bank:理论题库_综合问答:q_0083:idx_0082,理论题库_综合问答.txt,82,240,2026-06-06 07:24:48
doc_9594f3efdafb,question_bank,question_bank:理论题库_综合问答:q_0084:idx_0083,理论题库_综合问答.txt,83,314,2026-06-06 07:24:48
doc_9594f3efdafb,question_bank,question_bank:理论题库_综合问答:q_0085:idx_0084,理论题库_综合问答.txt,84,444,2026-06-06 07:24:48
doc_9594f3efdafb,question_bank,question_bank:理论题库_综合问答:q_0086:idx_0085,理论题库_综合问答.txt,85,317,2026-06-06 07:24:48
doc_9594f3efdafb,question_bank,question_bank:理论题库_综合问答:q_0087:idx_0086,理论题库_综合问答.txt,86,505,2026-06-06 07:24:48
doc_9594f3efdafb,question_bank,question_bank:理论题库_综合问答:q_0088:idx_0087,理论题库_综合问答.txt,87,317,2026-06-06 07:24:48
doc_9594f3efdafb,question_bank,question_bank:理论题库_综合问答:q_0089:idx_0088,理论题库_综合问答.txt,88,460,2026-06-06 07:24:48
doc_9594f3efdafb,question_bank,question_bank:理论题库_综合问答:q_0090:idx_0089,理论题库_综合问答.txt,89,457,2026-06-06 07:24:48
doc_9594f3efdafb,question_bank,question_bank:理论题库_综合问答:q_0091:idx_0090,理论题库_综合问答.txt,90,218,2026-06-06 07:24:48
doc_9594f3efdafb,question_bank,question_bank:理论题库_综合问答:q_0092:idx_0091,理论题库_综合问答.txt,91,110,2026-06-06 07:24:48
doc_9594f3efdafb,question_bank,question_bank:理论题库_综合问答:q_0093:idx_0092,理论题库_综合问答.txt,92,170,2026-06-06 07:24:48
doc_9594f3efdafb,question_bank,question_bank:理论题库_综合问答:q_0094:idx_0093,理论题库_综合问答.txt,93,84,2026-06-06 07:24:48
doc_9594f3efdafb,question_bank,question_bank:理论题库_综合问答:q_0095:idx_0094,理论题库_综合问答.txt,94,440,2026-06-06 07:24:48
doc_9594f3efdafb,question_bank,question_bank:理论题库_综合问答:q_0096:idx_0095,理论题库_综合问答.txt,95,577,2026-06-06 07:24:48
doc_9594f3efdafb,question_bank,question_bank:理论题库_综合问答:q_0097:idx_0096,理论题库_综合问答.txt,96,153,2026-06-06 07:24:48
doc_9594f3efdafb,question_bank,question_bank:理论题库_综合问答:q_0098:idx_0097,理论题库_综合问答.txt,97,188,2026-06-06 07:24:48
doc_9594f3efdafb,question_bank,question_bank:理论题库_综合问答:q_0099:idx_0098,理论题库_综合问答.txt,98,321,2026-06-06 07:24:48
doc_9594f3efdafb,question_bank,question_bank:理论题库_综合问答:q_0100:idx_0099,理论题库_综合问答.txt,99,85,2026-06-06 07:24:48
doc_9594f3efdafb,question_bank,question_bank:理论题库_综合问答:q_0101:idx_0100,理论题库_综合问答.txt,100,247,2026-06-06 07:24:48
doc_9594f3efdafb,question_bank,question_bank:理论题库_综合问答:q_0102:idx_0101,理论题库_综合问答.txt,101,325,2026-06-06 07:24:48
doc_9594f3efdafb,question_bank,question_bank:理论题库_综合问答:q_0103:idx_0102,理论题库_综合问答.txt,102,411,2026-06-06 07:24:48
doc_9594f3efdafb,question_bank,question_bank:理论题库_综合问答:q_0104:idx_0103,理论题库_综合问答.txt,103,212,2026-06-06 07:24:48
doc_9594f3efdafb,question_bank,question_bank:理论题库_综合问答:q_0105:idx_0104,理论题库_综合问答.txt,104,455,2026-06-06 07:24:48
doc_9594f3efdafb,question_bank,question_bank:理论题库_综合问答:q_0106:idx_0105,理论题库_综合问答.txt,105,299,2026-06-06 07:24:48
doc_9594f3efdafb,question_bank,question_bank:理论题库_综合问答:q_0107:idx_0106,理论题库_综合问答.txt,106,163,2026-06-06 07:24:48
doc_9594f3efdafb,question_bank,question_bank:理论题库_综合问答:q_0108:idx_0107,理论题库_综合问答.txt,107,311,2026-06-06 07:24:48
doc_9594f3efdafb,question_bank,question_bank:理论题库_综合问答:q_0109:idx_0108,理论题库_综合问答.txt,108,479,2026-06-06 07:24:48
doc_9594f3efdafb,question_bank,question_bank:理论题库_综合问答:q_0110:idx_0109,理论题库_综合问答.txt,109,182,2026-06-06 07:24:48
doc_9594f3efdafb,question_bank,question_bank:理论题库_综合问答:q_0111:idx_0110,理论题库_综合问答.txt,110,330,2026-06-06 07:24:48
doc_9594f3efdafb,question_bank,question_bank:理论题库_综合问答:q_0112:idx_0111,理论题库_综合问答.txt,111,440,2026-06-06 07:24:48
doc_9594f3efdafb,question_bank,question_bank:理论题库_综合问答:q_0113:idx_0112,理论题库_综合问答.txt,112,412,2026-06-06 07:24:48
doc_9594f3efdafb,question_bank,question_bank:理论题库_综合问答:q_0114:idx_0113,理论题库_综合问答.txt,113,207,2026-06-06 07:24:48
doc_9594f3efdafb,question_bank,question_bank:理论题库_综合问答:q_0115:idx_0114,理论题库_综合问答.txt,114,188,2026-06-06 07:24:48
doc_9594f3efdafb,question_bank,question_bank:理论题库_综合问答:q_0116:idx_0115,理论题库_综合问答.txt,115,353,2026-06-06 07:24:48
doc_9594f3efdafb,question_bank,question_bank:理论题库_综合问答:q_0117:idx_0116,理论题库_综合问答.txt,116,282,2026-06-06 07:24:48
doc_9594f3efdafb,question_bank,question_bank:理论题库_综合问答:q_0118:idx_0117,理论题库_综合问答.txt,117,230,2026-06-06 07:24:48
doc_9594f3efdafb,question_bank,question_bank:理论题库_综合问答:q_0119:idx_0118,理论题库_综合问答.txt,118,319,2026-06-06 07:24:48
doc_9594f3efdafb,question_bank,question_bank:理论题库_综合问答:q_0120:idx_0119,理论题库_综合问答.txt,119,196,2026-06-06 07:24:48
doc_9594f3efdafb,question_bank,question_bank:理论题库_综合问答:q_0121:idx_0120,理论题库_综合问答.txt,120,156,2026-06-06 07:24:48
doc_9594f3efdafb,question_bank,question_bank:理论题库_综合问答:q_0122:idx_0121,理论题库_综合问答.txt,121,114,2026-06-06 07:24:48
doc_9594f3efdafb,question_bank,question_bank:理论题库_综合问答:q_0123:idx_0122,理论题库_综合问答.txt,122,124,2026-06-06 07:24:48
doc_9594f3efdafb,question_bank,question_bank:理论题库_综合问答:q_0124:idx_0123,理论题库_综合问答.txt,123,252,2026-06-06 07:24:48
doc_9594f3efdafb,question_bank,question_bank:理论题库_综合问答:q_0125:idx_0124,理论题库_综合问答.txt,124,53,2026-06-06 07:24:48
doc_9594f3efdafb,question_bank,question_bank:理论题库_综合问答:q_0126:idx_0125,理论题库_综合问答.txt,125,87,2026-06-06 07:24:48
doc_9594f3efdafb,question_bank,question_bank:理论题库_综合问答:q_0127:idx_0126,理论题库_综合问答.txt,126,156,2026-06-06 07:24:48
doc_9594f3efdafb,question_bank,question_bank:理论题库_综合问答:q_0128:idx_0127,理论题库_综合问答.txt,127,262,2026-06-06 07:24:48
doc_9594f3efdafb,question_bank,question_bank:理论题库_综合问答:q_0129:idx_0128,理论题库_综合问答.txt,128,236,2026-06-06 07:24:48
doc_9594f3efdafb,question_bank,question_bank:理论题库_综合问答:q_0130:idx_0129,理论题库_综合问答.txt,129,341,2026-06-06 07:24:48
doc_9594f3efdafb,question_bank,question_bank:理论题库_综合问答:q_0131:idx_0130,理论题库_综合问答.txt,130,41,2026-06-06 07:24:48
doc_9594f3efdafb,question_bank,question_bank:理论题库_综合问答:q_0132:idx_0131,理论题库_综合问答.txt,131,242,2026-06-06 07:24:48
doc_9594f3efdafb,question_bank,question_bank:理论题库_综合问答:q_0133:idx_0132,理论题库_综合问答.txt,132,102,2026-06-06 07:24:48
doc_9594f3efdafb,question_bank,question_bank:理论题库_综合问答:q_0134:idx_0133,理论题库_综合问答.txt,133,262,2026-06-06 07:24:48
doc_9594f3efdafb,question_bank,question_bank:理论题库_综合问答:q_0135:idx_0134,理论题库_综合问答.txt,134,67,2026-06-06 07:24:48
doc_9594f3efdafb,question_bank,question_bank:理论题库_综合问答:q_0136:idx_0135,理论题库_综合问答.txt,135,50,2026-06-06 07:24:48
doc_9594f3efdafb,question_bank,question_bank:理论题库_综合问答:q_0137:idx_0136,理论题库_综合问答.txt,136,189,2026-06-06 07:24:48
doc_9594f3efdafb,question_bank,question_bank:理论题库_综合问答:q_0138:idx_0137,理论题库_综合问答.txt,137,322,2026-06-06 07:24:48
doc_9594f3efdafb,question_bank,question_bank:理论题库_综合问答:q_0139:idx_0138,理论题库_综合问答.txt,138,233,2026-06-06 07:24:48
doc_9594f3efdafb,question_bank,question_bank:理论题库_综合问答:q_0140:idx_0139,理论题库_综合问答.txt,139,45,2026-06-06 07:24:48
doc_9594f3efdafb,question_bank,question_bank:理论题库_综合问答:q_0141:idx_0140,理论题库_综合问答.txt,140,260,2026-06-06 07:24:48
doc_9594f3efdafb,question_bank,question_bank:理论题库_综合问答:q_0142:idx_0141,理论题库_综合问答.txt,141,415,2026-06-06 07:24:48
doc_9594f3efdafb,question_bank,question_bank:理论题库_综合问答:q_0143:idx_0142,理论题库_综合问答.txt,142,144,2026-06-06 07:24:48
doc_9594f3efdafb,question_bank,question_bank:理论题库_综合问答:q_0144:idx_0143,理论题库_综合问答.txt,143,114,2026-06-06 07:24:48
doc_9594f3efdafb,question_bank,question_bank:理论题库_综合问答:q_0145:idx_0144,理论题库_综合问答.txt,144,251,2026-06-06 07:24:48
doc_9594f3efdafb,question_bank,question_bank:理论题库_综合问答:q_0146:idx_0145,理论题库_综合问答.txt,145,111,2026-06-06 07:24:48
doc_9594f3efdafb,question_bank,question_bank:理论题库_综合问答:q_0147:idx_0146,理论题库_综合问答.txt,146,430,2026-06-06 07:24:48
doc_9594f3efdafb,question_bank,question_bank:理论题库_综合问答:q_0148:idx_0147,理论题库_综合问答.txt,147,95,2026-06-06 07:24:48
doc_9594f3efdafb,question_bank,question_bank:理论题库_综合问答:q_0149:idx_0148,理论题库_综合问答.txt,148,183,2026-06-06 07:24:48
doc_9594f3efdafb,question_bank,question_bank:理论题库_综合问答:q_0150:idx_0149,理论题库_综合问答.txt,149,91,2026-06-06 07:24:48
doc_9594f3efdafb,question_bank,question_bank:理论题库_综合问答:q_0151:idx_0150,理论题库_综合问答.txt,150,201,2026-06-06 07:24:48
doc_9594f3efdafb,question_bank,question_bank:理论题库_综合问答:q_0152:idx_0151,理论题库_综合问答.txt,151,270,2026-06-06 07:24:48
doc_9594f3efdafb,question_bank,question_bank:理论题库_综合问答:q_0153:idx_0152,理论题库_综合问答.txt,152,241,2026-06-06 07:24:48
doc_9594f3efdafb,question_bank,question_bank:理论题库_综合问答:q_0154:idx_0153,理论题库_综合问答.txt,153,151,2026-06-06 07:24:48
doc_9594f3efdafb,question_bank,question_bank:理论题库_综合问答:q_0155:idx_0154,理论题库_综合问答.txt,154,178,2026-06-06 07:24:48
doc_9594f3efdafb,question_bank,question_bank:理论题库_综合问答:q_0156:idx_0155,理论题库_综合问答.txt,155,282,2026-06-06 07:24:48
doc_9594f3efdafb,question_bank,question_bank:理论题库_综合问答:q_0157:idx_0156,理论题库_综合问答.txt,156,195,2026-06-06 07:24:48
doc_9594f3efdafb,question_bank,question_bank:理论题库_综合问答:q_0158:idx_0157,理论题库_综合问答.txt,157,281,2026-06-06 07:24:48
doc_9594f3efdafb,question_bank,question_bank:理论题库_综合问答:q_0159:idx_0158,理论题库_综合问答.txt,158,362,2026-06-06 07:24:48
doc_9594f3efdafb,question_bank,question_bank:理论题库_综合问答:q_0160:idx_0159,理论题库_综合问答.txt,159,206,2026-06-06 07:24:48
doc_9594f3efdafb,question_bank,question_bank:理论题库_综合问答:q_0161:idx_0160,理论题库_综合问答.txt,160,114,2026-06-06 07:24:48
doc_9594f3efdafb,question_bank,question_bank:理论题库_综合问答:q_0162:idx_0161,理论题库_综合问答.txt,161,63,2026-06-06 07:24:48
doc_9594f3efdafb,question_bank,question_bank:理论题库_综合问答:q_0163:idx_0162,理论题库_综合问答.txt,162,237,2026-06-06 07:24:48
doc_9594f3efdafb,question_bank,question_bank:理论题库_综合问答:q_0164:idx_0163,理论题库_综合问答.txt,163,57,2026-06-06 07:24:48
doc_9594f3efdafb,question_bank,question_bank:理论题库_综合问答:q_0165:idx_0164,理论题库_综合问答.txt,164,87,2026-06-06 07:24:48
doc_9594f3efdafb,question_bank,question_bank:理论题库_综合问答:q_0166:idx_0165,理论题库_综合问答.txt,165,262,2026-06-06 07:24:48
doc_9594f3efdafb,question_bank,question_bank:理论题库_综合问答:q_0167:idx_0166,理论题库_综合问答.txt,166,91,2026-06-06 07:24:48
doc_9594f3efdafb,question_bank,question_bank:理论题库_综合问答:q_0168:idx_0167,理论题库_综合问答.txt,167,260,2026-06-06 07:24:48
doc_9594f3efdafb,question_bank,question_bank:理论题库_综合问答:q_0169:idx_0168,理论题库_综合问答.txt,168,168,2026-06-06 07:24:48
doc_9594f3efdafb,question_bank,question_bank:理论题库_综合问答:q_0170:idx_0169,理论题库_综合问答.txt,169,552,2026-06-06 07:24:48
doc_9594f3efdafb,question_bank,question_bank:理论题库_综合问答:q_0171:idx_0170,理论题库_综合问答.txt,170,214,2026-06-06 07:24:48
doc_9594f3efdafb,question_bank,question_bank:理论题库_综合问答:q_0172:idx_0171,理论题库_综合问答.txt,171,134,2026-06-06 07:24:48
doc_9594f3efdafb,question_bank,question_bank:理论题库_综合问答:q_0173:idx_0172,理论题库_综合问答.txt,172,267,2026-06-06 07:24:48
doc_9594f3efdafb,question_bank,question_bank:理论题库_综合问答:q_0174:idx_0173,理论题库_综合问答.txt,173,254,2026-06-06 07:24:48
doc_9594f3efdafb,question_bank,question_bank:理论题库_综合问答:q_0175:idx_0174,理论题库_综合问答.txt,174,328,2026-06-06 07:24:48
doc_9594f3efdafb,question_bank,question_bank:理论题库_综合问答:q_0176:idx_0175,理论题库_综合问答.txt,175,323,2026-06-06 07:24:48
doc_9594f3efdafb,question_bank,question_bank:理论题库_综合问答:q_0177:idx_0176,理论题库_综合问答.txt,176,257,2026-06-06 07:24:48
doc_9594f3efdafb,question_bank,question_bank:理论题库_综合问答:q_0178:idx_0177,理论题库_综合问答.txt,177,107,2026-06-06 07:24:48
doc_9594f3efdafb,question_bank,question_bank:理论题库_综合问答:q_0179:idx_0178,理论题库_综合问答.txt,178,263,2026-06-06 07:24:48
doc_9594f3efdafb,question_bank,question_bank:理论题库_综合问答:q_0180:idx_0179,理论题库_综合问答.txt,179,188,2026-06-06 07:24:48
doc_9594f3efdafb,question_bank,question_bank:理论题库_综合问答:q_0181:idx_0180,理论题库_综合问答.txt,180,107,2026-06-06 07:24:48
doc_9594f3efdafb,question_bank,question_bank:理论题库_综合问答:q_0182:idx_0181,理论题库_综合问答.txt,181,805,2026-06-06 07:24:48
doc_9594f3efdafb,question_bank,question_bank:理论题库_综合问答:q_0183:idx_0182,理论题库_综合问答.txt,182,99,2026-06-06 07:24:48
doc_9594f3efdafb,question_bank,question_bank:理论题库_综合问答:q_0184:idx_0183,理论题库_综合问答.txt,183,69,2026-06-06 07:24:48
doc_9594f3efdafb,question_bank,question_bank:理论题库_综合问答:q_0185:idx_0184,理论题库_综合问答.txt,184,343,2026-06-06 07:24:48
doc_9594f3efdafb,question_bank,question_bank:理论题库_综合问答:q_0186:idx_0185,理论题库_综合问答.txt,185,72,2026-06-06 07:24:48
doc_9594f3efdafb,question_bank,question_bank:理论题库_综合问答:q_0187:idx_0186,理论题库_综合问答.txt,186,643,2026-06-06 07:24:48
doc_9594f3efdafb,question_bank,question_bank:理论题库_综合问答:q_0188:idx_0187,理论题库_综合问答.txt,187,240,2026-06-06 07:24:48
doc_9594f3efdafb,question_bank,question_bank:理论题库_综合问答:q_0189:idx_0188,理论题库_综合问答.txt,188,225,2026-06-06 07:24:48
doc_9594f3efdafb,question_bank,question_bank:理论题库_综合问答:q_0190:idx_0189,理论题库_综合问答.txt,189,54,2026-06-06 07:24:48
doc_9594f3efdafb,question_bank,question_bank:理论题库_综合问答:q_0191:idx_0190,理论题库_综合问答.txt,190,262,2026-06-06 07:24:48
doc_9594f3efdafb,question_bank,question_bank:理论题库_综合问答:q_0192:idx_0191,理论题库_综合问答.txt,191,214,2026-06-06 07:24:48
doc_9594f3efdafb,question_bank,question_bank:理论题库_综合问答:q_0193:idx_0192,理论题库_综合问答.txt,192,58,2026-06-06 07:24:48
doc_9594f3efdafb,question_bank,question_bank:理论题库_综合问答:q_0194:idx_0193,理论题库_综合问答.txt,193,194,2026-06-06 07:24:48
doc_9594f3efdafb,question_bank,question_bank:理论题库_综合问答:q_0195:idx_0194,理论题库_综合问答.txt,194,71,2026-06-06 07:24:48
doc_9594f3efdafb,question_bank,question_bank:理论题库_综合问答:q_0196:idx_0195,理论题库_综合问答.txt,195,78,2026-06-06 07:24:48
doc_9594f3efdafb,question_bank,question_bank:理论题库_综合问答:q_0197:idx_0196,理论题库_综合问答.txt,196,114,2026-06-06 07:24:48
doc_9594f3efdafb,question_bank,question_bank:理论题库_综合问答:q_0198:idx_0197,理论题库_综合问答.txt,197,115,2026-06-06 07:24:48
doc_9594f3efdafb,question_bank,question_bank:理论题库_综合问答:q_0199:idx_0198,理论题库_综合问答.txt,198,116,2026-06-06 07:24:48
doc_dcfe7e80158b,question_bank,question_bank:理论题库_飞行原理与飞行性能:q_0001:idx_0000,理论题库_飞行原理与飞行性能.txt,0,246,2026-06-06 07:24:48
doc_dcfe7e80158b,question_bank,question_bank:理论题库_飞行原理与飞行性能:q_0002:idx_0001,理论题库_飞行原理与飞行性能.txt,1,234,2026-06-06 07:24:48
doc_dcfe7e80158b,question_bank,question_bank:理论题库_飞行原理与飞行性能:q_0003:idx_0002,理论题库_飞行原理与飞行性能.txt,2,197,2026-06-06 07:24:48
doc_dcfe7e80158b,question_bank,question_bank:理论题库_飞行原理与飞行性能:q_0004:idx_0003,理论题库_飞行原理与飞行性能.txt,3,257,2026-06-06 07:24:48
doc_dcfe7e80158b,question_bank,question_bank:理论题库_飞行原理与飞行性能:q_0005:idx_0004,理论题库_飞行原理与飞行性能.txt,4,339,2026-06-06 07:24:48
doc_dcfe7e80158b,question_bank,question_bank:理论题库_飞行原理与飞行性能:q_0006:idx_0005,理论题库_飞行原理与飞行性能.txt,5,206,2026-06-06 07:24:48
doc_dcfe7e80158b,question_bank,question_bank:理论题库_飞行原理与飞行性能:q_0007:idx_0006,理论题库_飞行原理与飞行性能.txt,6,240,2026-06-06 07:24:48
doc_dcfe7e80158b,question_bank,question_bank:理论题库_飞行原理与飞行性能:q_0008:idx_0007,理论题库_飞行原理与飞行性能.txt,7,196,2026-06-06 07:24:48
doc_dcfe7e80158b,question_bank,question_bank:理论题库_飞行原理与飞行性能:q_0009:idx_0008,理论题库_飞行原理与飞行性能.txt,8,319,2026-06-06 07:24:48
doc_dcfe7e80158b,question_bank,question_bank:理论题库_飞行原理与飞行性能:q_0010:idx_0009,理论题库_飞行原理与飞行性能.txt,9,309,2026-06-06 07:24:48
doc_dcfe7e80158b,question_bank,question_bank:理论题库_飞行原理与飞行性能:q_0011:idx_0010,理论题库_飞行原理与飞行性能.txt,10,334,2026-06-06 07:24:48
doc_dcfe7e80158b,question_bank,question_bank:理论题库_飞行原理与飞行性能:q_0012:idx_0011,理论题库_飞行原理与飞行性能.txt,11,390,2026-06-06 07:24:48
doc_dcfe7e80158b,question_bank,question_bank:理论题库_飞行原理与飞行性能:q_0013:idx_0012,理论题库_飞行原理与飞行性能.txt,12,415,2026-06-06 07:24:48
doc_dcfe7e80158b,question_bank,question_bank:理论题库_飞行原理与飞行性能:q_0014:idx_0013,理论题库_飞行原理与飞行性能.txt,13,257,2026-06-06 07:24:48
doc_dcfe7e80158b,question_bank,question_bank:理论题库_飞行原理与飞行性能:q_0015:idx_0014,理论题库_飞行原理与飞行性能.txt,14,330,2026-06-06 07:24:48
doc_dcfe7e80158b,question_bank,question_bank:理论题库_飞行原理与飞行性能:q_0016:idx_0015,理论题库_飞行原理与飞行性能.txt,15,237,2026-06-06 07:24:48
doc_dcfe7e80158b,question_bank,question_bank:理论题库_飞行原理与飞行性能:q_0017:idx_0016,理论题库_飞行原理与飞行性能.txt,16,257,2026-06-06 07:24:48
doc_dcfe7e80158b,question_bank,question_bank:理论题库_飞行原理与飞行性能:q_0018:idx_0017,理论题库_飞行原理与飞行性能.txt,17,259,2026-06-06 07:24:48
doc_dcfe7e80158b,question_bank,question_bank:理论题库_飞行原理与飞行性能:q_0019:idx_0018,理论题库_飞行原理与飞行性能.txt,18,249,2026-06-06 07:24:48
doc_dcfe7e80158b,question_bank,question_bank:理论题库_飞行原理与飞行性能:q_0021:idx_0019,理论题库_飞行原理与飞行性能.txt,19,304,2026-06-06 07:24:48
doc_dcfe7e80158b,question_bank,question_bank:理论题库_飞行原理与飞行性能:q_0022:idx_0020,理论题库_飞行原理与飞行性能.txt,20,186,2026-06-06 07:24:48
doc_dcfe7e80158b,question_bank,question_bank:理论题库_飞行原理与飞行性能:q_0023:idx_0021,理论题库_飞行原理与飞行性能.txt,21,198,2026-06-06 07:24:48
doc_dcfe7e80158b,question_bank,question_bank:理论题库_飞行原理与飞行性能:q_0024:idx_0022,理论题库_飞行原理与飞行性能.txt,22,256,2026-06-06 07:24:48
doc_dcfe7e80158b,question_bank,question_bank:理论题库_飞行原理与飞行性能:q_0025:idx_0023,理论题库_飞行原理与飞行性能.txt,23,329,2026-06-06 07:24:48
doc_dcfe7e80158b,question_bank,question_bank:理论题库_飞行原理与飞行性能:q_0026:idx_0024,理论题库_飞行原理与飞行性能.txt,24,192,2026-06-06 07:24:48
doc_dcfe7e80158b,question_bank,question_bank:理论题库_飞行原理与飞行性能:q_0027:idx_0025,理论题库_飞行原理与飞行性能.txt,25,265,2026-06-06 07:24:48
doc_dcfe7e80158b,question_bank,question_bank:理论题库_飞行原理与飞行性能:q_0028:idx_0026,理论题库_飞行原理与飞行性能.txt,26,286,2026-06-06 07:24:48
doc_dcfe7e80158b,question_bank,question_bank:理论题库_飞行原理与飞行性能:q_0029:idx_0027,理论题库_飞行原理与飞行性能.txt,27,299,2026-06-06 07:24:48
doc_dcfe7e80158b,question_bank,question_bank:理论题库_飞行原理与飞行性能:q_0030:idx_0028,理论题库_飞行原理与飞行性能.txt,28,392,2026-06-06 07:24:48
doc_dcfe7e80158b,question_bank,question_bank:理论题库_飞行原理与飞行性能:q_0031:idx_0029,理论题库_飞行原理与飞行性能.txt,29,360,2026-06-06 07:24:48
doc_dcfe7e80158b,question_bank,question_bank:理论题库_飞行原理与飞行性能:q_0032:idx_0030,理论题库_飞行原理与飞行性能.txt,30,438,2026-06-06 07:24:48
doc_dcfe7e80158b,question_bank,question_bank:理论题库_飞行原理与飞行性能:q_0033:idx_0031,理论题库_飞行原理与飞行性能.txt,31,490,2026-06-06 07:24:48
doc_dcfe7e80158b,question_bank,question_bank:理论题库_飞行原理与飞行性能:q_0034:idx_0032,理论题库_飞行原理与飞行性能.txt,32,274,2026-06-06 07:24:48
doc_dcfe7e80158b,question_bank,question_bank:理论题库_飞行原理与飞行性能:q_0035:idx_0033,理论题库_飞行原理与飞行性能.txt,33,305,2026-06-06 07:24:48
doc_dcfe7e80158b,question_bank,question_bank:理论题库_飞行原理与飞行性能:q_0036:idx_0034,理论题库_飞行原理与飞行性能.txt,34,423,2026-06-06 07:24:48
doc_dcfe7e80158b,question_bank,question_bank:理论题库_飞行原理与飞行性能:q_0037:idx_0035,理论题库_飞行原理与飞行性能.txt,35,465,2026-06-06 07:24:48
doc_dcfe7e80158b,question_bank,question_bank:理论题库_飞行原理与飞行性能:q_0038:idx_0036,理论题库_飞行原理与飞行性能.txt,36,314,2026-06-06 07:24:48
doc_dcfe7e80158b,question_bank,question_bank:理论题库_飞行原理与飞行性能:q_0039:idx_0037,理论题库_飞行原理与飞行性能.txt,37,410,2026-06-06 07:24:48
doc_dcfe7e80158b,question_bank,question_bank:理论题库_飞行原理与飞行性能:q_0040:idx_0038,理论题库_飞行原理与飞行性能.txt,38,332,2026-06-06 07:24:48
doc_dcfe7e80158b,question_bank,question_bank:理论题库_飞行原理与飞行性能:q_0041:idx_0039,理论题库_飞行原理与飞行性能.txt,39,394,2026-06-06 07:24:48
doc_dcfe7e80158b,question_bank,question_bank:理论题库_飞行原理与飞行性能:q_0042:idx_0040,理论题库_飞行原理与飞行性能.txt,40,360,2026-06-06 07:24:48
doc_dcfe7e80158b,question_bank,question_bank:理论题库_飞行原理与飞行性能:q_0043:idx_0041,理论题库_飞行原理与飞行性能.txt,41,418,2026-06-06 07:24:48
doc_dcfe7e80158b,question_bank,question_bank:理论题库_飞行原理与飞行性能:q_0044:idx_0042,理论题库_飞行原理与飞行性能.txt,42,351,2026-06-06 07:24:48
doc_dcfe7e80158b,question_bank,question_bank:理论题库_飞行原理与飞行性能:q_0045:idx_0043,理论题库_飞行原理与飞行性能.txt,43,360,2026-06-06 07:24:48
doc_dcfe7e80158b,question_bank,question_bank:理论题库_飞行原理与飞行性能:q_0046:idx_0044,理论题库_飞行原理与飞行性能.txt,44,382,2026-06-06 07:24:48
doc_dcfe7e80158b,question_bank,question_bank:理论题库_飞行原理与飞行性能:q_0047:idx_0045,理论题库_飞行原理与飞行性能.txt,45,238,2026-06-06 07:24:48
doc_dcfe7e80158b,question_bank,question_bank:理论题库_飞行原理与飞行性能:q_0048:idx_0046,理论题库_飞行原理与飞行性能.txt,46,233,2026-06-06 07:24:48
doc_dcfe7e80158b,question_bank,question_bank:理论题库_飞行原理与飞行性能:q_0049:idx_0047,理论题库_飞行原理与飞行性能.txt,47,233,2026-06-06 07:24:48
doc_dcfe7e80158b,question_bank,question_bank:理论题库_飞行原理与飞行性能:q_0050:idx_0048,理论题库_飞行原理与飞行性能.txt,48,181,2026-06-06 07:24:48
doc_dcfe7e80158b,question_bank,question_bank:理论题库_飞行原理与飞行性能:q_0051:idx_0049,理论题库_飞行原理与飞行性能.txt,49,219,2026-06-06 07:24:48
doc_dcfe7e80158b,question_bank,question_bank:理论题库_飞行原理与飞行性能:q_0052:idx_0050,理论题库_飞行原理与飞行性能.txt,50,225,2026-06-06 07:24:48
doc_dcfe7e80158b,question_bank,question_bank:理论题库_飞行原理与飞行性能:q_0053:idx_0051,理论题库_飞行原理与飞行性能.txt,51,199,2026-06-06 07:24:48
doc_dcfe7e80158b,question_bank,question_bank:理论题库_飞行原理与飞行性能:q_0054:idx_0052,理论题库_飞行原理与飞行性能.txt,52,426,2026-06-06 07:24:48
doc_dcfe7e80158b,question_bank,question_bank:理论题库_飞行原理与飞行性能:q_0055:idx_0053,理论题库_飞行原理与飞行性能.txt,53,289,2026-06-06 07:24:48
doc_dcfe7e80158b,question_bank,question_bank:理论题库_飞行原理与飞行性能:q_0056:idx_0054,理论题库_飞行原理与飞行性能.txt,54,342,2026-06-06 07:24:48
doc_dcfe7e80158b,question_bank,question_bank:理论题库_飞行原理与飞行性能:q_0057:idx_0055,理论题库_飞行原理与飞行性能.txt,55,366,2026-06-06 07:24:48
doc_dcfe7e80158b,question_bank,question_bank:理论题库_飞行原理与飞行性能:q_0058:idx_0056,理论题库_飞行原理与飞行性能.txt,56,365,2026-06-06 07:24:48
doc_dcfe7e80158b,question_bank,question_bank:理论题库_飞行原理与飞行性能:q_0059:idx_0057,理论题库_飞行原理与飞行性能.txt,57,246,2026-06-06 07:24:48
doc_dcfe7e80158b,question_bank,question_bank:理论题库_飞行原理与飞行性能:q_0060:idx_0058,理论题库_飞行原理与飞行性能.txt,58,362,2026-06-06 07:24:48
doc_dcfe7e80158b,question_bank,question_bank:理论题库_飞行原理与飞行性能:q_0061:idx_0059,理论题库_飞行原理与飞行性能.txt,59,321,2026-06-06 07:24:48
doc_dcfe7e80158b,question_bank,question_bank:理论题库_飞行原理与飞行性能:q_0062:idx_0060,理论题库_飞行原理与飞行性能.txt,60,378,2026-06-06 07:24:48
doc_dcfe7e80158b,question_bank,question_bank:理论题库_飞行原理与飞行性能:q_0063:idx_0061,理论题库_飞行原理与飞行性能.txt,61,383,2026-06-06 07:24:48
doc_dcfe7e80158b,question_bank,question_bank:理论题库_飞行原理与飞行性能:q_0064:idx_0062,理论题库_飞行原理与飞行性能.txt,62,292,2026-06-06 07:24:48
doc_dcfe7e80158b,question_bank,question_bank:理论题库_飞行原理与飞行性能:q_0065:idx_0063,理论题库_飞行原理与飞行性能.txt,63,346,2026-06-06 07:24:48
doc_dcfe7e80158b,question_bank,question_bank:理论题库_飞行原理与飞行性能:q_0066:idx_0064,理论题库_飞行原理与飞行性能.txt,64,327,2026-06-06 07:24:48
doc_dcfe7e80158b,question_bank,question_bank:理论题库_飞行原理与飞行性能:q_0067:idx_0065,理论题库_飞行原理与飞行性能.txt,65,356,2026-06-06 07:24:48
doc_dcfe7e80158b,question_bank,question_bank:理论题库_飞行原理与飞行性能:q_0068:idx_0066,理论题库_飞行原理与飞行性能.txt,66,387,2026-06-06 07:24:48
doc_dcfe7e80158b,question_bank,question_bank:理论题库_飞行原理与飞行性能:q_0069:idx_0067,理论题库_飞行原理与飞行性能.txt,67,373,2026-06-06 07:24:48
doc_dcfe7e80158b,question_bank,question_bank:理论题库_飞行原理与飞行性能:q_0070:idx_0068,理论题库_飞行原理与飞行性能.txt,68,277,2026-06-06 07:24:48
doc_dcfe7e80158b,question_bank,question_bank:理论题库_飞行原理与飞行性能:q_0071:idx_0069,理论题库_飞行原理与飞行性能.txt,69,371,2026-06-06 07:24:48
doc_dcfe7e80158b,question_bank,question_bank:理论题库_飞行原理与飞行性能:q_0072:idx_0070,理论题库_飞行原理与飞行性能.txt,70,363,2026-06-06 07:24:48
doc_dcfe7e80158b,question_bank,question_bank:理论题库_飞行原理与飞行性能:q_0073:idx_0071,理论题库_飞行原理与飞行性能.txt,71,380,2026-06-06 07:24:48
doc_dcfe7e80158b,question_bank,question_bank:理论题库_飞行原理与飞行性能:q_0074:idx_0072,理论题库_飞行原理与飞行性能.txt,72,293,2026-06-06 07:24:48
doc_dcfe7e80158b,question_bank,question_bank:理论题库_飞行原理与飞行性能:q_0075:idx_0073,理论题库_飞行原理与飞行性能.txt,73,330,2026-06-06 07:24:48
doc_dcfe7e80158b,question_bank,question_bank:理论题库_飞行原理与飞行性能:q_0076:idx_0074,理论题库_飞行原理与飞行性能.txt,74,443,2026-06-06 07:24:48
doc_dcfe7e80158b,question_bank,question_bank:理论题库_飞行原理与飞行性能:q_0077:idx_0075,理论题库_飞行原理与飞行性能.txt,75,308,2026-06-06 07:24:48
doc_dcfe7e80158b,question_bank,question_bank:理论题库_飞行原理与飞行性能:q_0078:idx_0076,理论题库_飞行原理与飞行性能.txt,76,405,2026-06-06 07:24:48
doc_dcfe7e80158b,question_bank,question_bank:理论题库_飞行原理与飞行性能:q_0079:idx_0077,理论题库_飞行原理与飞行性能.txt,77,359,2026-06-06 07:24:48
doc_dcfe7e80158b,question_bank,question_bank:理论题库_飞行原理与飞行性能:q_0080:idx_0078,理论题库_飞行原理与飞行性能.txt,78,291,2026-06-06 07:24:48
doc_dcfe7e80158b,question_bank,question_bank:理论题库_飞行原理与飞行性能:q_0081:idx_0079,理论题库_飞行原理与飞行性能.txt,79,325,2026-06-06 07:24:48
doc_dcfe7e80158b,question_bank,question_bank:理论题库_飞行原理与飞行性能:q_0082:idx_0080,理论题库_飞行原理与飞行性能.txt,80,227,2026-06-06 07:24:48
doc_dcfe7e80158b,question_bank,question_bank:理论题库_飞行原理与飞行性能:q_0083:idx_0081,理论题库_飞行原理与飞行性能.txt,81,308,2026-06-06 07:24:48
doc_dcfe7e80158b,question_bank,question_bank:理论题库_飞行原理与飞行性能:q_0084:idx_0082,理论题库_飞行原理与飞行性能.txt,82,334,2026-06-06 07:24:48
doc_dcfe7e80158b,question_bank,question_bank:理论题库_飞行原理与飞行性能:q_0085:idx_0083,理论题库_飞行原理与飞行性能.txt,83,335,2026-06-06 07:24:48
doc_dcfe7e80158b,question_bank,question_bank:理论题库_飞行原理与飞行性能:q_0086:idx_0084,理论题库_飞行原理与飞行性能.txt,84,227,2026-06-06 07:24:48
doc_dcfe7e80158b,question_bank,question_bank:理论题库_飞行原理与飞行性能:q_0087:idx_0085,理论题库_飞行原理与飞行性能.txt,85,270,2026-06-06 07:24:48
doc_dcfe7e80158b,question_bank,question_bank:理论题库_飞行原理与飞行性能:q_0088:idx_0086,理论题库_飞行原理与飞行性能.txt,86,241,2026-06-06 07:24:48
doc_dcfe7e80158b,question_bank,question_bank:理论题库_飞行原理与飞行性能:q_0089:idx_0087,理论题库_飞行原理与飞行性能.txt,87,435,2026-06-06 07:24:48
doc_dcfe7e80158b,question_bank,question_bank:理论题库_飞行原理与飞行性能:q_0090:idx_0088,理论题库_飞行原理与飞行性能.txt,88,280,2026-06-06 07:24:48
doc_dcfe7e80158b,question_bank,question_bank:理论题库_飞行原理与飞行性能:q_0091:idx_0089,理论题库_飞行原理与飞行性能.txt,89,327,2026-06-06 07:24:48
doc_dcfe7e80158b,question_bank,question_bank:理论题库_飞行原理与飞行性能:q_0092:idx_0090,理论题库_飞行原理与飞行性能.txt,90,398,2026-06-06 07:24:48
doc_dcfe7e80158b,question_bank,question_bank:理论题库_飞行原理与飞行性能:q_0093:idx_0091,理论题库_飞行原理与飞行性能.txt,91,379,2026-06-06 07:24:48
doc_dcfe7e80158b,question_bank,question_bank:理论题库_飞行原理与飞行性能:q_0094:idx_0092,理论题库_飞行原理与飞行性能.txt,92,261,2026-06-06 07:24:48
doc_dcfe7e80158b,question_bank,question_bank:理论题库_飞行原理与飞行性能:q_0095:idx_0093,理论题库_飞行原理与飞行性能.txt,93,383,2026-06-06 07:24:48
doc_dcfe7e80158b,question_bank,question_bank:理论题库_飞行原理与飞行性能:q_0096:idx_0094,理论题库_飞行原理与飞行性能.txt,94,378,2026-06-06 07:24:48
doc_dcfe7e80158b,question_bank,question_bank:理论题库_飞行原理与飞行性能:q_0097:idx_0095,理论题库_飞行原理与飞行性能.txt,95,421,2026-06-06 07:24:48
doc_dcfe7e80158b,question_bank,question_bank:理论题库_飞行原理与飞行性能:q_0098:idx_0096,理论题库_飞行原理与飞行性能.txt,96,430,2026-06-06 07:24:48
doc_dcfe7e80158b,question_bank,question_bank:理论题库_飞行原理与飞行性能:q_0099:idx_0097,理论题库_飞行原理与飞行性能.txt,97,355,2026-06-06 07:24:48
doc_dcfe7e80158b,question_bank,question_bank:理论题库_飞行原理与飞行性能:q_0100:idx_0098,理论题库_飞行原理与飞行性能.txt,98,287,2026-06-06 07:24:48
doc_dcfe7e80158b,question_bank,question_bank:理论题库_飞行原理与飞行性能:q_0101:idx_0099,理论题库_飞行原理与飞行性能.txt,99,382,2026-06-06 07:24:48
doc_dcfe7e80158b,question_bank,question_bank:理论题库_飞行原理与飞行性能:q_0102:idx_0100,理论题库_飞行原理与飞行性能.txt,100,313,2026-06-06 07:24:48
doc_dcfe7e80158b,question_bank,question_bank:理论题库_飞行原理与飞行性能:q_0103:idx_0101,理论题库_飞行原理与飞行性能.txt,101,290,2026-06-06 07:24:48
doc_dcfe7e80158b,question_bank,question_bank:理论题库_飞行原理与飞行性能:q_0104:idx_0102,理论题库_飞行原理与飞行性能.txt,102,305,2026-06-06 07:24:48
doc_dcfe7e80158b,question_bank,question_bank:理论题库_飞行原理与飞行性能:q_0105:idx_0103,理论题库_飞行原理与飞行性能.txt,103,259,2026-06-06 07:24:48
doc_dcfe7e80158b,question_bank,question_bank:理论题库_飞行原理与飞行性能:q_0106:idx_0104,理论题库_飞行原理与飞行性能.txt,104,357,2026-06-06 07:24:48
doc_dcfe7e80158b,question_bank,question_bank:理论题库_飞行原理与飞行性能:q_0107:idx_0105,理论题库_飞行原理与飞行性能.txt,105,305,2026-06-06 07:24:48
doc_dcfe7e80158b,question_bank,question_bank:理论题库_飞行原理与飞行性能:q_0108:idx_0106,理论题库_飞行原理与飞行性能.txt,106,282,2026-06-06 07:24:48
doc_dcfe7e80158b,question_bank,question_bank:理论题库_飞行原理与飞行性能:q_0109:idx_0107,理论题库_飞行原理与飞行性能.txt,107,321,2026-06-06 07:24:48
doc_dcfe7e80158b,question_bank,question_bank:理论题库_飞行原理与飞行性能:q_0110:idx_0108,理论题库_飞行原理与飞行性能.txt,108,353,2026-06-06 07:24:48
doc_dcfe7e80158b,question_bank,question_bank:理论题库_飞行原理与飞行性能:q_0111:idx_0109,理论题库_飞行原理与飞行性能.txt,109,332,2026-06-06 07:24:48
doc_dcfe7e80158b,question_bank,question_bank:理论题库_飞行原理与飞行性能:q_0112:idx_0110,理论题库_飞行原理与飞行性能.txt,110,295,2026-06-06 07:24:48
doc_dcfe7e80158b,question_bank,question_bank:理论题库_飞行原理与飞行性能:q_0113:idx_0111,理论题库_飞行原理与飞行性能.txt,111,430,2026-06-06 07:24:48
doc_dcfe7e80158b,question_bank,question_bank:理论题库_飞行原理与飞行性能:q_0114:idx_0112,理论题库_飞行原理与飞行性能.txt,112,377,2026-06-06 07:24:48
doc_dcfe7e80158b,question_bank,question_bank:理论题库_飞行原理与飞行性能:q_0115:idx_0113,理论题库_飞行原理与飞行性能.txt,113,226,2026-06-06 07:24:48
doc_dcfe7e80158b,question_bank,question_bank:理论题库_飞行原理与飞行性能:q_0116:idx_0114,理论题库_飞行原理与飞行性能.txt,114,309,2026-06-06 07:24:48
doc_dcfe7e80158b,question_bank,question_bank:理论题库_飞行原理与飞行性能:q_0117:idx_0115,理论题库_飞行原理与飞行性能.txt,115,238,2026-06-06 07:24:48
doc_dcfe7e80158b,question_bank,question_bank:理论题库_飞行原理与飞行性能:q_0118:idx_0116,理论题库_飞行原理与飞行性能.txt,116,405,2026-06-06 07:24:48
doc_dcfe7e80158b,question_bank,question_bank:理论题库_飞行原理与飞行性能:q_0119:idx_0117,理论题库_飞行原理与飞行性能.txt,117,382,2026-06-06 07:24:48
doc_dcfe7e80158b,question_bank,question_bank:理论题库_飞行原理与飞行性能:q_0120:idx_0118,理论题库_飞行原理与飞行性能.txt,118,365,2026-06-06 07:24:48
doc_dcfe7e80158b,question_bank,question_bank:理论题库_飞行原理与飞行性能:q_0121:idx_0119,理论题库_飞行原理与飞行性能.txt,119,334,2026-06-06 07:24:48
doc_dcfe7e80158b,question_bank,question_bank:理论题库_飞行原理与飞行性能:q_0122:idx_0120,理论题库_飞行原理与飞行性能.txt,120,192,2026-06-06 07:24:48
doc_dcfe7e80158b,question_bank,question_bank:理论题库_飞行原理与飞行性能:q_0123:idx_0121,理论题库_飞行原理与飞行性能.txt,121,379,2026-06-06 07:24:48
doc_dcfe7e80158b,question_bank,question_bank:理论题库_飞行原理与飞行性能:q_0124:idx_0122,理论题库_飞行原理与飞行性能.txt,122,300,2026-06-06 07:24:48
doc_dcfe7e80158b,question_bank,question_bank:理论题库_飞行原理与飞行性能:q_0125:idx_0123,理论题库_飞行原理与飞行性能.txt,123,236,2026-06-06 07:24:48
doc_dcfe7e80158b,question_bank,question_bank:理论题库_飞行原理与飞行性能:q_0126:idx_0124,理论题库_飞行原理与飞行性能.txt,124,279,2026-06-06 07:24:48
doc_dcfe7e80158b,question_bank,question_bank:理论题库_飞行原理与飞行性能:q_0127:idx_0125,理论题库_飞行原理与飞行性能.txt,125,381,2026-06-06 07:24:48
doc_dcfe7e80158b,question_bank,question_bank:理论题库_飞行原理与飞行性能:q_0128:idx_0126,理论题库_飞行原理与飞行性能.txt,126,206,2026-06-06 07:24:48
doc_dcfe7e80158b,question_bank,question_bank:理论题库_飞行原理与飞行性能:q_0129:idx_0127,理论题库_飞行原理与飞行性能.txt,127,190,2026-06-06 07:24:48
doc_dcfe7e80158b,question_bank,question_bank:理论题库_飞行原理与飞行性能:q_0130:idx_0128,理论题库_飞行原理与飞行性能.txt,128,158,2026-06-06 07:24:48
doc_dcfe7e80158b,question_bank,question_bank:理论题库_飞行原理与飞行性能:q_0131:idx_0129,理论题库_飞行原理与飞行性能.txt,129,366,2026-06-06 07:24:48
doc_dcfe7e80158b,question_bank,question_bank:理论题库_飞行原理与飞行性能:q_0132:idx_0130,理论题库_飞行原理与飞行性能.txt,130,290,2026-06-06 07:24:48
doc_dcfe7e80158b,question_bank,question_bank:理论题库_飞行原理与飞行性能:q_0133:idx_0131,理论题库_飞行原理与飞行性能.txt,131,229,2026-06-06 07:24:48
doc_dcfe7e80158b,question_bank,question_bank:理论题库_飞行原理与飞行性能:q_0134:idx_0132,理论题库_飞行原理与飞行性能.txt,132,276,2026-06-06 07:24:48
doc_dcfe7e80158b,question_bank,question_bank:理论题库_飞行原理与飞行性能:q_0135:idx_0133,理论题库_飞行原理与飞行性能.txt,133,265,2026-06-06 07:24:48
doc_dcfe7e80158b,question_bank,question_bank:理论题库_飞行原理与飞行性能:q_0136:idx_0134,理论题库_飞行原理与飞行性能.txt,134,389,2026-06-06 07:24:48
doc_dcfe7e80158b,question_bank,question_bank:理论题库_飞行原理与飞行性能:q_0137:idx_0135,理论题库_飞行原理与飞行性能.txt,135,224,2026-06-06 07:24:48
doc_dcfe7e80158b,question_bank,question_bank:理论题库_飞行原理与飞行性能:q_0138:idx_0136,理论题库_飞行原理与飞行性能.txt,136,369,2026-06-06 07:24:48
doc_dcfe7e80158b,question_bank,question_bank:理论题库_飞行原理与飞行性能:q_0139:idx_0137,理论题库_飞行原理与飞行性能.txt,137,300,2026-06-06 07:24:48
doc_dcfe7e80158b,question_bank,question_bank:理论题库_飞行原理与飞行性能:q_0140:idx_0138,理论题库_飞行原理与飞行性能.txt,138,299,2026-06-06 07:24:48
doc_dcfe7e80158b,question_bank,question_bank:理论题库_飞行原理与飞行性能:q_0141:idx_0139,理论题库_飞行原理与飞行性能.txt,139,240,2026-06-06 07:24:48
doc_dcfe7e80158b,question_bank,question_bank:理论题库_飞行原理与飞行性能:q_0142:idx_0140,理论题库_飞行原理与飞行性能.txt,140,376,2026-06-06 07:24:48
doc_dcfe7e80158b,question_bank,question_bank:理论题库_飞行原理与飞行性能:q_0143:idx_0141,理论题库_飞行原理与飞行性能.txt,141,305,2026-06-06 07:24:48
doc_dcfe7e80158b,question_bank,question_bank:理论题库_飞行原理与飞行性能:q_0144:idx_0142,理论题库_飞行原理与飞行性能.txt,142,345,2026-06-06 07:24:48
doc_dcfe7e80158b,question_bank,question_bank:理论题库_飞行原理与飞行性能:q_0145:idx_0143,理论题库_飞行原理与飞行性能.txt,143,301,2026-06-06 07:24:48
doc_dcfe7e80158b,question_bank,question_bank:理论题库_飞行原理与飞行性能:q_0146:idx_0144,理论题库_飞行原理与飞行性能.txt,144,301,2026-06-06 07:24:48
doc_dcfe7e80158b,question_bank,question_bank:理论题库_飞行原理与飞行性能:q_0147:idx_0145,理论题库_飞行原理与飞行性能.txt,145,328,2026-06-06 07:24:48
doc_dcfe7e80158b,question_bank,question_bank:理论题库_飞行原理与飞行性能:q_0148:idx_0146,理论题库_飞行原理与飞行性能.txt,146,347,2026-06-06 07:24:48
doc_dcfe7e80158b,question_bank,question_bank:理论题库_飞行原理与飞行性能:q_0149:idx_0147,理论题库_飞行原理与飞行性能.txt,147,297,2026-06-06 07:24:48
doc_dcfe7e80158b,question_bank,question_bank:理论题库_飞行原理与飞行性能:q_0150:idx_0148,理论题库_飞行原理与飞行性能.txt,148,336,2026-06-06 07:24:48
doc_dcfe7e80158b,question_bank,question_bank:理论题库_飞行原理与飞行性能:q_0151:idx_0149,理论题库_飞行原理与飞行性能.txt,149,472,2026-06-06 07:24:48
doc_dcfe7e80158b,question_bank,question_bank:理论题库_飞行原理与飞行性能:q_0152:idx_0150,理论题库_飞行原理与飞行性能.txt,150,293,2026-06-06 07:24:48
doc_dcfe7e80158b,question_bank,question_bank:理论题库_飞行原理与飞行性能:q_0153:idx_0151,理论题库_飞行原理与飞行性能.txt,151,382,2026-06-06 07:24:48
doc_dcfe7e80158b,question_bank,question_bank:理论题库_飞行原理与飞行性能:q_0154:idx_0152,理论题库_飞行原理与飞行性能.txt,152,381,2026-06-06 07:24:48
doc_dcfe7e80158b,question_bank,question_bank:理论题库_飞行原理与飞行性能:q_0155:idx_0153,理论题库_飞行原理与飞行性能.txt,153,241,2026-06-06 07:24:48
doc_dcfe7e80158b,question_bank,question_bank:理论题库_飞行原理与飞行性能:q_0156:idx_0154,理论题库_飞行原理与飞行性能.txt,154,277,2026-06-06 07:24:48
doc_dcfe7e80158b,question_bank,question_bank:理论题库_飞行原理与飞行性能:q_0157:idx_0155,理论题库_飞行原理与飞行性能.txt,155,411,2026-06-06 07:24:48
doc_dcfe7e80158b,question_bank,question_bank:理论题库_飞行原理与飞行性能:q_0158:idx_0156,理论题库_飞行原理与飞行性能.txt,156,494,2026-06-06 07:24:48
doc_dcfe7e80158b,question_bank,question_bank:理论题库_飞行原理与飞行性能:q_0159:idx_0157,理论题库_飞行原理与飞行性能.txt,157,355,2026-06-06 07:24:48
doc_dcfe7e80158b,question_bank,question_bank:理论题库_飞行原理与飞行性能:q_0160:idx_0158,理论题库_飞行原理与飞行性能.txt,158,317,2026-06-06 07:24:48
doc_dcfe7e80158b,question_bank,question_bank:理论题库_飞行原理与飞行性能:q_0161:idx_0159,理论题库_飞行原理与飞行性能.txt,159,350,2026-06-06 07:24:48
doc_dcfe7e80158b,question_bank,question_bank:理论题库_飞行原理与飞行性能:q_0162:idx_0160,理论题库_飞行原理与飞行性能.txt,160,382,2026-06-06 07:24:48
doc_dcfe7e80158b,question_bank,question_bank:理论题库_飞行原理与飞行性能:q_0163:idx_0161,理论题库_飞行原理与飞行性能.txt,161,482,2026-06-06 07:24:48
doc_dcfe7e80158b,question_bank,question_bank:理论题库_飞行原理与飞行性能:q_0164:idx_0162,理论题库_飞行原理与飞行性能.txt,162,426,2026-06-06 07:24:48
doc_dcfe7e80158b,question_bank,question_bank:理论题库_飞行原理与飞行性能:q_0165:idx_0163,理论题库_飞行原理与飞行性能.txt,163,423,2026-06-06 07:24:48
doc_dcfe7e80158b,question_bank,question_bank:理论题库_飞行原理与飞行性能:q_0166:idx_0164,理论题库_飞行原理与飞行性能.txt,164,344,2026-06-06 07:24:48
doc_dcfe7e80158b,question_bank,question_bank:理论题库_飞行原理与飞行性能:q_0167:idx_0165,理论题库_飞行原理与飞行性能.txt,165,267,2026-06-06 07:24:48
doc_dcfe7e80158b,question_bank,question_bank:理论题库_飞行原理与飞行性能:q_0168:idx_0166,理论题库_飞行原理与飞行性能.txt,166,197,2026-06-06 07:24:48
doc_dcfe7e80158b,question_bank,question_bank:理论题库_飞行原理与飞行性能:q_0169:idx_0167,理论题库_飞行原理与飞行性能.txt,167,186,2026-06-06 07:24:48
doc_dcfe7e80158b,question_bank,question_bank:理论题库_飞行原理与飞行性能:q_0170:idx_0168,理论题库_飞行原理与飞行性能.txt,168,236,2026-06-06 07:24:48
doc_dcfe7e80158b,question_bank,question_bank:理论题库_飞行原理与飞行性能:q_0171:idx_0169,理论题库_飞行原理与飞行性能.txt,169,263,2026-06-06 07:24:48
doc_dcfe7e80158b,question_bank,question_bank:理论题库_飞行原理与飞行性能:q_0172:idx_0170,理论题库_飞行原理与飞行性能.txt,170,273,2026-06-06 07:24:48
doc_dcfe7e80158b,question_bank,question_bank:理论题库_飞行原理与飞行性能:q_0173:idx_0171,理论题库_飞行原理与飞行性能.txt,171,311,2026-06-06 07:24:48
doc_dcfe7e80158b,question_bank,question_bank:理论题库_飞行原理与飞行性能:q_0174:idx_0172,理论题库_飞行原理与飞行性能.txt,172,277,2026-06-06 07:24:48
doc_dcfe7e80158b,question_bank,question_bank:理论题库_飞行原理与飞行性能:q_0175:idx_0173,理论题库_飞行原理与飞行性能.txt,173,357,2026-06-06 07:24:48
doc_dcfe7e80158b,question_bank,question_bank:理论题库_飞行原理与飞行性能:q_0176:idx_0174,理论题库_飞行原理与飞行性能.txt,174,381,2026-06-06 07:24:48
doc_dcfe7e80158b,question_bank,question_bank:理论题库_飞行原理与飞行性能:q_0177:idx_0175,理论题库_飞行原理与飞行性能.txt,175,463,2026-06-06 07:24:48
doc_dcfe7e80158b,question_bank,question_bank:理论题库_飞行原理与飞行性能:q_0178:idx_0176,理论题库_飞行原理与飞行性能.txt,176,422,2026-06-06 07:24:48
doc_dcfe7e80158b,question_bank,question_bank:理论题库_飞行原理与飞行性能:q_0179:idx_0177,理论题库_飞行原理与飞行性能.txt,177,350,2026-06-06 07:24:48
doc_dcfe7e80158b,question_bank,question_bank:理论题库_飞行原理与飞行性能:q_0180:idx_0178,理论题库_飞行原理与飞行性能.txt,178,357,2026-06-06 07:24:48
doc_dcfe7e80158b,question_bank,question_bank:理论题库_飞行原理与飞行性能:q_0181:idx_0179,理论题库_飞行原理与飞行性能.txt,179,322,2026-06-06 07:24:48
doc_dcfe7e80158b,question_bank,question_bank:理论题库_飞行原理与飞行性能:q_0182:idx_0180,理论题库_飞行原理与飞行性能.txt,180,355,2026-06-06 07:24:48
doc_dcfe7e80158b,question_bank,question_bank:理论题库_飞行原理与飞行性能:q_0183:idx_0181,理论题库_飞行原理与飞行性能.txt,181,378,2026-06-06 07:24:48
doc_dcfe7e80158b,question_bank,question_bank:理论题库_飞行原理与飞行性能:q_0184:idx_0182,理论题库_飞行原理与飞行性能.txt,182,316,2026-06-06 07:24:48
doc_dcfe7e80158b,question_bank,question_bank:理论题库_飞行原理与飞行性能:q_0185:idx_0183,理论题库_飞行原理与飞行性能.txt,183,359,2026-06-06 07:24:48
doc_dcfe7e80158b,question_bank,question_bank:理论题库_飞行原理与飞行性能:q_0186:idx_0184,理论题库_飞行原理与飞行性能.txt,184,265,2026-06-06 07:24:48
doc_dcfe7e80158b,question_bank,question_bank:理论题库_飞行原理与飞行性能:q_0187:idx_0185,理论题库_飞行原理与飞行性能.txt,185,392,2026-06-06 07:24:48
doc_dcfe7e80158b,question_bank,question_bank:理论题库_飞行原理与飞行性能:q_0188:idx_0186,理论题库_飞行原理与飞行性能.txt,186,391,2026-06-06 07:24:48
doc_dcfe7e80158b,question_bank,question_bank:理论题库_飞行原理与飞行性能:q_0189:idx_0187,理论题库_飞行原理与飞行性能.txt,187,254,2026-06-06 07:24:48
doc_dcfe7e80158b,question_bank,question_bank:理论题库_飞行原理与飞行性能:q_0190:idx_0188,理论题库_飞行原理与飞行性能.txt,188,336,2026-06-06 07:24:48
doc_dcfe7e80158b,question_bank,question_bank:理论题库_飞行原理与飞行性能:q_0191:idx_0189,理论题库_飞行原理与飞行性能.txt,189,563,2026-06-06 07:24:48
doc_dcfe7e80158b,question_bank,question_bank:理论题库_飞行原理与飞行性能:q_0192:idx_0190,理论题库_飞行原理与飞行性能.txt,190,388,2026-06-06 07:24:48
doc_dcfe7e80158b,question_bank,question_bank:理论题库_飞行原理与飞行性能:q_0193:idx_0191,理论题库_飞行原理与飞行性能.txt,191,351,2026-06-06 07:24:48
doc_dcfe7e80158b,question_bank,question_bank:理论题库_飞行原理与飞行性能:q_0194:idx_0192,理论题库_飞行原理与飞行性能.txt,192,378,2026-06-06 07:24:48
doc_dcfe7e80158b,question_bank,question_bank:理论题库_飞行原理与飞行性能:q_0195:idx_0193,理论题库_飞行原理与飞行性能.txt,193,341,2026-06-06 07:24:48
doc_dcfe7e80158b,question_bank,question_bank:理论题库_飞行原理与飞行性能:q_0196:idx_0194,理论题库_飞行原理与飞行性能.txt,194,364,2026-06-06 07:24:48
doc_dcfe7e80158b,question_bank,question_bank:理论题库_飞行原理与飞行性能:q_0197:idx_0195,理论题库_飞行原理与飞行性能.txt,195,417,2026-06-06 07:24:48
doc_dcfe7e80158b,question_bank,question_bank:理论题库_飞行原理与飞行性能:q_0198:idx_0196,理论题库_飞行原理与飞行性能.txt,196,304,2026-06-06 07:24:48
doc_dcfe7e80158b,question_bank,question_bank:理论题库_飞行原理与飞行性能:q_0199:idx_0197,理论题库_飞行原理与飞行性能.txt,197,193,2026-06-06 07:24:48
doc_dcfe7e80158b,question_bank,question_bank:理论题库_飞行原理与飞行性能:q_0200:idx_0198,理论题库_飞行原理与飞行性能.txt,198,278,2026-06-06 07:24:48
doc_dcfe7e80158b,question_bank,question_bank:理论题库_飞行原理与飞行性能:q_0201:idx_0199,理论题库_飞行原理与飞行性能.txt,199,297,2026-06-06 07:24:48
doc_dcfe7e80158b,question_bank,question_bank:理论题库_飞行原理与飞行性能:q_0202:idx_0200,理论题库_飞行原理与飞行性能.txt,200,268,2026-06-06 07:24:48
doc_dcfe7e80158b,question_bank,question_bank:理论题库_飞行原理与飞行性能:q_0203:idx_0201,理论题库_飞行原理与飞行性能.txt,201,340,2026-06-06 07:24:48
doc_dcfe7e80158b,question_bank,question_bank:理论题库_飞行原理与飞行性能:q_0204:idx_0202,理论题库_飞行原理与飞行性能.txt,202,195,2026-06-06 07:24:48
doc_dcfe7e80158b,question_bank,question_bank:理论题库_飞行原理与飞行性能:q_0205:idx_0203,理论题库_飞行原理与飞行性能.txt,203,280,2026-06-06 07:24:48
doc_dcfe7e80158b,question_bank,question_bank:理论题库_飞行原理与飞行性能:q_0206:idx_0204,理论题库_飞行原理与飞行性能.txt,204,365,2026-06-06 07:24:48
doc_dcfe7e80158b,question_bank,question_bank:理论题库_飞行原理与飞行性能:q_0207:idx_0205,理论题库_飞行原理与飞行性能.txt,205,376,2026-06-06 07:24:48
doc_dcfe7e80158b,question_bank,question_bank:理论题库_飞行原理与飞行性能:q_0208:idx_0206,理论题库_飞行原理与飞行性能.txt,206,329,2026-06-06 07:24:48
doc_dcfe7e80158b,question_bank,question_bank:理论题库_飞行原理与飞行性能:q_0209:idx_0207,理论题库_飞行原理与飞行性能.txt,207,326,2026-06-06 07:24:48
doc_dcfe7e80158b,question_bank,question_bank:理论题库_飞行原理与飞行性能:q_0210:idx_0208,理论题库_飞行原理与飞行性能.txt,208,364,2026-06-06 07:24:48
doc_dcfe7e80158b,question_bank,question_bank:理论题库_飞行原理与飞行性能:q_0211:idx_0209,理论题库_飞行原理与飞行性能.txt,209,375,2026-06-06 07:24:48
doc_dcfe7e80158b,question_bank,question_bank:理论题库_飞行原理与飞行性能:q_0212:idx_0210,理论题库_飞行原理与飞行性能.txt,210,258,2026-06-06 07:24:48
doc_dcfe7e80158b,question_bank,question_bank:理论题库_飞行原理与飞行性能:q_0213:idx_0211,理论题库_飞行原理与飞行性能.txt,211,432,2026-06-06 07:24:48
doc_dcfe7e80158b,question_bank,question_bank:理论题库_飞行原理与飞行性能:q_0214:idx_0212,理论题库_飞行原理与飞行性能.txt,212,297,2026-06-06 07:24:48
doc_dcfe7e80158b,question_bank,question_bank:理论题库_飞行原理与飞行性能:q_0215:idx_0213,理论题库_飞行原理与飞行性能.txt,213,299,2026-06-06 07:24:48
doc_dcfe7e80158b,question_bank,question_bank:理论题库_飞行原理与飞行性能:q_0216:idx_0214,理论题库_飞行原理与飞行性能.txt,214,259,2026-06-06 07:24:48
doc_dcfe7e80158b,question_bank,question_bank:理论题库_飞行原理与飞行性能:q_0217:idx_0215,理论题库_飞行原理与飞行性能.txt,215,367,2026-06-06 07:24:48
doc_dcfe7e80158b,question_bank,question_bank:理论题库_飞行原理与飞行性能:q_0218:idx_0216,理论题库_飞行原理与飞行性能.txt,216,278,2026-06-06 07:24:48
doc_dcfe7e80158b,question_bank,question_bank:理论题库_飞行原理与飞行性能:q_0219:idx_0217,理论题库_飞行原理与飞行性能.txt,217,430,2026-06-06 07:24:48
doc_dcfe7e80158b,question_bank,question_bank:理论题库_飞行原理与飞行性能:q_0220:idx_0218,理论题库_飞行原理与飞行性能.txt,218,424,2026-06-06 07:24:48
doc_dcfe7e80158b,question_bank,question_bank:理论题库_飞行原理与飞行性能:q_0221:idx_0219,理论题库_飞行原理与飞行性能.txt,219,393,2026-06-06 07:24:48
doc_dcfe7e80158b,question_bank,question_bank:理论题库_飞行原理与飞行性能:q_0222:idx_0220,理论题库_飞行原理与飞行性能.txt,220,468,2026-06-06 07:24:48
doc_dcfe7e80158b,question_bank,question_bank:理论题库_飞行原理与飞行性能:q_0223:idx_0221,理论题库_飞行原理与飞行性能.txt,221,224,2026-06-06 07:24:48
doc_dcfe7e80158b,question_bank,question_bank:理论题库_飞行原理与飞行性能:q_0224:idx_0222,理论题库_飞行原理与飞行性能.txt,222,385,2026-06-06 07:24:48
doc_dcfe7e80158b,question_bank,question_bank:理论题库_飞行原理与飞行性能:q_0225:idx_0223,理论题库_飞行原理与飞行性能.txt,223,410,2026-06-06 07:24:48
doc_dcfe7e80158b,question_bank,question_bank:理论题库_飞行原理与飞行性能:q_0226:idx_0224,理论题库_飞行原理与飞行性能.txt,224,354,2026-06-06 07:24:48
doc_dcfe7e80158b,question_bank,question_bank:理论题库_飞行原理与飞行性能:q_0227:idx_0225,理论题库_飞行原理与飞行性能.txt,225,494,2026-06-06 07:24:48
doc_dcfe7e80158b,question_bank,question_bank:理论题库_飞行原理与飞行性能:q_0228:idx_0226,理论题库_飞行原理与飞行性能.txt,226,354,2026-06-06 07:24:48
doc_dcfe7e80158b,question_bank,question_bank:理论题库_飞行原理与飞行性能:q_0229:idx_0227,理论题库_飞行原理与飞行性能.txt,227,454,2026-06-06 07:24:48
doc_dcfe7e80158b,question_bank,question_bank:理论题库_飞行原理与飞行性能:q_0230:idx_0228,理论题库_飞行原理与飞行性能.txt,228,355,2026-06-06 07:24:48
doc_dcfe7e80158b,question_bank,question_bank:理论题库_飞行原理与飞行性能:q_0231:idx_0229,理论题库_飞行原理与飞行性能.txt,229,329,2026-06-06 07:24:48
doc_dcfe7e80158b,question_bank,question_bank:理论题库_飞行原理与飞行性能:q_0232:idx_0230,理论题库_飞行原理与飞行性能.txt,230,522,2026-06-06 07:24:48
doc_dcfe7e80158b,question_bank,question_bank:理论题库_飞行原理与飞行性能:q_0233:idx_0231,理论题库_飞行原理与飞行性能.txt,231,435,2026-06-06 07:24:48
doc_dcfe7e80158b,question_bank,question_bank:理论题库_飞行原理与飞行性能:q_0234:idx_0232,理论题库_飞行原理与飞行性能.txt,232,340,2026-06-06 07:24:48
doc_dcfe7e80158b,question_bank,question_bank:理论题库_飞行原理与飞行性能:q_0235:idx_0233,理论题库_飞行原理与飞行性能.txt,233,316,2026-06-06 07:24:48
doc_dcfe7e80158b,question_bank,question_bank:理论题库_飞行原理与飞行性能:q_0236:idx_0234,理论题库_飞行原理与飞行性能.txt,234,450,2026-06-06 07:24:48
doc_dcfe7e80158b,question_bank,question_bank:理论题库_飞行原理与飞行性能:q_0237:idx_0235,理论题库_飞行原理与飞行性能.txt,235,466,2026-06-06 07:24:48
doc_dcfe7e80158b,question_bank,question_bank:理论题库_飞行原理与飞行性能:q_0238:idx_0236,理论题库_飞行原理与飞行性能.txt,236,429,2026-06-06 07:24:48
doc_dcfe7e80158b,question_bank,question_bank:理论题库_飞行原理与飞行性能:q_0239:idx_0237,理论题库_飞行原理与飞行性能.txt,237,297,2026-06-06 07:24:48
doc_dcfe7e80158b,question_bank,question_bank:理论题库_飞行原理与飞行性能:q_0240:idx_0238,理论题库_飞行原理与飞行性能.txt,238,389,2026-06-06 07:24:48
doc_dcfe7e80158b,question_bank,question_bank:理论题库_飞行原理与飞行性能:q_0241:idx_0239,理论题库_飞行原理与飞行性能.txt,239,292,2026-06-06 07:24:48
doc_dcfe7e80158b,question_bank,question_bank:理论题库_飞行原理与飞行性能:q_0242:idx_0240,理论题库_飞行原理与飞行性能.txt,240,262,2026-06-06 07:24:48
doc_dcfe7e80158b,question_bank,question_bank:理论题库_飞行原理与飞行性能:q_0243:idx_0241,理论题库_飞行原理与飞行性能.txt,241,274,2026-06-06 07:24:48
doc_dcfe7e80158b,question_bank,question_bank:理论题库_飞行原理与飞行性能:q_0244:idx_0242,理论题库_飞行原理与飞行性能.txt,242,265,2026-06-06 07:24:48
doc_dcfe7e80158b,question_bank,question_bank:理论题库_飞行原理与飞行性能:q_0245:idx_0243,理论题库_飞行原理与飞行性能.txt,243,261,2026-06-06 07:24:48
doc_dcfe7e80158b,question_bank,question_bank:理论题库_飞行原理与飞行性能:q_0246:idx_0244,理论题库_飞行原理与飞行性能.txt,244,334,2026-06-06 07:24:48
doc_dcfe7e80158b,question_bank,question_bank:理论题库_飞行原理与飞行性能:q_0247:idx_0245,理论题库_飞行原理与飞行性能.txt,245,421,2026-06-06 07:24:48
doc_dcfe7e80158b,question_bank,question_bank:理论题库_飞行原理与飞行性能:q_0248:idx_0246,理论题库_飞行原理与飞行性能.txt,246,355,2026-06-06 07:24:48
doc_dcfe7e80158b,question_bank,question_bank:理论题库_飞行原理与飞行性能:q_0249:idx_0247,理论题库_飞行原理与飞行性能.txt,247,329,2026-06-06 07:24:48
doc_dcfe7e80158b,question_bank,question_bank:理论题库_飞行原理与飞行性能:q_0250:idx_0248,理论题库_飞行原理与飞行性能.txt,248,260,2026-06-06 07:24:48
doc_dcfe7e80158b,question_bank,question_bank:理论题库_飞行原理与飞行性能:q_0251:idx_0249,理论题库_飞行原理与飞行性能.txt,249,395,2026-06-06 07:24:48
doc_dcfe7e80158b,question_bank,question_bank:理论题库_飞行原理与飞行性能:q_0252:idx_0250,理论题库_飞行原理与飞行性能.txt,250,296,2026-06-06 07:24:48
doc_dcfe7e80158b,question_bank,question_bank:理论题库_飞行原理与飞行性能:q_0253:idx_0251,理论题库_飞行原理与飞行性能.txt,251,309,2026-06-06 07:24:48
doc_dcfe7e80158b,question_bank,question_bank:理论题库_飞行原理与飞行性能:q_0254:idx_0252,理论题库_飞行原理与飞行性能.txt,252,418,2026-06-06 07:24:48
doc_dcfe7e80158b,question_bank,question_bank:理论题库_飞行原理与飞行性能:q_0255:idx_0253,理论题库_飞行原理与飞行性能.txt,253,329,2026-06-06 07:24:48
doc_dcfe7e80158b,question_bank,question_bank:理论题库_飞行原理与飞行性能:q_0256:idx_0254,理论题库_飞行原理与飞行性能.txt,254,414,2026-06-06 07:24:48
doc_dcfe7e80158b,question_bank,question_bank:理论题库_飞行原理与飞行性能:q_0257:idx_0255,理论题库_飞行原理与飞行性能.txt,255,387,2026-06-06 07:24:48
doc_dcfe7e80158b,question_bank,question_bank:理论题库_飞行原理与飞行性能:q_0258:idx_0256,理论题库_飞行原理与飞行性能.txt,256,433,2026-06-06 07:24:48
doc_dcfe7e80158b,question_bank,question_bank:理论题库_飞行原理与飞行性能:q_0259:idx_0257,理论题库_飞行原理与飞行性能.txt,257,406,2026-06-06 07:24:48
doc_dcfe7e80158b,question_bank,question_bank:理论题库_飞行原理与飞行性能:q_0260:idx_0258,理论题库_飞行原理与飞行性能.txt,258,478,2026-06-06 07:24:48
doc_dcfe7e80158b,question_bank,question_bank:理论题库_飞行原理与飞行性能:q_0261:idx_0259,理论题库_飞行原理与飞行性能.txt,259,446,2026-06-06 07:24:48
doc_dcfe7e80158b,question_bank,question_bank:理论题库_飞行原理与飞行性能:q_0262:idx_0260,理论题库_飞行原理与飞行性能.txt,260,458,2026-06-06 07:24:48
doc_dcfe7e80158b,question_bank,question_bank:理论题库_飞行原理与飞行性能:q_0263:idx_0261,理论题库_飞行原理与飞行性能.txt,261,313,2026-06-06 07:24:48
doc_dcfe7e80158b,question_bank,question_bank:理论题库_飞行原理与飞行性能:q_0264:idx_0262,理论题库_飞行原理与飞行性能.txt,262,401,2026-06-06 07:24:48
doc_dcfe7e80158b,question_bank,question_bank:理论题库_飞行原理与飞行性能:q_0265:idx_0263,理论题库_飞行原理与飞行性能.txt,263,373,2026-06-06 07:24:48
doc_dcfe7e80158b,question_bank,question_bank:理论题库_飞行原理与飞行性能:q_0266:idx_0264,理论题库_飞行原理与飞行性能.txt,264,402,2026-06-06 07:24:48
doc_dcfe7e80158b,question_bank,question_bank:理论题库_飞行原理与飞行性能:q_0267:idx_0265,理论题库_飞行原理与飞行性能.txt,265,375,2026-06-06 07:24:48
doc_dcfe7e80158b,question_bank,question_bank:理论题库_飞行原理与飞行性能:q_0268:idx_0266,理论题库_飞行原理与飞行性能.txt,266,207,2026-06-06 07:24:48
doc_dcfe7e80158b,question_bank,question_bank:理论题库_飞行原理与飞行性能:q_0269:idx_0267,理论题库_飞行原理与飞行性能.txt,267,311,2026-06-06 07:24:48
doc_dcfe7e80158b,question_bank,question_bank:理论题库_飞行原理与飞行性能:q_0270:idx_0268,理论题库_飞行原理与飞行性能.txt,268,327,2026-06-06 07:24:48
doc_dcfe7e80158b,question_bank,question_bank:理论题库_飞行原理与飞行性能:q_0271:idx_0269,理论题库_飞行原理与飞行性能.txt,269,299,2026-06-06 07:24:48
doc_dcfe7e80158b,question_bank,question_bank:理论题库_飞行原理与飞行性能:q_0272:idx_0270,理论题库_飞行原理与飞行性能.txt,270,320,2026-06-06 07:24:48
doc_dcfe7e80158b,question_bank,question_bank:理论题库_飞行原理与飞行性能:q_0273:idx_0271,理论题库_飞行原理与飞行性能.txt,271,275,2026-06-06 07:24:48
doc_dcfe7e80158b,question_bank,question_bank:理论题库_飞行原理与飞行性能:q_0274:idx_0272,理论题库_飞行原理与飞行性能.txt,272,378,2026-06-06 07:24:48
doc_dcfe7e80158b,question_bank,question_bank:理论题库_飞行原理与飞行性能:q_0275:idx_0273,理论题库_飞行原理与飞行性能.txt,273,408,2026-06-06 07:24:48
doc_dcfe7e80158b,question_bank,question_bank:理论题库_飞行原理与飞行性能:q_0276:idx_0274,理论题库_飞行原理与飞行性能.txt,274,349,2026-06-06 07:24:48
doc_dcfe7e80158b,question_bank,question_bank:理论题库_飞行原理与飞行性能:q_0277:idx_0275,理论题库_飞行原理与飞行性能.txt,275,377,2026-06-06 07:24:48
doc_dcfe7e80158b,question_bank,question_bank:理论题库_飞行原理与飞行性能:q_0278:idx_0276,理论题库_飞行原理与飞行性能.txt,276,373,2026-06-06 07:24:48
doc_dcfe7e80158b,question_bank,question_bank:理论题库_飞行原理与飞行性能:q_0279:idx_0277,理论题库_飞行原理与飞行性能.txt,277,438,2026-06-06 07:24:48
doc_dcfe7e80158b,question_bank,question_bank:理论题库_飞行原理与飞行性能:q_0280:idx_0278,理论题库_飞行原理与飞行性能.txt,278,362,2026-06-06 07:24:48
doc_dcfe7e80158b,question_bank,question_bank:理论题库_飞行原理与飞行性能:q_0282:idx_0279,理论题库_飞行原理与飞行性能.txt,279,374,2026-06-06 07:24:48
doc_dcfe7e80158b,question_bank,question_bank:理论题库_飞行原理与飞行性能:q_0283:idx_0280,理论题库_飞行原理与飞行性能.txt,280,348,2026-06-06 07:24:48
doc_dcfe7e80158b,question_bank,question_bank:理论题库_飞行原理与飞行性能:q_0284:idx_0281,理论题库_飞行原理与飞行性能.txt,281,281,2026-06-06 07:24:48
doc_dcfe7e80158b,question_bank,question_bank:理论题库_飞行原理与飞行性能:q_0285:idx_0282,理论题库_飞行原理与飞行性能.txt,282,285,2026-06-06 07:24:48
doc_dcfe7e80158b,question_bank,question_bank:理论题库_飞行原理与飞行性能:q_0286:idx_0283,理论题库_飞行原理与飞行性能.txt,283,298,2026-06-06 07:24:48
doc_dcfe7e80158b,question_bank,question_bank:理论题库_飞行原理与飞行性能:q_0287:idx_0284,理论题库_飞行原理与飞行性能.txt,284,418,2026-06-06 07:24:48
doc_dcfe7e80158b,question_bank,question_bank:理论题库_飞行原理与飞行性能:q_0288:idx_0285,理论题库_飞行原理与飞行性能.txt,285,409,2026-06-06 07:24:48
doc_dcfe7e80158b,question_bank,question_bank:理论题库_飞行原理与飞行性能:q_0289:idx_0286,理论题库_飞行原理与飞行性能.txt,286,195,2026-06-06 07:24:48
doc_dcfe7e80158b,question_bank,question_bank:理论题库_飞行原理与飞行性能:q_0290:idx_0287,理论题库_飞行原理与飞行性能.txt,287,356,2026-06-06 07:24:48
doc_dcfe7e80158b,question_bank,question_bank:理论题库_飞行原理与飞行性能:q_0292:idx_0288,理论题库_飞行原理与飞行性能.txt,288,647,2026-06-06 07:24:48
doc_dcfe7e80158b,question_bank,question_bank:理论题库_飞行原理与飞行性能:q_0293:idx_0289,理论题库_飞行原理与飞行性能.txt,289,319,2026-06-06 07:24:48
doc_dcfe7e80158b,question_bank,question_bank:理论题库_飞行原理与飞行性能:q_0294:idx_0290,理论题库_飞行原理与飞行性能.txt,290,409,2026-06-06 07:24:48
doc_dcfe7e80158b,question_bank,question_bank:理论题库_飞行原理与飞行性能:q_0295:idx_0291,理论题库_飞行原理与飞行性能.txt,291,499,2026-06-06 07:24:48
doc_dcfe7e80158b,question_bank,question_bank:理论题库_飞行原理与飞行性能:q_0296:idx_0292,理论题库_飞行原理与飞行性能.txt,292,610,2026-06-06 07:24:48
doc_dcfe7e80158b,question_bank,question_bank:理论题库_飞行原理与飞行性能:q_0297:idx_0293,理论题库_飞行原理与飞行性能.txt,293,600,2026-06-06 07:24:48
doc_dcfe7e80158b,question_bank,question_bank:理论题库_飞行原理与飞行性能:q_0298:idx_0294,理论题库_飞行原理与飞行性能.txt,294,401,2026-06-06 07:24:48
doc_dcfe7e80158b,question_bank,question_bank:理论题库_飞行原理与飞行性能:q_0299:idx_0295,理论题库_飞行原理与飞行性能.txt,295,272,2026-06-06 07:24:48
doc_dcfe7e80158b,question_bank,question_bank:理论题库_飞行原理与飞行性能:q_0300:idx_0296,理论题库_飞行原理与飞行性能.txt,296,228,2026-06-06 07:24:48
doc_dcfe7e80158b,question_bank,question_bank:理论题库_飞行原理与飞行性能:q_0001:idx_0297,理论题库_飞行原理与飞行性能.txt,297,121,2026-06-06 07:24:48
doc_dcfe7e80158b,question_bank,question_bank:理论题库_飞行原理与飞行性能:q_0002:idx_0298,理论题库_飞行原理与飞行性能.txt,298,100,2026-06-06 07:24:48
doc_dcfe7e80158b,question_bank,question_bank:理论题库_飞行原理与飞行性能:q_0003:idx_0299,理论题库_飞行原理与飞行性能.txt,299,137,2026-06-06 07:24:48
