case_id,question_bank_id,document_id,chunk_id,doc_name,batch,source_version,exam_period_start,exam_period_end,exam_scope,question_type,source_docx,source_relative_path,source_page,declared_doc_pages,declared_doc_conditions,exam_site,province,exam_room,exam_date,condition_count,skill_labels,quality_flags,raw_text
gsec_b900399bb594,qbank_3963f538d4ec,doc_8cf56608b0d0,实操题库_地面站考试条件_2026H1_三角函数题型.txt_0,实操题库_地面站考试条件_2026H1_三角函数题型.txt,2026H1,2026H1,2026-01-01,2026-06-30,CAAC执照考试地面站实操真题考试条件,三角函数题型,三角函数题-考试条件提取.docx,地面站考试真题（2026年1月-6月）/三角函数题型/三角函数题-考试条件提取.docx,1,1,7,河南03考场,河南,03考场,2026-05-27,7,经纬度换算;航向方位判断;夹角计算;速度高度参数设置;转弯停留循环设置;几何图形航线规划;起飞返航点定位;题型:三角函数,,"河南03考场地面站真题 | 日期：2026.05.27
1、 图形如下，任务航线如图所示，边长1-4=2-3=80m,1-2=160m;
2、 起飞点到1点航向角为135°，起飞点到2点距离80m;
3、 航线高度为50m,水平速度为4m/s,垂直速度为1m/s;
4、 转弯模式为：定点转弯，各点停留时间3s
5、 图形循环模式为：闭合循环3圈
6、 1到2的航向角为300°
7、 1点的经纬度坐标为N33°37′48""E115°13′28""（要求零误差）"
gsec_f38b9f2de719,qbank_3428e602e4fc,doc_48e702d45fb7,实操题库_地面站考试条件_2026H1_双经纬度题型.txt_0,实操题库_地面站考试条件_2026H1_双经纬度题型.txt,2026H1,2026H1,2026-01-01,2026-06-30,CAAC执照考试地面站实操真题考试条件,双经纬度题型,双经纬度题型-考试条件提取.docx,地面站考试真题（2026年1月-6月）/双经纬度题型/双经纬度题型-考试条件提取.docx,1,21,106,河南03考场,河南,03考场,2026-04-27,7,经纬度换算;航向方位判断;夹角计算;速度高度参数设置;转弯停留循环设置;几何图形航线规划;起飞返航点定位;题型:双经纬度,ocr_possible_typo,"河南03考场地面站真题 | 日期：2026.04.27
1、 如图所以规划一个直角三角形，1-2=1-3=30m
2、 起飞点的经纬度坐标为：N32.5077°E80.0877°
3、 1点经纬度坐标为：N32.5077°E80.08801992°
4、 图形要求：3点位于2点的NE方向
5、 整体航线高度为90m,航线水平速度为4ms,垂直爬升速度为2ms
6、 转弯模式为：定点转弯，停留时间为5S
7、 图形循环模式为：闭合不循环"
gsec_2469c0570473,qbank_3428e602e4fc,doc_48e702d45fb7,实操题库_地面站考试条件_2026H1_双经纬度题型.txt_1,实操题库_地面站考试条件_2026H1_双经纬度题型.txt,2026H1,2026H1,2026-01-01,2026-06-30,CAAC执照考试地面站实操真题考试条件,双经纬度题型,双经纬度题型-考试条件提取.docx,地面站考试真题（2026年1月-6月）/双经纬度题型/双经纬度题型-考试条件提取.docx,2,21,106,,,,2026-06-16,5,经纬度换算;速度高度参数设置;转弯停留循环设置;几何图形航线规划;起飞返航点定位;题型:双经纬度,,"宁夏02考点地面站真题 | 日期：2026.06.16
(一) 规划扫描航线要求闭合不循环，航线长度为，航线间隔 为b,航线相对地面高度为c,水平速度为d,垂直速度为e,转弯模 式为协调转弯。
(二) a值为300米，b值为100米，c值为300m,d值为3m/s, e值为2m/s。
1、 题卡图形②点经纬度：N:26°25′26” ,E:120°12′12""
2、 起飞点经纬度：N:26°25′12”，E:120°12′26""
3、 题卡图形④点到题卡图形⑤点与题卡图形②点到起飞点的方向相反。"
gsec_c46278fb271d,qbank_3428e602e4fc,doc_48e702d45fb7,实操题库_地面站考试条件_2026H1_双经纬度题型.txt_2,实操题库_地面站考试条件_2026H1_双经纬度题型.txt,2026H1,2026H1,2026-01-01,2026-06-30,CAAC执照考试地面站实操真题考试条件,双经纬度题型,双经纬度题型-考试条件提取.docx,地面站考试真题（2026年1月-6月）/双经纬度题型/双经纬度题型-考试条件提取.docx,3,21,106,,,,2026-06-16,5,经纬度换算;速度高度参数设置;转弯停留循环设置;几何图形航线规划;起飞返航点定位;题型:双经纬度,,"宁夏02考点地面站真题 | 日期：2026.06.16
1、 题卡图形①点经纬度：N:26°25′12 "",E:120°12′26”
2、 起飞点经纬度：N:26°25′26”，E:1 20°12′12""
3、 题卡图形③点到题卡图形⑤点与题卡 图形①点到起飞点的方向相反。
1、 规划一个闭合六边形并循环执行，边长为a,①②③航点相对地 面高度为b,④⑤⑥航点相对地面高度为c,水平速度为d,垂直速 度为e,转弯方式为停止转弯，各点停留时间为f;
2、 a值为300米，b值为100米，c值为125m,d值为3m/s,e值为2m/s ,f值为2s。"
gsec_923aed527408,qbank_3428e602e4fc,doc_48e702d45fb7,实操题库_地面站考试条件_2026H1_双经纬度题型.txt_3,实操题库_地面站考试条件_2026H1_双经纬度题型.txt,2026H1,2026H1,2026-01-01,2026-06-30,CAAC执照考试地面站实操真题考试条件,双经纬度题型,双经纬度题型-考试条件提取.docx,地面站考试真题（2026年1月-6月）/双经纬度题型/双经纬度题型-考试条件提取.docx,4,21,106,江苏01考场,江苏,01考场,2026-05-22,5,经纬度换算;夹角计算;速度高度参数设置;转弯停留循环设置;几何图形航线规划;起飞返航点定位;题型:双经纬度,,"江苏01考场地面站真题 | 日期：2026.05.22
(一) 按图于起飞点前规划一个四边形并循环执行，①②边、②③边边 长为a,③④边边长为b,∠②=∠③=90·航线相对地面高度为c,水平 速度为d，转弯模式为停止转弯，停留时间不作要求；
(二) a值为20米，b值为30米，c值为30m,d值为3m/s。
一、 起飞点经纬度： N:28°39′30 E:115°56'30
二、 1点的经纬度： N:28°39'30"" E:115°56'25""
三、 2点位于1点东偏南 55°。"
gsec_4ef5c481c291,qbank_3428e602e4fc,doc_48e702d45fb7,实操题库_地面站考试条件_2026H1_双经纬度题型.txt_4,实操题库_地面站考试条件_2026H1_双经纬度题型.txt,2026H1,2026H1,2026-01-01,2026-06-30,CAAC执照考试地面站实操真题考试条件,双经纬度题型,双经纬度题型-考试条件提取.docx,地面站考试真题（2026年1月-6月）/双经纬度题型/双经纬度题型-考试条件提取.docx,5,21,106,江苏01考场,江苏,01考场,2026-05-22,5,经纬度换算;速度高度参数设置;转弯停留循环设置;几何图形航线规划;起飞返航点定位;题型:双经纬度,,"江苏01考场地面站真题 | 日期：2026.05.22
(一) 于起飞点前规划一个六边形并循环执行，边长为a,①② ③航点相对地面高度为b，④⑤⑥航点相对地面高度为℃，水平速度 为d,转弯方式为停止转弯，各点停留时间为f;
(二) a值为30米（误差云±3米），b值为25米，c值为30m, d值为2m/s,f值为2s。
一、 起飞点经纬度： 3 5 N:28°39'30 E:115°56′30
二、 1点的经纬度： N:28°39′30 E:115°56'25
三、 2点位于1点东偏南 55°"
gsec_e1f68e916907,qbank_3428e602e4fc,doc_48e702d45fb7,实操题库_地面站考试条件_2026H1_双经纬度题型.txt_5,实操题库_地面站考试条件_2026H1_双经纬度题型.txt,2026H1,2026H1,2026-01-01,2026-06-30,CAAC执照考试地面站实操真题考试条件,双经纬度题型,双经纬度题型-考试条件提取.docx,地面站考试真题（2026年1月-6月）/双经纬度题型/双经纬度题型-考试条件提取.docx,6,21,106,江苏01考场,江苏,01考场,2026-05-22,5,经纬度换算;夹角计算;速度高度参数设置;转弯停留循环设置;几何图形航线规划;起飞返航点定位;题型:双经纬度,,"江苏01考场地面站真题 | 日期：2026.05.22
(一) 按图于起飞点前规划一个闭合图形并循环执行，各点之间 距离不小于20米，①点相对地面高度为a、②点相对地面高度为b，③点 相对地面高度为c，④点相对地面高度为d，水平速度为f,∠①= ∠②=∠③=∠④=45·转弯模式为停止转弯，停留时间不作要求；
(二) a值为20米，b值为25米，c值为30m,d值为25m, f值为3m/s。
一、 起飞点经纬度： 4 N:28°39'30 E:115°56'30
二、 1点的经纬度： 任务航线示意图： N:28°39'30 E:115°56'25""
三、 2点位于1点东偏南 55°"
gsec_37b932d3cf68,qbank_3428e602e4fc,doc_48e702d45fb7,实操题库_地面站考试条件_2026H1_双经纬度题型.txt_6,实操题库_地面站考试条件_2026H1_双经纬度题型.txt,2026H1,2026H1,2026-01-01,2026-06-30,CAAC执照考试地面站实操真题考试条件,双经纬度题型,双经纬度题型-考试条件提取.docx,地面站考试真题（2026年1月-6月）/双经纬度题型/双经纬度题型-考试条件提取.docx,7,21,106,江西03考场,江西,03考场,2026-05-15,5,经纬度换算;速度高度参数设置;转弯停留循环设置;几何图形航线规划;起飞返航点定位;题型:双经纬度,,"江西03考场地面站真题 | 日期：2026.05.15
(一) 按图规划一个闭合的任务航线不循环执行，①③、②③、 ②④、①④边长为300米，①点相对地面高度为a,②点相对地面高 度为b,③点相对地面高度为c,④点相对地面高度为d,水平速 度为e,垂直速度为f，转弯模式为停止转弯，停留时间4s;
(二) a值为30米，b值为35米，c值为40m,d值为25m, e值为2m/s,f值为2m/s。
一、 起飞点经纬度： N:30°14'54 E:114°3′20
二： 1点经纬度： 任务航线示意图： N:30°14'54 E:114°3′15
三： 2号点位于1点东偏南 45°"
gsec_361d923cf669,qbank_3428e602e4fc,doc_48e702d45fb7,实操题库_地面站考试条件_2026H1_双经纬度题型.txt_7,实操题库_地面站考试条件_2026H1_双经纬度题型.txt,2026H1,2026H1,2026-01-01,2026-06-30,CAAC执照考试地面站实操真题考试条件,双经纬度题型,双经纬度题型-考试条件提取.docx,地面站考试真题（2026年1月-6月）/双经纬度题型/双经纬度题型-考试条件提取.docx,8,21,106,广东03考场,广东,03考场,2026-05-06,5,经纬度换算;夹角计算;速度高度参数设置;转弯停留循环设置;几何图形航线规划;起飞返航点定位;题型:双经纬度,,"广东03考场地面站真题 | 日期：2026.05.06
(一) 按图规划一个闭合四边形并循环执行，①②边、②③边边 长为a,①④边边长为b，∠①=∠②=90·航线相对地面高度为c, 水平速度为d,垂直速度为e,转弯模式为停止转弯，停留时间5s;
(二) a值为200米，b值为400米，c值为300m,d值为 3m/s,e值为2m/s。
一： 起飞点经纬度： N:28°39′30"" E:115°56'32""
二： 1点经纬度： N:28°39'25"" E:115°5632""
三： 2号点位于3号点西偏 北25度。"
gsec_bef724d69088,qbank_3428e602e4fc,doc_48e702d45fb7,实操题库_地面站考试条件_2026H1_双经纬度题型.txt_8,实操题库_地面站考试条件_2026H1_双经纬度题型.txt,2026H1,2026H1,2026-01-01,2026-06-30,CAAC执照考试地面站实操真题考试条件,双经纬度题型,双经纬度题型-考试条件提取.docx,地面站考试真题（2026年1月-6月）/双经纬度题型/双经纬度题型-考试条件提取.docx,9,21,106,湖北03考场,湖北,03考场,2026-05-10,5,经纬度换算;速度高度参数设置;转弯停留循环设置;几何图形航线规划;起飞返航点定位;题型:双经纬度,,"湖北03考场地面站真题 | 日期：2026.05.10
(一) 按图规划一个闭合的任务航线不循环执行，①③、②③、 ②④、①④边长为300米，①点相对地面高度为a,②点相对地面高 度为b,③点相对地面高度为c,④点相对地面高度为d,水平速 度为e,垂直速度为f,转弯模式为停止转弯，停留时间4s
(二) a值为30米，b值为35米，c值为40m,d值为25m, e值为2m/s,f值为2m/s。
一、 起飞点经纬度： :28°39'30 E:115°56'30""
二： 1点经纬度： 任务航线示意图： N:28°39'30 E:115°56'25
三： 2号点位于1点东偏南 35度。"
gsec_1fe8dbd6adf5,qbank_3428e602e4fc,doc_48e702d45fb7,实操题库_地面站考试条件_2026H1_双经纬度题型.txt_9,实操题库_地面站考试条件_2026H1_双经纬度题型.txt,2026H1,2026H1,2026-01-01,2026-06-30,CAAC执照考试地面站实操真题考试条件,双经纬度题型,双经纬度题型-考试条件提取.docx,地面站考试真题（2026年1月-6月）/双经纬度题型/双经纬度题型-考试条件提取.docx,10,21,106,浙江01考场,浙江,01考场,2026-04-27,5,经纬度换算;夹角计算;速度高度参数设置;转弯停留循环设置;几何图形航线规划;起飞返航点定位;题型:双经纬度,,"浙江01考场地面站真题 | 日期：2026.04.27
(一) 按图规划一个闭合四边形并循环执行，①②边、②③边边 长为a,①④边边长为b,∠①=∠②=90°航线相对地面高度为c, 水平速度为d，垂直速度为e,转弯模式为停止转弯，停留时间5s;
(二) a值为200米，b值为400米，c值为300m,d值为 3m/s,e值为2m/s。
一： 起飞点经纬度： N:28°39′30” E:115°5632”
二： 1点经纬度 N:28°39′25” E:115°56′32”
三： 2号点位于3点西偏 北25"
gsec_a24b1dd9ebc5,qbank_3428e602e4fc,doc_48e702d45fb7,实操题库_地面站考试条件_2026H1_双经纬度题型.txt_10,实操题库_地面站考试条件_2026H1_双经纬度题型.txt,2026H1,2026H1,2026-01-01,2026-06-30,CAAC执照考试地面站实操真题考试条件,双经纬度题型,双经纬度题型-考试条件提取.docx,地面站考试真题（2026年1月-6月）/双经纬度题型/双经纬度题型-考试条件提取.docx,11,21,106,河南03考场,河南,03考场,2026-04-27,7,经纬度换算;航向方位判断;速度高度参数设置;转弯停留循环设置;几何图形航线规划;起飞返航点定位;题型:双经纬度,,"河南03考场地面站真题 | 日期：2026.04.27
1、 如图所示规划一个正六边形，边长60m;
2、 1点位于：N:28.1234°，E116.12390986°
3、 起飞点位于：E:116.1234°，N:28.1234
4、 整体航线高度为90m,航线水平速度为4ms，垂直爬升速度为2ms
5、 转弯模式为：定点转弯，停留时间为3s
6、 图形循环模式为：闭合循环3圈
7、 图形要求：3点到1点的航向为30°方向"
gsec_4aabd0978659,qbank_3428e602e4fc,doc_48e702d45fb7,实操题库_地面站考试条件_2026H1_双经纬度题型.txt_11,实操题库_地面站考试条件_2026H1_双经纬度题型.txt,2026H1,2026H1,2026-01-01,2026-06-30,CAAC执照考试地面站实操真题考试条件,双经纬度题型,双经纬度题型-考试条件提取.docx,地面站考试真题（2026年1月-6月）/双经纬度题型/双经纬度题型-考试条件提取.docx,12,21,106,浙江01考场,浙江,01考场,2026-03-27,4,经纬度换算;航向方位判断;夹角计算;速度高度参数设置;转弯停留循环设置;几何图形航线规划;题型:双经纬度,,"浙江01考场地面站真题 | 日期：2026.03.27
(一) 与 的相对方位由委任代表根据现场环境 等情况进行决定。规划一个闭合等边三角形并循环执行，边长为a,所有航线 相对地面高度为b，水平速度为c,垂直速度为d，转弯方式为停止转弯，停 留时间5s;
(二) a值为50米，b值为50米，c值为3m/s,d值为2m/s。
二： ①点经纬度： E:112°42'34” N:30°23′18”
三： H-②的航向和②-①的 航向相反。"
gsec_57dc7ccf8e78,qbank_3428e602e4fc,doc_48e702d45fb7,实操题库_地面站考试条件_2026H1_双经纬度题型.txt_12,实操题库_地面站考试条件_2026H1_双经纬度题型.txt,2026H1,2026H1,2026-01-01,2026-06-30,CAAC执照考试地面站实操真题考试条件,双经纬度题型,双经纬度题型-考试条件提取.docx,地面站考试真题（2026年1月-6月）/双经纬度题型/双经纬度题型-考试条件提取.docx,13,21,106,重床02考场,重床,02考场,2026-04-25,5,经纬度换算;夹角计算;速度高度参数设置;转弯停留循环设置;几何图形航线规划;起飞返航点定位;题型:双经纬度,,"重床02考场地面站真题 | 日期：2026.04.25
(一) 规划一个闭合等腰直角三角形并循环执行，①②边长为1，①③边 长为a2,∠①为直角，航线相对地面高度b,水平速度为c,垂直速度为d, 转弯方式为停止转弯，停留时间为5S；
(二) a1、a2值为50米，b值为50米，c值为3ms,d值为2ms。
一、 起飞点经纬度： N:31°09′16” E:111°20'03""
二、 1点经纬度： N:31°09′20” E:111°20'03”
三、 3点位于2点东偏北 25°"
gsec_a1b9064c89ce,qbank_3428e602e4fc,doc_48e702d45fb7,实操题库_地面站考试条件_2026H1_双经纬度题型.txt_13,实操题库_地面站考试条件_2026H1_双经纬度题型.txt,2026H1,2026H1,2026-01-01,2026-06-30,CAAC执照考试地面站实操真题考试条件,双经纬度题型,双经纬度题型-考试条件提取.docx,地面站考试真题（2026年1月-6月）/双经纬度题型/双经纬度题型-考试条件提取.docx,14,21,106,重床02考场,重床,02考场,2026-04-25,5,经纬度换算;夹角计算;速度高度参数设置;转弯停留循环设置;几何图形航线规划;起飞返航点定位;题型:双经纬度,,"重床02考场地面站真题 | 日期：2026.04.25
(一) 规划一个闭合等边三角形并循环执行，边长为a，所有航线相对地 面高度为b，水平速度为c，垂直速度为d，转弯方式为停止转弯，停留时间 为f;
(二) a值为50米，b值为50米，c值为3m/s,d值为2m/s,f值为 8So
一、 起飞点经纬度： N:31°09'16” E:111°20'03”
二、 1点经纬度： N:31°09′10” E:111°20'03”
三、 3点位于2点东偏 南25°"
gsec_c539515211a6,qbank_3428e602e4fc,doc_48e702d45fb7,实操题库_地面站考试条件_2026H1_双经纬度题型.txt_14,实操题库_地面站考试条件_2026H1_双经纬度题型.txt,2026H1,2026H1,2026-01-01,2026-06-30,CAAC执照考试地面站实操真题考试条件,双经纬度题型,双经纬度题型-考试条件提取.docx,地面站考试真题（2026年1月-6月）/双经纬度题型/双经纬度题型-考试条件提取.docx,15,21,106,湖北04考场,湖北,04考场,2026-03-10,4,经纬度换算;航向方位判断;夹角计算;速度高度参数设置;转弯停留循环设置;几何图形航线规划;起飞返航点定位;题型:双经纬度,,"湖北04考场地面站真题 | 日期：2026.03.10
(一) 与 的相对方位由委任代表根据 现场环境等情况进行决定。按图于起飞点前规划一个五边形并循环执 行，①②边及②③边的边长为a,∠②=∠④=∠①为90°，航线相 对地面高度为b，水平速度为c，垂直速度为d,转弯模式为停止转 弯，各点停留时间为e；
(二) a值建议为30米，b值建议为30米，c值建议为 3m/s,d值建议为1m/s,e值建议为2s。(航线方位及各数值可由 委任代表按实际情况进行调整，考题以委任代表规定数值为准)
1、 起飞点坐标： N:23°24'20"" E:112°12'36"" 航点1坐标： N:23°24'18” E:112°12'36”
2、 H-1航向与3-2航向 相反。"
gsec_9774ead8dfaa,qbank_3428e602e4fc,doc_48e702d45fb7,实操题库_地面站考试条件_2026H1_双经纬度题型.txt_15,实操题库_地面站考试条件_2026H1_双经纬度题型.txt,2026H1,2026H1,2026-01-01,2026-06-30,CAAC执照考试地面站实操真题考试条件,双经纬度题型,双经纬度题型-考试条件提取.docx,地面站考试真题（2026年1月-6月）/双经纬度题型/双经纬度题型-考试条件提取.docx,16,21,106,上海01考场,上海,01考场,2026-03-15,5,经纬度换算;航向方位判断;夹角计算;速度高度参数设置;转弯停留循环设置;几何图形航线规划;起飞返航点定位;题型:双经纬度,,"上海01考场地面站真题 | 日期：2026.03.15
(一) 与 的相对方位由委任代表根据 现场环境等情况进行决定。按图于起飞点前规划一个四边形并循环执 行。①②边、②③边边长为a,③④边边长为b,∠②=∠③=90° 航线相对地面高度为c，水平速度为d，垂直速度为e，转弯模式为 停止转弯，停留时间不作要求；
(二) a值建议为20米，b值建议为30米，c值建议为30m, d值建议为3m/s。e值建议为2m/s。(航线方位及各数值可由委任 代表按实际情况进行调整，考题以委任代表规定数值为准) 安当处当，
1、 H点坐标： E:112°12'36"" N:23°42'18""
2、 ①点坐标： E:112°12'38"" N:23°42'18""
3、 H-①航向于③-② 航向相反"
gsec_24742865be92,qbank_3428e602e4fc,doc_48e702d45fb7,实操题库_地面站考试条件_2026H1_双经纬度题型.txt_16,实操题库_地面站考试条件_2026H1_双经纬度题型.txt,2026H1,2026H1,2026-01-01,2026-06-30,CAAC执照考试地面站实操真题考试条件,双经纬度题型,双经纬度题型-考试条件提取.docx,地面站考试真题（2026年1月-6月）/双经纬度题型/双经纬度题型-考试条件提取.docx,17,21,106,上海01考场,上海,01考场,2026-03-15,5,经纬度换算;航向方位判断;速度高度参数设置;转弯停留循环设置;几何图形航线规划;起飞返航点定位;题型:双经纬度,,"上海01考场地面站真题 | 日期：2026.03.15
(一) 与 的相对方位由委任代表根据 现场环境等情况进行决定。于起飞点前规划一个六边形并循环执行， 边长为a，①②③航点相对地面高度为b,④⑤⑥航点相对地面高度 为c，水平速度为d，垂直速度为e,转弯方式为停止转弯，各点停 留时间为f;
(二) a值建议为30米（误差≤±3米），b值建议为25米 c建议为30m,d值建议为2m/s。e值建议为1m/s,f值建议为 2s。(航线方位及各数值可由变任代表按实际情况进行调整，考题以 委任代表规定数值为准)
1、 H点坐标： E:112°12'36” N:23°42'18”
2、 1点坐标： E:112°12′38” N:23°42'18”
3、 H点到1点航向与 3-2点航向相反。"
gsec_96c10377e5d5,qbank_3428e602e4fc,doc_48e702d45fb7,实操题库_地面站考试条件_2026H1_双经纬度题型.txt_17,实操题库_地面站考试条件_2026H1_双经纬度题型.txt,2026H1,2026H1,2026-01-01,2026-06-30,CAAC执照考试地面站实操真题考试条件,双经纬度题型,双经纬度题型-考试条件提取.docx,地面站考试真题（2026年1月-6月）/双经纬度题型/双经纬度题型-考试条件提取.docx,18,21,106,上海01考场,上海,01考场,2026-03-15,5,经纬度换算;航向方位判断;夹角计算;速度高度参数设置;转弯停留循环设置;几何图形航线规划;起飞返航点定位;题型:双经纬度,,"上海01考场地面站真题 | 日期：2026.03.15
(一) 与 的相对方位由委任代表根据 现场环境等情况进行决定。按图于起飞点前规划一个五边形并循环执 行，①②边及②③边的边长为a,∠②=∠④=∠①为90°，航线相 对地面高度为b，水平速度为c，垂直速度为d，转弯模式为停止 转弯，各点停留时间为e；
(二) a值建议为30米，b值建议为30米，c值建议为 3m/s,d值建议为1m/s。e值建议为2s。(航线方位及各数值可由 变任代表按实际情况进行调整，考题以委任代表规定数值为准)
1、 H点坐标： E:112°42'36"" N:23°12'18""
2、 1点坐标： E:112°42'36” N:23°12'20”
3、 H点到2点航向与 2-1点航向相反。"
gsec_5e55e0643993,qbank_3428e602e4fc,doc_48e702d45fb7,实操题库_地面站考试条件_2026H1_双经纬度题型.txt_18,实操题库_地面站考试条件_2026H1_双经纬度题型.txt,2026H1,2026H1,2026-01-01,2026-06-30,CAAC执照考试地面站实操真题考试条件,双经纬度题型,双经纬度题型-考试条件提取.docx,地面站考试真题（2026年1月-6月）/双经纬度题型/双经纬度题型-考试条件提取.docx,19,21,106,浙江01考场,浙江,01考场,2026-03-27,5,经纬度换算;航向方位判断;速度高度参数设置;转弯停留循环设置;几何图形航线规划;起飞返航点定位;题型:双经纬度,,"浙江01考场地面站真题 | 日期：2026.03.27
(一) 与 的相对方位由委任代表根据现 场环境等情况进行决定。按图规划一个闭合的任务航线不循环执行， ①③、②③、②④、①④边长为300米，①点相对地面高度为a,②点 相对地面高度为b,③点相对地面高度为c,④点相对地面高度为d, 水平速度为e，垂直速度为f，转弯模式为停止转弯，停留时间2s；
(二) a值为20米，b值为25米，c值为30m,d值为20m, e值为2m/s,f值为2m/s。
一： 起飞点经纬度： E:112°42'36” N:30°23′18”
二： ①点经纬度： 任务航线示意图： E:112°42'34"" N:30°23'18”
三： H-②的航向和②-①的 航向相反。"
gsec_20eedfa4b380,qbank_3428e602e4fc,doc_48e702d45fb7,实操题库_地面站考试条件_2026H1_双经纬度题型.txt_19,实操题库_地面站考试条件_2026H1_双经纬度题型.txt,2026H1,2026H1,2026-01-01,2026-06-30,CAAC执照考试地面站实操真题考试条件,双经纬度题型,双经纬度题型-考试条件提取.docx,地面站考试真题（2026年1月-6月）/双经纬度题型/双经纬度题型-考试条件提取.docx,20,21,106,浙江01考场,浙江,01考场,2026-03-27,5,经纬度换算;航向方位判断;夹角计算;速度高度参数设置;转弯停留循环设置;几何图形航线规划;起飞返航点定位;题型:双经纬度,,"浙江01考场地面站真题 | 日期：2026.03.27
(一) 与 的相对方位由委任代表根据现场环境等情 况进行决定。规划一个闭合五边形并循环执行，①②边及②③边的边长为a, ∠②=∠④=∠①为90°，航线相对地面高度为b,水平速度为c,垂直速度为d, 转弯模式为停止转弯，各点停留时间为e；
(二) a值建议为50米，b值建议为50米，c值建议为3m/s，d建议为 2m/s,e值建议为10s。
一： 起飞点经纬度： E:112°42'36” 任务航线示意图： :30°23′18”
二： ①点经纬度： E:112°42'34” N:30°23′18”
三： H-②的航向和②-①的 航向相反。"
gsec_f591576e45aa,qbank_3428e602e4fc,doc_48e702d45fb7,实操题库_地面站考试条件_2026H1_双经纬度题型.txt_20,实操题库_地面站考试条件_2026H1_双经纬度题型.txt,2026H1,2026H1,2026-01-01,2026-06-30,CAAC执照考试地面站实操真题考试条件,双经纬度题型,双经纬度题型-考试条件提取.docx,地面站考试真题（2026年1月-6月）/双经纬度题型/双经纬度题型-考试条件提取.docx,21,21,106,浙江01考场,浙江,01考场,2026-03-27,4,经纬度换算;航向方位判断;速度高度参数设置;转弯停留循环设置;几何图形航线规划;题型:双经纬度,,"浙江01考场地面站真题 | 日期：2026.03.27
(一) 与 的相对方位由委任代表根据 现场环境等情况进行决定。规划一个闭合六边形并循环执行，边长为 a，①②③航点相对地面高度为b,④⑤⑥航点相对地面高度为c, 水平速度为d，垂直速度为e，转弯方式为停止转弯，各点停留时间 为f;
(二) a值为30米，b值为30米，c值为25m,d值为4m/s, e值为2m/s,f值为2so
二： ①点经纬度： E:112°42'34"" N:30°23′18”
三： H-②的航向和②-①的 航向相反。"
gsec_189031021ccd,qbank_289f36425828,doc_9d3388bb281d,实操题库_地面站考试条件_2026H1_双起飞点题型.txt_0,实操题库_地面站考试条件_2026H1_双起飞点题型.txt,2026H1,2026H1,2026-01-01,2026-06-30,CAAC执照考试地面站实操真题考试条件,双起飞点题型,双起飞点题型-考试条件提取.docx,地面站考试真题（2026年1月-6月）/双起飞点题型/双起飞点题型-考试条件提取.docx,1,32,166,山西O3考场,山西,O3考场,2026-03-06,5,经纬度换算;航向方位判断;速度高度参数设置;转弯停留循环设置;几何图形航线规划;起飞返航点定位;题型:双起飞点,doc_condition_count_mismatch;site_uses_letter_O;source_gap,"山西O3考场地面站真题 | 日期：2026.03.06
(一) 与 的相对方位由委任代表根据 现场环境等情况进行决定。规划一个六边形并循环执行，边长为a, ①②③航点相对地面高度为b,④⑤⑥航点相对地面高度为c,水平 速度为d,垂直速度为e，转弯方式为停止转弯，各点停留时间为f;
(二) a值为30米，b值为30米，c值为25m,d值为4m/s,e 值为2m/s,f值为2s。
1、 起飞点经纬度： N:27°46'19” E:123°12'17”
2、 起飞点到任务航 6 线航点3和航点5距 离相等，H-3和 H-5=30米。 起飞点在图形内侧。
3、 任务航线1号点位 于起飞点W方位。"
gsec_0d604cf359ca,qbank_289f36425828,doc_9d3388bb281d,实操题库_地面站考试条件_2026H1_双起飞点题型.txt_1,实操题库_地面站考试条件_2026H1_双起飞点题型.txt,2026H1,2026H1,2026-01-01,2026-06-30,CAAC执照考试地面站实操真题考试条件,双起飞点题型,双起飞点题型-考试条件提取.docx,地面站考试真题（2026年1月-6月）/双起飞点题型/双起飞点题型-考试条件提取.docx,2,32,166,河南01考场,河南,01考场,2026-05-17,5,经纬度换算;速度高度参数设置;转弯停留循环设置;几何图形航线规划;起飞返航点定位;题型:双起飞点,doc_condition_count_mismatch;source_gap,"河南01考场地面站真题 | 日期：2026.05.17
(一) 规划一个闭合六边形并不循环执行，边长为a,①②③航点 相对地面高度为b,④⑤⑥航点相对地面高度为c,水平速度为d, 垂直速度为e,转弯方式为停止转弯，各点停留时间为f;
(二) a值为400米，b值为50米，c值为60m,d值为10m/s, e值为3m/s,f值为8s。
一、 起飞点经纬度： N:34°50'26 E:113°15′32
二、 起飞点到任务航 线航点5和航点6距离相 等，H到5和H到6=400 米。 起飞点在图形外侧。
三、 起飞点位于任务航 点1号点南偏东25°"
gsec_60a662301fc5,qbank_289f36425828,doc_9d3388bb281d,实操题库_地面站考试条件_2026H1_双起飞点题型.txt_2,实操题库_地面站考试条件_2026H1_双起飞点题型.txt,2026H1,2026H1,2026-01-01,2026-06-30,CAAC执照考试地面站实操真题考试条件,双起飞点题型,双起飞点题型-考试条件提取.docx,地面站考试真题（2026年1月-6月）/双起飞点题型/双起飞点题型-考试条件提取.docx,3,32,166,安徽01考场,安徽,01考场,2026-04-28,5,经纬度换算;航向方位判断;速度高度参数设置;转弯停留循环设置;几何图形航线规划;起飞返航点定位;题型:双起飞点,doc_condition_count_mismatch;source_gap,"安徽01考场地面站真题 | 日期：2026.04.28
(一) 与 的相对方位由委任代表根据 现场环境等情况进行决定。规划一个六边形并循环执行，边长为a, ①②③航点相对地面高度为b,④⑤⑥航点相对地面高度为c,水平 速度为d,垂直速度为e,转弯方式为停止转弯，各点停留时间为f;
(二) a值为30米，b值为35米，c值为45m,d值为3m/s, e值为3m/s,f值为5s。
1、 起飞点经纬度： N:26°36'36” E:116°5636”
2、 起飞点到任务航 线航点2和航点3距 离相等，H到3和H到 6=200米。 起飞点在图形外侧。
3、 任务航线2号点 位于起飞点SW方向"
gsec_d302bfc3579b,qbank_289f36425828,doc_9d3388bb281d,实操题库_地面站考试条件_2026H1_双起飞点题型.txt_3,实操题库_地面站考试条件_2026H1_双起飞点题型.txt,2026H1,2026H1,2026-01-01,2026-06-30,CAAC执照考试地面站实操真题考试条件,双起飞点题型,双起飞点题型-考试条件提取.docx,地面站考试真题（2026年1月-6月）/双起飞点题型/双起飞点题型-考试条件提取.docx,4,32,166,浙江01考场,浙江,01考场,2026-04-27,5,经纬度换算;速度高度参数设置;转弯停留循环设置;几何图形航线规划;起飞返航点定位;题型:双起飞点,doc_condition_count_mismatch;source_gap,"浙江01考场地面站真题 | 日期：2026.04.27
(一) 规划一个闭合六边形并循环执行，边长为a,①②③航点 相对地面高度为b，④⑤⑥航点相对地面高度为c，水平速度为d, 垂直速度为e,转弯方式为停止转弯，各点停留时间为f；
(二) a值为400米，b值为30米，c值为25m,d值为4m/s, e值为2m/s,f值为2s。
一、 起飞点经纬度： N:33°29'42” E:134°27′34""
二、 起飞点到任务航 线航点3和航点2距 离相等，H到2和H到 3=400米。 起飞点在图形外侧。
三、 任务航线1号点 位于起飞点南偏东15°"
gsec_d104c3b0ecd8,qbank_289f36425828,doc_9d3388bb281d,实操题库_地面站考试条件_2026H1_双起飞点题型.txt_4,实操题库_地面站考试条件_2026H1_双起飞点题型.txt,2026H1,2026H1,2026-01-01,2026-06-30,CAAC执照考试地面站实操真题考试条件,双起飞点题型,双起飞点题型-考试条件提取.docx,地面站考试真题（2026年1月-6月）/双起飞点题型/双起飞点题型-考试条件提取.docx,5,32,166,河南03考场,河南,03考场,2026-04-27,7,经纬度换算;航向方位判断;速度高度参数设置;转弯停留循环设置;几何图形航线规划;起飞返航点定位;题型:双起飞点,doc_condition_count_mismatch;source_gap,"河南03考场地面站真题 | 日期：2026.04.27
1. 图扫描航线如下，航线长度=800m;航线间隔为200m
2. 航线高度为150m,水平速度为4ms，垂直速度为2ms
3. 起飞点位于1点的S偏W45°方向
4. 起飞点在2点的1600m位置
5. 1点位于2点的SE方向
6. 转弯模式为：定点转弯，t=5s
7. 图形循环模式为：不循环不闭合 8起飞点经纬度坐标为：N32.5077°，E80.0877°"
gsec_753acde97f60,qbank_289f36425828,doc_9d3388bb281d,实操题库_地面站考试条件_2026H1_双起飞点题型.txt_5,实操题库_地面站考试条件_2026H1_双起飞点题型.txt,2026H1,2026H1,2026-01-01,2026-06-30,CAAC执照考试地面站实操真题考试条件,双起飞点题型,双起飞点题型-考试条件提取.docx,地面站考试真题（2026年1月-6月）/双起飞点题型/双起飞点题型-考试条件提取.docx,6,32,166,贵州01考场,贵州,01考场,2026-04-27,5,经纬度换算;速度高度参数设置;转弯停留循环设置;几何图形航线规划;起飞返航点定位;题型:双起飞点,doc_condition_count_mismatch;source_gap,"贵州01考场地面站真题 | 日期：2026.04.27
(一) 规划一个闭合不循环正六边形航线，边长为a,①②③航 点相对地面高度为b，④⑤⑥航点相对地面高度为c，水平速度为d, 垂直速度为e,转弯方式为停止转弯，各点停留时间为f;
(二) a值为300米，b值为30米，c值为25m,d值为4m/s, e值为2m/s,f值为2s。
一、 起飞点经纬度： 3 5 N:21°31'32"" E:117°16'14""
二、 起飞点到任务航 线航点1和航点2距 离相等，H到1和H到 2=300米。 起飞点在图形外侧。
三、 任务航线1号点 位于起飞点东偏南15°"
gsec_bb64a4b823b2,qbank_289f36425828,doc_9d3388bb281d,实操题库_地面站考试条件_2026H1_双起飞点题型.txt_6,实操题库_地面站考试条件_2026H1_双起飞点题型.txt,2026H1,2026H1,2026-01-01,2026-06-30,CAAC执照考试地面站实操真题考试条件,双起飞点题型,双起飞点题型-考试条件提取.docx,地面站考试真题（2026年1月-6月）/双起飞点题型/双起飞点题型-考试条件提取.docx,7,32,166,江西02考场,江西,02考场,2026-04-23,5,经纬度换算;速度高度参数设置;转弯停留循环设置;几何图形航线规划;起飞返航点定位;题型:双起飞点,doc_condition_count_mismatch;source_gap,"江西02考场地面站真题 | 日期：2026.04.23
(一) 规划一个闭合六边形并循环执行，闭合点高度与①号点保 持一致，边长为，①②③航点相对地面高度为b,④⑤⑥航点相对 地面高度为c,水平速度为d,垂直速度为e,转弯方式为停止转弯， 各点停留时间为f;
(二) a值为150米，b值为50米，c值为30m,d值为4m/s, e值为2m/s,f值为2s。
一、 起飞点经纬度： N:22°31'32” E:114°16'02""
二、 起飞点到任务航 线航点5和航点6距离 相等，H到5和H到 6=150米。 起飞点在图形外侧。
三、 任务航线4号点 位于3号点东偏南26°"
gsec_65f90325c151,qbank_289f36425828,doc_9d3388bb281d,实操题库_地面站考试条件_2026H1_双起飞点题型.txt_7,实操题库_地面站考试条件_2026H1_双起飞点题型.txt,2026H1,2026H1,2026-01-01,2026-06-30,CAAC执照考试地面站实操真题考试条件,双起飞点题型,双起飞点题型-考试条件提取.docx,地面站考试真题（2026年1月-6月）/双起飞点题型/双起飞点题型-考试条件提取.docx,8,32,166,河北04考场,河北,04考场,2026-04-25,5,经纬度换算;速度高度参数设置;转弯停留循环设置;几何图形航线规划;起飞返航点定位;题型:双起飞点,doc_condition_count_mismatch;source_gap,"河北04考场地面站真题 | 日期：2026.04.25
(一) 规划一个闭合六边形并循环执行，边长为a,①②③航点 相对地面高度为b,④⑤⑥航点相对地面高度为c,水平速度为d, 垂直速度为e,转弯方式为停止转弯，各点停留时间为f；
(二) a值为350米，b值为30米，c值为20m,d值为4m/s, e值为2m/s,f值为2s。
一、 起飞点经纬度： N:30.405° E:114.5075°
二、 起飞点到任务航 线航点5和航点6距 离相等，H到5和H到 6=350米。 起飞点在图形外侧。
三、 任务航线1号点 位于起飞点南偏东15°"
gsec_35db8108a6ad,qbank_289f36425828,doc_9d3388bb281d,实操题库_地面站考试条件_2026H1_双起飞点题型.txt_8,实操题库_地面站考试条件_2026H1_双起飞点题型.txt,2026H1,2026H1,2026-01-01,2026-06-30,CAAC执照考试地面站实操真题考试条件,双起飞点题型,双起飞点题型-考试条件提取.docx,地面站考试真题（2026年1月-6月）/双起飞点题型/双起飞点题型-考试条件提取.docx,9,32,166,山西01考场,山西,01考场,2026-04-21,5,经纬度换算;航向方位判断;夹角计算;速度高度参数设置;转弯停留循环设置;几何图形航线规划;起飞返航点定位;题型:双起飞点,doc_condition_count_mismatch;source_gap,"山西01考场地面站真题 | 日期：2026.04.21
(一) 与 的相对方位由委任代表根据现场环境等 情况进行决定。规划一个五边形并循环执行，①②边及②③边的边长为a, ∠②=∠④=∠①为90°，航线相对地面高度为，水平速度为c,垂直速度为d, 转弯模式为停止转弯，各点停留时间为e;
(二) a值建议为50米，b值建议为50米，c值建议为3m/s,d值建议 为2m/s,e值建议为10s。
1、 图形1号点经纬度： N:26°18'45.12"" E:103°56'32.18
2、 起飞点到1点和起飞 点到2点长度一致为50 米，但航线不与图形交 叉
3、 3-2为南偏东30°方 向"
gsec_82ca6a5b4504,qbank_289f36425828,doc_9d3388bb281d,实操题库_地面站考试条件_2026H1_双起飞点题型.txt_9,实操题库_地面站考试条件_2026H1_双起飞点题型.txt,2026H1,2026H1,2026-01-01,2026-06-30,CAAC执照考试地面站实操真题考试条件,双起飞点题型,双起飞点题型-考试条件提取.docx,地面站考试真题（2026年1月-6月）/双起飞点题型/双起飞点题型-考试条件提取.docx,10,32,166,广东01考场,广东,01考场,2026-04-21,5,经纬度换算;速度高度参数设置;转弯停留循环设置;几何图形航线规划;起飞返航点定位;题型:双起飞点,doc_condition_count_mismatch;source_gap,"广东01考场地面站真题 | 日期：2026.04.21
(一) 规划一个闭合六边形并循环执行，闭合点高度与①号点保 持一致，边长为a，①②③航点相对地面高度为b,④⑤⑥航点相对 地面高度为c，水平速度为d，垂直速度为e,转弯方式为停止转弯， 各点停留时间为f;
(二) a值为300米，b值为30米，c值为25m,d值为4m/s, e值为2m/s,f值为2s。
一、 起飞点经纬度： N:22°31'32"" E:114°16′02”
二、 起飞点到任务航 线航点3和航点2距 离相等，H到2和H到 3=300米。起飞点在图形外侧。
三、 任务航线1号点 位于起飞点南偏东15 °"
gsec_8a0ab6572987,qbank_289f36425828,doc_9d3388bb281d,实操题库_地面站考试条件_2026H1_双起飞点题型.txt_10,实操题库_地面站考试条件_2026H1_双起飞点题型.txt,2026H1,2026H1,2026-01-01,2026-06-30,CAAC执照考试地面站实操真题考试条件,双起飞点题型,双起飞点题型-考试条件提取.docx,地面站考试真题（2026年1月-6月）/双起飞点题型/双起飞点题型-考试条件提取.docx,11,32,166,山东04考场,山东,04考场,2026-04-20,5,经纬度换算;速度高度参数设置;转弯停留循环设置;几何图形航线规划;起飞返航点定位;题型:双起飞点,doc_condition_count_mismatch;source_gap,"山东04考场地面站真题 | 日期：2026.04.20
(一) 规划一个闭合正六边形并循环执行，边长为a,①②③航 点相对地面高度为b,④⑤⑥航点相对地面高度为c，水平速度为d, 垂直速度为e,转弯方式为停止转弯，各点停留时间为f；
(二) a值为200米，b值为30米，c值为26m,d值为8m/s, e值为3m/s,f值为7s。
一、 起飞点经纬度： 3 5 N:24°35′28” E:119°06′14""
二、 起飞点到任务航 线航点1和航点2距 离相等，H到3和H到 6=200米。 起飞点在图形内侧。
三、 任务航线1号点 位于起飞点西偏南25°"
gsec_fa5b2c1d0bad,qbank_289f36425828,doc_9d3388bb281d,实操题库_地面站考试条件_2026H1_双起飞点题型.txt_11,实操题库_地面站考试条件_2026H1_双起飞点题型.txt,2026H1,2026H1,2026-01-01,2026-06-30,CAAC执照考试地面站实操真题考试条件,双起飞点题型,双起飞点题型-考试条件提取.docx,地面站考试真题（2026年1月-6月）/双起飞点题型/双起飞点题型-考试条件提取.docx,12,32,166,河南01考场,河南,01考场,2026-04-17,5,经纬度换算;速度高度参数设置;转弯停留循环设置;几何图形航线规划;起飞返航点定位;题型:双起飞点,doc_condition_count_mismatch;source_gap,"河南01考场地面站真题 | 日期：2026.04.17
(一) 规划一个闭合正六边形并循环执行，边长为a,①②③航 点相对地面高度为b，④⑤⑥航点相对地面高度为c，水平速度为d, 垂直速度为e,转弯方式为协调转弯；
(二) a值为300米，b值为30米，c值为26m,d值为6m/s, e值为3m/s。
一、 起飞点经纬度： N:20°31'26 E:119°10'12""
二、 起飞点到任务航 线航点1和航点2距 离相等，H到3和H到 6=300米。 起飞点在图形内侧。
三、 任务航线1号点 位于起飞点西偏南15°"
gsec_acd599bc19f1,qbank_289f36425828,doc_9d3388bb281d,实操题库_地面站考试条件_2026H1_双起飞点题型.txt_12,实操题库_地面站考试条件_2026H1_双起飞点题型.txt,2026H1,2026H1,2026-01-01,2026-06-30,CAAC执照考试地面站实操真题考试条件,双起飞点题型,双起飞点题型-考试条件提取.docx,地面站考试真题（2026年1月-6月）/双起飞点题型/双起飞点题型-考试条件提取.docx,13,32,166,上海01考场,上海,01考场,2026-04-15,5,经纬度换算;速度高度参数设置;转弯停留循环设置;几何图形航线规划;起飞返航点定位;题型:双起飞点,doc_condition_count_mismatch;source_gap,"上海01考场地面站真题 | 日期：2026.04.15
(一) 按图规划一个闭合的任务航线并循环执行，①③、②③、 ②④、①④边长为300米，①点相对地面高度为a,②点相对地面高 度为b,③点相对地面高度为c,④点相对地面高度为d,水平速度 为e，垂直速度为f，转弯模式为停止转弯，停留时间2s;
(二) a值为20米，b值为25米，c值为30m,d值为20m, e值为2m/s,f值为2m/s。
一、 起飞点经纬度： N:28°31'32” E:115°16'02”
二、 起飞点到任务航线 航点1和航点2距离相等， H到1和H到2=300米。 起飞点不与3点重合。
三、 任务航线3号点位于 起飞点南偏东20°"
gsec_78500652eadb,qbank_289f36425828,doc_9d3388bb281d,实操题库_地面站考试条件_2026H1_双起飞点题型.txt_13,实操题库_地面站考试条件_2026H1_双起飞点题型.txt,2026H1,2026H1,2026-01-01,2026-06-30,CAAC执照考试地面站实操真题考试条件,双起飞点题型,双起飞点题型-考试条件提取.docx,地面站考试真题（2026年1月-6月）/双起飞点题型/双起飞点题型-考试条件提取.docx,14,32,166,上海01考场,上海,01考场,2026-04-15,5,经纬度换算;速度高度参数设置;转弯停留循环设置;几何图形航线规划;起飞返航点定位;题型:双起飞点,doc_condition_count_mismatch;source_gap,"上海01考场地面站真题 | 日期：2026.04.15
(一) 规划一个闭合六边形并循环执行，边长为a，①②③航点 相对地面高度为b,④⑤⑥航点相对地面高度为c,水平速度为d, 垂直速度为e,转弯方式为停止转弯，各点停留时间为f；
(二) a值为300米，b值为30米，c值为25m,d值为4m/s, e值为2m/s,f值为2s。
一、 起飞点经纬度： N:28°31'32"" E:115°16'02”
二、 起飞点到任务航线 航点1和航点2距离相 等，H到1和H到2=300 米。 起飞点在图形外侧。
三、 任务航线3号点位 于起飞点南偏东35°"
gsec_aa24f64a2bb7,qbank_289f36425828,doc_9d3388bb281d,实操题库_地面站考试条件_2026H1_双起飞点题型.txt_14,实操题库_地面站考试条件_2026H1_双起飞点题型.txt,2026H1,2026H1,2026-01-01,2026-06-30,CAAC执照考试地面站实操真题考试条件,双起飞点题型,双起飞点题型-考试条件提取.docx,地面站考试真题（2026年1月-6月）/双起飞点题型/双起飞点题型-考试条件提取.docx,15,32,166,山东02考场,山东,02考场,2026-04-13,5,经纬度换算;速度高度参数设置;转弯停留循环设置;几何图形航线规划;起飞返航点定位;题型:双起飞点,doc_condition_count_mismatch;source_gap,"山东02考场地面站真题 | 日期：2026.04.13
(一) 按图规划一个闭合的任务航线并循环执行，①③、②③、 ②④、①④边长为300米，①点相对地面高度为a,②点相对地面高 度为b,③点相对地面高度为c,④点相对地面高度为d,水平速度 为e，垂直速度为f，转弯模式为停止转弯，停留时间2s;
(二) a值为20米，b值为25米，c值为30m,d值为20m, e值为2m/s,f值为2m/s。
一、 起飞点经纬度： N:28°31'32"" E:115°16'02""
二、 起飞点到任务航 线航点1和航点2距 离相等，H到1和H到 2=300米。 起飞点不与3点重合。
三、 任务航线3号点 位于起飞点南偏东"
gsec_516ecb2180c2,qbank_289f36425828,doc_9d3388bb281d,实操题库_地面站考试条件_2026H1_双起飞点题型.txt_15,实操题库_地面站考试条件_2026H1_双起飞点题型.txt,2026H1,2026H1,2026-01-01,2026-06-30,CAAC执照考试地面站实操真题考试条件,双起飞点题型,双起飞点题型-考试条件提取.docx,地面站考试真题（2026年1月-6月）/双起飞点题型/双起飞点题型-考试条件提取.docx,16,32,166,山东02考场,山东,02考场,2026-04-13,5,经纬度换算;速度高度参数设置;转弯停留循环设置;几何图形航线规划;起飞返航点定位;题型:双起飞点,doc_condition_count_mismatch;source_gap,"山东02考场地面站真题 | 日期：2026.04.13
(一) 规划一个闭合六边形并循环执行，边长为a，①②③航点 相对地面高度为b,④⑤⑥航点相对地面高度为c，水平速度为d, 垂直速度为e,转弯方式为停止转弯，各点停留时间为f;
(二) a值为300米，b值为30米，c值为25m,d值为4m/s, e值为2m/s,f值为2s。
一、 起飞点经纬度： N:28°31'32” 5 E:115°16'02""
二、 起飞点到任务航 线航点1和航点2距 离相等，H到1和H到 2=300米。 起飞点在图形外侧。
三、 任务航线3号点 位于起飞点南偏东15°"
gsec_3e3272ed1daf,qbank_289f36425828,doc_9d3388bb281d,实操题库_地面站考试条件_2026H1_双起飞点题型.txt_16,实操题库_地面站考试条件_2026H1_双起飞点题型.txt,2026H1,2026H1,2026-01-01,2026-06-30,CAAC执照考试地面站实操真题考试条件,双起飞点题型,双起飞点题型-考试条件提取.docx,地面站考试真题（2026年1月-6月）/双起飞点题型/双起飞点题型-考试条件提取.docx,17,32,166,江苏03考场,江苏,03考场,2026-04-05,5,经纬度换算;航向方位判断;速度高度参数设置;转弯停留循环设置;几何图形航线规划;起飞返航点定位;题型:双起飞点,doc_condition_count_mismatch;source_gap,"江苏03考场地面站真题 | 日期：2026.04.05
(一) 与 的相对方位由委任代表根据 现场环境等情况进行决定。于起飞点前规划一个六边形并循环执行， 边长为a，①②③航点相对地面高度为b,④⑤⑥航点相对地面高度 为c,水平速度为d,垂直速度为e,转弯方式为停止转弯，各点停 留时间为f;
(二) a值为建议300米，b值建议为30米，c值建议为25m, d值建议为4m/s,e值建议为2m/s,f值建议为2s。(航线方位及 各数值可由变任代表按实际情况进行调整，考题以委任代表规定数值 为准)
一、 起飞点经纬度： N:28°31'32"" E:115°16′02”
二、 起飞点到任务航 线航点1和航点2距离 相等，H到1和H到2 =300米。 起飞点在图形外侧。
三、 任务航线1号点 位于起飞点南偏东 15°"
gsec_30257b847e83,qbank_289f36425828,doc_9d3388bb281d,实操题库_地面站考试条件_2026H1_双起飞点题型.txt_17,实操题库_地面站考试条件_2026H1_双起飞点题型.txt,2026H1,2026H1,2026-01-01,2026-06-30,CAAC执照考试地面站实操真题考试条件,双起飞点题型,双起飞点题型-考试条件提取.docx,地面站考试真题（2026年1月-6月）/双起飞点题型/双起飞点题型-考试条件提取.docx,18,32,166,四川01考场,四川,01考场,2026-03-10,5,经纬度换算;航向方位判断;速度高度参数设置;转弯停留循环设置;几何图形航线规划;起飞返航点定位;题型:双起飞点,doc_condition_count_mismatch;source_gap,"四川01考场地面站真题 | 日期：2026.03.10
(一) 与 的相对方位由委任代表根据 现场环境等情况进行决定。规划一个六边形并循环执行，边长为a, ①②③航点相对地面高度为b，④⑤⑥航点相对地面高度为c,水平 速度为d，垂直速度为e，转弯方式为停止转弯，各点停留时间为f；
(二) a值为30米，b值为30米，c值为25m,d值为4m/s, e值为2m/s,f值为2s。
1、 起飞点经纬度： N:28°39′30” E:115°56′32""
2、 起飞点到任务航 线航点5和航点6距 离相等，H-5和 H-6=30米。 起飞点在图形内侧。
3、 任务航线1号点位 于起飞点W方位。"
gsec_0bcc5707f2aa,qbank_289f36425828,doc_9d3388bb281d,实操题库_地面站考试条件_2026H1_双起飞点题型.txt_18,实操题库_地面站考试条件_2026H1_双起飞点题型.txt,2026H1,2026H1,2026-01-01,2026-06-30,CAAC执照考试地面站实操真题考试条件,双起飞点题型,双起飞点题型-考试条件提取.docx,地面站考试真题（2026年1月-6月）/双起飞点题型/双起飞点题型-考试条件提取.docx,19,32,166,山东05考场,山东,05考场,2026-03-12,5,经纬度换算;航向方位判断;速度高度参数设置;转弯停留循环设置;几何图形航线规划;起飞返航点定位;题型:双起飞点,doc_condition_count_mismatch;source_gap,"山东05考场地面站真题 | 日期：2026.03.12
(一) 与 的相对方位由委任代表根据 现场环境等情况进行决定。规划一个六边形并循环执行，边长为a， ①②③航点相对地面高度为b,④⑤⑥航点相对地面高度为c，水平 速度为d,垂直速度为e,转弯方式为停止转弯，各点停留时间为f;
(二) a值为30米，b值为30米，c值为25m,d值为4m/s, e值为2m/s,f值为2s。
1、 起飞点经纬度： N:28°39'30"" 任务航线示意图： 3 5 E:115°56'32""
2、 起飞点到任务航 线航点5和航点6距 离相等，H-5和H- 6=30米。 起飞点再图形内侧。
3、 任务航线1号点 位于起飞点W方位。"
gsec_a661c2d45f85,qbank_289f36425828,doc_9d3388bb281d,实操题库_地面站考试条件_2026H1_双起飞点题型.txt_19,实操题库_地面站考试条件_2026H1_双起飞点题型.txt,2026H1,2026H1,2026-01-01,2026-06-30,CAAC执照考试地面站实操真题考试条件,双起飞点题型,双起飞点题型-考试条件提取.docx,地面站考试真题（2026年1月-6月）/双起飞点题型/双起飞点题型-考试条件提取.docx,20,32,166,广东01考场,广东,01考场,2026-03-21,5,经纬度换算;航向方位判断;速度高度参数设置;转弯停留循环设置;几何图形航线规划;起飞返航点定位;题型:双起飞点,doc_condition_count_mismatch;source_gap,"广东01考场地面站真题 | 日期：2026.03.21
(一) 规划一个闭合六边形并循环执行，边长为a,①②③航点 相对地面高度为b,④⑤⑥航点相对地面高度为c,水平速度为d, 垂直速度为e,转弯方式为停止转弯，各点停留时间为f;
(二) a值为30米，b值为30米，c值为25m,d值为4m/s, e值为2m/s,f值为2s。
1、 起飞点经纬度： N:28°31'32” N:28°31'32”
2、 起飞点到任务航点5和航点6距 离相等，H-1和H- 6=30米。 起飞点在图形内侧。
3、 任务航线1号点 位于起飞点S方位。"
gsec_490af50cadcd,qbank_289f36425828,doc_9d3388bb281d,实操题库_地面站考试条件_2026H1_双起飞点题型.txt_20,实操题库_地面站考试条件_2026H1_双起飞点题型.txt,2026H1,2026H1,2026-01-01,2026-06-30,CAAC执照考试地面站实操真题考试条件,双起飞点题型,双起飞点题型-考试条件提取.docx,地面站考试真题（2026年1月-6月）/双起飞点题型/双起飞点题型-考试条件提取.docx,21,32,166,安徽01考场,安徽,01考场,2026-03-28,5,经纬度换算;速度高度参数设置;转弯停留循环设置;几何图形航线规划;起飞返航点定位;题型:双起飞点,doc_condition_count_mismatch;source_gap,"安徽01考场地面站真题 | 日期：2026.03.28
(一) 规划一个闭合六边形并循环执行，边长为a,①②③航点 相对地面高度为b，④⑤⑥航点相对地面高度为c，水平速度为d, 垂直速度为e，转弯方式为停止转弯，各点停留时间为f;
(二) a值为300米，b值为30米，c值为25m,d值为4m/s, e值为2m/s,f值为2s
一、 起飞点经纬度： N:28°31'32"" E:115°16'02”
二、 起飞点到任务航 线航点2和航点3距 离相等，H到2和H到 3=300米。 起飞点在图形外。
3、 任务航线1号点 位于起飞点南偏东15°"
gsec_c7a47a515d18,qbank_289f36425828,doc_9d3388bb281d,实操题库_地面站考试条件_2026H1_双起飞点题型.txt_21,实操题库_地面站考试条件_2026H1_双起飞点题型.txt,2026H1,2026H1,2026-01-01,2026-06-30,CAAC执照考试地面站实操真题考试条件,双起飞点题型,双起飞点题型-考试条件提取.docx,地面站考试真题（2026年1月-6月）/双起飞点题型/双起飞点题型-考试条件提取.docx,22,32,166,福建02考场,福建,02考场,2026-03-28,5,经纬度换算;航向方位判断;夹角计算;速度高度参数设置;转弯停留循环设置;几何图形航线规划;起飞返航点定位;题型:双起飞点,doc_condition_count_mismatch;source_gap,"福建02考场地面站真题 | 日期：2026.03.28
(一) 与 的相对方位由委任代表根据 现场环境等情况进行决定。于起飞点前规划一个等边三角形并循环执 行，边长为a，航线相对地面高度为b，转弯方式为停止转弯，停 留时间不作要求；
(二) a值为30米，b值为30米。（航线方位及各数值可由 委任代表按实际情况进行调整，考题以委任代表规定数值为准)
1、 ②点坐标： E:112°42'36” N:25°12'18”
2、 H到①点距离50米 H-②点航向于②-①点 航向相反
3、 ②点位于H西偏北30°"
gsec_b866f8dcf192,qbank_289f36425828,doc_9d3388bb281d,实操题库_地面站考试条件_2026H1_双起飞点题型.txt_22,实操题库_地面站考试条件_2026H1_双起飞点题型.txt,2026H1,2026H1,2026-01-01,2026-06-30,CAAC执照考试地面站实操真题考试条件,双起飞点题型,双起飞点题型-考试条件提取.docx,地面站考试真题（2026年1月-6月）/双起飞点题型/双起飞点题型-考试条件提取.docx,23,32,166,湖南03考场,湖南,03考场,2026-03-27,5,经纬度换算;航向方位判断;速度高度参数设置;转弯停留循环设置;几何图形航线规划;起飞返航点定位;题型:双起飞点,doc_condition_count_mismatch;source_gap,"湖南03考场地面站真题 | 日期：2026.03.27
(一) 与 的相对方位由委任代表根据 现场环境等情况进行决定。于起飞点前规划一个六边形并循环执行， 边长为a，①②③航点相对地面高度为b,④⑤⑥航点相对地面高度 为c,水平速度为d,垂直速度为e,转弯方式为停止转弯，各点停 留时间为f;
(二) a值为建议30米（误差≤±3米），b值建议为25米， c值建议为30m,d值建议为2m/s,e值建议为1m/s,f值建议为 2s。 (航线方位及各数值可由变任代表按实际情况进行调整，考题以 委任代表规定数值为准) 者官签字： 时间：
1、 起飞点经纬度： 3 E:113°12'17” N:27°46′20""
2、 起飞点距离①、②点均为30m 起飞点在图形外侧
3、 起飞点位于①点SE方向"
gsec_016d3582dfe5,qbank_289f36425828,doc_9d3388bb281d,实操题库_地面站考试条件_2026H1_双起飞点题型.txt_23,实操题库_地面站考试条件_2026H1_双起飞点题型.txt,2026H1,2026H1,2026-01-01,2026-06-30,CAAC执照考试地面站实操真题考试条件,双起飞点题型,双起飞点题型-考试条件提取.docx,地面站考试真题（2026年1月-6月）/双起飞点题型/双起飞点题型-考试条件提取.docx,24,32,166,湖南02考场,湖南,02考场,2026-03-26,5,经纬度换算;航向方位判断;速度高度参数设置;转弯停留循环设置;几何图形航线规划;起飞返航点定位;题型:双起飞点,doc_condition_count_mismatch;source_gap,"湖南02考场地面站真题 | 日期：2026.03.26
(一) 与 的相对方位由委任代表根据 现场环境等情况进行决定。于起飞点前规划一个六边形并循环执行，边 长为a,①②③航点相对地面高度为b,④⑤⑥航点相对地面高度为c, 水平速度为d，垂直速度为e，转弯方式为停止转弯，各点停留时间 为f;
(二) a值为建议30米（误差≤±3米），b值建议为25米， c值建议为30m,d值建议为2m/s,e值建议为1m/s,f值建议为 2s。(航线方位及各数值可由变任代表按实际情况进行调整，考题以委 任代表规定数值为准)
一： 起飞点经纬度： E:113°12'17” N:27°46'20”
二： H到①、②点均为30m 起飞点在图形外侧
三： 起飞点位于①点SE方向"
gsec_fbcc0bef9c10,qbank_289f36425828,doc_9d3388bb281d,实操题库_地面站考试条件_2026H1_双起飞点题型.txt_24,实操题库_地面站考试条件_2026H1_双起飞点题型.txt,2026H1,2026H1,2026-01-01,2026-06-30,CAAC执照考试地面站实操真题考试条件,双起飞点题型,双起飞点题型-考试条件提取.docx,地面站考试真题（2026年1月-6月）/双起飞点题型/双起飞点题型-考试条件提取.docx,25,32,166,湖南02考场,湖南,02考场,2026-03-26,5,经纬度换算;航向方位判断;夹角计算;速度高度参数设置;转弯停留循环设置;几何图形航线规划;起飞返航点定位;题型:双起飞点,doc_condition_count_mismatch;source_gap,"湖南02考场地面站真题 | 日期：2026.03.26
(一) 与 的相对方位由委任代表根据现场 环境等情况进行决定。于起飞前规划一个等腰直角三角形并循环执行， ①②边长为a1,①③边长为a2,∠①为直角，航线相对地面高度b, 水平速度为c，垂直速度为d，转弯方式为停止转弯，停留时间不作要 求；
(二) a1、a2值建议为30米，b值建议为30米，c值建议为3m/s, d值建议为1m/s。(航线方位及各数值可由委任代表按实际情况进行调 整，考题以委任代表规定数值为准)
一： ①号点经纬度： 任务航线示意图： E:113°12'17” N:27°46′20”
二： H到①、③点均为30m 起飞点在图形外侧
三： ②点位于①点南偏东30°"
gsec_32ca7b7fcee9,qbank_289f36425828,doc_9d3388bb281d,实操题库_地面站考试条件_2026H1_双起飞点题型.txt_25,实操题库_地面站考试条件_2026H1_双起飞点题型.txt,2026H1,2026H1,2026-01-01,2026-06-30,CAAC执照考试地面站实操真题考试条件,双起飞点题型,双起飞点题型-考试条件提取.docx,地面站考试真题（2026年1月-6月）/双起飞点题型/双起飞点题型-考试条件提取.docx,26,32,166,重庆02考场,重庆,02考场,2026-03-25,5,经纬度换算;航向方位判断;速度高度参数设置;转弯停留循环设置;几何图形航线规划;起飞返航点定位;题型:双起飞点,doc_condition_count_mismatch;source_gap,"重庆02考场地面站真题 | 日期：2026.03.25
(一) 与 的相对方位由委任代表根据 现场环境等情况进行决定。规划一个六边形并循环执行，边长为a, ①②③航点相对地面高度为b，④⑤⑥航点相对地面高度为c，水平 速度为d,垂直速度为e,转弯方式为停止转弯，各点停留时间为f;
(二) a值为30米，b值为30米，c值为25m,d值为4m/s, e值为2m/s,f值为2so
1、 起飞点经纬度： N:32°26'59"" E:126°59′44""
2、 起飞点到任务航 0 线航点5和航点6距 离相等，H-5和H- 6=30米。 起飞点在图形外侧。
3、 任务航线1号点 位于起飞点SE方位。"
gsec_e83ad3028058,qbank_289f36425828,doc_9d3388bb281d,实操题库_地面站考试条件_2026H1_双起飞点题型.txt_26,实操题库_地面站考试条件_2026H1_双起飞点题型.txt,2026H1,2026H1,2026-01-01,2026-06-30,CAAC执照考试地面站实操真题考试条件,双起飞点题型,双起飞点题型-考试条件提取.docx,地面站考试真题（2026年1月-6月）/双起飞点题型/双起飞点题型-考试条件提取.docx,27,32,166,江西02考场,江西,02考场,2026-03-23,5,经纬度换算;航向方位判断;速度高度参数设置;转弯停留循环设置;几何图形航线规划;起飞返航点定位;题型:双起飞点,doc_condition_count_mismatch;source_gap,"江西02考场地面站真题 | 日期：2026.03.23
(一) 规划一个闭合六边形并循环执行，边长为a,①②③航点 相对地面高度为b，④⑤⑥航点相对地面高度为c,水平速度为d, 垂直速度为e,转弯方式为停止转弯，各点停留时间为f;
(二) a值为300米，b值为30米，c值为25m,d值为4m/s, e值为2m/s,f值为2s。
1、 起飞点经纬度： N:28°31'32” 3 5 E:115°16'02”
2、 起飞点到任务航 6 线航点1和航点2距 离相等，H-1和H- 2=300米。 起飞点在图形外。
3、 任务航线2号点 位于起飞点SE方位。"
gsec_99e7f9c897ea,qbank_289f36425828,doc_9d3388bb281d,实操题库_地面站考试条件_2026H1_双起飞点题型.txt_27,实操题库_地面站考试条件_2026H1_双起飞点题型.txt,2026H1,2026H1,2026-01-01,2026-06-30,CAAC执照考试地面站实操真题考试条件,双起飞点题型,双起飞点题型-考试条件提取.docx,地面站考试真题（2026年1月-6月）/双起飞点题型/双起飞点题型-考试条件提取.docx,28,32,166,山东05考场,山东,05考场,2026-04-12,5,经纬度换算;航向方位判断;速度高度参数设置;转弯停留循环设置;几何图形航线规划;起飞返航点定位;题型:双起飞点,doc_condition_count_mismatch;source_gap,"山东05考场地面站真题 | 日期：2026.04.12
(一) 与 的相对方位由委任代表根据 现场环境等情况进行决定。规划一个六边形并循环执行，边长为a, ①②③航点相对地面高度为b,④⑤⑥航点相对地面高度为c，水平 速度为d,垂直速度为e,转弯方式为停止转弯，各点停留时间为f；
(二) a值为30米，b值为30米，c值为25m,d值为4m/s, e值为2m/s,f值为2s。
1、 起飞点经纬度： N:27°46'19” E:123°12′17""
2、 H-4=15米
3、 H-5=225° 3-2=315°"
gsec_996cb890137f,qbank_289f36425828,doc_9d3388bb281d,实操题库_地面站考试条件_2026H1_双起飞点题型.txt_28,实操题库_地面站考试条件_2026H1_双起飞点题型.txt,2026H1,2026H1,2026-01-01,2026-06-30,CAAC执照考试地面站实操真题考试条件,双起飞点题型,双起飞点题型-考试条件提取.docx,地面站考试真题（2026年1月-6月）/双起飞点题型/双起飞点题型-考试条件提取.docx,29,32,166,湖北04考场,湖北,04考场,2026-04-10,5,经纬度换算;速度高度参数设置;转弯停留循环设置;几何图形航线规划;起飞返航点定位;题型:双起飞点,doc_condition_count_mismatch;source_gap,"湖北04考场地面站真题 | 日期：2026.04.10
(一) 规划一个闭合六边形并循环执行，边长为a,①②③航点 相对地面高度为b，④⑤⑥航点相对地面高度为c，水平速度为d, 垂直速度为e,转弯方式为停止转弯，各点停留时间为f;
(二) a值为300米，b值为30米，c值为25m,d值为4m/s, e值为2m/s,f值为2s。
一、 起飞点经纬度： 3 5 N:28°09'30"" E:115°1632""
二、 起飞点到任务航 线航点5和航点6距 离相等，H到5和H到 6=300米。 起飞点在图形外侧。
三、 任务航线1号点 位于起飞点南偏东15°"
gsec_80df0d5dda73,qbank_289f36425828,doc_9d3388bb281d,实操题库_地面站考试条件_2026H1_双起飞点题型.txt_29,实操题库_地面站考试条件_2026H1_双起飞点题型.txt,2026H1,2026H1,2026-01-01,2026-06-30,CAAC执照考试地面站实操真题考试条件,双起飞点题型,双起飞点题型-考试条件提取.docx,地面站考试真题（2026年1月-6月）/双起飞点题型/双起飞点题型-考试条件提取.docx,30,32,166,广东02考场,广东,02考场,2026-04-08,5,经纬度换算;速度高度参数设置;转弯停留循环设置;几何图形航线规划;起飞返航点定位;题型:双起飞点,doc_condition_count_mismatch;source_gap,"广东02考场地面站真题 | 日期：2026.04.08
(一) 规划一个闭合六边形并循环执行，边长为a,①②③航点 相对地面高度为b，④⑤⑥航点相对地面高度为c,水平速度为d, 垂直速度为e,转弯方式为停止转弯，各点停留时间为f；
(二) a值为300米，b值为30米，c值为25m,d值为4m/s, e值为2m/s,f值为2s。 击n老佳。 品十 兰吉言农与。
一、 起飞点经纬度： 3 N:28°31'32” E:115°1602""
二、 起飞点到任务航 线航点5和航点6距 离相等，H到5和H到 6=300米。 起飞点在图形外侧。
三、 任务航线1号点 位于起飞点南偏东15°"
gsec_e66154766a19,qbank_289f36425828,doc_9d3388bb281d,实操题库_地面站考试条件_2026H1_双起飞点题型.txt_30,实操题库_地面站考试条件_2026H1_双起飞点题型.txt,2026H1,2026H1,2026-01-01,2026-06-30,CAAC执照考试地面站实操真题考试条件,双起飞点题型,双起飞点题型-考试条件提取.docx,地面站考试真题（2026年1月-6月）/双起飞点题型/双起飞点题型-考试条件提取.docx,31,32,166,吉林01考场,吉林,01考场,2026-04-08,5,经纬度换算;航向方位判断;速度高度参数设置;转弯停留循环设置;几何图形航线规划;起飞返航点定位;题型:双起飞点,doc_condition_count_mismatch;source_gap,"吉林01考场地面站真题 | 日期：2026.04.08
(一) 与 的相对方位由委任代表根据 现场环境等情况进行决定。规划一个六边形并循环执行，边长为a, ①②③航点相对地面高度为b,④⑤⑥航点相对地面高度为c,水平 速度为d,垂直速度为e,转弯方式为停止转弯，各点停留时间为f;
(二) a值为30米，b值为30米，c值为25m,d值为4m/s, e值为2m/s,f值为2s。
1、 起飞点经纬度： N:28°39'30” E:115°58'54
2、 起飞点到任务航线航点 5和航点6距离相等，H-5 和H-6=30米。 起飞点在图形内侧。
3、 任务航线1号点位于 起飞点NW方位"
gsec_ca40d20c311d,qbank_289f36425828,doc_9d3388bb281d,实操题库_地面站考试条件_2026H1_双起飞点题型.txt_31,实操题库_地面站考试条件_2026H1_双起飞点题型.txt,2026H1,2026H1,2026-01-01,2026-06-30,CAAC执照考试地面站实操真题考试条件,双起飞点题型,双起飞点题型-考试条件提取.docx,地面站考试真题（2026年1月-6月）/双起飞点题型/双起飞点题型-考试条件提取.docx,32,32,166,山西03考场,山西,03考场,2026-04-06,5,经纬度换算;航向方位判断;速度高度参数设置;转弯停留循环设置;几何图形航线规划;起飞返航点定位;题型:双起飞点,doc_condition_count_mismatch;source_gap,"山西03考场地面站真题 | 日期：2026.04.06
(一) 起飞点（放航点）与考试席位 的相对方位由委任代表根据 现场环境等情况进行决定。规划一个六边形并循环执行，边长为a, ①②③航点相对地面高度为b,④⑤⑥航点相对地面高度为c，水平 速度为d,垂直速度为e,转弯方式为停止转弯，各点停留时间为f;
(二) a值为30米，b值为30米，c值为25m,d值为4m/s, e值为2m/s,f值为2s。
1、 起飞点经纬度： N:27°46′19"" E:123°12'17""
2、 起飞点到任务航 线航点5和航点6距 离相等，H-5和H- 6=30米。 起飞点在图形内侧。
3、 任务航线1号点 位于起飞点W方向"
gsec_8143abe271b8,qbank_d5afb7e07b8f,doc_74e071678167,实操题库_地面站考试条件_2026H1_同一直线题型.txt_0,实操题库_地面站考试条件_2026H1_同一直线题型.txt,2026H1,2026H1,2026-01-01,2026-06-30,CAAC执照考试地面站实操真题考试条件,同一直线题型,同一直线题-考试条件提取.docx,地面站考试真题（2026年1月-6月）/同一直线题型/同一直线题-考试条件提取.docx,1,1,4,新疆01考场,新疆,01考场,2026-05-23,4,航向方位判断;夹角计算;速度高度参数设置;转弯停留循环设置;几何图形航线规划;起飞返航点定位;题型:同一直线,,"新疆01考场地面站真题 | 日期：2026.05.23
(一) 于起飞点前规划一个等腰直角三角形，①②边长为a1,①③边 长为a2,∠①为直角，航线相对地面高度b,水平速度为c，垂直速度为d, 转弯方式为停止转弯，停留时间不作要求；
(二) a1、a2值为30米，b值为30米，c值为3m/s,d值为1m/so
二： H点位置在①②边的 延长线上，但不与①②边 重叠，H→③点长度为50 米。
三： ③点位于②点的正东 面"
gsec_a828e1fcc795,qbank_32b37a2f20be,doc_3c8542fa3ac3,实操题库_地面站考试条件_2026H1_地面站避让点题型.txt_0,实操题库_地面站考试条件_2026H1_地面站避让点题型.txt,2026H1,2026H1,2026-01-01,2026-06-30,CAAC执照考试地面站实操真题考试条件,地面站避让点题型,避让点题型-考试条件提取.docx,地面站考试真题（2026年1月-6月）/地面站避让点题型/避让点题型-考试条件提取.docx,1,121,603,安徽01考场,安徽,01考场,2026-06-03,6,经纬度换算;航向方位判断;避让点规划;空域地形限制处理;速度高度参数设置;转弯停留循环设置;几何图形航线规划;题型:地面站避让点,doc_condition_count_mismatch;source_gap,"安徽01考场地面站真题 | 日期：2026.06.03
(一) 按图规划一个手动闭合不循环的任务航线，①③、②③、 ②④、①④边长为米，①点相对地面高度为b,②点相对地面高度 为c,③点相对地面高度为d,④点相对地面高度为e,水平速度 为f,垂直速度为g,转弯模式为停止转弯，各点停留时间为i;
(二) a值为300米，b值为30米，c值为35m,d值为40m, e值为25m/s,f值为2m/5,g值为2米/秒，i值为4秒。
一、 ”临时会让点”经纬度： N:37°4636 E:39°12'17
二、 由于场地限制：起飞后需向 任务航线示意图： SE方向飞行600米到达“临时会让 点”再执行航线任务，临时会让点 高度为80米
三： 任务航线的航点①位于“临时 会让点”SW方向，距离500米。
四： 任务航线的航点③位于任务航 线的航点②西偏北15度方向。"
gsec_7e691c4dc3ab,qbank_32b37a2f20be,doc_3c8542fa3ac3,实操题库_地面站考试条件_2026H1_地面站避让点题型.txt_1,实操题库_地面站考试条件_2026H1_地面站避让点题型.txt,2026H1,2026H1,2026-01-01,2026-06-30,CAAC执照考试地面站实操真题考试条件,地面站避让点题型,避让点题型-考试条件提取.docx,地面站考试真题（2026年1月-6月）/地面站避让点题型/避让点题型-考试条件提取.docx,2,121,603,安徽01考场,安徽,01考场,2026-06-01,6,经纬度换算;航向方位判断;夹角计算;空域地形限制处理;速度高度参数设置;转弯停留循环设置;几何图形航线规划;起飞返航点定位;题型:地面站避让点,doc_condition_count_mismatch;source_gap,"安徽01考场地面站真题 | 日期：2026.06.01
(一) 规划一个手动闭合五边形，①②、②③、③④、④⑤、①⑤边的边 长为a,∠②=∠①为90°，航线相对地面高度为b,水平速度为c，垂直 速度为，转弯模式为停止转弯，各点停留时间为f,航线执行次数为g;
(二) a值为200米，b值为70米，c值为7m/s,d值为4m/s,f 值为11秒，g值为6次。
一、 任务航线的航点②经纬度： N:37°46′36” E:113°12'17”
二、 由于场地限制：起飞后需向SW方 向，水平速度4米/秒飞行600米到达 “过渡点”再执行航线任务，起飞点、 “过渡点”高度为110米。
三、 任务航线的航点①位于""过渡点"" SE方向，距离300米。
四、 任务航线的航点③到任务航线的 航点②的航线方向为北偏西35度。"
gsec_5b5384ab6ccc,qbank_32b37a2f20be,doc_3c8542fa3ac3,实操题库_地面站考试条件_2026H1_地面站避让点题型.txt_2,实操题库_地面站考试条件_2026H1_地面站避让点题型.txt,2026H1,2026H1,2026-01-01,2026-06-30,CAAC执照考试地面站实操真题考试条件,地面站避让点题型,避让点题型-考试条件提取.docx,地面站考试真题（2026年1月-6月）/地面站避让点题型/避让点题型-考试条件提取.docx,3,121,603,北京01考场,北京,01考场,2026-05-19,4,经纬度换算;航向方位判断;避让点规划;空域地形限制处理;速度高度参数设置;转弯停留循环设置;起飞返航点定位;题型:地面站避让点,doc_condition_count_mismatch;source_gap,"北京01考场地面站真题 | 日期：2026.05.19
(一) 规划扫描航线要求不闭合不循环，航线长度为a,航线间 隔为b,航线相对地面高度为c,水平速度为d,垂直速度为e,转弯 方式为停止转弯，停留时间不作要求：
(二) a值为300米，b值为100米，c值为30m,d值为3m/s, e值为1m/s。
二： 由于空域限制，需 由起飞点先向SW方向平 飞500米到达“避让点” 再执行此航线。任务航 线1号点位于避让点NW 方向500米处。
三： 任务航线3号点位于 任务航线2号点西偏南30 度。"
gsec_6248a4071d86,qbank_32b37a2f20be,doc_3c8542fa3ac3,实操题库_地面站考试条件_2026H1_地面站避让点题型.txt_3,实操题库_地面站考试条件_2026H1_地面站避让点题型.txt,2026H1,2026H1,2026-01-01,2026-06-30,CAAC执照考试地面站实操真题考试条件,地面站避让点题型,避让点题型-考试条件提取.docx,地面站考试真题（2026年1月-6月）/地面站避让点题型/避让点题型-考试条件提取.docx,4,121,603,重庆02考场,重庆,02考场,2026-06-05,5,经纬度换算;航向方位判断;夹角计算;避让点规划;速度高度参数设置;转弯停留循环设置;几何图形航线规划;题型:地面站避让点,doc_condition_count_mismatch;source_gap,"重庆02考场地面站真题 | 日期：2026.06.05
(一) 按图规划一个手动闭合直角梯形，航线执行10次，①②、②③ 边长为a,①④边长为b，∠②=∠①=90·，航线相对地面高度为c, 水平速度为d,垂直速度为e,转弯模式为停止转弯，各点停留时间8s;
(二) a值为200米，b值为300米，c值为300m,d值为 6m/s,e值为2m/s。
一、 题卡图形4号点经纬度： N:31°34'22"" E:114°13'18""
二、 起飞后需向SW方向飞行 512米到达”避让点“再执行 航线任务。避让点高度为150 米。 题卡图形1号点位于”避让点 “SE方向370米处
三、 题卡图形1号点到题卡图 航线要求： 形4号点西北偏西20度。"
gsec_794f48aee820,qbank_32b37a2f20be,doc_3c8542fa3ac3,实操题库_地面站考试条件_2026H1_地面站避让点题型.txt_4,实操题库_地面站考试条件_2026H1_地面站避让点题型.txt,2026H1,2026H1,2026-01-01,2026-06-30,CAAC执照考试地面站实操真题考试条件,地面站避让点题型,避让点题型-考试条件提取.docx,地面站考试真题（2026年1月-6月）/地面站避让点题型/避让点题型-考试条件提取.docx,5,121,603,重庆02考场,重庆,02考场,2026-05-25,5,经纬度换算;航向方位判断;避让点规划;速度高度参数设置;转弯停留循环设置;几何图形航线规划;题型:地面站避让点,doc_condition_count_mismatch;source_gap,"重庆02考场地面站真题 | 日期：2026.05.25
(一) 规划一个闭合六边形并循环执行，边长为a,①②③航点 相对地面高度为b，④⑤⑥航点相对地面高度为c，水平速度为d, 垂直速度为e,转弯方式为停止转弯，各点停留时间为f；
(二) a值为300米，b值为35米，c值为25m,d值为4m/s, e值为2m/s,f值为2s。
1、 题卡图形4号点经纬度： 5 N:31°13′31” E:118°18′18”
2、 起飞后需向SE方向飞行300 米到达""避让点""再执行航线任 务，避让点高度为90米。 题卡图形1号点位于""避让点""的 方向为SW,距离400米。
3、 题卡图形5号点位于题卡图 形4号点东偏北5度。"
gsec_15a34f877d68,qbank_32b37a2f20be,doc_3c8542fa3ac3,实操题库_地面站考试条件_2026H1_地面站避让点题型.txt_5,实操题库_地面站考试条件_2026H1_地面站避让点题型.txt,2026H1,2026H1,2026-01-01,2026-06-30,CAAC执照考试地面站实操真题考试条件,地面站避让点题型,避让点题型-考试条件提取.docx,地面站考试真题（2026年1月-6月）/地面站避让点题型/避让点题型-考试条件提取.docx,6,121,603,重庆02考场,重庆,02考场,2026-05-25,5,经纬度换算;航向方位判断;避让点规划;速度高度参数设置;转弯停留循环设置;几何图形航线规划;题型:地面站避让点,doc_condition_count_mismatch;source_gap,"重庆02考场地面站真题 | 日期：2026.05.25
(一) 规划一个闭合六边形并循环执行，边长为a,①②③航点 相对地面高度为b,④⑤⑥航点相对地面高度为c，水平速度为d, 垂直速度为e,转弯方式为停止转弯，各点停留时间为f;
(二) a值为300米，b值为35米，c值为25m,d值为4m/s, e值为2m/s,f值为2s。
1、 ”避让点”经纬度： N:25°25'25"" E:120°12'12”
2、 起飞后需向NE方向飞行500 米到达""避让点""再执行航线任 务，避让点高度为80米。 题卡图形1号点位于""避让点” NW方向400米处。
3、 题卡图形2号点位于题卡图 形1号点南偏东10度。"
gsec_7e979e531be9,qbank_32b37a2f20be,doc_3c8542fa3ac3,实操题库_地面站考试条件_2026H1_地面站避让点题型.txt_6,实操题库_地面站考试条件_2026H1_地面站避让点题型.txt,2026H1,2026H1,2026-01-01,2026-06-30,CAAC执照考试地面站实操真题考试条件,地面站避让点题型,避让点题型-考试条件提取.docx,地面站考试真题（2026年1月-6月）/地面站避让点题型/避让点题型-考试条件提取.docx,7,121,603,重庆02考场,重庆,02考场,2026-06-05,5,经纬度换算;航向方位判断;夹角计算;避让点规划;空域地形限制处理;速度高度参数设置;转弯停留循环设置;几何图形航线规划;起飞返航点定位;题型:地面站避让点,doc_condition_count_mismatch;source_gap,"重庆02考场地面站真题 | 日期：2026.06.05
(一) 规划一个手动闭合等边三角形，边长为a，所有航线相对地面高度 为b,水平速度为c,垂直速度为d,转弯方式为停止转弯，停留时间为f, 航线执行次数为g;
(二) a值为100米，b值为55米，c值为5ms,d值为2m/s,f值为 8s,g值为4次。
一、 题卡图形的航点②经纬度： N:34°29′43 E:113°16'02
二、 由于空域限制，飞机不能由 起飞点直飞题卡图形航点①，需 先向NW方向保持高度100米平飞 400米距离到达避让点，再向NE 方向飞行200米到达题卡图形的 航点①。
三、 西南风题卡图形航点①到题 卡图形航点②是顺风方向。"
gsec_7f6745f7f6c4,qbank_32b37a2f20be,doc_3c8542fa3ac3,实操题库_地面站考试条件_2026H1_地面站避让点题型.txt_7,实操题库_地面站考试条件_2026H1_地面站避让点题型.txt,2026H1,2026H1,2026-01-01,2026-06-30,CAAC执照考试地面站实操真题考试条件,地面站避让点题型,避让点题型-考试条件提取.docx,地面站考试真题（2026年1月-6月）/地面站避让点题型/避让点题型-考试条件提取.docx,8,121,603,重庆02考场,重庆,02考场,2026-05-25,5,经纬度换算;航向方位判断;避让点规划;速度高度参数设置;转弯停留循环设置;几何图形航线规划;题型:地面站避让点,doc_condition_count_mismatch;source_gap,"重庆02考场地面站真题 | 日期：2026.05.25
(一) 规划扫描航线要求闭合不循环，航线长度为a,航线间隔 为b,航线相对地面高度为c,水平速度为d,垂直速度为e,转弯模 式为协调转弯；
(二) a值为300米，b值为100米，c值为300m,d值为3m/s, e值为2m/s。
1、 题卡图形8点经纬度： N:27°29'28” E:120°36′12”
2、 起飞后需向SW方向飞行 600米到达""避让点""再执行航 线任务，避让点高度为320米。 题卡图形1号点到""避让点""为 SE方向500米处。
3、 题卡图形2号点位于题卡图 形3号点东偏南20度。"
gsec_1cb642f12131,qbank_32b37a2f20be,doc_3c8542fa3ac3,实操题库_地面站考试条件_2026H1_地面站避让点题型.txt_8,实操题库_地面站考试条件_2026H1_地面站避让点题型.txt,2026H1,2026H1,2026-01-01,2026-06-30,CAAC执照考试地面站实操真题考试条件,地面站避让点题型,避让点题型-考试条件提取.docx,地面站考试真题（2026年1月-6月）/地面站避让点题型/避让点题型-考试条件提取.docx,9,121,603,重庆02考场,重庆,02考场,2026-05-25,5,经纬度换算;航向方位判断;夹角计算;避让点规划;速度高度参数设置;转弯停留循环设置;几何图形航线规划;题型:地面站避让点,doc_condition_count_mismatch;source_gap,"重庆02考场地面站真题 | 日期：2026.05.25
(一) 按图规划一个闭合四边形并循环执行，①②边、②③边边 长为a,①④边边长为b,∠②=∠①=90°航线相对地面高度为c, 水平速度为d，垂直速度为e，,转弯模式为停止转弯，停留时间5s；
(二) a值为200米，b值为300米，c值为300m,，d值为 3m/s,e值为2m/s。
1、 题卡图形3号点经纬： N:30°31'30 E:120°10′10”
2、 起飞后需向NW方向飞行 650米到达""避让点""再执行航 线任务，避让点高度为320米。 题卡图形1号点在""避让点""SE 方向450米处。
3、 题卡图形2号点位于题卡图 形3号点北偏西45度。"
gsec_3e3314bf98aa,qbank_32b37a2f20be,doc_3c8542fa3ac3,实操题库_地面站考试条件_2026H1_地面站避让点题型.txt_9,实操题库_地面站考试条件_2026H1_地面站避让点题型.txt,2026H1,2026H1,2026-01-01,2026-06-30,CAAC执照考试地面站实操真题考试条件,地面站避让点题型,避让点题型-考试条件提取.docx,地面站考试真题（2026年1月-6月）/地面站避让点题型/避让点题型-考试条件提取.docx,10,121,603,重庆02考场,重庆,02考场,2026-06-05,5,经纬度换算;航向方位判断;夹角计算;避让点规划;速度高度参数设置;转弯停留循环设置;几何图形航线规划;题型:地面站避让点,doc_condition_count_mismatch;source_gap,"重庆02考场地面站真题 | 日期：2026.06.05
(一) 按图规划一个手动闭合直角梯形，航线执行10次，①②、②③ 边长为a,①④边长为b，∠②=∠①=90·，航线相对地面高度为c, 水平速度为d,垂直速度为e,转弯模式为停止转弯，各点停留时间8s;
(二) a值为200米，b值为300米，c值为300m,d值为 6m/s,e值为2m/s。
一、 题卡图形4号点经纬度： N:31°34'22"" E:114°13'18""
二、 起飞后需向SW方向飞行 512米到达”避让点“再执行 航线任务。避让点高度为150 米。 题卡图形1号点位于”避让点 “SE方向370米处
三、 题卡图形1号点到题卡图 航线要求： 形4号点西北偏西20度。"
gsec_aea8e40f7ca9,qbank_32b37a2f20be,doc_3c8542fa3ac3,实操题库_地面站考试条件_2026H1_地面站避让点题型.txt_10,实操题库_地面站考试条件_2026H1_地面站避让点题型.txt,2026H1,2026H1,2026-01-01,2026-06-30,CAAC执照考试地面站实操真题考试条件,地面站避让点题型,避让点题型-考试条件提取.docx,地面站考试真题（2026年1月-6月）/地面站避让点题型/避让点题型-考试条件提取.docx,11,121,603,重庆02考场,重庆,02考场,2026-05-25,5,经纬度换算;航向方位判断;夹角计算;避让点规划;速度高度参数设置;转弯停留循环设置;几何图形航线规划;题型:地面站避让点,doc_condition_count_mismatch;source_gap,"重庆02考场地面站真题 | 日期：2026.05.25
(一) 规划一个闭合五边形并循环执行，①②、②③、①⑤边的边长为a, ∠②=∠①为90°，∠4=90°航线相对地面高度为b,水平速度为c，垂直 速度为d,转弯模式为停止转弯，各点停留时间为e;
(二) a值为300米，b值为310米，c值为3m/s,d值为2ms,e 值为11s。
1、 题卡图形5号点经纬度： N:32°23'32” E:120°21'20”
2、 起飞后需向SE方向飞行650 米到达""避让点""再执行航线任 务，避让点高度为335米。 ""避让点""位于题卡图形1号点 SW方向435米处。
3、 题卡图形3号点位于题卡2 号点西偏南25度。"
gsec_40498a6c447d,qbank_32b37a2f20be,doc_3c8542fa3ac3,实操题库_地面站考试条件_2026H1_地面站避让点题型.txt_11,实操题库_地面站考试条件_2026H1_地面站避让点题型.txt,2026H1,2026H1,2026-01-01,2026-06-30,CAAC执照考试地面站实操真题考试条件,地面站避让点题型,避让点题型-考试条件提取.docx,地面站考试真题（2026年1月-6月）/地面站避让点题型/避让点题型-考试条件提取.docx,12,121,603,重庆02考场,重庆,02考场,2026-06-05,5,经纬度换算;航向方位判断;夹角计算;避让点规划;速度高度参数设置;转弯停留循环设置;几何图形航线规划;题型:地面站避让点,doc_condition_count_mismatch;source_gap,"重庆02考场地面站真题 | 日期：2026.06.05
(一) 规划一个手动闭合五边形，航线执行11次，①②、②③、①⑤边的边长 为a,∠②=∠①为90°，∠4=90°③④、④⑤边长相等。航线相对地面高度为b, 水平速度为c,垂直速度为d,转弯棋式为停止转弯，各点停留时间为e;
(二) a值为300米，b值为300米，c值为6m/s,d值为4m/s,e值为 13s。
一： 题卡图形1号点经纬度： N:36°26′45 E:111°23'42""
二： 起飞后需向NW方向飞 任务航线示意图： 行234米到达”避让点“再 执行航线任务，避让点高度 为312米 题卡图形1号点位于”避让 点“SE方向184米处。
三： 题卡图形3号点到题卡 图形2号点西偏南25度。"
gsec_ab666716d7e9,qbank_32b37a2f20be,doc_3c8542fa3ac3,实操题库_地面站考试条件_2026H1_地面站避让点题型.txt_12,实操题库_地面站考试条件_2026H1_地面站避让点题型.txt,2026H1,2026H1,2026-01-01,2026-06-30,CAAC执照考试地面站实操真题考试条件,地面站避让点题型,避让点题型-考试条件提取.docx,地面站考试真题（2026年1月-6月）/地面站避让点题型/避让点题型-考试条件提取.docx,13,121,603,福建02考场,福建,02考场,2026-05-28,5,经纬度换算;航向方位判断;避让点规划;速度高度参数设置;转弯停留循环设置;几何图形航线规划;题型:地面站避让点,doc_condition_count_mismatch;source_gap,"福建02考场地面站真题 | 日期：2026.05.28
(一) 按图规划一个如上图所示的任务航线，航线闭合不循环， ①③、②③、②④、①④边长为300米，①点相对地面高度为a,② 点相对地面高度为b，③点相对地面高度为c，④点相对地面高度 为d，水平速度为e,垂直速度为f,转弯模式为协调转弯；
(二) a值为37米，b值为55米，c值为61m,d值为47m, e值为6m/s,f值为3m/s。
一、 避让点经纬度： N36°19′27 E:103°16'58""
二： 起飞后需向SW方向平飞 任务航线示意图： 312米到达“避让点”再执行 航线任务，避让点高度为103 米 题卡图形1号点位于“避让点 NW方向413米处。
三： 题卡图形3号点位于题卡 图形2号点西南偏南30度°"
gsec_cbafccf5a987,qbank_32b37a2f20be,doc_3c8542fa3ac3,实操题库_地面站考试条件_2026H1_地面站避让点题型.txt_13,实操题库_地面站考试条件_2026H1_地面站避让点题型.txt,2026H1,2026H1,2026-01-01,2026-06-30,CAAC执照考试地面站实操真题考试条件,地面站避让点题型,避让点题型-考试条件提取.docx,地面站考试真题（2026年1月-6月）/地面站避让点题型/避让点题型-考试条件提取.docx,14,121,603,福建02考场,福建,02考场,2026-05-28,5,经纬度换算;航向方位判断;避让点规划;速度高度参数设置;转弯停留循环设置;几何图形航线规划;题型:地面站避让点,doc_condition_count_mismatch;source_gap,"福建02考场地面站真题 | 日期：2026.05.28
(一) 规划一个手动闭合正六边形，航线执行6圈，边长为a,①② ③航点相对地面高度为b，④⑤⑥航点相对地面高度为c，水平速度为 d,垂直速度为e,转弯方式为停止转弯，各点停留时间为f;
(二) a值为300米，b值建议为47米，c值为19m,d值为6ms, e值为3m/s,f值为8s。
一、 2点经纬度： N:37°15′46"" E:113°42'52
二、 起飞后需向SE方向平飞 102米到达“避让点”后再 执行任务航线，“避让点 高度为101米。航点1位于 避让点“的航线方向为N W,距离203米
三、 任务航线的航点2点到 任务航线的航点1点东南偏 东10度。"
gsec_89989e45079f,qbank_32b37a2f20be,doc_3c8542fa3ac3,实操题库_地面站考试条件_2026H1_地面站避让点题型.txt_14,实操题库_地面站考试条件_2026H1_地面站避让点题型.txt,2026H1,2026H1,2026-01-01,2026-06-30,CAAC执照考试地面站实操真题考试条件,地面站避让点题型,避让点题型-考试条件提取.docx,地面站考试真题（2026年1月-6月）/地面站避让点题型/避让点题型-考试条件提取.docx,15,121,603,福建02考场,福建,02考场,2026-05-29,5,经纬度换算;航向方位判断;避让点规划;速度高度参数设置;转弯停留循环设置;几何图形航线规划;题型:地面站避让点,doc_condition_count_mismatch;source_gap,"福建02考场地面站真题 | 日期：2026.05.29
(一) 规划一个手动闭合六边形航线，航线执行5次，边长为a, ①②③航点相对地面高度为b,④⑤⑥航点相对地面高度为c,水平 速度为d,垂直速度为e,转弯方式为停止转弯，各点停留时间为f;
(二) a值为300米，b值为35米，c值为25m,d值为5m/s, e值为3m/s,f值为5s。
1、 题卡图形5号经纬度： N:38°15′26"" E:114°12'36
2、 起飞后需向NW方向飞行 500米到达“避让点”再执行 航线任务，避让点高度为110米。 题卡图形1号点位于“避让点” NE方向218米处
3、 题卡图形2号点到题卡图形1 号点南偏西15度。"
gsec_0ae81a589372,qbank_32b37a2f20be,doc_3c8542fa3ac3,实操题库_地面站考试条件_2026H1_地面站避让点题型.txt_15,实操题库_地面站考试条件_2026H1_地面站避让点题型.txt,2026H1,2026H1,2026-01-01,2026-06-30,CAAC执照考试地面站实操真题考试条件,地面站避让点题型,避让点题型-考试条件提取.docx,地面站考试真题（2026年1月-6月）/地面站避让点题型/避让点题型-考试条件提取.docx,16,121,603,福建02考场,福建,02考场,2026-04-28,5,经纬度换算;航向方位判断;夹角计算;避让点规划;空域地形限制处理;速度高度参数设置;转弯停留循环设置;几何图形航线规划;起飞返航点定位;题型:地面站避让点,doc_condition_count_mismatch;source_gap,"福建02考场地面站真题 | 日期：2026.04.28
(一) 与 的相对方位由委任代表根据 现场环境等情况进行决定。于起飞点前规划一个等边三角形并循环执 行，边长为a，航线相对地面高度为b，转弯方式为停止转弯，停 留时间不作要求；
(二) a值为30米，b值为30米。（航线方位及各数值可由 委任代表按实际情况进行调整，考题以委任代表规定数值为准)
1、 2号点经纬度： N:28°42'36"" E:118°18'18""
2、 由于空域限制：起飞 后需先向SW方向飞行 500米到达“避让点”， 再执行航线任务 题卡图形1点到“避让点” 为NE方向300米
3、 2号点位于3号点 西偏南15°"
gsec_7c6bacaa98ba,qbank_32b37a2f20be,doc_3c8542fa3ac3,实操题库_地面站考试条件_2026H1_地面站避让点题型.txt_16,实操题库_地面站考试条件_2026H1_地面站避让点题型.txt,2026H1,2026H1,2026-01-01,2026-06-30,CAAC执照考试地面站实操真题考试条件,地面站避让点题型,避让点题型-考试条件提取.docx,地面站考试真题（2026年1月-6月）/地面站避让点题型/避让点题型-考试条件提取.docx,17,121,603,福建02考场,福建,02考场,2026-04-28,5,经纬度换算;航向方位判断;夹角计算;避让点规划;空域地形限制处理;速度高度参数设置;转弯停留循环设置;几何图形航线规划;题型:地面站避让点,doc_condition_count_mismatch;source_gap,"福建02考场地面站真题 | 日期：2026.04.28
(一) 与 的相对方位由委任代表根据 现场环境等情况进行决定。于起飞前规划一个等腰直角三角形并 循环执行，①②边长为a1,①③边长为a2,∠①为直角，航线相对 地面高度b，水平速度为c，转弯方式为停止转弯，停留时间不作 要求；
(二) a1、a2值为30米，b值为30米，c值为3m/s。 (航线方位及各数值可由委任代表按实际情况进行调整，考题以委 任代表规定数值为准)
1、 2号点经纬度： N:40°40'40” E:115°15′15”
2、 由于空域限制：起飞 后需先向SW方向飞行 500米到达“避让点”， 再执行航线任务 图形1号点到“避让点” SE方向300米
3、 3-2北偏西25°"
gsec_8b8b1ef50cb8,qbank_32b37a2f20be,doc_3c8542fa3ac3,实操题库_地面站考试条件_2026H1_地面站避让点题型.txt_17,实操题库_地面站考试条件_2026H1_地面站避让点题型.txt,2026H1,2026H1,2026-01-01,2026-06-30,CAAC执照考试地面站实操真题考试条件,地面站避让点题型,避让点题型-考试条件提取.docx,地面站考试真题（2026年1月-6月）/地面站避让点题型/避让点题型-考试条件提取.docx,18,121,603,福建02考场,福建,02考场,2026-04-28,5,经纬度换算;航向方位判断;夹角计算;避让点规划;空域地形限制处理;速度高度参数设置;转弯停留循环设置;几何图形航线规划;题型:地面站避让点,doc_condition_count_mismatch;source_gap,"福建02考场地面站真题 | 日期：2026.04.28
(一) 与 的相对方位由委任代表根据 现场环境等情况进行决定。于起飞前规划一个等腰直角三角形并 循环执行，①②边长为a1,①③边长为a2,∠①为直角，航线相对 地面高度b，水平速度为c，转弯方式为停止转弯，停留时间不作 要求；
(二) a1、a2值为30米，b值为30米，c值为3m/s。 (航线方位及各数值可由委任代表按实际情况进行调整，考题以委 任代表规定数值为准)
1、 3号点经纬度： N:30°30'35” E:115°12'12”
2、 由于空域限制：起飞 后需先向SE方向飞行 500米到达“避让点”， 再执行航线任务 图形1号点位于“避让点” NE方向350米处
3、 2-3东偏南35°"
gsec_80fb5dfa421d,qbank_32b37a2f20be,doc_3c8542fa3ac3,实操题库_地面站考试条件_2026H1_地面站避让点题型.txt_18,实操题库_地面站考试条件_2026H1_地面站避让点题型.txt,2026H1,2026H1,2026-01-01,2026-06-30,CAAC执照考试地面站实操真题考试条件,地面站避让点题型,避让点题型-考试条件提取.docx,地面站考试真题（2026年1月-6月）/地面站避让点题型/避让点题型-考试条件提取.docx,19,121,603,福建02考场,福建,02考场,2026-04-28,5,经纬度换算;航向方位判断;夹角计算;避让点规划;空域地形限制处理;速度高度参数设置;转弯停留循环设置;几何图形航线规划;题型:地面站避让点,doc_condition_count_mismatch;source_gap,"福建02考场地面站真题 | 日期：2026.04.28
(一) 与 的相对方位由委任代表根据 现场环境等情况进行决定。于起飞前规划一个等腰直角三角形并 循环执行，①②边长为a1,①③边长为a2,∠①为直角，航线相对 地面高度b，水平速度为c，转弯方式为停止转弯，停留时间不作 要求；
(二) a1、a2值为30米，b值为30米，c值为3m/s。 (航线方位及各数值可由委任代表按实际情况进行调整，考题以委 任代表规定数值为准)
1、 3号点经纬度： N:25°25'35"" E:110°10′10”
2、 由于空域限制：起飞 后需先向SW方向飞行 400米到达“避让点”， 再执行航线任务 题卡图形1点到“避让点” 为NW方向距离200米
3、 图形2点位于3点东偏 南38°"
gsec_68ec94dc0eb7,qbank_32b37a2f20be,doc_3c8542fa3ac3,实操题库_地面站考试条件_2026H1_地面站避让点题型.txt_19,实操题库_地面站考试条件_2026H1_地面站避让点题型.txt,2026H1,2026H1,2026-01-01,2026-06-30,CAAC执照考试地面站实操真题考试条件,地面站避让点题型,避让点题型-考试条件提取.docx,地面站考试真题（2026年1月-6月）/地面站避让点题型/避让点题型-考试条件提取.docx,20,121,603,福建02考场,福建,02考场,2026-04-28,5,经纬度换算;航向方位判断;夹角计算;避让点规划;空域地形限制处理;速度高度参数设置;转弯停留循环设置;几何图形航线规划;起飞返航点定位;题型:地面站避让点,doc_condition_count_mismatch;source_gap,"福建02考场地面站真题 | 日期：2026.04.28
(一) 与 的相对方位由委任代表根据 现场环境等情况进行决定。于起飞点前规划一个等边三角形并循环执 行，边长为a，航线相对地面高度为b，转弯方式为停止转弯，停 留时间不作要求；
(二) a值为30米，b值为30米。（航线方位及各数值可由 委任代表按实际情况进行调整，考题以委任代表规定数值为准)
1、 2号点经纬度： N:28°28′28” E:122°12'12”
2、 由于空域限制：起飞 后需先向NE方向飞行 600米到达“避让点”， 再执行航线任务 题卡图形1点位于“避让 点""SW400米
3、 1号点位于2号点 西偏南15°"
gsec_444bc8a6f784,qbank_32b37a2f20be,doc_3c8542fa3ac3,实操题库_地面站考试条件_2026H1_地面站避让点题型.txt_20,实操题库_地面站考试条件_2026H1_地面站避让点题型.txt,2026H1,2026H1,2026-01-01,2026-06-30,CAAC执照考试地面站实操真题考试条件,地面站避让点题型,避让点题型-考试条件提取.docx,地面站考试真题（2026年1月-6月）/地面站避让点题型/避让点题型-考试条件提取.docx,21,121,603,福建02考场,福建,02考场,2026-04-28,5,经纬度换算;航向方位判断;避让点规划;空域地形限制处理;速度高度参数设置;转弯停留循环设置;几何图形航线规划;起飞返航点定位;题型:地面站避让点,doc_condition_count_mismatch;source_gap,"福建02考场地面站真题 | 日期：2026.04.28
(一) 与 的相对方位由委任代表根据 现场环境等情况进行决定。按图于起飞点前规划扫描航线，航线长度 为a，航线间隔为b,航线相对地面高度为c,水平速度为d,转弯 模式为停止转弯，停留时间不作要求；
(二) a值为30米（误差≤±3米），b值为10米（误差 ≤±1米)，c值为30m,d值为3m/s。 (航线方位及各数值 可由委任代表按实际情况进行调整，考题以委任代表规定数值为准)
1、 1号点经纬度： N:24°46′36” E:123°12'17”
2、 由于空域限制：起飞 后需先向SW方向飞行 200米到达“避让点”， 再执行航线任务 图形1号点位于“避让点” ☆； NW方向50米处
3、 1号点位于2号点西偏 南20°"
gsec_66a4e556f3fb,qbank_32b37a2f20be,doc_3c8542fa3ac3,实操题库_地面站考试条件_2026H1_地面站避让点题型.txt_21,实操题库_地面站考试条件_2026H1_地面站避让点题型.txt,2026H1,2026H1,2026-01-01,2026-06-30,CAAC执照考试地面站实操真题考试条件,地面站避让点题型,避让点题型-考试条件提取.docx,地面站考试真题（2026年1月-6月）/地面站避让点题型/避让点题型-考试条件提取.docx,22,121,603,福建02考场,福建,02考场,2026-04-28,5,经纬度换算;航向方位判断;避让点规划;空域地形限制处理;速度高度参数设置;转弯停留循环设置;几何图形航线规划;起飞返航点定位;题型:地面站避让点,doc_condition_count_mismatch;source_gap,"福建02考场地面站真题 | 日期：2026.04.28
(一) 与 的相对方位由委任代表根据 现场环境等情况进行决定。按图于起飞点前规划扫描航线，航线长度 为a，航线间隔为b,航线相对地面高度为c,水平速度为d,转弯 模式为停止转弯，停留时间不作要求；
(二) a值为30米（误差≤±3米），b值为10米（误差 ≤±1米)，c值为30m,d值为3m/s。 (航线方位及各数值 可由委任代表按实际情况进行调整，考题以委任代表规定数值为准)
1、 2号点经纬度： N:28°28'28"" E:122°20'20”
2、 由于空域限制：起飞 后需先向NE方向飞行 3 600米到达“避让点”， 再执行航线任务 图形1号点位于“避让点” SW方向400米
3、 1号点位于2号点北偏 西15°"
gsec_423c2fb0d40c,qbank_32b37a2f20be,doc_3c8542fa3ac3,实操题库_地面站考试条件_2026H1_地面站避让点题型.txt_22,实操题库_地面站考试条件_2026H1_地面站避让点题型.txt,2026H1,2026H1,2026-01-01,2026-06-30,CAAC执照考试地面站实操真题考试条件,地面站避让点题型,避让点题型-考试条件提取.docx,地面站考试真题（2026年1月-6月）/地面站避让点题型/避让点题型-考试条件提取.docx,23,121,603,福建02考场,福建,02考场,2026-05-28,4,经纬度换算;航向方位判断;避让点规划;速度高度参数设置;转弯停留循环设置;几何图形航线规划;题型:地面站避让点,doc_condition_count_mismatch;source_gap,"福建02考场地面站真题 | 日期：2026.05.28
(一) 规划扫描航线要求不闭合不循环，航线长度为a,航线间 隔为b,航线相对地面高度为c,水平速度为d,垂直速度为e,转弯 方式为停止转弯，各点停留时间为f；
(二) a值为300米，b值为100米，c值为50m,d值为6m/s, e值为2m/s,f值为10s。
二： 起飞后需向SE方向平飞 550米到达“避让点”再执 行航线任务，避让点高度 为420米 题卡图形1号点到“避让点” 为SW方向340米处
三： 东北风题卡图形2号点 位于题卡图形3号点逆风方 向。"
gsec_bd719b2d7df6,qbank_32b37a2f20be,doc_3c8542fa3ac3,实操题库_地面站考试条件_2026H1_地面站避让点题型.txt_23,实操题库_地面站考试条件_2026H1_地面站避让点题型.txt,2026H1,2026H1,2026-01-01,2026-06-30,CAAC执照考试地面站实操真题考试条件,地面站避让点题型,避让点题型-考试条件提取.docx,地面站考试真题（2026年1月-6月）/地面站避让点题型/避让点题型-考试条件提取.docx,24,121,603,福建02考场,福建,02考场,2026-04-28,5,经纬度换算;航向方位判断;夹角计算;避让点规划;空域地形限制处理;速度高度参数设置;转弯停留循环设置;几何图形航线规划;起飞返航点定位;题型:地面站避让点,doc_condition_count_mismatch;source_gap,"福建02考场地面站真题 | 日期：2026.04.28
(一) 与 的相对方位由委任代表根据 现场环境等情况进行决定。按图于起飞点前规划一个四边形并循环执 行，①②边、②③边边长为a，③④边边长为b，∠②=∠③=90· 航线相对地面高度为c，水平速度为d，转弯模式为停止转弯，停 留时间不作要求；
(二) a值为20米，b值为30米，c值为30m,d值为3m/s。 (航线方位及各数值可由委任代表按实际情况进行调整，考题以委任代 表规定数值为准)
1、 3号点经纬度： N:30°30′35” E:115°12'12”
2、 由于空域限制：起飞 后需先向SE方向飞行 500米到达“避让点”， 再执行航线任务 图形1号点位于“避让点” NE方向距离350米
3、 2号点到3号点东偏南"
gsec_5b8c8ef427c8,qbank_32b37a2f20be,doc_3c8542fa3ac3,实操题库_地面站考试条件_2026H1_地面站避让点题型.txt_24,实操题库_地面站考试条件_2026H1_地面站避让点题型.txt,2026H1,2026H1,2026-01-01,2026-06-30,CAAC执照考试地面站实操真题考试条件,地面站避让点题型,避让点题型-考试条件提取.docx,地面站考试真题（2026年1月-6月）/地面站避让点题型/避让点题型-考试条件提取.docx,25,121,603,福建02考场,福建,02考场,2026-04-28,5,经纬度换算;航向方位判断;夹角计算;避让点规划;空域地形限制处理;速度高度参数设置;转弯停留循环设置;几何图形航线规划;起飞返航点定位;题型:地面站避让点,doc_condition_count_mismatch;source_gap,"福建02考场地面站真题 | 日期：2026.04.28
(一) 与 的相对方位由委任代表根据 现场环境等情况进行决定。按图于起飞点前规划一个四边形并循环执 行，①②边、②③边边长为a,③④边边长为b，∠②=∠③=90 航线相对地面高度为c，水平速度为d，转弯模式为停止转弯，停 留时间不作要求；
(二) a值为20米，b值为30米，c值为30m,d值为3m/s。 (航线方位及各数值可由委任代表按实际情况进行调整，考题以委任代 表规定数值为准)
1、 3号点经纬度： N:25°25'35” E:110°10'10”
2、 由于空域限制：起飞 后需先向SW方向飞行 400米到达“避让点”， 再执行航线任务 题卡图形1点到“避让点” 为NW方向距离200米
3、 3-2东偏南38°"
gsec_2dbe4c714dfc,qbank_32b37a2f20be,doc_3c8542fa3ac3,实操题库_地面站考试条件_2026H1_地面站避让点题型.txt_25,实操题库_地面站考试条件_2026H1_地面站避让点题型.txt,2026H1,2026H1,2026-01-01,2026-06-30,CAAC执照考试地面站实操真题考试条件,地面站避让点题型,避让点题型-考试条件提取.docx,地面站考试真题（2026年1月-6月）/地面站避让点题型/避让点题型-考试条件提取.docx,26,121,603,福建02考场,福建,02考场,2026-04-28,5,经纬度换算;航向方位判断;夹角计算;避让点规划;空域地形限制处理;速度高度参数设置;转弯停留循环设置;几何图形航线规划;起飞返航点定位;题型:地面站避让点,doc_condition_count_mismatch;source_gap,"福建02考场地面站真题 | 日期：2026.04.28
(一) 与 的相对方位由委任代表根据 现场环境等情况进行决定。按图于起飞点前规划一个四边形并循环执 行，①②边、②③边边长为a，③④边边长为b,∠②=∠③=90 航线相对地面高度为c，水平速度为d，转弯模式为停止转弯，停 留时间不作要求；
(二) a值为20米，b值为30米，c值为30m,d值为3m/s。 (航线方位及各数值可由委任代表按实际情况进行调整，考题以委任代 表规定数值为准)
1、 2号点经纬度： N:28°42'36” E:118°18'18""
2、 由于空域限制：起飞 后需先向SW方向飞行 500米到达“避让点”， 再执行航线任务 图形1号点到“避让点” NE方向距离300米
3、 2点位于3点西偏南15°"
gsec_64803f4fe9a9,qbank_32b37a2f20be,doc_3c8542fa3ac3,实操题库_地面站考试条件_2026H1_地面站避让点题型.txt_26,实操题库_地面站考试条件_2026H1_地面站避让点题型.txt,2026H1,2026H1,2026-01-01,2026-06-30,CAAC执照考试地面站实操真题考试条件,地面站避让点题型,避让点题型-考试条件提取.docx,地面站考试真题（2026年1月-6月）/地面站避让点题型/避让点题型-考试条件提取.docx,27,121,603,福建02考场,福建,02考场,2026-05-28,5,经纬度换算;航向方位判断;夹角计算;避让点规划;速度高度参数设置;转弯停留循环设置;几何图形航线规划;题型:地面站避让点,doc_condition_count_mismatch;source_gap,"福建02考场地面站真题 | 日期：2026.05.28
(一) 按图规划一个手动闭合直角梯形，航线执行10次，①②、② ③边长为a,①④边长为b,∠②=∠①=90°，航线相对地面高度为 c,水平速度为d，垂直速度为e,转弯模式为停止转弯，各点停留 时间12s;
(二) a值为200米，b值为400米，c值为312m,d值为 4m/s,e值为2m/s。
一： 起飞图形4号点经纬度： N:32°25′12"" E:107°43'54""
二： 起飞后需向SE方向 平飞290米到达避让点” 再执行航线任务。避让点 高度为152米 题卡图形1号点到“避让点 为SW方向300米处
三： 题卡图形2号点位于题 卡图形3号点西偏北30度。"
gsec_ed53665ec7e1,qbank_32b37a2f20be,doc_3c8542fa3ac3,实操题库_地面站考试条件_2026H1_地面站避让点题型.txt_27,实操题库_地面站考试条件_2026H1_地面站避让点题型.txt,2026H1,2026H1,2026-01-01,2026-06-30,CAAC执照考试地面站实操真题考试条件,地面站避让点题型,避让点题型-考试条件提取.docx,地面站考试真题（2026年1月-6月）/地面站避让点题型/避让点题型-考试条件提取.docx,28,121,603,福建02考场,福建,02考场,2026-04-28,5,经纬度换算;航向方位判断;夹角计算;避让点规划;空域地形限制处理;速度高度参数设置;转弯停留循环设置;几何图形航线规划;起飞返航点定位;题型:地面站避让点,doc_condition_count_mismatch;source_gap,"福建02考场地面站真题 | 日期：2026.04.28
(一) 与 的相对方位由委任代表根据 现场环境等情况进行决定。按图于起飞点前规划一个五边形并循环执 行，①②边及②③边的边长为a,∠②=∠④=∠①为90°，航线相 对地面高度为b，水平速度为c,转弯模式为停止转弯，各点停留 时间为e;
(二) a值为30米，b值为30米，c值为3m/s,e值为2s。 (航线方位及各数值可由委任代表按实际情况进行调整，考题以委任代 表规定数值为准)
1、 2号点经纬度： N:28°42'36” E:115°18′18”
2、 由于空域限制：起飞 后需先向SW方向飞行 500米到达“避让点”， 再执行航线任务 图形1号点到“避让点” NE方向距离300米
3、 3-2西偏南15°"
gsec_8f1e0883327f,qbank_32b37a2f20be,doc_3c8542fa3ac3,实操题库_地面站考试条件_2026H1_地面站避让点题型.txt_28,实操题库_地面站考试条件_2026H1_地面站避让点题型.txt,2026H1,2026H1,2026-01-01,2026-06-30,CAAC执照考试地面站实操真题考试条件,地面站避让点题型,避让点题型-考试条件提取.docx,地面站考试真题（2026年1月-6月）/地面站避让点题型/避让点题型-考试条件提取.docx,29,121,603,甘肃01考场,甘肃,01考场,2026-05-29,5,经纬度换算;航向方位判断;避让点规划;速度高度参数设置;转弯停留循环设置;几何图形航线规划;题型:地面站避让点,doc_condition_count_mismatch;source_gap,"甘肃01考场地面站真题 | 日期：2026.05.29
(一) 规划一个闭合六边形并循环执行，边长为a,①②③航点 相对地面高度为b,④⑤⑥航点相对地面高度为c,水平速度为d, 垂直速度为e,转弯方式为停止转弯，各点停留时间为f;
(二) a值为300米，b值为35米，c值为25m,d值为4m/s, e值为2m/s,f值为2s。
1、 题卡图形2号经纬度： N:26°25′26"" E:120°12'12""
2、 起飞后需向NE方向飞行 500米到达“避让点”再执行 航线任务，避让点高度为110米。 题卡图形1号点位于“避让点” NW方向400米处
3、 题卡图形2号点到题卡图形1 号点南偏东15度。"
gsec_725dee392731,qbank_32b37a2f20be,doc_3c8542fa3ac3,实操题库_地面站考试条件_2026H1_地面站避让点题型.txt_29,实操题库_地面站考试条件_2026H1_地面站避让点题型.txt,2026H1,2026H1,2026-01-01,2026-06-30,CAAC执照考试地面站实操真题考试条件,地面站避让点题型,避让点题型-考试条件提取.docx,地面站考试真题（2026年1月-6月）/地面站避让点题型/避让点题型-考试条件提取.docx,30,121,603,甘肃01考场,甘肃,01考场,2026-05-29,4,经纬度换算;航向方位判断;避让点规划;速度高度参数设置;转弯停留循环设置;几何图形航线规划;题型:地面站避让点,doc_condition_count_mismatch;source_gap,"甘肃01考场地面站真题 | 日期：2026.05.29
(一) 规划扫描航线要求闭合不循环，航线长度为a,航线间隔 为b,航线相对地面高度为c,水平速度为d,垂直速度为e,转弯方 式为协调转弯；
(二) a值为300米，b值为100米，c值为300m,d值为3m/s, e值为2m/s。
二： 起飞后需向SW方向飞 行600米到达“避让点”再 执行航线任务。避让点高 4 度为320米题卡图形1号点 到“避让点”为SE方向500 1 米处
三： 题卡图形2号点位于题 卡图形3号点东偏南20度。"
gsec_7b2a513ef182,qbank_32b37a2f20be,doc_3c8542fa3ac3,实操题库_地面站考试条件_2026H1_地面站避让点题型.txt_30,实操题库_地面站考试条件_2026H1_地面站避让点题型.txt,2026H1,2026H1,2026-01-01,2026-06-30,CAAC执照考试地面站实操真题考试条件,地面站避让点题型,避让点题型-考试条件提取.docx,地面站考试真题（2026年1月-6月）/地面站避让点题型/避让点题型-考试条件提取.docx,31,121,603,甘肃01考场,甘肃,01考场,2026-06-02,4,经纬度换算;航向方位判断;避让点规划;速度高度参数设置;转弯停留循环设置;几何图形航线规划;题型:地面站避让点,doc_condition_count_mismatch;source_gap,"甘肃01考场地面站真题 | 日期：2026.06.02
(一) 规划扫描航线要求闭合不循环，航线长度为a,航线间隔 为b,航线相对地面高度为c,水平速度为d,垂直速度为e,转弯模 式为协调转弯；
(二) a值为300米，b值为100米，c值为300m,d值为3m/s, e值为2m/s。
二： 起飞后需向SW方向飞行 600米到达“避让点”再执行 航线任务。避让点高度为320 4 米 题卡图形1号点到“避让点 1 为SE方向500米处。
三： 题卡图形2号点位于题卡 图形3号点东偏南20度。"
gsec_fb19125fae79,qbank_32b37a2f20be,doc_3c8542fa3ac3,实操题库_地面站考试条件_2026H1_地面站避让点题型.txt_31,实操题库_地面站考试条件_2026H1_地面站避让点题型.txt,2026H1,2026H1,2026-01-01,2026-06-30,CAAC执照考试地面站实操真题考试条件,地面站避让点题型,避让点题型-考试条件提取.docx,地面站考试真题（2026年1月-6月）/地面站避让点题型/避让点题型-考试条件提取.docx,32,121,603,甘肃01考场,甘肃,01考场,2026-05-29,5,经纬度换算;航向方位判断;夹角计算;避让点规划;速度高度参数设置;转弯停留循环设置;几何图形航线规划;题型:地面站避让点,doc_condition_count_mismatch;source_gap,"甘肃01考场地面站真题 | 日期：2026.05.29
(一) 按图规划一个闭合四边形并循环执行，①②、②③边长为a, ①④边长为b,∠②=∠①=90·，航线相对地面高度为c,水平速度 为d，垂直速度为e,转弯模式为停止转弯，停留时间5s;
(二) a值为200米，b值为300米，c值为300m,d值为 3m/s,e值为2m/s。
一： 题卡图形3号点经纬度： N:30°31'30 E:120°10'10°
二： 起飞后需向NW方向飞 行650米到达“""避让点”再 执行航线任务。避让点高度 为330米 题卡图形1号点到“避让点 为SE方向450米处
三： 题卡图形2号点位于题 卡图形3号点北偏西45度。"
gsec_4f95ab84b2d2,qbank_32b37a2f20be,doc_3c8542fa3ac3,实操题库_地面站考试条件_2026H1_地面站避让点题型.txt_32,实操题库_地面站考试条件_2026H1_地面站避让点题型.txt,2026H1,2026H1,2026-01-01,2026-06-30,CAAC执照考试地面站实操真题考试条件,地面站避让点题型,避让点题型-考试条件提取.docx,地面站考试真题（2026年1月-6月）/地面站避让点题型/避让点题型-考试条件提取.docx,33,121,603,广东02考场,广东,02考场,2026-05-06,5,经纬度换算;航向方位判断;夹角计算;避让点规划;空域地形限制处理;速度高度参数设置;转弯停留循环设置;几何图形航线规划;题型:地面站避让点,doc_condition_count_mismatch;source_gap,"广东02考场地面站真题 | 日期：2026.05.06
(一) 按图规划一个闭合四边形并循环执行，①②边、②③边边 长为a,①④边边长为b,∠①=∠②=90·航线相对地面高度为c, 水平速度为d，垂直速度为e,转弯模式为停止转弯，停留时间5s；
(二) a值为200米，b值为400米，c值为300m,d值为 4m/s,e值为3m/s。
一： 题卡图形1号点经纬度： N:28°42'31"" E:115°18'18""
二： 由于空域限制：起飞 后需向SW方向飞行200米 到达 “避让点”再执行航线任 务。题卡图形1号点到“避 让点”航向为NE方向距离 300米
三： 题卡图形2号点位于题 卡图形3号点东偏南25度。"
gsec_decf3e24193a,qbank_32b37a2f20be,doc_3c8542fa3ac3,实操题库_地面站考试条件_2026H1_地面站避让点题型.txt_33,实操题库_地面站考试条件_2026H1_地面站避让点题型.txt,2026H1,2026H1,2026-01-01,2026-06-30,CAAC执照考试地面站实操真题考试条件,地面站避让点题型,避让点题型-考试条件提取.docx,地面站考试真题（2026年1月-6月）/地面站避让点题型/避让点题型-考试条件提取.docx,34,121,603,广东03考场,广东,03考场,,5,经纬度换算;航向方位判断;避让点规划;空域地形限制处理;速度高度参数设置;转弯停留循环设置;几何图形航线规划;题型:地面站避让点,doc_condition_count_mismatch;missing_exam_date;source_gap,"广东03考场地面站真题 | 日期：2026,05.06
(一) 按图规划一个如上图所示的任务航线，航线闭合不循环， ①③、②③、②④、①④边长为300米，①点相对地面高度为a,② 点相对地面高度为b,③点相对地面高度为c，④点相对地面高度 为d，水平速度为e,垂直速度为f，转弯模式为停止转弯，停留 时间4s;
(二) a值为20米，b值为40米，c值为30m,d值为15m, e值为4m/s,f值为3m/s。
1、 题卡图形1号点经纬度： N:28°42'36 E:115°18′18""
2、 由于空域限制，起飞 任务航线示意图： 后需向SW方向飞行500米 到达“避让点”再执行航 线任务 题卡图形1号点到“避让 点”航向为NE方向，距离 为300米。
3、 题卡图形2号点位于题 卡图形3号点西偏南15度。"
gsec_18ecc65225ef,qbank_32b37a2f20be,doc_3c8542fa3ac3,实操题库_地面站考试条件_2026H1_地面站避让点题型.txt_34,实操题库_地面站考试条件_2026H1_地面站避让点题型.txt,2026H1,2026H1,2026-01-01,2026-06-30,CAAC执照考试地面站实操真题考试条件,地面站避让点题型,避让点题型-考试条件提取.docx,地面站考试真题（2026年1月-6月）/地面站避让点题型/避让点题型-考试条件提取.docx,35,121,603,广东03考场,广东,03考场,2026-05-06,5,经纬度换算;航向方位判断;避让点规划;空域地形限制处理;速度高度参数设置;转弯停留循环设置;几何图形航线规划;起飞返航点定位;题型:地面站避让点,doc_condition_count_mismatch;source_gap,"广东03考场地面站真题 | 日期：2026.05.06
(一) 规划一个闭合六边形并循环执行，边长为a,①②③航点 相对地面高度为b,④⑤⑥航点相对地面高度为c,水平速度为d, 垂直速度为e,转弯方式为协调转弯。
(二) a值为300米，b值为55米，c值为35m,d值为5m/s, e值为3m/so
一、 起飞点经纬度： N:33°46′36 E:115°24'17""
二、 由于空域限制：起 飞后需向NW方向飞行 1100米到达“避让点” 再执行航线任务。题卡 图形1号点位于“避让点” SW方向300米处
三、 题卡图形2号点位于 题卡图形1号点西偏南15 度。"
gsec_32fdfa53a3f4,qbank_32b37a2f20be,doc_3c8542fa3ac3,实操题库_地面站考试条件_2026H1_地面站避让点题型.txt_35,实操题库_地面站考试条件_2026H1_地面站避让点题型.txt,2026H1,2026H1,2026-01-01,2026-06-30,CAAC执照考试地面站实操真题考试条件,地面站避让点题型,避让点题型-考试条件提取.docx,地面站考试真题（2026年1月-6月）/地面站避让点题型/避让点题型-考试条件提取.docx,36,121,603,广东03考场,广东,03考场,2026-05-06,5,经纬度换算;航向方位判断;夹角计算;避让点规划;空域地形限制处理;速度高度参数设置;转弯停留循环设置;几何图形航线规划;题型:地面站避让点,doc_condition_count_mismatch;source_gap,"广东03考场地面站真题 | 日期：2026.05.06
(一) 按图规划一个闭合四边形并循环执行，①②边、②③边边 长为a,①④边边长为b，∠②=∠①=90·航线相对地面高度为c, 水平速度为d，垂直速度为e,转弯模式为停止转弯，停留时间5s;
(二) a值为200米，b值为400米，c值为300m,d值为 6m/s,e值为3m/s。
一： 避让点经纬度： N:28°39'30 E:115°5632""
二： 由于空域限制，起飞 候需向NW方向飞行800米 到达“避让点”再执行任 务航线，任务航线1点位于 “避让点”SW方向300米 处
三： 任务航线2点位于任务 航点1东偏南25°"
gsec_1888980b49c1,qbank_32b37a2f20be,doc_3c8542fa3ac3,实操题库_地面站考试条件_2026H1_地面站避让点题型.txt_36,实操题库_地面站考试条件_2026H1_地面站避让点题型.txt,2026H1,2026H1,2026-01-01,2026-06-30,CAAC执照考试地面站实操真题考试条件,地面站避让点题型,避让点题型-考试条件提取.docx,地面站考试真题（2026年1月-6月）/地面站避让点题型/避让点题型-考试条件提取.docx,37,121,603,广东03考场,广东,03考场,2026-05-06,5,经纬度换算;航向方位判断;夹角计算;避让点规划;空域地形限制处理;速度高度参数设置;转弯停留循环设置;几何图形航线规划;题型:地面站避让点,doc_condition_count_mismatch;source_gap,"广东03考场地面站真题 | 日期：2026.05.06
(一) 规划一个闭合五边形并循环执行，①②、②③、③④、④⑤、①⑤边 的边长为a,∠②=∠①为90°，航线相对地面高度为b,水平速度为c,垂直 速度为d,转弯模式为停止转弯，各点停留时间为e;
(二) a值为300米，b值为60米，c值为4m/s,d值为3m/s,e值为 17s。
一： 题卡图形1号点经纬 度： N:27°46′36 E:123°12'17
二： 由于空城限制：起 飞后需向SE方向飞行600 米到达”避让点”再执 行航线任务。 题卡图形1号点位于“避让 点”NW方向500米处
三： 提卡图形2号点位于 题卡图形1号点西偏南20°"
gsec_f09f2fbd8df9,qbank_32b37a2f20be,doc_3c8542fa3ac3,实操题库_地面站考试条件_2026H1_地面站避让点题型.txt_37,实操题库_地面站考试条件_2026H1_地面站避让点题型.txt,2026H1,2026H1,2026-01-01,2026-06-30,CAAC执照考试地面站实操真题考试条件,地面站避让点题型,避让点题型-考试条件提取.docx,地面站考试真题（2026年1月-6月）/地面站避让点题型/避让点题型-考试条件提取.docx,38,121,603,广西01考场,广西,01考场,2026-05-27,5,经纬度换算;航向方位判断;避让点规划;速度高度参数设置;转弯停留循环设置;几何图形航线规划;起飞返航点定位;题型:地面站避让点,doc_condition_count_mismatch;source_gap,"广西01考场地面站真题 | 日期：2026.05.27
(一) 与 的相对方位由委任代表根据 现场环境等情况进行决定。按图于起飞点前规划扫描航线要求不闭合， 不循环，航线长度为a,航线间隔为b,航线相对地面高度为c,水 平速度为d,垂直速度为e,转弯模式为停止转弯，停留时间不作要 求；
(二) a值建议为300米，b值建议为100米，c值建议为300m, d值建议为3m/s,e值建议为2m/s(航线方位及各数值可由委任代 表按实际情况进行调整，考题以委任代表规定数值为准)
1、 起飞点10点经纬度： N:25°25'25""E:112°12'12”
2、 起飞后需向NW方向飞行 400米到达""避让点""再执行航 线任务，避让点高度为200米 ""避让点""位于图形①号点SW 方向200米处。
3、 4-3点航向为西偏北30度。"
gsec_ffb5083e13da,qbank_32b37a2f20be,doc_3c8542fa3ac3,实操题库_地面站考试条件_2026H1_地面站避让点题型.txt_38,实操题库_地面站考试条件_2026H1_地面站避让点题型.txt,2026H1,2026H1,2026-01-01,2026-06-30,CAAC执照考试地面站实操真题考试条件,地面站避让点题型,避让点题型-考试条件提取.docx,地面站考试真题（2026年1月-6月）/地面站避让点题型/避让点题型-考试条件提取.docx,39,121,603,贵州01考场,贵州,01考场,2026-05-27,5,经纬度换算;航向方位判断;避让点规划;速度高度参数设置;转弯停留循环设置;几何图形航线规划;题型:地面站避让点,doc_condition_count_mismatch;source_gap,"贵州01考场地面站真题 | 日期：2026.05.27
(一) 按图规划一个不闭合的任务航线并不循环执行，①③、 ②③、②④、①④边长为300米，①点相对地面高度为a,②点相对 地面高度为b，③点相对地面高度为c,④点相对地面高度为d, 水平速度为e，垂直速度为f，转弯模式为停止转弯，停留时间2s;
(二) a值为20米，b值为25米，c值为30m,d值为20m, e值为2m/s,f值为2m/s。
1、 题卡2点经纬度： N:32°29'28"" E:121°46'18""
2、 起飞后需向西偏南15度方 向飞行600米到达""避让点” 再执行航线任务。避让点高 度为80米。 题卡图形1号点在”避让点” SW方向500米处。
3、 题卡图形3号点到题卡图 形2号点西偏南30度。"
gsec_199b109e7986,qbank_32b37a2f20be,doc_3c8542fa3ac3,实操题库_地面站考试条件_2026H1_地面站避让点题型.txt_39,实操题库_地面站考试条件_2026H1_地面站避让点题型.txt,2026H1,2026H1,2026-01-01,2026-06-30,CAAC执照考试地面站实操真题考试条件,地面站避让点题型,避让点题型-考试条件提取.docx,地面站考试真题（2026年1月-6月）/地面站避让点题型/避让点题型-考试条件提取.docx,40,121,603,贵州01考场,贵州,01考场,2026-05-27,5,经纬度换算;航向方位判断;避让点规划;速度高度参数设置;转弯停留循环设置;几何图形航线规划;题型:地面站避让点,doc_condition_count_mismatch;source_gap,"贵州01考场地面站真题 | 日期：2026.05.27
(一) 规划扫描航线要求闭合不循环，航线长度为a，航线间隔 为b,航线相对地面高度为c,水平速度为d,垂直速度为e,转弯模 式为协调转弯；
(二) a值为300米，b值为100米，c值为300m,d值为3m/s e值为2m/s。
1、 题卡图形10号点经纬度： N:27°38'29"" E:24°25′26
2、 起飞后需向南偏西20°方向 飞行600米到达""避让点""再执行 航线任务。避让点高度为320米 题卡图形1号点到""避让点""为 SE方向500米处。
3、 题卡图形2号点位于题卡图 形1号点东偏南20度。"
gsec_aecf83e7f9dc,qbank_32b37a2f20be,doc_3c8542fa3ac3,实操题库_地面站考试条件_2026H1_地面站避让点题型.txt_40,实操题库_地面站考试条件_2026H1_地面站避让点题型.txt,2026H1,2026H1,2026-01-01,2026-06-30,CAAC执照考试地面站实操真题考试条件,地面站避让点题型,避让点题型-考试条件提取.docx,地面站考试真题（2026年1月-6月）/地面站避让点题型/避让点题型-考试条件提取.docx,41,121,603,贵州01考场,贵州,01考场,2026-05-27,5,经纬度换算;航向方位判断;夹角计算;避让点规划;速度高度参数设置;转弯停留循环设置;几何图形航线规划;题型:地面站避让点,doc_condition_count_mismatch;source_gap,"贵州01考场地面站真题 | 日期：2026.05.27
(一） 按图规划一个闭合四边形并循环执行，②③边长为a,①④ 边长为b,∠②=∠①=90·，∠④=60·航线相对地面高度为c,水 平速度为d,垂直速度为e,转弯模式为停止转弯，停留时间5s;
(二) a值为200米，b值为300米，c值为300m,d值为 3m/s,e值为2m/so
1、 题卡图形④号点经纬度： N:30°35′32 E:120°13'14""
2、 起飞后需向NW方向飞行 600米到达“避让点”再执行航 线任务。避让点高度为330米。 3 题卡图形1号点到“避让点”为 SE方向500米处
3、 题卡图形2号点位于题卡图 形3号点北偏西20度。"
gsec_a10940b09bf8,qbank_32b37a2f20be,doc_3c8542fa3ac3,实操题库_地面站考试条件_2026H1_地面站避让点题型.txt_41,实操题库_地面站考试条件_2026H1_地面站避让点题型.txt,2026H1,2026H1,2026-01-01,2026-06-30,CAAC执照考试地面站实操真题考试条件,地面站避让点题型,避让点题型-考试条件提取.docx,地面站考试真题（2026年1月-6月）/地面站避让点题型/避让点题型-考试条件提取.docx,42,121,603,河北03考场,河北,03考场,2026-06-10,5,经纬度换算;航向方位判断;避让点规划;速度高度参数设置;转弯停留循环设置;几何图形航线规划;题型:地面站避让点,doc_condition_count_mismatch;source_gap,"河北03考场地面站真题 | 日期：2026.06.10
(一) 按图规划一个闭合的任务航线并循环执行，①③、②③、 ②④、①④边长为300米，①点相对地面高度为，②点相对地面高度 为b,③点相对地面高度为c,④点相对地面高度为d,水平速度为e, 垂直速度为f,转弯模式为停止转弯，停留时间2s;
(二) a值为20米，b值为25米，c值为30m,d值为20m, e值为2m/s,f值为2m/s。
1、 避让点经纬度： N:37°40'50"" E:115°34'40"" (零误差)
2、 起飞后需向SE方向飞行600 米到达“避让点”再执行航线 任务。避让点高度为80米。 题卡图形1号点位于“避让点” SW方向500米处。
3、 题卡图形3号点到题卡图形 2号点西偏南30度。"
gsec_e77ca8a61dc9,qbank_32b37a2f20be,doc_3c8542fa3ac3,实操题库_地面站考试条件_2026H1_地面站避让点题型.txt_42,实操题库_地面站考试条件_2026H1_地面站避让点题型.txt,2026H1,2026H1,2026-01-01,2026-06-30,CAAC执照考试地面站实操真题考试条件,地面站避让点题型,避让点题型-考试条件提取.docx,地面站考试真题（2026年1月-6月）/地面站避让点题型/避让点题型-考试条件提取.docx,43,121,603,河北03考场,河北,03考场,2026-06-10,5,经纬度换算;航向方位判断;避让点规划;速度高度参数设置;转弯停留循环设置;几何图形航线规划;题型:地面站避让点,doc_condition_count_mismatch;source_gap,"河北03考场地面站真题 | 日期：2026.06.10
(一) 规划一个闭合六边形并循环执行，边长为a,①②③航点 相对地面高度为b，④⑤⑥航点相对地面高度为c，水平速度为d, 垂直速度为e,转弯方式为停止转弯，各点停留时间为f;
(二) a值为300米，b值为30米，c值为25m,d值为4m/s, e值为2m/s,f值为2s。
1、 题卡图形1号点经纬度： N:28°28′28"" 5 E:120°12'12”
2、 起飞后需向SE方向飞行600 米到达""避让点""再执行航线任 务。避让点高度为80米。 题卡图形1号点位于""避让点” NW方向500米处。
3、 题卡图形1号点到题卡图形2 号点西偏南20度。"
gsec_26071082870c,qbank_32b37a2f20be,doc_3c8542fa3ac3,实操题库_地面站考试条件_2026H1_地面站避让点题型.txt_43,实操题库_地面站考试条件_2026H1_地面站避让点题型.txt,2026H1,2026H1,2026-01-01,2026-06-30,CAAC执照考试地面站实操真题考试条件,地面站避让点题型,避让点题型-考试条件提取.docx,地面站考试真题（2026年1月-6月）/地面站避让点题型/避让点题型-考试条件提取.docx,44,121,603,河北03考场,河北,03考场,2026-06-10,5,经纬度换算;航向方位判断;避让点规划;速度高度参数设置;转弯停留循环设置;几何图形航线规划;题型:地面站避让点,doc_condition_count_mismatch;source_gap,"河北03考场地面站真题 | 日期：2026.06.10
(一) 规划一个闭合六边形并循环执行，边长为a,①②③航点 相对地面高度为b,④⑤⑥航点相对地面高度为c,水平速度为d,垂 直速度为e,转弯方式为停止转弯，各点停留时间为f;
(二) a值为300米，b值为30米，c值为25m,d值为4m/s, e值为2m/s,f值为2s。
1、 题卡图形1号点经纬度： N:26°25′24"" 3 E:120°16'18”
2、 起飞后需向SE方向飞行500 6 米到达""避让点""再执行航线任务。避让点高度为80米。 1 题卡图形1号点位于“避让点” NW方向600米处。
3、 题卡图形2号点到题卡图形1 号点南偏西20度。"
gsec_f56c500261a8,qbank_32b37a2f20be,doc_3c8542fa3ac3,实操题库_地面站考试条件_2026H1_地面站避让点题型.txt_44,实操题库_地面站考试条件_2026H1_地面站避让点题型.txt,2026H1,2026H1,2026-01-01,2026-06-30,CAAC执照考试地面站实操真题考试条件,地面站避让点题型,避让点题型-考试条件提取.docx,地面站考试真题（2026年1月-6月）/地面站避让点题型/避让点题型-考试条件提取.docx,45,121,603,河北03考场,河北,03考场,2026-06-10,5,经纬度换算;航向方位判断;避让点规划;速度高度参数设置;转弯停留循环设置;几何图形航线规划;题型:地面站避让点,doc_condition_count_mismatch;source_gap,"河北03考场地面站真题 | 日期：2026.06.10
(一) 规划一个闭合六边形并循环执行，边长为a,①②③航点 相对地面高度为b,④⑤⑥航点相对地面高度为c,水平速度为d, 垂直速度为e,转弯方式为停止转弯，各点停留时间为f;
(二) a值为300米，b值为35米，c值为25m,d值为4m/s, e值为2m/s,f值为2s。
一、 题卡图形2号点经纬度： N:37°40'50 E:115°34'40(零误差)
二、 起飞后需向NE方向飞行 500米到达“避让点”再执行 航线任务。避让点高度为80米 题卡图形1号点位于“避让点” NW方向400米处。
三、 题卡图形2号点到题卡图 形1号点南偏东15度。"
gsec_b789e4314868,qbank_32b37a2f20be,doc_3c8542fa3ac3,实操题库_地面站考试条件_2026H1_地面站避让点题型.txt_45,实操题库_地面站考试条件_2026H1_地面站避让点题型.txt,2026H1,2026H1,2026-01-01,2026-06-30,CAAC执照考试地面站实操真题考试条件,地面站避让点题型,避让点题型-考试条件提取.docx,地面站考试真题（2026年1月-6月）/地面站避让点题型/避让点题型-考试条件提取.docx,46,121,603,河北03考场,河北,03考场,2026-06-10,5,经纬度换算;航向方位判断;避让点规划;速度高度参数设置;转弯停留循环设置;几何图形航线规划;题型:地面站避让点,doc_condition_count_mismatch;source_gap,"河北03考场地面站真题 | 日期：2026.06.10
(一) 规划扫描航线要求闭合不循环，航线长度为a,航线间隔为b, 航线相对地面高度为c,水平速度为d,垂直速度为e,转弯模式为协调 转弯；
(二) a值建议为300米，b值建议为100米，c值建议为300m,d值建 议为2m/s,e值建议为2m/s。
1、 题卡图形3号点经纬度： N:37°40'50"" E:115°34'40” (零误差)
2、 起飞后需向SW方向飞行600 米到达""避让点""再执行航线任 务。避让点高度为320米。 题卡图形1号点到""避让点""为 4) SE方向300米。
3、 题卡图形2号点位于题卡图 形3号点东偏南20度。"
gsec_19e3a5a08f9f,qbank_32b37a2f20be,doc_3c8542fa3ac3,实操题库_地面站考试条件_2026H1_地面站避让点题型.txt_46,实操题库_地面站考试条件_2026H1_地面站避让点题型.txt,2026H1,2026H1,2026-01-01,2026-06-30,CAAC执照考试地面站实操真题考试条件,地面站避让点题型,避让点题型-考试条件提取.docx,地面站考试真题（2026年1月-6月）/地面站避让点题型/避让点题型-考试条件提取.docx,47,121,603,河北03考场,河北,03考场,2026-06-10,5,经纬度换算;航向方位判断;夹角计算;避让点规划;速度高度参数设置;转弯停留循环设置;几何图形航线规划;题型:地面站避让点,doc_condition_count_mismatch;source_gap,"河北03考场地面站真题 | 日期：2026.06.10
(一) 按图规划一个闭合四边形并循环执行，②③边边长为a,①④ 边边长为，∠②=∠①=90°，∠④=60°。航线相对地面高度为c,水平速度 为d,垂直速度为e,转弯棋式为停止转弯，停留时间5s;
(二) a值建议为200米，b值建议为300米，c值建议为300m,d值 建议为3m/s,e值建议为2m/s。
1、 题卡图形4号点经纬度： E:115°34'40 N:37°40'50 (零误差)
2、 起飞后需向NW方向飞行 600米到达“避让点”后再执行 航线任务。避让点高度为330米 题卡图形1号点到“避让点”为 SE方向500米处。
3、 题卡图形2号点位于题卡 图形3号点北偏西20度。"
gsec_23bb3da7472f,qbank_32b37a2f20be,doc_3c8542fa3ac3,实操题库_地面站考试条件_2026H1_地面站避让点题型.txt_47,实操题库_地面站考试条件_2026H1_地面站避让点题型.txt,2026H1,2026H1,2026-01-01,2026-06-30,CAAC执照考试地面站实操真题考试条件,地面站避让点题型,避让点题型-考试条件提取.docx,地面站考试真题（2026年1月-6月）/地面站避让点题型/避让点题型-考试条件提取.docx,48,121,603,河北03考场,河北,03考场,2026-06-10,5,经纬度换算;航向方位判断;夹角计算;避让点规划;速度高度参数设置;转弯停留循环设置;几何图形航线规划;题型:地面站避让点,doc_condition_count_mismatch;source_gap,"河北03考场地面站真题 | 日期：2026.06.10
(一) 规划一个闭合五边形并循环执行，①②、②③、①⑤边的边长为a, ∠②=∠①为90°，∠④=90°。航线相对地面高度为b,水平速度为c,垂直速 度为d,转弯模式为停止转弯，各点停留时间为e；
(二) a值为300米，b值为300米，c值为3m/s,d值为2m/s,e值为10s
一、 题卡图形1号点经纬度： N:37°40'50"" E:115°34'40” (零误差)
二、 起飞后需向SE方向飞行600 米到达""避让点""再执行航线任务。 避让点高度为325米。 题卡图形1号点位于""避让点"" NW方向500米处。
三、 题卡图形3号点到题卡图形2 号点西偏南25度。"
gsec_3b224bd0a6fd,qbank_32b37a2f20be,doc_3c8542fa3ac3,实操题库_地面站考试条件_2026H1_地面站避让点题型.txt_48,实操题库_地面站考试条件_2026H1_地面站避让点题型.txt,2026H1,2026H1,2026-01-01,2026-06-30,CAAC执照考试地面站实操真题考试条件,地面站避让点题型,避让点题型-考试条件提取.docx,地面站考试真题（2026年1月-6月）/地面站避让点题型/避让点题型-考试条件提取.docx,49,121,603,河北04考场,河北,04考场,2026-05-25,5,经纬度换算;航向方位判断;避让点规划;速度高度参数设置;转弯停留循环设置;几何图形航线规划;题型:地面站避让点,doc_condition_count_mismatch;source_gap,"河北04考场地面站真题 | 日期：2026.05.25
(一) 按图规划一个手动闭合的任务航线，航线执行6次，①③、 ②③、②④、①④边长为300米，①点相对地面高度为a,②点相对 地面高度为b，③点相对地面高度为c，④点相对地面高度为d, 水平速度为e，垂直速度为f，转弯模式为停止转弯，停留时间7s;
(二) a值为20米，b值为25米，c值为30m,d值为20m, e值为5m/s,f值为3m/s。
1、 避让点经纬度： N:37°29'28"" E:113°4618”
2、 起飞后需向SE方向飞行600 米到达“避让点”再执行航线任 务。避让点高度为80米。 题卡图形1号点位于”避让点” SW方向500米处。
3、 题卡图形3号点到题卡图形2 号点西偏南30度。"
gsec_2834b721bfab,qbank_32b37a2f20be,doc_3c8542fa3ac3,实操题库_地面站考试条件_2026H1_地面站避让点题型.txt_49,实操题库_地面站考试条件_2026H1_地面站避让点题型.txt,2026H1,2026H1,2026-01-01,2026-06-30,CAAC执照考试地面站实操真题考试条件,地面站避让点题型,避让点题型-考试条件提取.docx,地面站考试真题（2026年1月-6月）/地面站避让点题型/避让点题型-考试条件提取.docx,50,121,603,河北04考场,河北,04考场,2026-05-25,5,经纬度换算;航向方位判断;避让点规划;速度高度参数设置;转弯停留循环设置;几何图形航线规划;题型:地面站避让点,doc_condition_count_mismatch;source_gap,"河北04考场地面站真题 | 日期：2026.05.25
(一) 规划一个手动闭合正六边形航线，航线执行5次，边长为a, ①②③航点相对地面高度为b，④⑤⑥航点相对地面高度为c，水平速 度为d,垂直速度为e,转弯方式为停止转弯，各点停留时间为f；
(二) a值为300米，b值为35米，c值为25m,d值为5m/s, e值为3m/s,f值为5s。
1、 题卡图形2号点经纬度： 5 N:38°25′26"" E:114°12'12""
2、 起飞后需向SE方向飞 行300米到达“避让点” 再执行航线任务。避让 点高度为80米。 题卡图形1号点位于“避 让点”SW方向300米处。
3、 题卡图形2号点到题卡 图形1号点南偏西20度。"
gsec_4630f2b6fe28,qbank_32b37a2f20be,doc_3c8542fa3ac3,实操题库_地面站考试条件_2026H1_地面站避让点题型.txt_50,实操题库_地面站考试条件_2026H1_地面站避让点题型.txt,2026H1,2026H1,2026-01-01,2026-06-30,CAAC执照考试地面站实操真题考试条件,地面站避让点题型,避让点题型-考试条件提取.docx,地面站考试真题（2026年1月-6月）/地面站避让点题型/避让点题型-考试条件提取.docx,51,121,603,河北04考场,河北,04考场,2026-05-25,6,经纬度换算;航向方位判断;避让点规划;空域地形限制处理;速度高度参数设置;转弯停留循环设置;几何图形航线规划;题型:地面站避让点,doc_condition_count_mismatch;source_gap,"河北04考场地面站真题 | 日期：2026.05.25
(一) 规划一个手动闭合正六边形，边长为a,①②③航点相对 地面高度为b，④⑤⑥航点相对地面高度为c，水平速度为d,垂直 速度为e,转弯方式为协调转弯，航线执行次数为g；
(二) a值为300米，b值为80米，c值为50米，d值为3米/秒， e值为2米/秒，g值为5次。
一、 任务航线的航点②经纬度为： N:38°25′17"" E:113°12'17”
二、 由于空域限制：起飞后需向NE方向 飞行300米到达“避让点”后再执行任务 航线，”避让点”高度为110米。
三、 任务航线的航点①到“避让点”的 航线方向为NW,距离300米。
四、 任务航线的航点②位于任务航线的 航点①西偏南15度方向"
gsec_821720ca1fab,qbank_32b37a2f20be,doc_3c8542fa3ac3,实操题库_地面站考试条件_2026H1_地面站避让点题型.txt_51,实操题库_地面站考试条件_2026H1_地面站避让点题型.txt,2026H1,2026H1,2026-01-01,2026-06-30,CAAC执照考试地面站实操真题考试条件,地面站避让点题型,避让点题型-考试条件提取.docx,地面站考试真题（2026年1月-6月）/地面站避让点题型/避让点题型-考试条件提取.docx,52,121,603,河北04考场,河北,04考场,2026-05-25,6,经纬度换算;航向方位判断;避让点规划;空域地形限制处理;速度高度参数设置;转弯停留循环设置;题型:地面站避让点,doc_condition_count_mismatch;source_gap,"河北04考场地面站真题 | 日期：2026.05.25
(一) 规划扫描航线要求不闭合，航线长度为a,航线间隔为b, 航线相对地面高度为c,水平速度为d,垂直速度为e,转弯模式为停 止转弯，各点停留时间为f,航线执行次数为g;
(二) a值为300米，b值为100米，c值为100米，d值为3米/秒， e值为3米/秒，f值为6秒，g值为3次。
一、 任务航线的航点⑦经纬度： N:29°36′36” E:140°12'15""
二、 由于空域限制：起飞后需向SE 方向飞行100米到达“避让点”后 再执行任务航线，“避让点”高度 为120米。
三、 任务航线的航点①位于“避让 点”SW方向，距离500米。
四、 任务航线的航点②到任务航线 的航点①的航线方向为西偏北25度"
gsec_2c6d9afb0a68,qbank_32b37a2f20be,doc_3c8542fa3ac3,实操题库_地面站考试条件_2026H1_地面站避让点题型.txt_52,实操题库_地面站考试条件_2026H1_地面站避让点题型.txt,2026H1,2026H1,2026-01-01,2026-06-30,CAAC执照考试地面站实操真题考试条件,地面站避让点题型,避让点题型-考试条件提取.docx,地面站考试真题（2026年1月-6月）/地面站避让点题型/避让点题型-考试条件提取.docx,53,121,603,河北04考场,河北,04考场,2026-05-25,5,经纬度换算;航向方位判断;夹角计算;避让点规划;速度高度参数设置;转弯停留循环设置;几何图形航线规划;题型:地面站避让点,doc_condition_count_mismatch;source_gap,"河北04考场地面站真题 | 日期：2026.05.25
(一) 按图规划一个手动闭合直角梯形，航线执行10次，①②、 ②③边长为a,①④边边长为b，∠②=∠①=90°航线相对地面高度为c ，水平速度为d，垂直速度为e,转弯模式为停止转弯，各点停留时 间15s;
(二) a值为200米，b值为300米，c值为300m,d值为 6m/s,e值为2m/s。
1、 题卡图形4号点经纬度： N:35°35′32” E:110°13′14”
2、 起飞后需向NW方向飞行 600米到达“避让点”再执行 航线任务。避让点高度为90米 题卡图形1号点到“避让点”为 SE方向500米处
3、 题卡图形2号点位于题卡图 形3号点北偏西20度。"
gsec_ed96e0cb8b6e,qbank_32b37a2f20be,doc_3c8542fa3ac3,实操题库_地面站考试条件_2026H1_地面站避让点题型.txt_53,实操题库_地面站考试条件_2026H1_地面站避让点题型.txt,2026H1,2026H1,2026-01-01,2026-06-30,CAAC执照考试地面站实操真题考试条件,地面站避让点题型,避让点题型-考试条件提取.docx,地面站考试真题（2026年1月-6月）/地面站避让点题型/避让点题型-考试条件提取.docx,54,121,603,河北04考场,河北,04考场,2026-05-25,5,经纬度换算;航向方位判断;夹角计算;避让点规划;速度高度参数设置;转弯停留循环设置;几何图形航线规划;题型:地面站避让点,doc_condition_count_mismatch;source_gap,"河北04考场地面站真题 | 日期：2026.05.25
(一) 规划一个手动闭合五边形，航线执行15次，①②、②③、①⑤边的边长 为a,∠②=∠①为90°，∠④=90°③④、④⑤边长相等。航线相对地面高度为b, 水平速度为c，垂直速度为d,转弯模式为停止转弯，各点停留时间为e;
(二) a值为300米，b值为300米，c值为6ms,d值为4ms,e值为10s。
1、 题卡图形1号点经纬度： N:36°36'15""” E:112°43'12
2、 起飞后需向SE方向飞 行600米到达“避让点” 再执行航线任务，避让点 高度为110米。 题卡图形1号点位于“避让 点”NW方向500米处
3、 题卡图形3号点到题卡 图形2号点西偏南25度。"
gsec_dc26e5b913d5,qbank_32b37a2f20be,doc_3c8542fa3ac3,实操题库_地面站考试条件_2026H1_地面站避让点题型.txt_54,实操题库_地面站考试条件_2026H1_地面站避让点题型.txt,2026H1,2026H1,2026-01-01,2026-06-30,CAAC执照考试地面站实操真题考试条件,地面站避让点题型,避让点题型-考试条件提取.docx,地面站考试真题（2026年1月-6月）/地面站避让点题型/避让点题型-考试条件提取.docx,55,121,603,河南01考场,河南,01考场,2026-06-02,5,经纬度换算;航向方位判断;速度高度参数设置;转弯停留循环设置;几何图形航线规划;题型:地面站避让点,doc_condition_count_mismatch;source_gap,"河南01考场地面站真题 | 日期：2026.06.02
(一) 规划一个闭合六边形并循环执行，边长为a,①②③航点 相对地面高度为b，④⑤⑥航点相对地面高度为c,水平速度为， 垂直速度为e,转弯方式为停止转弯，各点停留时间为f;
(二) a值为300米，b值为35米，c值为25m,d值为4m/s, e值为3m/s,f值为2s。
一、 提卡图形④经纬度： 3 N:78°25′25"" E:21°22'23
二、 起飞后需向NE方向飞 行500米到达“过渡点” 再执行航线任务。过渡点 高度为110米 题卡图形①号点到“过渡 点”的方向为SE,距离40 0米
三、 题卡图形③号点位于 题卡图形④号点南偏东30°"
gsec_9363498d7f89,qbank_32b37a2f20be,doc_3c8542fa3ac3,实操题库_地面站考试条件_2026H1_地面站避让点题型.txt_55,实操题库_地面站考试条件_2026H1_地面站避让点题型.txt,2026H1,2026H1,2026-01-01,2026-06-30,CAAC执照考试地面站实操真题考试条件,地面站避让点题型,避让点题型-考试条件提取.docx,地面站考试真题（2026年1月-6月）/地面站避让点题型/避让点题型-考试条件提取.docx,56,121,603,河南01考场,河南,01考场,2026-05-17,5,经纬度换算;航向方位判断;夹角计算;避让点规划;空域地形限制处理;速度高度参数设置;转弯停留循环设置;几何图形航线规划;起飞返航点定位;题型:地面站避让点,doc_condition_count_mismatch;source_gap,"河南01考场地面站真题 | 日期：2026.05.17
(一) 规划一个闭合等边三角形并循环执行，边长为a，所有航线相对地 面高度为b，水平速度为c,垂直速度为d，转弯方式为停止转弯，停留时间 为f;
(二) a值为100米，b值为50米，c值为5m/s,d值为3m/s,f值为 7s0
一、 起飞点经纬度： N:34°50'27"" E:113°15′29
二、 由于空域限制，起飞后 需先向SW方向平飞500米 到达“避让点”，再执行 航线任务。 提卡图形1号点到避让点航 向为NE方向距离300米处
三、 题卡图形2号点位于题 卡图形3号点西偏南15°。"
gsec_c36f45dd56ba,qbank_32b37a2f20be,doc_3c8542fa3ac3,实操题库_地面站考试条件_2026H1_地面站避让点题型.txt_56,实操题库_地面站考试条件_2026H1_地面站避让点题型.txt,2026H1,2026H1,2026-01-01,2026-06-30,CAAC执照考试地面站实操真题考试条件,地面站避让点题型,避让点题型-考试条件提取.docx,地面站考试真题（2026年1月-6月）/地面站避让点题型/避让点题型-考试条件提取.docx,57,121,603,河南01考场,河南,01考场,2026-06-02,5,经纬度换算;航向方位判断;速度高度参数设置;转弯停留循环设置;几何图形航线规划;题型:地面站避让点,doc_condition_count_mismatch;source_gap,"河南01考场地面站真题 | 日期：2026.06.02
(一) 规划扫描航线要求闭合不循环，航线长度为a,航线间隔 为b,航线相对地面高度为c,水平速度为d,垂直速度为e,转弯方 式为协调转弯；
(二) a值为300米，b值为100米，c值为300m,d值为3m/s, e值为2m/s。
一： 题卡图形③号点经纬度： 12 N:78°29'28 E:21°22'23
二： 起飞后需向SW方向飞行 600米到达”过渡点“再执行 航线任务。过度点高度为320 米 题卡图形①号点到”过渡点 1 为SE方向500米处
三： 题卡图形②点到题卡图形 ①号点东偏南20度。"
gsec_05ec1fc02ce6,qbank_32b37a2f20be,doc_3c8542fa3ac3,实操题库_地面站考试条件_2026H1_地面站避让点题型.txt_57,实操题库_地面站考试条件_2026H1_地面站避让点题型.txt,2026H1,2026H1,2026-01-01,2026-06-30,CAAC执照考试地面站实操真题考试条件,地面站避让点题型,避让点题型-考试条件提取.docx,地面站考试真题（2026年1月-6月）/地面站避让点题型/避让点题型-考试条件提取.docx,58,121,603,河南01考场,河南,01考场,2026-06-02,5,经纬度换算;航向方位判断;夹角计算;速度高度参数设置;转弯停留循环设置;几何图形航线规划;题型:地面站避让点,doc_condition_count_mismatch;source_gap,"河南01考场地面站真题 | 日期：2026.06.02
(一) 按图规划一个闭合四边形并循环执行，①②，②③边长为a, ①④边长为b,∠②=∠①=90°，航线相对地面高度为c,水平速度 为d，垂直速度为e,转弯模式为停止转弯，停留时间5s;
(二) a值为300米，b值为420米，c值为300m,d值为 3m/s,e值为2m/s。
一、 题卡图形④号点经纬度： N:28°29'30 E:58°27'28""
二、 起飞后需向西偏北30° 方向飞行650米到达“过渡 点”再执行航线任务。过渡 点高度为320米。 题卡图形①号点到“过渡 点”为SW方向，距离450米。
三、 题卡图形②号点位于 题卡图形③号点北偏西45"
gsec_883a9e3a82ca,qbank_32b37a2f20be,doc_3c8542fa3ac3,实操题库_地面站考试条件_2026H1_地面站避让点题型.txt_58,实操题库_地面站考试条件_2026H1_地面站避让点题型.txt,2026H1,2026H1,2026-01-01,2026-06-30,CAAC执照考试地面站实操真题考试条件,地面站避让点题型,避让点题型-考试条件提取.docx,地面站考试真题（2026年1月-6月）/地面站避让点题型/避让点题型-考试条件提取.docx,59,121,603,河南02考场,河南,02考场,2026-06-05,5,经纬度换算;航向方位判断;避让点规划;速度高度参数设置;转弯停留循环设置;几何图形航线规划;题型:地面站避让点,doc_condition_count_mismatch;source_gap,"河南02考场地面站真题 | 日期：2026.06.05
(一) 按图规划一个手动闭合的任务航线，航线执行4次，①③、 ②③、②④、①④边长为300米，①点相对地面高度为a,②点相对地 面高度为b，③点相对地面高度为c，④点相对地面高度为d,水平 速度为e，垂直速度为f，转弯模式为停止转弯，停留时间7s;
(二) a值为24米，b值为21米，c值为37m,d值为18m, e值为5m/s,f值为3m/s。
1、 避让点经纬度： N:36°22'48” E:103°41'48""
2、 起飞后需向NW方向飞行 132米到达""避让点""再执行航 线任务。避让点高度为79米。 题卡图形1号点位于""避让点” SW方向352米处。
3、 题卡图形1号点到题卡图形2 号点西南偏南30度。"
gsec_594870096b7a,qbank_32b37a2f20be,doc_3c8542fa3ac3,实操题库_地面站考试条件_2026H1_地面站避让点题型.txt_59,实操题库_地面站考试条件_2026H1_地面站避让点题型.txt,2026H1,2026H1,2026-01-01,2026-06-30,CAAC执照考试地面站实操真题考试条件,地面站避让点题型,避让点题型-考试条件提取.docx,地面站考试真题（2026年1月-6月）/地面站避让点题型/避让点题型-考试条件提取.docx,60,121,603,河南02考场,河南,02考场,2026-06-05,5,经纬度换算;航向方位判断;夹角计算;避让点规划;空域地形限制处理;速度高度参数设置;转弯停留循环设置;几何图形航线规划;题型:地面站避让点,doc_condition_count_mismatch;source_gap,"河南02考场地面站真题 | 日期：2026.06.05
(一) 规划一个手动闭合等边三角形，边长为a,所有航线相对地面高度为b, 水平速度为c，垂直速度为d，转弯方式为停止转弯，停留时间为f,航线执行次 数为g;
(二) a值为100米，b值为55米，c值为5m/s,d值为2m/s,f值为8秒， g值为4次。
一、 题卡图形的航点②经纬度： N:34°29'43"" E:113°16′02”
二、 由于空域限制，飞机不能由起 飞点直飞题卡图形航点①，需先向 NW方向保持高度100米平飞400米 距离到达避让点，再向NE方向飞 行200米到达题卡图形的航点①。
三、 西南风题卡图形航点①到题卡 图形航点②是顺风方向。"
gsec_1660ea9ac04c,qbank_32b37a2f20be,doc_3c8542fa3ac3,实操题库_地面站考试条件_2026H1_地面站避让点题型.txt_60,实操题库_地面站考试条件_2026H1_地面站避让点题型.txt,2026H1,2026H1,2026-01-01,2026-06-30,CAAC执照考试地面站实操真题考试条件,地面站避让点题型,避让点题型-考试条件提取.docx,地面站考试真题（2026年1月-6月）/地面站避让点题型/避让点题型-考试条件提取.docx,61,121,603,河南02考场,河南,02考场,2026-05-29,5,经纬度换算;航向方位判断;夹角计算;速度高度参数设置;转弯停留循环设置;几何图形航线规划;起飞返航点定位;题型:地面站避让点,doc_condition_count_mismatch;source_gap,"河南02考场地面站真题 | 日期：2026.05.29
(一) 按图规划一个闭合四边形并循环执行，①②，②③边长为a, ①④边长为b,∠②=∠①=90·，航线相对地面高度为c,水平速度 为d，垂直速度为e,转弯模式为停止转弯，停留时间5s;
(二) a值为300米，b值为420米，c值为300m,d值为 3m/s,e值为2m/s。
一： 起飞点经纬度： E:28°29'30"" N:26°27'28""
二： 起飞后需向东南方向 飞行650米到达“过渡点” 再执行航线任务。过渡点 高度为300米 “过渡点”到题卡图形①点 为SW方向，距离450米处
三： 题卡图形2号点位于题 卡图形1号点东偏北45°。"
gsec_554d8c09a26c,qbank_32b37a2f20be,doc_3c8542fa3ac3,实操题库_地面站考试条件_2026H1_地面站避让点题型.txt_61,实操题库_地面站考试条件_2026H1_地面站避让点题型.txt,2026H1,2026H1,2026-01-01,2026-06-30,CAAC执照考试地面站实操真题考试条件,地面站避让点题型,避让点题型-考试条件提取.docx,地面站考试真题（2026年1月-6月）/地面站避让点题型/避让点题型-考试条件提取.docx,62,121,603,河南02考场,河南,02考场,2026-05-29,4,经纬度换算;航向方位判断;夹角计算;避让点规划;速度高度参数设置;转弯停留循环设置;几何图形航线规划;题型:地面站避让点,doc_condition_count_mismatch;source_gap,"河南02考场地面站真题 | 日期：2026.05.29
(一) 规划一个闭合五边形并循环执行，①②、②③、①⑤边的边长为a, ∠②=∠①为90°，∠④=90°。航线相对地面高度为b,水平速度为c,垂直 速度为d,转弯模式为停止转弯，各点停留时间为e;
(二) a值为300米，b值为310米，c值为3m/s,d值为2mls,e 值为10s。
二： 起飞后需向SE方向飞行 650米到达“避让点”再执 行航线任务，避让点高度为 335米 “避让点”位于题卡图形1号 点SW方向435米处。
三： 题卡图形3号点到题卡 图形2号点西偏南25度。"
gsec_1280daf19459,qbank_32b37a2f20be,doc_3c8542fa3ac3,实操题库_地面站考试条件_2026H1_地面站避让点题型.txt_62,实操题库_地面站考试条件_2026H1_地面站避让点题型.txt,2026H1,2026H1,2026-01-01,2026-06-30,CAAC执照考试地面站实操真题考试条件,地面站避让点题型,避让点题型-考试条件提取.docx,地面站考试真题（2026年1月-6月）/地面站避让点题型/避让点题型-考试条件提取.docx,63,121,603,河南02考场,河南,02考场,2026-06-05,5,经纬度换算;航向方位判断;夹角计算;避让点规划;速度高度参数设置;转弯停留循环设置;几何图形航线规划;题型:地面站避让点,doc_condition_count_mismatch;source_gap,"河南02考场地面站真题 | 日期：2026.06.05
(一) 规划一个手动闭合五边形，航线执行11次，①②、②③、①⑤边的边长 为a,∠②=∠①为90°，∠④=90°③④、④⑤边长相等。航线相对地面高度为b, 水平速度为c，垂直速度为d,转弯模式为停止转弯，各点停留时间为e；
(二) a值为300米，b值为300米，c值为6m/s,d值为4ms,e值为13s。
1、 题卡图形1号点经纬度： N:36°26'45"" E:111°23′42""
2、 起飞后需向NW方向飞行 234米到达""避让点""再执行航 线任务。避让点高度为312米。 题卡图形1号点位于""避让点” SE方向184米处。
3、 题卡图形3号点到题卡图形2 号点西南偏南25度。"
gsec_f3be363f43fb,qbank_32b37a2f20be,doc_3c8542fa3ac3,实操题库_地面站考试条件_2026H1_地面站避让点题型.txt_63,实操题库_地面站考试条件_2026H1_地面站避让点题型.txt,2026H1,2026H1,2026-01-01,2026-06-30,CAAC执照考试地面站实操真题考试条件,地面站避让点题型,避让点题型-考试条件提取.docx,地面站考试真题（2026年1月-6月）/地面站避让点题型/避让点题型-考试条件提取.docx,64,121,603,黑龙江01考场,黑龙江,01考场,2026-04-24,5,经纬度换算;航向方位判断;避让点规划;空域地形限制处理;速度高度参数设置;转弯停留循环设置;几何图形航线规划;题型:地面站避让点,doc_condition_count_mismatch;source_gap,"黑龙江01考场地面站真题 | 日期：2026.04.24
(一) 按图规划一个闭合的任务航线并循环执行，①③、②③、 ②④、①④边长为300米，①点相对地面高度为a，②点相对地面高 度为b，③点相对地面高度为c，④点相对地面高度为d,水平速度 为e，垂直速度为f，转弯模式为停止转弯，停留时间2s;
(二) a值为20米，b值为25米，c值为30m,d值为20m, e值为2m/s,f值为2m/s。
1、 “避让点”经纬度： N:27°46'36” E:123°12'17""
2、 空域限制：起飞后需 向SW方向飞行600米到 达“避让点”再执行航线 任务。左图2号点位于此 点NW方向500米处。
3、 当地风向：东南风 3-2逆风飞行"
gsec_353e2218a332,qbank_32b37a2f20be,doc_3c8542fa3ac3,实操题库_地面站考试条件_2026H1_地面站避让点题型.txt_64,实操题库_地面站考试条件_2026H1_地面站避让点题型.txt,2026H1,2026H1,2026-01-01,2026-06-30,CAAC执照考试地面站实操真题考试条件,地面站避让点题型,避让点题型-考试条件提取.docx,地面站考试真题（2026年1月-6月）/地面站避让点题型/避让点题型-考试条件提取.docx,65,121,603,黑龙江01考场,黑龙江,01考场,2026-04-24,5,经纬度换算;航向方位判断;避让点规划;空域地形限制处理;速度高度参数设置;转弯停留循环设置;几何图形航线规划;题型:地面站避让点,doc_condition_count_mismatch;source_gap,"黑龙江01考场地面站真题 | 日期：2026.04.24
(一) 规划一个闭合六边形并循环执行，边长为a,①②③航点 相对地面高度为b,④⑤⑥航点相对地面高度为c,水平速度为d,垂 直速度为e，转弯方式为停止转弯，各点停留时间为f；
(二) a值为300米，b值为30米，c值为25m,d值为4m/s, e值为2m/s,f值为2s。
一、 “避让”点经纬度： N:36.2547° 3 E:114.4306°
二、 由于空域限制，飞机 需先向SW方向平飞800 米到达“避让”点，再向SE 方向平飞700米，到左图航 线的航点1
三、 左图航点3位于2点西 偏南20度"
gsec_ea0eda9fcbc5,qbank_32b37a2f20be,doc_3c8542fa3ac3,实操题库_地面站考试条件_2026H1_地面站避让点题型.txt_65,实操题库_地面站考试条件_2026H1_地面站避让点题型.txt,2026H1,2026H1,2026-01-01,2026-06-30,CAAC执照考试地面站实操真题考试条件,地面站避让点题型,避让点题型-考试条件提取.docx,地面站考试真题（2026年1月-6月）/地面站避让点题型/避让点题型-考试条件提取.docx,66,121,603,黑龙江01考场,黑龙江,01考场,2026-06-10,6,经纬度换算;航向方位判断;避让点规划;速度高度参数设置;转弯停留循环设置;几何图形航线规划;题型:地面站避让点,doc_condition_count_mismatch;source_gap,"黑龙江01考场地面站真题 | 日期：2026.06.10
(一) 规划一个闭合六边形航线，不循环执行，边长为a, ①②③航点相对地面高度为b,④⑤⑥航点相对地面高度为c,水 平速度为d,垂直速度为e,转弯方式为停止转弯，各点停留时间 为f;
(二) a值为300米，b值为35米，c值为25m,d值为4m/s, e值为2m/s,f值为2s。
1、 题卡图形2号点经纬度： 3 N:26°25'26 E:120°12'12”“
2、 起飞后需向SE方向飞行
6) 500米到达""避让点""再执行航 线任务。避让点高度为80米。 题卡图形1号点位于""避让点"" SW方向400米处。
3、 题卡图形2号点到题卡图形 1号点南偏东15度。"
gsec_6460b56e0527,qbank_32b37a2f20be,doc_3c8542fa3ac3,实操题库_地面站考试条件_2026H1_地面站避让点题型.txt_66,实操题库_地面站考试条件_2026H1_地面站避让点题型.txt,2026H1,2026H1,2026-01-01,2026-06-30,CAAC执照考试地面站实操真题考试条件,地面站避让点题型,避让点题型-考试条件提取.docx,地面站考试真题（2026年1月-6月）/地面站避让点题型/避让点题型-考试条件提取.docx,67,121,603,黑龙江01考场,黑龙江,01考场,2026-04-24,5,经纬度换算;航向方位判断;夹角计算;避让点规划;空域地形限制处理;速度高度参数设置;转弯停留循环设置;几何图形航线规划;题型:地面站避让点,doc_condition_count_mismatch;source_gap,"黑龙江01考场地面站真题 | 日期：2026.04.24
(一) 规划一个闭合等边三角形并循环执行，边长为a，所有航线相对地面 高度为b，水平速度为c，垂直速度为d,转弯方式为停止转弯，停留时间5s;
(二) a值为50米，b值为50米，c值为3m/s,d值为2m/s。
一、 “避让”点经纬度： N:36.2547° E:114.4306°
二、 由于空域限制，飞 机需先向SW方向平飞 800米到达“避让”点， 再向SE方向平飞700 米，到左图航线的航点1
三、 左图航点3位于2点 西偏南20度"
gsec_4b2d1500a9ff,qbank_32b37a2f20be,doc_3c8542fa3ac3,实操题库_地面站考试条件_2026H1_地面站避让点题型.txt_67,实操题库_地面站考试条件_2026H1_地面站避让点题型.txt,2026H1,2026H1,2026-01-01,2026-06-30,CAAC执照考试地面站实操真题考试条件,地面站避让点题型,避让点题型-考试条件提取.docx,地面站考试真题（2026年1月-6月）/地面站避让点题型/避让点题型-考试条件提取.docx,68,121,603,黑龙江01考场,黑龙江,01考场,2026-04-24,4,经纬度换算;航向方位判断;避让点规划;空域地形限制处理;速度高度参数设置;转弯停留循环设置;题型:地面站避让点,doc_condition_count_mismatch;source_gap,"黑龙江01考场地面站真题 | 日期：2026.04.24
(一) 规划一个扫描航线并循环执行。航线长度为a,航线间隔 为b，航线相对地面高度为c,水平速度为d,垂直速度为e,转弯模式 为停止转弯，停留时间为f；
(二) a值为300米，b值为100米，c值为25m,d值为4m/s, e值为2m/s,f值为2s。
二、 由于空域限制，飞 机需先向SW方向平飞 800米到达“避让”点， 3 再向SE方向平飞700 米，到左图航线的航点2
三、 左图航点3位于2点 西偏南20度"
gsec_969d5fe44df4,qbank_32b37a2f20be,doc_3c8542fa3ac3,实操题库_地面站考试条件_2026H1_地面站避让点题型.txt_68,实操题库_地面站考试条件_2026H1_地面站避让点题型.txt,2026H1,2026H1,2026-01-01,2026-06-30,CAAC执照考试地面站实操真题考试条件,地面站避让点题型,避让点题型-考试条件提取.docx,地面站考试真题（2026年1月-6月）/地面站避让点题型/避让点题型-考试条件提取.docx,69,121,603,黑龙江01考场,黑龙江,01考场,2026-06-10,5,经纬度换算;航向方位判断;避让点规划;速度高度参数设置;转弯停留循环设置;几何图形航线规划;题型:地面站避让点,doc_condition_count_mismatch;source_gap,"黑龙江01考场地面站真题 | 日期：2026.06.10
(一) 规划扫描航线要求闭合不循环，航线长度为a,航线间隔 为b,航线相对地面高度为c,水平速度为d,垂直速度为e,转弯模 式为协调转弯；
(二) a值为300米，b值为100米，c值为300m,d值为3m/s,e值 为2m/s。
1、 题卡图形7号点经纬度： N:27°29'28"" E:120°36'12
2、 起飞后需向NW方向飞行 600米到达""避让点""再执行航 线任务。避让点高度为320米。 4 题卡图形1号点到""避让点""为 NE方向500米。
3、 题卡图形2号点位于题卡图 形3号点东偏南20度。"
gsec_a173969765a8,qbank_32b37a2f20be,doc_3c8542fa3ac3,实操题库_地面站考试条件_2026H1_地面站避让点题型.txt_69,实操题库_地面站考试条件_2026H1_地面站避让点题型.txt,2026H1,2026H1,2026-01-01,2026-06-30,CAAC执照考试地面站实操真题考试条件,地面站避让点题型,避让点题型-考试条件提取.docx,地面站考试真题（2026年1月-6月）/地面站避让点题型/避让点题型-考试条件提取.docx,70,121,603,黑龙江01考场,黑龙江,01考场,2026-06-10,5,经纬度换算;航向方位判断;夹角计算;避让点规划;速度高度参数设置;转弯停留循环设置;几何图形航线规划;题型:地面站避让点,doc_condition_count_mismatch;source_gap,"黑龙江01考场地面站真题 | 日期：2026.06.10
(一) 按图规划一个闭合四边形并循环执行，②③边长为，①④ 边长为b,∠②=∠①=90°，∠④=60°。航线相对地面高度为c,水平速度 为d,垂直速度为e,转弯模式为停止转弯，停留时间5s;
(二) a值为200米，b值为300米，c值为300m,d值为3m/s,e值为2m/s。
1、 题卡图形4号点经纬度： N:30°35′32"" E:120°13′14”
2、 起飞后需向NW方向飞行 600米到达“避让点”再执行航 线任务。避让点高度为330米。 题卡图形1号点到“避让点”为 SE方向500米。
3、 题卡图形2号点位于题卡 图形3号点北偏西20度。"
gsec_b8f14bf671e1,qbank_32b37a2f20be,doc_3c8542fa3ac3,实操题库_地面站考试条件_2026H1_地面站避让点题型.txt_70,实操题库_地面站考试条件_2026H1_地面站避让点题型.txt,2026H1,2026H1,2026-01-01,2026-06-30,CAAC执照考试地面站实操真题考试条件,地面站避让点题型,避让点题型-考试条件提取.docx,地面站考试真题（2026年1月-6月）/地面站避让点题型/避让点题型-考试条件提取.docx,71,121,603,黑龙江01考场,黑龙江,01考场,2026-06-10,5,经纬度换算;航向方位判断;夹角计算;避让点规划;空域地形限制处理;速度高度参数设置;转弯停留循环设置;几何图形航线规划;题型:地面站避让点,doc_condition_count_mismatch;source_gap,"黑龙江01考场地面站真题 | 日期：2026.06.10
(一) 与 的相对方位由委任代表根据 现场环境等情况进行决定。按图规划一个四边形并循环执行，①②边、 ②③边边长为a,③④边边长为b,∠②=∠③=90°。航线相对地面高度 为c,水平速度为d,垂直速度为e,转弯模式为停止转弯，停留时间5s;
(二) a值为200米，b值为300米，c值为100m,d值为5m/s,e值为 2m/。
1、 避让点经纬度： N:45°40'44.04"" E:123°27′24.12
2、 由于空域限制，起飞后 需向SE方向平飞200米到达 避让点，任务航线1号点位 于避让点SW方向距离80米。
3、 任务航点4-3航向角 NE45°。"
gsec_d318a96b0b53,qbank_32b37a2f20be,doc_3c8542fa3ac3,实操题库_地面站考试条件_2026H1_地面站避让点题型.txt_71,实操题库_地面站考试条件_2026H1_地面站避让点题型.txt,2026H1,2026H1,2026-01-01,2026-06-30,CAAC执照考试地面站实操真题考试条件,地面站避让点题型,避让点题型-考试条件提取.docx,地面站考试真题（2026年1月-6月）/地面站避让点题型/避让点题型-考试条件提取.docx,72,121,603,黑龙江01考场,黑龙江,01考场,2026-06-10,5,经纬度换算;航向方位判断;夹角计算;避让点规划;速度高度参数设置;转弯停留循环设置;几何图形航线规划;题型:地面站避让点,doc_condition_count_mismatch;source_gap,"黑龙江01考场地面站真题 | 日期：2026.06.10
(一) 按图规划一个闭合四边形并循环执行，②③边长为，①④ 边长为b,∠②=∠①=90°，∠④=60°。航线相对地面高度为c,水平速度 为d,垂直速度为e,转弯模式为停止转弯，停留时间5s;
(二) a值为200米，b值为300米，c值为300m,d值为3m/s,e值为2m/s。
1、 题卡图形4号点经纬度： N:30°35′32"" E:120°13′14”
2、 起飞后需向NW方向飞行 600米到达“避让点”再执行航 线任务。避让点高度为330米。 题卡图形1号点到“避让点”为 SE方向500米。
3、 题卡图形2号点位于题卡 图形3号点北偏西20度。"
gsec_ac5a4a035923,qbank_32b37a2f20be,doc_3c8542fa3ac3,实操题库_地面站考试条件_2026H1_地面站避让点题型.txt_72,实操题库_地面站考试条件_2026H1_地面站避让点题型.txt,2026H1,2026H1,2026-01-01,2026-06-30,CAAC执照考试地面站实操真题考试条件,地面站避让点题型,避让点题型-考试条件提取.docx,地面站考试真题（2026年1月-6月）/地面站避让点题型/避让点题型-考试条件提取.docx,73,121,603,湖北01考场,湖北,01考场,2026-05-26,5,经纬度换算;避让点规划;速度高度参数设置;转弯停留循环设置;几何图形航线规划;题型:地面站避让点,doc_condition_count_mismatch;source_gap,"湖北01考场地面站真题 | 日期：2026.05.26
(一) 按图规划一个闭合的任务航线并循环执行，①③、②③、 ②④、①④边长为300米，①点相对地面高度为a,②点相对地面高 度为b，③点相对地面高度为c，④点相对地面高度为d，水平速 度为e，垂直速度为f，转弯模式为停止转弯，停留时间2s；
(二) a值为20米，b值为25米，c值为30m,d值为20m, e值为2m/s,f值为2m/s。
1、 避让点经纬度： N:26°25'26” E:120°12'12”
2、 起飞后需向S方向飞行500 米到达""避让点""再执行航线任 务，避让点高度为50米。 题卡图形1号点位于""避让点” W方向400米处。
3、 题卡图形3号点到题卡图形 2号点北偏东5度"
gsec_e1db3f188812,qbank_32b37a2f20be,doc_3c8542fa3ac3,实操题库_地面站考试条件_2026H1_地面站避让点题型.txt_73,实操题库_地面站考试条件_2026H1_地面站避让点题型.txt,2026H1,2026H1,2026-01-01,2026-06-30,CAAC执照考试地面站实操真题考试条件,地面站避让点题型,避让点题型-考试条件提取.docx,地面站考试真题（2026年1月-6月）/地面站避让点题型/避让点题型-考试条件提取.docx,74,121,603,湖北01考场,湖北,01考场,2026-05-26,5,经纬度换算;航向方位判断;避让点规划;速度高度参数设置;转弯停留循环设置;几何图形航线规划;题型:地面站避让点,doc_condition_count_mismatch;source_gap,"湖北01考场地面站真题 | 日期：2026.05.26
(一) 规划一个闭合六边形并循环执行，边长为a,①②③航点 相对地面高度为b,④⑤⑥航点相对地面高度为c，水平速度为d, 垂直速度为e,转弯方式为停止转弯，各点停留时间为f;
(二) a值为300米，b值为35米，c值为25m,d值为4m/s, e值为2m/s,f值为2s。
1、 题卡图形2号点经纬度： N:26°25′26"" E:120°12'12”
2、 起飞后需向NE方向飞行500 米到达""避让点""再执行航线任 务，避让点高度为80米。 题卡图形1号点位于""避让点"" NW方向400米处。
3、 题卡图形2号点到题卡图形1 号点南偏东15度"
gsec_0aae0f598df8,qbank_32b37a2f20be,doc_3c8542fa3ac3,实操题库_地面站考试条件_2026H1_地面站避让点题型.txt_74,实操题库_地面站考试条件_2026H1_地面站避让点题型.txt,2026H1,2026H1,2026-01-01,2026-06-30,CAAC执照考试地面站实操真题考试条件,地面站避让点题型,避让点题型-考试条件提取.docx,地面站考试真题（2026年1月-6月）/地面站避让点题型/避让点题型-考试条件提取.docx,75,121,603,湖北01考场,湖北,01考场,2026-06-04,5,经纬度换算;航向方位判断;避让点规划;速度高度参数设置;转弯停留循环设置;几何图形航线规划;题型:地面站避让点,doc_condition_count_mismatch;source_gap,"湖北01考场地面站真题 | 日期：2026.06.04
(一) 规划一个闭合六边形航线，不循环执行，边长为a,①②③ 航点相对地面高度为b,④⑤⑥航点相对地面高度为c,水平速度为d, 垂直速度为e,转弯方式为停止转弯，各点停留时间为f;
(二) a值为300米，b值为35米，c值为25m,d值为4m/s,e值 为2m/s,f值为2s。
1、 题卡图形2号点经纬度： N:26°25′26"" E:120°12'12”
2、 起飞后需向SE方向飞行500 6 米到达""避让点""再执行航线任 务。避让点高度为80米。 题卡图形1号点位于""避让点"" SW方向400米处。
3、 题卡图形2号点到题卡图形1 号点南偏东15度。"
gsec_19e915f7240d,qbank_32b37a2f20be,doc_3c8542fa3ac3,实操题库_地面站考试条件_2026H1_地面站避让点题型.txt_75,实操题库_地面站考试条件_2026H1_地面站避让点题型.txt,2026H1,2026H1,2026-01-01,2026-06-30,CAAC执照考试地面站实操真题考试条件,地面站避让点题型,避让点题型-考试条件提取.docx,地面站考试真题（2026年1月-6月）/地面站避让点题型/避让点题型-考试条件提取.docx,76,121,603,湖北01考场,湖北,01考场,2026-05-26,5,经纬度换算;航向方位判断;避让点规划;速度高度参数设置;转弯停留循环设置;几何图形航线规划;题型:地面站避让点,doc_condition_count_mismatch;source_gap,"湖北01考场地面站真题 | 日期：2026.05.26
(一) 规划扫描航线要求闭合不循环，航线长度为a,航线间隔 为b,航线相对地面高度为c,水平速度为d,垂直速度为e,转弯模 式为协调转弯；
(二) a值为300米，b值为100米，c值为300m,d值为3m/s, e值为2m/s。
1、 避让点经纬度： N:27°29'28” E:120°36′12”
2、 起飞后需向SW方向飞行 600米到达""避让点""再执行航 线任务，避让点高度为330米。 4 题卡图形1号点到""避让点""为 SE方向500米处。
3、 题卡图形2号点到题卡图形 3号点东偏南60度。"
gsec_c8835d6ce3b6,qbank_32b37a2f20be,doc_3c8542fa3ac3,实操题库_地面站考试条件_2026H1_地面站避让点题型.txt_76,实操题库_地面站考试条件_2026H1_地面站避让点题型.txt,2026H1,2026H1,2026-01-01,2026-06-30,CAAC执照考试地面站实操真题考试条件,地面站避让点题型,避让点题型-考试条件提取.docx,地面站考试真题（2026年1月-6月）/地面站避让点题型/避让点题型-考试条件提取.docx,77,121,603,湖北01考场,湖北,01考场,2026-04-26,5,经纬度换算;航向方位判断;夹角计算;避让点规划;空域地形限制处理;速度高度参数设置;转弯停留循环设置;几何图形航线规划;题型:地面站避让点,doc_condition_count_mismatch;source_gap,"湖北01考场地面站真题 | 日期：2026.04.26
(一) 按图规划一个闭合四边形并循环执行，①②边、②③边边长 为a,∠②=∠①=90°，∠④=45°。航线相对地面高度为c,水平 速度为d，垂直速度为e,转弯模式为停止转弯，停留时间5s;
(二) a值为200米，c值为300m,d值为3ms,e值为2m/s。
1、 “避让点”经纬度： N:27°46'36” E:123°12'17""
2、 空域限制：起飞后需 向SW方向飞行600米到 达“避让点”，再向SE 方向飞行800米，到达 任务航点1
3、 当地风向：东南风。 3-2逆风飞行。"
gsec_e01ded15b5c8,qbank_32b37a2f20be,doc_3c8542fa3ac3,实操题库_地面站考试条件_2026H1_地面站避让点题型.txt_77,实操题库_地面站考试条件_2026H1_地面站避让点题型.txt,2026H1,2026H1,2026-01-01,2026-06-30,CAAC执照考试地面站实操真题考试条件,地面站避让点题型,避让点题型-考试条件提取.docx,地面站考试真题（2026年1月-6月）/地面站避让点题型/避让点题型-考试条件提取.docx,78,121,603,湖北01考场,湖北,01考场,2026-05-26,5,经纬度换算;航向方位判断;夹角计算;避让点规划;速度高度参数设置;转弯停留循环设置;几何图形航线规划;题型:地面站避让点,doc_condition_count_mismatch;source_gap,"湖北01考场地面站真题 | 日期：2026.05.26
(一) 按图规划一个闭合四边形并循环执行，②③边长为a,①④ 边长为b,∠②=∠①=90°，∠④=60°。航线相对地面高度为c, 水平速度为d，垂直速度为e,转弯模式为停止转弯，停留时间5s；
(二) a值为200米，b值为300米，c值为300m,d值为 3m/s,e值为2m/s。
1、 题卡图形4号点经纬度： N:30°35′32” E:120°13'14”
2、 起飞后需向NW方向飞行 600米到达""避让点""再执行航 线任务，避让点高度为330米。 题卡图形1号点到""避让点""为 SE方向500米处。
3、 题卡图形2号点位于题卡图 形3号点北偏西20度。"
gsec_4896119eed29,qbank_32b37a2f20be,doc_3c8542fa3ac3,实操题库_地面站考试条件_2026H1_地面站避让点题型.txt_78,实操题库_地面站考试条件_2026H1_地面站避让点题型.txt,2026H1,2026H1,2026-01-01,2026-06-30,CAAC执照考试地面站实操真题考试条件,地面站避让点题型,避让点题型-考试条件提取.docx,地面站考试真题（2026年1月-6月）/地面站避让点题型/避让点题型-考试条件提取.docx,79,121,603,湖北01考场,湖北,01考场,2026-05-26,5,经纬度换算;航向方位判断;夹角计算;避让点规划;速度高度参数设置;转弯停留循环设置;几何图形航线规划;题型:地面站避让点,doc_condition_count_mismatch;source_gap,"湖北01考场地面站真题 | 日期：2026.05.26
(一) 规划一个闭合五边形并循环执行，①②、②③、①⑤边的边长为a, ∠②=∠①=90°，∠④=90°航线相对地面高度为b,水平速度为c，垂直 速度为d,转弯模式为停止转弯，各点停留时间为e;
(二) a值为300米，b值为300米，c值为3m/s,d值为2m/s,e值为10s。
1、 题卡图形1号点经纬度： N:42°36'15"" E:120°43′12”
2、 起飞后需向SE方向飞行600 米到达""避让点""再执行航线任 务，避让点高度为325米。 题卡图形1号点位于""避让点”NW方向500米处。
3、 题卡图形3号点到题卡图形2 号点西偏南25度。"
gsec_4bbab183eb74,qbank_32b37a2f20be,doc_3c8542fa3ac3,实操题库_地面站考试条件_2026H1_地面站避让点题型.txt_79,实操题库_地面站考试条件_2026H1_地面站避让点题型.txt,2026H1,2026H1,2026-01-01,2026-06-30,CAAC执照考试地面站实操真题考试条件,地面站避让点题型,避让点题型-考试条件提取.docx,地面站考试真题（2026年1月-6月）/地面站避让点题型/避让点题型-考试条件提取.docx,80,121,603,湖北03考场,湖北,03考场,2026-05-10,5,经纬度换算;航向方位判断;避让点规划;速度高度参数设置;转弯停留循环设置;几何图形航线规划;题型:地面站避让点,doc_condition_count_mismatch;source_gap,"湖北03考场地面站真题 | 日期：2026.05.10
(一) 规划扫描航线要求闭合不循环，航线长度为a,航线间 隔为b,航线相对地面高度为c,水平速度为d,垂直速度为e,转弯 方式为协调转弯；
(二) a值为300米，b值为100米，c值为300m,d值为3m/5, e值为2m/s。
一： 题卡图形1号点经纬 12 度： N:32°32'28"" E:12036'12""
二： 起飞后需向NE方向飞 行600米到达”避让点”再 执行航线任务，避让点高度为350米 题卡图形1号点到”避让 4 点”为NW方向500米处
三： 题卡图形2号点位于题 卡图形3号点西偏南20度。"
gsec_1e07f31ee5d3,qbank_32b37a2f20be,doc_3c8542fa3ac3,实操题库_地面站考试条件_2026H1_地面站避让点题型.txt_80,实操题库_地面站考试条件_2026H1_地面站避让点题型.txt,2026H1,2026H1,2026-01-01,2026-06-30,CAAC执照考试地面站实操真题考试条件,地面站避让点题型,避让点题型-考试条件提取.docx,地面站考试真题（2026年1月-6月）/地面站避让点题型/避让点题型-考试条件提取.docx,81,121,603,湖北04考场,湖北,04考场,2026-06-10,5,经纬度换算;航向方位判断;避让点规划;速度高度参数设置;转弯停留循环设置;几何图形航线规划;题型:地面站避让点,doc_condition_count_mismatch;source_gap,"湖北04考场地面站真题 | 日期：2026.06.10
(一) 按图规划一个闭合的任务航线并循环执行，①③、②③、 ②④、①④边长为300米，①点相对地面高度为a,②点相对地面高度 为b,③点相对地面高度为c,④点相对地面高度为d,水平速度为e, 垂直速度为f,转弯模式为停止转弯，停留时间2s;
(二) a值为20米，b值为25米，c值为30m,d值为20m, e值为2m/s,f值为2m/s。
1、 避让点经纬度： N:32°28'28"" E:121°18′18”
2、 起飞后需向SE方向飞行600 米到达""避让点""再执行航线任 务。避让点高度为80米。 题卡图形1号点位于""避让点” SW方向500米处。
3、 题卡图形3号点到题卡图形2 号点西偏南30度。"
gsec_f5d2d6a10786,qbank_32b37a2f20be,doc_3c8542fa3ac3,实操题库_地面站考试条件_2026H1_地面站避让点题型.txt_81,实操题库_地面站考试条件_2026H1_地面站避让点题型.txt,2026H1,2026H1,2026-01-01,2026-06-30,CAAC执照考试地面站实操真题考试条件,地面站避让点题型,避让点题型-考试条件提取.docx,地面站考试真题（2026年1月-6月）/地面站避让点题型/避让点题型-考试条件提取.docx,82,121,603,湖北04考场,湖北,04考场,2026-06-10,5,经纬度换算;航向方位判断;避让点规划;速度高度参数设置;转弯停留循环设置;几何图形航线规划;题型:地面站避让点,doc_condition_count_mismatch;source_gap,"湖北04考场地面站真题 | 日期：2026.06.10
(一) 规划一个手动闭合正六边形，边长为a,①②③航点 相对地面高度为b,④⑤⑥航点相对地面高度为c,水平速度为d, 垂直速度为e,转弯方式为协调转弯，航线执行次数为g。
(二) a值为300米，b值为80米，c值为50米，d值为3米/秒， e值为2米/秒，g值为5次。
1、 题卡图形2号点经纬度： N:26°26'26"" E:120°20′20”
2、 起飞后需向SE方向飞行500 米到达""避让点""再执行航线任 务。避让点高度为80米。 题卡图形1号点位于""避让点” SW方向400米处。
3、 题卡图形2号点到题卡图形1 号点南偏东35度。"
gsec_5eb346912fd4,qbank_32b37a2f20be,doc_3c8542fa3ac3,实操题库_地面站考试条件_2026H1_地面站避让点题型.txt_82,实操题库_地面站考试条件_2026H1_地面站避让点题型.txt,2026H1,2026H1,2026-01-01,2026-06-30,CAAC执照考试地面站实操真题考试条件,地面站避让点题型,避让点题型-考试条件提取.docx,地面站考试真题（2026年1月-6月）/地面站避让点题型/避让点题型-考试条件提取.docx,83,121,603,湖北04考场,湖北,04考场,2026-06-10,5,经纬度换算;航向方位判断;避让点规划;速度高度参数设置;转弯停留循环设置;几何图形航线规划;题型:地面站避让点,doc_condition_count_mismatch;source_gap,"湖北04考场地面站真题 | 日期：2026.06.10
(一) 规划一个闭合六边形航线，不循环执行，边长为a,①②③ 航点相对地面高度为b,④⑤⑥航点相对地面高度为c,水平速度为d, 垂直速度为e,转弯方式为停止转弯，各点停留时间为f;
(二) a值为300米，b值为35米，c值为25m,d值为4m/s, e值为2m/s,f值为2so
1、 题卡图形2号点经纬度： N:26°25′25"" E:120°12'12”
2、 起飞后需向SE方向飞行500 米到达""避让点""再执行航线任 务。避让点高度为80米。 题卡图形1号点位于""避让点” SW方向400米处。
3、 题卡图形2号点到题卡图形1 号点南偏东25度。"
gsec_80a88f8555f7,qbank_32b37a2f20be,doc_3c8542fa3ac3,实操题库_地面站考试条件_2026H1_地面站避让点题型.txt_83,实操题库_地面站考试条件_2026H1_地面站避让点题型.txt,2026H1,2026H1,2026-01-01,2026-06-30,CAAC执照考试地面站实操真题考试条件,地面站避让点题型,避让点题型-考试条件提取.docx,地面站考试真题（2026年1月-6月）/地面站避让点题型/避让点题型-考试条件提取.docx,84,121,603,湖北04考场,湖北,04考场,2026-06-10,5,经纬度换算;航向方位判断;夹角计算;避让点规划;速度高度参数设置;转弯停留循环设置;几何图形航线规划;题型:地面站避让点,doc_condition_count_mismatch;source_gap,"湖北04考场地面站真题 | 日期：2026.06.10
(一) 按图规划一个手动闭合直角梯形，①②边、②③边边长为a, ①④边边长为b,∠①=∠②=90°。航线相对地面高度为c,水平速度为d, 垂直速度为e,转弯模式为停止转弯，各点停留时间为g,航线执行次数为h;
(二) a值为200米，b值为400米，c值为300米，d值为4米/秒， g值为5秒，h值为1次。
1、 题卡图形3号点经纬度： N:30°32'32"" E:120°14'14”
2、 起飞后需向NW方向飞行 500米到达""避让点""再执行航 线任务。避让点高度为350米。 题卡图形1号点到""避让点""为 SE方向400米处。
3、 题卡图形2号点位于题卡图 形3号点北偏西20度。"
gsec_54d17426c826,qbank_32b37a2f20be,doc_3c8542fa3ac3,实操题库_地面站考试条件_2026H1_地面站避让点题型.txt_84,实操题库_地面站考试条件_2026H1_地面站避让点题型.txt,2026H1,2026H1,2026-01-01,2026-06-30,CAAC执照考试地面站实操真题考试条件,地面站避让点题型,避让点题型-考试条件提取.docx,地面站考试真题（2026年1月-6月）/地面站避让点题型/避让点题型-考试条件提取.docx,85,121,603,湖北04考场,湖北,04考场,2026-06-10,5,经纬度换算;航向方位判断;夹角计算;避让点规划;速度高度参数设置;转弯停留循环设置;几何图形航线规划;题型:地面站避让点,doc_condition_count_mismatch;source_gap,"湖北04考场地面站真题 | 日期：2026.06.10
(一) 规划一个闭合五边形并循环执行，①②、②③、①⑤边的边长为a, ∠②=∠①为90°，∠④=90°。航线相对地面高度为b,水平速度为c,垂直速度 为d,转弯模式为停止转弯，各点停留时间为e;
(二) a值为300米，b值为300米，c值为3m/s,d值为2m/s,e值为10s。
1、 题卡图形1号点经纬度： N:42°36'15” E:120°43′12”
2、 起飞后需向SE方向飞行600 米到达""避让点""再执行航线任务 避让点高度为325米。 题卡图形1号点位于""避让点"" NW方向500米处。
3、 题卡图形3号点到题卡图形2 号点西偏南25度。"
gsec_43e30767de9d,qbank_32b37a2f20be,doc_3c8542fa3ac3,实操题库_地面站考试条件_2026H1_地面站避让点题型.txt_85,实操题库_地面站考试条件_2026H1_地面站避让点题型.txt,2026H1,2026H1,2026-01-01,2026-06-30,CAAC执照考试地面站实操真题考试条件,地面站避让点题型,避让点题型-考试条件提取.docx,地面站考试真题（2026年1月-6月）/地面站避让点题型/避让点题型-考试条件提取.docx,86,121,603,湖北04考场,湖北,04考场,2026-06-10,5,经纬度换算;航向方位判断;夹角计算;避让点规划;速度高度参数设置;转弯停留循环设置;几何图形航线规划;题型:地面站避让点,doc_condition_count_mismatch;source_gap,"湖北04考场地面站真题 | 日期：2026.06.10
(一） 规划一个闭合五边形并循环执行，①②、②③、①⑤边的边长为a, ∠②=∠①为90°，∠④=90°。航线相对地面高度为，水平速度为c,垂直速度 为d,转弯模式为停止转弯，各点停留时间为e；
(二) a值为300米，b值为300米，c值为3m/s,d值为2m/s,e值为10s。
1、 题卡图形2号点经纬度： N:42°36'36 E:120°43'43""
2、 起飞后需向NW仿向飞行600 米到达“避让点”再执行航线任 务。避让点高度为325米。 题卡图形1号点位于“避让点” SW方向500米处。
3、 题卡图形3号点到题卡图形2 号点西偏南25度。"
gsec_02d588eb169c,qbank_32b37a2f20be,doc_3c8542fa3ac3,实操题库_地面站考试条件_2026H1_地面站避让点题型.txt_86,实操题库_地面站考试条件_2026H1_地面站避让点题型.txt,2026H1,2026H1,2026-01-01,2026-06-30,CAAC执照考试地面站实操真题考试条件,地面站避让点题型,避让点题型-考试条件提取.docx,地面站考试真题（2026年1月-6月）/地面站避让点题型/避让点题型-考试条件提取.docx,87,121,603,湖北04考场,湖北,04考场,2026-06-10,5,经纬度换算;航向方位判断;夹角计算;避让点规划;速度高度参数设置;转弯停留循环设置;几何图形航线规划;题型:地面站避让点,doc_condition_count_mismatch;source_gap,"湖北04考场地面站真题 | 日期：2026.06.10
(一) 规划一个闭合五边形并循环执行，①②、②③、①⑤边的边长为a, ∠②=∠①为90°，∠④=90°。航线相对地面高度为b,水平速度为c，垂直 速度为d,转弯模式为停止转弯，各点停留时间为e;
(二) a值为300米，b值为300米，c值为3m/s,d值为2m/s,e值为10s。
1、 题卡图形1号点经纬度： N:42°36'36"" E:120°33′33”
2、 起飞后需向SE方向飞行500 米到达""避让点""再执行航线任 务。避让点高度为320米。 题卡图形1号点位于""避让点” NW方向400米处。
3、 题卡图形3号点到题卡图形2 号点西偏南15度。"
gsec_58ce85ae70bb,qbank_32b37a2f20be,doc_3c8542fa3ac3,实操题库_地面站考试条件_2026H1_地面站避让点题型.txt_87,实操题库_地面站考试条件_2026H1_地面站避让点题型.txt,2026H1,2026H1,2026-01-01,2026-06-30,CAAC执照考试地面站实操真题考试条件,地面站避让点题型,避让点题型-考试条件提取.docx,地面站考试真题（2026年1月-6月）/地面站避让点题型/避让点题型-考试条件提取.docx,88,121,603,湖南03考场,湖南,03考场,2026-05-27,5,经纬度换算;航向方位判断;避让点规划;速度高度参数设置;转弯停留循环设置;几何图形航线规划;题型:地面站避让点,doc_condition_count_mismatch;source_gap,"湖南03考场地面站真题 | 日期：2026.05.27
(一) 规划一个手动闭合正六边形航线，航线执行5次，边长为a, ①②③航点相对地面高度为b，④⑤⑥航点相对地面高度为c，水平速 度为d,垂直速度为e,转弯方式为停止转弯，各点停留时间为f；
(二) a值为300米，b值为35米，c值为25m,d值为5m/s, e值为3m/s,f值为5s。
1、 题卡图形5号点经纬度： N:38°15′26"" E:114°12'36”
2、 起飞后需向NW方向飞行 500米到达""避让点""再执行航 线任务。避让点高度为110米。 题卡图形1号点位于”避让点” NE方向218米处。
3、 题卡图形2号点到题卡图形 1号点南偏西15度。"
gsec_714c4cf3934a,qbank_32b37a2f20be,doc_3c8542fa3ac3,实操题库_地面站考试条件_2026H1_地面站避让点题型.txt_88,实操题库_地面站考试条件_2026H1_地面站避让点题型.txt,2026H1,2026H1,2026-01-01,2026-06-30,CAAC执照考试地面站实操真题考试条件,地面站避让点题型,避让点题型-考试条件提取.docx,地面站考试真题（2026年1月-6月）/地面站避让点题型/避让点题型-考试条件提取.docx,89,121,603,湖南03考场,湖南,03考场,2026-05-27,5,经纬度换算;航向方位判断;避让点规划;速度高度参数设置;转弯停留循环设置;几何图形航线规划;题型:地面站避让点,doc_condition_count_mismatch;source_gap,"湖南03考场地面站真题 | 日期：2026.05.27
(一) 规划扫描航线要求不闭合不循环，航线长度为a，航线间隔 为b,航线相对地面高度为c,水平速度为d,垂直速度为e,转弯模式 为协调转弯；
(二) a值为300米，b值为100米，c值为50m,d值为6m/s e值为2m/s。
1、 题卡图形8号点经纬度： N:39°28'18"" E:114°26′32
2、 起飞后需向SE方向飞行550 米到达""避让点""再执行航线任 务。避让点高度为420米。 题卡图形1号点到""避让点""为 SW方向340米处。
3、 题卡图形2号点位于题卡图 形3号点东南偏南20度。"
gsec_a6795c17b1e8,qbank_32b37a2f20be,doc_3c8542fa3ac3,实操题库_地面站考试条件_2026H1_地面站避让点题型.txt_89,实操题库_地面站考试条件_2026H1_地面站避让点题型.txt,2026H1,2026H1,2026-01-01,2026-06-30,CAAC执照考试地面站实操真题考试条件,地面站避让点题型,避让点题型-考试条件提取.docx,地面站考试真题（2026年1月-6月）/地面站避让点题型/避让点题型-考试条件提取.docx,90,121,603,湖南03考场,湖南,03考场,2026-05-27,5,经纬度换算;航向方位判断;夹角计算;避让点规划;速度高度参数设置;转弯停留循环设置;几何图形航线规划;题型:地面站避让点,doc_condition_count_mismatch;source_gap,"湖南03考场地面站真题 | 日期：2026.05.27
(一) 规划一个手动闭合五边形，航线执行11次，①②、②③、①⑤边的边长 为a,∠②=∠①为90°，∠④=90°③④、④⑤边长相等。航线相对地面高度为b, 水平速度为c，垂直速度为d,转弯模式为停止转弯，各点停留时间为e;
(二) a值为300米，b值为300米，c值为6m/s,d值为4m/se值为13s
1、 题卡图形1号点经纬度： N:36°26'45” E:111°23′42”
2、 起飞后需向NW方向飞行 234米到达""避让点""再执行航 线任务。避让点高度为312米。 题卡图形1号点位于”避让点” ☆ SE方向184米处。
3、 题卡图形3号点到题卡图形 2号点西南偏南25度。"
gsec_7ddd028ede5d,qbank_32b37a2f20be,doc_3c8542fa3ac3,实操题库_地面站考试条件_2026H1_地面站避让点题型.txt_90,实操题库_地面站考试条件_2026H1_地面站避让点题型.txt,2026H1,2026H1,2026-01-01,2026-06-30,CAAC执照考试地面站实操真题考试条件,地面站避让点题型,避让点题型-考试条件提取.docx,地面站考试真题（2026年1月-6月）/地面站避让点题型/避让点题型-考试条件提取.docx,91,121,603,吉林01考场,吉林,01考场,2026-06-08,5,经纬度换算;航向方位判断;避让点规划;速度高度参数设置;转弯停留循环设置;几何图形航线规划;题型:地面站避让点,doc_condition_count_mismatch;source_gap,"吉林01考场地面站真题 | 日期：2026.06.08
(一) 规划一个闭合六边形不循环执行，边长为a,①②③航点 相对地面高度为b,④⑤⑥航点相对地面高度为c,水平速度为d,垂 直速度为e,转弯方式为停止转弯，各点停留时间为f;
(二) a值建议为300米，b值建议为35米，c值建议为25m, d值建议为4m/s,e值建议为2m/s,f值建议为2s。
1、 题卡图形2号点经纬度： N:26°25′26"" E:120°12'12”
2、 起飞后需向NE方向 6 飞行500米到达“避让点”再执行航线任务。 避让点高度为80米。 题卡图形1位于避让点 SW方向400米处。
3、 题卡图形2号点位于 题卡图形1号点南偏东 15°"
gsec_1ed2ad3f3136,qbank_32b37a2f20be,doc_3c8542fa3ac3,实操题库_地面站考试条件_2026H1_地面站避让点题型.txt_91,实操题库_地面站考试条件_2026H1_地面站避让点题型.txt,2026H1,2026H1,2026-01-01,2026-06-30,CAAC执照考试地面站实操真题考试条件,地面站避让点题型,避让点题型-考试条件提取.docx,地面站考试真题（2026年1月-6月）/地面站避让点题型/避让点题型-考试条件提取.docx,92,121,603,吉林01考场,吉林,01考场,2026-05-08,5,经纬度换算;航向方位判断;夹角计算;避让点规划;速度高度参数设置;转弯停留循环设置;几何图形航线规划;题型:地面站避让点,doc_condition_count_mismatch;source_gap,"吉林01考场地面站真题 | 日期：2026.05.08
(一) 按图规划一个闭合四边形并循环执行，②③边边长为a, ①④边边长为b,∠②=∠①=90°，∠④=60°航线相对地面高度为c, 水平速度为d，垂直速度为e,转弯模式为停止转弯，停留时间5s:
(二) a值为200米，b值为300米，c值为300m,d值为 3m/s,e值为2m/s。
一： 避让点经纬度： N:27°46'36"" E:123°12'17
二： 起飞后需向SW方向 飞行600米到达“避让点” 再执行航线任务。左图1 号点位于避让点NW方向 500米处
三： 左图1号点位于2点西 偏南25度。"
gsec_e1ece7d817ee,qbank_32b37a2f20be,doc_3c8542fa3ac3,实操题库_地面站考试条件_2026H1_地面站避让点题型.txt_92,实操题库_地面站考试条件_2026H1_地面站避让点题型.txt,2026H1,2026H1,2026-01-01,2026-06-30,CAAC执照考试地面站实操真题考试条件,地面站避让点题型,避让点题型-考试条件提取.docx,地面站考试真题（2026年1月-6月）/地面站避让点题型/避让点题型-考试条件提取.docx,93,121,603,吉林01考场,吉林,01考场,2026-06-08,5,经纬度换算;航向方位判断;夹角计算;速度高度参数设置;转弯停留循环设置;几何图形航线规划;起飞返航点定位;题型:地面站避让点,doc_condition_count_mismatch;possible_incomplete_latlon_pair;source_gap,"吉林01考场地面站真题 | 日期：2026.06.08
(一) 按图规划一个闭合四边形并循环执行，①②，②③边边长 为a,①④边边长为b,∠②=∠③=90°，航线相对地面高度为c, 水平速度为d，垂直速度为e,转弯模式为停止转弯，停留时间5s；
(二) a值为200米，b值为300米，c值为300m,d值为 3m/s,e值为2m/s。
一、 起飞点经纬度： B:126°06′54"" N:41°53'36""
二、 起飞点到任务航线2点 的距离是100米，起飞点-1 点和2点-1点航向相同。
三、 1点位于起飞点NW方向"
gsec_719beb5621fc,qbank_32b37a2f20be,doc_3c8542fa3ac3,实操题库_地面站考试条件_2026H1_地面站避让点题型.txt_93,实操题库_地面站考试条件_2026H1_地面站避让点题型.txt,2026H1,2026H1,2026-01-01,2026-06-30,CAAC执照考试地面站实操真题考试条件,地面站避让点题型,避让点题型-考试条件提取.docx,地面站考试真题（2026年1月-6月）/地面站避让点题型/避让点题型-考试条件提取.docx,94,121,603,江西03考场,江西,03考场,2026-06-01,5,经纬度换算;航向方位判断;空域地形限制处理;速度高度参数设置;转弯停留循环设置;几何图形航线规划;题型:地面站避让点,doc_condition_count_mismatch;source_gap,"江西03考场地面站真题 | 日期：2026.06.01
(一) 按图规划一个手动闭合的任务航线，①③、②③、②④、 ①④边长为a米，①点相对地面高度为b,②点相对地面高度为c, ③点相对地面高度为d,④点相对地面高度为e,水平速度为f,垂 直速度为g,转弯模式为停止转弯，各点停留时间为i;
(二) a值为300米，b值为30米，c值为35m,d值为40m, e值为25m/s,f值为2m/s,g值为2m/s,i值为4秒。
二： 由于场地限制：起飞后需向 任务航线示意图： SE方向飞行600米到达“过渡点1 再执行航线任务，过渡点高度为 80米
三： 任务航线的航点①位于“过 渡点”SW方向，距离500米
四： 任务航线的航点③位于任务 航线的航点②西偏北15度方向。"
gsec_22dd82f629eb,qbank_32b37a2f20be,doc_3c8542fa3ac3,实操题库_地面站考试条件_2026H1_地面站避让点题型.txt_94,实操题库_地面站考试条件_2026H1_地面站避让点题型.txt,2026H1,2026H1,2026-01-01,2026-06-30,CAAC执照考试地面站实操真题考试条件,地面站避让点题型,避让点题型-考试条件提取.docx,地面站考试真题（2026年1月-6月）/地面站避让点题型/避让点题型-考试条件提取.docx,95,121,603,江西03考场,江西,03考场,2026-06-01,5,经纬度换算;航向方位判断;夹角计算;空域地形限制处理;速度高度参数设置;转弯停留循环设置;几何图形航线规划;起飞返航点定位;题型:地面站避让点,doc_condition_count_mismatch;source_gap,"江西03考场地面站真题 | 日期：2026.06.01
(一) 规划一个闭合五边形，①②、②③、③④、④⑤、①⑤边的边长为a, ∠②=∠①为90°，航线相对地面高度为b,水平速度为c,垂直速度为d,转弯 模式为停止转弯，各点停留时间为f,航线执行次数为g;
(二) a值为200米，b值为70米，c值为7m/s,d值为4m/s,f值为 11s,g值为6次。
二： 由于场地限制：起飞后需 向SW方向，水平速度4米/秒飞 行600米到达“过渡点”再执行 航线任务，起飞点、“过渡点” 高度为110米。
三： 任务航线的航点①位于 “过渡点”SE方向，距离300米。
四： 任务航线的航点③到任务航 线的航点②的航线方向为北偏西 35度。"
gsec_5c78a35bb7f6,qbank_32b37a2f20be,doc_3c8542fa3ac3,实操题库_地面站考试条件_2026H1_地面站避让点题型.txt_95,实操题库_地面站考试条件_2026H1_地面站避让点题型.txt,2026H1,2026H1,2026-01-01,2026-06-30,CAAC执照考试地面站实操真题考试条件,地面站避让点题型,避让点题型-考试条件提取.docx,地面站考试真题（2026年1月-6月）/地面站避让点题型/避让点题型-考试条件提取.docx,96,121,603,山东02考场,山东,02考场,2026-05-13,5,经纬度换算;航向方位判断;避让点规划;速度高度参数设置;转弯停留循环设置;几何图形航线规划;题型:地面站避让点,doc_condition_count_mismatch;source_gap,"山东02考场地面站真题 | 日期：2026.05.13
(一) 按图规划一个闭合的任务航线并循环执行，①③、②③、 ②④、①④边长为300米，①点相对地面高度为a,②点相对地面高 度为b，③点相对地面高度为c,④点相对地面高度为d，水平速 度为e,垂直速度为f,转弯模式为停止转弯，停留时间2s;
(二) a值为20米，b值为25米，c值为30m,d值为20m, e值为2m/s,f值为2m/s。
一、 避让点经纬度： N:32°29'28"" E:121°46'18
二、 起飞后需向SE方向 任务航线示意图： 飞行600米到达“避让 点”再执行航线任务。 避让点高度为80米。 题卡图形1号点位于” 避让点“SW方向500米 处
三、 题卡图形3号点到题 卡图形2号点西偏南30°"
gsec_b19708939306,qbank_32b37a2f20be,doc_3c8542fa3ac3,实操题库_地面站考试条件_2026H1_地面站避让点题型.txt_96,实操题库_地面站考试条件_2026H1_地面站避让点题型.txt,2026H1,2026H1,2026-01-01,2026-06-30,CAAC执照考试地面站实操真题考试条件,地面站避让点题型,避让点题型-考试条件提取.docx,地面站考试真题（2026年1月-6月）/地面站避让点题型/避让点题型-考试条件提取.docx,97,121,603,山东02考场,山东,02考场,2026-06-13,5,经纬度换算;航向方位判断;避让点规划;速度高度参数设置;转弯停留循环设置;几何图形航线规划;题型:地面站避让点,doc_condition_count_mismatch;possible_incomplete_latlon_pair;source_gap,"山东02考场地面站真题 | 日期：2026.06.13
(一) 规划一个闭合六边形并循环执行，边长为a,①②③航点 相对地面高度为b,④⑤⑥航点相对地面高度为c,水平速度为d, 垂直速度为e,转弯方式为停止转弯，各点停留时间为f;
(二) a值为300米，b值为100米，c值为125m,d值为3m/s, e值为2m/s,f值为2s。
1、 题卡图形2号点经纬度： N:28°28'06"" B:118°36′36”（零误差）
2、 起飞后需向NW方向飞行600米到 达“避让点”，再执行航线任务。题 卡图形1号点位于“避让点”NE方向 400米处。
3、 当地风向：西风，题卡图形5号 点到题卡图形4号点为逆风。"
gsec_a3bcd66ce7fc,qbank_32b37a2f20be,doc_3c8542fa3ac3,实操题库_地面站考试条件_2026H1_地面站避让点题型.txt_97,实操题库_地面站考试条件_2026H1_地面站避让点题型.txt,2026H1,2026H1,2026-01-01,2026-06-30,CAAC执照考试地面站实操真题考试条件,地面站避让点题型,避让点题型-考试条件提取.docx,地面站考试真题（2026年1月-6月）/地面站避让点题型/避让点题型-考试条件提取.docx,98,121,603,山东02考场,山东,02考场,2026-05-13,5,经纬度换算;航向方位判断;避让点规划;速度高度参数设置;转弯停留循环设置;几何图形航线规划;题型:地面站避让点,doc_condition_count_mismatch;source_gap,"山东02考场地面站真题 | 日期：2026.05.13
(一) 规划一个闭合六边形并循环执行，边长为a,①②③航点 相对地面高度为b，④⑤⑥航点相对地面高度为c，水平速度为d, 垂直速度为e,转弯方式为停止转弯，各点停留时间为f;
(二) a值为300米，b值为35米，c值为25m,d值为4m/s, e值为2m/s,f值为2s。
一、 题卡图形3号点经纬度： 3 N:26°25′26 E:120°12'12""
二、 起飞后需向NE方向飞行 500米到达""避让点”再执行 航线任务。避让点高度为80米 题卡图形1号点位于”避让点 ""NW方向400米处
三、 题卡图形2号点到题卡图 航线要求： 形1号点南偏东15度。"
gsec_af7e176fb2c6,qbank_32b37a2f20be,doc_3c8542fa3ac3,实操题库_地面站考试条件_2026H1_地面站避让点题型.txt_98,实操题库_地面站考试条件_2026H1_地面站避让点题型.txt,2026H1,2026H1,2026-01-01,2026-06-30,CAAC执照考试地面站实操真题考试条件,地面站避让点题型,避让点题型-考试条件提取.docx,地面站考试真题（2026年1月-6月）/地面站避让点题型/避让点题型-考试条件提取.docx,99,121,603,山东02考场,山东,02考场,2026-06-13,5,经纬度换算;航向方位判断;避让点规划;速度高度参数设置;转弯停留循环设置;几何图形航线规划;题型:地面站避让点,doc_condition_count_mismatch;source_gap,"山东02考场地面站真题 | 日期：2026.06.13
(一) 规划一个闭合六边形不循环执行，边长为a,①②③航点 相对地面高度为b,④⑤⑥航点相对地面高度为c,水平速度为d, 垂直速度为e,转弯方式为停止转弯，各点停留时间为f;
(二) a值建议为300米，b值建议为35米，c值建议为30米， d值建议为2m/s,e值建议为2m/s,f值建议为2s。
1、 题卡图形4号点经纬度： N:26°26'26"" E:120°12'12”
2、 起飞后需向NW方向 飞行600米到达“避让点” 再执行航线任务。 避让点高度为80米。 题卡图形1位于避让点 NE方向100米处。
3、 风向：西北风， 题卡图形5点到 题卡图形3点为逆风。"
gsec_5b3a4c890803,qbank_32b37a2f20be,doc_3c8542fa3ac3,实操题库_地面站考试条件_2026H1_地面站避让点题型.txt_99,实操题库_地面站考试条件_2026H1_地面站避让点题型.txt,2026H1,2026H1,2026-01-01,2026-06-30,CAAC执照考试地面站实操真题考试条件,地面站避让点题型,避让点题型-考试条件提取.docx,地面站考试真题（2026年1月-6月）/地面站避让点题型/避让点题型-考试条件提取.docx,100,121,603,山东02考场,山东,02考场,2026-05-13,5,经纬度换算;航向方位判断;避让点规划;速度高度参数设置;转弯停留循环设置;几何图形航线规划;题型:地面站避让点,doc_condition_count_mismatch;source_gap,"山东02考场地面站真题 | 日期：2026.05.13
(一) 规划扫描航线要求闭合不循环，航线长度为a,航线间 隔为b,航线相对地面高度为c,水平速度为d,垂直速度为e,转弯 模式为协调转弯；
(二) a值为300米，b值为100米，c值为300m,d值为3m/s, e值为2m/s
一： 题卡图形8号点经 纬度： N27°29'28"" E: 120°36′12""
二： 起飞后需向SW方 向飞行600米到达“避 4 让点”再执行航线任务 避让点高度为320米 题卡图形1号点到“避让点""” 为SE方向500米处。
三： 题卡图形2号点位于题卡 图形3号点东偏南20度。"
gsec_6e7e521e5430,qbank_32b37a2f20be,doc_3c8542fa3ac3,实操题库_地面站考试条件_2026H1_地面站避让点题型.txt_100,实操题库_地面站考试条件_2026H1_地面站避让点题型.txt,2026H1,2026H1,2026-01-01,2026-06-30,CAAC执照考试地面站实操真题考试条件,地面站避让点题型,避让点题型-考试条件提取.docx,地面站考试真题（2026年1月-6月）/地面站避让点题型/避让点题型-考试条件提取.docx,101,121,603,山东02考场,山东,02考场,2026-06-13,5,经纬度换算;航向方位判断;避让点规划;速度高度参数设置;转弯停留循环设置;几何图形航线规划;题型:地面站避让点,doc_condition_count_mismatch;source_gap,"山东02考场地面站真题 | 日期：2026.06.13
(一) 规划扫描航线要求闭合循环，航线长度为a,航线间 隔为b,航线相对地面高度为c,水平速度为d,垂直速度为e,转弯 模式为协调转弯；
(二) a值为500米，b值为100米，c值为300m,d值为3m/s, e值为2m/s
1、 题卡图形9号点经纬度： N:21°22'23”E:78°25′15”
2、 起飞后需向NE方向 飞行600米到达“避让点” 再执行航线任务。 题卡图形1号点到 “避让点”SE方向500米处。
3、 当地风向：西风， 题卡图形5号点到 题卡图形4号点为逆风。"
gsec_c32c43e1627d,qbank_32b37a2f20be,doc_3c8542fa3ac3,实操题库_地面站考试条件_2026H1_地面站避让点题型.txt_101,实操题库_地面站考试条件_2026H1_地面站避让点题型.txt,2026H1,2026H1,2026-01-01,2026-06-30,CAAC执照考试地面站实操真题考试条件,地面站避让点题型,避让点题型-考试条件提取.docx,地面站考试真题（2026年1月-6月）/地面站避让点题型/避让点题型-考试条件提取.docx,102,121,603,山东02考场,山东,02考场,2026-05-13,5,经纬度换算;航向方位判断;夹角计算;避让点规划;速度高度参数设置;转弯停留循环设置;几何图形航线规划;题型:地面站避让点,doc_condition_count_mismatch;source_gap,"山东02考场地面站真题 | 日期：2026.05.13
(一) 按图规划一个闭合四边形并循环执行，②③边长为a、①④ 边长为b,∠②=∠①=90°，∠④=60·航线相对地面高度为c, 水平速度为d，垂直速度为e,转弯模式为停止转弯，停留时间5s;
(二) a值为200米，b值为300米，c值为300m,d值为 3m/s,e值为2m/s
一： 题卡图形4号点经纬度： N:30°35′32"" E:120°13'14
二： 起飞后需向NW方向 飞行600米到达”避让点 “再执行航线任务。避让 点高度为330米 题卡图形1号点到”避让点 “为SE方向500米处
三： 题卡图形2号点位于题卡 航线要求： 图形3号点北偏西20度。"
gsec_1d965dc441e1,qbank_32b37a2f20be,doc_3c8542fa3ac3,实操题库_地面站考试条件_2026H1_地面站避让点题型.txt_102,实操题库_地面站考试条件_2026H1_地面站避让点题型.txt,2026H1,2026H1,2026-01-01,2026-06-30,CAAC执照考试地面站实操真题考试条件,地面站避让点题型,避让点题型-考试条件提取.docx,地面站考试真题（2026年1月-6月）/地面站避让点题型/避让点题型-考试条件提取.docx,103,121,603,山东02考场,山东,02考场,2026-05-13,5,经纬度换算;航向方位判断;夹角计算;避让点规划;速度高度参数设置;转弯停留循环设置;几何图形航线规划;题型:地面站避让点,doc_condition_count_mismatch;source_gap,"山东02考场地面站真题 | 日期：2026.05.13
(一) 规划一个闭合五边形并循环执行，①②、②③、①⑤边的边长为a, ∠②=∠①为90°，∠④=90°航线相对地面高度为b,水平速度为c,垂直 速度为d,转弯模式为停止转弯，各点停留时间为e;
(二) a值为300米，b值为300米，c值为3m/s,d值为2m/s,e值 为10s
一： 题卡图形4号点经纬 度： N:42°36′15” E:120°43'12""
二： 起飞后需向SE方向飞 任务航线示意图： 行600米到达”避让点“ 再执行航线任务，避让点 高度为325米。 提卡图形1号点位于“避让 点”NW方向500米处
三： 题卡图形3号点到题卡 图形2号点西偏南25度。"
gsec_cf3e8f70e18d,qbank_32b37a2f20be,doc_3c8542fa3ac3,实操题库_地面站考试条件_2026H1_地面站避让点题型.txt_103,实操题库_地面站考试条件_2026H1_地面站避让点题型.txt,2026H1,2026H1,2026-01-01,2026-06-30,CAAC执照考试地面站实操真题考试条件,地面站避让点题型,避让点题型-考试条件提取.docx,地面站考试真题（2026年1月-6月）/地面站避让点题型/避让点题型-考试条件提取.docx,104,121,603,山西01考场,山西,01考场,2026-05-21,5,经纬度换算;航向方位判断;夹角计算;避让点规划;空域地形限制处理;速度高度参数设置;转弯停留循环设置;几何图形航线规划;起飞返航点定位;题型:地面站避让点,doc_condition_count_mismatch;source_gap,"山西01考场地面站真题 | 日期：2026.05.21
(一) 规划一个闭合等腰直角三角形并循环执行，①②边长为a1,①③边 长为a2,∠①为直角，航线相对地面高度b,水平速度为c,垂直速度为d, 转弯方式为停止转弯，停留时间为4S;
(二) al、a2值为50米，b值为80米，c值为3m/s,d值为2m/s。
一： 起飞点经纬度： N:45°40'44.04 E:123°27'24.12""
二： 由于空城限制，起飞 后需向SE方向平飞200米 到达避让点，任务航线1 号点位于避让点SW方向 距离80米
三： 任务航线2号点于任 务航线1号点东偏南15°"
gsec_5c9d4b19c46e,qbank_32b37a2f20be,doc_3c8542fa3ac3,实操题库_地面站考试条件_2026H1_地面站避让点题型.txt_104,实操题库_地面站考试条件_2026H1_地面站避让点题型.txt,2026H1,2026H1,2026-01-01,2026-06-30,CAAC执照考试地面站实操真题考试条件,地面站避让点题型,避让点题型-考试条件提取.docx,地面站考试真题（2026年1月-6月）/地面站避让点题型/避让点题型-考试条件提取.docx,105,121,603,山西01考场,山西,01考场,2026-05-21,5,经纬度换算;航向方位判断;夹角计算;避让点规划;空域地形限制处理;速度高度参数设置;转弯停留循环设置;几何图形航线规划;题型:地面站避让点,doc_condition_count_mismatch;source_gap,"山西01考场地面站真题 | 日期：2026.05.21
(一) 规划一个闭合等边三角形并循环执行，边长为a，所有航线相对地 面高度为b，水平速度为c,垂直速度为d，转弯方式为停止转弯，停留时间 为8；
(二) a值为50米，b值为60米，c值为3m/s,d值为2m/s
一、 避让点经纬度： N:45°40'44.04 E:123°27'24.12""
二、 由于空域限制，起飞 后需向SE方向平飞200米 到达避让点。任务航线 1号点为避让点NE方向距 离80米
三、 任务航线2号点位于 1号点东偏北15°。"
gsec_467cd060ecfc,qbank_32b37a2f20be,doc_3c8542fa3ac3,实操题库_地面站考试条件_2026H1_地面站避让点题型.txt_105,实操题库_地面站考试条件_2026H1_地面站避让点题型.txt,2026H1,2026H1,2026-01-01,2026-06-30,CAAC执照考试地面站实操真题考试条件,地面站避让点题型,避让点题型-考试条件提取.docx,地面站考试真题（2026年1月-6月）/地面站避让点题型/避让点题型-考试条件提取.docx,106,121,603,山西01考场,山西,01考场,2026-05-21,4,经纬度换算;航向方位判断;避让点规划;空域地形限制处理;速度高度参数设置;转弯停留循环设置;题型:地面站避让点,doc_condition_count_mismatch;source_gap,"山西01考场地面站真题 | 日期：2026.05.21
(一) 规划扫描航线要求不闭合不循环，航线长度为a,航线间 隔为b,航线相对地面高度为c,水平速度为d,垂直速度为e,转弯 模式为停止转弯，停留时间不做要求；
(二) a值为300米，b值为100米，c值为80m,d值为5m/s, e值为2m/s。
二： 由于空城限制，起飞后 需向SE方向平飞200米到达 避让点，任务航线1号点位 于避让点NE方向距离80米
三： 任务航线1号点位于任 务航线2号点东偏北15°"
gsec_52beece787d0,qbank_32b37a2f20be,doc_3c8542fa3ac3,实操题库_地面站考试条件_2026H1_地面站避让点题型.txt_106,实操题库_地面站考试条件_2026H1_地面站避让点题型.txt,2026H1,2026H1,2026-01-01,2026-06-30,CAAC执照考试地面站实操真题考试条件,地面站避让点题型,避让点题型-考试条件提取.docx,地面站考试真题（2026年1月-6月）/地面站避让点题型/避让点题型-考试条件提取.docx,107,121,603,山西01考场,山西,01考场,2026-06-03,5,经纬度换算;航向方位判断;避让点规划;速度高度参数设置;转弯停留循环设置;几何图形航线规划;题型:地面站避让点,doc_condition_count_mismatch;source_gap,"山西01考场地面站真题 | 日期：2026.06.03
(一) 规划扫描航线，单次任务，航线长度为a,航线间隔为b, 航线相对地面高度为c,水平速度为d,垂直速度为e,转弯模式为协 调转弯；
(二) a值为300米，b值为100米，c值为300m,d值为3m/s, e值为2m/s。
一： 题卡图形4号点经纬度： N:73°24'27 E:27°29'28
二： 起飞后需向SW方向飞行 600米到达”避让点“再执行 航线任务。避让点高度为320 米。 题卡图形1号点到”避让点 1 为SE方向500米处
三： 题卡图形2号点到题卡图 形3号点东偏南20度。"
gsec_9f19eb279e30,qbank_32b37a2f20be,doc_3c8542fa3ac3,实操题库_地面站考试条件_2026H1_地面站避让点题型.txt_107,实操题库_地面站考试条件_2026H1_地面站避让点题型.txt,2026H1,2026H1,2026-01-01,2026-06-30,CAAC执照考试地面站实操真题考试条件,地面站避让点题型,避让点题型-考试条件提取.docx,地面站考试真题（2026年1月-6月）/地面站避让点题型/避让点题型-考试条件提取.docx,108,121,603,山西01考场,山西,01考场,2026-06-03,5,经纬度换算;航向方位判断;夹角计算;避让点规划;速度高度参数设置;转弯停留循环设置;几何图形航线规划;题型:地面站避让点,doc_condition_count_mismatch;source_gap,"山西01考场地面站真题 | 日期：2026.06.03
(一) 按图规划一个闭合四边形并循环执行，①②、②③边长为 a,①④边长为b,∠②=∠①=90°，航线相对地面高度为c,水平 速度为d，垂直速度为e,转弯模式为停止转弯，停留时间5s;
(二) a值为200米，b值为300米，c值为300m，d值为 3m/s,e值为2m/s。
1、 题卡图形4号点经纬度： N:73°24'27” E:27°29′28”
2、 起飞后需向NW方向飞行 650米到达""避让点""再执行航 线任务，避让点高度为320米。 题卡图形1号点到""避让点""为 NE方向，距离450米处
3、 题卡图形2号点位于题卡图 形3号点北偏西25度。"
gsec_20b1c47120ec,qbank_32b37a2f20be,doc_3c8542fa3ac3,实操题库_地面站考试条件_2026H1_地面站避让点题型.txt_108,实操题库_地面站考试条件_2026H1_地面站避让点题型.txt,2026H1,2026H1,2026-01-01,2026-06-30,CAAC执照考试地面站实操真题考试条件,地面站避让点题型,避让点题型-考试条件提取.docx,地面站考试真题（2026年1月-6月）/地面站避让点题型/避让点题型-考试条件提取.docx,109,121,603,四川01考场,四川,01考场,2026-06-10,5,经纬度换算;航向方位判断;速度高度参数设置;转弯停留循环设置;几何图形航线规划;题型:地面站避让点,doc_condition_count_mismatch;source_gap,"四川01考场地面站真题 | 日期：2026.06.10
(一) 按图规划一个闭合但不循环的图形，①③、②③、②④、 ①④边长为400米，①点相对地面高度为a,②点相对地面高度为b, ③点相对地面高度为c,④点相对地面高度为d,水平速度为e, 垂直速度为f,转弯模式为停止转弯，停留时间2s;
(二) a值为20米，b值为25米，c值为30m,d值为35m, e值为4m/s,f值为2m/s。
1、 题卡图形③号点经纬度： E:28°29'30"" N:58°27′28”
2、 起飞后需向南偏东30°方 任务航线示意图： 向飞行650米到达""过渡点""再 执行航线任务。过渡点高度 为60米。 题卡图形①号点到""过渡点""为 SW方向，距离450米。
3、 现场风向为西南风，题卡图形③点到②点为正右侧风"
gsec_ff6e0f6c010c,qbank_32b37a2f20be,doc_3c8542fa3ac3,实操题库_地面站考试条件_2026H1_地面站避让点题型.txt_109,实操题库_地面站考试条件_2026H1_地面站避让点题型.txt,2026H1,2026H1,2026-01-01,2026-06-30,CAAC执照考试地面站实操真题考试条件,地面站避让点题型,避让点题型-考试条件提取.docx,地面站考试真题（2026年1月-6月）/地面站避让点题型/避让点题型-考试条件提取.docx,110,121,603,四川01考场,四川,01考场,2026-05-10,5,经纬度换算;航向方位判断;避让点规划;速度高度参数设置;转弯停留循环设置;几何图形航线规划;题型:地面站避让点,doc_condition_count_mismatch;source_gap,"四川01考场地面站真题 | 日期：2026.05.10
(一) 规划一个闭合六边形并循环执行，边长为a,①②③航点 相对地面高度为b,④⑤⑥航点相对地面高度为c,水平速度为d, 垂直速度为e,转弯方式为停止转弯，各点停留时间为f;
(二) a值为300米，b值为30米，c值为25m,d值为4m/s, e值为2m/s,f值为2s。
1、 题卡图形1号点经纬度： 3 N:28°28'28 E:120°12'12""
2、 起飞后需向SE方向飞行 600米到达“避让点”再执 行航线任务，避让点高度为 80米 题卡图形1号点位于“避让 点”NW方向500米处
3、 题卡图形1号点到题卡图 形2号点西偏南20度。"
gsec_08b60517d299,qbank_32b37a2f20be,doc_3c8542fa3ac3,实操题库_地面站考试条件_2026H1_地面站避让点题型.txt_110,实操题库_地面站考试条件_2026H1_地面站避让点题型.txt,2026H1,2026H1,2026-01-01,2026-06-30,CAAC执照考试地面站实操真题考试条件,地面站避让点题型,避让点题型-考试条件提取.docx,地面站考试真题（2026年1月-6月）/地面站避让点题型/避让点题型-考试条件提取.docx,111,121,603,四川01考场,四川,01考场,2026-06-10,5,经纬度换算;航向方位判断;避让点规划;速度高度参数设置;转弯停留循环设置;几何图形航线规划;题型:地面站避让点,doc_condition_count_mismatch;source_gap,"四川01考场地面站真题 | 日期：2026.06.10
(一) 规划一个闭合六边形并循环执行，边长为a,①②③航点 相对地面高度为b,④⑤⑥航点相对地面高度为c，,水平速度为d,垂 直速度为e,转弯方式为停止转弯，各点停留时间为f;(闭合要求： 闭合点高度和经纬度必须一致)。
(二) a值为300米，b值为30米，c值为25m,d值为4m/s, e值为2m/s,f值为5s。
1、 题卡图形4号点经纬度： 3 N:28°27′26” E:120°21'22""
2、 起飞后需向SE方向飞行600 米到达""避让点""再执行航线任 务。避让点高度为80米。 题卡图形1号点位于""避让点” SW方向500米处。
3、 题卡图形2号点到题卡图形1 号点西偏南20度。"
gsec_06dbe1d104b4,qbank_32b37a2f20be,doc_3c8542fa3ac3,实操题库_地面站考试条件_2026H1_地面站避让点题型.txt_111,实操题库_地面站考试条件_2026H1_地面站避让点题型.txt,2026H1,2026H1,2026-01-01,2026-06-30,CAAC执照考试地面站实操真题考试条件,地面站避让点题型,避让点题型-考试条件提取.docx,地面站考试真题（2026年1月-6月）/地面站避让点题型/避让点题型-考试条件提取.docx,112,121,603,四川01考场,四川,01考场,2026-06-10,5,经纬度换算;夹角计算;速度高度参数设置;转弯停留循环设置;几何图形航线规划;题型:地面站避让点,doc_condition_count_mismatch;source_gap,"四川01考场地面站真题 | 日期：2026.06.10
(一) 按图规划一个闭合四边形并循环执行，①②、②③边长为a, ①④边长为b,∠②=∠①=90°。航线相对地面高度为c,水平速度为d, 垂直速度为e,转弯模式为停止转弯，停留时间5s;
(二) a值为300米，b值为420米，c值为300米，d值为3m/s, e值为2m/s.
1、 题卡图形④号点经纬度： E:102°27'28"" N:28°27'29""
2、 起飞后需向西偏北15°方向 飞行650米到达""过渡点""再执行 航线任务。过渡点高度为320米。 现场风向为东北风，题卡图形 ①号点到""过渡点”为逆风飞行 ,距离450米。
3、 题卡图形④到题卡图形① 为正左侧风。"
gsec_0cee65192f88,qbank_32b37a2f20be,doc_3c8542fa3ac3,实操题库_地面站考试条件_2026H1_地面站避让点题型.txt_112,实操题库_地面站考试条件_2026H1_地面站避让点题型.txt,2026H1,2026H1,2026-01-01,2026-06-30,CAAC执照考试地面站实操真题考试条件,地面站避让点题型,避让点题型-考试条件提取.docx,地面站考试真题（2026年1月-6月）/地面站避让点题型/避让点题型-考试条件提取.docx,113,121,603,四川01考场,四川,01考场,2026-05-10,5,经纬度换算;航向方位判断;夹角计算;避让点规划;速度高度参数设置;转弯停留循环设置;几何图形航线规划;题型:地面站避让点,doc_condition_count_mismatch;source_gap,"四川01考场地面站真题 | 日期：2026.05.10
(一) 按图规划一个闭合四边形并循环执行，②③边长为a, ①④边长为b,∠②=∠①=90°∠④=60·航线相对地面高度为c, 水平速度为d，垂直速度为e,转弯模式为停止转弯，停留时间6s;
(二) a值为200米，b值为300米，c值为200m,d值为 4m/s,e值为2m/s。
一： 避让点经纬度： N:38°38'38 E:120°20'20
二： 起飞后需向SW方向飞 行600米到达”避让点”再 执行航线任务，避让点高度 为230米 题卡图形1号点到”避让点” 航向为NE方向距离500米处
三： 题卡图形2号点位于题卡 图形3号点西偏南40度。"
gsec_b5ac08dad79c,qbank_32b37a2f20be,doc_3c8542fa3ac3,实操题库_地面站考试条件_2026H1_地面站避让点题型.txt_113,实操题库_地面站考试条件_2026H1_地面站避让点题型.txt,2026H1,2026H1,2026-01-01,2026-06-30,CAAC执照考试地面站实操真题考试条件,地面站避让点题型,避让点题型-考试条件提取.docx,地面站考试真题（2026年1月-6月）/地面站避让点题型/避让点题型-考试条件提取.docx,114,121,603,四川01考场,四川,01考场,2026-06-10,5,经纬度换算;航向方位判断;夹角计算;速度高度参数设置;转弯停留循环设置;几何图形航线规划;题型:地面站避让点,doc_condition_count_mismatch;source_gap,"四川01考场地面站真题 | 日期：2026.06.10
(一) 按图规划一个闭合四边形并循环执行，①②、②③边长为a, ①④边长为b,∠②=∠①=90°。航线相对地面高度为c,水平速度为d, 垂直速度为e,转弯模式为停止转弯，停留时间5s;
(二) a值为300米，b值为420米，c值为300米，d值为3m/s, e值为2m/s。
1、 题卡图形④号点经纬度： E:102°27'28"" N:28°27'29”
2、 起飞后需向西偏北30°方向 飞行650米到达""过渡点""再执行 航线任务。过渡点高度为320米。 题卡图形①号点到“过渡点”为 SW方向，距离450米。
3、 现场风向为西北风，题卡 图形③到题卡图形②为逆风飞行"
gsec_f9b1f1ee42fd,qbank_32b37a2f20be,doc_3c8542fa3ac3,实操题库_地面站考试条件_2026H1_地面站避让点题型.txt_114,实操题库_地面站考试条件_2026H1_地面站避让点题型.txt,2026H1,2026H1,2026-01-01,2026-06-30,CAAC执照考试地面站实操真题考试条件,地面站避让点题型,避让点题型-考试条件提取.docx,地面站考试真题（2026年1月-6月）/地面站避让点题型/避让点题型-考试条件提取.docx,115,121,603,四川01考场,四川,01考场,2026-05-10,5,经纬度换算;航向方位判断;夹角计算;避让点规划;速度高度参数设置;转弯停留循环设置;几何图形航线规划;题型:地面站避让点,doc_condition_count_mismatch;source_gap,"四川01考场地面站真题 | 日期：2026.05.10
(一) 规划一个闭合五边形并循环执行，①②、②③、①⑤边的边长为a, ∠②=∠①为90°，∠④=90°航线相对地面高度为b,水平速度为c,垂直 速度为d,转弯模式为停止转弯，各点停留时间为e;
(二) a值为300米，b值为300米，c值为3m/s,d值为2m/s,e值 为10s。
一： 题卡图形1号点经纬 3 度： N:42°36'12"" E:120°42'12""
二： 起飞后需向NE方向飞 任务航线示意图： 行600米到达”避让点”再 执行航线任务，避让点高度 为320米 题卡图形1号点位于”避让 点”NW方向500米处
三： 题卡图形1号点到题卡 图形2号点西偏南15度。"
gsec_ab5ceac143e3,qbank_32b37a2f20be,doc_3c8542fa3ac3,实操题库_地面站考试条件_2026H1_地面站避让点题型.txt_115,实操题库_地面站考试条件_2026H1_地面站避让点题型.txt,2026H1,2026H1,2026-01-01,2026-06-30,CAAC执照考试地面站实操真题考试条件,地面站避让点题型,避让点题型-考试条件提取.docx,地面站考试真题（2026年1月-6月）/地面站避让点题型/避让点题型-考试条件提取.docx,116,121,603,四川01考场,四川,01考场,2026-06-10,5,经纬度换算;航向方位判断;夹角计算;避让点规划;速度高度参数设置;转弯停留循环设置;几何图形航线规划;题型:地面站避让点,doc_condition_count_mismatch;source_gap,"四川01考场地面站真题 | 日期：2026.06.10
(一） 规划一个闭合五边形并循环执行，①②、②③、①⑤边的边长为a, ∠②=∠①为90°，∠④=90°。航线相对地面高度为b,水平速度为c,垂直速 度为d,转弯模式为停止转弯，各点停留时间为e；
(二) a值为300米，b值为300米，c值为3m/s,d值为2m/s,e值为10s。
1、 题卡图形1号点经纬度： N:36°36'36"" E:120°20'20”
2、 起飞后需向NE方向飞行600 米到达""避让点""再执行航线任 务。避让点高度为360米。 题卡图形1号点在""避让点""NW ☆月 方向600米处。
3、 题卡图形1号点位于题卡图 形2号点西偏南16度。"
gsec_387869d6a222,qbank_32b37a2f20be,doc_3c8542fa3ac3,实操题库_地面站考试条件_2026H1_地面站避让点题型.txt_116,实操题库_地面站考试条件_2026H1_地面站避让点题型.txt,2026H1,2026H1,2026-01-01,2026-06-30,CAAC执照考试地面站实操真题考试条件,地面站避让点题型,避让点题型-考试条件提取.docx,地面站考试真题（2026年1月-6月）/地面站避让点题型/避让点题型-考试条件提取.docx,117,121,603,云南01考场,云南,01考场,2026-05-22,5,经纬度换算;航向方位判断;夹角计算;避让点规划;空域地形限制处理;速度高度参数设置;转弯停留循环设置;几何图形航线规划;题型:地面站避让点,doc_condition_count_mismatch;source_gap,"云南01考场地面站真题 | 日期：2026.05.22
(一) 按图规划一个闭合四边形并不循环执行，①②边、②③边边 长为a,①④边边长为b,∠①=∠②=90·航线相对地面高度为c, 水平速度为d，垂直速度为e,转弯模式为停止转弯，停留时间5s;
(二) a值为200米，b值为400米，c值为300m,d值为 4m/s,e值为3m/s。
一： 题卡图形2号点经纬度： N:37°3626"" E:144°34'26
二： 由于空城限制，起飞 后需向NW方向飞行1500 米到达”避让点“再执行 航线任务。题卡图形1号 点到”避让点“的方向为 SW,距离900米
三： 题卡图形2号点位于题 卡图形3号点东偏北15度。"
gsec_d82c308065a0,qbank_32b37a2f20be,doc_3c8542fa3ac3,实操题库_地面站考试条件_2026H1_地面站避让点题型.txt_117,实操题库_地面站考试条件_2026H1_地面站避让点题型.txt,2026H1,2026H1,2026-01-01,2026-06-30,CAAC执照考试地面站实操真题考试条件,地面站避让点题型,避让点题型-考试条件提取.docx,地面站考试真题（2026年1月-6月）/地面站避让点题型/避让点题型-考试条件提取.docx,118,121,603,云南01考场,云南,01考场,2026-05-22,4,经纬度换算;航向方位判断;夹角计算;避让点规划;空域地形限制处理;速度高度参数设置;转弯停留循环设置;几何图形航线规划;起飞返航点定位;题型:地面站避让点,doc_condition_count_mismatch;source_gap,"云南01考场地面站真题 | 日期：2026.05.22
(一) 规划一个闭合五边形并循环执行，①②、②③、③④、④⑤、①⑤边 的边长为a,∠②=∠①为90°，航线相对地面高度为b,水平速度为c，垂直 速度为d,转弯模式为停止转弯，各点停留时间为e;
(二) a值为300米，b值为70米，c值为3m/s,，d值为2m/s,e值为 11s。
二： 由于空域限制：起 飞后需向NE方向飞行200 米到达”避让点”再执 行航线任务 ☆起飞点（返航点 提卡图形1号点位于“避让 点”的NW方向500米处。
三： 题卡图形1号点位于题 卡图形2号点的北偏西35度。"
gsec_0292b7ff8ade,qbank_32b37a2f20be,doc_3c8542fa3ac3,实操题库_地面站考试条件_2026H1_地面站避让点题型.txt_118,实操题库_地面站考试条件_2026H1_地面站避让点题型.txt,2026H1,2026H1,2026-01-01,2026-06-30,CAAC执照考试地面站实操真题考试条件,地面站避让点题型,避让点题型-考试条件提取.docx,地面站考试真题（2026年1月-6月）/地面站避让点题型/避让点题型-考试条件提取.docx,119,121,603,浙江01考场,浙江,01考场,2026-05-27,5,经纬度换算;航向方位判断;避让点规划;速度高度参数设置;转弯停留循环设置;几何图形航线规划;题型:地面站避让点,doc_condition_count_mismatch;source_gap,"浙江01考场地面站真题 | 日期：2026.05.27
(一) 按图规划一个闭合的任务航线并循环执行，①③、②③、 ②④、①④边长为300米，①点相对地面高度为a,②点相对地面高 度为b，③点相对地面高度为c，④点相对地面高度为d，水平速 度为e，垂直速度为f，转弯模式为停止转弯，停留时间2s;
(二) a值为20米，b值为25米，c值为30m,d值为20m, e值为2m/s,f值为2m/s。
1、 题卡图形1号点经纬度： N:32°29'28"" E:121°46′18""
2、 起飞后需向SW方向飞行 600米到达""避让点""再执行航 线任务。避让点高度为80米。 题卡图形1号点位于”避让点” SE方向500米处。
3、 题卡图形3号点到题卡图形 2号点西偏南30度。"
gsec_6a88f93e46e5,qbank_32b37a2f20be,doc_3c8542fa3ac3,实操题库_地面站考试条件_2026H1_地面站避让点题型.txt_119,实操题库_地面站考试条件_2026H1_地面站避让点题型.txt,2026H1,2026H1,2026-01-01,2026-06-30,CAAC执照考试地面站实操真题考试条件,地面站避让点题型,避让点题型-考试条件提取.docx,地面站考试真题（2026年1月-6月）/地面站避让点题型/避让点题型-考试条件提取.docx,120,121,603,浙江01考场,浙江,01考场,2026-05-27,5,经纬度换算;航向方位判断;避让点规划;速度高度参数设置;转弯停留循环设置;几何图形航线规划;题型:地面站避让点,doc_condition_count_mismatch;possible_incomplete_latlon_pair;source_gap,"浙江01考场地面站真题 | 日期：2026.05.27
(一) 规划一个闭合六边形航线，不循环执行，边长为a,①②③ 航点相对地面高度为b,④⑤⑥航点相对地面高度为c,水平速度为d ，垂直速度为e,转弯方式为停止转弯，各点停留时间为f；
(二) a值为300米，b值为35米，c值为25m,d值为4m/s, e值为2m/s,f值为2s。
1、 题卡图形2号点经纬度： 3 :36°25′26” E:110°12'12""
2、 起飞后需向SW方向飞行 6 400米到达""避让点""再执行航 线任务。避让点高度为70米。 题卡图形1号点位于”避让点” SE方向400米处。
3、 题卡图形2号点到题卡图形 1号点西偏南15度。"
gsec_9b00a37d82e4,qbank_32b37a2f20be,doc_3c8542fa3ac3,实操题库_地面站考试条件_2026H1_地面站避让点题型.txt_120,实操题库_地面站考试条件_2026H1_地面站避让点题型.txt,2026H1,2026H1,2026-01-01,2026-06-30,CAAC执照考试地面站实操真题考试条件,地面站避让点题型,避让点题型-考试条件提取.docx,地面站考试真题（2026年1月-6月）/地面站避让点题型/避让点题型-考试条件提取.docx,121,121,603,浙江01考场,浙江,01考场,2026-06-06,5,经纬度换算;航向方位判断;夹角计算;避让点规划;速度高度参数设置;转弯停留循环设置;几何图形航线规划;题型:地面站避让点,doc_condition_count_mismatch;source_gap,"浙江01考场地面站真题 | 日期：2026.06.06
(一) 按图规划一个闭合四边形并循环执行，①②、②③边长为a, ①④边长为b,∠②=∠①=90°。航线相对地面高度为c,水平速度为d, 垂直速度为e,转弯模式为停止转弯，停留时间5s;
(二) a值为200米，b值为300米，c值为300m,d值为3m/s, e值为2m/s.
1、 题卡图形③号点经纬度： N:30°31'30” E:120°10'10""
2、 起飞后需向S方向飞行650 米到达""避让点""再前往题卡图 形①点。到避让点停留30秒。 题卡图形①号点在""避让点”SW方向450米处。
3、 题卡图形②号点位于题卡图 形③号点NW方向。"
gsec_cae90e4b9e3e,qbank_ea4090eca253,doc_6861236c5df5,实操题库_地面站考试条件_2026H1_夹角题题型.txt_0,实操题库_地面站考试条件_2026H1_夹角题题型.txt,2026H1,2026H1,2026-01-01,2026-06-30,CAAC执照考试地面站实操真题考试条件,夹角题题型,夹角题-考试条件提取.docx,地面站考试真题（2026年1月-6月）/夹脚题题型/夹角题-考试条件提取.docx,1,53,509,安徽03考场,安徽,03考场,2026-05-28,9,经纬度换算;航向方位判断;夹角计算;速度高度参数设置;转弯停留循环设置;几何图形航线规划;起飞返航点定位;题型:夹角题,,"安徽03考场地面站真题 | 日期：2026.05.28
1. 该任务航线为如图直角梯形，航线高度为100M
2. 该直角梯形航线长度如图所示 距离航点1：200米
3. 起飞点/返航点要求∠H12=45°，∠H14=135°
4. 水平速度为 5m/s
5. 垂直速度为 3m/s
6. 航向（或位置要求） 3点位于2点(SW)方向，∠3=45°
7. 转弯模式为 协调转弯
8. 是否循环执行 任务航线执行大于2次
9. 起飞点（返航点）经纬度：109.1385°，28.7392° 与航线高度保持一致"
gsec_6cc5bbe791be,qbank_ea4090eca253,doc_6861236c5df5,实操题库_地面站考试条件_2026H1_夹角题题型.txt_1,实操题库_地面站考试条件_2026H1_夹角题题型.txt,2026H1,2026H1,2026-01-01,2026-06-30,CAAC执照考试地面站实操真题考试条件,夹角题题型,夹角题-考试条件提取.docx,地面站考试真题（2026年1月-6月）/夹脚题题型/夹角题-考试条件提取.docx,2,53,509,江西02考场,江西,02考场,2026-04-23,5,经纬度换算;夹角计算;速度高度参数设置;转弯停留循环设置;几何图形航线规划;起飞返航点定位;题型:夹角题,,"江西02考场地面站真题 | 日期：2026.04.23
(一) 按图于起飞点前规划一个五边形并循环执行，①②边及② ③ 边的边长为 a,③④边长为①②边长的一半， ∠②=∠④=∠①为 90°，航线相对地面高度为b,水平速度为c,垂直速度为d,转弯 模式为停止转弯，各点停留时间为e;
(二) a值为300米，b值为60米，c值为3m/s ，d值为2m/s,e 值为5s。
一、 起飞点经纬度： N:28°30′32” E:115°06’32”
二、 起飞点到任务航 线4点和5点的距离 相等，∠H53=30°
三、 任务航线2点位 于3点南偏东25°"
gsec_f193e62575ba,qbank_ea4090eca253,doc_6861236c5df5,实操题库_地面站考试条件_2026H1_夹角题题型.txt_2,实操题库_地面站考试条件_2026H1_夹角题题型.txt,2026H1,2026H1,2026-01-01,2026-06-30,CAAC执照考试地面站实操真题考试条件,夹角题题型,夹角题-考试条件提取.docx,地面站考试真题（2026年1月-6月）/夹脚题题型/夹角题-考试条件提取.docx,3,53,509,内蒙古01考场,内蒙古,01考场,2026-05-06,10,经纬度换算;航向方位判断;夹角计算;速度高度参数设置;转弯停留循环设置;几何图形航线规划;起飞返航点定位;题型:夹角题,,"内蒙古01考场地面站真题 | 日期：2026.05.06
1. 该任务航线为如图直角梯形，航线高度为85M
2. 该直角梯形航线长度为如图∠④=60°
3. 起飞点/返航点要求∠H①④=150°（夹角朝向图形外侧） H到①距离90米
4. 水平速度为 5m/s
5. 垂直速度为 4 m/s
6. 航向（或位置要求） ③点位于④点SW方向
7. 转弯模式为 停止转弯，各点停留时间6秒
8. 是否循环执行 任务航线闭合不循环，任务完成后原地悬停
9. 起飞点（返航点）经纬度：104.4665°，30.8657°
10. 起飞点高度为航线高度"
gsec_c53977f60aa2,qbank_ea4090eca253,doc_6861236c5df5,实操题库_地面站考试条件_2026H1_夹角题题型.txt_3,实操题库_地面站考试条件_2026H1_夹角题题型.txt,2026H1,2026H1,2026-01-01,2026-06-30,CAAC执照考试地面站实操真题考试条件,夹角题题型,夹角题-考试条件提取.docx,地面站考试真题（2026年1月-6月）/夹脚题题型/夹角题-考试条件提取.docx,4,53,509,湖南01考场,湖南,01考场,2026-05-11,10,经纬度换算;航向方位判断;夹角计算;速度高度参数设置;转弯停留循环设置;几何图形航线规划;起飞返航点定位;题型:夹角题,,"湖南01考场地面站真题 | 日期：2026.05.11
1. 该图形航线高度为 45M
2. 该图形航线长度为 ①②=100米②③=60米①④=100米
3. 该图形角度为 ∠2=∠3=90°
4. 相对坐标/H点要求 ①点位于④(WS)方向/H距离①点50米
5. 水平速度为 5 M/s
6. 垂直速度为 7.2 KM/H
7. 航向为（或位置要求 ∠H①②=130°(朝图形外侧)
8. 转弯模式为 定点转弯
9. 是否循环执行 闭合不循环任务完成后返航
10. 起飞点（返航点）经纬度：104.4615°，30.8697°"
gsec_896ee87c64b8,qbank_ea4090eca253,doc_6861236c5df5,实操题库_地面站考试条件_2026H1_夹角题题型.txt_4,实操题库_地面站考试条件_2026H1_夹角题题型.txt,2026H1,2026H1,2026-01-01,2026-06-30,CAAC执照考试地面站实操真题考试条件,夹角题题型,夹角题-考试条件提取.docx,地面站考试真题（2026年1月-6月）/夹脚题题型/夹角题-考试条件提取.docx,5,53,509,云南03考场,云南,03考场,2026-05-14,10,经纬度换算;航向方位判断;夹角计算;速度高度参数设置;转弯停留循环设置;几何图形航线规划;起飞返航点定位;题型:夹角题,,"云南03考场地面站真题 | 日期：2026.05.14
1. 该任务航线为如图直角梯形，航线高度为160M
2. 该直角梯形航线长度为如图所示，∠④=60°
3. 起飞点/返航点要求起飞点到①点方向(SE)方向140米处
4. 水平速度为 5 m/s
5. 垂直速度为 3 m/s
6. 航向为（或位置要求） ∠H①④=155° 90m (夹角朝向图形外侧)
7. 转弯模式为 停止转弯，各点停留时间5秒
8. 是否循环执行 任务航线闭合不循环，任务完成后原地悬停
9. 起飞点（返航点）经纬度：106.2122°，38.5584°（要求0误差）
10. 起飞点高度为60米"
gsec_79b6d9919a05,qbank_ea4090eca253,doc_6861236c5df5,实操题库_地面站考试条件_2026H1_夹角题题型.txt_5,实操题库_地面站考试条件_2026H1_夹角题题型.txt,2026H1,2026H1,2026-01-01,2026-06-30,CAAC执照考试地面站实操真题考试条件,夹角题题型,夹角题-考试条件提取.docx,地面站考试真题（2026年1月-6月）/夹脚题题型/夹角题-考试条件提取.docx,6,53,509,云南03考场,云南,03考场,2026-05-14,13,经纬度换算;航向方位判断;夹角计算;速度高度参数设置;转弯停留循环设置;起飞返航点定位;题型:夹角题,,"云南03考场地面站真题 | 日期：2026.05.14
1) 航线高度：100米
2) 航线（航点1-航点2）航线长度：500米
3) 航线（航点3-航点4）航线长度：1000米
4) ∠1夹角角度：90°
5) ∠4夹角角度：90°
6) ∠3夹角角度：45°
7) 飞行器水平速度：12m/s
8) 飞行器垂直速度：2m/s
9) 航点3位于航点2方向：SW
10) 飞行器转弯模式：协调转弯
11) 飞行任务执行次数：大于1次
12) Home点（起飞点&返航点）要求：经纬度：109.1385°28.7392°高度要求：与航线高度一致
14) Home点（起飞点&返航点）位置要求：∠H12=45°∠H14=135°、距离航点1：200米"
gsec_cc14d622a981,qbank_ea4090eca253,doc_6861236c5df5,实操题库_地面站考试条件_2026H1_夹角题题型.txt_6,实操题库_地面站考试条件_2026H1_夹角题题型.txt,2026H1,2026H1,2026-01-01,2026-06-30,CAAC执照考试地面站实操真题考试条件,夹角题题型,夹角题-考试条件提取.docx,地面站考试真题（2026年1月-6月）/夹脚题题型/夹角题-考试条件提取.docx,7,53,509,云南03考场,云南,03考场,2026-05-14,13,经纬度换算;航向方位判断;夹角计算;速度高度参数设置;转弯停留循环设置;起飞返航点定位;题型:夹角题,possible_incomplete_latlon_pair,"云南03考场地面站真题 | 日期：2026.05.14
1) 航线高度：100米
2) 航线（航点1-航点2）航线长度：500米
3) 航线（航点3-航点4）航线长度：1000米
4) ∠1夹角角度：90°
5) ∠4夹角角度：90°
6) ∠3夹角角度：60°
7) 飞行器水平速度：13m/s
8) 飞行器垂直速度：3m/s
9) 航点1位于航点4方向：SE
10) 飞行器转弯模式：停止转弯，停留时间：9s
11) 飞行任务执行次数：1次
12) Home点（起飞点&返航点）要求：经纬度：109.1385°28.7392°高度要求：与航线高度一致
14) Home点（起飞点&返航点）位置要求：∠H12=45°∠H14=135°、距离航点1：200米"
gsec_e3f3657ca2ea,qbank_ea4090eca253,doc_6861236c5df5,实操题库_地面站考试条件_2026H1_夹角题题型.txt_7,实操题库_地面站考试条件_2026H1_夹角题题型.txt,2026H1,2026H1,2026-01-01,2026-06-30,CAAC执照考试地面站实操真题考试条件,夹角题题型,夹角题-考试条件提取.docx,地面站考试真题（2026年1月-6月）/夹脚题题型/夹角题-考试条件提取.docx,8,53,509,陕西03考场,陕西,03考场,2026-05-14,10,经纬度换算;航向方位判断;夹角计算;速度高度参数设置;转弯停留循环设置;几何图形航线规划;起飞返航点定位;题型:夹角题,,"陕西03考场地面站真题 | 日期：2026.05.14
1. 该任务航线为如图直角梯形，航线高度为75M
2. 该直角梯形航线长度及角度如图所示，∠④=60°
3. 起飞点/返航点要求 起飞点位于④点(SW)方向，距离85米处
4. 水平速度为 5 m/s
5. 垂直速度为 2 m/s
6. 航向为（或位置要求） ∠H④①=70° (夹角朝向图形外侧且夹角朝向不经过任务航线)
7. 转弯模式为 协调转弯
8. 是否循环执行 任务航线闭合不循环执行，任务完成后原地悬停
9. 起飞点（返航点）经纬度：E118.5679°，N35.6169°（经纬度要求零误差）
10. 起飞点高度为航线高度 ③ 165M 95M"
gsec_2fcb8281cbc7,qbank_ea4090eca253,doc_6861236c5df5,实操题库_地面站考试条件_2026H1_夹角题题型.txt_8,实操题库_地面站考试条件_2026H1_夹角题题型.txt,2026H1,2026H1,2026-01-01,2026-06-30,CAAC执照考试地面站实操真题考试条件,夹角题题型,夹角题-考试条件提取.docx,地面站考试真题（2026年1月-6月）/夹脚题题型/夹角题-考试条件提取.docx,9,53,509,天津01考场,天津,01考场,2026-05-17,10,经纬度换算;航向方位判断;夹角计算;速度高度参数设置;转弯停留循环设置;几何图形航线规划;起飞返航点定位;题型:夹角题,,"天津01考场地面站真题 | 日期：2026.05.17
1. 该任务航线为如图等边三角形，航线高度为60M
2. 该等边三角形航线长度为120M
3. 起飞点/返航点要求起飞点位于②点（西偏南15°）方向，距离20米
4. 水平速度为 4m/s
5. 垂直速度为 3m/s
6. 航向（或位置要求） ∠H②①=70° (夹角朝向图形外侧，)
7. 转弯模式为停止转弯，1点停留时间3s,后续航点时间依次增加4秒
8. 是否循环执行 任务航线闭合不循环，任务完成后返航
9. 起飞点（返航点）经纬度：E114.6913°，N40.8953°（要求0误差）
10. 起飞点高度为航线高度减20米"
gsec_51dc47adbd4b,qbank_ea4090eca253,doc_6861236c5df5,实操题库_地面站考试条件_2026H1_夹角题题型.txt_9,实操题库_地面站考试条件_2026H1_夹角题题型.txt,2026H1,2026H1,2026-01-01,2026-06-30,CAAC执照考试地面站实操真题考试条件,夹角题题型,夹角题-考试条件提取.docx,地面站考试真题（2026年1月-6月）/夹脚题题型/夹角题-考试条件提取.docx,10,53,509,天津01考场,天津,01考场,2026-05-17,10,经纬度换算;航向方位判断;夹角计算;速度高度参数设置;转弯停留循环设置;几何图形航线规划;起飞返航点定位;题型:夹角题,,"天津01考场地面站真题 | 日期：2026.05.17
1. 该任务航线为如图五边形，航线高度为65M
2. 该图形航线长度为①②③⑤构成正方形，④点为正方形中心点 正方形边长为260米
3. 起飞点/返航点要求 起飞点位于①点（东偏南15°）方向，距离30米
4. 水平速度为 6 m/s
5. 垂直速度为 3 m/s
6. 航向（或位置要求） ∠H①②=130°（夹角朝向图形外侧）
7. 转弯模式为 停止转弯，各点停留时间3秒
8. 是否循环执行 任务航线闭合不循环，任务完成后返航
9. 起飞点（返航点）经纬度：E112.2244°，N36.1884°
10. 起飞点高度为航线高度减30米"
gsec_6cef91160dae,qbank_ea4090eca253,doc_6861236c5df5,实操题库_地面站考试条件_2026H1_夹角题题型.txt_10,实操题库_地面站考试条件_2026H1_夹角题题型.txt,2026H1,2026H1,2026-01-01,2026-06-30,CAAC执照考试地面站实操真题考试条件,夹角题题型,夹角题-考试条件提取.docx,地面站考试真题（2026年1月-6月）/夹脚题题型/夹角题-考试条件提取.docx,11,53,509,广东01考场,广东,01考场,2026-05-21,13,经纬度换算;航向方位判断;夹角计算;速度高度参数设置;转弯停留循环设置;起飞返航点定位;题型:夹角题,possible_incomplete_latlon_pair,"广东01考场地面站真题 | 日期：2026.05.21
1. 航线高度为100M
2. 航线（航点1-航点4） 航线长度：500米
3. 航线（航点2-航点3） 航线长度：1000米
4. ∠1夹角角度：90°
5. ∠2夹角角度：90°
6. ∠3夹角角度：60°
7. 飞行器水平速度为 13 m/s
8. 飞行器垂直速度为 3m/s
9. 航点1位于航点4方向：SE
10. 飞行器转弯模式 停止转弯/定点转弯各点停留时间9s
11. 飞行任务执行次数：1次
12. Home点（起飞点&返航点）要求：经纬度：109.1385°， 28.7392高度要求：与航线高度一致
12. Home点（起飞点&返航点）位置要求：∠H12=45°∠H14=135° 距离航点1：200米"
gsec_82213ec6b37e,qbank_ea4090eca253,doc_6861236c5df5,实操题库_地面站考试条件_2026H1_夹角题题型.txt_11,实操题库_地面站考试条件_2026H1_夹角题题型.txt,2026H1,2026H1,2026-01-01,2026-06-30,CAAC执照考试地面站实操真题考试条件,夹角题题型,夹角题-考试条件提取.docx,地面站考试真题（2026年1月-6月）/夹脚题题型/夹角题-考试条件提取.docx,12,53,509,山西02考场,山西,02考场,2026-05-26,6,经纬度换算;夹角计算;速度高度参数设置;转弯停留循环设置;几何图形航线规划;起飞返航点定位;题型:夹角题,,"山西02考场地面站真题 | 日期：2026.05.26
1、 如图所示规划一个等边三角形，1-2=1-3=2-3=60m
2、 起飞点距离2点长度为60m,∠32H=25°
3、 整体航线高度为90m,航线水平速度为7.2km/h,垂直爬升速度为2m/s
4、 转弯模式为：定点转弯，停留时间为3S
5、 图形循环模式为：闭合不循环
6、 1点的经纬度坐标为：E80.0877°N32.5077°（要求零误差）"
gsec_0956da6343ce,qbank_ea4090eca253,doc_6861236c5df5,实操题库_地面站考试条件_2026H1_夹角题题型.txt_12,实操题库_地面站考试条件_2026H1_夹角题题型.txt,2026H1,2026H1,2026-01-01,2026-06-30,CAAC执照考试地面站实操真题考试条件,夹角题题型,夹角题-考试条件提取.docx,地面站考试真题（2026年1月-6月）/夹脚题题型/夹角题-考试条件提取.docx,13,53,509,山西02考场,山西,02考场,2026-05-26,7,经纬度换算;夹角计算;速度高度参数设置;转弯停留循环设置;几何图形航线规划;起飞返航点定位;题型:夹角题,,"山西02考场地面站真题 | 日期：2026.05.26
1、 如图所示规划一个直角三角形，1-2=1-3=80m ∠1=90°
2、 起飞点距离2点长度为50m,起飞点位于航线外侧。
3、 ∠120为锐角度数=70°
4、 整体航线高度为70m,航线水平速度为10.8km/h,垂直爬升速度为2m/s
5、 转弯模式为：定点转弯，停留时间为5S
6、 图形循环模式为：闭合不循环
7、 1点的经纬度坐标为：N32.5077°E80.0877°（要求零误差）"
gsec_af0df85660b9,qbank_ea4090eca253,doc_6861236c5df5,实操题库_地面站考试条件_2026H1_夹角题题型.txt_13,实操题库_地面站考试条件_2026H1_夹角题题型.txt,2026H1,2026H1,2026-01-01,2026-06-30,CAAC执照考试地面站实操真题考试条件,夹角题题型,夹角题-考试条件提取.docx,地面站考试真题（2026年1月-6月）/夹脚题题型/夹角题-考试条件提取.docx,14,53,509,河南03考场,河南,03考场,2026-05-27,7,经纬度换算;夹角计算;速度高度参数设置;转弯停留循环设置;几何图形航线规划;起飞返航点定位;题型:夹角题,,"河南03考场地面站真题 | 日期：2026.05.27
1、 图形如下，任务航线为等边三角形，边长2-3=80m;
2、 H点为起飞点，起飞点到2点的距离为80m(如图所示H点在图形外侧)；
3、 航线高度为90m,水平速度为3m/s,垂直速度为2m/s;
4、 转弯模式为：定点转弯，1点停留3s,其余点停留时间=5s
5、 图形循环模式为：闭合循环3圈
6、 3到1的指向角度为160°
7、 起飞点的经纬度坐标为N31.3373°E95°28′24""（要求零误差） 45°"
gsec_831c1bb89885,qbank_ea4090eca253,doc_6861236c5df5,实操题库_地面站考试条件_2026H1_夹角题题型.txt_14,实操题库_地面站考试条件_2026H1_夹角题题型.txt,2026H1,2026H1,2026-01-01,2026-06-30,CAAC执照考试地面站实操真题考试条件,夹角题题型,夹角题-考试条件提取.docx,地面站考试真题（2026年1月-6月）/夹脚题题型/夹角题-考试条件提取.docx,15,53,509,辽宁01考场,辽宁,01考场,2026-04-15,10,经纬度换算;航向方位判断;夹角计算;速度高度参数设置;转弯停留循环设置;几何图形航线规划;起飞返航点定位;题型:夹角题,,"辽宁01考场地面站真题 | 日期：2026.04.15
1. 该任务航线为如图直角梯形，航线高度为85M
2. 该直角梯形航线长度为 如图所示，∠④=60°
3. 起飞点/返航点要求 起飞点到①点80米
4. 水平速度为 5 m/s
5. 垂直速度为 4 m/s
6. 航向（或位置要求） ∠H①④=150°，3位于4点NW
7. 转弯模式为 停止转弯，各点停留时间6秒
8. 是否循环执行 任务航线闭合不循环，任务完成后原地悬停
9. 起飞点（返航点）经纬度：104.4675°，30.8657°（要求0误差）
10. 起飞点高度为航线高度"
gsec_4916d3c2092a,qbank_ea4090eca253,doc_6861236c5df5,实操题库_地面站考试条件_2026H1_夹角题题型.txt_15,实操题库_地面站考试条件_2026H1_夹角题题型.txt,2026H1,2026H1,2026-01-01,2026-06-30,CAAC执照考试地面站实操真题考试条件,夹角题题型,夹角题-考试条件提取.docx,地面站考试真题（2026年1月-6月）/夹脚题题型/夹角题-考试条件提取.docx,16,53,509,上海02考场,上海,02考场,2026-05-27,11,经纬度换算;航向方位判断;夹角计算;速度高度参数设置;转弯停留循环设置;几何图形航线规划;起飞返航点定位;题型:夹角题,,"上海02考场地面站真题 | 日期：2026.05.27
1. 该任务航线为如图正六边形，航线高度为120M
2. 该正六边形航线总边长为300M
3. 起飞点/返航点要求 起飞点到1点NW,距离100米处
4. 水平速度为 6m/s
5. 垂直速度为 3m/s
6. 航向为（或位置要求） ∠H16=60°（夹角朝向图形外侧）。
7. 转弯模式为 停止转弯，各点停留时间7秒
8. 是否循环执行 任务航线闭合不循环，任务结束后返航
9. 起飞点（返航点）经纬度： E118.3776°，N35.1884°
10. 起飞点高度为航线高度
11. 所有条件均要求0误差"
gsec_66a1352482c4,qbank_ea4090eca253,doc_6861236c5df5,实操题库_地面站考试条件_2026H1_夹角题题型.txt_16,实操题库_地面站考试条件_2026H1_夹角题题型.txt,2026H1,2026H1,2026-01-01,2026-06-30,CAAC执照考试地面站实操真题考试条件,夹角题题型,夹角题-考试条件提取.docx,地面站考试真题（2026年1月-6月）/夹脚题题型/夹角题-考试条件提取.docx,17,53,509,山东08考场,山东,08考场,2026-05-27,10,经纬度换算;航向方位判断;夹角计算;速度高度参数设置;转弯停留循环设置;几何图形航线规划;起飞返航点定位;题型:夹角题,,"山东08考场地面站真题 | 日期：2026.05.27
1. 该任务航线为如图等边三角形，航线高度为60M
2. 该等边三角形航线总长为120M
3. 起飞点要求起飞点位于②点（西偏北15°）方向，距离20米
4. 水平速度为 4m/s
5. 垂直速度为 3m/s
6. 航向为（或位置要求） ∠H②①=140°（夹角朝向图形外侧）
7. 转弯模式为 停止转弯，各点停留时间5秒
8. 是否循环执行 任务航线闭合不循环，任务完成后原地悬停
9. 起飞点（返航点）经纬度：114.1844°，36.1848°
10. 起飞点高度为航线高度减20米"
gsec_e2b1d968b781,qbank_ea4090eca253,doc_6861236c5df5,实操题库_地面站考试条件_2026H1_夹角题题型.txt_17,实操题库_地面站考试条件_2026H1_夹角题题型.txt,2026H1,2026H1,2026-01-01,2026-06-30,CAAC执照考试地面站实操真题考试条件,夹角题题型,夹角题-考试条件提取.docx,地面站考试真题（2026年1月-6月）/夹脚题题型/夹角题-考试条件提取.docx,18,53,509,广东05考场,广东,05考场,2026-05-28,9,经纬度换算;航向方位判断;夹角计算;速度高度参数设置;转弯停留循环设置;几何图形航线规划;起飞返航点定位;题型:夹角题,,"广东05考场地面站真题 | 日期：2026.05.28
1. 该任务航线为如图等边三角形，航线高度为90M
2. 该等边三角形航线长度为80M
3. 起飞点/返航点要求∠H21=45°，H-2=80米
4. 水平速度为 3m/s
5. 垂直速度为 2m/s
6. 航向为（或位置要求） 3点到1点160°
7. 转弯模式为 停止转弯，1点停留3s,其余5s
8. 是否循环执行 任务航线闭合循环3圈
9. 起飞点（返航点）经纬度：95°20’24’，31.26°"
gsec_acfa0deabbe5,qbank_ea4090eca253,doc_6861236c5df5,实操题库_地面站考试条件_2026H1_夹角题题型.txt_18,实操题库_地面站考试条件_2026H1_夹角题题型.txt,2026H1,2026H1,2026-01-01,2026-06-30,CAAC执照考试地面站实操真题考试条件,夹角题题型,夹角题-考试条件提取.docx,地面站考试真题（2026年1月-6月）/夹脚题题型/夹角题-考试条件提取.docx,19,53,509,山东01考场,山东,01考场,2026-05-28,10,经纬度换算;航向方位判断;夹角计算;速度高度参数设置;转弯停留循环设置;几何图形航线规划;起飞返航点定位;题型:夹角题,,"山东01考场地面站真题 | 日期：2026.05.28
1. 该任务航线为如图直角三角形，航线高度为40M
2. 该等腰直角三角形航线边长为12和13边长相等为120米
3. 起飞点/返航点要求 起飞点到②点45°方向距离100米
4. 所有水平速度为 4m/s
5. 所有垂直速度为 3m/s
6. 航向为（或位置要求） ∠H②①=60°
7. 转弯模式为 停止转弯，1点停留时间1秒，后续航点依次增加2秒
8. 是否循环执行 任务航线闭合不循环
9. 起飞点（返航点）经纬度：30.2826°，104.4516
10. 起飞点高度为10米"
gsec_06b2c3144e72,qbank_ea4090eca253,doc_6861236c5df5,实操题库_地面站考试条件_2026H1_夹角题题型.txt_19,实操题库_地面站考试条件_2026H1_夹角题题型.txt,2026H1,2026H1,2026-01-01,2026-06-30,CAAC执照考试地面站实操真题考试条件,夹角题题型,夹角题-考试条件提取.docx,地面站考试真题（2026年1月-6月）/夹脚题题型/夹角题-考试条件提取.docx,20,53,509,陕西04考场,陕西,04考场,2026-05-29,11,经纬度换算;航向方位判断;夹角计算;速度高度参数设置;转弯停留循环设置;几何图形航线规划;起飞返航点定位;题型:夹角题,,"陕西04考场地面站真题 | 日期：2026.05.29
1. 该任务航线为：等边三角形
2. 该航线边长为：100米
3. 航线高度为60米
4. 起飞点/返航点要求∠H21=40°，∠H23=100° 起飞点位于2点100米处
5. 水平速度为 1 m/s
6. 垂直速度为 2 m/s
7. 航向（或位置要求） 3在1的SE方向
8. 转弯模式为 定点转弯
9. 是否循环执行 任务航线闭合不循环，各点悬停5s
10. 起飞点（返航点）经纬度：E104.4615°，N30.8697°（要求0误差）
11. 起飞点高度为航线高度"
gsec_a77b1587e859,qbank_ea4090eca253,doc_6861236c5df5,实操题库_地面站考试条件_2026H1_夹角题题型.txt_20,实操题库_地面站考试条件_2026H1_夹角题题型.txt,2026H1,2026H1,2026-01-01,2026-06-30,CAAC执照考试地面站实操真题考试条件,夹角题题型,夹角题-考试条件提取.docx,地面站考试真题（2026年1月-6月）/夹脚题题型/夹角题-考试条件提取.docx,21,53,509,陕西04考场,陕西,04考场,2026-05-29,11,经纬度换算;航向方位判断;夹角计算;速度高度参数设置;转弯停留循环设置;几何图形航线规划;起飞返航点定位;题型:夹角题,,"陕西04考场地面站真题 | 日期：2026.05.29
1. 该任务航线为如图正六边形，航线高度为60M
2. 航线长度为 H1=34=100M
3. 起飞点/返航点要求 ∠H12=∠H16=∠216
4. 水平速度为 1m/s
5. 垂直速度为 3m/s
6. 航向为（或位置要求） 1点到3点的方向为NE
7. 转弯模式为 停止转弯，各点停留时间5秒
8. 是否循环执行 任务航线闭合不循环，任务完成后原地悬停
9. 起飞点（返航点）经纬度： E118.3776°，N35.1844
10. 起飞点高度为航线高度
11. 所有条件均要求0误差。"
gsec_c811205d6b1d,qbank_ea4090eca253,doc_6861236c5df5,实操题库_地面站考试条件_2026H1_夹角题题型.txt_21,实操题库_地面站考试条件_2026H1_夹角题题型.txt,2026H1,2026H1,2026-01-01,2026-06-30,CAAC执照考试地面站实操真题考试条件,夹角题题型,夹角题-考试条件提取.docx,地面站考试真题（2026年1月-6月）/夹脚题题型/夹角题-考试条件提取.docx,22,53,509,陕西04考场,陕西,04考场,2026-05-29,11,经纬度换算;航向方位判断;夹角计算;速度高度参数设置;转弯停留循环设置;几何图形航线规划;起飞返航点定位;题型:夹角题,,"陕西04考场地面站真题 | 日期：2026.05.29
1. 该任务航线为直角梯形，∠2=135°
2. 该航线边长为：1-4=75米
3. 航线高度为70米
3. 起飞点/返航点要求∠H12=30°，∠H14=120°起飞点距离1点75米
4. 水平速度为1m/s
5. 垂直速度为 3 m/s
6. 航向（或位置要求） 4在3的NE方向140米处
7. 转弯模式为 停止转弯
8. 是否循环执行 任务航线闭合不循环，任务完成后 原地悬停，各点悬停5s
9. 起飞点（返航点）经纬度：E104.4612°，N30.8697°（要求0误差）
10. 起飞点高度为航线高度"
gsec_b27bdcd1de04,qbank_ea4090eca253,doc_6861236c5df5,实操题库_地面站考试条件_2026H1_夹角题题型.txt_22,实操题库_地面站考试条件_2026H1_夹角题题型.txt,2026H1,2026H1,2026-01-01,2026-06-30,CAAC执照考试地面站实操真题考试条件,夹角题题型,夹角题-考试条件提取.docx,地面站考试真题（2026年1月-6月）/夹脚题题型/夹角题-考试条件提取.docx,23,53,509,陕西04考场,陕西,04考场,2026-05-29,12,经纬度换算;航向方位判断;夹角计算;速度高度参数设置;转弯停留循环设置;几何图形航线规划;起飞返航点定位;题型:夹角题,,"陕西04考场地面站真题 | 日期：2026.05.29
1. 该任务航线为：直角三角形
2. 该航线边长为：1-2=45米
3. 航线高度为45米
4. 起飞点/返航点要求∠H12=40°，∠H13=130 起点到1点80米处“
5. 水平速度为 5 m/s
6. 垂直速度为 2 m/s
7. 航向（或位置要求） 2点在3点航向NE方向90米处
8. 转弯模式为 停止转弯
9. 是否循环执行 任务航线闭合不循环
10. 起飞点（返航点）经纬度：E105.4615°，N30.8697°（要求0误差）
11. 执行任务完成后：原地悬停
12. 起飞点高度：与航高一致"
gsec_305774a9fd44,qbank_ea4090eca253,doc_6861236c5df5,实操题库_地面站考试条件_2026H1_夹角题题型.txt_23,实操题库_地面站考试条件_2026H1_夹角题题型.txt,2026H1,2026H1,2026-01-01,2026-06-30,CAAC执照考试地面站实操真题考试条件,夹角题题型,夹角题-考试条件提取.docx,地面站考试真题（2026年1月-6月）/夹脚题题型/夹角题-考试条件提取.docx,24,53,509,河南06考场,河南,06考场,2026-06-02,12,经纬度换算;航向方位判断;夹角计算;速度高度参数设置;转弯停留循环设置;几何图形航线规划;起飞返航点定位;题型:夹角题,,"河南06考场地面站真题 | 日期：2026.06.02
1. 该任务航线为如图五边形，航线高度为70M
2. 该图形航线长度为 ①②③⑤构成正方形，④点为正方形中心点 正方形边长为160米
3. 起飞点/返航点要求 起飞点在①点方向(SE),距离120米
4. 水平速度为 3m/s
5. 垂直速度为 2m/s
6. 航向（或位置要求） ∠H①②=120°（夹角朝向图形外侧）
7. 转弯模式为 停止转弯，各点停留时间5秒
8. 是否循环执行 任务航线闭合不循环，任务完成后飞到起飞点 位置正上方15米高度并悬停等待；
9. 起飞点（返航点）经纬度：118.6123°，35.6394
10. 起飞点高度为航线高度
11. 所有数据要求0误差
12. H-1航线保留（实线、虚线都可）"
gsec_601f222f2eef,qbank_ea4090eca253,doc_6861236c5df5,实操题库_地面站考试条件_2026H1_夹角题题型.txt_24,实操题库_地面站考试条件_2026H1_夹角题题型.txt,2026H1,2026H1,2026-01-01,2026-06-30,CAAC执照考试地面站实操真题考试条件,夹角题题型,夹角题-考试条件提取.docx,地面站考试真题（2026年1月-6月）/夹脚题题型/夹角题-考试条件提取.docx,25,53,509,河南06考场,河南,06考场,2026-06-02,12,经纬度换算;航向方位判断;夹角计算;速度高度参数设置;转弯停留循环设置;几何图形航线规划;起飞返航点定位;题型:夹角题,,"河南06考场地面站真题 | 日期：2026.06.02
1. 该任务航线为如图五边形，航线高度为70M
2. 该图形航线长度为 ①②③⑤构成正方形，④点为正方形中心点 正方形边长为100米
3. 起飞点/返航点要求 起飞点在①点方向（东偏南30度）距离120米
4. 水平速度为 3m/s
5. 垂直速度为 2 m/s
6. 航向（或位置要求） ∠H①②=120°（夹角朝向图形外侧）
7. 转弯模式为 停止转弯，各点停留时间5秒
8. 是否循环执行 任务航线闭合不循环，任务完成后返航降落；
9. 起飞点（返航点）经纬度：118.6123°，35.6394°
10. 起飞点高度比航线高度低15米
11. 所有数据要求0误差
12. H-1航线保留（实线、虚线都可）"
gsec_5972fde74bdb,qbank_ea4090eca253,doc_6861236c5df5,实操题库_地面站考试条件_2026H1_夹角题题型.txt_25,实操题库_地面站考试条件_2026H1_夹角题题型.txt,2026H1,2026H1,2026-01-01,2026-06-30,CAAC执照考试地面站实操真题考试条件,夹角题题型,夹角题-考试条件提取.docx,地面站考试真题（2026年1月-6月）/夹脚题题型/夹角题-考试条件提取.docx,26,53,509,湖南02考场,湖南,02考场,2026-06-06,7,经纬度换算;夹角计算;速度高度参数设置;转弯停留循环设置;几何图形航线规划;起飞返航点定位;题型:夹角题,,"湖南02考场地面站真题 | 日期：2026.06.06
1、 图形如下，任务航线为等边三角形，边长2-3=80m;
2、 H点为起飞点，起飞点到2点的距离为80m(如图所示H点在图形外侧)；
3、 航线高度为90m,水平速度为3m/s,垂直速度为2m/s;
4、 转弯模式为：定点转弯，1点停留3s,其余点停留时间=5s
5、 图形循环模式为：闭合循环3圈
6、 3到1的指向角度为160°
7、 起飞点的经纬度坐标为N31.26°E95°20’24（要求零误差） 45°"
gsec_32d5d306a61a,qbank_ea4090eca253,doc_6861236c5df5,实操题库_地面站考试条件_2026H1_夹角题题型.txt_26,实操题库_地面站考试条件_2026H1_夹角题题型.txt,2026H1,2026H1,2026-01-01,2026-06-30,CAAC执照考试地面站实操真题考试条件,夹角题题型,夹角题-考试条件提取.docx,地面站考试真题（2026年1月-6月）/夹脚题题型/夹角题-考试条件提取.docx,27,53,509,四川02考场,四川,02考场,2026-06-06,7,经纬度换算;航向方位判断;夹角计算;速度高度参数设置;转弯停留循环设置;几何图形航线规划;起飞返航点定位;题型:夹角题,,"四川02考场地面站真题 | 日期：2026.06.06
1、 图形如下，任务航线为直角三角形，∠1=30°，边长1-3=80m
2、 起飞点如图所示距离3点120米；
3、 航线高度为120m,水平速度为3m/s,垂直速度为2m/s
4、 转弯模式为：定点转弯，停留时间=3S
5、 图形循环模式为：图形闭合不循环
6、 3到1的的指向角度为NE
7、 2点的坐标为：N31.2642°E95°20′24”°（要求零误差） 105°"
gsec_94212755cecb,qbank_ea4090eca253,doc_6861236c5df5,实操题库_地面站考试条件_2026H1_夹角题题型.txt_27,实操题库_地面站考试条件_2026H1_夹角题题型.txt,2026H1,2026H1,2026-01-01,2026-06-30,CAAC执照考试地面站实操真题考试条件,夹角题题型,夹角题-考试条件提取.docx,地面站考试真题（2026年1月-6月）/夹脚题题型/夹角题-考试条件提取.docx,28,53,509,辽宁01考场,辽宁,01考场,2026-03-15,10,经纬度换算;航向方位判断;夹角计算;速度高度参数设置;转弯停留循环设置;几何图形航线规划;起飞返航点定位;题型:夹角题,,"辽宁01考场地面站真题 | 日期：2026.03.15
1. 该任务航线为如图正六边形，航线高度为 70M
2. 该正六边形航线边长为 150M
3. 起飞点/返航点要求 起飞点到①点方向(NW),距离80米
4. 水平速度为 6m/s
5. 垂直速度为 4m/s
6. 航向为（或位置要求） ∠H①⑥=90°（夹角朝向图形外侧）
7. 转弯模式为 停止转弯，各点停留时间为6秒
8. 是否循环执行 任务航线闭合不循环，任务完成后返航
9. 起飞点（返航点）经纬度： 118.3776°，35.1844
10. 起飞点高度为航线高度"
gsec_23d79e854cee,qbank_ea4090eca253,doc_6861236c5df5,实操题库_地面站考试条件_2026H1_夹角题题型.txt_28,实操题库_地面站考试条件_2026H1_夹角题题型.txt,2026H1,2026H1,2026-01-01,2026-06-30,CAAC执照考试地面站实操真题考试条件,夹角题题型,夹角题-考试条件提取.docx,地面站考试真题（2026年1月-6月）/夹脚题题型/夹角题-考试条件提取.docx,29,53,509,内蒙古02考场,内蒙古,02考场,2026-04-06,10,经纬度换算;航向方位判断;夹角计算;速度高度参数设置;转弯停留循环设置;几何图形航线规划;起飞返航点定位;题型:夹角题,,"内蒙古02考场地面站真题 | 日期：2026.04.06
1. 该任务航线为如图直角三角形，航线高度为110M
2. 该直角三角形航线边长为如图
3. 起飞点/返航点要求 起飞点到②点方向为SW,距离120米
4. 所有水平速度为 5m/s
5. 所有垂直速度为 3m/s
6. 航向为（或位置要求） ∠H②①=150° ①50米② (夹角朝向图形外侧，夹角不经过图形内侧)
7. 转弯模式为 停止转弯,各点停留时间10秒
8. 是否循环执行 任务航线闭合不循环，任务完成后原地悬停
9. 起飞点（返航点）经纬度：17.5409°，39.5537°（要求0误差）
10. 起飞点高度为航线高度"
gsec_498e4fbc38d1,qbank_ea4090eca253,doc_6861236c5df5,实操题库_地面站考试条件_2026H1_夹角题题型.txt_29,实操题库_地面站考试条件_2026H1_夹角题题型.txt,2026H1,2026H1,2026-01-01,2026-06-30,CAAC执照考试地面站实操真题考试条件,夹角题题型,夹角题-考试条件提取.docx,地面站考试真题（2026年1月-6月）/夹脚题题型/夹角题-考试条件提取.docx,30,53,509,内蒙古02考场,内蒙古,02考场,2026-04-06,12,经纬度换算;航向方位判断;夹角计算;速度高度参数设置;转弯停留循环设置;几何图形航线规划;起飞返航点定位;题型:夹角题,,"内蒙古02考场地面站真题 | 日期：2026.04.06
1. 该任务航线为如图扫描航线，航线高度为120M
2. 该扫描航线单边长度为500M
3. 该扫描航线间隔为 100M
4. 起飞点/返航点要求起飞点到①点(SE)方向，距离150米
5. 所有水平速度为 4m/s
5. 所有垂直速度为 2 m/s
6. 航向为（或位置要求∠H①②=80° (夹角朝向图形外侧，夹角不经过图形内侧)
7. 转弯模式为 协调转弯
8. 是否循环执行 任务航线闭合不循环，任务完成后返航
9. 起飞点（返航点）经纬度：117.5409°，39.5537°（要求0误差）
10. 起飞点高度为航线高度
11. 返航高度与航线高度保持一致"
gsec_dfe6347be68e,qbank_ea4090eca253,doc_6861236c5df5,实操题库_地面站考试条件_2026H1_夹角题题型.txt_30,实操题库_地面站考试条件_2026H1_夹角题题型.txt,2026H1,2026H1,2026-01-01,2026-06-30,CAAC执照考试地面站实操真题考试条件,夹角题题型,夹角题-考试条件提取.docx,地面站考试真题（2026年1月-6月）/夹脚题题型/夹角题-考试条件提取.docx,31,53,509,内蒙古02考场,内蒙古,02考场,2026-04-06,10,经纬度换算;航向方位判断;夹角计算;速度高度参数设置;转弯停留循环设置;几何图形航线规划;起飞返航点定位;题型:夹角题,,"内蒙古02考场地面站真题 | 日期：2026.04.06
1. 该任务航线为如图五边形，航线高度为70M
2. 该图形航线长度为 任务航线每条边长为160米
3. 起飞点/返航点要求 起飞点位于①点(NW)方向，距离120米
4. 水平速度为 5m/s
5. 垂直速度为 2m/s
6. 航向（或位置要求） ∠H①⑤=135° (夹角朝向图形外侧，夹角不经过图形内侧)
7. 转弯模式为 停止转弯，各点停留时间10秒
8. 是否循环执行 任务航线闭合不循环，任务完成后原地悬停
9. 起飞点（返航点）经纬度：117.5409°，39.5537°（要求0误差）
10. 起飞点高度为航线高度"
gsec_5769abd28b89,qbank_ea4090eca253,doc_6861236c5df5,实操题库_地面站考试条件_2026H1_夹角题题型.txt_31,实操题库_地面站考试条件_2026H1_夹角题题型.txt,2026H1,2026H1,2026-01-01,2026-06-30,CAAC执照考试地面站实操真题考试条件,夹角题题型,夹角题-考试条件提取.docx,地面站考试真题（2026年1月-6月）/夹脚题题型/夹角题-考试条件提取.docx,32,53,509,内蒙古02考场,内蒙古,02考场,2026-04-06,10,经纬度换算;航向方位判断;夹角计算;速度高度参数设置;转弯停留循环设置;几何图形航线规划;起飞返航点定位;题型:夹角题,,"内蒙古02考场地面站真题 | 日期：2026.04.06
1. 该任务航线为如图直角梯形，航线高度为75M
2. 该直角梯形航线长度为 如图所示
3. 起飞点/返航点要求起飞点到①点方向(NW)方向70米处
4. 水平速度为 6 m/s
5. 垂直速度为 3 m/s
6. 航向（或位置要求） H①④=130° 65m (夹角朝向图形外侧，夹角不经过图形内侧)
7. 转弯模式为 停止转弯，各点停留时间8秒
8. 是否循环执行 任务航线闭合不循环，任务完成后返航
9. 起飞点（返航点）经纬度：117.5409°，39.5537°（要求0误差）
10. 起飞点高度为航线高度"
gsec_827edf7ec2bb,qbank_ea4090eca253,doc_6861236c5df5,实操题库_地面站考试条件_2026H1_夹角题题型.txt_32,实操题库_地面站考试条件_2026H1_夹角题题型.txt,2026H1,2026H1,2026-01-01,2026-06-30,CAAC执照考试地面站实操真题考试条件,夹角题题型,夹角题-考试条件提取.docx,地面站考试真题（2026年1月-6月）/夹脚题题型/夹角题-考试条件提取.docx,33,53,509,内蒙古02考场,内蒙古,02考场,2026-04-06,10,经纬度换算;航向方位判断;夹角计算;速度高度参数设置;转弯停留循环设置;几何图形航线规划;起飞返航点定位;题型:夹角题,,"内蒙古02考场地面站真题 | 日期：2026.04.06
1. 该任务航线为如图直角梯形，航线高度为75M
2. 该直角梯形航线长度为 ①②边=②③边=80m、①④边=100m
3. 起飞点/返航点要求 起飞点位于①点方向(SE)方向，距离80米
4. 水平速度为 5 m/s
5. 垂直速度为 2 m/s
6. 航向为（或位置要求） ∠H①②=130° (夹角朝向图形外侧，夹角不经过图形内侧)
7. 转弯模式为 协调转弯
8. 是否循环执行 任务航线闭合不循环，任务完成后返航
9. 起飞点（返航点）经纬度：117.5409°，39.5537°（要求0误差）
10. 起飞点高度为航线高度"
gsec_e0c17ff2622f,qbank_ea4090eca253,doc_6861236c5df5,实操题库_地面站考试条件_2026H1_夹角题题型.txt_33,实操题库_地面站考试条件_2026H1_夹角题题型.txt,2026H1,2026H1,2026-01-01,2026-06-30,CAAC执照考试地面站实操真题考试条件,夹角题题型,夹角题-考试条件提取.docx,地面站考试真题（2026年1月-6月）/夹脚题题型/夹角题-考试条件提取.docx,34,53,509,江西01考场,江西,01考场,2026-04-07,5,经纬度换算;航向方位判断;夹角计算;速度高度参数设置;转弯停留循环设置;几何图形航线规划;起飞返航点定位;题型:夹角题,,"江西01考场地面站真题 | 日期：2026.04.07
(一) 起飞点（返航点）与考试席位的相对方位由委任代表根据 现场环境等情况进行决定。按图于起飞点前规划一个五边形并循环执 行，①②边及②③边的边长为a,∠②=∠④=∠①为90°，航线相 对地面高度为b,水平速度为c,转弯模式为停止转弯，各点停留 时间为e ；
(二) a值为30米，b值为30米，c值为3m/s,e值为2s。 (航线方位及各数值可由委任代表按实际情况进行调整，考题以委任 代表规定数值为准)
1、 航点1经纬度： N:30°15′25” ④ E:120°20′30” (保留小数点后6位)
2、 ∠H①②=120° H-1距离50m, H点位于图形外侧
3、 2点位于3点东偏南65°"
gsec_a478c4bf7042,qbank_ea4090eca253,doc_6861236c5df5,实操题库_地面站考试条件_2026H1_夹角题题型.txt_34,实操题库_地面站考试条件_2026H1_夹角题题型.txt,2026H1,2026H1,2026-01-01,2026-06-30,CAAC执照考试地面站实操真题考试条件,夹角题题型,夹角题-考试条件提取.docx,地面站考试真题（2026年1月-6月）/夹脚题题型/夹角题-考试条件提取.docx,35,53,509,江苏02考场,江苏,02考场,2026-04-07,8,经纬度换算;航向方位判断;夹角计算;速度高度参数设置;转弯停留循环设置;几何图形航线规划;起飞返航点定位;题型:夹角题,,"江苏02考场地面站真题 | 日期：2026.04.07
1. 图形为直角梯形，边长1-2=1-4=400米，∠1=∠2=90°，∠3=70°
2. 起飞点位于2点的北偏东60°方向380m处
3. 航线高度为：100m
4. 水平速度为：3m/s
5. 垂直速度为：2m/s
6. 转弯模式为：2点为定点转弯停留5s,其余各点为协调转弯
7. 是否循环执行：航线闭合后返航
8. 2到_1_的航向角为SE"
gsec_76ce4341e904,qbank_ea4090eca253,doc_6861236c5df5,实操题库_地面站考试条件_2026H1_夹角题题型.txt_35,实操题库_地面站考试条件_2026H1_夹角题题型.txt,2026H1,2026H1,2026-01-01,2026-06-30,CAAC执照考试地面站实操真题考试条件,夹角题题型,夹角题-考试条件提取.docx,地面站考试真题（2026年1月-6月）/夹脚题题型/夹角题-考试条件提取.docx,36,53,509,广东02考场,广东,02考场,2026-04-08,3,经纬度换算;夹角计算;速度高度参数设置;转弯停留循环设置;几何图形航线规划;起飞返航点定位;题型:夹角题,,"广东02考场地面站真题 | 日期：2026.04.08
1、 起飞点经纬度：N:28°40’31”E:115°16’30”
2、 如上图所示，任务航线规划一个直角三角形，起飞点H到1点的距离 为80米，∠A=40°，∠3=90°，任务航线1点到2点航线角度为45°， 边长1-3=80m,1-2=160m,所有航线相对地面高度为b,水平速度为c, 垂直速度为d,所有航点转弯方式为停止转弯，停留时间3s;
4. b值为20米，c值为3m/s,d值为2m/s。"
gsec_c53c8f6afacd,qbank_ea4090eca253,doc_6861236c5df5,实操题库_地面站考试条件_2026H1_夹角题题型.txt_36,实操题库_地面站考试条件_2026H1_夹角题题型.txt,2026H1,2026H1,2026-01-01,2026-06-30,CAAC执照考试地面站实操真题考试条件,夹角题题型,夹角题-考试条件提取.docx,地面站考试真题（2026年1月-6月）/夹脚题题型/夹角题-考试条件提取.docx,37,53,509,广东02考场,广东,02考场,2026-04-08,3,经纬度换算;航向方位判断;夹角计算;速度高度参数设置;转弯停留循环设置;几何图形航线规划;起飞返航点定位;题型:夹角题,,"广东02考场地面站真题 | 日期：2026.04.08
1、 起飞点经纬度：N:28°39’30”E:115°56’32”
2、 如上图所示，任务航线规划一个等边三角形，起飞点H到1点的距离 为80米， ∠A=30°任务航线1点到2点航线角度为NW,边长为a,所有 航线相对地面高度为b,水平速度为c,垂直速度为d,所有航点转 弯方式为停止转弯，停留时间3s;
3. a值为80米，b值为20米，c值为3m/s,d值为2m/s。"
gsec_3e87dc02fdb9,qbank_ea4090eca253,doc_6861236c5df5,实操题库_地面站考试条件_2026H1_夹角题题型.txt_37,实操题库_地面站考试条件_2026H1_夹角题题型.txt,2026H1,2026H1,2026-01-01,2026-06-30,CAAC执照考试地面站实操真题考试条件,夹角题题型,夹角题-考试条件提取.docx,地面站考试真题（2026年1月-6月）/夹脚题题型/夹角题-考试条件提取.docx,38,53,509,四川04考场,四川,04考场,2026-03-25,13,经纬度换算;航向方位判断;夹角计算;速度高度参数设置;转弯停留循环设置;起飞返航点定位;题型:夹角题,,"四川04考场地面站真题 | 日期：2026.03.25
1) 航线高度：100米
2) 航线（航点1-航点2）航线长度：500米
3) 航线（航点3-航点4）航线长度：1000米
4) ∠1夹角角度：90°
5) ∠4夹角角度：90°
6) ∠3夹角角度：45°
7) 飞行器水平速度：6m/s
8) 飞行器垂直速度：2m/s
9) 航点3位于航点2方向：SW
10) 飞行器转弯模式：协调转弯
11) 飞行任务执行次数：大于1次
12) Home点（起飞点&返航点）要求：经纬度：107.1685°28.2671°高度要求：40米
14) Home点（起飞点&返航点）位置要求：∠H12=45°∠H14=135°、距离航点1：200米"
gsec_1342ad7a7409,qbank_ea4090eca253,doc_6861236c5df5,实操题库_地面站考试条件_2026H1_夹角题题型.txt_38,实操题库_地面站考试条件_2026H1_夹角题题型.txt,2026H1,2026H1,2026-01-01,2026-06-30,CAAC执照考试地面站实操真题考试条件,夹角题题型,夹角题-考试条件提取.docx,地面站考试真题（2026年1月-6月）/夹脚题题型/夹角题-考试条件提取.docx,39,53,509,重庆01考场,重庆,01考场,2026-03-26,10,经纬度换算;航向方位判断;夹角计算;速度高度参数设置;转弯停留循环设置;几何图形航线规划;起飞返航点定位;题型:夹角题,,"重庆01考场地面站真题 | 日期：2026.03.26
1. 该任务航线为如图等边三角形，航线高度为60M
2. 该等边三角形航线长度为120M
3. 起飞点/返航点要求 ②点位于起飞点(NE)方向，距离80米
4. 水平速度为 5m/s
5. 垂直速度为 4m/s
6. 航向（或位置要求） ∠H②③=110°(夹角朝向图形外侧)
7. 转弯模式为 停止转弯，各点停留时间5秒
8. 是否循环执行 任务航线闭合不循环，任务完成后原地悬停
9. 起飞点（返航点）经纬度：104.4615°，30.8697°
10. 起飞点高度比航线高度高10米"
gsec_454e9209e1fd,qbank_ea4090eca253,doc_6861236c5df5,实操题库_地面站考试条件_2026H1_夹角题题型.txt_39,实操题库_地面站考试条件_2026H1_夹角题题型.txt,2026H1,2026H1,2026-01-01,2026-06-30,CAAC执照考试地面站实操真题考试条件,夹角题题型,夹角题-考试条件提取.docx,地面站考试真题（2026年1月-6月）/夹脚题题型/夹角题-考试条件提取.docx,40,53,509,重庆01考场,重庆,01考场,2026-03-26,10,经纬度换算;航向方位判断;夹角计算;速度高度参数设置;转弯停留循环设置;几何图形航线规划;起飞返航点定位;题型:夹角题,,"重庆01考场地面站真题 | 日期：2026.03.26
1. 该任务航线为如图五边形，航线高度为70M
2. 该图形航线长度为 ①②③⑤构成正方形,④点为正方形中心点 正方形边长为160米
3. 起飞点/返航点要求 ③点位于起飞点(SW)方向，距离120米
4. 水平速度为 3m/s
5. 垂直速度为 2m/s
6. 航向（或位置要求） ∠H③④=120°(夹角朝向图形外侧)
7. 转弯模式为 停止转弯，各点停留时间5秒
8. 是否循环执行 任务航线闭合不循环，任务完成后原地悬停
9. 起飞点（返航点）经纬度：118.3736°，35.1884°
10. 起飞点（返航点）高度为120M"
gsec_da66c7b69279,qbank_ea4090eca253,doc_6861236c5df5,实操题库_地面站考试条件_2026H1_夹角题题型.txt_40,实操题库_地面站考试条件_2026H1_夹角题题型.txt,2026H1,2026H1,2026-01-01,2026-06-30,CAAC执照考试地面站实操真题考试条件,夹角题题型,夹角题-考试条件提取.docx,地面站考试真题（2026年1月-6月）/夹脚题题型/夹角题-考试条件提取.docx,41,53,509,湖南01考场,湖南,01考场,2026-03-11,10,经纬度换算;航向方位判断;夹角计算;速度高度参数设置;转弯停留循环设置;几何图形航线规划;起飞返航点定位;题型:夹角题,,"湖南01考场地面站真题 | 日期：2026.03.11
1. 该任务航线为如图直角三角形，航线高度为90M
2. 该直角三角形航线边长为如图所示
3. 起飞点/返航点要求 起飞点到②点方向(SW),距离80米
4. 水平速度为 7m/s
5. 垂直速度为 3m/s
6. 航向为（或位置要求） ∠H②①=50°(夹角朝向图形外侧)
7. 转弯模式为 停止转弯
8. 是否循环执行 任务航线闭合不循环，任务完成后返航
9. 起飞点（返航点）经纬度： 104.4615°，30.8697°（要求0误差）
10. 起飞点高度比航线高度高10米"
gsec_89c93e3cf996,qbank_ea4090eca253,doc_6861236c5df5,实操题库_地面站考试条件_2026H1_夹角题题型.txt_41,实操题库_地面站考试条件_2026H1_夹角题题型.txt,2026H1,2026H1,2026-01-01,2026-06-30,CAAC执照考试地面站实操真题考试条件,夹角题题型,夹角题-考试条件提取.docx,地面站考试真题（2026年1月-6月）/夹脚题题型/夹角题-考试条件提取.docx,42,53,509,湖南01考场,湖南,01考场,2026-03-11,10,经纬度换算;航向方位判断;夹角计算;速度高度参数设置;转弯停留循环设置;几何图形航线规划;起飞返航点定位;题型:夹角题,,"湖南01考场地面站真题 | 日期：2026.03.11
1. 该任务航线为如图五边形，航线高度为70M
2. 该图形航线长度为 ①②=②③=③④=④⑤=⑤①边=150米
3. 起飞点/返航点要求 起飞点到①点方向(NW),距离120米 ④ ∠1=90°∠2=90°
4. 水平速度为 6m/s
5. 垂直速度为 3m/s
6. 航向（或位置要求） ∠H①⑤=75°(夹角朝向图形外侧)
7. 转弯模式为 停止转弯
8. 是否循环执行 任务航线闭合不循环，任务完成后返航
9. 起飞点（返航点）经纬度： 118.3736°，35.1884°
10. 起飞点高度比航线高度高20米"
gsec_b79ec4dda0f3,qbank_ea4090eca253,doc_6861236c5df5,实操题库_地面站考试条件_2026H1_夹角题题型.txt_42,实操题库_地面站考试条件_2026H1_夹角题题型.txt,2026H1,2026H1,2026-01-01,2026-06-30,CAAC执照考试地面站实操真题考试条件,夹角题题型,夹角题-考试条件提取.docx,地面站考试真题（2026年1月-6月）/夹脚题题型/夹角题-考试条件提取.docx,43,53,509,内蒙古02考场,内蒙古,02考场,2026-04-06,10,经纬度换算;航向方位判断;夹角计算;速度高度参数设置;转弯停留循环设置;几何图形航线规划;起飞返航点定位;题型:夹角题,,"内蒙古02考场地面站真题 | 日期：2026.04.06
1. 该任务航线为如图等边三角形，航线高度为110M
2. 该等边三角形航线长度为120M
3. 起飞点/返航点要求起飞点位于③点(NE)方向，距离80米
4. 水平速度为 6m/s
5. 垂直速度为 4m/s
6. 航向为（或位置要求） ∠H③①=140° (夹角朝向图形外侧,夹角不经过图形内侧)
7. 转弯模式为 停止转弯，各点停留时间7秒
8. 是否循环执行 任务航线闭合不循环，任务完成后返航
9. 起飞点（返航点）经纬度：111.6913°，40.8953°（要求0误差）
10. 起飞点高度为航线高度"
gsec_1a0d11fbbe6b,qbank_ea4090eca253,doc_6861236c5df5,实操题库_地面站考试条件_2026H1_夹角题题型.txt_43,实操题库_地面站考试条件_2026H1_夹角题题型.txt,2026H1,2026H1,2026-01-01,2026-06-30,CAAC执照考试地面站实操真题考试条件,夹角题题型,夹角题-考试条件提取.docx,地面站考试真题（2026年1月-6月）/夹脚题题型/夹角题-考试条件提取.docx,44,53,509,四川03考场,四川,03考场,2026-03-10,10,经纬度换算;航向方位判断;夹角计算;速度高度参数设置;转弯停留循环设置;几何图形航线规划;起飞返航点定位;题型:夹角题,,"四川03考场地面站真题 | 日期：2026.03.10
1. 该任务航线为如图四边形，航线高度为50M
2. 该图形航线长度为 ①④②③为正方形，边长180米
3. 起飞点/返航点要求 起飞点到①点方向(NW),距离110米
4. 水平速度为 5m/s
5. 垂直速度为 4m/s
6. 航向为（或位置要求） ∠H①④=90°(夹角朝向图形外侧)
7. 转弯模式为 停止转弯，各点停留时间8秒
8. 是否循环执行 任务航线闭合不循环，任务完成后原地悬停
9. 起飞点（返航点）经纬度：118.3766°，35.1884°
10. 起飞点高度为航线高度"
gsec_6600c9fef16e,qbank_ea4090eca253,doc_6861236c5df5,实操题库_地面站考试条件_2026H1_夹角题题型.txt_44,实操题库_地面站考试条件_2026H1_夹角题题型.txt,2026H1,2026H1,2026-01-01,2026-06-30,CAAC执照考试地面站实操真题考试条件,夹角题题型,夹角题-考试条件提取.docx,地面站考试真题（2026年1月-6月）/夹脚题题型/夹角题-考试条件提取.docx,45,53,509,安徽02考场,安徽,02考场,2026-04-13,9,经纬度换算;航向方位判断;夹角计算;速度高度参数设置;转弯停留循环设置;几何图形航线规划;起飞返航点定位;题型:夹角题,,"安徽02考场地面站真题 | 日期：2026.04.13
1. 该等腰直角三角形航线高度为85M
2. 该等腰直角三角形航线边长为①②边及①③边边长120米
3. 起飞点/返航点要求 起飞点到③点40 米，∠H21为35° (H在三角形内)
4. 水平速度为 5M/S
5. 垂直速度为 2M/S
6. 航向为（或位置要求） ②点在③点(120°)方向
7. 转弯模式为 停止转弯，1点停留时间3秒，后续 各点停留时间依次增加2秒
8. 是否循环执行 闭合不循环，任务结束后返航
9. 起飞点经纬度：106.8299°，29.6804°（要求0误差）"
gsec_0d337a7b0712,qbank_ea4090eca253,doc_6861236c5df5,实操题库_地面站考试条件_2026H1_夹角题题型.txt_45,实操题库_地面站考试条件_2026H1_夹角题题型.txt,2026H1,2026H1,2026-01-01,2026-06-30,CAAC执照考试地面站实操真题考试条件,夹角题题型,夹角题-考试条件提取.docx,地面站考试真题（2026年1月-6月）/夹脚题题型/夹角题-考试条件提取.docx,46,53,509,安徽02考场,安徽,02考场,2026-04-13,9,经纬度换算;航向方位判断;夹角计算;速度高度参数设置;转弯停留循环设置;几何图形航线规划;起飞返航点定位;题型:夹角题,,"安徽02考场地面站真题 | 日期：2026.04.13
1. 该等腰直角三角形航线高度为65M
2. 该等腰直角三角形航线边长为 ①②边及①③边边长100米
3. 起飞点/返航点要求 起飞点到②点50米，∠H21为30° (H在三角形内)
4. 水平速度为 5M/S
5. 垂直速度为 2M/S
6. 航向为（或位置要求） ②点在③点(100°)方向
7. 转弯模式为 停止转弯，1点停留时间3秒，后续 各点停留时间依次增加2秒
8. 是否循环执行 闭合不循环,任务结束后返航
9. 起飞点经纬度：106.8299°，29.6804°（要求0误差）"
gsec_22dffbf389db,qbank_ea4090eca253,doc_6861236c5df5,实操题库_地面站考试条件_2026H1_夹角题题型.txt_46,实操题库_地面站考试条件_2026H1_夹角题题型.txt,2026H1,2026H1,2026-01-01,2026-06-30,CAAC执照考试地面站实操真题考试条件,夹角题题型,夹角题-考试条件提取.docx,地面站考试真题（2026年1月-6月）/夹脚题题型/夹角题-考试条件提取.docx,47,53,509,福建01考场,福建,01考场,2026-04-13,10,经纬度换算;航向方位判断;夹角计算;速度高度参数设置;转弯停留循环设置;几何图形航线规划;起飞返航点定位;题型:夹角题,,"福建01考场地面站真题 | 日期：2026.04.13
1. 该任务航线为如图五边形，航线高度为80M
2. 该图形航线长度为①②③⑤构成正方形，④点为正方形中心点 正方形边长为150米
3. 起飞点/返航点要求 起飞点位于①点(NW)方向,距离120米
4. 水平速度为 5 m/s
5. 垂直速度为 4m/s
6. 航向（或位置要求） ∠H①⑤=120°，∠H①②=150°
7. 转弯模式为 停止转弯，各点停留时间9秒
8. 是否循环执行 任务航线闭合不循环，任务完成后原地悬停
9. 起飞点（返航点）经纬度：119.3776°，36.1884°（要求0误差）
10. 起飞点高度为航线高度"
gsec_aea1d0275f4a,qbank_ea4090eca253,doc_6861236c5df5,实操题库_地面站考试条件_2026H1_夹角题题型.txt_47,实操题库_地面站考试条件_2026H1_夹角题题型.txt,2026H1,2026H1,2026-01-01,2026-06-30,CAAC执照考试地面站实操真题考试条件,夹角题题型,夹角题-考试条件提取.docx,地面站考试真题（2026年1月-6月）/夹脚题题型/夹角题-考试条件提取.docx,48,53,509,天津01考场,天津,01考场,2026-04-17,10,经纬度换算;航向方位判断;夹角计算;速度高度参数设置;转弯停留循环设置;几何图形航线规划;起飞返航点定位;题型:夹角题,,"天津01考场地面站真题 | 日期：2026.04.17
1. 该任务航线为如图正六边形，航线高度为75M
2. 该正六边形航线边长为150M
3. 起飞点/返航点要求 ∠H①⑥=150°（夹角朝向图形外侧） H到①距离80米
4. 水平速度为 6m/s
5. 垂直速度为 4m/s
6. 航向为（或位置要求） ⑤位于④点(NW)方向
7. 转弯模式为 停止转弯，各点停留时间6秒
8. 是否循环执行任务航线闭合不循环，任务完成后原地悬停
9. 起飞点（返航点）经纬度：118.3776°，35.1844°
10. 起飞点高度为航线高度"
gsec_374485f9ba23,qbank_ea4090eca253,doc_6861236c5df5,实操题库_地面站考试条件_2026H1_夹角题题型.txt_48,实操题库_地面站考试条件_2026H1_夹角题题型.txt,2026H1,2026H1,2026-01-01,2026-06-30,CAAC执照考试地面站实操真题考试条件,夹角题题型,夹角题-考试条件提取.docx,地面站考试真题（2026年1月-6月）/夹脚题题型/夹角题-考试条件提取.docx,49,53,509,天津01考场,天津,01考场,2026-04-17,11,经纬度换算;航向方位判断;夹角计算;速度高度参数设置;转弯停留循环设置;几何图形航线规划;起飞返航点定位;题型:夹角题,,"天津01考场地面站真题 | 日期：2026.04.17
1. 该任务航线为如图扫描航线，航线高度为60M
2. 该扫描航线单边长度为200M
3. 该扫描航线间隔为 40M
4. 起飞点/返航点要求起飞点位于①点(SE)方向距离150米
5. 水平速度为 4 m/s
5. 垂直速度为 2 m/s
6. 航向为（或位置要求） ∠H①②=80°(夹角朝向图形外侧)
7. 转弯模式为 停止转弯，各点停留时间5秒
8. 是否循环执行 任务航线不循环，任务完成后返航
9. 起飞点（返航点）经纬度：118.3736°，35.1884°
10. 起飞点高度为航线高度"
gsec_482d87dd0d5b,qbank_ea4090eca253,doc_6861236c5df5,实操题库_地面站考试条件_2026H1_夹角题题型.txt_49,实操题库_地面站考试条件_2026H1_夹角题题型.txt,2026H1,2026H1,2026-01-01,2026-06-30,CAAC执照考试地面站实操真题考试条件,夹角题题型,夹角题-考试条件提取.docx,地面站考试真题（2026年1月-6月）/夹脚题题型/夹角题-考试条件提取.docx,50,53,509,天津01考场,天津,01考场,2026-04-17,10,经纬度换算;航向方位判断;夹角计算;速度高度参数设置;转弯停留循环设置;几何图形航线规划;起飞返航点定位;题型:夹角题,,"天津01考场地面站真题 | 日期：2026.04.17
1. 该任务航线为如图五边形，航线高度为65M_
2. 该图形航线长度为①②③⑤构成正方形，④点为正方形中心点 正方形边长为160米
3. 起飞点/返航点要求 ∠H①⑤=150°(夹角朝向图形外侧) ④ H到①距离80米
4. 水平速度为 5 m/s
5. 垂直速度为 4m/s
6. 航向（或位置要求） ⑤点位于④点(NW)方向
7. 转弯模式为 停止转弯，各点停留时间7秒
8. 是否循环执行 任务航线闭合不循环，任务完成后原地悬停
9. 起飞点（返航点）经纬度：118.3776°，35.1844°
10. 起飞点高度为航线高度"
gsec_31ec1cad4ebf,qbank_ea4090eca253,doc_6861236c5df5,实操题库_地面站考试条件_2026H1_夹角题题型.txt_50,实操题库_地面站考试条件_2026H1_夹角题题型.txt,2026H1,2026H1,2026-01-01,2026-06-30,CAAC执照考试地面站实操真题考试条件,夹角题题型,夹角题-考试条件提取.docx,地面站考试真题（2026年1月-6月）/夹脚题题型/夹角题-考试条件提取.docx,51,53,509,天津01考场,天津,01考场,2026-04-17,10,经纬度换算;航向方位判断;夹角计算;速度高度参数设置;转弯停留循环设置;几何图形航线规划;起飞返航点定位;题型:夹角题,,"天津01考场地面站真题 | 日期：2026.04.17
1. 该任务航线为如图五边形，航线高度为80M
2. 该图形航线长度为①②③⑤构成正方形，④点为正方形中心点 正方形边长为150米
3. 起飞点/返航点要求 起飞点位于①点(NW)方向，距离120米
4. 水平速度为 5 m/s
5. 垂直速度为 4 m/s
6. 航向（或位置要求） ∠H①⑤=120°，∠H①②=150°
7. 转弯模式为 停止转弯，各点停留时间9秒
8. 是否循环执行 任务航线闭合不循环，任务完成后原地悬停
9. 起飞点（返航点）经纬度：119.3776°，36.1884°
10. 起飞点高度为航线高度"
gsec_bfc5c1bff7e0,qbank_ea4090eca253,doc_6861236c5df5,实操题库_地面站考试条件_2026H1_夹角题题型.txt_51,实操题库_地面站考试条件_2026H1_夹角题题型.txt,2026H1,2026H1,2026-01-01,2026-06-30,CAAC执照考试地面站实操真题考试条件,夹角题题型,夹角题-考试条件提取.docx,地面站考试真题（2026年1月-6月）/夹脚题题型/夹角题-考试条件提取.docx,52,53,509,天津01考场,天津,01考场,2026-04-17,10,经纬度换算;航向方位判断;夹角计算;速度高度参数设置;转弯停留循环设置;几何图形航线规划;起飞返航点定位;题型:夹角题,,"天津01考场地面站真题 | 日期：2026.04.17
1. 该任务航线为如图直角梯形，航线高度为85M
2. 该直角梯形航线长度为如图所示，∠④=45°
3. 起飞点/返航点要求起飞点位于①点(SW)方向80米处
4. 水平速度为 5 m/s
5. 垂直速度为 3 m/s
6. 航向为（或位置要求）∠H①④=120°（夹角朝向图形外侧）
7. 转弯模式为 停止转弯，各点停留时间7秒
8. 是否循环执行任务航线闭合不循环，任务完成后原地悬停
9. 起飞点（返航点）经纬度：104.4625°，30.8667°
10. 起飞点高度为航线高度"
gsec_a9f20af5fecb,qbank_ea4090eca253,doc_6861236c5df5,实操题库_地面站考试条件_2026H1_夹角题题型.txt_52,实操题库_地面站考试条件_2026H1_夹角题题型.txt,2026H1,2026H1,2026-01-01,2026-06-30,CAAC执照考试地面站实操真题考试条件,夹角题题型,夹角题-考试条件提取.docx,地面站考试真题（2026年1月-6月）/夹脚题题型/夹角题-考试条件提取.docx,53,53,509,天津01考场,天津,01考场,2026-04-17,10,经纬度换算;航向方位判断;夹角计算;速度高度参数设置;转弯停留循环设置;几何图形航线规划;起飞返航点定位;题型:夹角题,,"天津01考场地面站真题 | 日期：2026.04.17
1. 该任务航线为如图直角梯形，航线高度为85M
2. 该直角梯形航线长度为如图，∠④=60° H到①距离80米
3. 起飞点/返航点要求∠H①④=150°（夹角朝向图形外侧）
4. 水平速度为 5 m/s
5. 垂直速度为 4m/s
6. 航向为（或位置要求）③点位于④点NW方向
7. 转弯模式为 停止转弯，各点停留时间6秒
8. 是否循环执行任务航线闭合不循环，任务完成后原地悬停
9. 起飞点（返航点）经纬度：104.4675°，30.8657°
10. 起飞点高度为航线高度"
gsec_a22bf082e7a2,qbank_efe2c2be2cc6,doc_a1ee14674d8d,实操题库_地面站考试条件_2026H1_时钟夹角题题型.txt_0,实操题库_地面站考试条件_2026H1_时钟夹角题题型.txt,2026H1,2026H1,2026-01-01,2026-06-30,CAAC执照考试地面站实操真题考试条件,时钟夹角题题型,时钟夹角题-考试条件提取.docx,地面站考试真题（2026年1月-6月）/时钟夹角题题型/时钟夹角题-考试条件提取.docx,1,2,19,天津03考场,天津,03考场,2026-06-02,10,经纬度换算;航向方位判断;夹角计算;速度高度参数设置;转弯停留循环设置;几何图形航线规划;起飞返航点定位;题型:时钟夹角题,,"天津03考场地面站真题 | 日期：2026.06.02
1. 该任务航线为如图五边形，航线高度为65M
2. 该图形航线长度为 任务航线每条边长为300米处
3. 起飞点/返航点要求 起飞点位于③号点正南方向300M
4. 水平速度 14.4km/h
5. 垂直速度 7.2 km/h
6. 航向（或位置要求） ⑤点到③点航向角为1：30分 (时针与分针夹角)
7. 转弯模式为 停止转弯，③点和⑤点停留5秒， 其余各点协调转弯
8. 航线要求 手动闭合，任务完成后返回起飞点
9. 起飞点经纬度：E112°2925”，N37°4640”
10. 起飞点高度比航线高度高30M"
gsec_6c9c81e46b46,qbank_efe2c2be2cc6,doc_a1ee14674d8d,实操题库_地面站考试条件_2026H1_时钟夹角题题型.txt_1,实操题库_地面站考试条件_2026H1_时钟夹角题题型.txt,2026H1,2026H1,2026-01-01,2026-06-30,CAAC执照考试地面站实操真题考试条件,时钟夹角题题型,时钟夹角题-考试条件提取.docx,地面站考试真题（2026年1月-6月）/时钟夹角题题型/时钟夹角题-考试条件提取.docx,2,2,19,,,,2026-06-09,9,经纬度换算;航向方位判断;夹角计算;速度高度参数设置;转弯停留循环设置;几何图形航线规划;起飞返航点定位;题型:时钟夹角题,,"贵州01考点地面站真题 | 日期：2026.06.09
1、 起飞点/返航点要求：H-①=H-④，∠H ①②=∠H④③=105
2、 航向（或位置要求）：②-③的航向为2 点30分，时针与分针的夹角。
3、 起飞点经纬度：E:104.4615°，N30.86 97°
4、 起飞点高度为航线高度。
1、 该任务航线为如图四边形，航线高度为100m。
2、 该图形航线长度：①③②④为正方形，边长120m。
3、 水平速度为5m/s,垂直速度为2m/s。
4、 转弯模式：定点转弯，各点停留时间2秒。
5、 是否循环执行：任务航线闭合循环，任务完成后返航悬停。"
gsec_8e0ae22dfb95,qbank_7cb07e6ab374,doc_22c25c38d6d8,实操题库_地面站考试条件_2026H1_空域限制或地形限制题型.txt_0,实操题库_地面站考试条件_2026H1_空域限制或地形限制题型.txt,2026H1,2026H1,2026-01-01,2026-06-30,CAAC执照考试地面站实操真题考试条件,空域限制或地形限制题型,空域限制或地形限制题-考试条件提取.docx,地面站考试真题（2026年1月-6月）/空域限制或地形限制题型/空域限制或地形限制题-考试条件提取.docx,1,175,916,山西03考场,山西,03考场,2026-04-06,5,经纬度换算;航向方位判断;夹角计算;空域地形限制处理;速度高度参数设置;转弯停留循环设置;几何图形航线规划;起飞返航点定位;题型:空域限制或地形限制,doc_condition_count_mismatch;doc_page_count_mismatch;ocr_possible_typo;source_gap,"山西03考场地面站真题 | 日期：2026.04.06
(一) 与 的相对方位由委任代表根 据现场环境等情况进行决定。按图规划一个闭合的任务航线不循环 执行，①③、②③、②④、①④边长为300米，①点相对地面高度为 a,②点相对地面高度为b,③点相对地面高度为c，④点相对地面 高度为d，水平速度为e，垂直速度为f，转弯模式为停止转弯， 停留时间2s;
(二) a值为20米，b值为25米，c值为30m,d值为20m, e值为2m/s,f值为2m/s
1、 起飞点经纬度： N:28°39'30"" E:115°56'32”
2、 由于空域限制，飞机 不能由起飞点直飞任务 航线的航点1，需由起飞 点起飞先向西南方向平 飞500米，再向东南方向 平飞500米，到达任务航 线的航点1。
3、 如图所以任务航点3 4航向角15°"
gsec_9290d567c47b,qbank_7cb07e6ab374,doc_22c25c38d6d8,实操题库_地面站考试条件_2026H1_空域限制或地形限制题型.txt_1,实操题库_地面站考试条件_2026H1_空域限制或地形限制题型.txt,2026H1,2026H1,2026-01-01,2026-06-30,CAAC执照考试地面站实操真题考试条件,空域限制或地形限制题型,空域限制或地形限制题-考试条件提取.docx,地面站考试真题（2026年1月-6月）/空域限制或地形限制题型/空域限制或地形限制题-考试条件提取.docx,2,175,916,江西01考场,江西,01考场,2026-04-07,5,经纬度换算;航向方位判断;夹角计算;空域地形限制处理;速度高度参数设置;转弯停留循环设置;几何图形航线规划;起飞返航点定位;题型:空域限制或地形限制,doc_condition_count_mismatch;doc_page_count_mismatch;source_gap,"江西01考场地面站真题 | 日期：2026.04.07
(一) 与 的相对方位由委任代表根据 现场环境等情况进行决定。于起飞点前规划一个等边三角形并循环执 行，边长为a，航线相对地面高度为b，转弯方式为停止转弯，停 留时间不作要求；
(二) a值为30米，b值为30米。（航线方位及各数值可由 委任代表按实际情况进行调整，考题以委任代表规定数值为准)
1、 起飞点H经纬度： N:31.223344 E:119.556677 (保留小数点后6位)
2、 因地形限制，飞机需从起飞 点先向西北飞行200米，再向 南飞行50米，到达图形1点
3、 3-2点西偏北70°"
gsec_a3ef9cd51cac,qbank_7cb07e6ab374,doc_22c25c38d6d8,实操题库_地面站考试条件_2026H1_空域限制或地形限制题型.txt_2,实操题库_地面站考试条件_2026H1_空域限制或地形限制题型.txt,2026H1,2026H1,2026-01-01,2026-06-30,CAAC执照考试地面站实操真题考试条件,空域限制或地形限制题型,空域限制或地形限制题-考试条件提取.docx,地面站考试真题（2026年1月-6月）/空域限制或地形限制题型/空域限制或地形限制题-考试条件提取.docx,3,175,916,江西01考场,江西,01考场,2026-04-07,5,经纬度换算;航向方位判断;空域地形限制处理;速度高度参数设置;转弯停留循环设置;几何图形航线规划;起飞返航点定位;题型:空域限制或地形限制,doc_condition_count_mismatch;doc_page_count_mismatch;source_gap,"江西01考场地面站真题 | 日期：2026.04.07
(一) 与 的相对方位由委任代表根据 现场环境等情况进行决定。按图于起飞点前规划扫描航线，航线长度 为a,航线间隔为b,航线相对地面高度为c,水平速度为d,转弯 模式为停止转弯，停留时间不作要求；
(二) a值为30米（误差≤±3米），b值为10米（误差 ≤±1米)，c值为30m,d值为3m/s。 (航线方位及各数值 可由委任代表按实际情况进行调整，考题以委任代表规定数值为准)
1、 起飞点经纬度： N:31.223344° E:119.556677° (保留小数点后6位)
2、 因地形限制，飞机需从 起飞点先向西北飞行200 米，再向南飞行50米， 到达图形1点
3、 2点位于3点西偏北70° 方向"
gsec_9c67fa1c38ad,qbank_7cb07e6ab374,doc_22c25c38d6d8,实操题库_地面站考试条件_2026H1_空域限制或地形限制题型.txt_3,实操题库_地面站考试条件_2026H1_空域限制或地形限制题型.txt,2026H1,2026H1,2026-01-01,2026-06-30,CAAC执照考试地面站实操真题考试条件,空域限制或地形限制题型,空域限制或地形限制题-考试条件提取.docx,地面站考试真题（2026年1月-6月）/空域限制或地形限制题型/空域限制或地形限制题-考试条件提取.docx,4,175,916,江西01考场,江西,01考场,2026-04-07,5,经纬度换算;航向方位判断;夹角计算;速度高度参数设置;转弯停留循环设置;几何图形航线规划;起飞返航点定位;题型:空域限制或地形限制,doc_condition_count_mismatch;doc_page_count_mismatch;source_gap,"江西01考场地面站真题 | 日期：2026.04.07
(一) 与 的相对方位由委任代表根据 现场环境等情况进行决定。于起飞点前规划一个等腰直角三角形并 循环执行，①②边长为a1,①③边长为a2,∠①为直角，航线相对地 面高度为b，水平速度为℃，转弯方式为停止转弯，停留时闻不作 要求；
(二) a1、a2值为30米，b值为30米，c值为3m/s。 (航线方位及各数值可由委任代表按实际情况进行调整，考题以委 任代表规定数值为准)
1、 起飞点经纬度： N:30°23′46” E:118°14'28”
2、 H-1点距离100米，H-1点 与2-1航向相同
3、 定点转弯，停留时间6秒"
gsec_6846c0094f54,qbank_7cb07e6ab374,doc_22c25c38d6d8,实操题库_地面站考试条件_2026H1_空域限制或地形限制题型.txt_4,实操题库_地面站考试条件_2026H1_空域限制或地形限制题型.txt,2026H1,2026H1,2026-01-01,2026-06-30,CAAC执照考试地面站实操真题考试条件,空域限制或地形限制题型,空域限制或地形限制题-考试条件提取.docx,地面站考试真题（2026年1月-6月）/空域限制或地形限制题型/空域限制或地形限制题-考试条件提取.docx,5,175,916,江西01考场,江西,01考场,2026-04-07,5,经纬度换算;航向方位判断;夹角计算;空域地形限制处理;速度高度参数设置;转弯停留循环设置;几何图形航线规划;起飞返航点定位;题型:空域限制或地形限制,doc_condition_count_mismatch;doc_page_count_mismatch;source_gap,"江西01考场地面站真题 | 日期：2026.04.07
(一) 与 的相对方位由委任代表根据 现场环境等情况进行决定。按图于起飞点前规划一个五边形并循环执 行，①②边及②③边的边长为a,∠②=∠④=∠①为90°，航线相 对地面高度为b，水平速度为c，转弯模式为停止转弯，各点停留 时间为e；
(二) a值为30米，b值为30米，c值为3m/s,e值为2s。 (航线方位及各数值可由委任代表按实际情况进行调整，考题以委任 代表规定数值为准)
1、 航点1经纬度： N:29°15′50"" E:120.456789° (保留小数点后6位)
2、 因地形限制，飞机需从 起飞点先向东飞行100米， 再向北飞行300米，到达 航点1。
3、 2点位于1点东偏南65° 方向"
gsec_7683a410334c,qbank_7cb07e6ab374,doc_22c25c38d6d8,实操题库_地面站考试条件_2026H1_空域限制或地形限制题型.txt_5,实操题库_地面站考试条件_2026H1_空域限制或地形限制题型.txt,2026H1,2026H1,2026-01-01,2026-06-30,CAAC执照考试地面站实操真题考试条件,空域限制或地形限制题型,空域限制或地形限制题-考试条件提取.docx,地面站考试真题（2026年1月-6月）/空域限制或地形限制题型/空域限制或地形限制题-考试条件提取.docx,6,175,916,江西01考场,江西,01考场,2026-04-07,5,经纬度换算;航向方位判断;夹角计算;空域地形限制处理;速度高度参数设置;转弯停留循环设置;几何图形航线规划;起飞返航点定位;题型:空域限制或地形限制,doc_condition_count_mismatch;doc_page_count_mismatch;source_gap,"江西01考场地面站真题 | 日期：2026.04.07
(一) 与 的相对方位由委任代表根据 现场环境等情况进行决定。按图于起飞点前规划一个四边形并循环执 行，①②边、②③边边长为a,③④边边长为b,∠②=∠③=90° 航线相对地面高度为c，水平速度为d，转弯模式为停止转弯，停 留时间不作要求；
(二) a值为20米，b值为30米，c值为30m,d值为 3m/s。(航线方位及各数值可由委任代表按实际情况进行调整， 考题以委任代表规定数值为准)
1、 起飞点经纬度： N:31.223344° E:119.556677° (保留小数点后6位)
2、 因地形限制，飞机需从 起飞点先向西北飞行200 米，再向南飞行50米， 到达图形1点。
3、 2点位于3点西偏北70 方向"
gsec_59ee935d87d8,qbank_7cb07e6ab374,doc_22c25c38d6d8,实操题库_地面站考试条件_2026H1_空域限制或地形限制题型.txt_6,实操题库_地面站考试条件_2026H1_空域限制或地形限制题型.txt,2026H1,2026H1,2026-01-01,2026-06-30,CAAC执照考试地面站实操真题考试条件,空域限制或地形限制题型,空域限制或地形限制题-考试条件提取.docx,地面站考试真题（2026年1月-6月）/空域限制或地形限制题型/空域限制或地形限制题-考试条件提取.docx,7,175,916,江西01考场,江西,01考场,2026-04-07,5,经纬度换算;航向方位判断;夹角计算;空域地形限制处理;速度高度参数设置;转弯停留循环设置;几何图形航线规划;起飞返航点定位;题型:空域限制或地形限制,doc_condition_count_mismatch;doc_page_count_mismatch;source_gap,"江西01考场地面站真题 | 日期：2026.04.07
(一) 与 的相对方位由委任代表根据 现场环境等情况进行决定。按图于起飞点前规划一个闭合图形并循环 执行，各点之间距离不小于20米，①点相对地面高度为a，②点相 对地面高度为b,③点相对地面高度为c,④点相对地面高度为d, 水平速度为f，∠①=∠②=∠③=∠④=45°，转弯模式为停止转弯， 停留时间不作要求；
(二) a值为20米，b值为25米，c值为30m,d值为 25m,f值为3m/s。(航线方位及各数值可由委任代表按实际情况 进行调整，考题以委任代表规定数值为准)
1、 航点1经纬度： N:29°15′50"" E:120.456789° (保留小数点后6位)
2、 因地形限制，飞机需从起飞 点先向东飞行100米，再向 北飞行300米，到达图形1点
3、 图形航点2在图形航点1的 南偏东25°方向"
gsec_ab44b8f2586d,qbank_7cb07e6ab374,doc_22c25c38d6d8,实操题库_地面站考试条件_2026H1_空域限制或地形限制题型.txt_7,实操题库_地面站考试条件_2026H1_空域限制或地形限制题型.txt,2026H1,2026H1,2026-01-01,2026-06-30,CAAC执照考试地面站实操真题考试条件,空域限制或地形限制题型,空域限制或地形限制题-考试条件提取.docx,地面站考试真题（2026年1月-6月）/空域限制或地形限制题型/空域限制或地形限制题-考试条件提取.docx,8,175,916,吉林01考场,吉林,01考场,2026-04-08,5,经纬度换算;航向方位判断;夹角计算;空域地形限制处理;速度高度参数设置;转弯停留循环设置;几何图形航线规划;起飞返航点定位;题型:空域限制或地形限制,doc_condition_count_mismatch;doc_page_count_mismatch;ocr_possible_typo;source_gap,"吉林01考场地面站真题 | 日期：2026.04.08
(一) 与 的相对方位由委任代表根 据现场环境等情况进行决定。按图规划一个闭合的任务航线不循环 执行，①③、②③、②④、①④边长为300米，①点相对地面高度为 a,②点相对地面高度为b,③点相对地面高度为c，④点相对地面 高度为d，水平速度为e，垂直速度为f，转弯模式为停止转弯， 停留时间2s;
(二) a值为20米，b值为25米，c值为30m,d值为20m, e值为2m/s,f值为2m/s。
1、 起飞点经纬度： N:28°39'30"" E:115°56′47”
2、 由于空域限制，飞机 不能由起飞点直飞任务航 线的航点1，需由起飞点 起飞先向西南方向平飞 1200米，再向东南方向 平飞500米，到达任务航 线的航点1。
3、 如图所以任务航点3- 4航向角15°"
gsec_0f789b340e20,qbank_7cb07e6ab374,doc_22c25c38d6d8,实操题库_地面站考试条件_2026H1_空域限制或地形限制题型.txt_8,实操题库_地面站考试条件_2026H1_空域限制或地形限制题型.txt,2026H1,2026H1,2026-01-01,2026-06-30,CAAC执照考试地面站实操真题考试条件,空域限制或地形限制题型,空域限制或地形限制题-考试条件提取.docx,地面站考试真题（2026年1月-6月）/空域限制或地形限制题型/空域限制或地形限制题-考试条件提取.docx,9,175,916,广东02考场,广东,02考场,2026-04-08,4,经纬度换算;航向方位判断;夹角计算;空域地形限制处理;速度高度参数设置;转弯停留循环设置;几何图形航线规划;起飞返航点定位;题型:空域限制或地形限制,doc_condition_count_mismatch;doc_page_count_mismatch;source_gap,"广东02考场地面站真题 | 日期：2026.04.08
1、 起飞点经纬度：N:28°39’30”E:115°56’32”
2、 由于环境限制，飞机不能由起飞点直飞任务航线的航点1，需先向 正东方向平飞1000米，再向135°方向平飞500米，到达任务航线的航 点1，任务航线的航点2到航点3航向角45°。
3、 如上图所示，任务航线规划一个等边三角形，边长为a,所有航线 相对地面高度为b，水平速度为c，垂直速度为d，所有航点转弯方 式为停止转弯，停留时间3s;
4、 a值为80米，b值为20米，c值为3m/s,d值为2m/s。"
gsec_2fb3f13d611b,qbank_7cb07e6ab374,doc_22c25c38d6d8,实操题库_地面站考试条件_2026H1_空域限制或地形限制题型.txt_9,实操题库_地面站考试条件_2026H1_空域限制或地形限制题型.txt,2026H1,2026H1,2026-01-01,2026-06-30,CAAC执照考试地面站实操真题考试条件,空域限制或地形限制题型,空域限制或地形限制题-考试条件提取.docx,地面站考试真题（2026年1月-6月）/空域限制或地形限制题型/空域限制或地形限制题-考试条件提取.docx,10,175,916,广东02考场,广东,02考场,2026-04-08,4,经纬度换算;航向方位判断;夹角计算;空域地形限制处理;速度高度参数设置;转弯停留循环设置;几何图形航线规划;起飞返航点定位;题型:空域限制或地形限制,doc_condition_count_mismatch;doc_page_count_mismatch;source_gap,"广东02考场地面站真题 | 日期：2026.04.08
(一) 规划一个闭合等边三角形并循环执行，边长为a，所有航线相对地 面高度为b，水平速度为c，垂直速度为d，转弯方式为停止转弯，停留时间 为f;
(二) a值为100米，b值为50米，c值为5m/s,d值为2m/s,f值为 8so
二、 由于空域限制， 飞机不能由起飞点直 飞任务航线的航点1， 需先向SE方向平飞 1000米，再向SW方向 平飞500米，到达任务 航线的航点1。
三、 航点3-2航向角为 南偏西15°"
gsec_999d919289d7,qbank_7cb07e6ab374,doc_22c25c38d6d8,实操题库_地面站考试条件_2026H1_空域限制或地形限制题型.txt_10,实操题库_地面站考试条件_2026H1_空域限制或地形限制题型.txt,2026H1,2026H1,2026-01-01,2026-06-30,CAAC执照考试地面站实操真题考试条件,空域限制或地形限制题型,空域限制或地形限制题-考试条件提取.docx,地面站考试真题（2026年1月-6月）/空域限制或地形限制题型/空域限制或地形限制题-考试条件提取.docx,11,175,916,广东02考场,广东,02考场,2026-04-08,5,经纬度换算;航向方位判断;夹角计算;空域地形限制处理;速度高度参数设置;转弯停留循环设置;几何图形航线规划;起飞返航点定位;题型:空域限制或地形限制,doc_condition_count_mismatch;doc_page_count_mismatch;source_gap,"广东02考场地面站真题 | 日期：2026.04.08
(一) 按图规划一个闭合的任务航线不循环执行，①③、②③、 ②④、①④边长为300米，①点相对地面高度为a,②点相对地面高 度为b，③点相对地面高度为c，④点相对地面高度为d，水平速 度为e，垂直速度为f，转弯模式为停止转弯，停留时间为4s；
(二) a值为30米，b值为35米，c值为40m,d值为25m, e值为2m/s,f值为2m/s。
一、 起飞点经纬度： N:28°09′10"" E:115°26′52”
二： 由于空域限制，飞机不 任务航线示意图： 能由起飞点直飞任务航线的 航点1，需由起飞点起飞先向 西南方向平飞1200米，再向 东南方向平飞500米，到达任 务航线的航点1。
三： 如图所示任务航点3到4 航向角105°"
gsec_7101a2317192,qbank_7cb07e6ab374,doc_22c25c38d6d8,实操题库_地面站考试条件_2026H1_空域限制或地形限制题型.txt_11,实操题库_地面站考试条件_2026H1_空域限制或地形限制题型.txt,2026H1,2026H1,2026-01-01,2026-06-30,CAAC执照考试地面站实操真题考试条件,空域限制或地形限制题型,空域限制或地形限制题-考试条件提取.docx,地面站考试真题（2026年1月-6月）/空域限制或地形限制题型/空域限制或地形限制题-考试条件提取.docx,12,175,916,四川01考场,四川,01考场,2026-04-10,5,经纬度换算;航向方位判断;夹角计算;空域地形限制处理;速度高度参数设置;转弯停留循环设置;几何图形航线规划;起飞返航点定位;题型:空域限制或地形限制,doc_condition_count_mismatch;doc_page_count_mismatch;source_gap,"四川01考场地面站真题 | 日期：2026.04.10
(一) 按图规划一个如上图所示的任务航线，航线闭合不循环， ①③、②③、②④、①④边长为300米，①点相对地面高度为a,② 点相对地面高度为b，③点相对地面高度为c，④点相对地面高度 为d，水平速度为e，垂直速度为f，转弯模式为协调转弯；
(二) a值为30米，b值为35米，c值为40m,d值为25m, e值为6m/s,f值为3m/s。
一、 起飞点经纬度： N28°09′10"" E:115°2652”
二、 由于空域限制，飞机不 能由起飞点直飞任务航线的 航点1，需由起飞点起飞先向 西南方向平飞1200米，再向 东南方向平飞500米，到达任 务航线的航点1。
三、 如图所示任务航线第3点 到第4点航向角西偏南25度"
gsec_6e781c206b94,qbank_7cb07e6ab374,doc_22c25c38d6d8,实操题库_地面站考试条件_2026H1_空域限制或地形限制题型.txt_12,实操题库_地面站考试条件_2026H1_空域限制或地形限制题型.txt,2026H1,2026H1,2026-01-01,2026-06-30,CAAC执照考试地面站实操真题考试条件,空域限制或地形限制题型,空域限制或地形限制题-考试条件提取.docx,地面站考试真题（2026年1月-6月）/空域限制或地形限制题型/空域限制或地形限制题-考试条件提取.docx,13,175,916,四川01考场,四川,01考场,2026-04-10,5,经纬度换算;航向方位判断;夹角计算;空域地形限制处理;速度高度参数设置;转弯停留循环设置;几何图形航线规划;起飞返航点定位;题型:空域限制或地形限制,doc_condition_count_mismatch;doc_page_count_mismatch;source_gap,"四川01考场地面站真题 | 日期：2026.04.10
(一) 按图规划一个如上图所示的任务航线，航线循环执行， ①③、②③、②④、①④边长为300米，①点相对地面高度为a,② 点相对地面高度为b，③点相对地面高度为c，④点相对地面高度 为d，水平速度为e，垂直速度为f，转弯模式为协调转弯；
(二) a值为30米，b值为35米，c值为40m,d值为25m, e值为6m/s,f值为3m/s。
一、 起飞点经纬度： N:26°12'16” E:117°29'57""
二： 由于空域限制，飞机不 能由起飞点直飞任务航线的 航点1，需由起飞点起飞先向 正南方向平飞1500米，再向 正西方向平飞600米，到达任 务航线的航点1。
三： 如图所示任务航线第3点 到第4点航向角南偏东55°"
gsec_44c8608f49fc,qbank_7cb07e6ab374,doc_22c25c38d6d8,实操题库_地面站考试条件_2026H1_空域限制或地形限制题型.txt_13,实操题库_地面站考试条件_2026H1_空域限制或地形限制题型.txt,2026H1,2026H1,2026-01-01,2026-06-30,CAAC执照考试地面站实操真题考试条件,空域限制或地形限制题型,空域限制或地形限制题-考试条件提取.docx,地面站考试真题（2026年1月-6月）/空域限制或地形限制题型/空域限制或地形限制题-考试条件提取.docx,14,175,916,湖北04考场,湖北,04考场,2026-04-10,5,经纬度换算;航向方位判断;夹角计算;空域地形限制处理;速度高度参数设置;转弯停留循环设置;几何图形航线规划;起飞返航点定位;题型:空域限制或地形限制,doc_condition_count_mismatch;doc_page_count_mismatch;source_gap,"湖北04考场地面站真题 | 日期：2026.04.10
(一) 按图规划一个闭合的任务航线不循环执行，①③、②③、 ②④、①④边长为300米，①点相对地面高度为a,②点相对地面高 度为b，③点相对地面高度为c，④点相对地面高度为d，水平速 度为e，垂直速度为f，转弯模式为停止转弯，停留时间4s;
(二) a值为30米，b值为35米，c值为40m,d值为25m, e值为2m/s,f值为2m/s。
一、 起飞点经纬度： N:28°09′30” E:115°06′12”
二： 由于空域限制，飞机不 能由起飞点直飞任务航线的 航点1，需由起飞点起飞先向 西南方向平飞1200米，再向 东南方向平飞500米，到达任 务航线的航点1。
三： 如图所示任务航点第3点 到第4点航向角65°"
gsec_f6594ae89999,qbank_7cb07e6ab374,doc_22c25c38d6d8,实操题库_地面站考试条件_2026H1_空域限制或地形限制题型.txt_14,实操题库_地面站考试条件_2026H1_空域限制或地形限制题型.txt,2026H1,2026H1,2026-01-01,2026-06-30,CAAC执照考试地面站实操真题考试条件,空域限制或地形限制题型,空域限制或地形限制题-考试条件提取.docx,地面站考试真题（2026年1月-6月）/空域限制或地形限制题型/空域限制或地形限制题-考试条件提取.docx,15,175,916,河北03考场,河北,03考场,2026-04-10,5,经纬度换算;航向方位判断;空域地形限制处理;速度高度参数设置;转弯停留循环设置;几何图形航线规划;起飞返航点定位;题型:空域限制或地形限制,doc_condition_count_mismatch;doc_page_count_mismatch;source_gap,"河北03考场地面站真题 | 日期：2026.04.10
(一) 规划一个闭合六边形并循环执行，边长为a,①②③航点 相对地面高度为b，④⑤⑥航点相对地面高度为c，水平速度为d, 垂直速度为e,转弯方式为停止转弯，各点停留时间为f；
(二) a值为300米，b值为30米，c值为25m,d值为4m/s, e值为2m/s,f值为2s。
一、 起飞点经纬度： 3 5 N:36.1217° E:114.3247°
二、 由于空域限制，飞 机不能由起飞点直飞任 务航线的航点1，需先向 SW方向平飞380米，再 向NW方向平飞670米， 到达任务航线的航点1。
三、 当地风向：SW, 航点3→2航向为逆风"
gsec_ac6f5706990d,qbank_7cb07e6ab374,doc_22c25c38d6d8,实操题库_地面站考试条件_2026H1_空域限制或地形限制题型.txt_15,实操题库_地面站考试条件_2026H1_空域限制或地形限制题型.txt,2026H1,2026H1,2026-01-01,2026-06-30,CAAC执照考试地面站实操真题考试条件,空域限制或地形限制题型,空域限制或地形限制题-考试条件提取.docx,地面站考试真题（2026年1月-6月）/空域限制或地形限制题型/空域限制或地形限制题-考试条件提取.docx,16,175,916,河北03考场,河北,03考场,2026-04-10,5,经纬度换算;航向方位判断;空域地形限制处理;速度高度参数设置;转弯停留循环设置;几何图形航线规划;起飞返航点定位;题型:空域限制或地形限制,doc_condition_count_mismatch;doc_page_count_mismatch;source_gap,"河北03考场地面站真题 | 日期：2026.04.10
(一) 规划一个闭合六边形并循环执行，边长为a,①②③航点 相对地面高度为b，④⑤⑥航点相对地面高度为c，水平速度为d, 垂直速度为e,转弯方式为停止转弯，各点停留时间为f;
(二) a值为300米，b值为30米，c值为25m,d值为4m/s, e值为2m/s,f值为2s。 蛋n老计出洁· 不通计 老古然之·
一、 起飞点经纬度： N:36.2547° E:114.4306°
二、 由于空城限制，飞 机不能由起飞点直飞任 务航线的航点1，需先向 NE方向平飞460米，再 向NW方向平飞570米， 到达任务航线的航点1。
三、 当地风向：NE,航 点3→2航向为顺风"
gsec_cf6028386806,qbank_7cb07e6ab374,doc_22c25c38d6d8,实操题库_地面站考试条件_2026H1_空域限制或地形限制题型.txt_16,实操题库_地面站考试条件_2026H1_空域限制或地形限制题型.txt,2026H1,2026H1,2026-01-01,2026-06-30,CAAC执照考试地面站实操真题考试条件,空域限制或地形限制题型,空域限制或地形限制题-考试条件提取.docx,地面站考试真题（2026年1月-6月）/空域限制或地形限制题型/空域限制或地形限制题-考试条件提取.docx,17,175,916,河北03考场,河北,03考场,2026-04-10,5,经纬度换算;航向方位判断;空域地形限制处理;速度高度参数设置;转弯停留循环设置;几何图形航线规划;起飞返航点定位;题型:空域限制或地形限制,doc_condition_count_mismatch;doc_page_count_mismatch;source_gap,"河北03考场地面站真题 | 日期：2026.04.10
(一) 按图规划一个闭合的任务航线并循环执行，①③、②③、 ②④、①④边长为300米，①点相对地面高度为a,②点相对地面高 度为b，③点相对地面高度为c，④点相对地面高度为d，水平速 度为e，垂直速度为f，转弯模式为停止转弯，停留时间2s；
(二) a值为20米，b值为25米，c值为30m,d值为20m, e值为2m/s,f值为2m/s。
一、 起飞点经纬度： N:36.1217° E:114.3247°
二、 由于空域限制，飞 机不能由起飞点直飞任 务航线的航点1，需先向 NW方向平飞560米，再 向NE方向平飞630米， 到达任务航线的航点1。
三、 当地风向：SE,航 点3→2航向为逆风"
gsec_9adaea89ccce,qbank_7cb07e6ab374,doc_22c25c38d6d8,实操题库_地面站考试条件_2026H1_空域限制或地形限制题型.txt_17,实操题库_地面站考试条件_2026H1_空域限制或地形限制题型.txt,2026H1,2026H1,2026-01-01,2026-06-30,CAAC执照考试地面站实操真题考试条件,空域限制或地形限制题型,空域限制或地形限制题-考试条件提取.docx,地面站考试真题（2026年1月-6月）/空域限制或地形限制题型/空域限制或地形限制题-考试条件提取.docx,18,175,916,山东05考场,山东,05考场,2026-04-12,5,经纬度换算;航向方位判断;夹角计算;空域地形限制处理;速度高度参数设置;转弯停留循环设置;几何图形航线规划;起飞返航点定位;题型:空域限制或地形限制,doc_condition_count_mismatch;doc_page_count_mismatch;source_gap,"山东05考场地面站真题 | 日期：2026.04.12
(一) 与 的相对方位由委任代表根 据现场环境等情况进行决定。规划规划一个闭合的任务航线不循环 执行，①③、②③、②④、①④边长为300米，①点相对地面高度为 a,②点相对地面高度为b,③点相对地面高度为c,④点相对地面 高度为d，水平速度为e，垂直速度为f，转弯模式为协调转弯；
(二) a值为20米，b值为25米，c值为30m,d值为20m, e值为2m/s,f值为2m/s。
1、 起飞点经纬度： N:23°39'28” E:119°56′36”
2、 由于空域限制，飞机 不能由起飞点直飞任务 航线的航点1，需由起飞 点起飞先向西南方向平 飞1800米，再向东南方 向平飞600米，到达任务 航线的航点1。
3、 如图所示任务航点3 4航向角25°"
gsec_73bc2ca7a262,qbank_7cb07e6ab374,doc_22c25c38d6d8,实操题库_地面站考试条件_2026H1_空域限制或地形限制题型.txt_18,实操题库_地面站考试条件_2026H1_空域限制或地形限制题型.txt,2026H1,2026H1,2026-01-01,2026-06-30,CAAC执照考试地面站实操真题考试条件,空域限制或地形限制题型,空域限制或地形限制题-考试条件提取.docx,地面站考试真题（2026年1月-6月）/空域限制或地形限制题型/空域限制或地形限制题-考试条件提取.docx,19,175,916,北京01考场,北京,01考场,2026-03-19,5,经纬度换算;航向方位判断;夹角计算;空域地形限制处理;速度高度参数设置;转弯停留循环设置;几何图形航线规划;起飞返航点定位;题型:空域限制或地形限制,doc_condition_count_mismatch;doc_page_count_mismatch;ocr_possible_typo;source_gap,"北京01考场地面站真题 | 日期：2026.03.19
(一) 与 的相对方位由委任代表根 据现场环境等情况进行决定。按图规划一个闭合的任务航线不循环 执行，①③、②③、②④、①④边长为300米，①点相对地面高度为 a,②点相对地面高度为b,③点相对地面高度为c，④点相对地面 高度为d，水平速度为e，垂直速度为f，转弯模式为停止转弯， 停留时间2s;
(二) a值为20米，b值为25米，c值为30m,d值为20m, e值为2m/s,f值为2m/s。
1、 起飞点经纬度： N:28°39'30"" E:115°56'32”
2、 由于空域限制，飞机 不能由起飞点直飞任务 航线的航点1，需由起飞 点起飞先向西南方向平 飞1200米，再向东南方 向平飞500米，到达任务 航线的航点1。
3、 如图所以任务航点3- 4航向角15°"
gsec_d34877b6f3b4,qbank_7cb07e6ab374,doc_22c25c38d6d8,实操题库_地面站考试条件_2026H1_空域限制或地形限制题型.txt_19,实操题库_地面站考试条件_2026H1_空域限制或地形限制题型.txt,2026H1,2026H1,2026-01-01,2026-06-30,CAAC执照考试地面站实操真题考试条件,空域限制或地形限制题型,空域限制或地形限制题-考试条件提取.docx,地面站考试真题（2026年1月-6月）/空域限制或地形限制题型/空域限制或地形限制题-考试条件提取.docx,20,175,916,江西02考场,江西,02考场,2026-03-23,5,经纬度换算;航向方位判断;夹角计算;空域地形限制处理;速度高度参数设置;转弯停留循环设置;几何图形航线规划;起飞返航点定位;题型:空域限制或地形限制,doc_condition_count_mismatch;doc_page_count_mismatch;source_gap,"江西02考场地面站真题 | 日期：2026.03.23
(一) 规划一个闭合等边三角形并循环执行，边长为a，所有航线相对地 面高度为b，水平速度为c，垂直速度为d，转弯方式为停止转弯，停留时间 5s;
(二) a值为80米，b值为50米，c值为3ms,d值为2m/s。
一： 起飞点经纬度： N:28°19'03” E:115°1602”
二： 由于空域限制， 飞机不能由起飞点直 飞任务航线的航点1， 需先向SE方向平飞 1000米，再向SW平 飞500米，到达任务 航线的航点1。
三： 航点3-2航向角北 偏西15"
gsec_91d461593266,qbank_7cb07e6ab374,doc_22c25c38d6d8,实操题库_地面站考试条件_2026H1_空域限制或地形限制题型.txt_20,实操题库_地面站考试条件_2026H1_空域限制或地形限制题型.txt,2026H1,2026H1,2026-01-01,2026-06-30,CAAC执照考试地面站实操真题考试条件,空域限制或地形限制题型,空域限制或地形限制题-考试条件提取.docx,地面站考试真题（2026年1月-6月）/空域限制或地形限制题型/空域限制或地形限制题-考试条件提取.docx,21,175,916,江西02考场,江西,02考场,2026-03-23,5,经纬度换算;夹角计算;空域地形限制处理;速度高度参数设置;转弯停留循环设置;几何图形航线规划;起飞返航点定位;题型:空域限制或地形限制,doc_condition_count_mismatch;doc_page_count_mismatch;source_gap,"江西02考场地面站真题 | 日期：2026.03.23
(一) 按图规划一个闭合的任务航线不循环执行，①③、②③、 ②④、①④边长为300米，①点相对地面高度为a,②点相对地面高 度为b,③点相对地面高度为c,④点相对地面高度为d，水平速 度为e，垂直速度为f，转弯模式为停止转弯，停留时间为2s;
(二) a值为20米，b值为25米，c值为30m,d值为20m, e值为2m/s,f值为2m/s。
一： 起飞点经纬度： N:28°19′10” E:115°26'52”
二： 由于空域限制，飞机不 能由起飞点直飞任务航线的 航点1，需由起飞点起飞先向 西南方向平飞1200米，再向 东南方向平飞500米，到达任 ☆； 务航线的航点1。
三： 如图所示任务航点3-4航 向角15°"
gsec_b7052911b7e1,qbank_7cb07e6ab374,doc_22c25c38d6d8,实操题库_地面站考试条件_2026H1_空域限制或地形限制题型.txt_21,实操题库_地面站考试条件_2026H1_空域限制或地形限制题型.txt,2026H1,2026H1,2026-01-01,2026-06-30,CAAC执照考试地面站实操真题考试条件,空域限制或地形限制题型,空域限制或地形限制题-考试条件提取.docx,地面站考试真题（2026年1月-6月）/空域限制或地形限制题型/空域限制或地形限制题-考试条件提取.docx,22,175,916,黑龙江01考场,黑龙江,01考场,2026-03-24,5,经纬度换算;航向方位判断;夹角计算;空域地形限制处理;速度高度参数设置;转弯停留循环设置;几何图形航线规划;起飞返航点定位;题型:空域限制或地形限制,doc_condition_count_mismatch;doc_page_count_mismatch;source_gap,"黑龙江01考场地面站真题 | 日期：2026.03.24
(一) 与 的相对方位由委任代表根据现场环境 等情况进行决定。规划一个等边三角形并循环执行，边长为，所有航线相对 地面高度为b，水平速度为c，垂直速度为d,转弯方式为停止转弯，停留时 间8s;
(二) a值为50米，b值为60米，c值为3m/s,d值为2m/s。
1、 起飞点经纬度： 任务航线示意图： N:43°7'24"" E:125°34'4”
2、 由于空域限制，飞 机不能由起飞点直飞任 务航线的航点1，需先 向正南方平飞80米，再 ☆； 向东平飞100米，到达 任务航线的航点1。
3、 航点2-1航向为NE°"
gsec_c1f4071b8652,qbank_7cb07e6ab374,doc_22c25c38d6d8,实操题库_地面站考试条件_2026H1_空域限制或地形限制题型.txt_22,实操题库_地面站考试条件_2026H1_空域限制或地形限制题型.txt,2026H1,2026H1,2026-01-01,2026-06-30,CAAC执照考试地面站实操真题考试条件,空域限制或地形限制题型,空域限制或地形限制题-考试条件提取.docx,地面站考试真题（2026年1月-6月）/空域限制或地形限制题型/空域限制或地形限制题-考试条件提取.docx,23,175,916,黑龙江01考场,黑龙江,01考场,2026-03-24,5,经纬度换算;航向方位判断;夹角计算;空域地形限制处理;速度高度参数设置;转弯停留循环设置;几何图形航线规划;起飞返航点定位;题型:空域限制或地形限制,doc_condition_count_mismatch;doc_page_count_mismatch;source_gap,"黑龙江01考场地面站真题 | 日期：2026.03.24
(一) 与 的相对方位由委任代表根 据现场环境等情况进行决定。按图规划一个闭合的任务航线不循环， 执行，①③、②③、②④、①④边长为300米，①点相对地面高度为 a，②点相对地面高度为b,③点相对地面高度为c，④点相对地面 高度为d，水平速度为e，垂直速度为f，转弯模式为停止转弯， 停留时间2s；
(二) a值为20米，b值为25米，c值为30m,d值为20m, e值为6m/s,f值为2m/s。 通计 不通计 坐古然空，
1、 起飞点经纬度： N43°34'4"" E:125°7'24""
2、 由于空域限制，飞机 任务航线示意图： 不能由起飞点直飞任务 航线的航点1，需由起飞 点起飞先向东南方向平 飞300米，再向东北方向 3 平飞500米，到达任务 航线的航点1。
3、 如图所示任务航点3 4航向角NE"
gsec_3f0913692d3a,qbank_7cb07e6ab374,doc_22c25c38d6d8,实操题库_地面站考试条件_2026H1_空域限制或地形限制题型.txt_23,实操题库_地面站考试条件_2026H1_空域限制或地形限制题型.txt,2026H1,2026H1,2026-01-01,2026-06-30,CAAC执照考试地面站实操真题考试条件,空域限制或地形限制题型,空域限制或地形限制题-考试条件提取.docx,地面站考试真题（2026年1月-6月）/空域限制或地形限制题型/空域限制或地形限制题-考试条件提取.docx,24,175,916,河北04考场,河北,04考场,2026-03-25,4,经纬度换算;航向方位判断;空域地形限制处理;速度高度参数设置;转弯停留循环设置;几何图形航线规划;起飞返航点定位;题型:空域限制或地形限制,doc_condition_count_mismatch;doc_page_count_mismatch;source_gap,"河北04考场地面站真题 | 日期：2026.03.25
(一) 与 的相对方位由委任代表根据现场环境等 情况进行决定。于起飞点前规划一个六边形并循环执行，边长为a，①②③航点 相对地面高度为b,④⑤⑥航点相对地面高度为c,水平速度为d,垂直速度为， 转弯方式为停止转弯，各点停留时间为f;
(二) a值建议为30米（误差≤±3米），b值建议为25米，c建议为30m, d值建议为2m/s。e值建议为1m/s,f值建议为2s。(航线方位及各数值可由委 任代表按实际情况进行调整，考题以委任代表规定数值为准)
1、 起飞点经纬度： N:28°39'30"" E:115°56'32”
2、 由于地形限制，飞机不能由 起飞点直飞任务航线的航点1， 需升高120米，再向SE平飞500米 规避障碍。"
gsec_6eb68edcf0ae,qbank_7cb07e6ab374,doc_22c25c38d6d8,实操题库_地面站考试条件_2026H1_空域限制或地形限制题型.txt_24,实操题库_地面站考试条件_2026H1_空域限制或地形限制题型.txt,2026H1,2026H1,2026-01-01,2026-06-30,CAAC执照考试地面站实操真题考试条件,空域限制或地形限制题型,空域限制或地形限制题-考试条件提取.docx,地面站考试真题（2026年1月-6月）/空域限制或地形限制题型/空域限制或地形限制题-考试条件提取.docx,25,175,916,湖北01考场,湖北,01考场,2026-03-26,6,经纬度换算;航向方位判断;夹角计算;速度高度参数设置;转弯停留循环设置;几何图形航线规划;起飞返航点定位;题型:空域限制或地形限制,doc_condition_count_mismatch;doc_page_count_mismatch;source_gap,"湖北01考场地面站真题 | 日期：2026.03.26
(一) 与 的相对方位由委任代表根据 现场环境等情况进行决定。于起飞前规划一个等腰直角三角形并 循环执行，①②边长为a1,①③边长为a2,∠①为直角，航线相对 地面高度b，水平速度为c，垂直速度为d，转弯方式为停止转弯， 停留时间不要求；
(二) a1、a2值建议为30米，b值建议为30米，c值建议 为3m/s,d值建议为1m/s。(航线方位及各数值可由委任代表按实 际情况进行调整，考题以委任代表规定数值为准)
一、 起飞点经纬度： E:103°12'39.75"" N:24°44'49.49” 保留小数点后5位，四舍五入
二、 无人机原地飞升高至100 米，向西南方向飞行100米，再 向东北方向飞行200米后，开始 执行图形航线。
三、 3+2为SE方向
四、 图形需要手动闭合"
gsec_0aad15d60f40,qbank_7cb07e6ab374,doc_22c25c38d6d8,实操题库_地面站考试条件_2026H1_空域限制或地形限制题型.txt_25,实操题库_地面站考试条件_2026H1_空域限制或地形限制题型.txt,2026H1,2026H1,2026-01-01,2026-06-30,CAAC执照考试地面站实操真题考试条件,空域限制或地形限制题型,空域限制或地形限制题-考试条件提取.docx,地面站考试真题（2026年1月-6月）/空域限制或地形限制题型/空域限制或地形限制题-考试条件提取.docx,26,175,916,湖南02考场,湖南,02考场,2026-03-26,5,经纬度换算;航向方位判断;夹角计算;空域地形限制处理;速度高度参数设置;转弯停留循环设置;几何图形航线规划;起飞返航点定位;题型:空域限制或地形限制,doc_condition_count_mismatch;doc_page_count_mismatch;source_gap,"湖南02考场地面站真题 | 日期：2026.03.26
(一) 与 的相对方位由委任代表根据 现场环境等情况进行决定。于起飞点前规划一个等边三角形并循环执行， 边长为a,航线相对地面高度为b,水平速度为c，垂直速度为d, 转弯方式为停止转弯，停留时间不作要求；
(二) a值建议为30米，b值建议为30米，c值建议为3m/s, d值建议为1m/s。(航线方位及各数值可由委任代表按实际情况进行 调整，考题以委任代表规定数值为准)
一： 起飞点经纬度： E:113°12'12” N:27.7766°
二： 由于空域限制，需先向SE 方向飞行150m,再向E方向飞 行150m,进入考题①点
三： ③到②航向NW"
gsec_1fffe06a7629,qbank_7cb07e6ab374,doc_22c25c38d6d8,实操题库_地面站考试条件_2026H1_空域限制或地形限制题型.txt_26,实操题库_地面站考试条件_2026H1_空域限制或地形限制题型.txt,2026H1,2026H1,2026-01-01,2026-06-30,CAAC执照考试地面站实操真题考试条件,空域限制或地形限制题型,空域限制或地形限制题-考试条件提取.docx,地面站考试真题（2026年1月-6月）/空域限制或地形限制题型/空域限制或地形限制题-考试条件提取.docx,27,175,916,湖南02考场,湖南,02考场,2026-03-26,5,经纬度换算;航向方位判断;夹角计算;空域地形限制处理;速度高度参数设置;转弯停留循环设置;几何图形航线规划;起飞返航点定位;题型:空域限制或地形限制,doc_condition_count_mismatch;doc_page_count_mismatch;source_gap,"湖南02考场地面站真题 | 日期：2026.03.26
(一) 与 的相对方位由委任代表根据 现场环境等情况进行决定。按图于起飞点前规划一个五边形并循环执 行，①②边及②③边的边长为a,∠②=∠④=∠①为90°，航线相 对地面高度为b，水平速度为c，垂直速度为，转弯模式为停止转弯， 各点停留时间为e;
(二) a值建议为30米，b值建议为30米，c值建议为3m/s, d建议为1m/s,e值建议为2s。(航线方位及各数值可由委任代 表按实际情况进行调整，考题以委任代表规定数值为准)
一： 起飞点经纬度： E:113°12'12” N:27.7766°
二： 由于空域限制，需先向SW 方向飞行100m,再向SE方向飞 行100m,进入考题①点
三： ③点位于②点NW"
gsec_a767286fc7de,qbank_7cb07e6ab374,doc_22c25c38d6d8,实操题库_地面站考试条件_2026H1_空域限制或地形限制题型.txt_27,实操题库_地面站考试条件_2026H1_空域限制或地形限制题型.txt,2026H1,2026H1,2026-01-01,2026-06-30,CAAC执照考试地面站实操真题考试条件,空域限制或地形限制题型,空域限制或地形限制题-考试条件提取.docx,地面站考试真题（2026年1月-6月）/空域限制或地形限制题型/空域限制或地形限制题-考试条件提取.docx,28,175,916,广西01考场,广西,01考场,2026-03-27,5,经纬度换算;航向方位判断;夹角计算;空域地形限制处理;速度高度参数设置;转弯停留循环设置;几何图形航线规划;起飞返航点定位;题型:空域限制或地形限制,doc_condition_count_mismatch;doc_page_count_mismatch;source_gap,"广西01考场地面站真题 | 日期：2026.03.27
(一) 与 的相对方位由委任代表根据 现场环境等情况进行决定。于起飞前规划一个等腰直角三角形并 循环执行，①②边长为a1,①③边长为a2,∠①为直角，航线相对 地面高度b，水平速度为c，垂直速度为d，转弯方式为停止转弯， 停留时间不要求；
(二) a1、a2值建议为30米，b值建议为30米，c值建议 为3m/s,d值建议为1m/s。(航线方位及各数值可由委任代表按实 际情况进行调整，考题以委任代表规定数值为准)
一： 起飞点经纬度： N:28°39′30” E:115°56'32""
二： 由于空域限制，飞机不能由起飞点 直飞任务航线的航点1，需由起飞点起 飞，先向西南平飞1200米，再向东南 平飞500米，到达任务航线的航点1。
三： 方位角关系见下方坐标轴"
gsec_bdd7a460610f,qbank_7cb07e6ab374,doc_22c25c38d6d8,实操题库_地面站考试条件_2026H1_空域限制或地形限制题型.txt_28,实操题库_地面站考试条件_2026H1_空域限制或地形限制题型.txt,2026H1,2026H1,2026-01-01,2026-06-30,CAAC执照考试地面站实操真题考试条件,空域限制或地形限制题型,空域限制或地形限制题-考试条件提取.docx,地面站考试真题（2026年1月-6月）/空域限制或地形限制题型/空域限制或地形限制题-考试条件提取.docx,29,175,916,广西01考场,广西,01考场,2026-03-27,5,经纬度换算;航向方位判断;夹角计算;空域地形限制处理;速度高度参数设置;转弯停留循环设置;几何图形航线规划;起飞返航点定位;题型:空域限制或地形限制,doc_condition_count_mismatch;doc_page_count_mismatch;source_gap,"广西01考场地面站真题 | 日期：2026.03.27
(一) 与 的相对方位由委任代表根据 现场环境等情况进行决定。于起飞点前规划一个六边形并循环执行， 边长为a，①②③航点相对地面高度为b,④⑤⑥航点相对地面高度 为c,水平速度为d，垂直速度为e,转弯方式为停止转弯，各点停 留时间为f;
(二) a值为建议30米（误差≤±3米），b值建议为30米， c值建议为25m,d值建议为4m/s,e值建议为2m/s,f值建议为 2§。（航线方位及各数值可由变任代表按实际情况进行调整，考题以 委任代表规定数值为准)
一： 起飞点经纬度： N:28°39'30"" E:115°56′32”
二： 由于空域限制，飞机不能由起飞点 直飞任务航线的航点1，需由起飞点起 飞，先向西南平飞1200米，再向东南 平飞500米，到达任务航线的航点1。
三： 方位角关系见下方坐标轴"
gsec_f4de39721daf,qbank_7cb07e6ab374,doc_22c25c38d6d8,实操题库_地面站考试条件_2026H1_空域限制或地形限制题型.txt_29,实操题库_地面站考试条件_2026H1_空域限制或地形限制题型.txt,2026H1,2026H1,2026-01-01,2026-06-30,CAAC执照考试地面站实操真题考试条件,空域限制或地形限制题型,空域限制或地形限制题-考试条件提取.docx,地面站考试真题（2026年1月-6月）/空域限制或地形限制题型/空域限制或地形限制题-考试条件提取.docx,30,175,916,广西01考场,广西,01考场,2026-03-27,5,经纬度换算;航向方位判断;夹角计算;空域地形限制处理;速度高度参数设置;转弯停留循环设置;几何图形航线规划;起飞返航点定位;题型:空域限制或地形限制,doc_condition_count_mismatch;doc_page_count_mismatch;source_gap,"广西01考场地面站真题 | 日期：2026.03.27
(一) 与 的相对方位由委任代表根据 现场环境等情况进行决定。按图于起飞点前规划一个五边形并循环执 行，①②边及②③边的边长为a,∠②=∠④=∠①为90°，航线相 对地面高度为b，水平速度为c，垂直速度为d，转弯模式为停止 转弯，各点停留时间为e;
(二) a值建议为50米，b值建议为50米，c值建议为 3m/s,d建议为2m/s,e值建议为10s。(航线方位及各数值可由 委任代表按实际情况进行调整，考题以委任代表规定数值为准)
一： 起飞点经纬度： N:28°39'30"" E:115°56′32”
二： 由于空域限制，飞机不能由起飞点 直飞任务航线的航点1，需由起飞点起 飞，先向西南平飞1200米，再向东南 平飞500米，到达任务航线的航点1。
三： 方位角关系见下方坐标轴 ☆；"
gsec_f10e57742a8a,qbank_7cb07e6ab374,doc_22c25c38d6d8,实操题库_地面站考试条件_2026H1_空域限制或地形限制题型.txt_30,实操题库_地面站考试条件_2026H1_空域限制或地形限制题型.txt,2026H1,2026H1,2026-01-01,2026-06-30,CAAC执照考试地面站实操真题考试条件,空域限制或地形限制题型,空域限制或地形限制题-考试条件提取.docx,地面站考试真题（2026年1月-6月）/空域限制或地形限制题型/空域限制或地形限制题-考试条件提取.docx,31,175,916,广西01考场,广西,01考场,2026-03-27,5,经纬度换算;航向方位判断;夹角计算;空域地形限制处理;速度高度参数设置;转弯停留循环设置;几何图形航线规划;起飞返航点定位;题型:空域限制或地形限制,doc_condition_count_mismatch;doc_page_count_mismatch;source_gap,"广西01考场地面站真题 | 日期：2026.03.27
(一) 与 的相对方位由委任代表根据 现场环境等情况进行决定。按图于起飞点前规划一个四边形并循环执 行。①②边、②③边边长为a,③④边边长为b,∠②=∠③=90 航线相对地面高度为c，水平速度为d，垂直速度为e，转弯模式为 停止转弯，停留时间5；
(二) a值建议为200米，b值建议为300米，c值建议为300m, d值建议为3m/s。e值建议为2m/s。(航线方位及各数值可由委 任代表按实际情况进行调整，考题以委任代表规定数值为准)
一： 起飞点经纬度： N:28°39'30"" E:115°5632”
二： 由于空域限制，飞机不能由起飞点 直飞任务航线的航点1，需由起飞点起 飞，先向西南平飞1200米，再向东南 平飞500米，到达任务航线的航点1。
三： 方位角关系见下方坐标轴"
gsec_0d500e7bd7a6,qbank_7cb07e6ab374,doc_22c25c38d6d8,实操题库_地面站考试条件_2026H1_空域限制或地形限制题型.txt_31,实操题库_地面站考试条件_2026H1_空域限制或地形限制题型.txt,2026H1,2026H1,2026-01-01,2026-06-30,CAAC执照考试地面站实操真题考试条件,空域限制或地形限制题型,空域限制或地形限制题-考试条件提取.docx,地面站考试真题（2026年1月-6月）/空域限制或地形限制题型/空域限制或地形限制题-考试条件提取.docx,32,175,916,广西01考场,广西,01考场,2026-03-27,5,经纬度换算;航向方位判断;夹角计算;空域地形限制处理;速度高度参数设置;转弯停留循环设置;几何图形航线规划;起飞返航点定位;题型:空域限制或地形限制,doc_condition_count_mismatch;doc_page_count_mismatch;possible_incomplete_latlon_pair;source_gap,"广西01考场地面站真题 | 日期：2026.03.27
(一) 与 的相对方位由委任代表根据 现场环境等情况进行决定。按图于起飞点前规划一个四边形并循环执 行。①②边、②③边边长为a,③④边边长为b,∠②=∠③=90° 航线相对地面高度为c，水平速度为d，垂直速度为e,转弯模式为 停止转弯，停留时间5；
(二) a值建议为200米，b值建议为300米，c值建议为300m, d值建议为3m/s。e值建议为2m/s。(航线方位及各数值可由委 任代表按实际情况进行调整，考题以委任代表规定数值为准)
一： 起飞点经纬度： :28°39'30"" E:115°56'32""
二： 由于空域限制，飞机不能由起飞点 直飞任务航线的航点1，需由起飞点起 飞，先向东南平飞1200米，再向西南 平飞500米，到达任务航线的航点1。
三： 方位角关系见下方坐标轴 NW"
gsec_460e1019d30d,qbank_7cb07e6ab374,doc_22c25c38d6d8,实操题库_地面站考试条件_2026H1_空域限制或地形限制题型.txt_32,实操题库_地面站考试条件_2026H1_空域限制或地形限制题型.txt,2026H1,2026H1,2026-01-01,2026-06-30,CAAC执照考试地面站实操真题考试条件,空域限制或地形限制题型,空域限制或地形限制题-考试条件提取.docx,地面站考试真题（2026年1月-6月）/空域限制或地形限制题型/空域限制或地形限制题-考试条件提取.docx,33,175,916,广西01考场,广西,01考场,2026-03-27,5,经纬度换算;航向方位判断;夹角计算;空域地形限制处理;速度高度参数设置;转弯停留循环设置;几何图形航线规划;起飞返航点定位;题型:空域限制或地形限制,doc_condition_count_mismatch;doc_page_count_mismatch;source_gap,"广西01考场地面站真题 | 日期：2026.03.27
(一) 与 的相对方位由委任代表根据 现场环境等情况进行决定。按图于起飞点前规划一个四边形并循环执 行。①②边、②③边边长为a,③④边边长为b,∠②=∠③=90° 航线相对地面高度为c，水平速度为d，垂直速度为e，转弯模式为 停止转弯，停留时间5；
(二) a值建议为200米，b值建议为300米，c值建议为300m, d值建议为3m/s。e值建议为2m/s。(航线方位及各数值可由委 任代表按实际情况进行调整，考题以委任代表规定数值为准)
一： 起飞点经纬度： N:28°39′30"" E:115°56'32""
二： 由于空域限制，飞机不能由起飞点 直飞任务航线的航点1，需由起飞点起 飞，先向SE平飞1200米，再向SW 平飞500米，到达任务航线的航点1。
三： 方位角关系见下方坐标轴"
gsec_06418e85145a,qbank_7cb07e6ab374,doc_22c25c38d6d8,实操题库_地面站考试条件_2026H1_空域限制或地形限制题型.txt_33,实操题库_地面站考试条件_2026H1_空域限制或地形限制题型.txt,2026H1,2026H1,2026-01-01,2026-06-30,CAAC执照考试地面站实操真题考试条件,空域限制或地形限制题型,空域限制或地形限制题-考试条件提取.docx,地面站考试真题（2026年1月-6月）/空域限制或地形限制题型/空域限制或地形限制题-考试条件提取.docx,34,175,916,广西01考场,广西,01考场,2026-03-27,4,经纬度换算;航向方位判断;夹角计算;空域地形限制处理;速度高度参数设置;转弯停留循环设置;几何图形航线规划;起飞返航点定位;题型:空域限制或地形限制,doc_condition_count_mismatch;doc_page_count_mismatch;source_gap,"广西01考场地面站真题 | 日期：2026.03.27
(一) 与 的相对方位由委任代表根据 现场环境等情况进行决定。按图于起飞点前规划一个闭合图形并循环 执行，各点之间距离不小于50米，①点相对地面高度为a,②点相 对地面高度为b，③点相对地面高度为c，④点相对地面高度为d, 水平速度为e,垂直速度为f，转弯模式为停止转弯，停留时间2s;
(二) a值建议为20米，b值建议为25米，c值建议为30m, d值建议为20m,e值建议为2m/s,f值建议为2m/s。(航线方位 及各数值可由变任代表按实际情况进行调整，考题以委任代表规定数 值为准) 金：进生，
二： 由于空域限制，飞机不能由起飞点 直飞任务航线的航点1，需由起飞点起 飞，先向西南平飞1200米，再向东南 平飞500米，到达任务航线的航点1。
三： 方位角关系见下方坐标轴"
gsec_cfae80c7e406,qbank_7cb07e6ab374,doc_22c25c38d6d8,实操题库_地面站考试条件_2026H1_空域限制或地形限制题型.txt_34,实操题库_地面站考试条件_2026H1_空域限制或地形限制题型.txt,2026H1,2026H1,2026-01-01,2026-06-30,CAAC执照考试地面站实操真题考试条件,空域限制或地形限制题型,空域限制或地形限制题-考试条件提取.docx,地面站考试真题（2026年1月-6月）/空域限制或地形限制题型/空域限制或地形限制题-考试条件提取.docx,35,175,916,贵州01考场,贵州,01考场,2026-03-27,5,经纬度换算;航向方位判断;夹角计算;空域地形限制处理;速度高度参数设置;转弯停留循环设置;几何图形航线规划;起飞返航点定位;题型:空域限制或地形限制,doc_condition_count_mismatch;doc_page_count_mismatch;source_gap,"贵州01考场地面站真题 | 日期：2026.03.27
(一) 与 的相对方位由委任代表根据现场环境 等情况进行决定。规划一个等边三角形并循环执行，边长为，所有航线相对 地面高度为b，水平速度为c，垂直速度为，转弯方式为停止转弯，停留时 间5s;
(二) a值为50米，b值为50米，c值为3m/s,d值为2m/s。
1、 起飞点经纬度： N:28°39′30” 任务航线示意图： E:115°56'32”
2、 由于空域限制，飞 机不能由起飞点直飞 任务航线的航点1，需 先向正东方平飞1000 米，再向南平飞500米， 到达任务航线的航点1。
3、 航点1-2航向角45°"
gsec_c0a428db939f,qbank_7cb07e6ab374,doc_22c25c38d6d8,实操题库_地面站考试条件_2026H1_空域限制或地形限制题型.txt_35,实操题库_地面站考试条件_2026H1_空域限制或地形限制题型.txt,2026H1,2026H1,2026-01-01,2026-06-30,CAAC执照考试地面站实操真题考试条件,空域限制或地形限制题型,空域限制或地形限制题-考试条件提取.docx,地面站考试真题（2026年1月-6月）/空域限制或地形限制题型/空域限制或地形限制题-考试条件提取.docx,36,175,916,贵州01考场,贵州,01考场,2026-03-27,5,经纬度换算;航向方位判断;夹角计算;空域地形限制处理;速度高度参数设置;转弯停留循环设置;几何图形航线规划;起飞返航点定位;题型:空域限制或地形限制,doc_condition_count_mismatch;doc_page_count_mismatch;source_gap,"贵州01考场地面站真题 | 日期：2026.03.27
(一) 按图规划一个闭合的任务航线不循环执行，①③、②③、 ②④、①④边长为300米，①点相对地面高度为a,②点相对地面高 度为b，③点相对地面高度为c，④点相对地面高度为d，水平速 度为e，垂直速度为f，转弯模式为停止转弯，停留时间为6s;
(二) a值为20米，b值为25米，c值为30m,d值为20m, e值为4m/s,f值为2m/s。
一： 起飞点经纬度： N:28°09'10"" E:115°26'52”
二： 由于空域限制，飞机不 能由起飞点直飞任务航线的 第一个航点，需由起飞点起 飞先向东南方向平飞1200米， 再向东南方向平飞500米， 到达任务航线的第一个航点。
三： 如图所示任务航线的第1 个航点到任务航线的第2个航 点航向角45°"
gsec_36e7b59931e6,qbank_7cb07e6ab374,doc_22c25c38d6d8,实操题库_地面站考试条件_2026H1_空域限制或地形限制题型.txt_36,实操题库_地面站考试条件_2026H1_空域限制或地形限制题型.txt,2026H1,2026H1,2026-01-01,2026-06-30,CAAC执照考试地面站实操真题考试条件,空域限制或地形限制题型,空域限制或地形限制题-考试条件提取.docx,地面站考试真题（2026年1月-6月）/空域限制或地形限制题型/空域限制或地形限制题-考试条件提取.docx,37,175,916,湖南03考场,湖南,03考场,2026-03-27,5,经纬度换算;航向方位判断;空域地形限制处理;速度高度参数设置;转弯停留循环设置;几何图形航线规划;起飞返航点定位;题型:空域限制或地形限制,doc_condition_count_mismatch;doc_page_count_mismatch;source_gap,"湖南03考场地面站真题 | 日期：2026.03.27
(一) 与 的相对方位由委任代表根据 现场环境等情况进行决定。于起飞点前规划一个六边形并循环执行， 边长为a，①②③航点相对地面高度为b,④⑤⑥航点相对地面高度 为c,水平速度为d,垂直速度为e,转弯方式为停止转弯，各点停 留时间为f;
(二) a值为建议30米（误差≤±3米），b值建议为25米， c值建议为30m,d值建议为2m/s,e值建议为1m/s,f值建议为 2s。(航线方位及各数值可由变任代表按实际情况进行调整，考题以 委任代表规定数值为准)
1、 起飞点经纬度： E:113°55′55” N:27.223344°
2、 由于空域限制，需起飞后先 向SW方向飞行150m,再向 SE方向飞行100m,进入图形 ①号点
3、 1-2航向NW 闭合不循环，任务完成后 按航线返航"
gsec_800f221ce61f,qbank_7cb07e6ab374,doc_22c25c38d6d8,实操题库_地面站考试条件_2026H1_空域限制或地形限制题型.txt_37,实操题库_地面站考试条件_2026H1_空域限制或地形限制题型.txt,2026H1,2026H1,2026-01-01,2026-06-30,CAAC执照考试地面站实操真题考试条件,空域限制或地形限制题型,空域限制或地形限制题-考试条件提取.docx,地面站考试真题（2026年1月-6月）/空域限制或地形限制题型/空域限制或地形限制题-考试条件提取.docx,38,175,916,湖南03考场,湖南,03考场,2026-03-27,5,经纬度换算;航向方位判断;夹角计算;空域地形限制处理;速度高度参数设置;转弯停留循环设置;几何图形航线规划;起飞返航点定位;题型:空域限制或地形限制,doc_condition_count_mismatch;doc_page_count_mismatch;source_gap,"湖南03考场地面站真题 | 日期：2026.03.27
(一) 与 的相对方位由委任代表根据 现场环境等情况进行决定。按图于起飞点前规划一个五边形并循环执 行，①②边及②③边的边长为a,∠②=∠④=∠①为90°，航线相 对地面高度为b,水平速度为c,垂直速度为，转弯模式为停止转弯， 各点停留时间为e;
(二) a值建议为30米，b值建议为30米，c值建议为3m/s, d建议为1m/s,e值建议为2s。(航线方位及各数值可由委任代 表按实际情况进行调整，考题以委任代表规定数值为准)
1、 起飞点经纬度： E:113°12'12” N:27.7766°
2、 由于空域限制，需起飞后 先向SW方向飞行100m,再向 SE方向飞行100m,进入图形 ①号点
3、 ③点位于②点NW方向"
gsec_634d3519c67e,qbank_7cb07e6ab374,doc_22c25c38d6d8,实操题库_地面站考试条件_2026H1_空域限制或地形限制题型.txt_38,实操题库_地面站考试条件_2026H1_空域限制或地形限制题型.txt,2026H1,2026H1,2026-01-01,2026-06-30,CAAC执照考试地面站实操真题考试条件,空域限制或地形限制题型,空域限制或地形限制题-考试条件提取.docx,地面站考试真题（2026年1月-6月）/空域限制或地形限制题型/空域限制或地形限制题-考试条件提取.docx,39,175,916,湖南03考场,湖南,03考场,2026-03-27,6,经纬度换算;航向方位判断;夹角计算;空域地形限制处理;速度高度参数设置;转弯停留循环设置;几何图形航线规划;起飞返航点定位;题型:空域限制或地形限制,doc_condition_count_mismatch;doc_page_count_mismatch;source_gap,"湖南03考场地面站真题 | 日期：2026.03.27
(一) 与 的相对方位由委任代表根据 现场环境等情况进行决定。按图于起飞点前规划一个四边形并循环执 行。①②边、②③边边长为a,③④边边长为b,∠②=∠③=90° 航线相对地面高度为c,水平速度为d，垂直速度为e，转弯模式为 停止转弯，停留时间不作要求；
(二) a值建议为20米，b值建议为30米，c值建议为30m, d值建议为3m/s。e值建议为2m/s。(航线方位及各数值可由委任 代表按实际情况进行调整，考题以委任代表规定数值为准)
1、 起飞点经纬度： E:113°55′55"" N:28.223344°
2、 由于空域限制，需起飞后先 向SW方向飞行150m,再向 SE方向飞行100m,进入图形 ①号点
3、 ③点位于②点NW方向
4、 闭合不循环航线，航线结束 后需按空域限制条件返航到H点。 保留返航航线。"
gsec_54306f0b1eea,qbank_7cb07e6ab374,doc_22c25c38d6d8,实操题库_地面站考试条件_2026H1_空域限制或地形限制题型.txt_39,实操题库_地面站考试条件_2026H1_空域限制或地形限制题型.txt,2026H1,2026H1,2026-01-01,2026-06-30,CAAC执照考试地面站实操真题考试条件,空域限制或地形限制题型,空域限制或地形限制题-考试条件提取.docx,地面站考试真题（2026年1月-6月）/空域限制或地形限制题型/空域限制或地形限制题-考试条件提取.docx,40,175,916,湖南03考场,湖南,03考场,2026-03-27,6,经纬度换算;航向方位判断;空域地形限制处理;速度高度参数设置;转弯停留循环设置;几何图形航线规划;起飞返航点定位;题型:空域限制或地形限制,doc_condition_count_mismatch;doc_page_count_mismatch;source_gap,"湖南03考场地面站真题 | 日期：2026.03.27
(一) 与 的相对方位由委任代表根据 现场环境等情况进行决定。按图于起飞点前规划一个闭合图形并循环 执行，各点之间距离不小于20米，①点相对地面高度为a,②点相 对地面高度为b，③点相对地面高度为c，④点相对地面高度为d, 水平速度为e，垂直速度为f，转弯模式为停止转弯，停留时间不作 要求；
(二) a值建议为20米，b值建议为25米，c值建议为30m, d值建议为25m,e值建议为2m/s,f值建议为1m/s。(航线方位 及各数值可由变任代表按实际情况进行调整，考题以委任代表规定数 值为准)
1、 起飞点经纬度： E:113°55′55"" N:28.223344°
2、 由于空域限制，需起飞后先 向SW方向飞行150m,再向 SE方向飞行100m,进入图形 ①号点
3、 ③点位于②点NW方向
4、 闭合不循环航线，航线结束 后需按空域限制条件返航到H点。 保留返航航线。"
gsec_ed4d3ed5a01f,qbank_7cb07e6ab374,doc_22c25c38d6d8,实操题库_地面站考试条件_2026H1_空域限制或地形限制题型.txt_40,实操题库_地面站考试条件_2026H1_空域限制或地形限制题型.txt,2026H1,2026H1,2026-01-01,2026-06-30,CAAC执照考试地面站实操真题考试条件,空域限制或地形限制题型,空域限制或地形限制题-考试条件提取.docx,地面站考试真题（2026年1月-6月）/空域限制或地形限制题型/空域限制或地形限制题-考试条件提取.docx,41,175,916,福建02考场,福建,02考场,2026-03-28,5,经纬度换算;航向方位判断;夹角计算;空域地形限制处理;速度高度参数设置;转弯停留循环设置;几何图形航线规划;起飞返航点定位;题型:空域限制或地形限制,doc_condition_count_mismatch;doc_page_count_mismatch;source_gap,"福建02考场地面站真题 | 日期：2026.03.28
(一) 与 的相对方位由委任代表根据 现场环境等情况进行决定。于起飞前规划一个等腰直角三角形并 循环执行，①②边长为a1,①③边长为a2,∠①为直角，航线相对 地面高度b,水平速度为c，转弯方式为停止转弯，停留时间不作 要求；
(二) a1、a2值为30米，b值为30米，c值为3m/s, (航线方位及各数值可由委任代表按实际情况进行调整，考题以 委任代表规定数值为准)
1、 H点坐标： E:115°26'52"" N:28°09'10""
2、 由于空域限制，飞机不能由 起飞点直飞任务航线的航点1， 需由起飞点起飞，先向NE平飞 300米，再向WN平飞300米， 到达任务航线的航点1。
3、 任务③点位于①点的 南偏东25°方向"
gsec_ceae7d6259a1,qbank_7cb07e6ab374,doc_22c25c38d6d8,实操题库_地面站考试条件_2026H1_空域限制或地形限制题型.txt_41,实操题库_地面站考试条件_2026H1_空域限制或地形限制题型.txt,2026H1,2026H1,2026-01-01,2026-06-30,CAAC执照考试地面站实操真题考试条件,空域限制或地形限制题型,空域限制或地形限制题-考试条件提取.docx,地面站考试真题（2026年1月-6月）/空域限制或地形限制题型/空域限制或地形限制题-考试条件提取.docx,42,175,916,安徽01考场,安徽,01考场,2026-03-28,5,经纬度换算;航向方位判断;夹角计算;空域地形限制处理;速度高度参数设置;转弯停留循环设置;几何图形航线规划;起飞返航点定位;题型:空域限制或地形限制,doc_condition_count_mismatch;doc_page_count_mismatch;source_gap,"安徽01考场地面站真题 | 日期：2026.03.28
(一) 规划一个闭合等边三角形并循环执行，边长为a，所有航线相对地 面高度为b，水平速度为c，垂直速度为d，转弯方式为停止转弯，停留时间 5s;
(二) a值为80米，b值为50米，c值为3m/s,d值为2m/s。
一： 起飞点经纬度： N:28°19'03"" E:115°16′02""
二： 由于空域限制， 飞机不能由起飞点直 飞任务航线的航点1， 需先向SE平飞 1000米，再向SW平 飞500米，到达任务 航线的航点1。
三： 航点3-2航向角 南偏西15°"
gsec_49c4a21b1fa7,qbank_7cb07e6ab374,doc_22c25c38d6d8,实操题库_地面站考试条件_2026H1_空域限制或地形限制题型.txt_42,实操题库_地面站考试条件_2026H1_空域限制或地形限制题型.txt,2026H1,2026H1,2026-01-01,2026-06-30,CAAC执照考试地面站实操真题考试条件,空域限制或地形限制题型,空域限制或地形限制题-考试条件提取.docx,地面站考试真题（2026年1月-6月）/空域限制或地形限制题型/空域限制或地形限制题-考试条件提取.docx,43,175,916,甘肃01考场,甘肃,01考场,2026-03-29,5,经纬度换算;航向方位判断;夹角计算;空域地形限制处理;速度高度参数设置;转弯停留循环设置;几何图形航线规划;起飞返航点定位;题型:空域限制或地形限制,doc_condition_count_mismatch;doc_page_count_mismatch;source_gap,"甘肃01考场地面站真题 | 日期：2026.03.29
(一) 与 的相对方位由委任代表根据 现场环境等情况进行决定。于起飞点前规划一个等腰直角三角形并 循环执行，①②边长为a1,①③边长为a2,∠①为直角，航线相对 地面高度为b，,水平速度为c，转弯方式为停止转弯，停留时间不作 要求；
(二) a1、a2值为30米，b值为30米，c值为3m/s。 (航线方位及各数值可由委任代表按实际情况进行调整，考题以委任 代表规定数值为准)
1、 起飞点经纬度： N:28°09'10"" E:115°26′52”
2、 由于地形限制，飞机不能由 起飞点直飞任务航线的航点1， 先向NE平飞300m,再向WN 平飞300m到达任务1点。
3、 任务3点位于1点的南偏东 25°方向"
gsec_685eaa992d4b,qbank_7cb07e6ab374,doc_22c25c38d6d8,实操题库_地面站考试条件_2026H1_空域限制或地形限制题型.txt_43,实操题库_地面站考试条件_2026H1_空域限制或地形限制题型.txt,2026H1,2026H1,2026-01-01,2026-06-30,CAAC执照考试地面站实操真题考试条件,空域限制或地形限制题型,空域限制或地形限制题-考试条件提取.docx,地面站考试真题（2026年1月-6月）/空域限制或地形限制题型/空域限制或地形限制题-考试条件提取.docx,44,175,916,甘肃01考场,甘肃,01考场,2026-03-29,5,经纬度换算;航向方位判断;速度高度参数设置;转弯停留循环设置;几何图形航线规划;起飞返航点定位;题型:空域限制或地形限制,doc_condition_count_mismatch;doc_page_count_mismatch;source_gap,"甘肃01考场地面站真题 | 日期：2026.03.29
(一) 与 的相对方位由委任代表根据 现场环境等情况进行决定。于起飞点前规划一个六边形并循环执行， 边长为a，①②③航点相对地面高度为b，④⑤⑥航点相对地面高度 为c，水平速度为d，转弯方式为停止转弯，各点停留时间为f;
(二) a值为30米（误差≤±3米），b值为25米，c值 为30m,d值为2m/s,f值为2s。(航线方位及各数值可由委任代 表按实际情况进行调整，考题以委任代表规定数值为准)
1、 起飞点经纬度： N:28°39′30” E:115°56'32”
2、 H-2点距离100m,H-2的航向 和2-3的航向相同
3、 任务3点位于H点的西偏北 25°方向"
gsec_044ead8186c3,qbank_7cb07e6ab374,doc_22c25c38d6d8,实操题库_地面站考试条件_2026H1_空域限制或地形限制题型.txt_44,实操题库_地面站考试条件_2026H1_空域限制或地形限制题型.txt,2026H1,2026H1,2026-01-01,2026-06-30,CAAC执照考试地面站实操真题考试条件,空域限制或地形限制题型,空域限制或地形限制题-考试条件提取.docx,地面站考试真题（2026年1月-6月）/空域限制或地形限制题型/空域限制或地形限制题-考试条件提取.docx,45,175,916,甘肃01考场,甘肃,01考场,2026-03-29,6,经纬度换算;航向方位判断;空域地形限制处理;速度高度参数设置;转弯停留循环设置;起飞返航点定位;题型:空域限制或地形限制,doc_condition_count_mismatch;doc_page_count_mismatch;source_gap,"甘肃01考场地面站真题 | 日期：2026.03.29
(一) 与 的相对方位由委任代表根据 现场环境等情况进行决定。按图于起飞点前规划扫描航线，航线长度 为a,航线间隔为b,航线相对地面高度为c,水平速度为d,转弯 模式为停止转弯，各点停留时间不作要求；
(二) a值为30米（误差≤±3米），b值为10米（误差 ≤±1米)，c值为30m,d值为3m/s。 (航线方位及各数值 可由委任代表按实际情况进行调整，考题以委任代表规定数值为准)
1、 起飞点经纬度： N:28°39'30"" E:115°56′32”
2、 由于地形限制，飞机不能由 起飞点直飞任务航线的航点1， 3 先向ES平飞800m,再向SW 平飞300m到达任务1点。
3、 航点①位于②的NW方向
4、 不循环不闭合"
gsec_b676be6c38bd,qbank_7cb07e6ab374,doc_22c25c38d6d8,实操题库_地面站考试条件_2026H1_空域限制或地形限制题型.txt_45,实操题库_地面站考试条件_2026H1_空域限制或地形限制题型.txt,2026H1,2026H1,2026-01-01,2026-06-30,CAAC执照考试地面站实操真题考试条件,空域限制或地形限制题型,空域限制或地形限制题-考试条件提取.docx,地面站考试真题（2026年1月-6月）/空域限制或地形限制题型/空域限制或地形限制题-考试条件提取.docx,46,175,916,河南02考场,河南,02考场,2026-03-29,4,经纬度换算;航向方位判断;空域地形限制处理;速度高度参数设置;转弯停留循环设置;起飞返航点定位;题型:空域限制或地形限制,doc_condition_count_mismatch;doc_page_count_mismatch;source_gap,"河南02考场地面站真题 | 日期：2026.03.29
(一) 与 的相对方位由委任代表根据 现场环境等情况进行决定。按图于起飞点前规划扫描航线，航线长度 为a,航线间隔为b,航线相对地面高度为c,水平速度为d,垂直 速度为e，转弯模式为停止转弯，停留时间不作要求；
(二) a值建议为30米（误差≤±3米），b值建议为10米 (误差≤±1米)，c值建议为30m,d值建议为3m/s,e值建议 为1m/s。(航线方位及各数值可由变任代表按实际情况进行调整， 考题以委任代表规定数值为准)
1、 起飞点经纬度： N:28°39′23"" E:115°56'32”
2、 由于地形限制，飞机不能由 起飞点直飞任务航线的航点1， 先向西南平飞1200m,再向 东南平飞500m到达任务1点。"
gsec_e2ab911ee6ac,qbank_7cb07e6ab374,doc_22c25c38d6d8,实操题库_地面站考试条件_2026H1_空域限制或地形限制题型.txt_46,实操题库_地面站考试条件_2026H1_空域限制或地形限制题型.txt,2026H1,2026H1,2026-01-01,2026-06-30,CAAC执照考试地面站实操真题考试条件,空域限制或地形限制题型,空域限制或地形限制题-考试条件提取.docx,地面站考试真题（2026年1月-6月）/空域限制或地形限制题型/空域限制或地形限制题-考试条件提取.docx,47,175,916,河南02考场,河南,02考场,2026-03-29,4,经纬度换算;航向方位判断;夹角计算;空域地形限制处理;速度高度参数设置;转弯停留循环设置;几何图形航线规划;起飞返航点定位;题型:空域限制或地形限制,doc_condition_count_mismatch;doc_page_count_mismatch;source_gap,"河南02考场地面站真题 | 日期：2026.03.29
(一) 与 的相对方位由委任代表根据 现场环境等情况进行决定。按图于起飞点前规划一个五边形并循环执 行，①②边及②③边的边长为a,∠②=∠④=∠①为90°，航线相 对地面高度为b，水平速度为c，垂直速度为d，转弯模式为停止 转弯，各点停留时间为e；
(二) a值建议为30米，b值建议为30米，c值建议为 3m/s,d建议为1m/s,e值建议为2s。(航线方位及各数值可由 委任代表按实际情况进行调整，考题以委任代表规定数值为准)
1、 起飞点经纬度： N:28°39′23” E:115°56'32”
2、 由于地形限制，飞机不能由 起飞点直飞任务航线的航点1， 先向西南平飞1200m,再向 东南平飞500m到达任务1点。"
gsec_d197e307feab,qbank_7cb07e6ab374,doc_22c25c38d6d8,实操题库_地面站考试条件_2026H1_空域限制或地形限制题型.txt_47,实操题库_地面站考试条件_2026H1_空域限制或地形限制题型.txt,2026H1,2026H1,2026-01-01,2026-06-30,CAAC执照考试地面站实操真题考试条件,空域限制或地形限制题型,空域限制或地形限制题-考试条件提取.docx,地面站考试真题（2026年1月-6月）/空域限制或地形限制题型/空域限制或地形限制题-考试条件提取.docx,48,175,916,河南02考场,河南,02考场,2026-03-29,4,经纬度换算;航向方位判断;空域地形限制处理;速度高度参数设置;转弯停留循环设置;几何图形航线规划;起飞返航点定位;题型:空域限制或地形限制,doc_condition_count_mismatch;doc_page_count_mismatch;source_gap,"河南02考场地面站真题 | 日期：2026.03.29
(一) 与 的相对方位由委任代表根据 现场环境等情况进行决定。按图于起飞点前规划一个闭合图形并循环 执行，各点之间距离不小于20米，①点相对地面高度为a，②点相 对地面高度为b,③点相对地面高度为c,④点相对地面高度为d, 水平速度为e，垂直速度为f，转弯模式为停止转弯，停留时间不作 要求；
(二) a值建议为20米，b值建议为25米，c值建议为30m, d值建议为25m,e值建议为2m1s,f值建议为1m/s。(航线方位 及各数值可由变任代表按实际情况进行调整，考题以委任代表规定数 值为准)
1、 起飞点经纬度： N:28°39′23” E:115°56'32""
2、 由于地形限制，飞机不能由 起飞点直飞任务航线的航点1， 先向西南平飞1200m,再向 东南平飞500m到达任务1点。"
gsec_b965a80866e5,qbank_7cb07e6ab374,doc_22c25c38d6d8,实操题库_地面站考试条件_2026H1_空域限制或地形限制题型.txt_48,实操题库_地面站考试条件_2026H1_空域限制或地形限制题型.txt,2026H1,2026H1,2026-01-01,2026-06-30,CAAC执照考试地面站实操真题考试条件,空域限制或地形限制题型,空域限制或地形限制题-考试条件提取.docx,地面站考试真题（2026年1月-6月）/空域限制或地形限制题型/空域限制或地形限制题-考试条件提取.docx,49,175,916,江苏01考场,江苏,01考场,2026-03-22,4,经纬度换算;航向方位判断;夹角计算;空域地形限制处理;速度高度参数设置;转弯停留循环设置;几何图形航线规划;起飞返航点定位;题型:空域限制或地形限制,doc_condition_count_mismatch;doc_page_count_mismatch;source_gap,"江苏01考场地面站真题 | 日期：2026.03.22
(一) 与 的相对方位由委任代表根据 现场环境等情况进行决定。于起飞点前规划一个等边三角形并循环执 行，边长为a，航线相对地面高度为b，转弯方式为停止转弯，停 留时间不作要求；
(二) a值为30米，b值为30米。(航线方位及各数值可由 委任代表按实际情况进行调整，考题以委任代表规定数值为准)
1、 起飞点经纬度： N:28°39′30"" E:115°56'32""
2、 由于空域限制，飞机不能由起飞点直飞 任务航线的航点1，需由起飞点起飞先向 西南平飞1200米，再向东南平飞500米， 到达任务航线的航点1。"
gsec_44357243dcaf,qbank_7cb07e6ab374,doc_22c25c38d6d8,实操题库_地面站考试条件_2026H1_空域限制或地形限制题型.txt_49,实操题库_地面站考试条件_2026H1_空域限制或地形限制题型.txt,2026H1,2026H1,2026-01-01,2026-06-30,CAAC执照考试地面站实操真题考试条件,空域限制或地形限制题型,空域限制或地形限制题-考试条件提取.docx,地面站考试真题（2026年1月-6月）/空域限制或地形限制题型/空域限制或地形限制题-考试条件提取.docx,50,175,916,江苏01考场,江苏,01考场,2026-03-22,4,经纬度换算;航向方位判断;空域地形限制处理;速度高度参数设置;转弯停留循环设置;几何图形航线规划;起飞返航点定位;题型:空域限制或地形限制,doc_condition_count_mismatch;doc_page_count_mismatch;source_gap,"江苏01考场地面站真题 | 日期：2026.03.22
(一) 与 的相对方位由委任代表根据 现场环境等情况进行决定。于起飞点前规划一个六边形并循环执行， 边长为a,①②③航点相对地面高度为b,④⑤⑥航点相对地面高度 为c，水平速度为d，转弯方式为停止转弯，各点停留时间为f;
(二) a值为30米（误差≤±3米），b值为25米，c值 为30m,d值为2m/s,f值为2s。(航线方位及各数值可由变任代 表按实际情况进行调整，考题以委任代表规定数值为准)
1、 起飞点经纬度： E:115°56′32” N:28°39'30”
2、 由于空域限制，飞机不能由起飞点直飞 任务航线的航点1，需由起飞点起飞先向 西南平飞1200米，再向东南平飞500米， 到达任务航线的航点1。"
gsec_4471d5f0dda6,qbank_7cb07e6ab374,doc_22c25c38d6d8,实操题库_地面站考试条件_2026H1_空域限制或地形限制题型.txt_50,实操题库_地面站考试条件_2026H1_空域限制或地形限制题型.txt,2026H1,2026H1,2026-01-01,2026-06-30,CAAC执照考试地面站实操真题考试条件,空域限制或地形限制题型,空域限制或地形限制题-考试条件提取.docx,地面站考试真题（2026年1月-6月）/空域限制或地形限制题型/空域限制或地形限制题-考试条件提取.docx,51,175,916,江苏01考场,江苏,01考场,2026-03-22,4,经纬度换算;航向方位判断;夹角计算;空域地形限制处理;速度高度参数设置;转弯停留循环设置;几何图形航线规划;起飞返航点定位;题型:空域限制或地形限制,doc_condition_count_mismatch;doc_page_count_mismatch;source_gap,"江苏01考场地面站真题 | 日期：2026.03.22
(一) 与 的相对方位由委任代表根据 现场环境等情况进行决定。按图于起飞点前规划一个闭合图形并循环 执行，各点之间距离不小于20米，①点相对地面高度为a，②点相 对地面高度为b,③点相对地面高度为c,④点相对地面高度为d, 水平速度为f，,∠①=∠②=∠③=∠④=45°转弯模式为停止转弯， 停留时间不作要求；
(二) a值为20米，b值为25米，c值为30m,d值为 25m,f值为3m/s。(航线方位及各数值可由变任代表按实际情况 进行调整，考题以委任代表规定数值为准)》
1、 起飞点经纬度： E:115°56'32"" N:28°39'30”
2、 由于空域限制，飞机不能由起飞点直飞 任务航线的航点1，需由起飞点起飞先向 西南平飞1200米，再向东南平飞500米， 到达任务航线的航点1。"
gsec_6d6ee93040e0,qbank_7cb07e6ab374,doc_22c25c38d6d8,实操题库_地面站考试条件_2026H1_空域限制或地形限制题型.txt_51,实操题库_地面站考试条件_2026H1_空域限制或地形限制题型.txt,2026H1,2026H1,2026-01-01,2026-06-30,CAAC执照考试地面站实操真题考试条件,空域限制或地形限制题型,空域限制或地形限制题-考试条件提取.docx,地面站考试真题（2026年1月-6月）/空域限制或地形限制题型/空域限制或地形限制题-考试条件提取.docx,52,175,916,江苏01考场,江苏,01考场,2026-03-22,4,经纬度换算;航向方位判断;夹角计算;空域地形限制处理;速度高度参数设置;转弯停留循环设置;几何图形航线规划;起飞返航点定位;题型:空域限制或地形限制,doc_condition_count_mismatch;doc_page_count_mismatch;source_gap,"江苏01考场地面站真题 | 日期：2026.03.22
(一) 与 的相对方位由委任代表根据 现场环境等情况进行决定。按图于起飞点前规划一个五边形并循环执 行，①②边及②③边的边长为a,∠②=∠④=∠①为90°，航线相 对地面高度为b，水平速度为℃，转弯模式为停止转弯，各点停留 时间为e;
(二) a值为30米，b值为30米，c值为3m/s,e值 为2s。 (航线方位及各数值可由委任代表按实际情况进行调整， 考题以委任代表规定数值为准)
1、 起飞点经纬度： N:28°39′30"" E:115°5632”
2、 由于空域限制，飞机不能由起飞点直飞 任务航线的航点1需由起飞点起飞先向 SW平飞1200米，再向东南平飞500米， 到达任务航线的航点1。"
gsec_2a197b0930d5,qbank_7cb07e6ab374,doc_22c25c38d6d8,实操题库_地面站考试条件_2026H1_空域限制或地形限制题型.txt_52,实操题库_地面站考试条件_2026H1_空域限制或地形限制题型.txt,2026H1,2026H1,2026-01-01,2026-06-30,CAAC执照考试地面站实操真题考试条件,空域限制或地形限制题型,空域限制或地形限制题-考试条件提取.docx,地面站考试真题（2026年1月-6月）/空域限制或地形限制题型/空域限制或地形限制题-考试条件提取.docx,53,175,916,山西01考场,山西,01考场,2026-03-21,5,经纬度换算;航向方位判断;夹角计算;空域地形限制处理;速度高度参数设置;转弯停留循环设置;几何图形航线规划;起飞返航点定位;题型:空域限制或地形限制,doc_condition_count_mismatch;doc_page_count_mismatch;source_gap,"山西01考场地面站真题 | 日期：2026.03.21
(一) 与 的相对方位由委任代表根据 现场环境等情况进行决定。于起飞前规划一个等腰直角三角形并 循环执行，①②边长为a1,①③边长为a2,∠①为直角，航线相对 地面高度b，水平速度为c，垂直速度为d，转弯方式为停止转弯， 停留时间不要求；
(二) a1、a2值建议为30米，b值建议为30米，c值建议 为3m/s,d值建议为1m/s。(航线方位及各数值可由委任代表按实 际情况进行调整，考题以委任代表规定数值为准)
1、 起飞点经纬度： E:112°25'44"" N:37.5050°
2、 由于空域限制，飞机不能由 起飞点直飞任务航线的航点1， 需由起飞点起飞先向S方向平 飞100米，再向W方向平飞50 米，到达任务航线的航点1。
3、 2-1方向为SW"
gsec_5967bf865431,qbank_7cb07e6ab374,doc_22c25c38d6d8,实操题库_地面站考试条件_2026H1_空域限制或地形限制题型.txt_53,实操题库_地面站考试条件_2026H1_空域限制或地形限制题型.txt,2026H1,2026H1,2026-01-01,2026-06-30,CAAC执照考试地面站实操真题考试条件,空域限制或地形限制题型,空域限制或地形限制题-考试条件提取.docx,地面站考试真题（2026年1月-6月）/空域限制或地形限制题型/空域限制或地形限制题-考试条件提取.docx,54,175,916,广东01考场,广东,01考场,2026-03-21,5,经纬度换算;航向方位判断;夹角计算;空域地形限制处理;速度高度参数设置;转弯停留循环设置;几何图形航线规划;起飞返航点定位;题型:空域限制或地形限制,doc_condition_count_mismatch;doc_page_count_mismatch;source_gap,"广东01考场地面站真题 | 日期：2026.03.21
(一) 规划一个闭合等边三角形并循环执行，边长为a，所有航线相对地 面高度为b，水平速度为c，垂直速度为d，转弯方式为停止转弯，停留时间 5s;
(二) a值为50米，b值为50米，c值为3ms,d值为2m/s。
一： 起飞点经纬度： N:22°32'45” E:114°56'33”
二： 由于空域限制， 任务航线示意图： 飞机不能由起飞点直 飞任务航线的航点1， 需先向SW平飞 1000米，再向SE平 飞500米，到达任务 航线的航点1。
三： 航点3→2航向 为南偏东15°"
gsec_8ae5a264d252,qbank_7cb07e6ab374,doc_22c25c38d6d8,实操题库_地面站考试条件_2026H1_空域限制或地形限制题型.txt_54,实操题库_地面站考试条件_2026H1_空域限制或地形限制题型.txt,2026H1,2026H1,2026-01-01,2026-06-30,CAAC执照考试地面站实操真题考试条件,空域限制或地形限制题型,空域限制或地形限制题-考试条件提取.docx,地面站考试真题（2026年1月-6月）/空域限制或地形限制题型/空域限制或地形限制题-考试条件提取.docx,55,175,916,广东01考场,广东,01考场,2026-03-21,5,经纬度换算;夹角计算;空域地形限制处理;速度高度参数设置;转弯停留循环设置;几何图形航线规划;起飞返航点定位;题型:空域限制或地形限制,doc_condition_count_mismatch;doc_page_count_mismatch;source_gap,"广东01考场地面站真题 | 日期：2026.03.21
(一) 按图规划一个闭合的任务航线不循环执行，①③、②③、 ②④、①④边长为300米，①点相对地面高度为a,②点相对地面高 度为b,③点相对地面高度为c,④点相对地面高度为d,水平速 度为e，垂直速度为f,转弯模式为停止转弯，停留时间为2s;
(二) a值为20米，b值为25米，c值为30m,d值为20m, e值为2m/s,f值为2m/s。
一： 起飞点经纬度： N:28°19'10” E:116°26′52”
二： 由于空域限制，飞机不 能由起飞点直飞任务航线的 航点1，需由起飞点起飞先向 西南方向平飞1200米，再向 东南方向平飞500米，到达任 务航线的航点1。
三： 如图所示任务航点3-4航 向角15°"
gsec_849ecf382eba,qbank_7cb07e6ab374,doc_22c25c38d6d8,实操题库_地面站考试条件_2026H1_空域限制或地形限制题型.txt_55,实操题库_地面站考试条件_2026H1_空域限制或地形限制题型.txt,2026H1,2026H1,2026-01-01,2026-06-30,CAAC执照考试地面站实操真题考试条件,空域限制或地形限制题型,空域限制或地形限制题-考试条件提取.docx,地面站考试真题（2026年1月-6月）/空域限制或地形限制题型/空域限制或地形限制题-考试条件提取.docx,56,175,916,北京01考场,北京,01考场,2026-03-19,4,经纬度换算;航向方位判断;夹角计算;空域地形限制处理;速度高度参数设置;转弯停留循环设置;几何图形航线规划;起飞返航点定位;题型:空域限制或地形限制,doc_condition_count_mismatch;doc_page_count_mismatch;source_gap,"北京01考场地面站真题 | 日期：2026.03.19
(一) 与 的相对方位由委任代表根据现场环境 等情况进行决定。规划一个等腰直角三角形并循环执行，①②边长为a1,①③ 边长为a2,∠①为直角，航线相对地面高度b,水平速度为c,垂直速度为d, 转弯方式为停止转弯，停留时间5$；
(二) a1、a2值为50米，b值为30米，c值为3m/s,d值为2m/s。
1、 起飞点经纬度： N:28°39′30"" E:115°5632”
2、 由于空域限制，飞 机不能由起飞点直飞任 务航线的航点1， 任务航线示意图： 需由起飞点起飞先向西 南方向平飞1200米，再 向东南方向平飞500米， 到达任务航线的航点1。"
gsec_32d4b1e31106,qbank_7cb07e6ab374,doc_22c25c38d6d8,实操题库_地面站考试条件_2026H1_空域限制或地形限制题型.txt_56,实操题库_地面站考试条件_2026H1_空域限制或地形限制题型.txt,2026H1,2026H1,2026-01-01,2026-06-30,CAAC执照考试地面站实操真题考试条件,空域限制或地形限制题型,空域限制或地形限制题-考试条件提取.docx,地面站考试真题（2026年1月-6月）/空域限制或地形限制题型/空域限制或地形限制题-考试条件提取.docx,57,175,916,河南01考场,河南,01考场,2026-03-17,4,经纬度换算;航向方位判断;夹角计算;空域地形限制处理;速度高度参数设置;转弯停留循环设置;几何图形航线规划;起飞返航点定位;题型:空域限制或地形限制,doc_condition_count_mismatch;doc_page_count_mismatch;source_gap,"河南01考场地面站真题 | 日期：2026.03.17
(一) 与 的相对方位由委任代表根据 现场环境等情况进行决定。按图于起飞点前规划一个四边形并循环执 行，①②边、②③边边长为a,③④边边长为b,∠②=∠③=90 航线相对地面高度为c，水平速度为d，垂直速度为e，转弯模式为 停止转弯，停留时间不作要求；
(二) a值建议为20米，b值建议为30米，c值建议为30m, d值建议为3m/s,e值建议为2m/s。(航线方位及各数值可由委任 代表按实际情况进行调整，考题以委任代表规定数值为准)
1、 起飞点经纬度： N:28°39′30” E:115°56'32”
2、 由于空域限制，飞机不能由起飞点直飞 任务航线的航点1，需由起飞点起飞先向 西南方向平飞1200米，再向东南方向平飞 500米，到达任务航线的航点1。"
gsec_3ebe068d4f5d,qbank_7cb07e6ab374,doc_22c25c38d6d8,实操题库_地面站考试条件_2026H1_空域限制或地形限制题型.txt_57,实操题库_地面站考试条件_2026H1_空域限制或地形限制题型.txt,2026H1,2026H1,2026-01-01,2026-06-30,CAAC执照考试地面站实操真题考试条件,空域限制或地形限制题型,空域限制或地形限制题-考试条件提取.docx,地面站考试真题（2026年1月-6月）/空域限制或地形限制题型/空域限制或地形限制题-考试条件提取.docx,58,175,916,河南01考场,河南,01考场,2026-03-17,4,经纬度换算;航向方位判断;空域地形限制处理;速度高度参数设置;转弯停留循环设置;几何图形航线规划;起飞返航点定位;题型:空域限制或地形限制,doc_condition_count_mismatch;doc_page_count_mismatch;source_gap,"河南01考场地面站真题 | 日期：2026.03.17
(一) 与 的相对方位由委任代表根据 现场环境等情况进行决定。按图于起飞点前规划一个闭合图形并循环 执行，各点之间距离不小于20米，①点相对于地面高度为a，②点相 对地面高度为b,③点相对地面高度为c,④点相对地面高度为d, 水平速度为e，垂直速度为f，转弯模式为停止转弯，停留时间不作 要求；
(二) a值建议为20米，b值建议为25米，c值建议为30m, d值建议为25m,e值建议为2m/s,f值建议为1m/s。(航线方位 及各数值可由委任代表按实际情况进行调整，考题以委任代表规定数 值为准)
1、 起飞点经纬度： N:28°39′30” E:115°5632
2、 由于空域限制，飞机不能由起飞点直飞 任务航线的航点1，需由起飞点起飞先向 东南方向平飞1200米，再向西南方向平飞 500米，到达任务航线的航点1。"
gsec_d149dc24bc14,qbank_7cb07e6ab374,doc_22c25c38d6d8,实操题库_地面站考试条件_2026H1_空域限制或地形限制题型.txt_58,实操题库_地面站考试条件_2026H1_空域限制或地形限制题型.txt,2026H1,2026H1,2026-01-01,2026-06-30,CAAC执照考试地面站实操真题考试条件,空域限制或地形限制题型,空域限制或地形限制题-考试条件提取.docx,地面站考试真题（2026年1月-6月）/空域限制或地形限制题型/空域限制或地形限制题-考试条件提取.docx,59,175,916,河南01考场,河南,01考场,2026-03-17,4,经纬度换算;航向方位判断;夹角计算;空域地形限制处理;速度高度参数设置;转弯停留循环设置;几何图形航线规划;起飞返航点定位;题型:空域限制或地形限制,doc_condition_count_mismatch;doc_page_count_mismatch;source_gap,"河南01考场地面站真题 | 日期：2026.03.17
(一) 与 的相对方位由委任代表根据 现场环境等情况进行决定。于起飞前规划一个等腰直角三角形并循环 执行，①②边长为a1，①③边长为a2,∠①为直角，航线相对地面 高度b，水平速度为c，垂直速度为d，转弯方式为停止转弯，停 留时间为5s;
(二) a1、a2值建议为30米，b值建议为30米，c值建议 为3m/s,d值建议为1m/s。(航线方位及各数值可由委任代表按实际 情况进行调整，考题以委任代表规定数值为准)
1、 起飞点经纬度： N:28°39′30"" NW E:115°56'32""
2、 由于空域限制，飞机不能由起飞点直飞 任务航线的航点1，需由起飞点起飞先向 西南方向平飞1200米，再向东南方向平飞 500米，到达任务航线的航点1。"
gsec_e2ff91eb28fa,qbank_7cb07e6ab374,doc_22c25c38d6d8,实操题库_地面站考试条件_2026H1_空域限制或地形限制题型.txt_59,实操题库_地面站考试条件_2026H1_空域限制或地形限制题型.txt,2026H1,2026H1,2026-01-01,2026-06-30,CAAC执照考试地面站实操真题考试条件,空域限制或地形限制题型,空域限制或地形限制题-考试条件提取.docx,地面站考试真题（2026年1月-6月）/空域限制或地形限制题型/空域限制或地形限制题-考试条件提取.docx,60,175,916,山东02考场,山东,02考场,2026-03-13,5,经纬度换算;航向方位判断;夹角计算;空域地形限制处理;速度高度参数设置;转弯停留循环设置;几何图形航线规划;起飞返航点定位;题型:空域限制或地形限制,doc_condition_count_mismatch;doc_page_count_mismatch;source_gap,"山东02考场地面站真题 | 日期：2026.03.13
(一) 与 的相对方位由委任代表根 据现场环境等情况进行决定。按图规划一个闭合的任务航线不循环， 执行，①③、②③、②④、①④边长为300米，①点相对地面高度为 a，②点相对地面高度为b,③点相对地面高度为c，④点相对地面 高度为d，水平速度为e，垂直速度为f，转弯模式为停止转弯， 停留时间2s;
(二) a值为20米，b值为25米，c值为30m,d值为20m, e值建议为2m/s,f值建议为2m/s。
1、 起飞点经纬度： N:28°39'30” E:115°56'32”
2、 由于空域限制，飞机 不能由起飞点直飞任务 航线的航点1，需由起飞 点起飞先向西南方向平 飞1200米，再向东南方 向平飞500米，到达任务 航线的航点1。
3、 如图所示任务航点3 航线要求： 4航向角15"
gsec_fc6bbbd12278,qbank_7cb07e6ab374,doc_22c25c38d6d8,实操题库_地面站考试条件_2026H1_空域限制或地形限制题型.txt_60,实操题库_地面站考试条件_2026H1_空域限制或地形限制题型.txt,2026H1,2026H1,2026-01-01,2026-06-30,CAAC执照考试地面站实操真题考试条件,空域限制或地形限制题型,空域限制或地形限制题-考试条件提取.docx,地面站考试真题（2026年1月-6月）/空域限制或地形限制题型/空域限制或地形限制题-考试条件提取.docx,61,175,916,山东05考场,山东,05考场,2026-03-12,5,经纬度换算;航向方位判断;夹角计算;空域地形限制处理;速度高度参数设置;转弯停留循环设置;几何图形航线规划;起飞返航点定位;题型:空域限制或地形限制,doc_condition_count_mismatch;doc_page_count_mismatch;source_gap,"山东05考场地面站真题 | 日期：2026.03.12
(一) 与 的相对方位由委任代表根据现场环境 等情况进行决定。规划一个等边三角形，边长为，所有航线相对地面高度为 b，水平速度为c，垂直速度为d,转弯方式为停止转弯，停留时间为5s;
(二) a值为50米，b值为50米，c值为3ms,d值为2m/s。
1、 起飞点经纬度： N:28°39'30” 任务航线示意图： E:115°56'32”
2、 由于空域限制，飞 机不能由起飞点直飞 任务航线的航点1，需 先向正东方向平飞1000 米，再向南平飞500米， 到达任务航线的航点1。
3、 航点1-2航向角45。"
gsec_c720c509943a,qbank_7cb07e6ab374,doc_22c25c38d6d8,实操题库_地面站考试条件_2026H1_空域限制或地形限制题型.txt_61,实操题库_地面站考试条件_2026H1_空域限制或地形限制题型.txt,2026H1,2026H1,2026-01-01,2026-06-30,CAAC执照考试地面站实操真题考试条件,空域限制或地形限制题型,空域限制或地形限制题-考试条件提取.docx,地面站考试真题（2026年1月-6月）/空域限制或地形限制题型/空域限制或地形限制题-考试条件提取.docx,62,175,916,山东05考场,山东,05考场,2026-03-12,5,经纬度换算;航向方位判断;夹角计算;空域地形限制处理;速度高度参数设置;转弯停留循环设置;几何图形航线规划;起飞返航点定位;题型:空域限制或地形限制,doc_condition_count_mismatch;doc_page_count_mismatch;source_gap,"山东05考场地面站真题 | 日期：2026.03.12
(一) 与 的相对方位由委任代表根 据现场环境等情况进行决定。规划规划一个闭合的任务航线不循环 执行，①③、②③、②④、①④边长为300米，①点相对地面高度为 a,②点相对地面高度为b,③点相对地面高度为c,④点相对地面 高度为d，水平速度为e,垂直速度为f,转弯模式为停止转弯， 停留时间为2s;
(二) a值为20米，b值为25米，c值为30m,d值为20m, e值为2m/s,f值为2m/s。
1、 起飞点经纬度： N:28°39′30” 任务航线示意图： E:115°56'32”
2、 由于空域限制，飞机 不能由起飞点直飞任务 航线的航点1，需由起飞 点起飞先向西南方向平 飞1200米，再向东南方 向平飞500米，到达任务 航线的航点1。
3、 如图所示任务航点3 航线要求： 4航向角15°"
gsec_30c5dd592851,qbank_7cb07e6ab374,doc_22c25c38d6d8,实操题库_地面站考试条件_2026H1_空域限制或地形限制题型.txt_62,实操题库_地面站考试条件_2026H1_空域限制或地形限制题型.txt,2026H1,2026H1,2026-01-01,2026-06-30,CAAC执照考试地面站实操真题考试条件,空域限制或地形限制题型,空域限制或地形限制题-考试条件提取.docx,地面站考试真题（2026年1月-6月）/空域限制或地形限制题型/空域限制或地形限制题-考试条件提取.docx,63,175,916,湖北04考场,湖北,04考场,2026-03-10,5,经纬度换算;航向方位判断;夹角计算;空域地形限制处理;速度高度参数设置;转弯停留循环设置;几何图形航线规划;起飞返航点定位;题型:空域限制或地形限制,doc_condition_count_mismatch;doc_page_count_mismatch;source_gap,"湖北04考场地面站真题 | 日期：2026.03.10
(一) 与 的相对方位由委任代表根据 现场环境等情况进行决定。按图于起飞点前规划一个四边形并循环执 行。①②边、②③边边长为a,③④边边长为b,∠②=∠③=90° 航线相对地面高度为c，水平速度为d，垂直速度为e，转弯模式为 停止转弯，停留时间不作要求；
(二) a值建议为20米，b值建议为30米，c值建议为30m, d值建议为3m/s。e值建议为2m/s。(航线方位及各数值可由委任 代表按实际情况进行调整，考题以委任代表规定数值为准)
1、 起飞点经纬度： N:30.42776° E:114°29'29”
2、 由于空域限制，飞 机不能由起飞点直飞 任务航线的航点1，需 先向W方向平飞100 米，再向S方向平飞 50米进入图形点。
3、 航点2-3航向为SE"
gsec_4a86bcef6b7c,qbank_7cb07e6ab374,doc_22c25c38d6d8,实操题库_地面站考试条件_2026H1_空域限制或地形限制题型.txt_63,实操题库_地面站考试条件_2026H1_空域限制或地形限制题型.txt,2026H1,2026H1,2026-01-01,2026-06-30,CAAC执照考试地面站实操真题考试条件,空域限制或地形限制题型,空域限制或地形限制题-考试条件提取.docx,地面站考试真题（2026年1月-6月）/空域限制或地形限制题型/空域限制或地形限制题-考试条件提取.docx,64,175,916,湖北04考场,湖北,04考场,2026-03-10,5,经纬度换算;航向方位判断;夹角计算;空域地形限制处理;速度高度参数设置;转弯停留循环设置;几何图形航线规划;起飞返航点定位;题型:空域限制或地形限制,doc_condition_count_mismatch;doc_page_count_mismatch;source_gap,"湖北04考场地面站真题 | 日期：2026.03.10
(一) 与 的相对方位由委任代表根据 现场环境等情况进行决定。于起飞点前规划一个等边三角形并循环执 行。边长为a,航线相对地面高度为b，水平速度为c，垂直速度为 d，转弯方式为停止转弯，停留时间不作要求；
(二) a值建议为30米，b值建议为30米，c值建议为3m/s, d值建议为1m/s。(航线方位及各数值可由委任代表按实际情况进行 调整，考题以委任代表规定数值为准)
1、 起飞点经纬度： E:114°29′29” N:30.42776°
2、 由于空域限制，飞 机不能由起飞点直飞 任务航线的航点1，需 先向S方向平飞100 米，再向W方向平飞 50米进入1号点。
3、 航点2-1航向为SW"
gsec_2ecc06dd4dd6,qbank_7cb07e6ab374,doc_22c25c38d6d8,实操题库_地面站考试条件_2026H1_空域限制或地形限制题型.txt_64,实操题库_地面站考试条件_2026H1_空域限制或地形限制题型.txt,2026H1,2026H1,2026-01-01,2026-06-30,CAAC执照考试地面站实操真题考试条件,空域限制或地形限制题型,空域限制或地形限制题-考试条件提取.docx,地面站考试真题（2026年1月-6月）/空域限制或地形限制题型/空域限制或地形限制题-考试条件提取.docx,65,175,916,湖北04考场,湖北,04考场,2026-03-10,5,经纬度换算;航向方位判断;空域地形限制处理;速度高度参数设置;转弯停留循环设置;几何图形航线规划;起飞返航点定位;题型:空域限制或地形限制,doc_condition_count_mismatch;doc_page_count_mismatch;source_gap,"湖北04考场地面站真题 | 日期：2026.03.10
(一) 与 的相对方位由委任代表根据 现场环境进行决定。按图于起飞点前规划一个闭合图形并循环执行， 各点之间距离不小于20米，①点相对地面高度为a，②点相对地面 高度为b,③点相对地面高度为c,④点相对地面高度为d，水平速 度为e，垂直速度为f,转弯模式为停止转弯，停留时间不作要求；
(二) a值建议为20米，b值建议为25米，c值建议为30m, d值建议为25m,e值建议为2m/s,f值建议为1m/s。(航线 方位及各数值可由委任代表按实际情况进行调整，考题以委任代表规 定数值为准)
1、 起飞点经纬度： N:30.42776° E:114°29'29""
2、 由于空域限制，飞 机不能由起飞点直飞 任务航线的航点1，需 先向N方向平飞100 米，再向W方向平飞 50米进入图形点。
3、 航点2-3航向为NW"
gsec_f4821ef077b7,qbank_7cb07e6ab374,doc_22c25c38d6d8,实操题库_地面站考试条件_2026H1_空域限制或地形限制题型.txt_65,实操题库_地面站考试条件_2026H1_空域限制或地形限制题型.txt,2026H1,2026H1,2026-01-01,2026-06-30,CAAC执照考试地面站实操真题考试条件,空域限制或地形限制题型,空域限制或地形限制题-考试条件提取.docx,地面站考试真题（2026年1月-6月）/空域限制或地形限制题型/空域限制或地形限制题-考试条件提取.docx,66,175,916,湖北04考场,湖北,04考场,2026-03-10,5,经纬度换算;航向方位判断;空域地形限制处理;速度高度参数设置;转弯停留循环设置;几何图形航线规划;起飞返航点定位;题型:空域限制或地形限制,doc_condition_count_mismatch;doc_page_count_mismatch;source_gap,"湖北04考场地面站真题 | 日期：2026.03.10
(一) 与 的相对方位由委任代表根据 现场环境等情况进行决定。按图于起飞点前规划扫描航线。航线长度 为a,航线间隔为b,航线相对地面高度为c,水平速度为d,垂直 速度为e，转弯模式为停止转弯，停留时间不作要求；
(二) a值建议为30米，b值建议为10米，c值建议为30m, d值建议为3m/s。e值建议为1m/s。(航线方位及各数值可由委 任代表按实际情况进行调整，考题以委任代表规定数值为准)
1、 起飞点经纬度： 7 N:30.42776° E:114°29'29""
2、 由于空域限制，飞 机不能由起飞点直飞 任务航线的航点1，需 先向NE方向平飞100 米进入图形点。
3、 航点2-3航向为NW"
gsec_9f95f3899149,qbank_7cb07e6ab374,doc_22c25c38d6d8,实操题库_地面站考试条件_2026H1_空域限制或地形限制题型.txt_66,实操题库_地面站考试条件_2026H1_空域限制或地形限制题型.txt,2026H1,2026H1,2026-01-01,2026-06-30,CAAC执照考试地面站实操真题考试条件,空域限制或地形限制题型,空域限制或地形限制题-考试条件提取.docx,地面站考试真题（2026年1月-6月）/空域限制或地形限制题型/空域限制或地形限制题-考试条件提取.docx,67,175,916,湖北04考场,湖北,04考场,2026-03-10,5,经纬度换算;航向方位判断;空域地形限制处理;速度高度参数设置;转弯停留循环设置;几何图形航线规划;起飞返航点定位;题型:空域限制或地形限制,doc_condition_count_mismatch;doc_page_count_mismatch;source_gap,"湖北04考场地面站真题 | 日期：2026.03.10
(一) 与 的相对方位由委任代表根据 现场环境等情况进行决定。于起飞点前规划一个六边形并循环执行， 边长为a,①②③航点相对地面高度为b，④⑤⑥航点相对地面高度 为c,水平速度为d，垂直速度为e,转弯方式为停止转弯，各点停 留时间为f;
(二) a值建议为30米，b值建议为25米，c值建议为30m, d值建议为2m/s,e值建议为1m/s,f值建议为2s。(航线方位 及各数值可由委任代表按实际情况进行调整，考题以委任代表规定数 值为准)
1、 起飞点经纬度： E:114°29′29” N:30.42776°
2、 由于空域限制，飞 机不能由起飞点直飞 任务航线的航点1，需 先向NE方向平飞100 米进入图形点。
3、 航点2-3航向为NW"
gsec_51790e2b9cd7,qbank_7cb07e6ab374,doc_22c25c38d6d8,实操题库_地面站考试条件_2026H1_空域限制或地形限制题型.txt_67,实操题库_地面站考试条件_2026H1_空域限制或地形限制题型.txt,2026H1,2026H1,2026-01-01,2026-06-30,CAAC执照考试地面站实操真题考试条件,空域限制或地形限制题型,空域限制或地形限制题-考试条件提取.docx,地面站考试真题（2026年1月-6月）/空域限制或地形限制题型/空域限制或地形限制题-考试条件提取.docx,68,175,916,湖北04考场,湖北,04考场,2026-03-10,5,经纬度换算;航向方位判断;夹角计算;空域地形限制处理;速度高度参数设置;转弯停留循环设置;几何图形航线规划;起飞返航点定位;题型:空域限制或地形限制,doc_condition_count_mismatch;doc_page_count_mismatch;source_gap,"湖北04考场地面站真题 | 日期：2026.03.10
(一) 与 的相对方位由委任代表根据 现场环境等情况进行决定。按图于起飞点前规划一个五边形并循环执 行，①②边及②③边的边长为a,∠②=∠④=∠①为90°，航线相 对地面高度为b，水平速度为c，垂直速度为d,转弯模式为停止转 弯，各点停留时间为e;
(二) a值建议为30米，b值建议为30米，c值建议为 3m/s,d值建议为1m/s,e值建议为2s。(航线方位及各数值可由 委任代表按实际情况进行调整，考题以委任代表规定数值为准) 兰告交与。
1、 起飞点经纬度： N:114°29′29” N:30.42776°
2、 由于空域限制，飞 机不能由起飞点直飞 机不能由起飞点直飞 任务航线的航点1，需 先向N方向平飞100 先向NE方向平飞100 米，再向W方向平飞 米后到达1点。
3、 航点2-3航向为SE"
gsec_24cd867bc8d4,qbank_7cb07e6ab374,doc_22c25c38d6d8,实操题库_地面站考试条件_2026H1_空域限制或地形限制题型.txt_68,实操题库_地面站考试条件_2026H1_空域限制或地形限制题型.txt,2026H1,2026H1,2026-01-01,2026-06-30,CAAC执照考试地面站实操真题考试条件,空域限制或地形限制题型,空域限制或地形限制题-考试条件提取.docx,地面站考试真题（2026年1月-6月）/空域限制或地形限制题型/空域限制或地形限制题-考试条件提取.docx,69,175,916,四川01考场,四川,01考场,2026-03-10,5,经纬度换算;航向方位判断;夹角计算;空域地形限制处理;速度高度参数设置;转弯停留循环设置;几何图形航线规划;起飞返航点定位;题型:空域限制或地形限制,doc_condition_count_mismatch;doc_page_count_mismatch;source_gap,"四川01考场地面站真题 | 日期：2026.03.10
(一) 与 的相对方位由委任代表根据现场环境 等情况进行决定。规划一个等边三角形，边长为，所有航线相对地面高度为 b，水平速度为c，垂直速度为d,转弯方式为停止转弯，停留时间为5s;
(二) a值为50米，b值为50米，c值为3m/s,d值为2m/s
1、 起飞点经纬度： N:28°39'30"" E:115°56'32""
2、 由于空域限制，飞 机不能由起飞点直飞 任务航线的航点1，需 先向ES方向平飞1000 米，再向W方向平飞 500米，到达任务航线 的航点1。
3、 航点1-2航向角45。"
gsec_eab992c600b6,qbank_7cb07e6ab374,doc_22c25c38d6d8,实操题库_地面站考试条件_2026H1_空域限制或地形限制题型.txt_69,实操题库_地面站考试条件_2026H1_空域限制或地形限制题型.txt,2026H1,2026H1,2026-01-01,2026-06-30,CAAC执照考试地面站实操真题考试条件,空域限制或地形限制题型,空域限制或地形限制题-考试条件提取.docx,地面站考试真题（2026年1月-6月）/空域限制或地形限制题型/空域限制或地形限制题-考试条件提取.docx,70,175,916,江西01考场,江西,01考场,2026-03-07,6,经纬度换算;航向方位判断;夹角计算;空域地形限制处理;速度高度参数设置;转弯停留循环设置;几何图形航线规划;起飞返航点定位;题型:空域限制或地形限制,doc_condition_count_mismatch;doc_page_count_mismatch;source_gap,"江西01考场地面站真题 | 日期：2026.03.07
(一) 与 的相对方位由委任代表根据 现场环境等情况进行决定。按图于起飞点前规划一个闭合图形并循环 执行，各点之间距离不小于20米，①点相对于地面高度为a，②点相 对地面高度为b,③点相对地面高度为c,④点相对地面高度为d, 水平速度为f,∠①=∠②=∠③=∠④=45°转弯模式为停止转弯， 停留时间不作要求；
(二) a值为20米，b值为25米，c值为30m,d值为 25m,f值为3m/s。(航线方位及各数值可由委任代表按实际情况 进行调整，考题以委任代表规定数值为准)
1、 航点1经纬度： N:30.456222° 任务航线示意图： E:121.123666°
2、 因地形限制，飞机需从起飞 点先向SE飞行200米，再向N 方向飞行50米，到达图形航点1
3、 航点2在航点3的SW方向
4、 题目如要求闭合需手动闭合"
gsec_abe834818c0c,qbank_7cb07e6ab374,doc_22c25c38d6d8,实操题库_地面站考试条件_2026H1_空域限制或地形限制题型.txt_70,实操题库_地面站考试条件_2026H1_空域限制或地形限制题型.txt,2026H1,2026H1,2026-01-01,2026-06-30,CAAC执照考试地面站实操真题考试条件,空域限制或地形限制题型,空域限制或地形限制题-考试条件提取.docx,地面站考试真题（2026年1月-6月）/空域限制或地形限制题型/空域限制或地形限制题-考试条件提取.docx,71,175,916,山西O3考场,山西,O3考场,2026-03-06,5,经纬度换算;航向方位判断;夹角计算;空域地形限制处理;速度高度参数设置;转弯停留循环设置;几何图形航线规划;起飞返航点定位;题型:空域限制或地形限制,doc_condition_count_mismatch;doc_page_count_mismatch;site_uses_letter_O;source_gap,"山西O3考场地面站真题 | 日期：2026.03.06
(一) 与 的相对方位由委任代表根据现场环境等 情况进行决定。规划一个等边三角形并循环执行，边长为a，所有航线相对地面 高度b，水平速度为c，垂直速度为d,转弯方式为停止转弯，停留时间为5s;
(二) a值为50米，b值为30米，c值为3m/s,d值为2m/s。
1、 起飞点经纬度： N27°46'19” E:123°12'17”
2、 由于地形限制，飞 机不能由起飞点直飞 任务航线的航点1，需 升高120米，再向南平 飞500米规避障碍地形 后，到达任务航线的航 点1。
3、 航点1-2航向角45。"
gsec_e0655e34dbad,qbank_7cb07e6ab374,doc_22c25c38d6d8,实操题库_地面站考试条件_2026H1_空域限制或地形限制题型.txt_71,实操题库_地面站考试条件_2026H1_空域限制或地形限制题型.txt,2026H1,2026H1,2026-01-01,2026-06-30,CAAC执照考试地面站实操真题考试条件,空域限制或地形限制题型,空域限制或地形限制题-考试条件提取.docx,地面站考试真题（2026年1月-6月）/空域限制或地形限制题型/空域限制或地形限制题-考试条件提取.docx,72,175,916,广东03考场,广东,03考场,2026-03-06,5,经纬度换算;航向方位判断;夹角计算;空域地形限制处理;速度高度参数设置;转弯停留循环设置;几何图形航线规划;起飞返航点定位;题型:空域限制或地形限制,doc_condition_count_mismatch;doc_page_count_mismatch;source_gap,"广东03考场地面站真题 | 日期：2026.03.06
(一) 与 的相对方位由委任代表根据现场环境等情 况进行决定。规划一个等边三角形并循环执行，边长为a，航线相对地面高度 为b,水平速度为c,垂直速度为d,转弯方式为停止转弯，停留时间5s;
(二) a值为50米，b值为50米，c值为3m/s,d值为2m/s。
1、 起飞点经纬度： N:27°46′19"" E:123°12'17""
2、 由于地形限制，飞 机不能由起飞点直飞 任务航线的航点1，需 升高120米，再向南平 飞500米规避障碍地形 后，到达任务航线的航 点1。
3、 航点1-2航向角459"
gsec_1ef07ac2250f,qbank_7cb07e6ab374,doc_22c25c38d6d8,实操题库_地面站考试条件_2026H1_空域限制或地形限制题型.txt_72,实操题库_地面站考试条件_2026H1_空域限制或地形限制题型.txt,2026H1,2026H1,2026-01-01,2026-06-30,CAAC执照考试地面站实操真题考试条件,空域限制或地形限制题型,空域限制或地形限制题-考试条件提取.docx,地面站考试真题（2026年1月-6月）/空域限制或地形限制题型/空域限制或地形限制题-考试条件提取.docx,73,175,916,山东02考场,山东,02考场,2026-04-13,5,经纬度换算;航向方位判断;空域地形限制处理;速度高度参数设置;转弯停留循环设置;几何图形航线规划;起飞返航点定位;题型:空域限制或地形限制,doc_condition_count_mismatch;doc_page_count_mismatch;source_gap,"山东02考场地面站真题 | 日期：2026.04.13
(一) 规划一个闭合六边形并循环执行，边长为a，①②③航点 相对地面高度为b,④⑤⑥航点相对地面高度为c,水平速度为d, 垂直速度为e,转弯方式为停止转弯，各点停留时间为f;
(二) a值为300米，b值为30米，c值为25m,d值为4m/s, e值为2m/s,f值为2s。
一、 起飞点经纬度： N:36.4637° E:114.5342°
二、 由于空域限制，飞机 不能由起飞点直飞任务 航线的航点1，需先向NE 方向平飞370米，再向NW 方向平飞560米，到达任 务航线的航点1。
三、 当地风向：SE,航点 3→2航向为逆风"
gsec_5c4e642a7ce0,qbank_7cb07e6ab374,doc_22c25c38d6d8,实操题库_地面站考试条件_2026H1_空域限制或地形限制题型.txt_73,实操题库_地面站考试条件_2026H1_空域限制或地形限制题型.txt,2026H1,2026H1,2026-01-01,2026-06-30,CAAC执照考试地面站实操真题考试条件,空域限制或地形限制题型,空域限制或地形限制题-考试条件提取.docx,地面站考试真题（2026年1月-6月）/空域限制或地形限制题型/空域限制或地形限制题-考试条件提取.docx,74,175,916,山东02考场,山东,02考场,2026-04-13,5,经纬度换算;航向方位判断;空域地形限制处理;速度高度参数设置;转弯停留循环设置;几何图形航线规划;起飞返航点定位;题型:空域限制或地形限制,doc_condition_count_mismatch;doc_page_count_mismatch;source_gap,"山东02考场地面站真题 | 日期：2026.04.13
(一) 按图规划一个闭合的任务航线并循环执行，①③、②③、 ②④、①④边长为300米，①点相对地面高度为a,②点相对地面高 度为b,③点相对地面高度为c,④点相对地面高度为d,水平速度 为e，垂直速度为f，转弯模式为停止转弯，停留时间2s;
(二) a值为20米，b值为25米，c值为30m,d值为20m, e值为2m/s,f值为2m/s。
一、 起飞点经纬度： N:36.4637° E:114.5342°
二、 由于空域限制，飞机 不能由起飞点直飞任务 航线的航点1，需先向NE 方向平飞370米，再向NW 方向平飞560米，到达任 务航线的航点1。
三、 当地风向：SE,航点 3→2航向为逆风"
gsec_f1bf864ef437,qbank_7cb07e6ab374,doc_22c25c38d6d8,实操题库_地面站考试条件_2026H1_空域限制或地形限制题型.txt_74,实操题库_地面站考试条件_2026H1_空域限制或地形限制题型.txt,2026H1,2026H1,2026-01-01,2026-06-30,CAAC执照考试地面站实操真题考试条件,空域限制或地形限制题型,空域限制或地形限制题-考试条件提取.docx,地面站考试真题（2026年1月-6月）/空域限制或地形限制题型/空域限制或地形限制题-考试条件提取.docx,75,175,916,广东03考场,广东,03考场,2026-03-06,5,经纬度换算;航向方位判断;夹角计算;空域地形限制处理;速度高度参数设置;转弯停留循环设置;几何图形航线规划;起飞返航点定位;题型:空域限制或地形限制,doc_condition_count_mismatch;doc_page_count_mismatch;source_gap,"广东03考场地面站真题 | 日期：2026.03.06
(一) 与 的相对方位由委任代表根据现场环境 等情况进行决定。规划一个等腰直角三角形并循环执行，①②边长为a1, ①③边长为a2,∠①为直角，航线相对地面高度b,水平速度为c，垂直速 度为d，转弯方式为停止转弯，停留时间5s;
(二) a1、a2值为50米，b值为50米，c值为3m/s,d值为2m/s。
1、 起飞点经纬度： N:28°39'30” 任务航线示意图： E:115°56'32""
2、 由于空域限制，飞 机不能由起飞点直飞 任务航线的航点1，需 先向正东方平飞1000 米，再向南平飞500米， 到达任务航线的航点1。
3、 航点1-2航向角45°"
gsec_d1c6da48aacb,qbank_7cb07e6ab374,doc_22c25c38d6d8,实操题库_地面站考试条件_2026H1_空域限制或地形限制题型.txt_75,实操题库_地面站考试条件_2026H1_空域限制或地形限制题型.txt,2026H1,2026H1,2026-01-01,2026-06-30,CAAC执照考试地面站实操真题考试条件,空域限制或地形限制题型,空域限制或地形限制题-考试条件提取.docx,地面站考试真题（2026年1月-6月）/空域限制或地形限制题型/空域限制或地形限制题-考试条件提取.docx,76,175,916,广东03考场,广东,03考场,2026-03-06,5,经纬度换算;航向方位判断;夹角计算;空域地形限制处理;速度高度参数设置;转弯停留循环设置;几何图形航线规划;起飞返航点定位;题型:空域限制或地形限制,doc_condition_count_mismatch;doc_page_count_mismatch;source_gap,"广东03考场地面站真题 | 日期：2026.03.06
(一) 与 的相对方位由委任代表根据现场环境等 情况进行决定。规划一个闭合五边形并循环执行，①②边及②③边的边长为a, ∠②=∠④=∠①为90°，航线相对地面高度为b,水平速度为c,垂直速度为d, 转弯模式为停止转弯，各点停留时间为e;
(二) a值建议为50米，b值建议为50米，c值建议为3m/s,d值建议 为2m/s,e值建议为10s。
1、 起飞点经纬度： N:28°39'30"" E:115°56′32”
2、 由于空域限制，飞 机不能由起飞点直飞 任务航线的航点1，需 先向正东方平飞1000 米，再向南平飞500米 ,到达任务航线的航 点1。
3、 航点1-2航向角459"
gsec_ae4af7bf4fa5,qbank_7cb07e6ab374,doc_22c25c38d6d8,实操题库_地面站考试条件_2026H1_空域限制或地形限制题型.txt_76,实操题库_地面站考试条件_2026H1_空域限制或地形限制题型.txt,2026H1,2026H1,2026-01-01,2026-06-30,CAAC执照考试地面站实操真题考试条件,空域限制或地形限制题型,空域限制或地形限制题-考试条件提取.docx,地面站考试真题（2026年1月-6月）/空域限制或地形限制题型/空域限制或地形限制题-考试条件提取.docx,77,175,916,北京01考场,北京,01考场,2026-04-19,5,经纬度换算;航向方位判断;空域地形限制处理;速度高度参数设置;转弯停留循环设置;几何图形航线规划;起飞返航点定位;题型:空域限制或地形限制,doc_condition_count_mismatch;doc_page_count_mismatch;source_gap,"北京01考场地面站真题 | 日期：2026.04.19
(一) 规划一个闭合六边形并循环执行，边长为a,①②③航点 相对地面高度为b,④⑤⑥航点相对地面高度为c，水平速度为d，垂 直速度为e,转弯方式为停止转弯，各点停留时间为f；
(二) a值为300米，b值为30米，c值为25m,d值为4m/s,e 值为2m/s,f值为2s
一、 起飞点经纬度： N:36°08'19” E:114°21'01""
二、 由于空域限制，飞机 不能由起飞点直飞任务 航线的航点1，需先向NE 方向平飞370米，再向NW 方向平飞560米，到达任 务航线的航点1。
三、 当地风向：SE,航点 3→2航向为逆风"
gsec_cfa633d2e75c,qbank_7cb07e6ab374,doc_22c25c38d6d8,实操题库_地面站考试条件_2026H1_空域限制或地形限制题型.txt_77,实操题库_地面站考试条件_2026H1_空域限制或地形限制题型.txt,2026H1,2026H1,2026-01-01,2026-06-30,CAAC执照考试地面站实操真题考试条件,空域限制或地形限制题型,空域限制或地形限制题-考试条件提取.docx,地面站考试真题（2026年1月-6月）/空域限制或地形限制题型/空域限制或地形限制题-考试条件提取.docx,78,175,916,北京01考场,北京,01考场,2026-04-19,5,经纬度换算;航向方位判断;空域地形限制处理;速度高度参数设置;转弯停留循环设置;几何图形航线规划;起飞返航点定位;题型:空域限制或地形限制,doc_condition_count_mismatch;doc_page_count_mismatch;source_gap,"北京01考场地面站真题 | 日期：2026.04.19
(一) 按图规划一个闭合的任务航线并循环执行，①③、②③、 ②④、①④边长为300米，①点相对地面高度为a,②点相对地面高度 为b,③点相对地面高度为c,④点相对地面高度为d,水平速度为e, 垂直速度为f，转弯模式为停止转弯，停留时间2s；
(二) a值为20米，b值为25米，c值为30m,d值为20m, e值为2m/s,f值为2m/s。
一、 起飞点经纬度： N:36.2547° E:114.4306°
二、 由于空域限制，飞机 不能由起飞点直飞任务 航线的航点1，需先向NW 方向平飞560米，再向NE 方向平飞630米，到达任 务航线的航点1。
三、 当地风向：SE,航点 3→2航向为逆风"
gsec_0b4380bc5197,qbank_7cb07e6ab374,doc_22c25c38d6d8,实操题库_地面站考试条件_2026H1_空域限制或地形限制题型.txt_78,实操题库_地面站考试条件_2026H1_空域限制或地形限制题型.txt,2026H1,2026H1,2026-01-01,2026-06-30,CAAC执照考试地面站实操真题考试条件,空域限制或地形限制题型,空域限制或地形限制题-考试条件提取.docx,地面站考试真题（2026年1月-6月）/空域限制或地形限制题型/空域限制或地形限制题-考试条件提取.docx,79,175,916,山东04考场,山东,04考场,2026-04-20,5,经纬度换算;航向方位判断;空域地形限制处理;速度高度参数设置;转弯停留循环设置;几何图形航线规划;起飞返航点定位;题型:空域限制或地形限制,doc_condition_count_mismatch;doc_page_count_mismatch;source_gap,"山东04考场地面站真题 | 日期：2026.04.20
(一) 按图规划一个闭合的任务航线不循环执行，①③、②③、 ②④、①④边长为300米，①点相对地面高度为a,②点相对地面高 度为b，③点相对地面高度为c，④点相对地面高度为d，水平速 度为e，垂直速度为f，转弯模式为停止转弯，停留时间9s;
(二) a值为22米，b值为26米，c值为28m,d值为30m, e值为9m/s,f值为4m/s。
一、 起飞点经纬度： N:28°09'10” E:115°26′52”
二： 由于空域限制，飞机不 能由起飞点直飞任务航线的 航点1，需由起飞点起飞先向 东南方向平飞1600米，再向 西南方向平飞700米，到达任 务航线的航点1。
三： 如图所示任务航点1到2 航向西偏南25°"
gsec_27605ef4849c,qbank_7cb07e6ab374,doc_22c25c38d6d8,实操题库_地面站考试条件_2026H1_空域限制或地形限制题型.txt_79,实操题库_地面站考试条件_2026H1_空域限制或地形限制题型.txt,2026H1,2026H1,2026-01-01,2026-06-30,CAAC执照考试地面站实操真题考试条件,空域限制或地形限制题型,空域限制或地形限制题-考试条件提取.docx,地面站考试真题（2026年1月-6月）/空域限制或地形限制题型/空域限制或地形限制题-考试条件提取.docx,80,175,916,广东01考场,广东,01考场,2026-04-21,5,经纬度换算;航向方位判断;夹角计算;空域地形限制处理;速度高度参数设置;转弯停留循环设置;几何图形航线规划;起飞返航点定位;题型:空域限制或地形限制,doc_condition_count_mismatch;doc_page_count_mismatch;source_gap,"广东01考场地面站真题 | 日期：2026.04.21
(一) 规划一个闭合等腰直角三角形，闭合点高度与①号点保持一致，不 循环执行，①②边长为a1，①③边长为a2，∠①为直角，航点①点相对地 面高度为a2，②点相对地面高度为b，垂直速度为d，转弯方式为停止转 弯，停留时间5S;
(二) a1、a2值为50米，b值为50米，c水平速度为3ms,d值为2m/s。
一、 起飞点经纬度： 3 N:22°19'03"" E:114°1602""
二、 由于空域限制， 飞机不能由起飞点直 飞任务航线的航点1， 需先向NE方向平飞 1000米，再向SE方向 平飞500米，到达任务 航线的航点1。
三、 航点3-2航向角为 南偏东25°"
gsec_724e3e3d459a,qbank_7cb07e6ab374,doc_22c25c38d6d8,实操题库_地面站考试条件_2026H1_空域限制或地形限制题型.txt_80,实操题库_地面站考试条件_2026H1_空域限制或地形限制题型.txt,2026H1,2026H1,2026-01-01,2026-06-30,CAAC执照考试地面站实操真题考试条件,空域限制或地形限制题型,空域限制或地形限制题-考试条件提取.docx,地面站考试真题（2026年1月-6月）/空域限制或地形限制题型/空域限制或地形限制题-考试条件提取.docx,81,175,916,广东01考场,广东,01考场,2026-04-21,5,经纬度换算;航向方位判断;空域地形限制处理;速度高度参数设置;转弯停留循环设置;几何图形航线规划;起飞返航点定位;题型:空域限制或地形限制,doc_condition_count_mismatch;doc_page_count_mismatch;ocr_possible_typo;source_gap,"广东01考场地面站真题 | 日期：2026.04.21
(一) 按图规划一个闭合的任务航线不循环执行，①③、②③、 ②④、①④边长为300米，①点相对地面高度为a，②点相对地面高 度为b,③点相对地面高度为c，④点相对地面高度为d，水平速 度为e，垂直速度为f，转弯模式为停止转弯，停留时间9s;
(二) a值为22米，b值为26米，c值为28m,d值为30m, e值为9m/s,f值为4m/s。
一、 起飞点经纬度： N:28°09′10” E:115°26'52”
二、 由于空域限制，飞机不 能由起飞点直飞任务航线的 航点1，需由起飞点起飞先向 东南方向平飞1600米，再向 西南方向平飞700米，到达 任务航线的航点1。
三、 如图所以任务航点1到2 航向西偏南25度"
gsec_a151f5e36e64,qbank_7cb07e6ab374,doc_22c25c38d6d8,实操题库_地面站考试条件_2026H1_空域限制或地形限制题型.txt_81,实操题库_地面站考试条件_2026H1_空域限制或地形限制题型.txt,2026H1,2026H1,2026-01-01,2026-06-30,CAAC执照考试地面站实操真题考试条件,空域限制或地形限制题型,空域限制或地形限制题-考试条件提取.docx,地面站考试真题（2026年1月-6月）/空域限制或地形限制题型/空域限制或地形限制题-考试条件提取.docx,82,175,916,广东01考场,广东,01考场,2026-04-21,5,经纬度换算;航向方位判断;夹角计算;空域地形限制处理;速度高度参数设置;转弯停留循环设置;几何图形航线规划;起飞返航点定位;题型:空域限制或地形限制,doc_condition_count_mismatch;doc_page_count_mismatch;ocr_possible_typo;source_gap,"广东01考场地面站真题 | 日期：2026.04.21
(一) 按图规划一个闭合的任务航线不循环执行，闭合点高度 与①号点保持一致，①③、②③、②④、①④边长为300米，①点相 对地面高度为a，②点相对地面高度为b，③点相对地面高度为c, ④点相对地面高度为d，水平速度为e，垂直速度为f，转弯模式 为停止转弯，停留时间9s；
(二) a值为30米，b值为35米，c值为40m,d值为25m, e值为2m/s,f值为2m/s。
一、 起飞点经纬度： N:22°09'10"" E:114°26'52""
二、 由于空域限制，飞机不 能由起飞点直飞任务航线的 航点1，需由起飞点起飞先向 南方向平飞1000米，再向东 方向平飞300米，到达任务航 线的航点1。
三、 如图所以任务航点4到3 航向角105°"
gsec_538b66734762,qbank_7cb07e6ab374,doc_22c25c38d6d8,实操题库_地面站考试条件_2026H1_空域限制或地形限制题型.txt_82,实操题库_地面站考试条件_2026H1_空域限制或地形限制题型.txt,2026H1,2026H1,2026-01-01,2026-06-30,CAAC执照考试地面站实操真题考试条件,空域限制或地形限制题型,空域限制或地形限制题-考试条件提取.docx,地面站考试真题（2026年1月-6月）/空域限制或地形限制题型/空域限制或地形限制题-考试条件提取.docx,83,175,916,山西01考场,山西,01考场,2026-04-21,5,经纬度换算;航向方位判断;夹角计算;空域地形限制处理;速度高度参数设置;转弯停留循环设置;几何图形航线规划;起飞返航点定位;题型:空域限制或地形限制,doc_condition_count_mismatch;doc_page_count_mismatch;source_gap,"山西01考场地面站真题 | 日期：2026.04.21
(一) 与 的相对方位由委任代表根据现场环境 等情况进行决定。规划一个等边三角形不循环，边长为a，所有航线相对地面 高度为b,水平速度为c,垂直速度为d，转弯方式为停止转弯，停留时间5s;
(二) a值为50米，b值为50米，c值为3m/s,d值为2m/s。
1、 起飞点经纬度： N:25°18′36.36” E:113°12'39.6”
2、 由于空域限制，飞 机不能由起飞点直飞 任务航线的航点1，需 先向SW方向平飞1000米 再向北偏西60°方 向平飞500米，到达任 务航线的航点1。
3、 2-1航向为135°"
gsec_bba1ac60c485,qbank_7cb07e6ab374,doc_22c25c38d6d8,实操题库_地面站考试条件_2026H1_空域限制或地形限制题型.txt_83,实操题库_地面站考试条件_2026H1_空域限制或地形限制题型.txt,2026H1,2026H1,2026-01-01,2026-06-30,CAAC执照考试地面站实操真题考试条件,空域限制或地形限制题型,空域限制或地形限制题-考试条件提取.docx,地面站考试真题（2026年1月-6月）/空域限制或地形限制题型/空域限制或地形限制题-考试条件提取.docx,84,175,916,山西01考场,山西,01考场,2026-04-21,5,经纬度换算;航向方位判断;夹角计算;空域地形限制处理;速度高度参数设置;转弯停留循环设置;几何图形航线规划;起飞返航点定位;题型:空域限制或地形限制,doc_condition_count_mismatch;doc_page_count_mismatch;source_gap,"山西01考场地面站真题 | 日期：2026.04.21
(一) 与 的相对方位由委任代表根 据现场环境等情况进行决定。按图规划一个闭合的任务航线不循环 执行，①③、②③、②④、①④边长为300米，①点相对地面高度为 a,②点相对地面高度为b,③点相对地面高度为c，④点相对地面 高度为d，水平速度为e，垂直速度为f，转弯模式为停止转弯， 停留时间2s；
(二) a值为20米，b值为25米，c值为30m,d值为20m, e值为2m/s,f值为2m/so
1、 起飞点经纬度： N:25°29'37.47"" E:105°48′32”
2、 由于空域限制，飞机 不能由起飞点直飞任务 航线的航点1，需由起飞 点起飞先向东偏南10° 方向平飞1200米，再向 西南方向平飞500米，到 达任务航线的航点1。
3、 如图所示任务航点3 4航向角225°"
gsec_02ff0ad59a23,qbank_7cb07e6ab374,doc_22c25c38d6d8,实操题库_地面站考试条件_2026H1_空域限制或地形限制题型.txt_84,实操题库_地面站考试条件_2026H1_空域限制或地形限制题型.txt,2026H1,2026H1,2026-01-01,2026-06-30,CAAC执照考试地面站实操真题考试条件,空域限制或地形限制题型,空域限制或地形限制题-考试条件提取.docx,地面站考试真题（2026年1月-6月）/空域限制或地形限制题型/空域限制或地形限制题-考试条件提取.docx,85,175,916,云南01考场,云南,01考场,2026-04-22,7,经纬度换算;航向方位判断;夹角计算;空域地形限制处理;速度高度参数设置;转弯停留循环设置;几何图形航线规划;起飞返航点定位;题型:空域限制或地形限制,doc_condition_count_mismatch;doc_page_count_mismatch;source_gap,"云南01考场地面站真题 | 日期：2026.04.22
(一) 与 的相对方位由委任代表根据 现场环境等情况进行决定。于起飞前规划一个等腰直角三角形并 循环执行，①②边长为a1,①③边长为a2,∠①为直角，航线相对 地面高度b,水平速度为c，垂直速度为d，转弯方式为停止转弯， 停留时间不要求；
(二) a1、a2值建议为30米，b值建议为30米，c值建议 为3m/s,d值建议为1m/s。(航线方位及各数值可由委任代表按实 际情况进行调整，考题以委任代表规定数值为准)
1、 由于空域限制，无人 机需先向东北方向平飞 300米，再向西北方向 平飞600米，到达①点
2、 ③-②航点航向为 西南方向
3、 起飞点经纬度： N:40°21'33” E:130°21'33”
4、 ②③航点高度101m, 其余高88m
5、 协调转弯，闭合航线， 循环4次"
gsec_ecf377763ec2,qbank_7cb07e6ab374,doc_22c25c38d6d8,实操题库_地面站考试条件_2026H1_空域限制或地形限制题型.txt_85,实操题库_地面站考试条件_2026H1_空域限制或地形限制题型.txt,2026H1,2026H1,2026-01-01,2026-06-30,CAAC执照考试地面站实操真题考试条件,空域限制或地形限制题型,空域限制或地形限制题-考试条件提取.docx,地面站考试真题（2026年1月-6月）/空域限制或地形限制题型/空域限制或地形限制题-考试条件提取.docx,86,175,916,云南01考场,云南,01考场,2026-04-22,6,经纬度换算;航向方位判断;夹角计算;空域地形限制处理;速度高度参数设置;转弯停留循环设置;几何图形航线规划;起飞返航点定位;题型:空域限制或地形限制,doc_condition_count_mismatch;doc_page_count_mismatch;source_gap,"云南01考场地面站真题 | 日期：2026.04.22
(一) 与 的相对方位由委任代表根据 现场环境等情况进行决定。于起飞前规划一个等腰直角三角形并 循环执行，①②边长为a1,①③边长为a2,∠①为直角，航线相对 地面高度b,水平速度为c，垂直速度为d，转弯方式为停止转弯， 停留时间不要求；
(二) a1、a2值建议为30米，b值建议为30米，c值建议 为3m/s,d值建议为1m/s。(航线方位及各数值可由委任代表按实 际情况进行调整，考题以委任代表规定数值为准)
1、 由于空域限制，飞 机需先向东北方向平飞 机需先向东北方向平飞 160米，再向西北方向 100米，再向西北方向 平飞202米，到达①点
2、 ③-②航点航向为东北方向
3、 起飞点经纬度： N:30°23′45"" E:100°22'33""
4、 闭合航线，循环4次"
gsec_e62df894ebdf,qbank_7cb07e6ab374,doc_22c25c38d6d8,实操题库_地面站考试条件_2026H1_空域限制或地形限制题型.txt_86,实操题库_地面站考试条件_2026H1_空域限制或地形限制题型.txt,2026H1,2026H1,2026-01-01,2026-06-30,CAAC执照考试地面站实操真题考试条件,空域限制或地形限制题型,空域限制或地形限制题-考试条件提取.docx,地面站考试真题（2026年1月-6月）/空域限制或地形限制题型/空域限制或地形限制题-考试条件提取.docx,87,175,916,云南01考场,云南,01考场,2026-04-22,6,经纬度换算;航向方位判断;空域地形限制处理;速度高度参数设置;转弯停留循环设置;几何图形航线规划;起飞返航点定位;题型:空域限制或地形限制,doc_condition_count_mismatch;doc_page_count_mismatch;source_gap,"云南01考场地面站真题 | 日期：2026.04.22
(一) 与 的相对方位由委任代表根据 现场环境等情况进行决定。于起飞点前规划一个六边形并循环执行， 边长为a，①②③航点相对地面高度为b,④⑤⑥航点相对地面高度 为c,水平速度为d,垂直速度为e,转弯方式为停止转弯，各点停 留时间为f;
(二) a值为建议30米（误差≤±3米），b值建议为25米， c值建议为30m,d值建议为2m/s,e值建议为1m/s,f值建议为 2s。(航线方位及各数值可由委任代表按实际情况进行调整，考题以 委任代表规定数值为准)
1、 由于空域限制，飞 机需先向东北方向平飞 160米，再向西北方向 平飞202米，到达①点
2、 ③-②航点航向为 东北方向
3、 起飞点经纬度： N:30°23'45” E:100°22'33""
4、 闭合航线，循环4次"
gsec_c3abc195cd8b,qbank_7cb07e6ab374,doc_22c25c38d6d8,实操题库_地面站考试条件_2026H1_空域限制或地形限制题型.txt_87,实操题库_地面站考试条件_2026H1_空域限制或地形限制题型.txt,2026H1,2026H1,2026-01-01,2026-06-30,CAAC执照考试地面站实操真题考试条件,空域限制或地形限制题型,空域限制或地形限制题-考试条件提取.docx,地面站考试真题（2026年1月-6月）/空域限制或地形限制题型/空域限制或地形限制题-考试条件提取.docx,88,175,916,云南01考场,云南,01考场,2026-04-22,6,经纬度换算;航向方位判断;空域地形限制处理;速度高度参数设置;转弯停留循环设置;起飞返航点定位;题型:空域限制或地形限制,doc_condition_count_mismatch;doc_page_count_mismatch;source_gap,"云南01考场地面站真题 | 日期：2026.04.22
(一) 与 的相对方位由委任代表根据 现场环境等情况进行决定。按图于起飞点前规划扫描航线。航线长度 为a,航线间隔为b,航线相对地面高度为c,水平速度为d,垂直 速度为e，转弯模式为停止转弯，停留时间不作要求；
(二) a值建议为30米（误差≤±3米），b值建议为10米， (误差≤±1米)，c建议为30m,d值建议为3m/s。e值建议 为1m/s。(航线方位及各数值可由委任代表按实际情况进行调整， 考题以委任代表规定数值为准)
1、 由于空域限制，飞 机需先向东北方向平飞 机需先向东北方向平飞100米，再向西北方向 200米，到达①点
2、 ①-②航点航向为 西北方向
3、 起飞点经纬度： N:40°12'45 E:130°21'33”
4、 闭合航线，循环2次"
gsec_56b67afed6db,qbank_7cb07e6ab374,doc_22c25c38d6d8,实操题库_地面站考试条件_2026H1_空域限制或地形限制题型.txt_88,实操题库_地面站考试条件_2026H1_空域限制或地形限制题型.txt,2026H1,2026H1,2026-01-01,2026-06-30,CAAC执照考试地面站实操真题考试条件,空域限制或地形限制题型,空域限制或地形限制题-考试条件提取.docx,地面站考试真题（2026年1月-6月）/空域限制或地形限制题型/空域限制或地形限制题-考试条件提取.docx,89,175,916,云南01考场,云南,01考场,2026-04-22,7,经纬度换算;航向方位判断;空域地形限制处理;速度高度参数设置;转弯停留循环设置;起飞返航点定位;题型:空域限制或地形限制,doc_condition_count_mismatch;doc_page_count_mismatch;source_gap,"云南01考场地面站真题 | 日期：2026.04.22
(一) 与 的相对方位由委任代表根据 现场环境等情况进行决定。按图于起飞点前规划扫描航线。航线长度 为a,航线间隔为b,航线相对地面高度为e,水平速度为d,垂直 速度为e，转弯模式为停止转弯，停留时间不作要求；
(二) a值建议为30米（误差≤±3米），b值建议为10米， (误差≤士1米)，e建议为30m，d值建议为3m/s。e值建议 为1m/s。(航线方位及各数值可由委任代表按实际情况进行调整， 考题以委任代表规定数值为准)
1、 由于空域限制，飞 机需先向东北方向平飞 300米，再向西北方向 平飞600米，到达①点
2、 ③-②航点航向为 西南方向
3、 起飞点经纬度： N:40°21'33” E:130°21'33”
4、 ③④航点高度101m, 其余高88m
5、 协调转弯，闭合航线， 循环3次"
gsec_3ef7a24b590f,qbank_7cb07e6ab374,doc_22c25c38d6d8,实操题库_地面站考试条件_2026H1_空域限制或地形限制题型.txt_89,实操题库_地面站考试条件_2026H1_空域限制或地形限制题型.txt,2026H1,2026H1,2026-01-01,2026-06-30,CAAC执照考试地面站实操真题考试条件,空域限制或地形限制题型,空域限制或地形限制题-考试条件提取.docx,地面站考试真题（2026年1月-6月）/空域限制或地形限制题型/空域限制或地形限制题-考试条件提取.docx,90,175,916,云南01考场,云南,01考场,2026-04-22,7,经纬度换算;航向方位判断;夹角计算;空域地形限制处理;速度高度参数设置;转弯停留循环设置;几何图形航线规划;起飞返航点定位;题型:空域限制或地形限制,doc_condition_count_mismatch;doc_page_count_mismatch;source_gap,"云南01考场地面站真题 | 日期：2026.04.22
(一) 与 的相对方位由委任代表根据 现场环境等情况进行决定。按图于起飞点前规划一个五边形并循环执 行，①②边及②③边的边长为a,∠②=∠④=∠①为90°，航线相 对地面高度为b，一水平速度为c，垂直速度为d，转弯模式为停止 转弯，各点停留时间为e
(二) a值建议为30米，b值建议为30米，c值建议为 3m/s,d建议为1m/s,e值建议为2s。(航线方位及各数值可由 委任代表按实际情况进行调整，考题以委任代表规定数值为准)
1、 由于空域限制，无人 机需先向东北方向平飞 300米，再向西北方向 平飞600米，到达①点
2、 ③-②航点航向为 西南方向
3、 起飞点经纬度： N:40°21'23” E:130°21'33”
4、 ③④航点高度101m, 其余高88m
5、 协调转弯，闭合航线， 循环3次"
gsec_dfb3e0fd44b5,qbank_7cb07e6ab374,doc_22c25c38d6d8,实操题库_地面站考试条件_2026H1_空域限制或地形限制题型.txt_90,实操题库_地面站考试条件_2026H1_空域限制或地形限制题型.txt,2026H1,2026H1,2026-01-01,2026-06-30,CAAC执照考试地面站实操真题考试条件,空域限制或地形限制题型,空域限制或地形限制题-考试条件提取.docx,地面站考试真题（2026年1月-6月）/空域限制或地形限制题型/空域限制或地形限制题-考试条件提取.docx,91,175,916,山西O3考场,山西,O3考场,2026-03-06,5,经纬度换算;航向方位判断;夹角计算;空域地形限制处理;速度高度参数设置;转弯停留循环设置;几何图形航线规划;起飞返航点定位;题型:空域限制或地形限制,doc_condition_count_mismatch;doc_page_count_mismatch;site_uses_letter_O;source_gap,"山西O3考场地面站真题 | 日期：2026.03.06
(一) 与 的相对方位由委任代表根据现场环境等 情况进行决定。规划一个等边三角形并循环执行，边长为a，所有航线相对地面 高度b，水平速度为c，垂直速度为d,转弯方式为停止转弯，停留时间为5s;
(二) a值为50米，b值为30米，c值为3m/s,d值为2m/s。
1、 起飞点经纬度： N27°46'19” E:123°12'17”
2、 由于地形限制，飞 机不能由起飞点直飞 任务航线的航点1，需 升高120米，再向南平 飞500米规避障碍地形 后，到达任务航线的航 点1。
3、 航点1-2航向角45。"
gsec_9559d506a4a1,qbank_7cb07e6ab374,doc_22c25c38d6d8,实操题库_地面站考试条件_2026H1_空域限制或地形限制题型.txt_91,实操题库_地面站考试条件_2026H1_空域限制或地形限制题型.txt,2026H1,2026H1,2026-01-01,2026-06-30,CAAC执照考试地面站实操真题考试条件,空域限制或地形限制题型,空域限制或地形限制题-考试条件提取.docx,地面站考试真题（2026年1月-6月）/空域限制或地形限制题型/空域限制或地形限制题-考试条件提取.docx,92,175,916,广东03考场,广东,03考场,2026-03-06,5,经纬度换算;航向方位判断;夹角计算;空域地形限制处理;速度高度参数设置;转弯停留循环设置;几何图形航线规划;起飞返航点定位;题型:空域限制或地形限制,doc_condition_count_mismatch;doc_page_count_mismatch;source_gap,"广东03考场地面站真题 | 日期：2026.03.06
(一) 与 的相对方位由委任代表根据现场环境等情 况进行决定。规划一个等边三角形并循环执行，边长为a，航线相对地面高度 为b,水平速度为c,垂直速度为d,转弯方式为停止转弯，停留时间5s;
(二) a值为50米，b值为50米，c值为3m/s,d值为2m/s。
1、 起飞点经纬度： N:27°46′19"" E:123°12'17""
2、 由于地形限制，飞 机不能由起飞点直飞 任务航线的航点1，需 升高120米，再向南平 飞500米规避障碍地形 后，到达任务航线的航 点1。
3、 航点1-2航向角459"
gsec_85afcdec8dd8,qbank_7cb07e6ab374,doc_22c25c38d6d8,实操题库_地面站考试条件_2026H1_空域限制或地形限制题型.txt_92,实操题库_地面站考试条件_2026H1_空域限制或地形限制题型.txt,2026H1,2026H1,2026-01-01,2026-06-30,CAAC执照考试地面站实操真题考试条件,空域限制或地形限制题型,空域限制或地形限制题-考试条件提取.docx,地面站考试真题（2026年1月-6月）/空域限制或地形限制题型/空域限制或地形限制题-考试条件提取.docx,93,175,916,山东02考场,山东,02考场,2026-04-13,5,经纬度换算;航向方位判断;空域地形限制处理;速度高度参数设置;转弯停留循环设置;几何图形航线规划;起飞返航点定位;题型:空域限制或地形限制,doc_condition_count_mismatch;doc_page_count_mismatch;source_gap,"山东02考场地面站真题 | 日期：2026.04.13
(一) 规划一个闭合六边形并循环执行，边长为a，①②③航点 相对地面高度为b,④⑤⑥航点相对地面高度为c,水平速度为d, 垂直速度为e,转弯方式为停止转弯，各点停留时间为f;
(二) a值为300米，b值为30米，c值为25m,d值为4m/s, e值为2m/s,f值为2s。
一、 起飞点经纬度： N:36.4637° E:114.5342°
二、 由于空域限制，飞机 不能由起飞点直飞任务 航线的航点1，需先向NE 方向平飞370米，再向NW 方向平飞560米，到达任 务航线的航点1。
三、 当地风向：SE,航点 3→2航向为逆风"
gsec_1fe041fe3891,qbank_7cb07e6ab374,doc_22c25c38d6d8,实操题库_地面站考试条件_2026H1_空域限制或地形限制题型.txt_93,实操题库_地面站考试条件_2026H1_空域限制或地形限制题型.txt,2026H1,2026H1,2026-01-01,2026-06-30,CAAC执照考试地面站实操真题考试条件,空域限制或地形限制题型,空域限制或地形限制题-考试条件提取.docx,地面站考试真题（2026年1月-6月）/空域限制或地形限制题型/空域限制或地形限制题-考试条件提取.docx,94,175,916,山东02考场,山东,02考场,2026-04-13,5,经纬度换算;航向方位判断;空域地形限制处理;速度高度参数设置;转弯停留循环设置;几何图形航线规划;起飞返航点定位;题型:空域限制或地形限制,doc_condition_count_mismatch;doc_page_count_mismatch;source_gap,"山东02考场地面站真题 | 日期：2026.04.13
(一) 按图规划一个闭合的任务航线并循环执行，①③、②③、 ②④、①④边长为300米，①点相对地面高度为a,②点相对地面高 度为b,③点相对地面高度为c,④点相对地面高度为d,水平速度 为e，垂直速度为f，转弯模式为停止转弯，停留时间2s;
(二) a值为20米，b值为25米，c值为30m,d值为20m, e值为2m/s,f值为2m/s。
一、 起飞点经纬度： N:36.4637° E:114.5342°
二、 由于空域限制，飞机 不能由起飞点直飞任务 航线的航点1，需先向NE 方向平飞370米，再向NW 方向平飞560米，到达任 务航线的航点1。
三、 当地风向：SE,航点 3→2航向为逆风"
gsec_2f161611cd37,qbank_7cb07e6ab374,doc_22c25c38d6d8,实操题库_地面站考试条件_2026H1_空域限制或地形限制题型.txt_94,实操题库_地面站考试条件_2026H1_空域限制或地形限制题型.txt,2026H1,2026H1,2026-01-01,2026-06-30,CAAC执照考试地面站实操真题考试条件,空域限制或地形限制题型,空域限制或地形限制题-考试条件提取.docx,地面站考试真题（2026年1月-6月）/空域限制或地形限制题型/空域限制或地形限制题-考试条件提取.docx,95,175,916,广东03考场,广东,03考场,2026-03-06,5,经纬度换算;航向方位判断;夹角计算;空域地形限制处理;速度高度参数设置;转弯停留循环设置;几何图形航线规划;起飞返航点定位;题型:空域限制或地形限制,doc_condition_count_mismatch;doc_page_count_mismatch;source_gap,"广东03考场地面站真题 | 日期：2026.03.06
(一) 与 的相对方位由委任代表根据现场环境 等情况进行决定。规划一个等腰直角三角形并循环执行，①②边长为a1, ①③边长为a2,∠①为直角，航线相对地面高度b,水平速度为c，垂直速 度为d，转弯方式为停止转弯，停留时间5s;
(二) a1、a2值为50米，b值为50米，c值为3m/s,d值为2m/s。
1、 起飞点经纬度： N:28°39'30” 任务航线示意图： E:115°56'32""
2、 由于空域限制，飞 机不能由起飞点直飞 任务航线的航点1，需 先向正东方平飞1000 米，再向南平飞500米， 到达任务航线的航点1。
3、 航点1-2航向角45°"
gsec_51aeb9e5f695,qbank_7cb07e6ab374,doc_22c25c38d6d8,实操题库_地面站考试条件_2026H1_空域限制或地形限制题型.txt_95,实操题库_地面站考试条件_2026H1_空域限制或地形限制题型.txt,2026H1,2026H1,2026-01-01,2026-06-30,CAAC执照考试地面站实操真题考试条件,空域限制或地形限制题型,空域限制或地形限制题-考试条件提取.docx,地面站考试真题（2026年1月-6月）/空域限制或地形限制题型/空域限制或地形限制题-考试条件提取.docx,96,175,916,广东03考场,广东,03考场,2026-03-06,5,经纬度换算;航向方位判断;夹角计算;空域地形限制处理;速度高度参数设置;转弯停留循环设置;几何图形航线规划;起飞返航点定位;题型:空域限制或地形限制,doc_condition_count_mismatch;doc_page_count_mismatch;source_gap,"广东03考场地面站真题 | 日期：2026.03.06
(一) 与 的相对方位由委任代表根据现场环境等 情况进行决定。规划一个闭合五边形并循环执行，①②边及②③边的边长为a, ∠②=∠④=∠①为90°，航线相对地面高度为b,水平速度为c,垂直速度为d, 转弯模式为停止转弯，各点停留时间为e;
(二) a值建议为50米，b值建议为50米，c值建议为3m/s,d值建议 为2m/s,e值建议为10s。
1、 起飞点经纬度： N:28°39'30"" E:115°56′32”
2、 由于空域限制，飞 机不能由起飞点直飞 任务航线的航点1，需 先向正东方平飞1000 米，再向南平飞500米 ,到达任务航线的航 点1。
3、 航点1-2航向角45°"
gsec_7a605ac1adcd,qbank_7cb07e6ab374,doc_22c25c38d6d8,实操题库_地面站考试条件_2026H1_空域限制或地形限制题型.txt_96,实操题库_地面站考试条件_2026H1_空域限制或地形限制题型.txt,2026H1,2026H1,2026-01-01,2026-06-30,CAAC执照考试地面站实操真题考试条件,空域限制或地形限制题型,空域限制或地形限制题-考试条件提取.docx,地面站考试真题（2026年1月-6月）/空域限制或地形限制题型/空域限制或地形限制题-考试条件提取.docx,97,175,916,北京01考场,北京,01考场,2026-04-19,5,经纬度换算;航向方位判断;空域地形限制处理;速度高度参数设置;转弯停留循环设置;几何图形航线规划;起飞返航点定位;题型:空域限制或地形限制,doc_condition_count_mismatch;doc_page_count_mismatch;source_gap,"北京01考场地面站真题 | 日期：2026.04.19
(一) 规划一个闭合六边形并循环执行，边长为a,①②③航点 相对地面高度为b,④⑤⑥航点相对地面高度为c，水平速度为d，垂 直速度为e,转弯方式为停止转弯，各点停留时间为f；
(二) a值为300米，b值为30米，c值为25m,d值为4m/s,e 值为2m/s,f值为2s
一、 起飞点经纬度： N:36°08'19” E:114°21'01""
二、 由于空域限制，飞机 不能由起飞点直飞任务 航线的航点1，需先向NE 方向平飞370米，再向NW 方向平飞560米，到达任 务航线的航点1。
三、 当地风向：SE,航点 3→2航向为逆风"
gsec_141287832ade,qbank_7cb07e6ab374,doc_22c25c38d6d8,实操题库_地面站考试条件_2026H1_空域限制或地形限制题型.txt_97,实操题库_地面站考试条件_2026H1_空域限制或地形限制题型.txt,2026H1,2026H1,2026-01-01,2026-06-30,CAAC执照考试地面站实操真题考试条件,空域限制或地形限制题型,空域限制或地形限制题-考试条件提取.docx,地面站考试真题（2026年1月-6月）/空域限制或地形限制题型/空域限制或地形限制题-考试条件提取.docx,98,175,916,北京01考场,北京,01考场,2026-04-19,5,经纬度换算;航向方位判断;空域地形限制处理;速度高度参数设置;转弯停留循环设置;几何图形航线规划;起飞返航点定位;题型:空域限制或地形限制,doc_condition_count_mismatch;doc_page_count_mismatch;source_gap,"北京01考场地面站真题 | 日期：2026.04.19
(一) 按图规划一个闭合的任务航线并循环执行，①③、②③、 ②④、①④边长为300米，①点相对地面高度为a,②点相对地面高度 为b,③点相对地面高度为c,④点相对地面高度为d,水平速度为e, 垂直速度为f，转弯模式为停止转弯，停留时间2s；
(二) a值为20米，b值为25米，c值为30m,d值为20m, e值为2m/s,f值为2m/s。
一、 起飞点经纬度： N:36.2547° E:114.4306°
二、 由于空域限制，飞机 不能由起飞点直飞任务 航线的航点1，需先向NW 方向平飞560米，再向NE 方向平飞630米，到达任 务航线的航点1。
三、 当地风向：SE,航点 3→2航向为逆风"
gsec_ea6d3062e383,qbank_7cb07e6ab374,doc_22c25c38d6d8,实操题库_地面站考试条件_2026H1_空域限制或地形限制题型.txt_98,实操题库_地面站考试条件_2026H1_空域限制或地形限制题型.txt,2026H1,2026H1,2026-01-01,2026-06-30,CAAC执照考试地面站实操真题考试条件,空域限制或地形限制题型,空域限制或地形限制题-考试条件提取.docx,地面站考试真题（2026年1月-6月）/空域限制或地形限制题型/空域限制或地形限制题-考试条件提取.docx,99,175,916,山东04考场,山东,04考场,2026-04-20,5,经纬度换算;航向方位判断;空域地形限制处理;速度高度参数设置;转弯停留循环设置;几何图形航线规划;起飞返航点定位;题型:空域限制或地形限制,doc_condition_count_mismatch;doc_page_count_mismatch;source_gap,"山东04考场地面站真题 | 日期：2026.04.20
(一) 按图规划一个闭合的任务航线不循环执行，①③、②③、 ②④、①④边长为300米，①点相对地面高度为a,②点相对地面高 度为b，③点相对地面高度为c，④点相对地面高度为d，水平速 度为e，垂直速度为f，转弯模式为停止转弯，停留时间9s;
(二) a值为22米，b值为26米，c值为28m,d值为30m, e值为9m/s,f值为4m/s。
一、 起飞点经纬度： N:28°09'10” E:115°26′52”
二： 由于空域限制，飞机不 能由起飞点直飞任务航线的 航点1，需由起飞点起飞先向 东南方向平飞1600米，再向 西南方向平飞700米，到达任 务航线的航点1。
三： 如图所示任务航点1到2 航向西偏南25°"
gsec_d0a5e5277497,qbank_7cb07e6ab374,doc_22c25c38d6d8,实操题库_地面站考试条件_2026H1_空域限制或地形限制题型.txt_99,实操题库_地面站考试条件_2026H1_空域限制或地形限制题型.txt,2026H1,2026H1,2026-01-01,2026-06-30,CAAC执照考试地面站实操真题考试条件,空域限制或地形限制题型,空域限制或地形限制题-考试条件提取.docx,地面站考试真题（2026年1月-6月）/空域限制或地形限制题型/空域限制或地形限制题-考试条件提取.docx,100,175,916,广东01考场,广东,01考场,2026-04-21,5,经纬度换算;航向方位判断;夹角计算;空域地形限制处理;速度高度参数设置;转弯停留循环设置;几何图形航线规划;起飞返航点定位;题型:空域限制或地形限制,doc_condition_count_mismatch;doc_page_count_mismatch;source_gap,"广东01考场地面站真题 | 日期：2026.04.21
(一) 规划一个闭合等腰直角三角形，闭合点高度与①号点保持一致，不 循环执行，①②边长为a1，①③边长为a2，∠①为直角，航点①点相对地 面高度为a2，②点相对地面高度为b，垂直速度为d，转弯方式为停止转 弯，停留时间5S;
(二) a1、a2值为50米，b值为50米，c水平速度为3ms,d值为2m/s。
一、 起飞点经纬度： 3 N:22°19'03"" E:114°1602""
二、 由于空域限制， 飞机不能由起飞点直 飞任务航线的航点1， 需先向NE方向平飞 1000米，再向SE方向 平飞500米，到达任务 航线的航点1。
三、 航点3-2航向角为 南偏东25°"
gsec_2cf642d71e19,qbank_7cb07e6ab374,doc_22c25c38d6d8,实操题库_地面站考试条件_2026H1_空域限制或地形限制题型.txt_100,实操题库_地面站考试条件_2026H1_空域限制或地形限制题型.txt,2026H1,2026H1,2026-01-01,2026-06-30,CAAC执照考试地面站实操真题考试条件,空域限制或地形限制题型,空域限制或地形限制题-考试条件提取.docx,地面站考试真题（2026年1月-6月）/空域限制或地形限制题型/空域限制或地形限制题-考试条件提取.docx,101,175,916,广东01考场,广东,01考场,2026-04-21,5,经纬度换算;航向方位判断;空域地形限制处理;速度高度参数设置;转弯停留循环设置;几何图形航线规划;起飞返航点定位;题型:空域限制或地形限制,doc_condition_count_mismatch;doc_page_count_mismatch;ocr_possible_typo;source_gap,"广东01考场地面站真题 | 日期：2026.04.21
(一) 按图规划一个闭合的任务航线不循环执行，①③、②③、 ②④、①④边长为300米，①点相对地面高度为a，②点相对地面高 度为b,③点相对地面高度为c，④点相对地面高度为d，水平速 度为e，垂直速度为f，转弯模式为停止转弯，停留时间9s;
(二) a值为22米，b值为26米，c值为28m,d值为30m, e值为9m/s,f值为4m/s。
一、 起飞点经纬度： N:28°09′10” E:115°26'52”
二、 由于空域限制，飞机不 能由起飞点直飞任务航线的 航点1，需由起飞点起飞先向 东南方向平飞1600米，再向 西南方向平飞700米，到达 任务航线的航点1。
三、 如图所以任务航点1到2 航向西偏南25度"
gsec_bea7c0b63797,qbank_7cb07e6ab374,doc_22c25c38d6d8,实操题库_地面站考试条件_2026H1_空域限制或地形限制题型.txt_101,实操题库_地面站考试条件_2026H1_空域限制或地形限制题型.txt,2026H1,2026H1,2026-01-01,2026-06-30,CAAC执照考试地面站实操真题考试条件,空域限制或地形限制题型,空域限制或地形限制题-考试条件提取.docx,地面站考试真题（2026年1月-6月）/空域限制或地形限制题型/空域限制或地形限制题-考试条件提取.docx,102,175,916,广东01考场,广东,01考场,2026-04-21,5,经纬度换算;航向方位判断;夹角计算;空域地形限制处理;速度高度参数设置;转弯停留循环设置;几何图形航线规划;起飞返航点定位;题型:空域限制或地形限制,doc_condition_count_mismatch;doc_page_count_mismatch;ocr_possible_typo;source_gap,"广东01考场地面站真题 | 日期：2026.04.21
(一) 按图规划一个闭合的任务航线不循环执行，闭合点高度 与①号点保持一致，①③、②③、②④、①④边长为300米，①点相 对地面高度为a，②点相对地面高度为b，③点相对地面高度为c, ④点相对地面高度为d，水平速度为e，垂直速度为f，转弯模式 为停止转弯，停留时间9s；
(二) a值为30米，b值为35米，c值为40m,d值为25m, e值为2m/s,f值为2m/s。
一、 起飞点经纬度： N:22°09'10"" E:114°26'52""
二、 由于空域限制，飞机不 能由起飞点直飞任务航线的 航点1，需由起飞点起飞先向 南方向平飞1000米，再向东 方向平飞300米，到达任务航 线的航点1。
三、 如图所以任务航点4到3 航向角105°"
gsec_51737fcdefeb,qbank_7cb07e6ab374,doc_22c25c38d6d8,实操题库_地面站考试条件_2026H1_空域限制或地形限制题型.txt_102,实操题库_地面站考试条件_2026H1_空域限制或地形限制题型.txt,2026H1,2026H1,2026-01-01,2026-06-30,CAAC执照考试地面站实操真题考试条件,空域限制或地形限制题型,空域限制或地形限制题-考试条件提取.docx,地面站考试真题（2026年1月-6月）/空域限制或地形限制题型/空域限制或地形限制题-考试条件提取.docx,103,175,916,山西01考场,山西,01考场,2026-04-21,5,经纬度换算;航向方位判断;夹角计算;空域地形限制处理;速度高度参数设置;转弯停留循环设置;几何图形航线规划;起飞返航点定位;题型:空域限制或地形限制,doc_condition_count_mismatch;doc_page_count_mismatch;source_gap,"山西01考场地面站真题 | 日期：2026.04.21
(一) 与 的相对方位由委任代表根据现场环境 等情况进行决定。规划一个等边三角形不循环，边长为a，所有航线相对地面 高度为b,水平速度为c,垂直速度为d，转弯方式为停止转弯，停留时间5s;
(二) a值为50米，b值为50米，c值为3m/s,d值为2m/s。
1、 起飞点经纬度： N:25°18′36.36” E:113°12'39.6”
2、 由于空域限制，飞 机不能由起飞点直飞 任务航线的航点1，需 先向SW方向平飞1000米 再向北偏西60°方 向平飞500米，到达任 务航线的航点1。
3、 2-1航向为135°"
gsec_b91e2f27ced8,qbank_7cb07e6ab374,doc_22c25c38d6d8,实操题库_地面站考试条件_2026H1_空域限制或地形限制题型.txt_103,实操题库_地面站考试条件_2026H1_空域限制或地形限制题型.txt,2026H1,2026H1,2026-01-01,2026-06-30,CAAC执照考试地面站实操真题考试条件,空域限制或地形限制题型,空域限制或地形限制题-考试条件提取.docx,地面站考试真题（2026年1月-6月）/空域限制或地形限制题型/空域限制或地形限制题-考试条件提取.docx,104,175,916,山西01考场,山西,01考场,2026-04-21,5,经纬度换算;航向方位判断;夹角计算;空域地形限制处理;速度高度参数设置;转弯停留循环设置;几何图形航线规划;起飞返航点定位;题型:空域限制或地形限制,doc_condition_count_mismatch;doc_page_count_mismatch;source_gap,"山西01考场地面站真题 | 日期：2026.04.21
(一) 与 的相对方位由委任代表根 据现场环境等情况进行决定。按图规划一个闭合的任务航线不循环 执行，①③、②③、②④、①④边长为300米，①点相对地面高度为 a,②点相对地面高度为b,③点相对地面高度为c，④点相对地面 高度为d，水平速度为e，垂直速度为f，转弯模式为停止转弯， 停留时间2s；
(二) a值为20米，b值为25米，c值为30m,d值为20m, e值为2m/s,f值为2m/s
1、 起飞点经纬度： N:25°29'37.47"" E:105°48′32”
2、 由于空域限制，飞机 不能由起飞点直飞任务 航线的航点1，需由起飞 点起飞先向东偏南10° 方向平飞1200米，再向 西南方向平飞500米，到 达任务航线的航点1。
3、 如图所示任务航点3 4航向角225°"
gsec_3f9a812f992e,qbank_7cb07e6ab374,doc_22c25c38d6d8,实操题库_地面站考试条件_2026H1_空域限制或地形限制题型.txt_104,实操题库_地面站考试条件_2026H1_空域限制或地形限制题型.txt,2026H1,2026H1,2026-01-01,2026-06-30,CAAC执照考试地面站实操真题考试条件,空域限制或地形限制题型,空域限制或地形限制题-考试条件提取.docx,地面站考试真题（2026年1月-6月）/空域限制或地形限制题型/空域限制或地形限制题-考试条件提取.docx,105,175,916,云南01考场,云南,01考场,2026-04-22,7,经纬度换算;航向方位判断;夹角计算;空域地形限制处理;速度高度参数设置;转弯停留循环设置;几何图形航线规划;起飞返航点定位;题型:空域限制或地形限制,doc_condition_count_mismatch;doc_page_count_mismatch;source_gap,"云南01考场地面站真题 | 日期：2026.04.22
(一) 与 的相对方位由委任代表根据 现场环境等情况进行决定。于起飞前规划一个等腰直角三角形并 循环执行，①②边长为a1,①③边长为a2,∠①为直角，航线相对 地面高度b,水平速度为c，垂直速度为d，转弯方式为停止转弯， 停留时间不要求；
(二) a1、a2值建议为30米，b值建议为30米，c值建议 为3m/s,d值建议为1m/s。(航线方位及各数值可由委任代表按实 际情况进行调整，考题以委任代表规定数值为准)
1、 由于空域限制，无人 机需先向东北方向平飞 300米，再向西北方向 平飞600米，到达①点
2、 ③-②航点航向为 西南方向
3、 起飞点经纬度： N:40°21'33” E:130°21'33”
4、 ②③航点高度101m, 其余高88m
5、 协调转弯，闭合航线， 循环4次"
gsec_66637e62bbb4,qbank_7cb07e6ab374,doc_22c25c38d6d8,实操题库_地面站考试条件_2026H1_空域限制或地形限制题型.txt_105,实操题库_地面站考试条件_2026H1_空域限制或地形限制题型.txt,2026H1,2026H1,2026-01-01,2026-06-30,CAAC执照考试地面站实操真题考试条件,空域限制或地形限制题型,空域限制或地形限制题-考试条件提取.docx,地面站考试真题（2026年1月-6月）/空域限制或地形限制题型/空域限制或地形限制题-考试条件提取.docx,106,175,916,云南01考场,云南,01考场,2026-04-22,6,经纬度换算;航向方位判断;夹角计算;空域地形限制处理;速度高度参数设置;转弯停留循环设置;几何图形航线规划;起飞返航点定位;题型:空域限制或地形限制,doc_condition_count_mismatch;doc_page_count_mismatch;source_gap,"云南01考场地面站真题 | 日期：2026.04.22
(一) 与 的相对方位由委任代表根据 现场环境等情况进行决定。于起飞前规划一个等腰直角三角形并 循环执行，①②边长为a1,①③边长为a2,∠①为直角，航线相对 地面高度b,水平速度为c，垂直速度为d，转弯方式为停止转弯， 停留时间不要求；
(二) a1、a2值建议为30米，b值建议为30米，c值建议 为3m/s,d值建议为1m/s。(航线方位及各数值可由委任代表按实 际情况进行调整，考题以委任代表规定数值为准)
1、 由于空域限制，飞 机需先向东北方向平飞 机需先向东北方向平飞 160米，再向西北方向 平飞202米，到达①点
2、 ③-②航点航向为东北方向
3、 起飞点经纬度： N:40°12'45” E:100°22'33""
4、 闭合航线，循环4次"
gsec_62bdab774f19,qbank_7cb07e6ab374,doc_22c25c38d6d8,实操题库_地面站考试条件_2026H1_空域限制或地形限制题型.txt_106,实操题库_地面站考试条件_2026H1_空域限制或地形限制题型.txt,2026H1,2026H1,2026-01-01,2026-06-30,CAAC执照考试地面站实操真题考试条件,空域限制或地形限制题型,空域限制或地形限制题-考试条件提取.docx,地面站考试真题（2026年1月-6月）/空域限制或地形限制题型/空域限制或地形限制题-考试条件提取.docx,107,175,916,云南01考场,云南,01考场,2026-04-22,6,经纬度换算;航向方位判断;空域地形限制处理;速度高度参数设置;转弯停留循环设置;几何图形航线规划;起飞返航点定位;题型:空域限制或地形限制,doc_condition_count_mismatch;doc_page_count_mismatch;source_gap,"云南01考场地面站真题 | 日期：2026.04.22
(一) 与 的相对方位由委任代表根据 现场环境等情况进行决定。于起飞点前规划一个六边形并循环执行， 边长为a，①②③航点相对地面高度为b,④⑤⑥航点相对地面高度 为c,水平速度为d,垂直速度为e,转弯方式为停止转弯，各点停 留时间为f;
(二) a值为建议30米（误差≤±3米），b值建议为25米， c值建议为30m,d值建议为2m/s,e值建议为1m/s,f值建议为 2s。(航线方位及各数值可由委任代表按实际情况进行调整，考题以 委任代表规定数值为准)
1、 由于空域限制，飞 机需先向东北方向平飞 160米，再向西北方向 平飞202米，到达①点
2、 ③-②航点航向为 东北方向
3、 起飞点经纬度： N:30°23'45” E:100°22'33""
4、 闭合航线，循环4次"
gsec_dda6c256bba4,qbank_7cb07e6ab374,doc_22c25c38d6d8,实操题库_地面站考试条件_2026H1_空域限制或地形限制题型.txt_107,实操题库_地面站考试条件_2026H1_空域限制或地形限制题型.txt,2026H1,2026H1,2026-01-01,2026-06-30,CAAC执照考试地面站实操真题考试条件,空域限制或地形限制题型,空域限制或地形限制题-考试条件提取.docx,地面站考试真题（2026年1月-6月）/空域限制或地形限制题型/空域限制或地形限制题-考试条件提取.docx,108,175,916,云南01考场,云南,01考场,2026-04-22,5,经纬度换算;航向方位判断;空域地形限制处理;速度高度参数设置;转弯停留循环设置;起飞返航点定位;题型:空域限制或地形限制,doc_condition_count_mismatch;doc_page_count_mismatch;source_gap,"云南01考场地面站真题 | 日期：2026.04.22
(一) 与 的相对方位由委任代表根据 现场环境等情况进行决定。按图于起飞点前规划扫描航线。航线长度 为a,航线间隔为b,航线相对地面高度为c,水平速度为d,垂直 速度为e，转弯模式为停止转弯，停留时间不作要求；
(二) a值建议为30米（误差≤±3米），b值建议为10米， (误差≤±1米)，c建议为30m,d值建议为3m/s。e值建议 为1m/s。(航线方位及各数值可由委任代表按实际情况进行调整， 考题以委任代表规定数值为准)
1、 由于空域限制，飞 机需先向东北方向平飞 机需先向东北方向平飞 100米再向西北方向 平飞200米，到达①点
2、 ③-②航点航向为西北方向
3、 起飞点经纬度： N:40°12'45 E:130°21'33”"
gsec_bf3948593ab0,qbank_7cb07e6ab374,doc_22c25c38d6d8,实操题库_地面站考试条件_2026H1_空域限制或地形限制题型.txt_108,实操题库_地面站考试条件_2026H1_空域限制或地形限制题型.txt,2026H1,2026H1,2026-01-01,2026-06-30,CAAC执照考试地面站实操真题考试条件,空域限制或地形限制题型,空域限制或地形限制题-考试条件提取.docx,地面站考试真题（2026年1月-6月）/空域限制或地形限制题型/空域限制或地形限制题-考试条件提取.docx,109,175,916,云南01考场,云南,01考场,2026-04-22,7,经纬度换算;航向方位判断;空域地形限制处理;速度高度参数设置;转弯停留循环设置;起飞返航点定位;题型:空域限制或地形限制,doc_condition_count_mismatch;doc_page_count_mismatch;source_gap,"云南01考场地面站真题 | 日期：2026.04.22
(一) 与 的相对方位由委任代表根据 现场环境等情况进行决定。按图于起飞点前规划扫描航线。航线长度 为a,航线间隔为b,航线相对地面高度为e,水平速度为d,垂直 速度为e，转弯模式为停止转弯，停留时间不作要求；
(二) a值建议为30米（误差≤±3米），b值建议为10米， (误差≤士1米)，e建议为30m，d值建议为3m/s。e值建议 为1m/s。(航线方位及各数值可由委任代表按实际情况进行调整， 考题以委任代表规定数值为准)
1、 由于空域限制，飞 机需先向东北方向平飞 300米，再向西北方向 平飞600米，到达①点
2、 ③-②航点航向为 西南方向
3、 起飞点经纬度： N:40°21'33” E:130°21'33”
4、 ③④航点高度101m, 其余高88m
5、 协调转弯，闭合航线， 循环3次"
gsec_6d996cd209a5,qbank_7cb07e6ab374,doc_22c25c38d6d8,实操题库_地面站考试条件_2026H1_空域限制或地形限制题型.txt_109,实操题库_地面站考试条件_2026H1_空域限制或地形限制题型.txt,2026H1,2026H1,2026-01-01,2026-06-30,CAAC执照考试地面站实操真题考试条件,空域限制或地形限制题型,空域限制或地形限制题-考试条件提取.docx,地面站考试真题（2026年1月-6月）/空域限制或地形限制题型/空域限制或地形限制题-考试条件提取.docx,110,175,916,云南01考场,云南,01考场,2026-04-22,7,经纬度换算;航向方位判断;夹角计算;空域地形限制处理;速度高度参数设置;转弯停留循环设置;几何图形航线规划;起飞返航点定位;题型:空域限制或地形限制,doc_condition_count_mismatch;doc_page_count_mismatch;source_gap,"云南01考场地面站真题 | 日期：2026.04.22
(一) 与 的相对方位由委任代表根据 现场环境等情况进行决定。按图于起飞点前规划一个五边形并循环执 行，①②边及②③边的边长为a,∠②=∠④=∠①为90°，航线相 对地面高度为b，一水平速度为c，垂直速度为d，转弯模式为停止 转弯，各点停留时间为e÷
(二) a值建议为30米，b值建议为30米，c值建议为 3m/s,d建议为1m/s,e值建议为2s。(航线方位及各数值可由 委任代表按实际情况进行调整，考题以委任代表规定数值为准)
1、 由于空域限制，无人 机需先向东北方向平飞 300米，再向西北方向 平飞600米，到达①点
2、 ③-②航点航向为 西南方向
3、 起飞点经纬度： N:40°21'23” E:130°21'33”
4、 ③④航点高度101m, 其余高88m
5、 协调转弯，闭合航线， 循环3次"
gsec_c02967e75bcb,qbank_7cb07e6ab374,doc_22c25c38d6d8,实操题库_地面站考试条件_2026H1_空域限制或地形限制题型.txt_110,实操题库_地面站考试条件_2026H1_空域限制或地形限制题型.txt,2026H1,2026H1,2026-01-01,2026-06-30,CAAC执照考试地面站实操真题考试条件,空域限制或地形限制题型,空域限制或地形限制题-考试条件提取.docx,地面站考试真题（2026年1月-6月）/空域限制或地形限制题型/空域限制或地形限制题-考试条件提取.docx,111,175,916,云南01考场,云南,01考场,2026-04-22,6,经纬度换算;航向方位判断;夹角计算;空域地形限制处理;速度高度参数设置;转弯停留循环设置;几何图形航线规划;起飞返航点定位;题型:空域限制或地形限制,doc_condition_count_mismatch;doc_page_count_mismatch;source_gap,"云南01考场地面站真题 | 日期：2026.04.22
(一) 与 的相对方位由委任代表根据 现场环境等情况进行决定。按图于起飞点前规划一个五边形并循环执 行，①②边及②③边的边长为a,∠②=∠④=∠①为90°，航线相 对地面高度为b，水平速度为c，垂直速度为d，转弯模式为停止 转弯，各点停留时间为e；
(二) a值建议为30米，b值建议为30米，c值建议为 3m/s,d建议为1m/s,e值建议为2s。(航线方位及各数值可由 委任代表按实际情况进行调整，考题以委任代表规定数值为准)
1、 由于空域限制，无人 机需先向东北方向平飞 160米，再向西北方向 平飞202米，到达①点
2、 ③-②航点航向为 东北方向
3、 起飞点经纬度： N:30°23′45” E:100°22'33""
4、 闭合航线，循环4次"
gsec_f9a3d2d432c0,qbank_7cb07e6ab374,doc_22c25c38d6d8,实操题库_地面站考试条件_2026H1_空域限制或地形限制题型.txt_111,实操题库_地面站考试条件_2026H1_空域限制或地形限制题型.txt,2026H1,2026H1,2026-01-01,2026-06-30,CAAC执照考试地面站实操真题考试条件,空域限制或地形限制题型,空域限制或地形限制题-考试条件提取.docx,地面站考试真题（2026年1月-6月）/空域限制或地形限制题型/空域限制或地形限制题-考试条件提取.docx,113,175,916,云南01考场,云南,01考场,2026-04-22,7,经纬度换算;航向方位判断;空域地形限制处理;速度高度参数设置;转弯停留循环设置;几何图形航线规划;起飞返航点定位;题型:空域限制或地形限制,doc_condition_count_mismatch;doc_page_count_mismatch;source_gap,"云南01考场地面站真题 | 日期：2026.04.22
(一) 与 的相对方位由委任代表根据 现场环境等情况进行决定。按图于起飞点前规划一个闭合图形并循环 执行，各点之间距离不小于20米，④点相对手地面高度为a，②点相 对地面高度为b,③点相对地面高度为€，④点相对地面高度为， 水平速度为，垂直速度为f，转弯模式为停止转弯，停留时闻不作 要求
(二) a值建议为20米，b值建议为25米，c值建议为30m, d值建议为25m,e值建议为2m/s,f值建议为1m/s。(航线方位 及各数值可由委任代表按实际情况进行调整，考题以委任代表规定数 值为准)
1、 由于空域限制，飞 机需先向东北方向平飞 300米，再向西北方向 平飞600米，到达①点
2、 ③-②航点航向为 西南方向
3、 起飞点经纬度： N:40°21'33” E:130°21'33”
4、 ③④航点高度101m, ①②高度88m
5、 协调转弯，闭合航线， 循环3次"
gsec_bfc69a05405f,qbank_7cb07e6ab374,doc_22c25c38d6d8,实操题库_地面站考试条件_2026H1_空域限制或地形限制题型.txt_112,实操题库_地面站考试条件_2026H1_空域限制或地形限制题型.txt,2026H1,2026H1,2026-01-01,2026-06-30,CAAC执照考试地面站实操真题考试条件,空域限制或地形限制题型,空域限制或地形限制题-考试条件提取.docx,地面站考试真题（2026年1月-6月）/空域限制或地形限制题型/空域限制或地形限制题-考试条件提取.docx,114,175,916,河南01考场,河南,01考场,2026-04-17,5,经纬度换算;航向方位判断;夹角计算;空域地形限制处理;速度高度参数设置;转弯停留循环设置;几何图形航线规划;起飞返航点定位;题型:空域限制或地形限制,doc_condition_count_mismatch;doc_page_count_mismatch;source_gap,"河南01考场地面站真题 | 日期：2026.04.17
(一) 按图规划一个闭合的任务航线不循环执行，①③、②③、 ②④、①④边长为300米，①点相对地面高度为a,②点相对地面高 度为b，③点相对地面高度为c，④点相对地面高度为d，水平速 度为e，垂直速度为f，转弯模式为协调转弯；
(二) a值为20米，b值为25米，c值为30m,d值为20m, e值为4m/s,f值为2m/s。
一、 起飞点经纬度： N:27°10'19” E:113°24'51""
二： 由于空域限制，飞机不 能由起飞点直飞任务航线的 航点1，需由起飞点起飞先向 西南方向平飞1200米，再向 东南方向平飞500米，到达任 务航线的航点1。
三： 如图所示任务航点1到2 航向角35°"
gsec_e90948a0836c,qbank_7cb07e6ab374,doc_22c25c38d6d8,实操题库_地面站考试条件_2026H1_空域限制或地形限制题型.txt_113,实操题库_地面站考试条件_2026H1_空域限制或地形限制题型.txt,2026H1,2026H1,2026-01-01,2026-06-30,CAAC执照考试地面站实操真题考试条件,空域限制或地形限制题型,空域限制或地形限制题-考试条件提取.docx,地面站考试真题（2026年1月-6月）/空域限制或地形限制题型/空域限制或地形限制题-考试条件提取.docx,115,175,916,江苏01考场,江苏,01考场,2026-04-22,5,经纬度换算;航向方位判断;夹角计算;速度高度参数设置;转弯停留循环设置;几何图形航线规划;起飞返航点定位;题型:空域限制或地形限制,doc_condition_count_mismatch;doc_page_count_mismatch;source_gap,"江苏01考场地面站真题 | 日期：2026.04.22
(一) 与 的相对方位由委任代表根据 现场环境等情况进行决定。于起飞点前规划一个等腰直角三角形并循 环执行，①②边长为a1,①③边长为a2,∠①为直角，航线相对地 面高度b，水平速度为℃，转弯方式为停止转弯，停留时间不作 要求；
(二) a1、a2值为30米，b值为30米，c值为3m/s。 (航线方位及各数值可由委任代表按实际情况进行调整，考题以 委任代表规定数值为准)
1、 起飞点经纬度： N:36.1217° E:114.3247°
2、 无人机起飞先向NW飞 300米，再向SW飞500米 达到①点
3、 ③点位于②点西偏南 20°"
gsec_58db7799672a,qbank_7cb07e6ab374,doc_22c25c38d6d8,实操题库_地面站考试条件_2026H1_空域限制或地形限制题型.txt_114,实操题库_地面站考试条件_2026H1_空域限制或地形限制题型.txt,2026H1,2026H1,2026-01-01,2026-06-30,CAAC执照考试地面站实操真题考试条件,空域限制或地形限制题型,空域限制或地形限制题-考试条件提取.docx,地面站考试真题（2026年1月-6月）/空域限制或地形限制题型/空域限制或地形限制题-考试条件提取.docx,116,175,916,江苏01考场,江苏,01考场,2026-04-22,5,经纬度换算;航向方位判断;夹角计算;速度高度参数设置;转弯停留循环设置;几何图形航线规划;起飞返航点定位;题型:空域限制或地形限制,doc_condition_count_mismatch;doc_page_count_mismatch;source_gap,"江苏01考场地面站真题 | 日期：2026.04.22
(一) 与 的相对方位由委任代表根据 现场环境等情况进行决定。于起飞点前规划一个等边三角形并循环执 行，边长为a，航线相对地面高度为b，转弯方式为停止转弯，停 留时间不作要求；
(二) a值为30米，b值为30米。（航线方位及各数值可由 委任代表按实际情况进行调整，考题以委任代表规定数值为准)
1、 起飞点经纬度： N:36.1217° E:114.3247°
2、 无人机起飞先向NW飞 300米，再向SW飞500米 达到①点
3、 ③点位于②点西偏南 20°"
gsec_e282b515fff7,qbank_7cb07e6ab374,doc_22c25c38d6d8,实操题库_地面站考试条件_2026H1_空域限制或地形限制题型.txt_115,实操题库_地面站考试条件_2026H1_空域限制或地形限制题型.txt,2026H1,2026H1,2026-01-01,2026-06-30,CAAC执照考试地面站实操真题考试条件,空域限制或地形限制题型,空域限制或地形限制题-考试条件提取.docx,地面站考试真题（2026年1月-6月）/空域限制或地形限制题型/空域限制或地形限制题-考试条件提取.docx,117,175,916,江苏01考场,江苏,01考场,2026-04-22,4,经纬度换算;航向方位判断;速度高度参数设置;转弯停留循环设置;起飞返航点定位;题型:空域限制或地形限制,doc_condition_count_mismatch;doc_page_count_mismatch;source_gap,"江苏01考场地面站真题 | 日期：2026.04.22
(一) 与 的相对方位由委任代表根据 现场环境等情况进行决定。按图于起飞点前规划扫描航线。航线长度 为a,航线间隔为b,航线相对地面高度为c,水平速度为d,转弯 模式为停止转弯，停留时间不作要求；
(二) a值为30米（误差≤±3米），b值为10米，（误差 ≤±1米)，c为30m,d值为3m/s。 (航线方位及各数值 可由变任代表按实际情况进行调整，考题以委任代表规定数值为准)
1、 起飞点经纬度： N:28°39'23” E:115°56'32”
2、 无人机起飞先向 NE飞360米，再向SE 飞680米，达到①点"
gsec_933faa2d3761,qbank_7cb07e6ab374,doc_22c25c38d6d8,实操题库_地面站考试条件_2026H1_空域限制或地形限制题型.txt_116,实操题库_地面站考试条件_2026H1_空域限制或地形限制题型.txt,2026H1,2026H1,2026-01-01,2026-06-30,CAAC执照考试地面站实操真题考试条件,空域限制或地形限制题型,空域限制或地形限制题-考试条件提取.docx,地面站考试真题（2026年1月-6月）/空域限制或地形限制题型/空域限制或地形限制题-考试条件提取.docx,118,175,916,江苏01考场,江苏,01考场,2026-04-22,4,经纬度换算;航向方位判断;夹角计算;速度高度参数设置;转弯停留循环设置;几何图形航线规划;起飞返航点定位;题型:空域限制或地形限制,doc_condition_count_mismatch;doc_page_count_mismatch;source_gap,"江苏01考场地面站真题 | 日期：2026.04.22
(一) 与 的相对方位由委任代表根据 现场环境等情况进行决定。按图于起飞点前规划一个五边形并循环执 行，①②边及②③边的边长为a,∠②=∠④=∠①为90°，航线相 对地面高度为b，水平速度为c，转弯模式为停止转弯，各点停留 时间为e;
(二) a值为30米，b值为30米，c值为3m/s,e值 为2s。 (航线方位及各数值可由委任代表按实际情况进行调整， 考题以委任代表规定数值为准)
1、 起飞点经纬度： N:28°39′23” E:115°5632""
2、 无人机起飞先向NE飞 360米，再向SE飞680米 达到①点 SW"
gsec_991eea46fc58,qbank_7cb07e6ab374,doc_22c25c38d6d8,实操题库_地面站考试条件_2026H1_空域限制或地形限制题型.txt_117,实操题库_地面站考试条件_2026H1_空域限制或地形限制题型.txt,2026H1,2026H1,2026-01-01,2026-06-30,CAAC执照考试地面站实操真题考试条件,空域限制或地形限制题型,空域限制或地形限制题-考试条件提取.docx,地面站考试真题（2026年1月-6月）/空域限制或地形限制题型/空域限制或地形限制题-考试条件提取.docx,119,175,916,江西02考场,江西,02考场,2026-04-23,5,经纬度换算;航向方位判断;夹角计算;空域地形限制处理;速度高度参数设置;转弯停留循环设置;几何图形航线规划;起飞返航点定位;题型:空域限制或地形限制,doc_condition_count_mismatch;doc_page_count_mismatch;source_gap,"江西02考场地面站真题 | 日期：2026.04.23
(一） 规划一个闭合等腰直角三角形，闭合点高度与①号点保持一致，不 循环执行，①②边长为a1，①③边长为a2,∠①为直角，航点相对地面高度为 b,水平速度为c,垂直速度为d，转弯方式为停止转弯，停留时间5S;
(二) a1、a2值为50米，b值为50米，c值为3m/s,d值为2m/s。
一、 起飞点经纬度： N:22°19′03” E:114°16'02”
二、 由于空域限制， 飞机不能由起飞点直 飞任务航线的航点1， 需先向NE方向平飞 1000米，再向SE方向 平飞500米，到达任务 航线的航点1。
三、 航点3位于航点2 南偏东25°"
gsec_f0d0b3783fb0,qbank_7cb07e6ab374,doc_22c25c38d6d8,实操题库_地面站考试条件_2026H1_空域限制或地形限制题型.txt_118,实操题库_地面站考试条件_2026H1_空域限制或地形限制题型.txt,2026H1,2026H1,2026-01-01,2026-06-30,CAAC执照考试地面站实操真题考试条件,空域限制或地形限制题型,空域限制或地形限制题-考试条件提取.docx,地面站考试真题（2026年1月-6月）/空域限制或地形限制题型/空域限制或地形限制题-考试条件提取.docx,120,175,916,江西02考场,江西,02考场,2026-04-23,5,经纬度换算;空域地形限制处理;速度高度参数设置;转弯停留循环设置;几何图形航线规划;起飞返航点定位;题型:空域限制或地形限制,doc_condition_count_mismatch;doc_page_count_mismatch;ocr_possible_typo;source_gap,"江西02考场地面站真题 | 日期：2026.04.23
(一) 按图规划一个闭合的任务航线不循环执行，闭合点高度 与①号点保持一致，①③、②③、②④、①④边长为300米，①点相 对地面高度为a，②点相对地面高度为b,③点相对地面高度为c, ④点相对地面高度为d，水平速度为e，垂直速度为f，转弯模式 为停止转弯，停留时间4s;
(二) a值为30米，b值为35米，c值为40m,d值为25m, e值为2m/s,f值为2m/s。
一、 起飞点经纬度： N:22°09'10” E:114°26′52”
二、 由于空域限制，飞机不 能由起飞点直飞任务航线的 航点1，需由起飞点起飞先向 南方向平飞800米，再向西方 向平飞400米，到达任务航线 的航点1。
三、 如图所以任务航点2位于 航点1南偏西15°"
gsec_e5ce363af461,qbank_7cb07e6ab374,doc_22c25c38d6d8,实操题库_地面站考试条件_2026H1_空域限制或地形限制题型.txt_119,实操题库_地面站考试条件_2026H1_空域限制或地形限制题型.txt,2026H1,2026H1,2026-01-01,2026-06-30,CAAC执照考试地面站实操真题考试条件,空域限制或地形限制题型,空域限制或地形限制题-考试条件提取.docx,地面站考试真题（2026年1月-6月）/空域限制或地形限制题型/空域限制或地形限制题-考试条件提取.docx,121,175,916,重床02考场,重床,02考场,2026-04-25,5,经纬度换算;航向方位判断;空域地形限制处理;速度高度参数设置;转弯停留循环设置;几何图形航线规划;起飞返航点定位;题型:空域限制或地形限制,doc_condition_count_mismatch;doc_page_count_mismatch;source_gap,"重床02考场地面站真题 | 日期：2026.04.25
(一) 规划一个闭合六边形并循环执行，边长为a,①②③航点 相对地面高度为b，④⑤⑥航点相对地面高度为c，水平速度为d, 垂直速度为e,转弯方式为协调转弯；
(二) a值为500米，b值为30米，c值为25m,d值为4m/s, e值为2m/s。
一、 起飞点经纬度： N:31°09′16”E:111°20'03""
二、 由于空域限制，飞 机不能由起飞点直飞任务航线的航点1，需先向 NE方向平飞370米，再 向NW方向平飞560米，到达任务航线的航点1
三、 当地风向：SW,航 点3→2航向为逆风"
gsec_7595bb39b6a3,qbank_7cb07e6ab374,doc_22c25c38d6d8,实操题库_地面站考试条件_2026H1_空域限制或地形限制题型.txt_120,实操题库_地面站考试条件_2026H1_空域限制或地形限制题型.txt,2026H1,2026H1,2026-01-01,2026-06-30,CAAC执照考试地面站实操真题考试条件,空域限制或地形限制题型,空域限制或地形限制题-考试条件提取.docx,地面站考试真题（2026年1月-6月）/空域限制或地形限制题型/空域限制或地形限制题-考试条件提取.docx,122,175,916,重庆02考场,重庆,02考场,2026-04-25,5,经纬度换算;航向方位判断;空域地形限制处理;速度高度参数设置;转弯停留循环设置;几何图形航线规划;起飞返航点定位;题型:空域限制或地形限制,doc_condition_count_mismatch;doc_page_count_mismatch;source_gap,"重庆02考场地面站真题 | 日期：2026.04.25
(一) 按图规划一个闭合的任务航线并循环执行，①③、②③、 ②④、①④边长为300米，①点相对地面高度为a,②点相对地面高 度为b，③点相对地面高度为c，④点相对地面高度为d，水平速 度为e,垂直速度为f，转弯模式为停止转弯，停留时间6s(或13s)；
(二) a值为21米，b值为23米，c值为25m,d值为27m, e值为6m/s,f值为3m/s。
一、 起飞点经纬度： N:35.6344° E:106.6752°
二： 由于空域限制，飞 机不能由起飞点直飞任 务航线的航点1，需先向 务航线的航点1，需先向 SW方向平飞480米，再 向 NW方向平飞660米， 到达任务航线的航点1
三： 当地风向：SE,航 点3→2航向为顺风"
gsec_3da3008f791e,qbank_7cb07e6ab374,doc_22c25c38d6d8,实操题库_地面站考试条件_2026H1_空域限制或地形限制题型.txt_121,实操题库_地面站考试条件_2026H1_空域限制或地形限制题型.txt,2026H1,2026H1,2026-01-01,2026-06-30,CAAC执照考试地面站实操真题考试条件,空域限制或地形限制题型,空域限制或地形限制题-考试条件提取.docx,地面站考试真题（2026年1月-6月）/空域限制或地形限制题型/空域限制或地形限制题-考试条件提取.docx,123,175,916,河北04考场,河北,04考场,2026-04-25,5,经纬度换算;航向方位判断;夹角计算;空域地形限制处理;速度高度参数设置;转弯停留循环设置;几何图形航线规划;起飞返航点定位;题型:空域限制或地形限制,doc_condition_count_mismatch;doc_page_count_mismatch;source_gap,"河北04考场地面站真题 | 日期：2026.04.25
(一) 规划一个闭合等边三角形并循环执行，边长为，所有航线相对地 面高度为b，水平速度为c，垂直速度为d，转弯方式为停止转弯，停留时间 为f;
(二) a值为100米，b值为50米，c值为5m/s,d值为2m/s,f值为 8So
一、 A点经纬度： N:28°19'03” E:115°16′02”
二、 由于空域限制，飞 机不能由起飞点直飞任 务航线的航点1，需先向 SE方向平飞1000米到达 A航点，再向SW方向平 飞500米，到达任务航线 的航点1。
三、 航点3位于航点2南 偏西25"
gsec_3d16797c18ea,qbank_7cb07e6ab374,doc_22c25c38d6d8,实操题库_地面站考试条件_2026H1_空域限制或地形限制题型.txt_122,实操题库_地面站考试条件_2026H1_空域限制或地形限制题型.txt,2026H1,2026H1,2026-01-01,2026-06-30,CAAC执照考试地面站实操真题考试条件,空域限制或地形限制题型,空域限制或地形限制题-考试条件提取.docx,地面站考试真题（2026年1月-6月）/空域限制或地形限制题型/空域限制或地形限制题-考试条件提取.docx,124,175,916,河北04考场,河北,04考场,2026-04-25,5,经纬度换算;航向方位判断;夹角计算;空域地形限制处理;速度高度参数设置;转弯停留循环设置;几何图形航线规划;起飞返航点定位;题型:空域限制或地形限制,doc_condition_count_mismatch;doc_page_count_mismatch;source_gap,"河北04考场地面站真题 | 日期：2026.04.25
(一) 按图规划一个闭合的任务航线不循环执行，①③、②③、 ②④、①④边长为300米，①点相对地面高度为a,②点相对地面高 度为b，③点相对地面高度为c,④点相对地面高度为d，水平速 度为e，垂直速度为f，转弯模式为停止转弯，停留时间4s;
(二) a值为30米，b值为35米，c值为40m,d值为25m, e值为2m/s,f值为2m/s。
一、 起飞点经纬度： N:28°09'10"" E:115°26′52”
二： 由于空域限制，飞机不 能由起飞点直飞任务航线的 航点1，需由起飞点起飞先向 西南方向平飞1200米，再向 东南方向平飞500米，到达任 务航线的航点1。
三： 如图所示任务航点4到3 航向角北偏东25°"
gsec_2f9aac3ec542,qbank_7cb07e6ab374,doc_22c25c38d6d8,实操题库_地面站考试条件_2026H1_空域限制或地形限制题型.txt_123,实操题库_地面站考试条件_2026H1_空域限制或地形限制题型.txt,2026H1,2026H1,2026-01-01,2026-06-30,CAAC执照考试地面站实操真题考试条件,空域限制或地形限制题型,空域限制或地形限制题-考试条件提取.docx,地面站考试真题（2026年1月-6月）/空域限制或地形限制题型/空域限制或地形限制题-考试条件提取.docx,125,175,916,湖北01考场,湖北,01考场,2026-04-26,4,经纬度换算;航向方位判断;空域地形限制处理;速度高度参数设置;转弯停留循环设置;几何图形航线规划;起飞返航点定位;题型:空域限制或地形限制,doc_condition_count_mismatch;doc_page_count_mismatch;source_gap,"湖北01考场地面站真题 | 日期：2026.04.26
(一) 规划一个闭合六边形并循环执行，边长为a,①②③航点 相对地面高度为b,④⑤⑥航点相对地面高度为c，水平速度为d, 垂直速度为e,转弯方式为停止转弯，各点停留时间为f;
(二) a值为300米，b值为30米，c值为25m,d值为4m/s, e值为2m/s,f值为2s。
1、 起飞点经纬度： N:27°46′36” E:123°12'17”
2、 空域限制：起飞后需向SW 方向平飞600米，再向SE方向 平飞800米，到达任务航点1。"
gsec_e393fe5c4395,qbank_7cb07e6ab374,doc_22c25c38d6d8,实操题库_地面站考试条件_2026H1_空域限制或地形限制题型.txt_124,实操题库_地面站考试条件_2026H1_空域限制或地形限制题型.txt,2026H1,2026H1,2026-01-01,2026-06-30,CAAC执照考试地面站实操真题考试条件,空域限制或地形限制题型,空域限制或地形限制题-考试条件提取.docx,地面站考试真题（2026年1月-6月）/空域限制或地形限制题型/空域限制或地形限制题-考试条件提取.docx,126,175,916,贵州01考场,贵州,01考场,2026-04-27,5,经纬度换算;航向方位判断;夹角计算;空域地形限制处理;速度高度参数设置;转弯停留循环设置;几何图形航线规划;起飞返航点定位;题型:空域限制或地形限制,doc_condition_count_mismatch;doc_page_count_mismatch;source_gap,"贵州01考场地面站真题 | 日期：2026.04.27
(一) 按图规划一个闭合的任务航线单次任务，①③、②③、 ②④、①④边长为300米，①点相对地面高度为a,②点相对地面高 度为b,③点相对地面高度为c，④点相对地面高度为d，水平速 度为e，垂直速度为f，转弯模式为协调转弯；
(二) a值为23米，b值为26米，c值为25m,d值为24m, e值为4m/s,f值为2m/s。
一、 起飞点经纬度： N:21°42'19"" E:118°33'51""
二： 由于空域限制，飞机不 能由起飞点直飞任务航线的 第一个航点，需由起飞点起 飞先向SW方向平飞1900米， 再向N方向平飞500米，到 达任务航线的第一个航点。
三： 如图所示任务航点的第1 个航点到任务航线的第2个航 点航向角45°"
gsec_08e3050c4885,qbank_7cb07e6ab374,doc_22c25c38d6d8,实操题库_地面站考试条件_2026H1_空域限制或地形限制题型.txt_125,实操题库_地面站考试条件_2026H1_空域限制或地形限制题型.txt,2026H1,2026H1,2026-01-01,2026-06-30,CAAC执照考试地面站实操真题考试条件,空域限制或地形限制题型,空域限制或地形限制题-考试条件提取.docx,地面站考试真题（2026年1月-6月）/空域限制或地形限制题型/空域限制或地形限制题-考试条件提取.docx,127,175,916,广西01考场,广西,01考场,2026-04-27,5,经纬度换算;航向方位判断;夹角计算;空域地形限制处理;速度高度参数设置;转弯停留循环设置;几何图形航线规划;起飞返航点定位;题型:空域限制或地形限制,doc_condition_count_mismatch;doc_page_count_mismatch;source_gap,"广西01考场地面站真题 | 日期：2026.04.27
(一) 与 的相对方位由委任代表根据 现场环境等情况进行决定。于起飞点前规划一个等边三角形并循环执 行，边长为a，航线相对地面高度为b，水平速度为c,垂直速度为 d,转弯方式为停止转弯，停留时间5s;
(二) a值建议为50米，b值建议为50米，c值建议为3m/s, d值建议为2m/s。(航线方位及各数值可由委任代表按实际情况进 行调整，考题以委任代表规定数值为准)
1、 起飞点经纬度： N:22°57'53"" E:108°25′38""
2、 由于空域限制，飞机不 能由起飞点直飞任务航线的 航点1，需由起飞点起飞先向 W方向平飞600米，再向S 方向平飞300米，到达图形1 号点。
3、 图形中③到②为顺风 本场风向南偏东10°"
gsec_80dcbed277b0,qbank_7cb07e6ab374,doc_22c25c38d6d8,实操题库_地面站考试条件_2026H1_空域限制或地形限制题型.txt_126,实操题库_地面站考试条件_2026H1_空域限制或地形限制题型.txt,2026H1,2026H1,2026-01-01,2026-06-30,CAAC执照考试地面站实操真题考试条件,空域限制或地形限制题型,空域限制或地形限制题-考试条件提取.docx,地面站考试真题（2026年1月-6月）/空域限制或地形限制题型/空域限制或地形限制题-考试条件提取.docx,128,175,916,广西01考场,广西,01考场,2026-04-27,5,经纬度换算;航向方位判断;夹角计算;空域地形限制处理;速度高度参数设置;转弯停留循环设置;几何图形航线规划;起飞返航点定位;题型:空域限制或地形限制,doc_condition_count_mismatch;doc_page_count_mismatch;source_gap,"广西01考场地面站真题 | 日期：2026.04.27
(一) 与 的相对方位由委任代表根据 现场环境等情况进行决定。按图于起飞点前规划一个四边形并循环执 行，①②边、②③边边长为a，③④边边长为b，∠②=∠③=90 航线相对地面高度为c，水平速度为d，垂直速度为e，转弯模式为 停止转弯，停留时间5S;
(二) a值建议为200米，b值建议为300米，c值建议为300m, d值建议为3m/s,e值建议为2m/s。(航线方位及各数值可由委 任代表按实际情况进行调整，考题以委任代表规定数值为准)
1、 起飞点经纬度： N:22°57'53” E:108°25′38""
2、 由于空域限制，飞机不 能由起飞点直飞任务航线的 航点1，需由起飞点起飞先向 W方向平飞600米，再向S 方向平飞300米，到达图形1 号点。
3、 图形中3到2为顺风 本场风向南偏东10°"
gsec_c3ff9ea29d3a,qbank_7cb07e6ab374,doc_22c25c38d6d8,实操题库_地面站考试条件_2026H1_空域限制或地形限制题型.txt_127,实操题库_地面站考试条件_2026H1_空域限制或地形限制题型.txt,2026H1,2026H1,2026-01-01,2026-06-30,CAAC执照考试地面站实操真题考试条件,空域限制或地形限制题型,空域限制或地形限制题-考试条件提取.docx,地面站考试真题（2026年1月-6月）/空域限制或地形限制题型/空域限制或地形限制题-考试条件提取.docx,129,175,916,广西01考场,广西,01考场,2026-04-27,5,经纬度换算;航向方位判断;空域地形限制处理;速度高度参数设置;转弯停留循环设置;几何图形航线规划;起飞返航点定位;题型:空域限制或地形限制,doc_condition_count_mismatch;doc_page_count_mismatch;source_gap,"广西01考场地面站真题 | 日期：2026.04.27
(一) 与 的相对方位由委任代表根据 现场环境等情况进行决定。按图于起飞点前规划一个闭合图形并循环 执行，各点之间距离不小于50米，①点相对于地面高度为a,②点相 对地面高度为b,③点相对地面高度为c,④点相对地面高度为d, 水平速度为e，垂直速度为f，转弯模式为停止转弯，停留时间2s;
(二) a值建议为20米，b值建议为25米，c值建议为30m, d值建议为20m，e值建议为2m/s,f值建议为2m/s。(航线方位 及各数值可由委任代表按实际情况进行调整，考题以委任代表规定数 值为准)
1、 起飞点经纬度： N:22°57'53” E:108°25'38”
2、 由于空域限制，飞机不 能由起飞点直飞任务航线的 航点1，需由起飞点起飞先向 W方向平飞600米，再向S 方向平飞300米，到达图形1 号点。
3、 图形中③到②为顺风 本场风向南偏东10°"
gsec_0e71203002fc,qbank_7cb07e6ab374,doc_22c25c38d6d8,实操题库_地面站考试条件_2026H1_空域限制或地形限制题型.txt_128,实操题库_地面站考试条件_2026H1_空域限制或地形限制题型.txt,2026H1,2026H1,2026-01-01,2026-06-30,CAAC执照考试地面站实操真题考试条件,空域限制或地形限制题型,空域限制或地形限制题-考试条件提取.docx,地面站考试真题（2026年1月-6月）/空域限制或地形限制题型/空域限制或地形限制题-考试条件提取.docx,130,175,916,安徽01考场,安徽,01考场,2026-04-28,5,经纬度换算;航向方位判断;夹角计算;空域地形限制处理;速度高度参数设置;转弯停留循环设置;几何图形航线规划;起飞返航点定位;题型:空域限制或地形限制,doc_condition_count_mismatch;doc_page_count_mismatch;source_gap,"安徽01考场地面站真题 | 日期：2026.04.28
(一) 与 的相对方位由委任代表根 据现场环境等情况进行决定。按图规划一个闭合的任务航线不循环 执行，①③、②③、②④、①④边长为100米，①点相对地面高度为 a,②点相对地面高度为b,③点相对地面高度为c，④点相对地面 高度为d，水平速度为e，垂直速度为f，转弯模式为停止转弯， 停留时间2s;
(二) a值为50米，b值为40米，c值为30m,d值为20m, e值为5m/s,f值为3m/s。
1、 起飞点经纬度： N:28°38'38” E:118°58′38”
2、 由于空域限制，飞机 不能由起飞点直飞任务 航线的航点1，需由起飞 点起飞先向北偏西15 方向平飞200米，再向东 方向平飞300米，到达任 务航线的航点1。
3、 如图所示任务航点3-4 航向角55°"
gsec_f1d3b602007c,qbank_7cb07e6ab374,doc_22c25c38d6d8,实操题库_地面站考试条件_2026H1_空域限制或地形限制题型.txt_129,实操题库_地面站考试条件_2026H1_空域限制或地形限制题型.txt,2026H1,2026H1,2026-01-01,2026-06-30,CAAC执照考试地面站实操真题考试条件,空域限制或地形限制题型,空域限制或地形限制题-考试条件提取.docx,地面站考试真题（2026年1月-6月）/空域限制或地形限制题型/空域限制或地形限制题-考试条件提取.docx,131,175,916,甘肃01考场,甘肃,01考场,2026-04-29,5,经纬度换算;航向方位判断;夹角计算;空域地形限制处理;速度高度参数设置;转弯停留循环设置;几何图形航线规划;起飞返航点定位;题型:空域限制或地形限制,doc_condition_count_mismatch;doc_page_count_mismatch;source_gap,"甘肃01考场地面站真题 | 日期：2026.04.29
(一) 规划一个闭合等边三角形并循环执行，边长为a，所有航线相对地 面高度为b，水平速度为c，垂直速度为d，转弯方式为停止转弯，停留时间 为5S;
(二) a值为50米，b值为50米，c值为3ms,d值为2ms。
一、 起飞点经纬度： N:36.1217° E:114.3247°
二、 由于空域限制， 飞机不能由起飞点直 飞任务航线的航点1， 需先向NW方向平飞 300米，再向SW方向 平飞500米，到达任务 航线的航点1。
三、 当地风向：SE, 航点3→2航向为顺风"
gsec_14804bb6cad5,qbank_7cb07e6ab374,doc_22c25c38d6d8,实操题库_地面站考试条件_2026H1_空域限制或地形限制题型.txt_130,实操题库_地面站考试条件_2026H1_空域限制或地形限制题型.txt,2026H1,2026H1,2026-01-01,2026-06-30,CAAC执照考试地面站实操真题考试条件,空域限制或地形限制题型,空域限制或地形限制题-考试条件提取.docx,地面站考试真题（2026年1月-6月）/空域限制或地形限制题型/空域限制或地形限制题-考试条件提取.docx,132,175,916,甘肃01考场,甘肃,01考场,2026-04-29,5,经纬度换算;航向方位判断;空域地形限制处理;速度高度参数设置;转弯停留循环设置;几何图形航线规划;起飞返航点定位;题型:空域限制或地形限制,doc_condition_count_mismatch;doc_page_count_mismatch;source_gap,"甘肃01考场地面站真题 | 日期：2026.04.29
(一) 规划一个闭合六边形并循环执行，边长为a,①②③航点 相对地面高度为b，④⑤⑥航点相对地面高度为c，水平速度为d, 垂直速度为e,转弯方式为协调转弯；
(二) a值为300米，b值为30米，c值为25m,d值为5m/s, e值为3m/s。
一、 起飞点经纬度： 4 N:36.2547° 5 E:114.4306°
二、 由于空域限制，飞 6 机不能由起飞点直飞任 务航线的航点1，需先向 SW方向平飞580米，再 向NW方向平飞610米， 到达任务航线的航点1。
三、 当地风向：NW,航 点3→2航向为顺风"
gsec_bec203a5b72e,qbank_7cb07e6ab374,doc_22c25c38d6d8,实操题库_地面站考试条件_2026H1_空域限制或地形限制题型.txt_131,实操题库_地面站考试条件_2026H1_空域限制或地形限制题型.txt,2026H1,2026H1,2026-01-01,2026-06-30,CAAC执照考试地面站实操真题考试条件,空域限制或地形限制题型,空域限制或地形限制题-考试条件提取.docx,地面站考试真题（2026年1月-6月）/空域限制或地形限制题型/空域限制或地形限制题-考试条件提取.docx,133,175,916,甘肃01考场,甘肃,01考场,2026-04-29,5,经纬度换算;航向方位判断;空域地形限制处理;速度高度参数设置;转弯停留循环设置;几何图形航线规划;起飞返航点定位;题型:空域限制或地形限制,doc_condition_count_mismatch;doc_page_count_mismatch;source_gap,"甘肃01考场地面站真题 | 日期：2026.04.29
(一) 按图规划一个闭合的任务航线并循环执行(7次)，①③、② ③、②④、①④边长为300米，①点相对地面高度为a,②点相对地 面高度为b,③点相对地面高度为c，④点相对地面高度为d，水 平速度为e，垂直速度为f，转弯模式为停止转弯，停留时间13s;
(二) a值为20米，b值为25米，c值为30m,d值为25m, e值为6m/s,f值为3m/s。
一、 起飞点经纬度： N:35.6344° E:106.6752°
二、 由于空域限制，飞 机不能由起飞点直飞任 务航线的航点1，需先向 NE方向平飞580米，再 向SE方向平飞680米， 到达任务航线的航点1。
三、 当地风向：SE,航 点3→2航向为逆风"
gsec_c4838ad7e90d,qbank_7cb07e6ab374,doc_22c25c38d6d8,实操题库_地面站考试条件_2026H1_空域限制或地形限制题型.txt_132,实操题库_地面站考试条件_2026H1_空域限制或地形限制题型.txt,2026H1,2026H1,2026-01-01,2026-06-30,CAAC执照考试地面站实操真题考试条件,空域限制或地形限制题型,空域限制或地形限制题-考试条件提取.docx,地面站考试真题（2026年1月-6月）/空域限制或地形限制题型/空域限制或地形限制题-考试条件提取.docx,134,175,916,河北03考场,河北,03考场,2026-05-10,5,经纬度换算;航向方位判断;空域地形限制处理;速度高度参数设置;转弯停留循环设置;几何图形航线规划;起飞返航点定位;题型:空域限制或地形限制,doc_condition_count_mismatch;doc_page_count_mismatch;source_gap,"河北03考场地面站真题 | 日期：2026.05.10
(一) 规划一个闭合正六边形并循环执行，边长为a,①②③航 点相对地面高度为b，④⑤⑥航点相对地面高度为c,水平速度为d, 垂直速度为e,转弯方式为停止转弯，各点停留时间为f;
(二) a值为300米，b值为30米，c值为25m,d值为4m/s, e值为2m/s,f值为2s。
一、 起飞点经纬度： N:36.2547° E:114.4306°
二、 由于空城限制，飞 6 机不能由起飞点直飞任 务航线的航点1，需先向 NE方向平飞460米，再 向NW方向平飞570米。 到达任务航线的航点1。
三、 当地风向：NE,航 点3-2航向为顺风"
gsec_f3eb751d9dfa,qbank_7cb07e6ab374,doc_22c25c38d6d8,实操题库_地面站考试条件_2026H1_空域限制或地形限制题型.txt_133,实操题库_地面站考试条件_2026H1_空域限制或地形限制题型.txt,2026H1,2026H1,2026-01-01,2026-06-30,CAAC执照考试地面站实操真题考试条件,空域限制或地形限制题型,空域限制或地形限制题-考试条件提取.docx,地面站考试真题（2026年1月-6月）/空域限制或地形限制题型/空域限制或地形限制题-考试条件提取.docx,135,175,916,江西01考场,江西,01考场,2026-05-08,6,经纬度换算;航向方位判断;夹角计算;空域地形限制处理;速度高度参数设置;转弯停留循环设置;几何图形航线规划;起飞返航点定位;题型:空域限制或地形限制,doc_condition_count_mismatch;doc_page_count_mismatch;source_gap,"江西01考场地面站真题 | 日期：2026.05.08
(一) 与 的相对方位由委任代表根据 现场环境等情况进行决定。按图于起飞点前规划一个五边形并循环执 行，①②边及②③边的边长为a,∠②=∠④=∠①为90'，航线相 对地面高度为b，水平速度为℃，转弯模式为停止转弯，各点停留 时间为e;
(二) a值为30米，b值为30米，c值为3m/s,e值为2s。 (航线方位及各数值可由委任代表按实际情况进行调整，考题以委任代 表规定数值为准)》
一、 起飞点经纬度： N:33°22'26 E:102°31'41
二、 由于空域限制， 飞机不能由起飞点直 飞任务航线的航点1， 需先向东北方向平飞 182米，再向西北方向 平飞123米，到达任务 航线的航点1。
三、 3-2航向东南方向
四、 闭合循环5次"
gsec_1118383198b5,qbank_7cb07e6ab374,doc_22c25c38d6d8,实操题库_地面站考试条件_2026H1_空域限制或地形限制题型.txt_134,实操题库_地面站考试条件_2026H1_空域限制或地形限制题型.txt,2026H1,2026H1,2026-01-01,2026-06-30,CAAC执照考试地面站实操真题考试条件,空域限制或地形限制题型,空域限制或地形限制题-考试条件提取.docx,地面站考试真题（2026年1月-6月）/空域限制或地形限制题型/空域限制或地形限制题-考试条件提取.docx,136,175,916,江西01考场,江西,01考场,2026-05-08,6,经纬度换算;航向方位判断;夹角计算;空域地形限制处理;速度高度参数设置;转弯停留循环设置;几何图形航线规划;起飞返航点定位;题型:空域限制或地形限制,doc_condition_count_mismatch;doc_page_count_mismatch;source_gap,"江西01考场地面站真题 | 日期：2026.05.08
(一) 与 的相对方位由委任代表根据 现场环境等情况进行决定。按图于起飞点前规划一个四边形并循环执 行，①②边、②③边边长为a，③④边边长为b,∠②=∠③=90 航线相对地面高度为c，水平速度为，转弯模式为停止转弯，停留 时间不做要求：
(二) a值为20米，b值为30米，c值为30m,d值为 3m/s,(航线方位及各数值可由委任代表按实际情况进行调整，考题 以委任代表规定数值为准)
1、 起飞点经纬度： N:33°22'26 E:102°31'41""
2、 由于地形限制，飞 机不能由起飞点直飞 任务航线的航点1，需 向东北方向平飞182米， 再向西北方向平飞123米 到达任务航线的航点1。
3、 3-2航点航向东南方向
4、 闭合航线，循环5次"
gsec_73b3562b9954,qbank_7cb07e6ab374,doc_22c25c38d6d8,实操题库_地面站考试条件_2026H1_空域限制或地形限制题型.txt_135,实操题库_地面站考试条件_2026H1_空域限制或地形限制题型.txt,2026H1,2026H1,2026-01-01,2026-06-30,CAAC执照考试地面站实操真题考试条件,空域限制或地形限制题型,空域限制或地形限制题-考试条件提取.docx,地面站考试真题（2026年1月-6月）/空域限制或地形限制题型/空域限制或地形限制题-考试条件提取.docx,137,175,916,江西01考场,江西,01考场,2026-05-08,6,经纬度换算;航向方位判断;夹角计算;空域地形限制处理;速度高度参数设置;转弯停留循环设置;几何图形航线规划;起飞返航点定位;题型:空域限制或地形限制,doc_condition_count_mismatch;doc_page_count_mismatch;source_gap,"江西01考场地面站真题 | 日期：2026.05.08
(一) 与 的相对方位由委任代表根据 现场环境等情况进行决定。按图于起飞点前规划一个闭合图形并循环 执行，各点之间距离不小于20米，①点相对地面高度为a,，②点相 对地面高度为b,③点相对地面高度为c,④点相对地面高度为d, 水平速度为f,∠①=∠②=∠③=∠④=45·转弯模式为停止转弯， 停留时间不作要求；
(二) a值为20米，b值为25米，c值为30m,d值为25m, f值为3m/s。(航线方位及各数值可由委任代表按实际情况进行 调整，考题以委任代表规定数值为准)
1、 起飞点经纬度： N:33°22'26"" E:102°31'41
2、 由于空域限制，飞机 不能由起飞点直飞任务 航线的航点1，需由起飞 点先向西北方向平飞113 米，再向西南平飞82米到 达任务航线的航点1。
3、 3-2航向东北方向
4、 闭合循环3次"
gsec_8f88a3beea32,qbank_7cb07e6ab374,doc_22c25c38d6d8,实操题库_地面站考试条件_2026H1_空域限制或地形限制题型.txt_136,实操题库_地面站考试条件_2026H1_空域限制或地形限制题型.txt,2026H1,2026H1,2026-01-01,2026-06-30,CAAC执照考试地面站实操真题考试条件,空域限制或地形限制题型,空域限制或地形限制题-考试条件提取.docx,地面站考试真题（2026年1月-6月）/空域限制或地形限制题型/空域限制或地形限制题-考试条件提取.docx,138,175,916,江西01考场,江西,01考场,2026-05-08,6,经纬度换算;航向方位判断;空域地形限制处理;速度高度参数设置;转弯停留循环设置;起飞返航点定位;题型:空域限制或地形限制,doc_condition_count_mismatch;doc_page_count_mismatch;source_gap,"江西01考场地面站真题 | 日期：2026.05.08
(一) 与 的相对方位由委任代表根据 现场环境等情况进行决定。按图于起飞点前规划扫描航线，航线长度 为a,航线间隔为b,航线相对地面高度为c,水平速度为d,转弯 模式为停止转弯，停留时间不作要求；
(二) a值为30米（误差云±3米），b值为10米（误差 ≤±1米)，c值为30m,d值为3m/s。 (航线方位及各数值 可由委任代表按实际情况进行调整，考题以委任代表规定数值为准)
1、 起飞点经纬度： N:33°22'26 E:102°31'41""
2、 由于空域限制，飞机 不能由起点直飞任务 航线的航点1，需由起飞点 先向东北方向平飞182米， 再向西北方向平飞123米 到达任务航向点的航点1。
3、 3-2航向东南方向
4、 闭合循环5次"
gsec_c639235f31ea,qbank_7cb07e6ab374,doc_22c25c38d6d8,实操题库_地面站考试条件_2026H1_空域限制或地形限制题型.txt_137,实操题库_地面站考试条件_2026H1_空域限制或地形限制题型.txt,2026H1,2026H1,2026-01-01,2026-06-30,CAAC执照考试地面站实操真题考试条件,空域限制或地形限制题型,空域限制或地形限制题-考试条件提取.docx,地面站考试真题（2026年1月-6月）/空域限制或地形限制题型/空域限制或地形限制题-考试条件提取.docx,139,175,916,江西01考场,江西,01考场,2026-05-08,6,经纬度换算;航向方位判断;空域地形限制处理;速度高度参数设置;转弯停留循环设置;几何图形航线规划;起飞返航点定位;题型:空域限制或地形限制,doc_condition_count_mismatch;doc_page_count_mismatch;source_gap,"江西01考场地面站真题 | 日期：2026.05.08
(一) 与 的相对方位由委任代表根据 现场环境等情况进行决定。规划一个六边形并循环执行，边长为a, ①②③航点相对地面高度为b,④⑤⑥航点相对地面高度为c,水平 速度为d,垂直速度为e,转弯方式为停止转弯，各点停留时间为f;
(二) a值为30米（误差云±3米），b值为25米，c值 为30m,d值为2m/s,f值为2s。(航线方位及各数值可由委任代表 按实际情况进行调整，考题以委任代表规定数值为准)
1、 起飞点经纬度： N:33°22'26"" E:102°31'41
2、 由于地形限制，飞 机不能由起飞点直飞 任务航线的航点1，需 向东北方向平飞182米， 再向西北方向平飞123米 到达任务航线的航点1。
3、 3-2航点航向东南方向
4、 闭合航线，循环5次"
gsec_2ef5394b211e,qbank_7cb07e6ab374,doc_22c25c38d6d8,实操题库_地面站考试条件_2026H1_空域限制或地形限制题型.txt_138,实操题库_地面站考试条件_2026H1_空域限制或地形限制题型.txt,2026H1,2026H1,2026-01-01,2026-06-30,CAAC执照考试地面站实操真题考试条件,空域限制或地形限制题型,空域限制或地形限制题-考试条件提取.docx,地面站考试真题（2026年1月-6月）/空域限制或地形限制题型/空域限制或地形限制题-考试条件提取.docx,140,175,916,广东02考场,广东,02考场,2026-05-08,4,经纬度换算;航向方位判断;空域地形限制处理;速度高度参数设置;几何图形航线规划;起飞返航点定位;题型:空域限制或地形限制,doc_condition_count_mismatch;doc_page_count_mismatch;source_gap,"广东02考场地面站真题 | 日期：2026.05.08
(一) 与 的相对方位由委任代表根据 现场环境等情况进行决定。按图于起飞点前规划扫描航线，航线长度 为a,航线间隔为b,航线相对地面高度为c;
(二) a值建议为200米（误差云±20米），b值建议为80米 (误差云±8米)，c值建议为150m(航线方位及各数值可由变任代表 按实际情况进行调整，考题以委任代表规定数值为准) 考育签字： 时间：
二： 由于空域限制，飞机不能由 起飞点直飞任务航线的航点1 ，需先向NE方向平飞300米， 再向NW方向平飞500米，到 达任务航线的航点1。
三： 图形中2到1航向东偏北20 度"
gsec_6b0e920c49df,qbank_7cb07e6ab374,doc_22c25c38d6d8,实操题库_地面站考试条件_2026H1_空域限制或地形限制题型.txt_139,实操题库_地面站考试条件_2026H1_空域限制或地形限制题型.txt,2026H1,2026H1,2026-01-01,2026-06-30,CAAC执照考试地面站实操真题考试条件,空域限制或地形限制题型,空域限制或地形限制题-考试条件提取.docx,地面站考试真题（2026年1月-6月）/空域限制或地形限制题型/空域限制或地形限制题-考试条件提取.docx,141,175,916,广东03考场,广东,03考场,2026-05-06,5,经纬度换算;航向方位判断;夹角计算;空域地形限制处理;速度高度参数设置;转弯停留循环设置;几何图形航线规划;起飞返航点定位;题型:空域限制或地形限制,doc_condition_count_mismatch;doc_page_count_mismatch;source_gap,"广东03考场地面站真题 | 日期：2026.05.06
(一) 规划一个闭合等边三角形并循环执行，边长为a，所有航线相对地 面高度为b,水平速度为℃，垂直速度为d，转弯方式为停止转弯，停留时间 为f;
(二) a值为100米，b值为50米，c值为5m/s,d值为2m/s,f值为 8se
一、 起飞点经纬度： N:28°19'03"" E:115°16'02
二、 由于空城限制， 飞机不能由起飞点直 飞任务航线的航点1， 需先向SE方向平飞 1300米，再向SW方向 平飞600米，到达任务 航线的航点1。
三、 航点3-2航向角为 南偏西15°"
gsec_08a3f19d606c,qbank_7cb07e6ab374,doc_22c25c38d6d8,实操题库_地面站考试条件_2026H1_空域限制或地形限制题型.txt_140,实操题库_地面站考试条件_2026H1_空域限制或地形限制题型.txt,2026H1,2026H1,2026-01-01,2026-06-30,CAAC执照考试地面站实操真题考试条件,空域限制或地形限制题型,空域限制或地形限制题-考试条件提取.docx,地面站考试真题（2026年1月-6月）/空域限制或地形限制题型/空域限制或地形限制题-考试条件提取.docx,142,175,916,河南01考场,河南,01考场,2026-05-17,5,经纬度换算;航向方位判断;夹角计算;空域地形限制处理;速度高度参数设置;转弯停留循环设置;几何图形航线规划;起飞返航点定位;题型:空域限制或地形限制,doc_condition_count_mismatch;doc_page_count_mismatch;source_gap,"河南01考场地面站真题 | 日期：2026.05.17
(一) 按图规划一个闭合四边形，①②边、②③边边长为a,① ④边边长为b,∠①=∠②=90·航线循环执行，相对地面高度为c, 水平速度为d，垂直速度为e,转弯模式为停止转弯，停留时间7s;
(二) a值为200米，b值为400米，c值为300m,d值为 8m/s,e值为5m/s。
一： 起飞点经纬度： N:34°51'26"" E:113°15′33""
二： 由于空域限制，飞机 不能由起飞点直飞任务航 线的航点1，需由起飞点 起飞先向西北方向平飞12 00米，再向东南方向平飞 500米，到达任务航线的 航点1
三： 当地风向：SE 航线要求： 航点2到航点3的航向为逆风"
gsec_4c73db87d95f,qbank_7cb07e6ab374,doc_22c25c38d6d8,实操题库_地面站考试条件_2026H1_空域限制或地形限制题型.txt_141,实操题库_地面站考试条件_2026H1_空域限制或地形限制题型.txt,2026H1,2026H1,2026-01-01,2026-06-30,CAAC执照考试地面站实操真题考试条件,空域限制或地形限制题型,空域限制或地形限制题-考试条件提取.docx,地面站考试真题（2026年1月-6月）/空域限制或地形限制题型/空域限制或地形限制题-考试条件提取.docx,143,175,916,云南01考场,云南,01考场,2026-05-22,5,经纬度换算;航向方位判断;避让点规划;空域地形限制处理;速度高度参数设置;转弯停留循环设置;几何图形航线规划;题型:空域限制或地形限制,doc_condition_count_mismatch;doc_page_count_mismatch;source_gap,"云南01考场地面站真题 | 日期：2026.05.22
(一) 规划一个闭合六边形并循环执行，边长为a,①②③航点 相对地面高度为b，④⑤⑥航点相对地面高度为c，水平速度为d, 垂直速度为e,转弯方式为停止转弯，各点停留时间为f;
(二) a值为350米，b值为30米，c值为20m,d值为4m/s, e值为2m/s,f值为2s。
一、 题卡图形③号点经纬度： N:30°30'35 E:115°12'12
二、 由于空域限制：起飞后 需向SE方向飞行50M,到达""” 避让点”再执行航线任务。
三、 题卡图形1号点位于“ 避让点”NE方向，距离35M。 2一3为东偏南35°"
gsec_566418e0873d,qbank_7cb07e6ab374,doc_22c25c38d6d8,实操题库_地面站考试条件_2026H1_空域限制或地形限制题型.txt_142,实操题库_地面站考试条件_2026H1_空域限制或地形限制题型.txt,2026H1,2026H1,2026-01-01,2026-06-30,CAAC执照考试地面站实操真题考试条件,空域限制或地形限制题型,空域限制或地形限制题-考试条件提取.docx,地面站考试真题（2026年1月-6月）/空域限制或地形限制题型/空域限制或地形限制题-考试条件提取.docx,144,175,916,新疆01考场,新疆,01考场,2026-05-23,4,航向方位判断;夹角计算;速度高度参数设置;转弯停留循环设置;几何图形航线规划;起飞返航点定位;题型:空域限制或地形限制,doc_condition_count_mismatch;doc_page_count_mismatch;source_gap,"新疆01考场地面站真题 | 日期：2026.05.23
(一) 于起飞点前规划一个等边三角形，边长为a，所有航线相对地面高 度为b,水平速度为c,垂直速度为d，转弯方式为停止转弯，停留时间不作 要求；
(二) a值为30米，b值为30米，c值为3m/s,d值为1m/s,f值为 8so
二、 由于天气原因，无人 机起飞后先向西偏南20° 方向飞行50m后，再向西 北方向飞行100m后到达 测区
三、 ③点位于②点的正东 面"
gsec_f3ed9a6ed5ce,qbank_7cb07e6ab374,doc_22c25c38d6d8,实操题库_地面站考试条件_2026H1_空域限制或地形限制题型.txt_143,实操题库_地面站考试条件_2026H1_空域限制或地形限制题型.txt,2026H1,2026H1,2026-01-01,2026-06-30,CAAC执照考试地面站实操真题考试条件,空域限制或地形限制题型,空域限制或地形限制题-考试条件提取.docx,地面站考试真题（2026年1月-6月）/空域限制或地形限制题型/空域限制或地形限制题-考试条件提取.docx,145,175,916,山东03考场,山东,03考场,2026-05-28,6,经纬度换算;航向方位判断;夹角计算;速度高度参数设置;转弯停留循环设置;几何图形航线规划;起飞返航点定位;题型:空域限制或地形限制,doc_condition_count_mismatch;doc_page_count_mismatch;source_gap,"山东03考场地面站真题 | 日期：2026.05.28
1、 图形如下，图中所标注的锐角角度均为45°，各航点间的距离不小于20米，
2、 H(起飞点)需要向SE方向平飞200米，再向N方向平飞50米达到图形1点； (保留飞行轨迹)
3、 航线高度为60m,水平速度为4ms,垂直速度为2ms;
4、 转弯模式为：定点转弯，停留时间=3s
5、 图形循环模式为：闭合航线
6、 2点到3点的航向为SW"
gsec_dedf78742614,qbank_7cb07e6ab374,doc_22c25c38d6d8,实操题库_地面站考试条件_2026H1_空域限制或地形限制题型.txt_144,实操题库_地面站考试条件_2026H1_空域限制或地形限制题型.txt,2026H1,2026H1,2026-01-01,2026-06-30,CAAC执照考试地面站实操真题考试条件,空域限制或地形限制题型,空域限制或地形限制题-考试条件提取.docx,地面站考试真题（2026年1月-6月）/空域限制或地形限制题型/空域限制或地形限制题-考试条件提取.docx,146,175,916,甘肃01考场,甘肃,01考场,2026-05-29,5,经纬度换算;航向方位判断;夹角计算;空域地形限制处理;速度高度参数设置;转弯停留循环设置;几何图形航线规划;起飞返航点定位;题型:空域限制或地形限制,doc_condition_count_mismatch;doc_page_count_mismatch;source_gap,"甘肃01考场地面站真题 | 日期：2026.05.29
(一) 规划一个等腰直角三角形，并循环执行，边长为a,所有航线相对地 面高度为b,水平速度为c,垂直速度为d,转弯方式为停止转弯，停留时间为 5s;
(二) a值为40米，b值为40米，c值为5m/s,d值为2m/s。
一： 起飞点经纬度： N:39°15′58"" E:76°50'27
二： 由于空域限制，飞机 不能由起飞点直飞任务航 线的航点1，需先向NW方 平飞300米，再向南平飞 600米到达任务题卡图航线 的航点1
三： 任务航线图形中3-2点 航向为逆风，风向：正东，"
gsec_596b91c86eea,qbank_7cb07e6ab374,doc_22c25c38d6d8,实操题库_地面站考试条件_2026H1_空域限制或地形限制题型.txt_145,实操题库_地面站考试条件_2026H1_空域限制或地形限制题型.txt,2026H1,2026H1,2026-01-01,2026-06-30,CAAC执照考试地面站实操真题考试条件,空域限制或地形限制题型,空域限制或地形限制题-考试条件提取.docx,地面站考试真题（2026年1月-6月）/空域限制或地形限制题型/空域限制或地形限制题-考试条件提取.docx,147,175,916,山东02考场,山东,02考场,2026-06-01,5,经纬度换算;航向方位判断;空域地形限制处理;速度高度参数设置;转弯停留循环设置;几何图形航线规划;起飞返航点定位;题型:空域限制或地形限制,doc_condition_count_mismatch;doc_page_count_mismatch;source_gap,"山东02考场地面站真题 | 日期：2026.06.01
(一) 按图规划一个闭合的任务航线并循环执行，①③、②③、 ②④、①④边长为300米，①点相对地面高度为a,②点相对地面高度 为b,③点相对地面高度为c,④点相对地面高度为d,水平速度为e ，垂直速度为f,转弯模式为停止转弯，停留时间2s:
(二) a值为20米，b值为25米，c值为30m,d值为20m, e值为2m/s,f值为2m/s。
一、 起飞点经纬度： N:36.1217° E:114.3247""
二： 由于空域限制，飞机不能 任务航线示意图： 由起飞点直飞任务航线的航点 1,需先向NW方向平飞570米 再向SW方向平飞530米，到达
三： 当地风向：SE,航点3-2航 向为逆风"
gsec_37499c01930c,qbank_7cb07e6ab374,doc_22c25c38d6d8,实操题库_地面站考试条件_2026H1_空域限制或地形限制题型.txt_146,实操题库_地面站考试条件_2026H1_空域限制或地形限制题型.txt,2026H1,2026H1,2026-01-01,2026-06-30,CAAC执照考试地面站实操真题考试条件,空域限制或地形限制题型,空域限制或地形限制题-考试条件提取.docx,地面站考试真题（2026年1月-6月）/空域限制或地形限制题型/空域限制或地形限制题-考试条件提取.docx,148,175,916,江西03考场,江西,03考场,2026-05-15,5,经纬度换算;航向方位判断;夹角计算;空域地形限制处理;速度高度参数设置;转弯停留循环设置;几何图形航线规划;起飞返航点定位;题型:空域限制或地形限制,doc_condition_count_mismatch;doc_page_count_mismatch;source_gap,"江西03考场地面站真题 | 日期：2026.05.15
(一) 规划一个闭合等边三角形并循环执行，边长为a，所有航线相对地 面高度为b，水平速度为c,垂直速度为d，转弯方式为停止转弯，停留时间 为f;
(二) a值为100米，b值为50米，c值为5m/s,d值为2m/s,f值为 8s8
一、 起飞点经纬度： N:34°14'35.85 E:117°10'26.91""
二、 由于空域限制， 飞机不能由起飞点直 飞任务航线的航点1， 需先向SE方向平飞 1000米，再向SW方向 平飞500米，到达任务 航线的航点1。
三、 航点3-2航向角为 南偏西15°"
gsec_63758092c12a,qbank_7cb07e6ab374,doc_22c25c38d6d8,实操题库_地面站考试条件_2026H1_空域限制或地形限制题型.txt_147,实操题库_地面站考试条件_2026H1_空域限制或地形限制题型.txt,2026H1,2026H1,2026-01-01,2026-06-30,CAAC执照考试地面站实操真题考试条件,空域限制或地形限制题型,空域限制或地形限制题-考试条件提取.docx,地面站考试真题（2026年1月-6月）/空域限制或地形限制题型/空域限制或地形限制题-考试条件提取.docx,149,175,916,山东02考场,山东,02考场,2026-06-01,5,经纬度换算;航向方位判断;空域地形限制处理;速度高度参数设置;转弯停留循环设置;几何图形航线规划;起飞返航点定位;题型:空域限制或地形限制,doc_condition_count_mismatch;doc_page_count_mismatch;source_gap,"山东02考场地面站真题 | 日期：2026.06.01
(一) 规划一个闭合六边形并循环执行，边长为a,①②③航点 相对地面高度为b,④⑤⑥航点相对地面高度为c,水平速度为d, 垂直速度为e,转弯方式为停止转弯，各点停留时间为f；
(二) a值为300米，b值为30米，c值为25m,d值为4m/s, e值为2m/s,f值为2s。
一、 起飞点经纬度： 3 N:36.2547° E:114.4306°
二： 由于空城限制，飞机 6 不能由起飞点直飞任务航 线的航点1，需先向SW方 向平飞650米，再向SE方 向平飞570米。到达任务 航线的航点1。
三、 当地风向：NE,航点 3-2航向为顺风。"
gsec_f05a69e9d94f,qbank_7cb07e6ab374,doc_22c25c38d6d8,实操题库_地面站考试条件_2026H1_空域限制或地形限制题型.txt_148,实操题库_地面站考试条件_2026H1_空域限制或地形限制题型.txt,2026H1,2026H1,2026-01-01,2026-06-30,CAAC执照考试地面站实操真题考试条件,空域限制或地形限制题型,空域限制或地形限制题-考试条件提取.docx,地面站考试真题（2026年1月-6月）/空域限制或地形限制题型/空域限制或地形限制题-考试条件提取.docx,150,175,916,四川02考场,四川,02考场,2026-06-06,7,经纬度换算;航向方位判断;夹角计算;速度高度参数设置;转弯停留循环设置;几何图形航线规划;起飞返航点定位;题型:空域限制或地形限制,doc_condition_count_mismatch;doc_page_count_mismatch;source_gap,"四川02考场地面站真题 | 日期：2026.06.06
1、 图形如下，图中所标注的锐角角度均为45°，∠413=90°，14=150m;
2、 H(起飞点)需要向SE方向平飞200米，再向N方向平飞50米达到图形1点； (保留飞行轨迹)
3、 航线高度为60m,水平速度为4ms,垂直速度为2mls
4、 转弯模式为：定点转弯，停留时间=3s
5、 图形循环模式为：闭合航线
6、 图形2点到3点的航向为Sw
7、 图形2点的坐标为E95°20'24”N31°15′36”（零误差）"
gsec_00bf99d3c2be,qbank_7cb07e6ab374,doc_22c25c38d6d8,实操题库_地面站考试条件_2026H1_空域限制或地形限制题型.txt_149,实操题库_地面站考试条件_2026H1_空域限制或地形限制题型.txt,2026H1,2026H1,2026-01-01,2026-06-30,CAAC执照考试地面站实操真题考试条件,空域限制或地形限制题型,空域限制或地形限制题-考试条件提取.docx,地面站考试真题（2026年1月-6月）/空域限制或地形限制题型/空域限制或地形限制题-考试条件提取.docx,151,175,916,河南01考场,河南,01考场,2026-05-17,5,经纬度换算;航向方位判断;空域地形限制处理;速度高度参数设置;转弯停留循环设置;几何图形航线规划;起飞返航点定位;题型:空域限制或地形限制,doc_condition_count_mismatch;doc_page_count_mismatch;source_gap,"河南01考场地面站真题 | 日期：2026.05.17
(一) 按图规划一个闭合的任务航线不循环执行，①③、②③、 ②④、①④边长为300米，①点相对地面高度为a,②点相对地面高 度为b,③点相对地面高度为c，④点相对地面高度为d，水平速 度为e,垂直速度为f，转弯模式为停止转弯，停留时间6s;
(二) a值为30米，b值为35米，c值为40m,d值为25m, e值为5m/s,f值为3m/s。
一、 起飞点经纬度： N:34°51'27 E:113°16'33""
二、 由于空域限制，飞 机不能由起飞点直飞任 务航线的航点1，需由起飞 点先向西南方向平飞1000 米，再向东南方向平飞3 00米，到达任务航线的 航点1。
三、 当地风向：WS, 航点2到航点1的航向为逆"
gsec_f4ef1a6596d5,qbank_7cb07e6ab374,doc_22c25c38d6d8,实操题库_地面站考试条件_2026H1_空域限制或地形限制题型.txt_150,实操题库_地面站考试条件_2026H1_空域限制或地形限制题型.txt,2026H1,2026H1,2026-01-01,2026-06-30,CAAC执照考试地面站实操真题考试条件,空域限制或地形限制题型,空域限制或地形限制题-考试条件提取.docx,地面站考试真题（2026年1月-6月）/空域限制或地形限制题型/空域限制或地形限制题-考试条件提取.docx,152,175,916,河北04考场,河北,04考场,2026-06-08,5,经纬度换算;航向方位判断;空域地形限制处理;速度高度参数设置;转弯停留循环设置;几何图形航线规划;起飞返航点定位;题型:空域限制或地形限制,doc_condition_count_mismatch;doc_page_count_mismatch;source_gap,"河北04考场地面站真题 | 日期：2026.06.08
(一) 按图规划一个闭合的任务航线并循环执行，①③、②③、 ②④、①④边长为300米，①点相对地面高度为a,②点相对地面高度 为b，③点相对地面高度为c，④点相对地面高度为d，水平速度为 e，垂直速度为f,转弯模式为停止转弯，停留时间25s;
(二) a值为20米，b值为25米，c值为30m,d值为25m, e值为5m/s,f值为3m/s。
一、 起飞点经纬度： N:41°30'02 E:35°06'01""
二： 由于空域限制，飞机不 能由起飞点直飞任务航线的 航点1，需先向NW方向平飞 630米，再向NW方向平飞 720米，到达任务航线的航 点1。
三： 当地风向：SE, 航点3→2航向为顺风。"
gsec_dab1dee7b610,qbank_7cb07e6ab374,doc_22c25c38d6d8,实操题库_地面站考试条件_2026H1_空域限制或地形限制题型.txt_151,实操题库_地面站考试条件_2026H1_空域限制或地形限制题型.txt,2026H1,2026H1,2026-01-01,2026-06-30,CAAC执照考试地面站实操真题考试条件,空域限制或地形限制题型,空域限制或地形限制题-考试条件提取.docx,地面站考试真题（2026年1月-6月）/空域限制或地形限制题型/空域限制或地形限制题-考试条件提取.docx,153,175,916,湖北04考场,湖北,04考场,2026-06-10,5,经纬度换算;航向方位判断;夹角计算;空域地形限制处理;速度高度参数设置;转弯停留循环设置;几何图形航线规划;起飞返航点定位;题型:空域限制或地形限制,doc_condition_count_mismatch;doc_page_count_mismatch;source_gap,"湖北04考场地面站真题 | 日期：2026.06.10
(一) 规划一个闭合等边三角形并循环执行，边长为a,所有航线相对地面 高度为b,水平速度为c,垂直速度为d,转弯方式为停止转弯，停留时间5s;
(二) a值为50米，b值为50米，c值为3m/s,d值为2m/s。
一、 左图中航点1经纬度： N:28°28'03"" E:115°26'02”
二、 由于空域限制，飞机 不能由起飞点直飞任务航 线的航点1，需先向SE方 向平飞100米，再向SW方 向平飞50米，到达任务航 线的航点1。
三、 航点3-2航向角北偏西 25°"
gsec_85e428426ce0,qbank_7cb07e6ab374,doc_22c25c38d6d8,实操题库_地面站考试条件_2026H1_空域限制或地形限制题型.txt_152,实操题库_地面站考试条件_2026H1_空域限制或地形限制题型.txt,2026H1,2026H1,2026-01-01,2026-06-30,CAAC执照考试地面站实操真题考试条件,空域限制或地形限制题型,空域限制或地形限制题-考试条件提取.docx,地面站考试真题（2026年1月-6月）/空域限制或地形限制题型/空域限制或地形限制题-考试条件提取.docx,154,175,916,湖北04考场,湖北,04考场,2026-06-10,5,经纬度换算;航向方位判断;空域地形限制处理;速度高度参数设置;转弯停留循环设置;几何图形航线规划;起飞返航点定位;题型:空域限制或地形限制,doc_condition_count_mismatch;doc_page_count_mismatch;source_gap,"湖北04考场地面站真题 | 日期：2026.06.10
(一) 按图规划一个闭合的任务航线并循环执行，①③、②③、 ②④、①④边长为300米，①点相对地面高度为，②点相对地面高度 为b,③点相对地面高度为c,④点相对地面高度为d,水平速度为e, 垂直速度为f,转弯模式为停止转弯，停留时间2s;
(二) a值为20米，b值为25米，c值为30m,d值为20m, e值为2m/s,f值为2m/s。
一、 起飞点经纬度： N:32.1219° E:118.3246
二、 由于空域限制，飞机不能由 起飞点直飞任务航线的航点1， 需先向SE方向平飞330米，再向 SW方向平飞660米，到达任务 航线的航点1。
三、 当地风向：SE,航点2→3 航向为顺风"
gsec_48aa0c29a858,qbank_7cb07e6ab374,doc_22c25c38d6d8,实操题库_地面站考试条件_2026H1_空域限制或地形限制题型.txt_153,实操题库_地面站考试条件_2026H1_空域限制或地形限制题型.txt,2026H1,2026H1,2026-01-01,2026-06-30,CAAC执照考试地面站实操真题考试条件,空域限制或地形限制题型,空域限制或地形限制题-考试条件提取.docx,地面站考试真题（2026年1月-6月）/空域限制或地形限制题型/空域限制或地形限制题-考试条件提取.docx,155,175,916,,,,2026-06-17,5,经纬度换算;航向方位判断;夹角计算;空域地形限制处理;速度高度参数设置;转弯停留循环设置;几何图形航线规划;起飞返航点定位;题型:空域限制或地形限制,doc_condition_count_mismatch;doc_page_count_mismatch;source_gap,"浙江01考点地面站真题 | 日期：2026.06.17
(一) 规划一个手动闭合等边三角形，任务执行次数大于2次， 边长为a,航线相对地面高度为b,水平速度为c,垂直速度为d,转 弯方式为停止转弯，停留时间4s;
(二) a值为300米，b值为80米，c值为5m/s,d值为2m/s。
1、 ②点经纬度E:44°19'02”， N:34°16'02""
2、 由于空域限制，无人机不能从起飞点 直飞任务航线航点①，需向NE方向保持 100米高度平飞300米，再向SW方向平飞 300米抵达任务航线航点①
3、 航点③到航点②的航向为南偏西20°"
gsec_17c86f08c323,qbank_7cb07e6ab374,doc_22c25c38d6d8,实操题库_地面站考试条件_2026H1_空域限制或地形限制题型.txt_154,实操题库_地面站考试条件_2026H1_空域限制或地形限制题型.txt,2026H1,2026H1,2026-01-01,2026-06-30,CAAC执照考试地面站实操真题考试条件,空域限制或地形限制题型,空域限制或地形限制题-考试条件提取.docx,地面站考试真题（2026年1月-6月）/空域限制或地形限制题型/空域限制或地形限制题-考试条件提取.docx,156,175,916,江西01考场,江西,01考场,2026-05-08,6,经纬度换算;航向方位判断;夹角计算;空域地形限制处理;速度高度参数设置;转弯停留循环设置;几何图形航线规划;起飞返航点定位;题型:空域限制或地形限制,doc_condition_count_mismatch;doc_page_count_mismatch;source_gap,"江西01考场地面站真题 | 日期：2026.05.08
(一) 与 的相对方位由委任代表根据 现场环境等情况进行决定。按图于起飞点前规划一个四边形并循环执 行，①②边、②③边边长为a，③④边边长为b,∠②=∠③=90 航线相对地面高度为c，水平速度为，转弯模式为停止转弯，停留 时间不做要求：
(二) a值为20米，b值为30米，c值为30m,d值为 3m/s,(航线方位及各数值可由委任代表按实际情况进行调整，考题 以委任代表规定数值为准)
1、 起飞点经纬度： N:33°22'26 E:102°31'41""
2、 由于地形限制，飞 机不能由起飞点直飞 任务航线的航点1，需 向东北方向平飞182米， 再向西北方向平飞123米 到达任务航线的航点1。
3、 3-2航点航向东南方向
4、 闭合航线，循环5次"
gsec_5009b6df36dc,qbank_7cb07e6ab374,doc_22c25c38d6d8,实操题库_地面站考试条件_2026H1_空域限制或地形限制题型.txt_155,实操题库_地面站考试条件_2026H1_空域限制或地形限制题型.txt,2026H1,2026H1,2026-01-01,2026-06-30,CAAC执照考试地面站实操真题考试条件,空域限制或地形限制题型,空域限制或地形限制题-考试条件提取.docx,地面站考试真题（2026年1月-6月）/空域限制或地形限制题型/空域限制或地形限制题-考试条件提取.docx,157,175,916,江西01考场,江西,01考场,2026-05-08,6,经纬度换算;航向方位判断;夹角计算;空域地形限制处理;速度高度参数设置;转弯停留循环设置;几何图形航线规划;起飞返航点定位;题型:空域限制或地形限制,doc_condition_count_mismatch;doc_page_count_mismatch;source_gap,"江西01考场地面站真题 | 日期：2026.05.08
(一) 与 的相对方位由委任代表根据 现场环境等情况进行决定。按图于起飞点前规划一个闭合图形并循环 执行，各点之间距离不小于20米，①点相对地面高度为a,，②点相 对地面高度为b,③点相对地面高度为c,④点相对地面高度为d, 水平速度为f,∠①=∠②=∠③=∠④=45·转弯模式为停止转弯， 停留时间不作要求；
(二) a值为20米，b值为25米，c值为30m,d值为25m, f值为3m/s。(航线方位及各数值可由委任代表按实际情况进行 调整，考题以委任代表规定数值为准)
1、 起飞点经纬度： N:33°22'26"" E:102°31'41
2、 由于空域限制，飞机 不能由起飞点直飞任务 航线的航点1，需由起飞 点先向西北方向平飞113 米，再向西南平飞82米到 达任务航线的航点1。
3、 3-2航向东北方向
4、 闭合循环3次"
gsec_95385d67e2f7,qbank_7cb07e6ab374,doc_22c25c38d6d8,实操题库_地面站考试条件_2026H1_空域限制或地形限制题型.txt_156,实操题库_地面站考试条件_2026H1_空域限制或地形限制题型.txt,2026H1,2026H1,2026-01-01,2026-06-30,CAAC执照考试地面站实操真题考试条件,空域限制或地形限制题型,空域限制或地形限制题-考试条件提取.docx,地面站考试真题（2026年1月-6月）/空域限制或地形限制题型/空域限制或地形限制题-考试条件提取.docx,158,175,916,江西01考场,江西,01考场,2026-05-08,6,经纬度换算;航向方位判断;空域地形限制处理;速度高度参数设置;转弯停留循环设置;起飞返航点定位;题型:空域限制或地形限制,doc_condition_count_mismatch;doc_page_count_mismatch;source_gap,"江西01考场地面站真题 | 日期：2026.05.08
(一) 与 的相对方位由委任代表根据 现场环境等情况进行决定。按图于起飞点前规划扫描航线，航线长度 为a,航线间隔为b,航线相对地面高度为c,水平速度为d,转弯 模式为停止转弯，停留时间不作要求；
(二) a值为30米（误差云±3米），b值为10米（误差 ≤±1米)，c值为30m,d值为3m/s。 (航线方位及各数值 可由委任代表按实际情况进行调整，考题以委任代表规定数值为准)
1、 起飞点经纬度： N:33°22'26 E:102°31'41""
2、 由于空域限制，飞机 不能由起点直飞任务 航线的航点1，需由起飞点 先向东北方向平飞182米， 再向西北方向平飞123米 到达任务航向点的航点1。
3、 3-2航向东南方向
4、 闭合循环5次"
gsec_6e53d3a9b93c,qbank_7cb07e6ab374,doc_22c25c38d6d8,实操题库_地面站考试条件_2026H1_空域限制或地形限制题型.txt_157,实操题库_地面站考试条件_2026H1_空域限制或地形限制题型.txt,2026H1,2026H1,2026-01-01,2026-06-30,CAAC执照考试地面站实操真题考试条件,空域限制或地形限制题型,空域限制或地形限制题-考试条件提取.docx,地面站考试真题（2026年1月-6月）/空域限制或地形限制题型/空域限制或地形限制题-考试条件提取.docx,159,175,916,江西01考场,江西,01考场,2026-05-08,6,经纬度换算;航向方位判断;空域地形限制处理;速度高度参数设置;转弯停留循环设置;几何图形航线规划;起飞返航点定位;题型:空域限制或地形限制,doc_condition_count_mismatch;doc_page_count_mismatch;source_gap,"江西01考场地面站真题 | 日期：2026.05.08
(一) 与 的相对方位由委任代表根据 现场环境等情况进行决定。规划一个六边形并循环执行，边长为a, ①②③航点相对地面高度为b,④⑤⑥航点相对地面高度为c,水平 速度为d,垂直速度为e,转弯方式为停止转弯，各点停留时间为f;
(二) a值为30米（误差云±3米），b值为25米，c值 为30m,d值为2m/s,f值为2s。(航线方位及各数值可由委任代表 按实际情况进行调整，考题以委任代表规定数值为准)
1、 起飞点经纬度： N:33°22'26"" E:102°31'41
2、 由于地形限制，飞 机不能由起飞点直飞 任务航线的航点1，需 向东北方向平飞182米， 再向西北方向平飞123米 到达任务航线的航点1。
3、 3-2航点航向东南方向
4、 闭合航线，循环5次"
gsec_c6f743d07bc5,qbank_7cb07e6ab374,doc_22c25c38d6d8,实操题库_地面站考试条件_2026H1_空域限制或地形限制题型.txt_158,实操题库_地面站考试条件_2026H1_空域限制或地形限制题型.txt,2026H1,2026H1,2026-01-01,2026-06-30,CAAC执照考试地面站实操真题考试条件,空域限制或地形限制题型,空域限制或地形限制题-考试条件提取.docx,地面站考试真题（2026年1月-6月）/空域限制或地形限制题型/空域限制或地形限制题-考试条件提取.docx,160,175,916,广东02考场,广东,02考场,2026-05-08,4,经纬度换算;航向方位判断;空域地形限制处理;速度高度参数设置;几何图形航线规划;起飞返航点定位;题型:空域限制或地形限制,doc_condition_count_mismatch;doc_page_count_mismatch;source_gap,"广东02考场地面站真题 | 日期：2026.05.08
(一) 与 的相对方位由委任代表根据 现场环境等情况进行决定。按图于起飞点前规划扫描航线，航线长度 为a,航线间隔为b,航线相对地面高度为c;
(二) a值建议为200米（误差云±20米），b值建议为80米 (误差云±8米)，c值建议为150m(航线方位及各数值可由变任代表 按实际情况进行调整，考题以委任代表规定数值为准) 考育签字： 时间：
二： 由于空域限制，飞机不能由 起飞点直飞任务航线的航点1 ，需先向NE方向平飞300米， 再向NW方向平飞500米，到 达任务航线的航点1。
三： 图形中2到1航向东偏北20 度"
gsec_863545596be7,qbank_7cb07e6ab374,doc_22c25c38d6d8,实操题库_地面站考试条件_2026H1_空域限制或地形限制题型.txt_159,实操题库_地面站考试条件_2026H1_空域限制或地形限制题型.txt,2026H1,2026H1,2026-01-01,2026-06-30,CAAC执照考试地面站实操真题考试条件,空域限制或地形限制题型,空域限制或地形限制题-考试条件提取.docx,地面站考试真题（2026年1月-6月）/空域限制或地形限制题型/空域限制或地形限制题-考试条件提取.docx,161,175,916,广东03考场,广东,03考场,2026-05-06,5,经纬度换算;航向方位判断;夹角计算;空域地形限制处理;速度高度参数设置;转弯停留循环设置;几何图形航线规划;起飞返航点定位;题型:空域限制或地形限制,doc_condition_count_mismatch;doc_page_count_mismatch;source_gap,"广东03考场地面站真题 | 日期：2026.05.06
(一) 规划一个闭合等边三角形并循环执行，边长为a，所有航线相对地 面高度为b,水平速度为℃，垂直速度为d，转弯方式为停止转弯，停留时间 为f;
(二) a值为100米，b值为50米，c值为5m/s,d值为2m/s,f值为 8se
一、 起飞点经纬度： N:28°19'03"" E:115°16'02
二、 由于空城限制， 飞机不能由起飞点直 飞任务航线的航点1， 需先向SE方向平飞 1300米，再向SW方向 平飞600米，到达任务 航线的航点1。
三、 航点3-2航向角为 南偏西15°"
gsec_db4de292475b,qbank_7cb07e6ab374,doc_22c25c38d6d8,实操题库_地面站考试条件_2026H1_空域限制或地形限制题型.txt_160,实操题库_地面站考试条件_2026H1_空域限制或地形限制题型.txt,2026H1,2026H1,2026-01-01,2026-06-30,CAAC执照考试地面站实操真题考试条件,空域限制或地形限制题型,空域限制或地形限制题-考试条件提取.docx,地面站考试真题（2026年1月-6月）/空域限制或地形限制题型/空域限制或地形限制题-考试条件提取.docx,162,175,916,河南01考场,河南,01考场,2026-05-17,5,经纬度换算;航向方位判断;夹角计算;空域地形限制处理;速度高度参数设置;转弯停留循环设置;几何图形航线规划;起飞返航点定位;题型:空域限制或地形限制,doc_condition_count_mismatch;doc_page_count_mismatch;source_gap,"河南01考场地面站真题 | 日期：2026.05.17
(一) 按图规划一个闭合四边形，①②边、②③边边长为a,① ④边边长为b,∠①=∠②=90·航线循环执行，相对地面高度为c, 水平速度为d，垂直速度为e,转弯模式为停止转弯，停留时间7s;
(二) a值为200米，b值为400米，c值为300m,d值为 8m/s,e值为5m/s。
一： 起飞点经纬度： N:34°51'26"" E:113°15′33""
二： 由于空域限制，飞机 不能由起飞点直飞任务航 线的航点1，需由起飞点 起飞先向西北方向平飞12 00米，再向东南方向平飞 500米，到达任务航线的 航点1
三： 当地风向：SE 航线要求： 航点2到航点3的航向为逆风"
gsec_22325b0d82c5,qbank_7cb07e6ab374,doc_22c25c38d6d8,实操题库_地面站考试条件_2026H1_空域限制或地形限制题型.txt_161,实操题库_地面站考试条件_2026H1_空域限制或地形限制题型.txt,2026H1,2026H1,2026-01-01,2026-06-30,CAAC执照考试地面站实操真题考试条件,空域限制或地形限制题型,空域限制或地形限制题-考试条件提取.docx,地面站考试真题（2026年1月-6月）/空域限制或地形限制题型/空域限制或地形限制题-考试条件提取.docx,163,175,916,云南01考场,云南,01考场,2026-05-22,5,经纬度换算;航向方位判断;避让点规划;空域地形限制处理;速度高度参数设置;转弯停留循环设置;几何图形航线规划;题型:空域限制或地形限制,doc_condition_count_mismatch;doc_page_count_mismatch;source_gap,"云南01考场地面站真题 | 日期：2026.05.22
(一) 规划一个闭合六边形并循环执行，边长为a,①②③航点 相对地面高度为b，④⑤⑥航点相对地面高度为c，水平速度为d, 垂直速度为e,转弯方式为停止转弯，各点停留时间为f;
(二) a值为350米，b值为30米，c值为20m,d值为4m/s, e值为2m/s,f值为2s。
一、 题卡图形③号点经纬度： N:30°30'35 E:115°12'12
二、 由于空域限制：起飞后 需向SE方向飞行50M,到达""” 避让点”再执行航线任务。
三、 题卡图形1号点位于“ 避让点”NE方向，距离35M。 2一3为东偏南35°"
gsec_c233a7bfb2e5,qbank_7cb07e6ab374,doc_22c25c38d6d8,实操题库_地面站考试条件_2026H1_空域限制或地形限制题型.txt_162,实操题库_地面站考试条件_2026H1_空域限制或地形限制题型.txt,2026H1,2026H1,2026-01-01,2026-06-30,CAAC执照考试地面站实操真题考试条件,空域限制或地形限制题型,空域限制或地形限制题-考试条件提取.docx,地面站考试真题（2026年1月-6月）/空域限制或地形限制题型/空域限制或地形限制题-考试条件提取.docx,164,175,916,新疆01考场,新疆,01考场,2026-05-23,4,航向方位判断;夹角计算;速度高度参数设置;转弯停留循环设置;几何图形航线规划;起飞返航点定位;题型:空域限制或地形限制,doc_condition_count_mismatch;doc_page_count_mismatch;source_gap,"新疆01考场地面站真题 | 日期：2026.05.23
(一) 于起飞点前规划一个等边三角形，边长为a，所有航线相对地面高 度为b,水平速度为c,垂直速度为d，转弯方式为停止转弯，停留时间不作 要求；
(二) a值为30米，b值为30米，c值为3m/s,d值为1m/s,f值为 8so
二、 由于天气原因，无人 机起飞后先向西偏南20° 方向飞行50m后，再向西 北方向飞行100m后到达 测区
三、 ③点位于②点的正东 面"
gsec_4c128dc19973,qbank_7cb07e6ab374,doc_22c25c38d6d8,实操题库_地面站考试条件_2026H1_空域限制或地形限制题型.txt_163,实操题库_地面站考试条件_2026H1_空域限制或地形限制题型.txt,2026H1,2026H1,2026-01-01,2026-06-30,CAAC执照考试地面站实操真题考试条件,空域限制或地形限制题型,空域限制或地形限制题-考试条件提取.docx,地面站考试真题（2026年1月-6月）/空域限制或地形限制题型/空域限制或地形限制题-考试条件提取.docx,165,175,916,山东03考场,山东,03考场,2026-05-28,6,经纬度换算;航向方位判断;夹角计算;速度高度参数设置;转弯停留循环设置;几何图形航线规划;起飞返航点定位;题型:空域限制或地形限制,doc_condition_count_mismatch;doc_page_count_mismatch;source_gap,"山东03考场地面站真题 | 日期：2026.05.28
1、 图形如下，图中所标注的锐角角度均为45°，各航点间的距离不小于20米，
2、 H(起飞点)需要向SE方向平飞200米，再向N方向平飞50米达到图形1点； (保留飞行轨迹)
3、 航线高度为60m,水平速度为4ms,垂直速度为2ms;
4、 转弯模式为：定点转弯，停留时间=3s
5、 图形循环模式为：闭合航线
6、 2点到3点的航向为SW"
gsec_eab9f8f48c73,qbank_7cb07e6ab374,doc_22c25c38d6d8,实操题库_地面站考试条件_2026H1_空域限制或地形限制题型.txt_164,实操题库_地面站考试条件_2026H1_空域限制或地形限制题型.txt,2026H1,2026H1,2026-01-01,2026-06-30,CAAC执照考试地面站实操真题考试条件,空域限制或地形限制题型,空域限制或地形限制题-考试条件提取.docx,地面站考试真题（2026年1月-6月）/空域限制或地形限制题型/空域限制或地形限制题-考试条件提取.docx,166,175,916,甘肃01考场,甘肃,01考场,2026-05-29,5,经纬度换算;航向方位判断;夹角计算;空域地形限制处理;速度高度参数设置;转弯停留循环设置;几何图形航线规划;起飞返航点定位;题型:空域限制或地形限制,doc_condition_count_mismatch;doc_page_count_mismatch;source_gap,"甘肃01考场地面站真题 | 日期：2026.05.29
(一) 规划一个等腰直角三角形，并循环执行，边长为a,所有航线相对地 面高度为b,水平速度为c,垂直速度为d,转弯方式为停止转弯，停留时间为 5s;
(二) a值为40米，b值为40米，c值为5m/s,d值为2m/s。
一： 起飞点经纬度： N:39°15′58"" E:76°50'27
二： 由于空域限制，飞机 不能由起飞点直飞任务航 线的航点1，需先向NW方 平飞300米，再向南平飞 600米到达任务题卡图航线 的航点1
三： 任务航线图形中3-2点 航向为逆风，风向：正东，"
gsec_19ecdb418296,qbank_7cb07e6ab374,doc_22c25c38d6d8,实操题库_地面站考试条件_2026H1_空域限制或地形限制题型.txt_165,实操题库_地面站考试条件_2026H1_空域限制或地形限制题型.txt,2026H1,2026H1,2026-01-01,2026-06-30,CAAC执照考试地面站实操真题考试条件,空域限制或地形限制题型,空域限制或地形限制题-考试条件提取.docx,地面站考试真题（2026年1月-6月）/空域限制或地形限制题型/空域限制或地形限制题-考试条件提取.docx,167,175,916,山东02考场,山东,02考场,2026-06-01,5,经纬度换算;航向方位判断;空域地形限制处理;速度高度参数设置;转弯停留循环设置;几何图形航线规划;起飞返航点定位;题型:空域限制或地形限制,doc_condition_count_mismatch;doc_page_count_mismatch;source_gap,"山东02考场地面站真题 | 日期：2026.06.01
(一) 按图规划一个闭合的任务航线并循环执行，①③、②③、 ②④、①④边长为300米，①点相对地面高度为a,②点相对地面高度 为b,③点相对地面高度为c,④点相对地面高度为d,水平速度为e ，垂直速度为f,转弯模式为停止转弯，停留时间2s:
(二) a值为20米，b值为25米，c值为30m,d值为20m, e值为2m/s,f值为2m/s。
一、 起飞点经纬度： N:36.1217° E:114.3247""
二： 由于空域限制，飞机不能 任务航线示意图： 由起飞点直飞任务航线的航点 1,需先向NW方向平飞570米 再向SW方向平飞530米，到达
三： 当地风向：SE,航点3-2航 向为逆风"
gsec_e23e5fd52110,qbank_7cb07e6ab374,doc_22c25c38d6d8,实操题库_地面站考试条件_2026H1_空域限制或地形限制题型.txt_166,实操题库_地面站考试条件_2026H1_空域限制或地形限制题型.txt,2026H1,2026H1,2026-01-01,2026-06-30,CAAC执照考试地面站实操真题考试条件,空域限制或地形限制题型,空域限制或地形限制题-考试条件提取.docx,地面站考试真题（2026年1月-6月）/空域限制或地形限制题型/空域限制或地形限制题-考试条件提取.docx,168,175,916,江西03考场,江西,03考场,2026-05-15,5,经纬度换算;航向方位判断;夹角计算;空域地形限制处理;速度高度参数设置;转弯停留循环设置;几何图形航线规划;起飞返航点定位;题型:空域限制或地形限制,doc_condition_count_mismatch;doc_page_count_mismatch;source_gap,"江西03考场地面站真题 | 日期：2026.05.15
(一) 规划一个闭合等边三角形并循环执行，边长为a，所有航线相对地 面高度为b，水平速度为c,垂直速度为d，转弯方式为停止转弯，停留时间 为f;
(二) a值为100米，b值为50米，c值为5m/s,d值为2m/s,f值为 8s8
一、 起飞点经纬度： N:34°14'35.85 E:117°10'26.91""
二、 由于空域限制， 飞机不能由起飞点直 飞任务航线的航点1， 需先向SE方向平飞 1000米，再向SW方向 平飞500米，到达任务 航线的航点1。
三、 航点3-2航向角为 南偏西15°"
gsec_1f5361ea2bc0,qbank_7cb07e6ab374,doc_22c25c38d6d8,实操题库_地面站考试条件_2026H1_空域限制或地形限制题型.txt_167,实操题库_地面站考试条件_2026H1_空域限制或地形限制题型.txt,2026H1,2026H1,2026-01-01,2026-06-30,CAAC执照考试地面站实操真题考试条件,空域限制或地形限制题型,空域限制或地形限制题-考试条件提取.docx,地面站考试真题（2026年1月-6月）/空域限制或地形限制题型/空域限制或地形限制题-考试条件提取.docx,169,175,916,山东02考场,山东,02考场,2026-06-01,5,经纬度换算;航向方位判断;空域地形限制处理;速度高度参数设置;转弯停留循环设置;几何图形航线规划;起飞返航点定位;题型:空域限制或地形限制,doc_condition_count_mismatch;doc_page_count_mismatch;source_gap,"山东02考场地面站真题 | 日期：2026.06.01
(一) 规划一个闭合六边形并循环执行，边长为a,①②③航点 相对地面高度为b,④⑤⑥航点相对地面高度为c,水平速度为d, 垂直速度为e,转弯方式为停止转弯，各点停留时间为f；
(二) a值为300米，b值为30米，c值为25m,d值为4m/s, e值为2m/s,f值为2s。
一、 起飞点经纬度： 3 N:36.2547° E:114.4306°
二： 由于空城限制，飞机 6 不能由起飞点直飞任务航 线的航点1，需先向SW方 向平飞650米，再向SE方 向平飞570米。到达任务 航线的航点1。
三、 当地风向：NE,航点 3-2航向为顺风。"
gsec_d2ff41489333,qbank_7cb07e6ab374,doc_22c25c38d6d8,实操题库_地面站考试条件_2026H1_空域限制或地形限制题型.txt_168,实操题库_地面站考试条件_2026H1_空域限制或地形限制题型.txt,2026H1,2026H1,2026-01-01,2026-06-30,CAAC执照考试地面站实操真题考试条件,空域限制或地形限制题型,空域限制或地形限制题-考试条件提取.docx,地面站考试真题（2026年1月-6月）/空域限制或地形限制题型/空域限制或地形限制题-考试条件提取.docx,170,175,916,四川02考场,四川,02考场,2026-06-06,7,经纬度换算;航向方位判断;夹角计算;速度高度参数设置;转弯停留循环设置;几何图形航线规划;起飞返航点定位;题型:空域限制或地形限制,doc_condition_count_mismatch;doc_page_count_mismatch;source_gap,"四川02考场地面站真题 | 日期：2026.06.06
1、 图形如下，图中所标注的锐角角度均为45°，∠413=90°，14=150m;
2、 H(起飞点)需要向SE方向平飞200米，再向N方向平飞50米达到图形1点； (保留飞行轨迹)
3、 航线高度为60m,水平速度为4ms,垂直速度为2mls
4、 转弯模式为：定点转弯，停留时间=3s
5、 图形循环模式为：闭合航线
6、 图形2点到3点的航向为Sw
7、 图形2点的坐标为E95°20'24”N31°15′36”（零误差）"
gsec_7f0dbb3fec37,qbank_7cb07e6ab374,doc_22c25c38d6d8,实操题库_地面站考试条件_2026H1_空域限制或地形限制题型.txt_169,实操题库_地面站考试条件_2026H1_空域限制或地形限制题型.txt,2026H1,2026H1,2026-01-01,2026-06-30,CAAC执照考试地面站实操真题考试条件,空域限制或地形限制题型,空域限制或地形限制题-考试条件提取.docx,地面站考试真题（2026年1月-6月）/空域限制或地形限制题型/空域限制或地形限制题-考试条件提取.docx,171,175,916,河南01考场,河南,01考场,2026-05-17,5,经纬度换算;航向方位判断;空域地形限制处理;速度高度参数设置;转弯停留循环设置;几何图形航线规划;起飞返航点定位;题型:空域限制或地形限制,doc_condition_count_mismatch;doc_page_count_mismatch;source_gap,"河南01考场地面站真题 | 日期：2026.05.17
(一) 按图规划一个闭合的任务航线不循环执行，①③、②③、 ②④、①④边长为300米，①点相对地面高度为a,②点相对地面高 度为b,③点相对地面高度为c，④点相对地面高度为d，水平速 度为e,垂直速度为f，转弯模式为停止转弯，停留时间6s;
(二) a值为30米，b值为35米，c值为40m,d值为25m, e值为5m/s,f值为3m/s。
一、 起飞点经纬度： N:34°51'27 E:113°16'33""
二、 由于空域限制，飞 机不能由起飞点直飞任 务航线的航点1，需由起飞 点先向西南方向平飞1000 米，再向东南方向平飞3 00米，到达任务航线的 航点1。
三、 当地风向：WS, 航点2到航点1的航向为逆风"
gsec_27c585707495,qbank_7cb07e6ab374,doc_22c25c38d6d8,实操题库_地面站考试条件_2026H1_空域限制或地形限制题型.txt_170,实操题库_地面站考试条件_2026H1_空域限制或地形限制题型.txt,2026H1,2026H1,2026-01-01,2026-06-30,CAAC执照考试地面站实操真题考试条件,空域限制或地形限制题型,空域限制或地形限制题-考试条件提取.docx,地面站考试真题（2026年1月-6月）/空域限制或地形限制题型/空域限制或地形限制题-考试条件提取.docx,172,175,916,河北04考场,河北,04考场,2026-06-08,5,经纬度换算;航向方位判断;空域地形限制处理;速度高度参数设置;转弯停留循环设置;几何图形航线规划;起飞返航点定位;题型:空域限制或地形限制,doc_condition_count_mismatch;doc_page_count_mismatch;source_gap,"河北04考场地面站真题 | 日期：2026.06.08
(一) 按图规划一个闭合的任务航线并循环执行，①③、②③、 ②④、①④边长为300米，①点相对地面高度为a,②点相对地面高度 为b，③点相对地面高度为c，④点相对地面高度为d，水平速度为 e，垂直速度为f,转弯模式为停止转弯，停留时间25s;
(二) a值为20米，b值为25米，c值为30m,d值为25m, e值为5m/s,f值为3m/s。
一、 起飞点经纬度： N:41°30'02 E:35°06'01""
二： 由于空域限制，飞机不 能由起飞点直飞任务航线的 航点1，需先向NW方向平飞 630米，再向NW方向平飞 720米，到达任务航线的航 点1。
三： 当地风向：SE, 航点3→2航向为顺风。"
gsec_8070ffb032e1,qbank_7cb07e6ab374,doc_22c25c38d6d8,实操题库_地面站考试条件_2026H1_空域限制或地形限制题型.txt_171,实操题库_地面站考试条件_2026H1_空域限制或地形限制题型.txt,2026H1,2026H1,2026-01-01,2026-06-30,CAAC执照考试地面站实操真题考试条件,空域限制或地形限制题型,空域限制或地形限制题-考试条件提取.docx,地面站考试真题（2026年1月-6月）/空域限制或地形限制题型/空域限制或地形限制题-考试条件提取.docx,173,175,916,湖北04考场,湖北,04考场,2026-06-10,5,经纬度换算;航向方位判断;夹角计算;空域地形限制处理;速度高度参数设置;转弯停留循环设置;几何图形航线规划;起飞返航点定位;题型:空域限制或地形限制,doc_condition_count_mismatch;doc_page_count_mismatch;source_gap,"湖北04考场地面站真题 | 日期：2026.06.10
(一) 规划一个闭合等边三角形并循环执行，边长为a,所有航线相对地面 高度为b,水平速度为c,垂直速度为d,转弯方式为停止转弯，停留时间5s;
(二) a值为50米，b值为50米，c值为3m/s,d值为2m/s。
一、 左图中航点1经纬度： N:28°28'03"" E:115°26'02”
二、 由于空域限制，飞机 不能由起飞点直飞任务航 线的航点1，需先向SE方 向平飞100米，再向SW方 向平飞50米，到达任务航 线的航点1。
三、 航点3-2航向角北偏西 25°"
gsec_1764da395ff0,qbank_7cb07e6ab374,doc_22c25c38d6d8,实操题库_地面站考试条件_2026H1_空域限制或地形限制题型.txt_172,实操题库_地面站考试条件_2026H1_空域限制或地形限制题型.txt,2026H1,2026H1,2026-01-01,2026-06-30,CAAC执照考试地面站实操真题考试条件,空域限制或地形限制题型,空域限制或地形限制题-考试条件提取.docx,地面站考试真题（2026年1月-6月）/空域限制或地形限制题型/空域限制或地形限制题-考试条件提取.docx,174,175,916,湖北04考场,湖北,04考场,2026-06-10,5,经纬度换算;航向方位判断;空域地形限制处理;速度高度参数设置;转弯停留循环设置;几何图形航线规划;起飞返航点定位;题型:空域限制或地形限制,doc_condition_count_mismatch;doc_page_count_mismatch;source_gap,"湖北04考场地面站真题 | 日期：2026.06.10
(一) 按图规划一个闭合的任务航线并循环执行，①③、②③、 ②④、①④边长为300米，①点相对地面高度为，②点相对地面高度 为b,③点相对地面高度为c,④点相对地面高度为d,水平速度为e, 垂直速度为f,转弯模式为停止转弯，停留时间2s;
(二) a值为20米，b值为25米，c值为30m,d值为20m, e值为2m/s,f值为2m/s。
一、 起飞点经纬度： N:32.1219° E:118.3246
二、 由于空域限制，飞机不能由 起飞点直飞任务航线的航点1， 需先向SE方向平飞330米，再向 SW方向平飞660米，到达任务 航线的航点1。
三、 当地风向：SE,航点2→3 航向为顺风"
gsec_31f78cc6506a,qbank_7cb07e6ab374,doc_22c25c38d6d8,实操题库_地面站考试条件_2026H1_空域限制或地形限制题型.txt_173,实操题库_地面站考试条件_2026H1_空域限制或地形限制题型.txt,2026H1,2026H1,2026-01-01,2026-06-30,CAAC执照考试地面站实操真题考试条件,空域限制或地形限制题型,空域限制或地形限制题-考试条件提取.docx,地面站考试真题（2026年1月-6月）/空域限制或地形限制题型/空域限制或地形限制题-考试条件提取.docx,175,175,916,,,,2026-06-17,5,经纬度换算;航向方位判断;夹角计算;空域地形限制处理;速度高度参数设置;转弯停留循环设置;几何图形航线规划;起飞返航点定位;题型:空域限制或地形限制,doc_condition_count_mismatch;doc_page_count_mismatch;source_gap,"浙江01考点地面站真题 | 日期：2026.06.17
(一) 规划一个手动闭合等边三角形，任务执行次数大于2次， 边长为a,航线相对地面高度为b,水平速度为c,垂直速度为d,转 弯方式为停止转弯，停留时间4s;
(二) a值为300米，b值为80米，c值为5m/s,d值为2m/s。
1、 ②点经纬度E:44°19'02”， N:34°16'02""
2、 由于空域限制，无人机不能从起飞点 直飞任务航线航点①，需向NE方向保持 100米高度平飞300米，再向SW方向平飞 300米抵达任务航线航点①
3、 航点③到航点②的航向为南偏西20°"
gsec_92264f7bef41,qbank_6fefd796641a,doc_e6aa2656863c,实操题库_地面站考试条件_2026H1_罗盘双坐标题型.txt_0,实操题库_地面站考试条件_2026H1_罗盘双坐标题型.txt,2026H1,2026H1,2026-01-01,2026-06-30,CAAC执照考试地面站实操真题考试条件,罗盘双坐标题型,罗盘双坐标题型-考试条件提取.docx,地面站考试真题（2026年1月-6月）/罗盘双坐标题型/罗盘双坐标题型-考试条件提取.docx,1,17,98,河北03考场,河北,03考场,2026-04-10,5,经纬度换算;航向方位判断;夹角计算;速度高度参数设置;转弯停留循环设置;几何图形航线规划;起飞返航点定位;题型:罗盘双坐标,doc_condition_count_mismatch;source_gap,"河北03考场地面站真题 | 日期：2026.04.10
(一) 与 的相对方位由委任代表根据 现场环境等情况进行决定。于起飞前规划一个等腰直角三角形并 循环执行，①②边长为a1,①③边长为a2,∠①为直角，航线相对 地面高度b，水平速度为c，垂直速度为d，转弯方式为停止转弯， 停留时间不要求；
(二) al、a2值建议为30米，b值建议为30米，c值建议 为3m/s,d值建议为1m/s。(航线方位及各数值可由委任代表按实 际情况进行调整，考题以委任代表规定数值为准)
附加条件 整体航线坐标（罗盘）：SW（225°） 标注尖指向纸面右下
1、 起飞点经纬度： N:27°46'36” E:123°12'17”
2、 2点经纬度： N:27°46′19” E:123°12'27”"
gsec_c1d645617fe0,qbank_6fefd796641a,doc_e6aa2656863c,实操题库_地面站考试条件_2026H1_罗盘双坐标题型.txt_1,实操题库_地面站考试条件_2026H1_罗盘双坐标题型.txt,2026H1,2026H1,2026-01-01,2026-06-30,CAAC执照考试地面站实操真题考试条件,罗盘双坐标题型,罗盘双坐标题型-考试条件提取.docx,地面站考试真题（2026年1月-6月）/罗盘双坐标题型/罗盘双坐标题型-考试条件提取.docx,2,17,98,山东05考场,山东,05考场,2026-04-12,5,经纬度换算;航向方位判断;夹角计算;速度高度参数设置;转弯停留循环设置;几何图形航线规划;起飞返航点定位;题型:罗盘双坐标,doc_condition_count_mismatch;source_gap,"山东05考场地面站真题 | 日期：2026.04.12
(一) 与 的相对方位由委任代表根据现场环境 等情况进行决定。规划一个等边三角形并循环执行，边长为a，所有航线相对 地面高度为b，水平速度为c，垂直速度为，转弯方式为停止转弯，停留时 间5s;
(二) a值为50米，b值为50米，c值为3m/s,d值为2m/s。
附加条件 整体航线坐标（罗盘）：SW（225°） 标注尖指向纸面右下
1、 起飞点经纬度： :27°46′36” 2 E:123°12'17”
1、 2点经纬度： N:27°46'19"" E:123°12'27”"
gsec_a82da208fa69,qbank_6fefd796641a,doc_e6aa2656863c,实操题库_地面站考试条件_2026H1_罗盘双坐标题型.txt_2,实操题库_地面站考试条件_2026H1_罗盘双坐标题型.txt,2026H1,2026H1,2026-01-01,2026-06-30,CAAC执照考试地面站实操真题考试条件,罗盘双坐标题型,罗盘双坐标题型-考试条件提取.docx,地面站考试真题（2026年1月-6月）/罗盘双坐标题型/罗盘双坐标题型-考试条件提取.docx,3,17,98,上海01考场,上海,01考场,2026-04-15,5,经纬度换算;航向方位判断;夹角计算;速度高度参数设置;转弯停留循环设置;几何图形航线规划;起飞返航点定位;题型:罗盘双坐标,doc_condition_count_mismatch;source_gap,"上海01考场地面站真题 | 日期：2026.04.15
(一) 与 的相对方位由委任代表根据 现场环境等情况进行决定。按图于起飞点前规划一个四边形并循环执 行。①②边、②③边边长为a,③④边边长为b,∠②=∠③=90° 航线相对地面高度为c，水平速度为d，垂直速度为e，转弯模式为 停止转弯，停留时间不作要求；
(二) a值建议为20米，b值建议为30米，c值建议为30m, d值建议为3m/s,e值建议为2m/s。(航线方位及各数值可由委任 代表按实际情况进行调整，考题以委任代表规定数值为准)
附加条件 整体航线坐标（罗盘）：SW（225°） 标注尖指向纸面右下
1、 起飞点经纬度： N:26°12'36” E:112°46′12”
2、 2点经纬度： N: 26°12'12” E:112°46′36”"
gsec_1b5a135f1499,qbank_6fefd796641a,doc_e6aa2656863c,实操题库_地面站考试条件_2026H1_罗盘双坐标题型.txt_3,实操题库_地面站考试条件_2026H1_罗盘双坐标题型.txt,2026H1,2026H1,2026-01-01,2026-06-30,CAAC执照考试地面站实操真题考试条件,罗盘双坐标题型,罗盘双坐标题型-考试条件提取.docx,地面站考试真题（2026年1月-6月）/罗盘双坐标题型/罗盘双坐标题型-考试条件提取.docx,4,17,98,上海01考场,上海,01考场,2026-04-15,5,经纬度换算;航向方位判断;速度高度参数设置;转弯停留循环设置;几何图形航线规划;起飞返航点定位;题型:罗盘双坐标,doc_condition_count_mismatch;source_gap,"上海01考场地面站真题 | 日期：2026.04.15
(一) 与 的相对方位由委任代表根据 现场环境等情况进行决定。按图于起飞点前规划一个闭合图形并循环 执行，各点之间距离不小于20米，①点相对于地面高度为a,②点相 对地面高度为b,③点相对地面高度为c,④点相对地面高度为d, 水平速度为e，垂直速度为f，转弯模式为停止转弯，停留时间不作 要求；
(二) a值建议为20米，b值建议为25米，c值建议为30m, d值建议为25m,e值建议为2m/s,f值建议为1m/s。(航线方位 及各数值可由委任代表按实际情况进行调整，考题以委任代表规定数 值为准)
附加条件 整体航线坐标（罗盘）：SW（225°） 标注尖指向纸面右下
1、 起飞点经纬度： N:27°46'36 E:123°12'17”
2、 2点经纬度： :27°46′19” E:123°12'27”"
gsec_5ac52d59fbfa,qbank_6fefd796641a,doc_e6aa2656863c,实操题库_地面站考试条件_2026H1_罗盘双坐标题型.txt_4,实操题库_地面站考试条件_2026H1_罗盘双坐标题型.txt,2026H1,2026H1,2026-01-01,2026-06-30,CAAC执照考试地面站实操真题考试条件,罗盘双坐标题型,罗盘双坐标题型-考试条件提取.docx,地面站考试真题（2026年1月-6月）/罗盘双坐标题型/罗盘双坐标题型-考试条件提取.docx,5,17,98,山东05考场,山东,05考场,2026-04-12,5,经纬度换算;航向方位判断;夹角计算;速度高度参数设置;转弯停留循环设置;几何图形航线规划;起飞返航点定位;题型:罗盘双坐标,doc_condition_count_mismatch;source_gap,"山东05考场地面站真题 | 日期：2026.04.12
(一) 与 的相对方位由委任代表根据现场环境等 情况进行决定。规划一个五边形并循环执行，①②边及②③边的边长为a, ∠②=∠④=∠①为90°，航线相对地面高度为b,水平速度为c,垂直速度为d, 转弯模式为协调转弯；
(二) a值建议为50米，b值建议为50米，c值建议为3m/s,d值建议 为2m/s,e值建议为10s。
附加条件 整体航线坐标（罗盘）：SW（225°） 标注尖指向纸面右下
1、 起飞点经纬度： N:25°46′12"" E:126°12'18”
2、 2点经纬度： N: 25°46'12” E:126°12'16”"
gsec_db451dcb0664,qbank_6fefd796641a,doc_e6aa2656863c,实操题库_地面站考试条件_2026H1_罗盘双坐标题型.txt_5,实操题库_地面站考试条件_2026H1_罗盘双坐标题型.txt,2026H1,2026H1,2026-01-01,2026-06-30,CAAC执照考试地面站实操真题考试条件,罗盘双坐标题型,罗盘双坐标题型-考试条件提取.docx,地面站考试真题（2026年1月-6月）/罗盘双坐标题型/罗盘双坐标题型-考试条件提取.docx,6,17,98,北京01考场,北京,01考场,2026-04-19,5,经纬度换算;航向方位判断;速度高度参数设置;转弯停留循环设置;几何图形航线规划;起飞返航点定位;题型:罗盘双坐标,doc_condition_count_mismatch;source_gap,"北京01考场地面站真题 | 日期：2026.04.19
(一) 规划一个闭合六边形并循环执行，边长为a,①②③航点 相对地面高度为b，④⑤⑥航点相对地面高度为℃，水平速度为d, 垂直速度为e,转弯方式为停止转弯，各点停留时间为f；
(二) a值为300米，b值为30米，c值为25m,d值为4m/s, e值为2m/s,f值为2s
附加条件 整体航线坐标（罗盘）：SW（225°） 标注尖指向纸面右下
1、 起飞点经纬度： N:27°46′36 E:123°12'17
2、 2点经纬度： N: 27°46′19” E:123°12′27”"
gsec_fc0660d3af0f,qbank_6fefd796641a,doc_e6aa2656863c,实操题库_地面站考试条件_2026H1_罗盘双坐标题型.txt_6,实操题库_地面站考试条件_2026H1_罗盘双坐标题型.txt,2026H1,2026H1,2026-01-01,2026-06-30,CAAC执照考试地面站实操真题考试条件,罗盘双坐标题型,罗盘双坐标题型-考试条件提取.docx,地面站考试真题（2026年1月-6月）/罗盘双坐标题型/罗盘双坐标题型-考试条件提取.docx,7,17,98,江苏01考场,江苏,01考场,2026-04-22,5,经纬度换算;航向方位判断;夹角计算;速度高度参数设置;转弯停留循环设置;几何图形航线规划;起飞返航点定位;题型:罗盘双坐标,doc_condition_count_mismatch;source_gap,"江苏01考场地面站真题 | 日期：2026.04.22
(一) 与 的相对方位由委任代表根据 现场环境等情况进行决定。按图于起飞点前规划一个五边形并循环执 行，①②边及②③边的边长为a,∠②=∠④=∠①为90°，航线相 对地面高度为b，水平速度为c，转弯模式为停止转弯，各点停留 时间为e;
(二) a值为30米，b值为30米，c值为3m/s,e值 为2s。 (航线方位及各数值可由委任代表按实际情况进行调整， 考题以委任代表规定数值为准) 老吉效空， 口组，
附加条件 整体航线坐标（罗盘）：SW（225°） 标注尖指向纸面左上
1、 起飞点经纬度： N:28°39'23"" E:115°56′32”
2、 3点经纬度： N:28°39′36” E:115°56'42”"
gsec_10b5e82a1ca3,qbank_6fefd796641a,doc_e6aa2656863c,实操题库_地面站考试条件_2026H1_罗盘双坐标题型.txt_7,实操题库_地面站考试条件_2026H1_罗盘双坐标题型.txt,2026H1,2026H1,2026-01-01,2026-06-30,CAAC执照考试地面站实操真题考试条件,罗盘双坐标题型,罗盘双坐标题型-考试条件提取.docx,地面站考试真题（2026年1月-6月）/罗盘双坐标题型/罗盘双坐标题型-考试条件提取.docx,8,17,98,湖北01考场,湖北,01考场,2026-04-26,5,经纬度换算;航向方位判断;速度高度参数设置;转弯停留循环设置;几何图形航线规划;起飞返航点定位;题型:罗盘双坐标,doc_condition_count_mismatch;source_gap,"湖北01考场地面站真题 | 日期：2026.04.26
(一) 规划一个闭合六边形并循环执行，边长为a,①②③航点 相对地面高度为b,④⑤⑥航点相对地面高度为c,水平速度为d, 垂直速度为e,转弯方式为停止转弯，各点停留时间为f;
(二) a值为300米，b值为30米，c值为25m,d值为4m/s, e值为2m/s,f值为2s。
附加条件 整体航线坐标（罗盘）：SW（225°） 标注尖指向纸面右下
1、 起飞点经纬度： N:27°46′36” E:123°12'17""
2、 2点经纬度： N:27°46'19” E:123°12'27"""
gsec_de4e4207cce7,qbank_6fefd796641a,doc_e6aa2656863c,实操题库_地面站考试条件_2026H1_罗盘双坐标题型.txt_8,实操题库_地面站考试条件_2026H1_罗盘双坐标题型.txt,2026H1,2026H1,2026-01-01,2026-06-30,CAAC执照考试地面站实操真题考试条件,罗盘双坐标题型,罗盘双坐标题型-考试条件提取.docx,地面站考试真题（2026年1月-6月）/罗盘双坐标题型/罗盘双坐标题型-考试条件提取.docx,9,17,98,湖北01考场,湖北,01考场,2026-04-26,5,经纬度换算;航向方位判断;速度高度参数设置;转弯停留循环设置;起飞返航点定位;题型:罗盘双坐标,doc_condition_count_mismatch;source_gap,"湖北01考场地面站真题 | 日期：2026.04.26
(一) 规划扫描航线要求不闭合不循环，航线长度为a,航线间隔 为b,航线相对地面高度为c,水平速度为d,垂直速度为e,转弯模式 为停止转弯，各点停留时间为f;
(二) a值为300米，b值为100米，c值为300m,d值为3m/s, e值为2m/s,f值为10s。
附加条件 整体航线坐标（罗盘）：SW（225°） 标注尖指向纸面右下
1、 起飞点经纬度： N:27°46'36” E:123°12'17
2、 2点经纬度： N:27°46'19” E:123°12'27"""
gsec_07a77d9edbd0,qbank_6fefd796641a,doc_e6aa2656863c,实操题库_地面站考试条件_2026H1_罗盘双坐标题型.txt_9,实操题库_地面站考试条件_2026H1_罗盘双坐标题型.txt,2026H1,2026H1,2026-01-01,2026-06-30,CAAC执照考试地面站实操真题考试条件,罗盘双坐标题型,罗盘双坐标题型-考试条件提取.docx,地面站考试真题（2026年1月-6月）/罗盘双坐标题型/罗盘双坐标题型-考试条件提取.docx,10,17,98,湖北01考场,湖北,01考场,2026-04-26,5,经纬度换算;航向方位判断;夹角计算;速度高度参数设置;转弯停留循环设置;几何图形航线规划;起飞返航点定位;题型:罗盘双坐标,doc_condition_count_mismatch;source_gap,"湖北01考场地面站真题 | 日期：2026.04.26
(一) 按图规划一个闭合四边形并循环执行，①②边、②③边边长 为a,①④边边长为b,∠②=∠①=90°航线相对地面高度为c,水 平速度为d，垂直速度为e,转弯模式为停止转弯，停留时间5s；
(二) a值为200米，b值为300米，c值为300m,d值为 3m/s,e值为2m/s。
附加条件 整体航线坐标（罗盘）：SW（225°） 标注尖指向纸面右下
1、 起飞点经纬度： N:27°46'36” E:123°12'17”
2、 2点经纬度： N:27°46'19” E:123°12'27”"
gsec_fdbebd995cc6,qbank_6fefd796641a,doc_e6aa2656863c,实操题库_地面站考试条件_2026H1_罗盘双坐标题型.txt_10,实操题库_地面站考试条件_2026H1_罗盘双坐标题型.txt,2026H1,2026H1,2026-01-01,2026-06-30,CAAC执照考试地面站实操真题考试条件,罗盘双坐标题型,罗盘双坐标题型-考试条件提取.docx,地面站考试真题（2026年1月-6月）/罗盘双坐标题型/罗盘双坐标题型-考试条件提取.docx,11,17,98,湖北01考场,湖北,01考场,2026-04-26,5,经纬度换算;航向方位判断;速度高度参数设置;转弯停留循环设置;几何图形航线规划;起飞返航点定位;题型:罗盘双坐标,doc_condition_count_mismatch;source_gap,"湖北01考场地面站真题 | 日期：2026.04.26
(一) 按图规划一个闭合的任务航线并循环执行，①③、②③、 ②④、①④边长为300米，①点相对地面高度为a,②点相对地面高度 为b,③点相对地面高度为c,④点相对地面高度为d,水平速度为e, 垂直速度为f，转弯模式为停止转弯，停留时间2s;
(二) a值为20米，b值为25米，c值为30m,d值为20m, e值为2m/s,f值为2m/s。
附加条件 整体航线坐标（罗盘）：SW（225°） 标注尖指向纸面右下
1、 起飞点经纬度： N:27°46'36” E:123°12'17”
2、 2点经纬度： N: 27°46'194 E:123°12'27”"
gsec_e416111c8b02,qbank_6fefd796641a,doc_e6aa2656863c,实操题库_地面站考试条件_2026H1_罗盘双坐标题型.txt_11,实操题库_地面站考试条件_2026H1_罗盘双坐标题型.txt,2026H1,2026H1,2026-01-01,2026-06-30,CAAC执照考试地面站实操真题考试条件,罗盘双坐标题型,罗盘双坐标题型-考试条件提取.docx,地面站考试真题（2026年1月-6月）/罗盘双坐标题型/罗盘双坐标题型-考试条件提取.docx,12,17,98,山东02考场,山东,02考场,2026-04-13,5,经纬度换算;航向方位判断;速度高度参数设置;转弯停留循环设置;几何图形航线规划;起飞返航点定位;题型:罗盘双坐标,doc_condition_count_mismatch;source_gap,"山东02考场地面站真题 | 日期：2026.04.13
(一) 与 的相对方位由委任代表根据 现场环境等情况进行决定。于起飞点前规划一个六边形并循环执行，边 长为a,①②③航点相对地面高度为b,④⑤⑥航点相对地面高度为c, 水平速度为d,垂直速度为e,转弯方式为停止转弯，各点停留时间为 f;
(二) a值为建议30米（误差≤±3米），b值建议为25米， c值建议为30m,d值建议为2m/s,e值建议为1m/s,f值建议为 2s。(航线方位及各数值可由委任代表按实际情况进行调整，考题以委 任代表规定数值为准)
附加条件 整体航线坐标（罗盘）：SW（225°） 标注尖指向纸面右下
1、 起飞点经纬度： N28°39′23” E:115°56'32""
2、 2点经纬度： N28°39′13"" E:115°56'36”"
gsec_8f89a7dd1bdf,qbank_6fefd796641a,doc_e6aa2656863c,实操题库_地面站考试条件_2026H1_罗盘双坐标题型.txt_12,实操题库_地面站考试条件_2026H1_罗盘双坐标题型.txt,2026H1,2026H1,2026-01-01,2026-06-30,CAAC执照考试地面站实操真题考试条件,罗盘双坐标题型,罗盘双坐标题型-考试条件提取.docx,地面站考试真题（2026年1月-6月）/罗盘双坐标题型/罗盘双坐标题型-考试条件提取.docx,13,17,98,河北03考场,河北,03考场,2026-04-10,5,经纬度换算;航向方位判断;速度高度参数设置;转弯停留循环设置;起飞返航点定位;题型:罗盘双坐标,doc_condition_count_mismatch;source_gap,"河北03考场地面站真题 | 日期：2026.04.10
(一) 与 的相对方位由委任代表根据 现场环境等情况进行决定。按图于起飞点前规划扫描航线。航线长度 为a,航线间隔为b,航线相对地面高度为c,水平速度为d,垂直 速度为e，转弯模式为停止转弯，停留时间不作要求；
(二) a值建议为30米（误差≤±3米），b值建议为10米， (误差≤±1米)，c建议为30m,d值建议为3m/s。e值建议 为1m/s。(航线方位及各数值可由委任代表按实际情况进行调整， 考题以委任代表规定数值为准)
附加条件 整体航线坐标（罗盘）：SW（225°） 标注尖指向纸面右下
1、 起飞点经纬度： N:27°46′36” E:123°12'17
2、 2点经纬度： N:27°46′19"" E:123°12′27"
gsec_864b51c731d3,qbank_6fefd796641a,doc_e6aa2656863c,实操题库_地面站考试条件_2026H1_罗盘双坐标题型.txt_13,实操题库_地面站考试条件_2026H1_罗盘双坐标题型.txt,2026H1,2026H1,2026-01-01,2026-06-30,CAAC执照考试地面站实操真题考试条件,罗盘双坐标题型,罗盘双坐标题型-考试条件提取.docx,地面站考试真题（2026年1月-6月）/罗盘双坐标题型/罗盘双坐标题型-考试条件提取.docx,14,17,98,天津03考场,天津,03考场,2026-06-02,10,经纬度换算;航向方位判断;夹角计算;速度高度参数设置;转弯停留循环设置;几何图形航线规划;起飞返航点定位;题型:罗盘双坐标,doc_condition_count_mismatch;source_gap,"天津03考场地面站真题 | 日期：2026.06.02
1. 该任务航线为如图五边形，航线高度为65M
2. 该图形航线长度为 任务航线每条边长为300米处
3. 起飞点/返航点要求 起飞点位于③号点正南方向300M
4. 水平速度 14.4km/h
5. 垂直速度 7.2 km/h
6. 航向（或位置要求） ⑤点到③点航向角为1：30分 (时针与分针夹角)
7. 转弯模式为 停止转弯、③点和⑤点停留5秒、 ☆ 其余各点协调转弯
8. 航线要求 手动闭合，任务完成后返回起飞点
9. 起飞点经纬度：E112°29′25”，N37°46'40”
10. 起飞点高度比航线高度高30M"
gsec_4d15d2062c3c,qbank_6fefd796641a,doc_e6aa2656863c,实操题库_地面站考试条件_2026H1_罗盘双坐标题型.txt_14,实操题库_地面站考试条件_2026H1_罗盘双坐标题型.txt,2026H1,2026H1,2026-01-01,2026-06-30,CAAC执照考试地面站实操真题考试条件,罗盘双坐标题型,罗盘双坐标题型-考试条件提取.docx,地面站考试真题（2026年1月-6月）/罗盘双坐标题型/罗盘双坐标题型-考试条件提取.docx,15,17,98,,,,2026-06-09,9,经纬度换算;航向方位判断;夹角计算;速度高度参数设置;转弯停留循环设置;几何图形航线规划;起飞返航点定位;题型:罗盘双坐标,doc_condition_count_mismatch;source_gap,"贵州01考点地面站真题 | 日期：2026.06.09
1、 起飞点/返航点要求：H-①=H-④，∠H ①②=∠H④③=105°
2、 航向（或位置要求）：②-③的航向为2 点30分，时针与分针的夹角。
3、 起飞点经纬度：E:104.4615°，N30.86 97°
4、 起飞点高度为航线高度。
1、 该任务航线为如图四边形，航线高度为100m。
2、 该图形航线长度：①③②④为正方形，边长120m。
3、 水平速度为5m/s,垂直速度为2m/s。
4、 转弯模式：定点转弯，各点停留时间2秒。
5、 是否循环执行：任务航线闭合循环，任务完成后返航悬停。"
gsec_2193fcc3febe,qbank_6fefd796641a,doc_e6aa2656863c,实操题库_地面站考试条件_2026H1_罗盘双坐标题型.txt_15,实操题库_地面站考试条件_2026H1_罗盘双坐标题型.txt,2026H1,2026H1,2026-01-01,2026-06-30,CAAC执照考试地面站实操真题考试条件,罗盘双坐标题型,罗盘双坐标题型-考试条件提取.docx,地面站考试真题（2026年1月-6月）/罗盘双坐标题型/罗盘双坐标题型-考试条件提取.docx,16,17,98,河南03考场,河南,03考场,2026-05-27,7,经纬度换算;航向方位判断;夹角计算;速度高度参数设置;转弯停留循环设置;几何图形航线规划;起飞返航点定位;题型:罗盘双坐标,doc_condition_count_mismatch;source_gap,"河南03考场地面站真题 | 日期：2026.05.27
1、 图形如下，任务航线如图所示，边长1-4=2-3=80m,1-2=160m;
2、 起飞点到1点航向角为135°，起飞点到2点距离80m;
3、 航线高度为50m,水平速度为4ms,垂直速度为1ms:
4、 转弯模式为：定点转弯，各点停留时间3s
5、 图形循环模式为：闭合循环3圈
6、 1到2的航向角为300°
7、 1点的经纬度坐标为N33°37′48”E115°13’28""（要求零误差）"
gsec_e363fb713f4d,qbank_6fefd796641a,doc_e6aa2656863c,实操题库_地面站考试条件_2026H1_罗盘双坐标题型.txt_16,实操题库_地面站考试条件_2026H1_罗盘双坐标题型.txt,2026H1,2026H1,2026-01-01,2026-06-30,CAAC执照考试地面站实操真题考试条件,罗盘双坐标题型,罗盘双坐标题型-考试条件提取.docx,地面站考试真题（2026年1月-6月）/罗盘双坐标题型/罗盘双坐标题型-考试条件提取.docx,17,17,98,新疆01考场,新疆,01考场,2026-05-23,5,经纬度换算;航向方位判断;夹角计算;速度高度参数设置;转弯停留循环设置;几何图形航线规划;起飞返航点定位;题型:罗盘双坐标,doc_condition_count_mismatch;source_gap,"新疆01考场地面站真题 | 日期：2026.05.23
(一) 于起飞点前规划一个等腰直角三角形，①②边长为a1,①③边 长为a2,∠①为直角，航线相对地面高度b,水平速度为c,垂直速度为d, 转弯方式为停止转弯，停留时间不作要求；
(二) al、a2值为30米，b值为30米，c值为3m/5,d值为1m/s。
一： ②点经纬度： N:24.9435° E:102°42'30.44
二： H点位置在①②边的 延长线上，但不与①②边 重叠，H→③点长度为50 米。
三： ③点位于②点的正东 面"
gsec_0e50dbd33882,qbank_7f9e06c80aa9,doc_34949a77c6c0,实操题库_地面站考试条件_2026H1_航向相同相反题型.txt_0,实操题库_地面站考试条件_2026H1_航向相同相反题型.txt,2026H1,2026H1,2026-01-01,2026-06-30,CAAC执照考试地面站实操真题考试条件,航向相同相反题型,航向相同相反题型-考试条件提取.docx,地面站考试真题（2026年1月-6月）/航向相同相反题型/航向相同相反题型-考试条件提取.docx,1,118,596,江苏03考场,江苏,03考场,2026-04-05,6,经纬度换算;航向方位判断;夹角计算;速度高度参数设置;转弯停留循环设置;几何图形航线规划;起飞返航点定位;题型:航向相同相反,doc_condition_count_mismatch;source_gap,"江苏03考场地面站真题 | 日期：2026.04.05
(一) 与 的相对方位由委任代表根据 现场环境等情况进行决定。按图于起飞点前规划一个五边形并循环执 行，①②边及②③边的边长为a,∠②=∠④=∠①为90°，航线相 对地面高度为b,水平速度为c，垂直速度为d，转弯模式为停止 转弯，各点停留时间为e;
(二) a值建议为30米，b值建议为30米，c值建议为 3m/s,d建议为1m/s,e值建议为2s。(航线方位及各数值可由 委任代表按实际情况进行调整，考题以委任代表规定数值为准) 。
1、 起飞点经纬度： N:28°08'10"" E:115°16′02”
2、 当地风向：东南风 H-1为逆风
3、 3-2与H-1相向航向
4、 H-1距离120米"
gsec_5e043e46440c,qbank_7f9e06c80aa9,doc_34949a77c6c0,实操题库_地面站考试条件_2026H1_航向相同相反题型.txt_1,实操题库_地面站考试条件_2026H1_航向相同相反题型.txt,2026H1,2026H1,2026-01-01,2026-06-30,CAAC执照考试地面站实操真题考试条件,航向相同相反题型,航向相同相反题型-考试条件提取.docx,地面站考试真题（2026年1月-6月）/航向相同相反题型/航向相同相反题型-考试条件提取.docx,2,118,596,江苏03考场,江苏,03考场,2026-04-05,6,经纬度换算;航向方位判断;夹角计算;速度高度参数设置;转弯停留循环设置;几何图形航线规划;起飞返航点定位;题型:航向相同相反,doc_condition_count_mismatch;source_gap,"江苏03考场地面站真题 | 日期：2026.04.05
(一) 与 的相对方位由委任代表根据 现场环境等情况进行决定。按图于起飞点前规划一个四边形并循环执 行，①②边、②③边边长为a,③④边边长为b,∠②=∠③=90 航线相对地面高度为c，水平速度为d，垂直速度为e，转弯模式为 停止转弯，停留时间不作要求；
(二) a值建议为20米，b值建议为30米，c值建议为30m, d值建议为3m/s,e值建议为2m/s。(航线方位及各数值可由委任 代表按实际情况进行调整，考题以委任代表规定数值为准)
1、 起飞点经纬度： N:28°39′32” E:115°3612""
2、 H到2距离100米
3、 H-2与与2-3航向相反
4、 2位于H西偏南30"
gsec_59ba7c2bfafb,qbank_7f9e06c80aa9,doc_34949a77c6c0,实操题库_地面站考试条件_2026H1_航向相同相反题型.txt_2,实操题库_地面站考试条件_2026H1_航向相同相反题型.txt,2026H1,2026H1,2026-01-01,2026-06-30,CAAC执照考试地面站实操真题考试条件,航向相同相反题型,航向相同相反题型-考试条件提取.docx,地面站考试真题（2026年1月-6月）/航向相同相反题型/航向相同相反题型-考试条件提取.docx,3,118,596,山西03考场,山西,03考场,2026-04-06,5,经纬度换算;航向方位判断;速度高度参数设置;转弯停留循环设置;起飞返航点定位;题型:航向相同相反,doc_condition_count_mismatch;source_gap,"山西03考场地面站真题 | 日期：2026.04.06
(一) 与 的相对方位由委任代表根据 现场环境等情况进行决定。规划扫描航线要求不闭合不循环，航线长 度为a,航线间隔为b,航线相对地面高度为c,水平速度为d,垂 直速度为e，转弯模式为停止转弯，停留时间不作要求；
(二) a值为300米，b值为100米，c值为300m,d值为3m/s, e值为2m/s。
1、 起飞点经纬度： N:27°46'19” E:123°12'17”
2、 起飞点到任务航 线3点的距离是200 米。 起飞点-2点和6点-7 点航向相同。
3、 3号点位于起飞 点NE方向"
gsec_d657d11a1f17,qbank_7f9e06c80aa9,doc_34949a77c6c0,实操题库_地面站考试条件_2026H1_航向相同相反题型.txt_3,实操题库_地面站考试条件_2026H1_航向相同相反题型.txt,2026H1,2026H1,2026-01-01,2026-06-30,CAAC执照考试地面站实操真题考试条件,航向相同相反题型,航向相同相反题型-考试条件提取.docx,地面站考试真题（2026年1月-6月）/航向相同相反题型/航向相同相反题型-考试条件提取.docx,4,118,596,山西03考场,山西,03考场,2026-04-06,5,经纬度换算;航向方位判断;夹角计算;速度高度参数设置;转弯停留循环设置;几何图形航线规划;起飞返航点定位;题型:航向相同相反,doc_condition_count_mismatch;source_gap,"山西03考场地面站真题 | 日期：2026.04.06
(一) 与 的相对方位由委任代表根据现场环境等 情况进行决定。规划一个五边形并循环执行，①②边及②③边的边长为a, ∠②=∠④=∠①为90°，航线相对地面高度为b,水平速度为c,垂直速度为d, 转弯模式为停止转弯，各点停留时间为e;
(二) a值建议为30米，b值建议为30米，c值建议为3m/s，d值建议 为1m/s,e值建议为2s。
1、 起飞点经纬度： N:27°46′19"" E:123°12'17""
2、 起飞点到任务航线2 点的距离是100米。 起飞点-2点和1点-2点航 5 向相反。
3、 1号点位于起飞点SE 方位。"
gsec_226772f6a2a7,qbank_7f9e06c80aa9,doc_34949a77c6c0,实操题库_地面站考试条件_2026H1_航向相同相反题型.txt_4,实操题库_地面站考试条件_2026H1_航向相同相反题型.txt,2026H1,2026H1,2026-01-01,2026-06-30,CAAC执照考试地面站实操真题考试条件,航向相同相反题型,航向相同相反题型-考试条件提取.docx,地面站考试真题（2026年1月-6月）/航向相同相反题型/航向相同相反题型-考试条件提取.docx,5,118,596,山西03考场,山西,03考场,2026-04-06,5,经纬度换算;航向方位判断;夹角计算;速度高度参数设置;转弯停留循环设置;几何图形航线规划;起飞返航点定位;题型:航向相同相反,doc_condition_count_mismatch;source_gap,"山西03考场地面站真题 | 日期：2026.04.06
(一) 与 的相对方位由委任代表根据 现场环境等情况进行决定。按图规划一个四边形并循环执行，①②边、 ②③边边长为a，③④边边长为b，∠②=∠③=90°，航线相对地 面高度为c，水平速度为d，垂直速度为e，转弯模式为停止转弯， 停留时间5s;
(二) a值为200米，b值为300米，c值为300m,d值为 3m/s,e值为2m/s。
1、 起飞点经纬度： N:27°46′19” E:123°12'17”
2、 起飞点到任务航线1点 的距离是100米。 起飞点-1点和2点-3点航向 相同。
3、 1号点位于起飞点SE方 位。"
gsec_097d896268fa,qbank_7f9e06c80aa9,doc_34949a77c6c0,实操题库_地面站考试条件_2026H1_航向相同相反题型.txt_5,实操题库_地面站考试条件_2026H1_航向相同相反题型.txt,2026H1,2026H1,2026-01-01,2026-06-30,CAAC执照考试地面站实操真题考试条件,航向相同相反题型,航向相同相反题型-考试条件提取.docx,地面站考试真题（2026年1月-6月）/航向相同相反题型/航向相同相反题型-考试条件提取.docx,6,118,596,吉林01考场,吉林,01考场,2026-04-08,5,经纬度换算;航向方位判断;夹角计算;速度高度参数设置;转弯停留循环设置;几何图形航线规划;起飞返航点定位;题型:航向相同相反,doc_condition_count_mismatch;source_gap,"吉林01考场地面站真题 | 日期：2026.04.08
(一) 与 的相对方位由委任代表根据 现场环境等情况进行决定。规划一个等腰直角三角形并循环执行， ①②边长为a1,①③边长为a2,∠①为直角，航线相对地面高度b, 水平速度为c，垂直速度为d，转弯方式为停止转弯，停留时间5s;
(二) a1、a2值为30米，b值为30米，c值为3m/s,d 值为2m/s。
1、 起飞点经纬度： N:28°39'30"" E:115°58'54""
2、 当地风向：西北风H-1 逆风飞行，H点距离1点 120米。
3、 2-3的航向和H-1的航 向相反。"
gsec_efe133d60f3d,qbank_7f9e06c80aa9,doc_34949a77c6c0,实操题库_地面站考试条件_2026H1_航向相同相反题型.txt_6,实操题库_地面站考试条件_2026H1_航向相同相反题型.txt,2026H1,2026H1,2026-01-01,2026-06-30,CAAC执照考试地面站实操真题考试条件,航向相同相反题型,航向相同相反题型-考试条件提取.docx,地面站考试真题（2026年1月-6月）/航向相同相反题型/航向相同相反题型-考试条件提取.docx,7,118,596,吉林01考场,吉林,01考场,2026-04-08,5,经纬度换算;航向方位判断;速度高度参数设置;转弯停留循环设置;起飞返航点定位;题型:航向相同相反,doc_condition_count_mismatch;source_gap,"吉林01考场地面站真题 | 日期：2026.04.08
(一) 与 的相对方位由委任代表根据 现场环境等情况进行决定。规划扫描航线要求不闭合不循环，航线长 度为a,航线间隔为b,航线相对地面高度为c,水平速度为d,垂 直速度为e，转弯模式为停止转弯，停留时间不作要求；
(二) a值为300米，b值为100米，c值为300m,d值为3m/s, e值为2m/s。
1、 起飞点经纬度： N:28°39′30"" 8 E:115°58'54”
2、 起飞点到任务航线2点 的距离是100米。 起飞点-2点和2点-3点航向 相同。
3、 3号点位于起飞点SE 方位"
gsec_e25a30436d71,qbank_7f9e06c80aa9,doc_34949a77c6c0,实操题库_地面站考试条件_2026H1_航向相同相反题型.txt_7,实操题库_地面站考试条件_2026H1_航向相同相反题型.txt,2026H1,2026H1,2026-01-01,2026-06-30,CAAC执照考试地面站实操真题考试条件,航向相同相反题型,航向相同相反题型-考试条件提取.docx,地面站考试真题（2026年1月-6月）/航向相同相反题型/航向相同相反题型-考试条件提取.docx,8,118,596,吉林01考场,吉林,01考场,2026-04-08,5,经纬度换算;航向方位判断;夹角计算;速度高度参数设置;转弯停留循环设置;几何图形航线规划;起飞返航点定位;题型:航向相同相反,doc_condition_count_mismatch;source_gap,"吉林01考场地面站真题 | 日期：2026.04.08
(一) 与 的相对方位由委任代表根据 现场环境等情况进行决定。规划一个五边形并循环执行，①②边及 ②③边的边长为a,∠②=∠④=∠①为90°，航线相对地面高度为 b，水平速度为c，垂直速度为d，转弯模式为停止转弯，各点停 留时间为e;
(二) a值为50米，b值为50米，c值为3m/s,d为2m/s, e值为10s。
1、 起飞点经纬度： N:28°39'30"" 4 E:115°58′54”
2、 起飞点到任务航线2点 的距离是100米。 起飞点-2点和1点-2点航向 相反。
3、 1号点位于起飞点SW 方位"
gsec_c1b642a9e754,qbank_7f9e06c80aa9,doc_34949a77c6c0,实操题库_地面站考试条件_2026H1_航向相同相反题型.txt_8,实操题库_地面站考试条件_2026H1_航向相同相反题型.txt,2026H1,2026H1,2026-01-01,2026-06-30,CAAC执照考试地面站实操真题考试条件,航向相同相反题型,航向相同相反题型-考试条件提取.docx,地面站考试真题（2026年1月-6月）/航向相同相反题型/航向相同相反题型-考试条件提取.docx,9,118,596,吉林01考场,吉林,01考场,2026-04-08,5,经纬度换算;航向方位判断;夹角计算;速度高度参数设置;转弯停留循环设置;几何图形航线规划;起飞返航点定位;题型:航向相同相反,doc_condition_count_mismatch;source_gap,"吉林01考场地面站真题 | 日期：2026.04.08
(一) 与 的相对方位由委任代表根据 现场环境等情况进行决定。按图规划一个四边形并循环执行，①②边、 ②③边边长为a，③④边边长为b，∠②=∠③=90°，航线相对地 面高度为c，水平速度为d，垂直速度为e，转弯模式为停止转弯， 停留时间5s;
(二) a值为200米，b值为300米，c值为300m,d值为 3m/s,e值为2m/s。
1、 起飞点经纬度： N:28°39′30"" E:115°58′54""
2、 起飞点到任务航线2点 的距离是100米。 起飞点-1点和2点-1点航向 相同。
3、 1号点位于起飞点SE 方位"
gsec_bfbbf05bca5c,qbank_7f9e06c80aa9,doc_34949a77c6c0,实操题库_地面站考试条件_2026H1_航向相同相反题型.txt_9,实操题库_地面站考试条件_2026H1_航向相同相反题型.txt,2026H1,2026H1,2026-01-01,2026-06-30,CAAC执照考试地面站实操真题考试条件,航向相同相反题型,航向相同相反题型-考试条件提取.docx,地面站考试真题（2026年1月-6月）/航向相同相反题型/航向相同相反题型-考试条件提取.docx,10,118,596,广东02考场,广东,02考场,2026-04-08,5,经纬度换算;航向方位判断;夹角计算;速度高度参数设置;转弯停留循环设置;几何图形航线规划;起飞返航点定位;题型:航向相同相反,doc_condition_count_mismatch;source_gap,"广东02考场地面站真题 | 日期：2026.04.08
(一) 规划一个闭合五边形并循环执行，①②、②③、③④、④⑤、①⑤边 的边长为a,∠②=∠①为90°，航线相对地面高度为b,水平速度为c，垂直 速度为d,转弯模式为停止转弯，各点停留时间为e;
(二) a值为50米，b值为50米，c值为3m/s,d值为2m/s,e值为 10so
一： 起飞点经纬度： N:28°00'12"" E:115°0632”
二： 起飞点到任务航线 1点的距离是100米。 起飞点到1和4点到5点 航向相同。
三： 1号点位于起飞点 南偏东25°"
gsec_5c08a652a3ed,qbank_7f9e06c80aa9,doc_34949a77c6c0,实操题库_地面站考试条件_2026H1_航向相同相反题型.txt_10,实操题库_地面站考试条件_2026H1_航向相同相反题型.txt,2026H1,2026H1,2026-01-01,2026-06-30,CAAC执照考试地面站实操真题考试条件,航向相同相反题型,航向相同相反题型-考试条件提取.docx,地面站考试真题（2026年1月-6月）/航向相同相反题型/航向相同相反题型-考试条件提取.docx,11,118,596,广东02考场,广东,02考场,2026-04-08,5,经纬度换算;航向方位判断;夹角计算;速度高度参数设置;转弯停留循环设置;几何图形航线规划;起飞返航点定位;题型:航向相同相反,doc_condition_count_mismatch;source_gap,"广东02考场地面站真题 | 日期：2026.04.08
(一) 按图规划一个闭合四边形并循环执行，①②边、②③边边 长为a,①④边边长为b,∠①=∠②=90°航线相对地面高度为c, 水平速度为d，垂直速度为e,转弯模式为停止转弯，停留时间5s；
(二) a值为200米，b值为400米，c值为300m,d值为 3m/s,e值为2m/s。
一： 起飞点经纬度： N:28°39'30” E:115°56'32""
二： 起飞点到任务航线1 点的距离是100米。 起飞点到1点和4点3点 航向相同。
三： 3号点位于4点 西偏北15°。"
gsec_4fabc63ee718,qbank_7f9e06c80aa9,doc_34949a77c6c0,实操题库_地面站考试条件_2026H1_航向相同相反题型.txt_11,实操题库_地面站考试条件_2026H1_航向相同相反题型.txt,2026H1,2026H1,2026-01-01,2026-06-30,CAAC执照考试地面站实操真题考试条件,航向相同相反题型,航向相同相反题型-考试条件提取.docx,地面站考试真题（2026年1月-6月）/航向相同相反题型/航向相同相反题型-考试条件提取.docx,12,118,596,四川01考场,四川,01考场,2026-04-10,5,经纬度换算;航向方位判断;夹角计算;速度高度参数设置;转弯停留循环设置;几何图形航线规划;起飞返航点定位;题型:航向相同相反,doc_condition_count_mismatch;source_gap,"四川01考场地面站真题 | 日期：2026.04.10
(一) 规划一个闭合五边形并循环执行，①②、②③、①⑤边的边长为a, ∠②=∠①为90°，航线相对地面高度为b，水平速度为c，垂直速度为d,转 弯模式为停止转弯，各点停留时间为e;
(二) a值为50米，b值为50米，c值为3m/s,d值为2m/s,e值为 10s。
一： 起飞点经纬度： N28°03′11"" E:115°0933”
二： 起飞点到任务航线 1点的距离是200米。 起飞点到1点和4点到5 点航向相同。 A
三： 1号点位于起飞点 南偏东35"
gsec_e41d0781db4b,qbank_7f9e06c80aa9,doc_34949a77c6c0,实操题库_地面站考试条件_2026H1_航向相同相反题型.txt_12,实操题库_地面站考试条件_2026H1_航向相同相反题型.txt,2026H1,2026H1,2026-01-01,2026-06-30,CAAC执照考试地面站实操真题考试条件,航向相同相反题型,航向相同相反题型-考试条件提取.docx,地面站考试真题（2026年1月-6月）/航向相同相反题型/航向相同相反题型-考试条件提取.docx,13,118,596,四川01考场,四川,01考场,2026-04-10,5,经纬度换算;航向方位判断;夹角计算;速度高度参数设置;转弯停留循环设置;几何图形航线规划;起飞返航点定位;题型:航向相同相反,doc_condition_count_mismatch;source_gap,"四川01考场地面站真题 | 日期：2026.04.10
(一) 按图规划一个闭合四边形并循环执行，①②边、②③边边 长为a,①④边边长为b,∠①=∠②=90°∠④=45°，航线相对地 面高度为c，水平速度为d，垂直速度为e,转弯模式为停止转弯， 停留时间5s；
(二) a值为200米，b值为400米，c值为300m,d值为 3m/s,e值为2m/s
一： 起飞点经纬度： N:23°31'04"" E:117°52'01""
二： 起飞点到任务航线1 点的距离是100米。 起飞点到1点和4点到3 点航向相同。
三： 3号点位于4点东偏 南15°。"
gsec_4f429b03a7a8,qbank_7f9e06c80aa9,doc_34949a77c6c0,实操题库_地面站考试条件_2026H1_航向相同相反题型.txt_13,实操题库_地面站考试条件_2026H1_航向相同相反题型.txt,2026H1,2026H1,2026-01-01,2026-06-30,CAAC执照考试地面站实操真题考试条件,航向相同相反题型,航向相同相反题型-考试条件提取.docx,地面站考试真题（2026年1月-6月）/航向相同相反题型/航向相同相反题型-考试条件提取.docx,14,118,596,湖北04考场,湖北,04考场,2026-04-10,5,经纬度换算;航向方位判断;夹角计算;速度高度参数设置;转弯停留循环设置;几何图形航线规划;起飞返航点定位;题型:航向相同相反,doc_condition_count_mismatch;source_gap,"湖北04考场地面站真题 | 日期：2026.04.10
(一) 规划一个闭合等边三角形并循环执行，边长为a，所有航线相对地 面高度为b，水平速度为c，垂直速度为d，转弯方式为停止转弯，停留时间 为f;
(二) a值为100米，b值为50米，c值为5ms,d值为2ms,f值为 8so
1、 起飞点经纬度： 任务航线示意图： N:28°09′03” E:115°16'32”
2、 起飞点到任务航线1点 的距离是100米。 起飞点到1点和2点到3点 航向相同。
3、 3点位于2点西偏南15°"
gsec_e4e48ce31b53,qbank_7f9e06c80aa9,doc_34949a77c6c0,实操题库_地面站考试条件_2026H1_航向相同相反题型.txt_14,实操题库_地面站考试条件_2026H1_航向相同相反题型.txt,2026H1,2026H1,2026-01-01,2026-06-30,CAAC执照考试地面站实操真题考试条件,航向相同相反题型,航向相同相反题型-考试条件提取.docx,地面站考试真题（2026年1月-6月）/航向相同相反题型/航向相同相反题型-考试条件提取.docx,15,118,596,湖北04考场,湖北,04考场,2026-04-10,5,经纬度换算;航向方位判断;夹角计算;速度高度参数设置;转弯停留循环设置;几何图形航线规划;起飞返航点定位;题型:航向相同相反,doc_condition_count_mismatch;source_gap,"湖北04考场地面站真题 | 日期：2026.04.10
(一) 规划一个闭合五边形并循环执行，①②、②③、③④、④⑤、①⑤边 的边长为a,∠②=∠①为90°，航线相对地面高度为b,水平速度为c，垂直 速度为d,转弯模式为停止转弯，各点停留时间为e；
(二) a值为50米，b值为50米，c值为3m/s,d值为2m/s,e值为 10s。
一： 起飞点经纬度： 3 N:28°09'30” E:115°06'12”
二： 起飞点到任务航线 1点的距离是200米。 起飞点到1点和4点到3点 航向相同。
三： 3号点位于4号点 西偏南15°"
gsec_944ec91c46b9,qbank_7f9e06c80aa9,doc_34949a77c6c0,实操题库_地面站考试条件_2026H1_航向相同相反题型.txt_15,实操题库_地面站考试条件_2026H1_航向相同相反题型.txt,2026H1,2026H1,2026-01-01,2026-06-30,CAAC执照考试地面站实操真题考试条件,航向相同相反题型,航向相同相反题型-考试条件提取.docx,地面站考试真题（2026年1月-6月）/航向相同相反题型/航向相同相反题型-考试条件提取.docx,16,118,596,山东05考场,山东,05考场,2026-04-12,5,经纬度换算;航向方位判断;速度高度参数设置;转弯停留循环设置;起飞返航点定位;题型:航向相同相反,doc_condition_count_mismatch;source_gap,"山东05考场地面站真题 | 日期：2026.04.12
(一) 与 的相对方位由委任代表根据 现场环境等情况进行决定。规划扫描航线要求不闭合不循环，航线长 度为a,航线间隔为b,航线相对地面高度为c,水平速度为d,垂 直速度为e,转弯方式为停止转弯，停留时间2s；
(二) a值为300米，b值为100米，c值为300m,d值为3m/s, e值为2m/s
1、 起飞点经纬度： 10 9 N:26°46′12” E:125°11'10""
2、 起飞点到任务航 线3点的距离是200 米。 起飞点-2和6点-7 点航向相同。
3、 3号点位于起飞 点NE方位。"
gsec_b79464f4c8eb,qbank_7f9e06c80aa9,doc_34949a77c6c0,实操题库_地面站考试条件_2026H1_航向相同相反题型.txt_16,实操题库_地面站考试条件_2026H1_航向相同相反题型.txt,2026H1,2026H1,2026-01-01,2026-06-30,CAAC执照考试地面站实操真题考试条件,航向相同相反题型,航向相同相反题型-考试条件提取.docx,地面站考试真题（2026年1月-6月）/航向相同相反题型/航向相同相反题型-考试条件提取.docx,17,118,596,山东05考场,山东,05考场,2026-04-12,5,经纬度换算;航向方位判断;夹角计算;速度高度参数设置;转弯停留循环设置;几何图形航线规划;起飞返航点定位;题型:航向相同相反,doc_condition_count_mismatch;source_gap,"山东05考场地面站真题 | 日期：2026.04.12
(一) 与 的相对方位由委任代表根据现场环境等 情况进行决定。规划一个五边形并循环执行，①②边及②③边的边长为a, ∠②=∠④=∠①为90°，航线相对地面高度为b,水平速度为c,垂直速度为d, 转弯模式为停止转弯，各点停留时间为e;
(二) a值建议为50米，b值建议为50米，c值建议为3m/s,d值建议 为2m/s,e值建议为10s。
1、 起飞点经纬度： N:22°31'16” E:126°13′16”
2、 起飞点到任务航线2 点的距离是100米。 起飞点到2点和1点到2 点航向相反。
3、 1号点位于起飞点 SW方位"
gsec_c70877038fbc,qbank_7f9e06c80aa9,doc_34949a77c6c0,实操题库_地面站考试条件_2026H1_航向相同相反题型.txt_17,实操题库_地面站考试条件_2026H1_航向相同相反题型.txt,2026H1,2026H1,2026-01-01,2026-06-30,CAAC执照考试地面站实操真题考试条件,航向相同相反题型,航向相同相反题型-考试条件提取.docx,地面站考试真题（2026年1月-6月）/航向相同相反题型/航向相同相反题型-考试条件提取.docx,18,118,596,北京01考场,北京,01考场,2026-03-19,5,经纬度换算;航向方位判断;夹角计算;速度高度参数设置;转弯停留循环设置;几何图形航线规划;起飞返航点定位;题型:航向相同相反,doc_condition_count_mismatch;source_gap,"北京01考场地面站真题 | 日期：2026.03.19
(一) 与 的相对方位由委任代表根据现场环境等 情况进行决定。规划一个五边形并循环执行，①②边及②③边的边长为a, ∠②=∠④=∠①为90°，航线相对地面高度为b,水平速度为c，垂直速度为d, 转弯模式为停止转弯，各点停留时间为e;
(二) a值建议为50米，b值建议为50米，c值建议为3m/s,d值建议 为2m/s,e值建议为10s。
1、 起飞点经纬度： N:27°46'19” E:123°12′17”
2、 起飞点到任务航线2 点的距离是100米。 起飞点-2点和1点-2点航 向相反。
3、 1号点位于起飞点SE 方位。"
gsec_7d7596f120c5,qbank_7f9e06c80aa9,doc_34949a77c6c0,实操题库_地面站考试条件_2026H1_航向相同相反题型.txt_18,实操题库_地面站考试条件_2026H1_航向相同相反题型.txt,2026H1,2026H1,2026-01-01,2026-06-30,CAAC执照考试地面站实操真题考试条件,航向相同相反题型,航向相同相反题型-考试条件提取.docx,地面站考试真题（2026年1月-6月）/航向相同相反题型/航向相同相反题型-考试条件提取.docx,19,118,596,江西02考场,江西,02考场,2026-03-23,5,经纬度换算;航向方位判断;速度高度参数设置;转弯停留循环设置;起飞返航点定位;题型:航向相同相反,doc_condition_count_mismatch;source_gap,"江西02考场地面站真题 | 日期：2026.03.23
(一) 规划扫描航线要求不闭合不循环，航线长度为a,航线间 隔为b,航线相对地面高度为c,水平速度为d,垂直速度为e,转弯 模式为停止转弯，各点停留时间为f;
(二) a值为350米，b值为150米，c值为300m,d值为5m/s, e值为2m/s,f值为10s。
一： 起飞点经纬度： N:28°39′30” E:115°56′32”
二： 起飞点到任务 航线2点的距离是 5 100米。 起飞点-2和2点-3点 航向相同。
三： 3号点位于起飞 点西偏北15°"
gsec_1c6a9280f016,qbank_7f9e06c80aa9,doc_34949a77c6c0,实操题库_地面站考试条件_2026H1_航向相同相反题型.txt_19,实操题库_地面站考试条件_2026H1_航向相同相反题型.txt,2026H1,2026H1,2026-01-01,2026-06-30,CAAC执照考试地面站实操真题考试条件,航向相同相反题型,航向相同相反题型-考试条件提取.docx,地面站考试真题（2026年1月-6月）/航向相同相反题型/航向相同相反题型-考试条件提取.docx,20,118,596,江西02考场,江西,02考场,2026-03-23,5,经纬度换算;夹角计算;速度高度参数设置;转弯停留循环设置;几何图形航线规划;起飞返航点定位;题型:航向相同相反,doc_condition_count_mismatch;source_gap,"江西02考场地面站真题 | 日期：2026.03.23
(一) 规划一个闭合五边形并循环执行，①②、②③、③④、④⑤、①⑤边 的边长为a，∠②=∠①为90°，航线相对地面高度为b,水平速度为c，垂直 速度为d,转弯模式为停止转弯，各点停留时间为e;
(二) a值为50米，b值为50米，c值为3m/s,d值为2m/s,e值为 10s。
一： 起飞点经纬度： N:28°30'32"" E:115°06'32”
二： 起飞点到任务航线 1点的距离是100米。 起飞点-1点和4点-5点航 向相同。
三： 1号点位于起飞点 南偏东25°"
gsec_0df8e29ba10c,qbank_7f9e06c80aa9,doc_34949a77c6c0,实操题库_地面站考试条件_2026H1_航向相同相反题型.txt_20,实操题库_地面站考试条件_2026H1_航向相同相反题型.txt,2026H1,2026H1,2026-01-01,2026-06-30,CAAC执照考试地面站实操真题考试条件,航向相同相反题型,航向相同相反题型-考试条件提取.docx,地面站考试真题（2026年1月-6月）/航向相同相反题型/航向相同相反题型-考试条件提取.docx,21,118,596,江西02考场,江西,02考场,2026-03-23,5,经纬度换算;夹角计算;速度高度参数设置;转弯停留循环设置;几何图形航线规划;起飞返航点定位;题型:航向相同相反,doc_condition_count_mismatch;source_gap,"江西02考场地面站真题 | 日期：2026.03.23
(一) 按图规划一个闭合四边形并循环执行，①②边、②③边边 长为a,③④边边长为b,∠②=∠③=90°航线相对地面高度为c, 水平速度为d，垂直速度为e,转弯模式为停止转弯，停留时间5s；
(二) a值为200米，b值为300米，c值为300m,d值为 3m/s,e值为2m/s。 后可川生。 十 比吉在身。
一： 起飞点经纬度： N:28°39′30"" E:115°56'32”
二： 起飞点到任务航线1 点的距离是100米。 起飞点-1点和2点-3点航 向相反。
三： 起飞点位于1号点 南偏西32°"
gsec_171b7ba82c14,qbank_7f9e06c80aa9,doc_34949a77c6c0,实操题库_地面站考试条件_2026H1_航向相同相反题型.txt_21,实操题库_地面站考试条件_2026H1_航向相同相反题型.txt,2026H1,2026H1,2026-01-01,2026-06-30,CAAC执照考试地面站实操真题考试条件,航向相同相反题型,航向相同相反题型-考试条件提取.docx,地面站考试真题（2026年1月-6月）/航向相同相反题型/航向相同相反题型-考试条件提取.docx,22,118,596,黑龙江01考场,黑龙江,01考场,2026-03-24,5,经纬度换算;航向方位判断;速度高度参数设置;转弯停留循环设置;起飞返航点定位;题型:航向相同相反,doc_condition_count_mismatch;source_gap,"黑龙江01考场地面站真题 | 日期：2026.03.24
(一) 与 的相对方位由委任代表根据 现场环境等情况进行决定。规划扫描航线要求不闭合不循环。航线长 度为a,航线间隔为b,航线相对地面高度为c,水平速度为d,垂 直速度为e，转弯模式为停止转弯，停留时间不作要求；
(二) a值为300米，b值为100米，c值为80m,d值为5m/s, e值为2m/s。
1、 起飞点经纬度： N:43°7'24” E:125°34'4""
2、 起飞点到任务航 任务航线示意图： 线2点的距离是100 米。 起飞点-2点和2点-3 点航向相同。
3、 3号点位于起飞 点SE方位。"
gsec_469162ed4ec2,qbank_7f9e06c80aa9,doc_34949a77c6c0,实操题库_地面站考试条件_2026H1_航向相同相反题型.txt_22,实操题库_地面站考试条件_2026H1_航向相同相反题型.txt,2026H1,2026H1,2026-01-01,2026-06-30,CAAC执照考试地面站实操真题考试条件,航向相同相反题型,航向相同相反题型-考试条件提取.docx,地面站考试真题（2026年1月-6月）/航向相同相反题型/航向相同相反题型-考试条件提取.docx,23,118,596,重庆02考场,重庆,02考场,2026-03-25,5,经纬度换算;航向方位判断;速度高度参数设置;转弯停留循环设置;起飞返航点定位;题型:航向相同相反,doc_condition_count_mismatch;source_gap,"重庆02考场地面站真题 | 日期：2026.03.25
(一) 与 的相对方位由委任代表根据 现场环境等情况进行决定。规划扫描航线要求不闭合不循环，航线长 度为a,航线间隔为b，航线相对地面高度为c,水平速度为d,垂 直速度为e,转弯模式为停止转弯，停留时间不作要求；
(二) a值为300米，b值为100米，c值为300m,d值为5m/s, e值为4m/s
1、 起飞点经纬度： N:36°36′52” 7 E:110°38′24”
2、 起飞点到任务航线 2点的距离是100米。 起飞点到2点和2点到3点 1 航向相同。
3、 3号点位于起飞点SE 方位。"
gsec_c2754c70ce4f,qbank_7f9e06c80aa9,doc_34949a77c6c0,实操题库_地面站考试条件_2026H1_航向相同相反题型.txt_23,实操题库_地面站考试条件_2026H1_航向相同相反题型.txt,2026H1,2026H1,2026-01-01,2026-06-30,CAAC执照考试地面站实操真题考试条件,航向相同相反题型,航向相同相反题型-考试条件提取.docx,地面站考试真题（2026年1月-6月）/航向相同相反题型/航向相同相反题型-考试条件提取.docx,24,118,596,重庆02考场,重庆,02考场,2026-03-25,5,经纬度换算;航向方位判断;夹角计算;速度高度参数设置;转弯停留循环设置;几何图形航线规划;起飞返航点定位;题型:航向相同相反,doc_condition_count_mismatch;source_gap,"重庆02考场地面站真题 | 日期：2026.03.25
(一) 与 的相对方位由委任代表根据 现场环境等情况进行决定。按图规划一个四边形并循环执行，①②边 ②③边边长为a,③④边边长为b，∠②=∠③=90°航线相对地 面高度为c，水平速度为d，垂直速度为e,转弯模式为停止转弯， 停留时间8s;
(二) a值为200米，b值为300米，c值为300m,d值为 4m/s,e值为3m/s。
1、 起飞点经纬度： N:26°37′40” 任务航线示意图： E:118°55′31""
2、 起飞点到任务航线2点 的距离是100米。 起飞点1点和2点到1点航 向相同。
3、 1号点位于起飞点SE方 位。"
gsec_139b346556e3,qbank_7f9e06c80aa9,doc_34949a77c6c0,实操题库_地面站考试条件_2026H1_航向相同相反题型.txt_24,实操题库_地面站考试条件_2026H1_航向相同相反题型.txt,2026H1,2026H1,2026-01-01,2026-06-30,CAAC执照考试地面站实操真题考试条件,航向相同相反题型,航向相同相反题型-考试条件提取.docx,地面站考试真题（2026年1月-6月）/航向相同相反题型/航向相同相反题型-考试条件提取.docx,25,118,596,广西01考场,广西,01考场,2026-03-27,5,经纬度换算;航向方位判断;夹角计算;速度高度参数设置;转弯停留循环设置;几何图形航线规划;起飞返航点定位;题型:航向相同相反,doc_condition_count_mismatch;source_gap,"广西01考场地面站真题 | 日期：2026.03.27
(一) 与 的相对方位由委任代表根据 现场环境等情况进行决定。于起飞点前规划一个等边三角形并循环执 行，边长为a，航线相对地面高度为b，水平速度为c,垂直速度为 d,转弯方式为停止转弯，停留时间5s；
(二) a值建议为50米，b值建议为50米，c值建议为3m/s, d值为2m/s。(航线方位及各数值可由委任代表按实际情况进行调整， 考题以委任代表规定数值为准)
一： 起飞点经纬度： N:28°39′30” E:115°56′32”
二： 本场风向：西北风， 起飞点到①点航向为逆 风，起飞点距离①点120 米。
三： ②→③的航向和起飞 点到①点的航向相同。"
gsec_055f9ff14e17,qbank_7f9e06c80aa9,doc_34949a77c6c0,实操题库_地面站考试条件_2026H1_航向相同相反题型.txt_25,实操题库_地面站考试条件_2026H1_航向相同相反题型.txt,2026H1,2026H1,2026-01-01,2026-06-30,CAAC执照考试地面站实操真题考试条件,航向相同相反题型,航向相同相反题型-考试条件提取.docx,地面站考试真题（2026年1月-6月）/航向相同相反题型/航向相同相反题型-考试条件提取.docx,26,118,596,广西01考场,广西,01考场,2026-03-27,5,经纬度换算;航向方位判断;夹角计算;速度高度参数设置;转弯停留循环设置;几何图形航线规划;起飞返航点定位;题型:航向相同相反,doc_condition_count_mismatch;source_gap,"广西01考场地面站真题 | 日期：2026.03.27
(一) 与 的相对方位由委任代表根据 现场环境等情况进行决定。于起飞前规划一个等腰直角三角形并 循环执行，①②边长为a1,①③边长为a2,∠①为直角，航线相对 地面高度b，水平速度为c，垂直速度为d，转弯方式为停止转弯， 停留时间不要求；
(二) a1、a2值建议为30米，b值建议为30米，c值建议 为3m/s,d值建议为1m/s。(航线方位及各数值可由委任代表按实 际情况进行调整，考题以委任代表规定数值为准)
一： 起飞点经纬度： N:28°39′30"" E:115°56'32”
二： 本场风向：西北风， 起飞点到①点航向为逆 风，起飞点距离①点120 米。
三： ②→③的航向和起飞 点到①点的航向相同。"
gsec_22e8afac8554,qbank_7f9e06c80aa9,doc_34949a77c6c0,实操题库_地面站考试条件_2026H1_航向相同相反题型.txt_26,实操题库_地面站考试条件_2026H1_航向相同相反题型.txt,2026H1,2026H1,2026-01-01,2026-06-30,CAAC执照考试地面站实操真题考试条件,航向相同相反题型,航向相同相反题型-考试条件提取.docx,地面站考试真题（2026年1月-6月）/航向相同相反题型/航向相同相反题型-考试条件提取.docx,27,118,596,贵州01考场,贵州,01考场,2026-03-27,5,经纬度换算;航向方位判断;夹角计算;速度高度参数设置;转弯停留循环设置;几何图形航线规划;起飞返航点定位;题型:航向相同相反,doc_condition_count_mismatch;source_gap,"贵州01考场地面站真题 | 日期：2026.03.27
(一) 与 的相对方位由委任代表根据现场环境 等情况进行决定。规划一个等腰直角三角形并循环执行，①②边长为a1，①③ 边长为a2,∠①为直角，航线相对地面高度b,水平速度为c,垂直速度为d, 转弯方式为停止转弯，停留时间5$。
(二) a1、a2值为50米，b值为50米，c值为3m/s。d值为2m/s。
1、 起飞点经纬度： N:28°39'30” 任务航线示意图： E:115°56′32""
2、 当地风向：西北风 H-1逆风飞行，H距离1 点120米。
3、 2-3的航向和H-1的航 向相反。"
gsec_9810902d29c0,qbank_7f9e06c80aa9,doc_34949a77c6c0,实操题库_地面站考试条件_2026H1_航向相同相反题型.txt_27,实操题库_地面站考试条件_2026H1_航向相同相反题型.txt,2026H1,2026H1,2026-01-01,2026-06-30,CAAC执照考试地面站实操真题考试条件,航向相同相反题型,航向相同相反题型-考试条件提取.docx,地面站考试真题（2026年1月-6月）/航向相同相反题型/航向相同相反题型-考试条件提取.docx,28,118,596,浙江01考场,浙江,01考场,2026-03-27,5,经纬度换算;航向方位判断;夹角计算;速度高度参数设置;转弯停留循环设置;几何图形航线规划;起飞返航点定位;题型:航向相同相反,doc_condition_count_mismatch;source_gap,"浙江01考场地面站真题 | 日期：2026.03.27
(一) 与 的相对方位由委任代表根据现场环境 等情况进行决定。规划一个闭合等边三角形并循环执行，边长为a,所有航线 相对地面高度为b，水平速度为c,垂直速度为d，转弯方式为停止转弯，停 留时间5s;
(二) a值为50米，b值为50米，c值为3m/s,d值为2m/s。
一： 起飞点经纬度： E:119°59′59"" N:30°11'49""
二： 本场风向：西北风， H到①点逆风， H距离②点120米。
三： H-②的航向和②-①的 航向相反。"
gsec_e82c1c09fc9b,qbank_7f9e06c80aa9,doc_34949a77c6c0,实操题库_地面站考试条件_2026H1_航向相同相反题型.txt_28,实操题库_地面站考试条件_2026H1_航向相同相反题型.txt,2026H1,2026H1,2026-01-01,2026-06-30,CAAC执照考试地面站实操真题考试条件,航向相同相反题型,航向相同相反题型-考试条件提取.docx,地面站考试真题（2026年1月-6月）/航向相同相反题型/航向相同相反题型-考试条件提取.docx,29,118,596,浙江01考场,浙江,01考场,2026-03-27,5,经纬度换算;航向方位判断;夹角计算;速度高度参数设置;转弯停留循环设置;几何图形航线规划;起飞返航点定位;题型:航向相同相反,doc_condition_count_mismatch;source_gap,"浙江01考场地面站真题 | 日期：2026.03.27
(一) 与 的相对方位由委任代表根据现场环境 等情况进行决定。规划一个闭合等腰直角三角形并循环执行，①②边长为al, ①③边长为a2,∠①为直角，航线相对地面高度b，水平速度为c,垂直速 度为d，转弯方式为停止转弯，停留时间5S;
(二) a1、a2值为50米，b值为50米，c值为3m/s。d值为2m/s。
一： 起飞点经纬度： E:119°59'59"" N:30°11'49”
二： 本场风向：西北风， H到①点逆风， H距离②点120米。
三： H-②的航向和②-①的 航向相反。"
gsec_12c00725c299,qbank_7f9e06c80aa9,doc_34949a77c6c0,实操题库_地面站考试条件_2026H1_航向相同相反题型.txt_29,实操题库_地面站考试条件_2026H1_航向相同相反题型.txt,2026H1,2026H1,2026-01-01,2026-06-30,CAAC执照考试地面站实操真题考试条件,航向相同相反题型,航向相同相反题型-考试条件提取.docx,地面站考试真题（2026年1月-6月）/航向相同相反题型/航向相同相反题型-考试条件提取.docx,30,118,596,浙江01考场,浙江,01考场,2026-03-27,5,经纬度换算;航向方位判断;速度高度参数设置;转弯停留循环设置;起飞返航点定位;题型:航向相同相反,doc_condition_count_mismatch;source_gap,"浙江01考场地面站真题 | 日期：2026.03.27
(一) 与 的相对方位由委任代表根据 现场环境等情况进行决定。规划扫描航线要求不闭合不循环。航线长 度为a,航线间隔为b,航线相对地面高度为c,水平速度为d,垂 直速度为e，转弯模式为停止转弯，停留时间不作要求；
(二) a值为300米，b值为100米，c值为300m,d值为3m/s, e值为2m/s。
一： 起飞点经纬度： 9 E:114°59′59"" N:30°11'49”
二： 本场风向：西南风， 任务航线示意图 H到①点逆风， H距离②点120米。
三： H-②的航向和②-①的 航向相反。"
gsec_75268d887784,qbank_7f9e06c80aa9,doc_34949a77c6c0,实操题库_地面站考试条件_2026H1_航向相同相反题型.txt_30,实操题库_地面站考试条件_2026H1_航向相同相反题型.txt,2026H1,2026H1,2026-01-01,2026-06-30,CAAC执照考试地面站实操真题考试条件,航向相同相反题型,航向相同相反题型-考试条件提取.docx,地面站考试真题（2026年1月-6月）/航向相同相反题型/航向相同相反题型-考试条件提取.docx,31,118,596,福建02考场,福建,02考场,2026-03-28,5,经纬度换算;航向方位判断;夹角计算;速度高度参数设置;转弯停留循环设置;几何图形航线规划;起飞返航点定位;题型:航向相同相反,doc_condition_count_mismatch;source_gap,"福建02考场地面站真题 | 日期：2026.03.28
(一) 与 的相对方位由委任代表根据 现场环境等情况进行决定。按图于起飞点前规划一个五边形并循环执 行，①②边及②③边的边长为a,∠②=∠④=∠①为90°，航线相 对地面高度为b，水平速度为c，转弯模式为停止转弯，各点停留 时间为e;
(二) a值为30米，b值为30米，c值为3m/s,e值 为2s。 (航线方位及各数值可由委任代表按实际情况进行调整，考 题以委任代表规定数值为准)
1、 ②点坐标： E:112°42'36"" N:25°12'18""
2、 H到①点距离50米 H-②点航向于②-①点 航向相反
3、 ②点位于H西偏北30°"
gsec_0092b34a2746,qbank_7f9e06c80aa9,doc_34949a77c6c0,实操题库_地面站考试条件_2026H1_航向相同相反题型.txt_31,实操题库_地面站考试条件_2026H1_航向相同相反题型.txt,2026H1,2026H1,2026-01-01,2026-06-30,CAAC执照考试地面站实操真题考试条件,航向相同相反题型,航向相同相反题型-考试条件提取.docx,地面站考试真题（2026年1月-6月）/航向相同相反题型/航向相同相反题型-考试条件提取.docx,32,118,596,安徽01考场,安徽,01考场,2026-03-28,4,航向方位判断;夹角计算;速度高度参数设置;转弯停留循环设置;几何图形航线规划;起飞返航点定位;题型:航向相同相反,doc_condition_count_mismatch;source_gap,"安徽01考场地面站真题 | 日期：2026.03.28
(一) 规划一个闭合等腰直角三角形并循环执行，①②边长为a1,①③边 长为a2,∠①为直角，航线相对地面高度b,水平速度为c,垂直速度为d, 转弯方式为停止转弯，停留时间为5S；
(二) a1、a2值为50米，b值为50米，c值为3m/s,d值为2m/s。
二： 起飞点到任务航线2点 的距离是100米。 起飞点到2点和2点到3点的 航向相反
三： 2号点位于起飞点 西偏南15°"
gsec_b0445e980e6a,qbank_7f9e06c80aa9,doc_34949a77c6c0,实操题库_地面站考试条件_2026H1_航向相同相反题型.txt_32,实操题库_地面站考试条件_2026H1_航向相同相反题型.txt,2026H1,2026H1,2026-01-01,2026-06-30,CAAC执照考试地面站实操真题考试条件,航向相同相反题型,航向相同相反题型-考试条件提取.docx,地面站考试真题（2026年1月-6月）/航向相同相反题型/航向相同相反题型-考试条件提取.docx,33,118,596,安徽01考场,安徽,01考场,2026-03-28,5,经纬度换算;航向方位判断;夹角计算;速度高度参数设置;转弯停留循环设置;几何图形航线规划;起飞返航点定位;题型:航向相同相反,doc_condition_count_mismatch;source_gap,"安徽01考场地面站真题 | 日期：2026.03.28
(一) 按图规划一个闭合四边形并循环执行，①②边、②③边边 长为a,③④边边长为b,∠①=∠②=90°航线相对地面高度为c, 水平速度为d，垂直速度为e,转弯模式为停止转弯，停留时间5s；
(二) a值为200米，b值为400米，c值为300m,d值为 3m/s,e值为2m/s。
一： 起飞点经纬度： N:28°39′30” E:115°56'32”
二： 起飞点到任务航线1 点的距离是100米。 起飞点到1点和4点到3 点航向相同。
三： 3号点位于4号点 西偏北15°"
gsec_7c3da5c6fed3,qbank_7f9e06c80aa9,doc_34949a77c6c0,实操题库_地面站考试条件_2026H1_航向相同相反题型.txt_33,实操题库_地面站考试条件_2026H1_航向相同相反题型.txt,2026H1,2026H1,2026-01-01,2026-06-30,CAAC执照考试地面站实操真题考试条件,航向相同相反题型,航向相同相反题型-考试条件提取.docx,地面站考试真题（2026年1月-6月）/航向相同相反题型/航向相同相反题型-考试条件提取.docx,34,118,596,甘肃01考场,甘肃,01考场,2026-03-29,5,经纬度换算;航向方位判断;夹角计算;速度高度参数设置;转弯停留循环设置;几何图形航线规划;起飞返航点定位;题型:航向相同相反,doc_condition_count_mismatch;source_gap,"甘肃01考场地面站真题 | 日期：2026.03.29
(一) 与 的相对方位由委任代表根据 现场环境等情况进行决定。按图于起飞点前规划一个闭合图形并循环 执行，各点之间距离不小于20米，①点相对地面高度为a,②点相 对地面高度为b，③点相对地面高度为c，④点相对地面高度为d, 水平速度为f,∠①=∠②=∠③=∠④=45°转弯模式为停止转弯， 停留时间不作要求；
(二) a值为20米，b值为25米，c值为30m,d值为25m, f值为3m/s。(航线方位及各数值可由委任代表按实际情况进行调 整，考题以委任代表规定数值为准)
1、 起飞点经纬度： N:28°23'37” E:113°46′33""
2、 H-2点距离180m,H-2的航向 和1-2的航向相反
3、 任务1点位于H点的南偏西 20°方向"
gsec_9676349967f0,qbank_7f9e06c80aa9,doc_34949a77c6c0,实操题库_地面站考试条件_2026H1_航向相同相反题型.txt_34,实操题库_地面站考试条件_2026H1_航向相同相反题型.txt,2026H1,2026H1,2026-01-01,2026-06-30,CAAC执照考试地面站实操真题考试条件,航向相同相反题型,航向相同相反题型-考试条件提取.docx,地面站考试真题（2026年1月-6月）/航向相同相反题型/航向相同相反题型-考试条件提取.docx,35,118,596,甘肃01考场,甘肃,01考场,2026-03-29,5,经纬度换算;航向方位判断;速度高度参数设置;转弯停留循环设置;几何图形航线规划;起飞返航点定位;题型:航向相同相反,doc_condition_count_mismatch;possible_incomplete_latlon_pair;source_gap,"甘肃01考场地面站真题 | 日期：2026.03.29
(一) 与 的相对方位由委任代表根据 现场环境等情况进行决定。于起飞点前规划一个六边形并循环执行， 边长为a，①②③航点相对地面高度为b,④⑤⑥航点相对地面高度 为c，水平速度为d，转弯方式为停止转弯，各点停留时间为f;
(二) a值为30米（误差≤±3米），b值为25米，c值 为30m,d值为2m/s,f值为2s。(航线方位及各数值可由委任代 表按实际情况进行调整，考题以委任代表规定数值为准)
1、 起飞点经纬度： :28°23′37"" E:113°46′33”
2、 H-2点距离180m,H-2的航向 和1-2的航向相反
3、 任务1点位于H点的南偏西 ☆： 20°方向"
gsec_d9d9cfd89561,qbank_7f9e06c80aa9,doc_34949a77c6c0,实操题库_地面站考试条件_2026H1_航向相同相反题型.txt_35,实操题库_地面站考试条件_2026H1_航向相同相反题型.txt,2026H1,2026H1,2026-01-01,2026-06-30,CAAC执照考试地面站实操真题考试条件,航向相同相反题型,航向相同相反题型-考试条件提取.docx,地面站考试真题（2026年1月-6月）/航向相同相反题型/航向相同相反题型-考试条件提取.docx,36,118,596,甘肃01考场,甘肃,01考场,2026-03-29,5,经纬度换算;航向方位判断;速度高度参数设置;转弯停留循环设置;起飞返航点定位;题型:航向相同相反,doc_condition_count_mismatch;source_gap,"甘肃01考场地面站真题 | 日期：2026.03.29
(一) 与 的相对方位由委任代表根据 现场环境等情况进行决定。按图于起飞点前规划扫描航线，航线长度 为a,航线间隔为b,航线相对地面高度为c,水平速度为d,转弯 模式为停止转弯，各点停留时间不作要求；
(二) a值为30米（误差≤±3米），b值为10米（误差 ≤±1米)，c值为30m,d值为3m/s。 (航线方位及各数值 可由委任代表按实际情况进行调整，考题以委任代表规定数值为准)
1、 起飞点经纬度： N:28°23′37” E:113°46′33”
2、 H-2点距离180m,H-2的航向 和1-2的航向相反
3、 任务1点位于H点的南偏西 20°方向"
gsec_467c41f7145a,qbank_7f9e06c80aa9,doc_34949a77c6c0,实操题库_地面站考试条件_2026H1_航向相同相反题型.txt_36,实操题库_地面站考试条件_2026H1_航向相同相反题型.txt,2026H1,2026H1,2026-01-01,2026-06-30,CAAC执照考试地面站实操真题考试条件,航向相同相反题型,航向相同相反题型-考试条件提取.docx,地面站考试真题（2026年1月-6月）/航向相同相反题型/航向相同相反题型-考试条件提取.docx,37,118,596,甘肃01考场,甘肃,01考场,2026-03-29,5,经纬度换算;航向方位判断;夹角计算;速度高度参数设置;转弯停留循环设置;几何图形航线规划;起飞返航点定位;题型:航向相同相反,doc_condition_count_mismatch;source_gap,"甘肃01考场地面站真题 | 日期：2026.03.29
(一) 与 的相对方位由委任代表根据 现场环境等情况进行决定。按图于起飞点前规划一个五边形并循环执 行，①②边及②③边的边长为a,∠②=∠④=∠①为90°，航线相 对地面高度为b，水平速度为℃，转弯模式为停止转弯，各点停留 时间为e;
(二) a值为30米，b值为30米，c值为3m/s,e 值为2s。(航线方位及各数值可由委任代表按实际情况进行调整， 考题以委任代表规定数值为准)
1、 起飞点经纬度： N:28°23'37"" E:113°46′33”
2、 H-2点距离180m,H-2的航向 1 和1-2的航向相反
3、 任务1点位于H点的南偏西 20°方向"
gsec_69a83576b9b7,qbank_7f9e06c80aa9,doc_34949a77c6c0,实操题库_地面站考试条件_2026H1_航向相同相反题型.txt_37,实操题库_地面站考试条件_2026H1_航向相同相反题型.txt,2026H1,2026H1,2026-01-01,2026-06-30,CAAC执照考试地面站实操真题考试条件,航向相同相反题型,航向相同相反题型-考试条件提取.docx,地面站考试真题（2026年1月-6月）/航向相同相反题型/航向相同相反题型-考试条件提取.docx,38,118,596,广东01考场,广东,01考场,2026-03-21,4,经纬度换算;航向方位判断;速度高度参数设置;转弯停留循环设置;起飞返航点定位;题型:航向相同相反,doc_condition_count_mismatch;source_gap,"广东01考场地面站真题 | 日期：2026.03.21
(一) 规划扫描航线要求不闭合不循环，航线长度为a,航线间 隔为b,航线相对地面高度为c,水平速度为d,垂直速度为e,转弯 方式为停止转弯，各点停留时间为f；
(二) a值为300米，b值为100米，c值为300m,d值为3m/s, e值为2m/s,f值为10s。
二： 起飞点到任务 任务航线示意图： 航线2点的距离是 100米。 4 起飞点-2和2点-3点 航向相同。
三： 3号点位于起飞 点西偏北15°"
gsec_abe735962451,qbank_7f9e06c80aa9,doc_34949a77c6c0,实操题库_地面站考试条件_2026H1_航向相同相反题型.txt_38,实操题库_地面站考试条件_2026H1_航向相同相反题型.txt,2026H1,2026H1,2026-01-01,2026-06-30,CAAC执照考试地面站实操真题考试条件,航向相同相反题型,航向相同相反题型-考试条件提取.docx,地面站考试真题（2026年1月-6月）/航向相同相反题型/航向相同相反题型-考试条件提取.docx,39,118,596,广东01考场,广东,01考场,2026-03-21,4,经纬度换算;夹角计算;速度高度参数设置;转弯停留循环设置;几何图形航线规划;起飞返航点定位;题型:航向相同相反,doc_condition_count_mismatch;source_gap,"广东01考场地面站真题 | 日期：2026.03.21
(一) 规划一个闭合五边形并循环执行，①②、②③、③④、④⑤、①⑤边 的边长为a,∠②=∠①为90°，航线相对地面高度为b，,水平速度为c,垂直 速度为d,转弯模式为停止转弯，各点停留时间为e；
(二) a值为50米，b值为50米，c值为3m/s,d值为2ms,e值为 10s。
二： 起飞点到任务航线 1点的距离是100米。 起飞点-1和1点-2点航 向相反。
三： 1号点位于起飞点 南偏东25°"
gsec_6042e726a747,qbank_7f9e06c80aa9,doc_34949a77c6c0,实操题库_地面站考试条件_2026H1_航向相同相反题型.txt_39,实操题库_地面站考试条件_2026H1_航向相同相反题型.txt,2026H1,2026H1,2026-01-01,2026-06-30,CAAC执照考试地面站实操真题考试条件,航向相同相反题型,航向相同相反题型-考试条件提取.docx,地面站考试真题（2026年1月-6月）/航向相同相反题型/航向相同相反题型-考试条件提取.docx,40,118,596,广东01考场,广东,01考场,2026-03-21,5,经纬度换算;航向方位判断;夹角计算;速度高度参数设置;转弯停留循环设置;几何图形航线规划;起飞返航点定位;题型:航向相同相反,doc_condition_count_mismatch;source_gap,"广东01考场地面站真题 | 日期：2026.03.21
(一) 按图规划一个闭合四边形并循环执行，①②边、②③边边 长为a,③④边边长为b,∠②=∠③=90°航线相对地面高度为c, 水平速度为d，垂直速度为e,转弯模式为停止转弯，停留时间5s；
(二) a值为200米，b值为300米，c值为300m,d值为 3m/s,e值为2m/s。
一： 起飞点经纬度： N:28°39'30” E:115°56'32""
二： 起飞点到任务航线2 点的距离是100米。 起飞点-1点和2点-1点航 向相同。
三： 1点位于起飞点 SW方位。"
gsec_b92d8388f9ac,qbank_7f9e06c80aa9,doc_34949a77c6c0,实操题库_地面站考试条件_2026H1_航向相同相反题型.txt_40,实操题库_地面站考试条件_2026H1_航向相同相反题型.txt,2026H1,2026H1,2026-01-01,2026-06-30,CAAC执照考试地面站实操真题考试条件,航向相同相反题型,航向相同相反题型-考试条件提取.docx,地面站考试真题（2026年1月-6月）/航向相同相反题型/航向相同相反题型-考试条件提取.docx,41,118,596,宁夏02考场,宁夏,02考场,2026-03-16,5,经纬度换算;航向方位判断;夹角计算;速度高度参数设置;转弯停留循环设置;几何图形航线规划;起飞返航点定位;题型:航向相同相反,doc_condition_count_mismatch;source_gap,"宁夏02考场地面站真题 | 日期：2026.03.16
(一) 与 的相对方位由委任代表根据现场环境等 情况进行决定。规划一个五边形并循环执行，①②边及②③边的边长为a, ∠②=∠④=∠①为90°，航线相对地面高度为b,水平速度为c,垂直速度 为d,转弯模式为停止转弯，各点停留时间为e；
(二) a值建议为50米，b值建议为50米，c值建议为3ms,d值建议 为2m/s,e值建议为10s。
1、 起飞点经纬度： N:28°23′37” E:113°46′33”
2、 起飞点到任务航线2 点的距离是180米。 起飞点-2和1点-2点航 向相反。
3、 1号点位于起飞点 NW方位。"
gsec_b9b0d729c3bb,qbank_7f9e06c80aa9,doc_34949a77c6c0,实操题库_地面站考试条件_2026H1_航向相同相反题型.txt_41,实操题库_地面站考试条件_2026H1_航向相同相反题型.txt,2026H1,2026H1,2026-01-01,2026-06-30,CAAC执照考试地面站实操真题考试条件,航向相同相反题型,航向相同相反题型-考试条件提取.docx,地面站考试真题（2026年1月-6月）/航向相同相反题型/航向相同相反题型-考试条件提取.docx,42,118,596,宁夏02考场,宁夏,02考场,2026-03-16,5,经纬度换算;航向方位判断;夹角计算;速度高度参数设置;转弯停留循环设置;几何图形航线规划;起飞返航点定位;题型:航向相同相反,doc_condition_count_mismatch;source_gap,"宁夏02考场地面站真题 | 日期：2026.03.16
(一) 与 的相对方位由委任代表根据 现场环境等情况进行决定。按图规划一个四边形并循环执行，①②边 ②③边边长为a,③④边边长为b,∠②=∠③=90°航线相对地 面高度为c，水平速度为d，垂直速度为e，转弯模式为停止转弯， 停留时间5s;
(二) a值为200米，b值为300米，c值为300m,d值为 3m/s,e值为2ml/s。
1、 起飞点经纬度： N:28°39'30” E:115°56'32""
2、 起飞点到任务航线2 点的距离是100米。 起飞点-1和2点-1点航 向相同。
3、 1号点位于起飞点 SW方位。"
gsec_ed745598ecb9,qbank_7f9e06c80aa9,doc_34949a77c6c0,实操题库_地面站考试条件_2026H1_航向相同相反题型.txt_42,实操题库_地面站考试条件_2026H1_航向相同相反题型.txt,2026H1,2026H1,2026-01-01,2026-06-30,CAAC执照考试地面站实操真题考试条件,航向相同相反题型,航向相同相反题型-考试条件提取.docx,地面站考试真题（2026年1月-6月）/航向相同相反题型/航向相同相反题型-考试条件提取.docx,43,118,596,宁夏02考场,宁夏,02考场,2026-03-16,5,经纬度换算;航向方位判断;速度高度参数设置;转弯停留循环设置;起飞返航点定位;题型:航向相同相反,doc_condition_count_mismatch;source_gap,"宁夏02考场地面站真题 | 日期：2026.03.16
(一) 与 的相对方位由委任代表根据 现场环境等情况进行决定。规划扫描航线要求不闭合不循环，航线长 度为a,航线间隔为b,航线相对地面高度为c,水平速度为d,垂 直速度为e，转弯模式为停止转弯，停留时间不作要求；
(二) a值为300米，b值为100米，c值为300m,d值为 3m/s,e值为2m/s。
1、 起飞点经纬度： N:28°39'30” E:115°56′32""
2、 起飞点到任务航线2 点的距离是100米。 起飞点-2和2点-3点航 向相同。
3、 3号点位于起飞点 NE方位。"
gsec_05439af2d697,qbank_7f9e06c80aa9,doc_34949a77c6c0,实操题库_地面站考试条件_2026H1_航向相同相反题型.txt_43,实操题库_地面站考试条件_2026H1_航向相同相反题型.txt,2026H1,2026H1,2026-01-01,2026-06-30,CAAC执照考试地面站实操真题考试条件,航向相同相反题型,航向相同相反题型-考试条件提取.docx,地面站考试真题（2026年1月-6月）/航向相同相反题型/航向相同相反题型-考试条件提取.docx,44,118,596,上海01考场,上海,01考场,2026-03-15,5,经纬度换算;航向方位判断;夹角计算;速度高度参数设置;转弯停留循环设置;几何图形航线规划;起飞返航点定位;题型:航向相同相反,doc_condition_count_mismatch;source_gap,"上海01考场地面站真题 | 日期：2026.03.15
(一) 与 的相对方位由委任代表根据 现场环境等情况进行决定。于起飞点前规划一个等边三角形并循环执 行，边长为a，航线相对地面高度b,水平速度为c,垂直速度为 d,转弯方式为停止转弯，停留时间不作要求；
(二) a值建议为30米，b值建议为30米，c值建议为3m/s, d值建议为1ms。（航线方位及各数值可由委任代表按实际情况进 行调整，考题以委任代表规定数值为准)
1、 起飞点经纬度： E:112°12'36” N:23°42'18”
2、 H到1距离为50米 H位于1点西偏南30°
3、 H到1的航向与2-3的 航向相反。"
gsec_d19a0c8ff2e5,qbank_7f9e06c80aa9,doc_34949a77c6c0,实操题库_地面站考试条件_2026H1_航向相同相反题型.txt_44,实操题库_地面站考试条件_2026H1_航向相同相反题型.txt,2026H1,2026H1,2026-01-01,2026-06-30,CAAC执照考试地面站实操真题考试条件,航向相同相反题型,航向相同相反题型-考试条件提取.docx,地面站考试真题（2026年1月-6月）/航向相同相反题型/航向相同相反题型-考试条件提取.docx,45,118,596,上海01考场,上海,01考场,2026-03-15,5,经纬度换算;航向方位判断;速度高度参数设置;转弯停留循环设置;起飞返航点定位;题型:航向相同相反,doc_condition_count_mismatch;source_gap,"上海01考场地面站真题 | 日期：2026.03.15
(一) 与 的相对方位由委任代表根据 现场环境等情况进行决定。按图于起飞点前规划扫描航线。航线长度 为a,航线间隔为b,航线相对地面高度为c,水平速度为d,垂直 速度为e，转弯模式为停止转弯，停留时间不作要求；
(二) a值建议为30米（误差≤±3米），b值建议为10米， (误差≤±1米)，c建议为30m,d值建议为3m/s。e值建议 为1m/s。 (航线方位及各数值可由变任代表按实际情况进行调整， 考题以委任代表规定数值为准)
1、 起飞点经纬度： E:112°12'36” N:23°42'18""
2、 H到1距离为50米 H位于1点西偏南30°
3、 H到1的航向与2-3的 航向相反。"
gsec_4f45f5e4d1af,qbank_7f9e06c80aa9,doc_34949a77c6c0,实操题库_地面站考试条件_2026H1_航向相同相反题型.txt_45,实操题库_地面站考试条件_2026H1_航向相同相反题型.txt,2026H1,2026H1,2026-01-01,2026-06-30,CAAC执照考试地面站实操真题考试条件,航向相同相反题型,航向相同相反题型-考试条件提取.docx,地面站考试真题（2026年1月-6月）/航向相同相反题型/航向相同相反题型-考试条件提取.docx,46,118,596,上海01考场,上海,01考场,2026-03-15,5,经纬度换算;航向方位判断;速度高度参数设置;转弯停留循环设置;几何图形航线规划;起飞返航点定位;题型:航向相同相反,doc_condition_count_mismatch;source_gap,"上海01考场地面站真题 | 日期：2026.03.15
(一) 与 的相对方位由委任代表根据 现场环境等情况进行决定。于起飞点前规划一个六边形并循环执行， 边长为a，①②③航点相对地面高度为b,④⑤⑥航点相对地面高度 为c，水平速度为d，垂直速度为e,转弯方式为停止转弯，各点停 留时间为f;
(二) a值建议为30米（误差≤±3米），b值建议为25米， c建议为30m,d值建议为2m/s。e值建议为1m/s,f值建议为 2S。 (航线方位及各数值可由变任代表按实际情况进行调整，考题以 委任代表规定数值为准)
1、 起飞点经纬度： E:112°12'36” N:23°42'18”
2、 H到1距离为50m, H位于1号点西偏北60°
3、 H-①航向于③-② 航向相反"
gsec_f1335e84945b,qbank_7f9e06c80aa9,doc_34949a77c6c0,实操题库_地面站考试条件_2026H1_航向相同相反题型.txt_46,实操题库_地面站考试条件_2026H1_航向相同相反题型.txt,2026H1,2026H1,2026-01-01,2026-06-30,CAAC执照考试地面站实操真题考试条件,航向相同相反题型,航向相同相反题型-考试条件提取.docx,地面站考试真题（2026年1月-6月）/航向相同相反题型/航向相同相反题型-考试条件提取.docx,47,118,596,山东02考场,山东,02考场,2026-03-13,5,经纬度换算;航向方位判断;速度高度参数设置;转弯停留循环设置;起飞返航点定位;题型:航向相同相反,doc_condition_count_mismatch;source_gap,"山东02考场地面站真题 | 日期：2026.03.13
(一) 与 的相对方位由委任代表根 据现场环境等情况进行决定。规划扫描航线要求不闭合不循环，航线长 度为a，航线间隔为b，航线相对地面高度为c，水平速度为d，垂 直速度为e，转弯模式为停止转弯，停留时间不做要求；
(二) a值为300米，b值为100米，c值为300m,d值为3m/s e值为2m/s。
1、 起飞点经纬度： N:28°39′30” E:115°56′32”
2、 起飞点到任务航线2点的距离是100 米。 起飞点-2点和2点-3 点航向相同。
3、 3号点位于起飞 点NE方位。"
gsec_5f90583e2df1,qbank_7f9e06c80aa9,doc_34949a77c6c0,实操题库_地面站考试条件_2026H1_航向相同相反题型.txt_47,实操题库_地面站考试条件_2026H1_航向相同相反题型.txt,2026H1,2026H1,2026-01-01,2026-06-30,CAAC执照考试地面站实操真题考试条件,航向相同相反题型,航向相同相反题型-考试条件提取.docx,地面站考试真题（2026年1月-6月）/航向相同相反题型/航向相同相反题型-考试条件提取.docx,48,118,596,山东05考场,山东,05考场,2026-03-12,5,经纬度换算;航向方位判断;速度高度参数设置;转弯停留循环设置;起飞返航点定位;题型:航向相同相反,doc_condition_count_mismatch;source_gap,"山东05考场地面站真题 | 日期：2026.03.12
(一) 与 的相对方位由委任代表根据 现场环境等情况进行决定。规划扫描航线要求不闭合不循环，航线长 度为a,航线间隔为b,航线相对地面高度为c,水平速度为d,垂 直速度为e,转弯方式为停止转弯，停留时间不作要求；
(二) a值为300米，b值为100米，c值为300m,d值为3m/s, e值为2m/s
1、 起飞点经纬度： N:28°39′30” E:115°56'32”
2、 起飞点到任务航线 2点的距离是100米。 起飞点-2和2点-3点航 向相同。
3、 3号点位于起飞点NE 方位。"
gsec_b8930c7a3451,qbank_7f9e06c80aa9,doc_34949a77c6c0,实操题库_地面站考试条件_2026H1_航向相同相反题型.txt_48,实操题库_地面站考试条件_2026H1_航向相同相反题型.txt,2026H1,2026H1,2026-01-01,2026-06-30,CAAC执照考试地面站实操真题考试条件,航向相同相反题型,航向相同相反题型-考试条件提取.docx,地面站考试真题（2026年1月-6月）/航向相同相反题型/航向相同相反题型-考试条件提取.docx,49,118,596,山东05考场,山东,05考场,2026-03-12,5,经纬度换算;航向方位判断;夹角计算;速度高度参数设置;转弯停留循环设置;几何图形航线规划;起飞返航点定位;题型:航向相同相反,doc_condition_count_mismatch;source_gap,"山东05考场地面站真题 | 日期：2026.03.12
(一) 与 的相对方位由委任代表根据现场环境等 情况进行决定。规划一个五边形并循环执行，①②边及②③边的边长为a, ∠②=∠④=∠①为90°，航线相对地面高度为b,水平速度为c,垂直速度 为d,转弯模式为停止转弯，各点停留时间为e；
(二) a值建议为50米，b值建议为50米，c值建议为3ms,d值建议 为2m/s,e值建议为10s。
1、 起飞点经纬度： N:28°39′30” E:115°56′32”
2、 起飞点到任务航线2 点的距离是100米。 起飞点-2和1点-2点航 向相同。
3、 1号点位于起飞点SE 方位。"
gsec_e10ac1a5bb84,qbank_7f9e06c80aa9,doc_34949a77c6c0,实操题库_地面站考试条件_2026H1_航向相同相反题型.txt_49,实操题库_地面站考试条件_2026H1_航向相同相反题型.txt,2026H1,2026H1,2026-01-01,2026-06-30,CAAC执照考试地面站实操真题考试条件,航向相同相反题型,航向相同相反题型-考试条件提取.docx,地面站考试真题（2026年1月-6月）/航向相同相反题型/航向相同相反题型-考试条件提取.docx,50,118,596,山东05考场,山东,05考场,2026-03-12,5,经纬度换算;航向方位判断;夹角计算;速度高度参数设置;转弯停留循环设置;几何图形航线规划;起飞返航点定位;题型:航向相同相反,doc_condition_count_mismatch;source_gap,"山东05考场地面站真题 | 日期：2026.03.12
(一) 与 的相对方位由委任代表根据现场环境 等情况进行决定。规划一个等腰直角三角形并循环执行，①②边长为1，①③ 边长为a2，∠①为直角，航线相对地面高度b，水平速度为c,垂直速度为 d,转弯方式为停止转弯，停留时间为5s;
(二) a1、a2值为50米，b值为50米，c值为3m/s,d值为2m/s。
1、 起飞点经纬度： N28°39'30” 任务航线示意图： E:115°56'32""
2、 当地风向：西北风 H到1逆风飞行，H距离1 点120米。
3、 2-3的航向和H-1的航 向相反。"
gsec_f20e9a2f6e80,qbank_7f9e06c80aa9,doc_34949a77c6c0,实操题库_地面站考试条件_2026H1_航向相同相反题型.txt_50,实操题库_地面站考试条件_2026H1_航向相同相反题型.txt,2026H1,2026H1,2026-01-01,2026-06-30,CAAC执照考试地面站实操真题考试条件,航向相同相反题型,航向相同相反题型-考试条件提取.docx,地面站考试真题（2026年1月-6月）/航向相同相反题型/航向相同相反题型-考试条件提取.docx,51,118,596,江西01考场,江西,01考场,2026-03-07,6,经纬度换算;航向方位判断;夹角计算;速度高度参数设置;转弯停留循环设置;几何图形航线规划;起飞返航点定位;题型:航向相同相反,doc_condition_count_mismatch;source_gap,"江西01考场地面站真题 | 日期：2026.03.07
(一) 与 的相对方位由委任代表根据 现场环境等情况进行决定。按图于起飞点前规划一个五边形并循环执 行，①②边及②③边的边长为a,∠②=∠④=∠①为90°，航线相 对地面高度为b，水平速度为℃，转弯模式为停止转弯，各点停留 时间为e;
(二) a值为30米，b值为30米，c值为3m/s,e 值为2s。(航线方位及各数值可由委任代表按实际情况进行调整， 考题以委任代表规定数值为准)
1、 起飞点经纬度： N:30°15′20” 任务航线示意图： E:120°04'33""
2、 1到H80m,
3、 H-1航向与2-1航向相反
4、 1-H方向为SW"
gsec_767749f23ebf,qbank_7f9e06c80aa9,doc_34949a77c6c0,实操题库_地面站考试条件_2026H1_航向相同相反题型.txt_51,实操题库_地面站考试条件_2026H1_航向相同相反题型.txt,2026H1,2026H1,2026-01-01,2026-06-30,CAAC执照考试地面站实操真题考试条件,航向相同相反题型,航向相同相反题型-考试条件提取.docx,地面站考试真题（2026年1月-6月）/航向相同相反题型/航向相同相反题型-考试条件提取.docx,52,118,596,江西01考场,江西,01考场,2026-03-07,6,经纬度换算;航向方位判断;夹角计算;速度高度参数设置;转弯停留循环设置;几何图形航线规划;起飞返航点定位;题型:航向相同相反,doc_condition_count_mismatch;source_gap,"江西01考场地面站真题 | 日期：2026.03.07
(一) 与 的相对方位由委任代表根据 现场环境等情况进行决定。按图于起飞点前规划一个五边形并循环执 行，①②边及②③边的边长为a,∠②=∠④=∠①为90°，航线相 对地面高度为b，水平速度为c，转弯模式为停止转弯，各点停留 时间为e；
(二) a值为30米，b值为30米，c值为3m/s,e 值为2s。(航线方位及各数值可由委任代表按实际情况进行调整， 考题以委任代表规定数值为准)
1、 起飞点经纬度： E:112°12'36” N:23°24'18""
2、 H到1距离50m,
3、 H-1航向与1-2航向相同
4、 2点位于3点西偏南60°"
gsec_686188edbc90,qbank_7f9e06c80aa9,doc_34949a77c6c0,实操题库_地面站考试条件_2026H1_航向相同相反题型.txt_52,实操题库_地面站考试条件_2026H1_航向相同相反题型.txt,2026H1,2026H1,2026-01-01,2026-06-30,CAAC执照考试地面站实操真题考试条件,航向相同相反题型,航向相同相反题型-考试条件提取.docx,地面站考试真题（2026年1月-6月）/航向相同相反题型/航向相同相反题型-考试条件提取.docx,53,118,596,江西01考场,江西,01考场,2026-03-07,6,经纬度换算;航向方位判断;夹角计算;速度高度参数设置;转弯停留循环设置;几何图形航线规划;起飞返航点定位;题型:航向相同相反,doc_condition_count_mismatch;source_gap,"江西01考场地面站真题 | 日期：2026.03.07
(一) 与 的相对方位由委任代表根据 现场环境等情况进行决定。按图于起飞点前规划一个闭合图形并循环 执行，各点之间距离不小于20米，①点相对于地面高度为a，②点相 对地面高度为b,③点相对地面高度为c,④点相对地面高度为d, 水平速度为f,∠①=∠②=∠③=∠④=45°转弯模式为停止转弯， 停留时间不作要求；
(二) a值为20米，b值为25米，c值为30m,d值为 25m,f值为3m/s。(航线方位及各数值可由委任代表按实际情况 进行调整，考题以委任代表规定数值为准)
1、 起飞点经纬度： 任务航线示意图： E:112°12'36 N:23°24'18""
2、 H到1距离50m,
3、 H-1航向与1-2航向相同
4、 2点位于3点西偏南60°"
gsec_00807212ea55,qbank_7f9e06c80aa9,doc_34949a77c6c0,实操题库_地面站考试条件_2026H1_航向相同相反题型.txt_53,实操题库_地面站考试条件_2026H1_航向相同相反题型.txt,2026H1,2026H1,2026-01-01,2026-06-30,CAAC执照考试地面站实操真题考试条件,航向相同相反题型,航向相同相反题型-考试条件提取.docx,地面站考试真题（2026年1月-6月）/航向相同相反题型/航向相同相反题型-考试条件提取.docx,54,118,596,江西01考场,江西,01考场,2026-03-07,5,经纬度换算;航向方位判断;夹角计算;速度高度参数设置;转弯停留循环设置;几何图形航线规划;起飞返航点定位;题型:航向相同相反,doc_condition_count_mismatch;source_gap,"江西01考场地面站真题 | 日期：2026.03.07
(一) 与 的相对方位由委任代表根据 现场环境等情况进行决定。于起飞点前规划一个等边三角形并循环执 行。边长为a,航线相对地面高度为b，转弯方式为停止转弯，停留 时间不作要求；
(二) a值为30米，b值为30米。（航线方位及各数值可由 委任代表按实际情况进行调整，考题以委任代表规定数值为准)
1、 起飞点经纬度： E:112°12'36” N:23°24'18”
2、 H到1距离50m, H-1航向与1-2航向相同
3、 2点位于3点西偏南60°"
gsec_8a9936d2b003,qbank_7f9e06c80aa9,doc_34949a77c6c0,实操题库_地面站考试条件_2026H1_航向相同相反题型.txt_54,实操题库_地面站考试条件_2026H1_航向相同相反题型.txt,2026H1,2026H1,2026-01-01,2026-06-30,CAAC执照考试地面站实操真题考试条件,航向相同相反题型,航向相同相反题型-考试条件提取.docx,地面站考试真题（2026年1月-6月）/航向相同相反题型/航向相同相反题型-考试条件提取.docx,55,118,596,江西01考场,江西,01考场,2026-03-07,6,经纬度换算;航向方位判断;速度高度参数设置;转弯停留循环设置;起飞返航点定位;题型:航向相同相反,doc_condition_count_mismatch;source_gap,"江西01考场地面站真题 | 日期：2026.03.07
(一) 与 的相对方位由委任代表根据 现场环境等情况进行决定。按图于起飞点前规划扫描航线。航线长度 为a,航线间隔为b,航线相对地面高度为c,水平速度为d,转弯 模式为停止转弯，停留时间不作要求；
(二) a值为30米（误差≤±3米），b值为10米（误差 ≤±1米)，c为30m,d值建议为3m/s。(航线方位及各数值 可由变任代表按实际情况进行调整，考题以委任代表规定数值为准)
1、 起飞点经纬度： N:30°15′20” E:120°04′33”
2、 起点倒180m
3、 H-1航向与2-1航向相反
4、 起点位于1点SW方向"
gsec_697160d294ab,qbank_7f9e06c80aa9,doc_34949a77c6c0,实操题库_地面站考试条件_2026H1_航向相同相反题型.txt_55,实操题库_地面站考试条件_2026H1_航向相同相反题型.txt,2026H1,2026H1,2026-01-01,2026-06-30,CAAC执照考试地面站实操真题考试条件,航向相同相反题型,航向相同相反题型-考试条件提取.docx,地面站考试真题（2026年1月-6月）/航向相同相反题型/航向相同相反题型-考试条件提取.docx,56,118,596,江苏03考场,江苏,03考场,2026-03-05,5,经纬度换算;航向方位判断;夹角计算;速度高度参数设置;转弯停留循环设置;几何图形航线规划;起飞返航点定位;题型:航向相同相反,doc_condition_count_mismatch;source_gap,"江苏03考场地面站真题 | 日期：2026.03.05
(一) 与 的相对方位由委任代表根据 现场环境等情况进行决定。按图于起飞点前规划一个五边形并循环执 行，①②边及②③边的边长为a,∠②=∠④=∠①为90°，航线相 对地面高度为b，水平速度为c，垂直速度为4，转弯模式为停止 转弯，各点停留时间为e;
(二) a值建议为30米，b值建议为30米，c值建议为 3m/s,d值建议为1ms,e值建议为2s。(航线方位及各数值可由 委任代表按实际情况进行调整，考题以委任代表规定数值为准)
1、 起飞点经纬度： E:112°12'36” 任务航线示意图： N:23°42'18”
2、 H-1距离50m, H-1与2-1航向相反；
3、 ③号点位于②号点 西偏北30°"
gsec_48a1a54521fc,qbank_7f9e06c80aa9,doc_34949a77c6c0,实操题库_地面站考试条件_2026H1_航向相同相反题型.txt_56,实操题库_地面站考试条件_2026H1_航向相同相反题型.txt,2026H1,2026H1,2026-01-01,2026-06-30,CAAC执照考试地面站实操真题考试条件,航向相同相反题型,航向相同相反题型-考试条件提取.docx,地面站考试真题（2026年1月-6月）/航向相同相反题型/航向相同相反题型-考试条件提取.docx,57,118,596,江苏03考场,江苏,03考场,2026-03-05,5,经纬度换算;航向方位判断;速度高度参数设置;转弯停留循环设置;几何图形航线规划;起飞返航点定位;题型:航向相同相反,doc_condition_count_mismatch;source_gap,"江苏03考场地面站真题 | 日期：2026.03.05
(一) 与 的相对方位由委任代表根据 现场环境等情况进行决定。按图于起飞点前规划一个闭合图形并循环 执行，各点之间距离不小于20米，①点相对于地面高度为a，②点相 对地面高度为b,③点相对地面高度为c,④点相对地面高度为d, 水平速度为e，垂直速度为f，转弯模式为停止转弯，停留时间不作 要求；
(二) a值建议为20米，b值建议为25米，c值建议为30m, d值建议为25m，e值建议为2m/s,f值建议为1m/s。(航线方位 及各数值可由委任代表按实际情况进行调整，考题以委任代表规定数 值为准)
1、 起飞点经纬度： E:112°12'36” N:23°42'18”
2、 H-1距离50m, H-1与2-1航向相反；
3、 3位于2西偏北30°"
gsec_c8bc7b8cc2ad,qbank_7f9e06c80aa9,doc_34949a77c6c0,实操题库_地面站考试条件_2026H1_航向相同相反题型.txt_57,实操题库_地面站考试条件_2026H1_航向相同相反题型.txt,2026H1,2026H1,2026-01-01,2026-06-30,CAAC执照考试地面站实操真题考试条件,航向相同相反题型,航向相同相反题型-考试条件提取.docx,地面站考试真题（2026年1月-6月）/航向相同相反题型/航向相同相反题型-考试条件提取.docx,58,118,596,江苏03考场,江苏,03考场,2026-03-05,5,经纬度换算;航向方位判断;夹角计算;速度高度参数设置;转弯停留循环设置;几何图形航线规划;起飞返航点定位;题型:航向相同相反,doc_condition_count_mismatch;source_gap,"江苏03考场地面站真题 | 日期：2026.03.05
(一) 与 的相对方位由委任代表根据 现场环境等情况进行决定。于起飞点前规划一个等边三角形并循环执 行，边长为a，航线相对地面高度b，水平速度为c，垂直速度为 d,转弯方式为停止转弯，停留时间不作要求；
(二) a值建议为30米，b值建议为30米，c值建议为3m/s, d值建议为1m/s。(航线方位及各数值可由委任代表按实际情况进 行调整，考题以委任代表规定数值为准)
1、 起飞点经纬度： N:23°42'18” E:112°12'36”
2、 H-1距离50m, H-1与2-1航向相反：
3、 3位于2西偏北30°"
gsec_77c92723d01f,qbank_7f9e06c80aa9,doc_34949a77c6c0,实操题库_地面站考试条件_2026H1_航向相同相反题型.txt_58,实操题库_地面站考试条件_2026H1_航向相同相反题型.txt,2026H1,2026H1,2026-01-01,2026-06-30,CAAC执照考试地面站实操真题考试条件,航向相同相反题型,航向相同相反题型-考试条件提取.docx,地面站考试真题（2026年1月-6月）/航向相同相反题型/航向相同相反题型-考试条件提取.docx,59,118,596,江苏03考场,江苏,03考场,2026-03-05,5,经纬度换算;航向方位判断;夹角计算;速度高度参数设置;转弯停留循环设置;几何图形航线规划;起飞返航点定位;题型:航向相同相反,doc_condition_count_mismatch;source_gap,"江苏03考场地面站真题 | 日期：2026.03.05
(一) 与 的相对方位由委任代表根据 现场环境等情况进行决定。按图于起飞点前规划一个四边形并循环执 行，①②边、②③边边长为a，③④边边长为b,∠②=∠③=90 航线相对地面高度为c，水平速度为d,垂直速度为e，转弯模式为 停止转弯，停留时间不作要求；
(二) a值建议为20米，b值建议为30米，c值建议为30m, d值建议为3m/s,e值建议为2m/s。(航线方位及各数值可由委任 代表按实际情况进行调整，考题以委任代表规定数值为准)
1、 起飞点经纬度： E:112°12'36” N:23°42'18”
2、 H-1距离50m, H-1与2-1航向相反；
3、 3位于2西偏北30°"
gsec_243c97e4cf83,qbank_7f9e06c80aa9,doc_34949a77c6c0,实操题库_地面站考试条件_2026H1_航向相同相反题型.txt_59,实操题库_地面站考试条件_2026H1_航向相同相反题型.txt,2026H1,2026H1,2026-01-01,2026-06-30,CAAC执照考试地面站实操真题考试条件,航向相同相反题型,航向相同相反题型-考试条件提取.docx,地面站考试真题（2026年1月-6月）/航向相同相反题型/航向相同相反题型-考试条件提取.docx,60,118,596,山西O3考场,山西,O3考场,2026-03-06,5,经纬度换算;航向方位判断;夹角计算;速度高度参数设置;转弯停留循环设置;几何图形航线规划;起飞返航点定位;题型:航向相同相反,doc_condition_count_mismatch;site_uses_letter_O;source_gap,"山西O3考场地面站真题 | 日期：2026.03.06
(一) 与 的相对方位由委任代表根据现场环境等情况 进行决定。规划一个等腰直角三角形并循环执行，①②边长为a1，①③边长为a2, ∠①为直角，航线相对地面高度b，水平速度为c，垂直速度为d，转弯方式为停 止转弯，停留时间为5s；
(二) a1、a2值为50米，b值为50米，c值为3m/s,d值为2m/s。
1、 起飞点经纬度： N:27°46'19” E:123°12'17”
2、 当地风向：西北风 2-1逆风飞行，H距离1点 120米。
3、 2-3的航向和H-1的航 向相反。"
gsec_6a3ae98afbc1,qbank_7f9e06c80aa9,doc_34949a77c6c0,实操题库_地面站考试条件_2026H1_航向相同相反题型.txt_60,实操题库_地面站考试条件_2026H1_航向相同相反题型.txt,2026H1,2026H1,2026-01-01,2026-06-30,CAAC执照考试地面站实操真题考试条件,航向相同相反题型,航向相同相反题型-考试条件提取.docx,地面站考试真题（2026年1月-6月）/航向相同相反题型/航向相同相反题型-考试条件提取.docx,61,118,596,广东03考场,广东,03考场,2026-03-06,5,经纬度换算;航向方位判断;夹角计算;速度高度参数设置;转弯停留循环设置;几何图形航线规划;起飞返航点定位;题型:航向相同相反,doc_condition_count_mismatch;source_gap,"广东03考场地面站真题 | 日期：2026.03.06
(一) 与 的相对方位由委任代表根据 现场环境等情况进行决定。于起飞点前规划一个等边三角形并循环执 行，边长为a，航线相对地面高度为b,水平速度为c,垂直速度为 d，转弯方式为停止转弯，停留时间不作要求；
(二) a值建议为30米，b值建议为30米，c值建议为3m/s, d值建议为1m/s。 (航线方位及各数值可由委任代表按实际情况进 行调整，考题以委任代表规定数值为准)
1、 起飞点经纬度： N:22°38'51"" E:114°06'33""
2、 当地风向为：西南风 1→H为顺风，距离120m
3、 2→3与1→H航向相同"
gsec_621b577dc4b3,qbank_7f9e06c80aa9,doc_34949a77c6c0,实操题库_地面站考试条件_2026H1_航向相同相反题型.txt_61,实操题库_地面站考试条件_2026H1_航向相同相反题型.txt,2026H1,2026H1,2026-01-01,2026-06-30,CAAC执照考试地面站实操真题考试条件,航向相同相反题型,航向相同相反题型-考试条件提取.docx,地面站考试真题（2026年1月-6月）/航向相同相反题型/航向相同相反题型-考试条件提取.docx,62,118,596,广东03考场,广东,03考场,2026-03-06,5,经纬度换算;航向方位判断;速度高度参数设置;转弯停留循环设置;起飞返航点定位;题型:航向相同相反,doc_condition_count_mismatch;source_gap,"广东03考场地面站真题 | 日期：2026.03.06
(一) 与 的相对方位由委任代表根据 现场环境等情况进行决定。规划扫描航线要求不闭合不循环，航线长 度为a,航线间隔为b,航线相对地面高度为c,水平速度为d，垂 直速度为e，转弯模式为停止转弯，停留时间不作要求；
(二) a值为300米，b值为100米，c值为300m,d值为3m/s e值为2m/s。 插n别老试成结： ☐通 门不通村 老宣然立：
1、 起飞点经纬度： N:28°39'30"" E:115°56'32”
2、 起飞点到任务 6 航线2点的距离是 100米。 起飞点-1点和2点 1点航向相同。
3、 1号点位于起 飞点SW方向"
gsec_95ea3ae79c22,qbank_7f9e06c80aa9,doc_34949a77c6c0,实操题库_地面站考试条件_2026H1_航向相同相反题型.txt_62,实操题库_地面站考试条件_2026H1_航向相同相反题型.txt,2026H1,2026H1,2026-01-01,2026-06-30,CAAC执照考试地面站实操真题考试条件,航向相同相反题型,航向相同相反题型-考试条件提取.docx,地面站考试真题（2026年1月-6月）/航向相同相反题型/航向相同相反题型-考试条件提取.docx,63,118,596,广东03考场,广东,03考场,2026-03-06,5,经纬度换算;航向方位判断;夹角计算;速度高度参数设置;转弯停留循环设置;几何图形航线规划;起飞返航点定位;题型:航向相同相反,doc_condition_count_mismatch;source_gap,"广东03考场地面站真题 | 日期：2026.03.06
(一) 与 的相对方位由委任代表根据 现场环境等情况进行决定。按图于起飞点前规划一个五边形并循环执 行，①②边及②③边的边长为a,∠②=∠④=∠①为90°，航线相 对地面高度为b，水平速度为c，垂直速度为d，转弯模式为停止 转弯，各点停留时间为e；
(二) a值建议为30米，b值建议为30米，c值建议为 3m/s,d建议为1m/s,e值建议为2s。(航线方位及各数值可由 委任代表按实际情况进行调整，考题以委任代表规定数值为准)
1、 起飞点经纬度： N:22°38'51"" 4 E:114°06'33""
2、 当地风向为：西南风 1→H为顺风，距离120m
3、 2→3与1→H航向相同"
gsec_4edd87878cca,qbank_7f9e06c80aa9,doc_34949a77c6c0,实操题库_地面站考试条件_2026H1_航向相同相反题型.txt_63,实操题库_地面站考试条件_2026H1_航向相同相反题型.txt,2026H1,2026H1,2026-01-01,2026-06-30,CAAC执照考试地面站实操真题考试条件,航向相同相反题型,航向相同相反题型-考试条件提取.docx,地面站考试真题（2026年1月-6月）/航向相同相反题型/航向相同相反题型-考试条件提取.docx,64,118,596,河南01考场,河南,01考场,2026-04-17,5,经纬度换算;航向方位判断;速度高度参数设置;转弯停留循环设置;起飞返航点定位;题型:航向相同相反,doc_condition_count_mismatch;source_gap,"河南01考场地面站真题 | 日期：2026.04.17
(一) 规划扫描航线要求不闭合不循环，航线长度为a,航线间 隔为b,航线相对地面高度为c,水平速度为d,垂直速度为e,转弯 模式为协调转弯；
(二) a值为400米，b值为200米，c值为300m,d值为6m/s, e值为4m/s。
一： 起飞点经纬度： 12 N:23°39′30"" E:111°5632”
二： ；起飞点到任务 航线2点的距离是 200米。 起飞点到2点和8点 到9点航向相反。
三： 2号点位于起飞 点西偏南15°"
gsec_a0e52cbed451,qbank_7f9e06c80aa9,doc_34949a77c6c0,实操题库_地面站考试条件_2026H1_航向相同相反题型.txt_64,实操题库_地面站考试条件_2026H1_航向相同相反题型.txt,2026H1,2026H1,2026-01-01,2026-06-30,CAAC执照考试地面站实操真题考试条件,航向相同相反题型,航向相同相反题型-考试条件提取.docx,地面站考试真题（2026年1月-6月）/航向相同相反题型/航向相同相反题型-考试条件提取.docx,65,118,596,河南01考场,河南,01考场,2026-04-17,5,经纬度换算;航向方位判断;夹角计算;速度高度参数设置;转弯停留循环设置;几何图形航线规划;起飞返航点定位;题型:航向相同相反,doc_condition_count_mismatch;source_gap,"河南01考场地面站真题 | 日期：2026.04.17
(一) 规划一个闭合五边形并循环执行，①②、②③、③④、④⑤、①⑤边 的边长为a,∠②=∠①为90°，航线相对地面高度为b,水平速度为c,垂直 速度为d,转弯模式为停止转弯，各点停留时间为e;
(二) a值为50米，b值为50米，c值为3m/s,d值为2ms,e值为 10s
一： 起飞点经纬度： N:28°00'12” E:115°06′32”
二： 起飞点到任务航线 1点的距离是100米。 起飞点到1和4点到5点 航向相同。
三： 1号点位于起飞点 南偏东25°"
gsec_1203e605f280,qbank_7f9e06c80aa9,doc_34949a77c6c0,实操题库_地面站考试条件_2026H1_航向相同相反题型.txt_65,实操题库_地面站考试条件_2026H1_航向相同相反题型.txt,2026H1,2026H1,2026-01-01,2026-06-30,CAAC执照考试地面站实操真题考试条件,航向相同相反题型,航向相同相反题型-考试条件提取.docx,地面站考试真题（2026年1月-6月）/航向相同相反题型/航向相同相反题型-考试条件提取.docx,66,118,596,山东04考场,山东,04考场,2026-04-20,5,经纬度换算;航向方位判断;夹角计算;速度高度参数设置;转弯停留循环设置;几何图形航线规划;起飞返航点定位;题型:航向相同相反,doc_condition_count_mismatch;source_gap,"山东04考场地面站真题 | 日期：2026.04.20
(一) 规划一个闭合五边形并循环执行，①②、②③、③④、④⑤、①⑤边 的边长为a,∠②=∠①为90°，航线相对地面高度为b,水平速度为c，垂直 速度为d,转弯模式为协调转弯；
(二) a值为50米，b值为60米，c值为4m/s,d值为2m/s
一： 起飞点经纬度： N:29°01'10” E:113°06′31""”
二： 起飞点到任务航线 1点的距离是130米。 起飞点到1和4点到5点 航向相反。
三： 1号点位于起飞点 南偏西25°"
gsec_1c71ddf7f4d6,qbank_7f9e06c80aa9,doc_34949a77c6c0,实操题库_地面站考试条件_2026H1_航向相同相反题型.txt_66,实操题库_地面站考试条件_2026H1_航向相同相反题型.txt,2026H1,2026H1,2026-01-01,2026-06-30,CAAC执照考试地面站实操真题考试条件,航向相同相反题型,航向相同相反题型-考试条件提取.docx,地面站考试真题（2026年1月-6月）/航向相同相反题型/航向相同相反题型-考试条件提取.docx,67,118,596,山东04考场,山东,04考场,2026-04-20,4,经纬度换算;航向方位判断;夹角计算;速度高度参数设置;转弯停留循环设置;几何图形航线规划;起飞返航点定位;题型:航向相同相反,doc_condition_count_mismatch;source_gap,"山东04考场地面站真题 | 日期：2026.04.20
(一) 按图规划一个闭合四边形并循环执行，①②边、②③边边 长为a,①④边边长为b,∠②=∠①=90°航线相对地面高度为c, 水平速度为d，垂直速度为e,转弯模式为协调转弯；
(二) a值为200米，b值为400米，c值为300m,d值为 6m/s,e值为3m/s。
二： 起飞点到任务航线1 点的距离是150米。 起飞点到1点和3点到2 点航向相同。
三： 3号点位于2点东偏 南35°。"
gsec_e03d6bb05506,qbank_7f9e06c80aa9,doc_34949a77c6c0,实操题库_地面站考试条件_2026H1_航向相同相反题型.txt_67,实操题库_地面站考试条件_2026H1_航向相同相反题型.txt,2026H1,2026H1,2026-01-01,2026-06-30,CAAC执照考试地面站实操真题考试条件,航向相同相反题型,航向相同相反题型-考试条件提取.docx,地面站考试真题（2026年1月-6月）/航向相同相反题型/航向相同相反题型-考试条件提取.docx,68,118,596,广东01考场,广东,01考场,2026-04-21,4,航向方位判断;夹角计算;速度高度参数设置;转弯停留循环设置;几何图形航线规划;起飞返航点定位;题型:航向相同相反,doc_condition_count_mismatch;source_gap,"广东01考场地面站真题 | 日期：2026.04.21
(一) 规划一个闭合等边三角形并循环执行，闭合点高度与①号点保持一 致，边长为a，所有航线相对地面高度为b，水平速度为c，垂直速度为d, 转弯方式为停止转弯，停留时间为f;
(二) a值为100米，b值为50米，c值为5m/s,d值为2m/s,f值为 8s。
二： 起飞点到任 务航线2点的距离 是100米。 起飞点到2点和2 点到3点航向相反。
三： 2号点位于起 飞点西偏南15°"
gsec_c3abba0c2374,qbank_7f9e06c80aa9,doc_34949a77c6c0,实操题库_地面站考试条件_2026H1_航向相同相反题型.txt_68,实操题库_地面站考试条件_2026H1_航向相同相反题型.txt,2026H1,2026H1,2026-01-01,2026-06-30,CAAC执照考试地面站实操真题考试条件,航向相同相反题型,航向相同相反题型-考试条件提取.docx,地面站考试真题（2026年1月-6月）/航向相同相反题型/航向相同相反题型-考试条件提取.docx,69,118,596,广东01考场,广东,01考场,2026-04-21,5,经纬度换算;航向方位判断;夹角计算;速度高度参数设置;转弯停留循环设置;几何图形航线规划;起飞返航点定位;题型:航向相同相反,doc_condition_count_mismatch;source_gap,"广东01考场地面站真题 | 日期：2026.04.21
(一) 规划一个闭合等边三角形并循环执行，闭合点高度与①号点保持一 致，边长为a，所有航线相对地面高度为b，水平速度为c，垂直速度为d, 转弯方式为停止转弯，停留时间为f;
(二) a值为100米，b值为50米，c值为5m/s,d值为2m/s,f值为 8s。
一： 起飞点经纬度： N:22°29'30"" E:114°36'22”
二： 起飞点到任 务航线2点的距离 是200米。 起飞点到2点和2 点到3点航向相同
三： 2号点位于起 飞点西偏北25°"
gsec_64b811d833bb,qbank_7f9e06c80aa9,doc_34949a77c6c0,实操题库_地面站考试条件_2026H1_航向相同相反题型.txt_69,实操题库_地面站考试条件_2026H1_航向相同相反题型.txt,2026H1,2026H1,2026-01-01,2026-06-30,CAAC执照考试地面站实操真题考试条件,航向相同相反题型,航向相同相反题型-考试条件提取.docx,地面站考试真题（2026年1月-6月）/航向相同相反题型/航向相同相反题型-考试条件提取.docx,70,118,596,广东01考场,广东,01考场,2026-04-21,5,经纬度换算;航向方位判断;速度高度参数设置;转弯停留循环设置;起飞返航点定位;题型:航向相同相反,doc_condition_count_mismatch;source_gap,"广东01考场地面站真题 | 日期：2026.04.21
(一) 规划扫描航线要求不闭合不循环，航线长度为a,航线间 隔为b,航线相对地面高度为c,水平速度为d,垂直速度为e,转弯 方式为停止转弯，各点停留时间为f；
(二) a值为300米，b值为100米，c值为300m,d值为3m/s, e值为2m/s,f值为10s
一： 1号点经纬度： 12 N:28°08′10” E:115°16′02”
二： 起飞点到任务 航线2点的距离是 100米。 起飞点到2点和6点 到7点航向相同。
三： 风向：东南风 3-4航线为顺风飞行"
gsec_5a771384d107,qbank_7f9e06c80aa9,doc_34949a77c6c0,实操题库_地面站考试条件_2026H1_航向相同相反题型.txt_70,实操题库_地面站考试条件_2026H1_航向相同相反题型.txt,2026H1,2026H1,2026-01-01,2026-06-30,CAAC执照考试地面站实操真题考试条件,航向相同相反题型,航向相同相反题型-考试条件提取.docx,地面站考试真题（2026年1月-6月）/航向相同相反题型/航向相同相反题型-考试条件提取.docx,71,118,596,广东01考场,广东,01考场,2026-04-21,5,经纬度换算;航向方位判断;夹角计算;速度高度参数设置;转弯停留循环设置;几何图形航线规划;起飞返航点定位;题型:航向相同相反,doc_condition_count_mismatch;possible_incomplete_latlon_pair;source_gap,"广东01考场地面站真题 | 日期：2026.04.21
(一) 规划一个闭合五边形并循环执行，闭合点高度与①号点保持一致，① ②、②③、③④、④⑤、①⑤边的边长为a,∠②=∠①为90°，航线相对地面 高度为b,水平速度为c,垂直速度为d,转弯模式为停止转弯，各点停留时间为e；
(二) a值为50米，b值为50米，c值为3m/s,d值为2m/s,e值为 10s
一： 起飞点经纬度： :22°09'10” E:114°2652”
二： 起飞点到任务航线 1点的距离是100米。 起飞点到1和4点到3 点航向相同
三： 4号点位于5点南偏 东25°"
gsec_ad31ed3f69f3,qbank_7f9e06c80aa9,doc_34949a77c6c0,实操题库_地面站考试条件_2026H1_航向相同相反题型.txt_71,实操题库_地面站考试条件_2026H1_航向相同相反题型.txt,2026H1,2026H1,2026-01-01,2026-06-30,CAAC执照考试地面站实操真题考试条件,航向相同相反题型,航向相同相反题型-考试条件提取.docx,地面站考试真题（2026年1月-6月）/航向相同相反题型/航向相同相反题型-考试条件提取.docx,72,118,596,广东01考场,广东,01考场,2026-04-21,5,经纬度换算;航向方位判断;夹角计算;速度高度参数设置;转弯停留循环设置;几何图形航线规划;起飞返航点定位;题型:航向相同相反,doc_condition_count_mismatch;source_gap,"广东01考场地面站真题 | 日期：2026.04.21
(一) 按图规划一个闭合四边形并循环执行，闭合点高度与①号 点保持一致，①②边、②③边边长为a,①④边边长为b,∠①=∠ ②=90°航线相对地面高度为c，水平速度为d，垂直速度为e,转 弯模式为停止转弯，停留时间5s；
(二) a值为200米，b值为400米，c值为300m,d值为 3m/s,e值为2m/s
一： 起飞点经纬度： N:22°39′30” E:115°56′32”
二： 起飞点到任务航线1 点的距离是100米。 起飞点到1点和4点到3点航向相同。
三： 3号点位于4点西偏南25°"
gsec_7c39a3dfd851,qbank_7f9e06c80aa9,doc_34949a77c6c0,实操题库_地面站考试条件_2026H1_航向相同相反题型.txt_72,实操题库_地面站考试条件_2026H1_航向相同相反题型.txt,2026H1,2026H1,2026-01-01,2026-06-30,CAAC执照考试地面站实操真题考试条件,航向相同相反题型,航向相同相反题型-考试条件提取.docx,地面站考试真题（2026年1月-6月）/航向相同相反题型/航向相同相反题型-考试条件提取.docx,73,118,596,山西01考场,山西,01考场,2026-04-21,5,经纬度换算;航向方位判断;夹角计算;速度高度参数设置;转弯停留循环设置;几何图形航线规划;起飞返航点定位;题型:航向相同相反,doc_condition_count_mismatch;source_gap,"山西01考场地面站真题 | 日期：2026.04.21
(一) 与 的相对方位由委任代表根据现场环境 等情况进行决定。规划一个等腰直角三角形并循环执行，①②边长为a1，①③ 边长为a2,∠①为直角，航线相对地面高度b，水平速度为c，垂直速度为d, 转弯方式为停止转弯，停留时间5$；
(二) a1、a2值为50米，b值为50米，c值为3m/s,d值为2m/s。
1、 起飞点经纬度： N:24°29'30” E:115°56'32""
2、 当地风向：东北风 H1逆风飞行，H距离1 点120米。
3、 2-3的航向和H-1的航 向相反"
gsec_7a692e3de494,qbank_7f9e06c80aa9,doc_34949a77c6c0,实操题库_地面站考试条件_2026H1_航向相同相反题型.txt_73,实操题库_地面站考试条件_2026H1_航向相同相反题型.txt,2026H1,2026H1,2026-01-01,2026-06-30,CAAC执照考试地面站实操真题考试条件,航向相同相反题型,航向相同相反题型-考试条件提取.docx,地面站考试真题（2026年1月-6月）/航向相同相反题型/航向相同相反题型-考试条件提取.docx,74,118,596,江西02考场,江西,02考场,2026-04-23,5,经纬度换算;航向方位判断;夹角计算;速度高度参数设置;转弯停留循环设置;几何图形航线规划;起飞返航点定位;题型:航向相同相反,doc_condition_count_mismatch;source_gap,"江西02考场地面站真题 | 日期：2026.04.23
(一) 规划一个闭合等边三角形并循环执行，闭合点高度与①号点保持一 致，边长为a，所有航线相对地面高度为b，水平速度为c，垂直速度为d, 转弯方式为停止转弯，停留时间为f；
(二) a值为100米，b值为50米，c值为5m/s,d值为2m/s,f指为 8S.
一： 起飞点经纬度： N:22°09'30"" E:114°56'02”
二： 起飞点到任务 航线3点的距离是 150米。 起飞点到3点和2点 到3点航向相同
三： 3号点位于起飞点西偏南35°"
gsec_b1cf9c2514e9,qbank_7f9e06c80aa9,doc_34949a77c6c0,实操题库_地面站考试条件_2026H1_航向相同相反题型.txt_74,实操题库_地面站考试条件_2026H1_航向相同相反题型.txt,2026H1,2026H1,2026-01-01,2026-06-30,CAAC执照考试地面站实操真题考试条件,航向相同相反题型,航向相同相反题型-考试条件提取.docx,地面站考试真题（2026年1月-6月）/航向相同相反题型/航向相同相反题型-考试条件提取.docx,75,118,596,江西02考场,江西,02考场,2026-04-23,5,经纬度换算;航向方位判断;速度高度参数设置;转弯停留循环设置;起飞返航点定位;题型:航向相同相反,doc_condition_count_mismatch;source_gap,"江西02考场地面站真题 | 日期：2026.04.23
(一) 规划扫描航线要求不闭合不循环，航线长度为a，航线间 隔为b,航线相对地面高度为c,水平速度为d,垂直速度为e,转弯 方式为停止转弯，各点停留时间为f；
(二) a值为300米，b值为100米，c值为300m,d值为8m/s, e值为3m/s,f值为10s。
一： 1号点经纬度： N:28°08'10"" E:115°16'02""
二： 起飞点到任务 航线2点的距离是310米。 起飞点到1点和7点 到8点航向相反
三： 风向：西北风 1-2航线为顺风飞行"
gsec_fc0c0893ea20,qbank_7f9e06c80aa9,doc_34949a77c6c0,实操题库_地面站考试条件_2026H1_航向相同相反题型.txt_75,实操题库_地面站考试条件_2026H1_航向相同相反题型.txt,2026H1,2026H1,2026-01-01,2026-06-30,CAAC执照考试地面站实操真题考试条件,航向相同相反题型,航向相同相反题型-考试条件提取.docx,地面站考试真题（2026年1月-6月）/航向相同相反题型/航向相同相反题型-考试条件提取.docx,76,118,596,江西02考场,江西,02考场,2026-04-23,4,经纬度换算;航向方位判断;夹角计算;速度高度参数设置;转弯停留循环设置;几何图形航线规划;起飞返航点定位;题型:航向相同相反,doc_condition_count_mismatch;source_gap,"江西02考场地面站真题 | 日期：2026.04.23
(一) 规划一个闭合五边形并循环执行，闭合点高度与①号点保持一致，① ②、②③、③④、④⑤、①⑤边的边长为a,∠②=∠①为90°，航线相对地面 高度为b,水平速度为c,垂直速度为d,转弯模式为停止转弯，各点停留时间为e;
(二) a值为50米，b值为50米，c值为3m/s,d值为2m/s,e值为 10s。
二： 起飞点到任务航线 1点的距离是100米。 起飞点到1点和4点到3 点航向相反。
三： 4号点位于3点东偏 南15°"
gsec_c4e1f97e0944,qbank_7f9e06c80aa9,doc_34949a77c6c0,实操题库_地面站考试条件_2026H1_航向相同相反题型.txt_76,实操题库_地面站考试条件_2026H1_航向相同相反题型.txt,2026H1,2026H1,2026-01-01,2026-06-30,CAAC执照考试地面站实操真题考试条件,航向相同相反题型,航向相同相反题型-考试条件提取.docx,地面站考试真题（2026年1月-6月）/航向相同相反题型/航向相同相反题型-考试条件提取.docx,77,118,596,江西02考场,江西,02考场,2026-04-23,4,经纬度换算;航向方位判断;夹角计算;速度高度参数设置;转弯停留循环设置;几何图形航线规划;起飞返航点定位;题型:航向相同相反,doc_condition_count_mismatch;source_gap,"江西02考场地面站真题 | 日期：2026.04.23
(一) 规划一个闭合五边形并循环执行，闭合点高度与①号点保持一致，① ②、②③、③④、④⑤、①⑤边的边长为a,∠②=∠①为90°，航线相对地面 高度为b,水平速度为c,垂直速度为d,转弯模式为停止转弯，各点停留时间为e;
(二) a值为60米，b值为80米，c值为5m/s,d值为2ms,e值为 10s。
二： 起飞点到任务航线 1点的距离是50米。 起飞点到1点和5点到4 点航向相反。
三： 5号点位于4点西偏 南18°"
gsec_128fa7af72c7,qbank_7f9e06c80aa9,doc_34949a77c6c0,实操题库_地面站考试条件_2026H1_航向相同相反题型.txt_77,实操题库_地面站考试条件_2026H1_航向相同相反题型.txt,2026H1,2026H1,2026-01-01,2026-06-30,CAAC执照考试地面站实操真题考试条件,航向相同相反题型,航向相同相反题型-考试条件提取.docx,地面站考试真题（2026年1月-6月）/航向相同相反题型/航向相同相反题型-考试条件提取.docx,78,118,596,江西02考场,江西,02考场,2026-04-23,4,经纬度换算;航向方位判断;夹角计算;速度高度参数设置;转弯停留循环设置;几何图形航线规划;起飞返航点定位;题型:航向相同相反,doc_condition_count_mismatch;source_gap,"江西02考场地面站真题 | 日期：2026.04.23
(一) 按图规划一个闭合四边形并循环执行，闭合点高度与①号 点保持一致，①②边、②③边边长为a,①④边边长为b,∠①=∠ ②=90°航线相对地面高度为c,水平速度为d,垂直速度为e,转 弯模式为停止转弯，停留时间5s;
(二) a值为200米，b值为400米，c值为300m,d值为 3m/s,e值为2m/s。
二： 起飞点到任务航线1 点的距离是100米。 起飞点到1点和3点到4 点航向相反。
三： 3号点位于4点东偏 南25°"
gsec_31c07a7dc438,qbank_7f9e06c80aa9,doc_34949a77c6c0,实操题库_地面站考试条件_2026H1_航向相同相反题型.txt_78,实操题库_地面站考试条件_2026H1_航向相同相反题型.txt,2026H1,2026H1,2026-01-01,2026-06-30,CAAC执照考试地面站实操真题考试条件,航向相同相反题型,航向相同相反题型-考试条件提取.docx,地面站考试真题（2026年1月-6月）/航向相同相反题型/航向相同相反题型-考试条件提取.docx,79,118,596,新疆01考场,新疆,01考场,2026-04-23,5,经纬度换算;航向方位判断;速度高度参数设置;转弯停留循环设置;几何图形航线规划;起飞返航点定位;题型:航向相同相反,doc_condition_count_mismatch;source_gap,"新疆01考场地面站真题 | 日期：2026.04.23
(一) 与 的相对方位由委任代表根据 现场环境等情况进行决定。于起飞点前规划一个六边形并循环执行，边 长为a，①②⑧航点相对地面高度为b,④⑤⑥航点相对地面高度为c, 水平速度为d,垂直速度为e,转弯方式为停止转弯，各点停留时间为 f;
(二) a值为建议30米（误差≤±3米），b值建议为25米， c值建议为30m,d值建议为2m/s,e值建议为1m/s,f值建议为 2s。(航线方位及各数值可由委任代表按实际情况进行调整，考题以委 任代表规定数值为准)
1、 1点经纬度： 3 N:28.223344° E:113°55′55""
2、 H点位于1点NW 方向，距离100米
3、 2-1与H-1方向相反"
gsec_9ef7db53e481,qbank_7f9e06c80aa9,doc_34949a77c6c0,实操题库_地面站考试条件_2026H1_航向相同相反题型.txt_79,实操题库_地面站考试条件_2026H1_航向相同相反题型.txt,2026H1,2026H1,2026-01-01,2026-06-30,CAAC执照考试地面站实操真题考试条件,航向相同相反题型,航向相同相反题型-考试条件提取.docx,地面站考试真题（2026年1月-6月）/航向相同相反题型/航向相同相反题型-考试条件提取.docx,80,118,596,新疆01考场,新疆,01考场,2026-04-23,5,经纬度换算;航向方位判断;夹角计算;速度高度参数设置;转弯停留循环设置;几何图形航线规划;起飞返航点定位;题型:航向相同相反,doc_condition_count_mismatch;source_gap,"新疆01考场地面站真题 | 日期：2026.04.23
(一) 与 的相对方位由委任代表根据 现场环境等情况进行决定。按图于起飞点前规划一个五边形并循环执 行，①②边及②③边的边长为a,∠②=∠④=∠①为90°，航线相 对地面高度为b，水平速度为c，垂直速度为d,转弯模式为停止转弯， 各点停留时间为e;
(二) a值建议为30米，b值建议为30米，c值建议为3m/s, d建议为1m/s,e值建议为2s。(航线方位及各数值可由委任代 表按实际情况进行调整，考题以委任代表规定数值为准)
1、 1点经纬度： N:28.223344° E:113°55'55""”
2、 H点位于1点NW 方向，距离100米
3、 2-1与H-1方向相反"
gsec_318ffce13369,qbank_7f9e06c80aa9,doc_34949a77c6c0,实操题库_地面站考试条件_2026H1_航向相同相反题型.txt_80,实操题库_地面站考试条件_2026H1_航向相同相反题型.txt,2026H1,2026H1,2026-01-01,2026-06-30,CAAC执照考试地面站实操真题考试条件,航向相同相反题型,航向相同相反题型-考试条件提取.docx,地面站考试真题（2026年1月-6月）/航向相同相反题型/航向相同相反题型-考试条件提取.docx,81,118,596,新疆01考场,新疆,01考场,2026-04-23,5,经纬度换算;航向方位判断;夹角计算;速度高度参数设置;转弯停留循环设置;几何图形航线规划;起飞返航点定位;题型:航向相同相反,doc_condition_count_mismatch;source_gap,"新疆01考场地面站真题 | 日期：2026.04.23
(一) 与 的相对方位由委任代表根据 现场环境等情况进行决定。按图于起飞点前规划一个四边形并循环执 行，①②边、②③边边长为a，③④边边长为b,∠②=∠③=90° 航线相对地面高度为c,水平速度为d,垂直速度为e，转弯模式为停止 转弯，停留时间不作要求；
(二) a值建议为20米，b值建议为30米，c值建议为30m, d值建议为3m/s,e值建议为2m/s。(航线方位及各数值可由委任代 表按实际情况进行调整，考题以委任代表规定数值为准)
1、 1点经纬度： N:28.223344° E:113°55'55”
2、 H点位于1点NW 方向，距离100米
3、 2-1与H-1方向相反"
gsec_174164cb9dd1,qbank_7f9e06c80aa9,doc_34949a77c6c0,实操题库_地面站考试条件_2026H1_航向相同相反题型.txt_81,实操题库_地面站考试条件_2026H1_航向相同相反题型.txt,2026H1,2026H1,2026-01-01,2026-06-30,CAAC执照考试地面站实操真题考试条件,航向相同相反题型,航向相同相反题型-考试条件提取.docx,地面站考试真题（2026年1月-6月）/航向相同相反题型/航向相同相反题型-考试条件提取.docx,82,118,596,重庆02考场,重庆,02考场,2026-04-25,4,经纬度换算;航向方位判断;速度高度参数设置;转弯停留循环设置;起飞返航点定位;题型:航向相同相反,doc_condition_count_mismatch;source_gap,"重庆02考场地面站真题 | 日期：2026.04.25
(一) 规划扫描航线要求不闭合不循环，航线长度为a,航线间 隔为b，航线相对地面高度为c,水平速度为d,垂直速度为e,转弯 方式为协调转弯；
(二) a值为300米，b值为100米，c值为300m,d值为6m/s, e值为4m/s
二： 起飞点到任 务航线2点的距离 是100米。 4 起飞点到2点和6 点到7点航向相反
三： 2号点位于起 飞点西偏南15"
gsec_5e5858fef7a3,qbank_7f9e06c80aa9,doc_34949a77c6c0,实操题库_地面站考试条件_2026H1_航向相同相反题型.txt_82,实操题库_地面站考试条件_2026H1_航向相同相反题型.txt,2026H1,2026H1,2026-01-01,2026-06-30,CAAC执照考试地面站实操真题考试条件,航向相同相反题型,航向相同相反题型-考试条件提取.docx,地面站考试真题（2026年1月-6月）/航向相同相反题型/航向相同相反题型-考试条件提取.docx,83,118,596,重庆02考场,重庆,02考场,2026-04-25,5,经纬度换算;航向方位判断;夹角计算;速度高度参数设置;转弯停留循环设置;几何图形航线规划;起飞返航点定位;题型:航向相同相反,doc_condition_count_mismatch;source_gap,"重庆02考场地面站真题 | 日期：2026.04.25
(一) 规划一个闭合五边形并循环执行，①②、②③、③④、④⑤、①⑤边 的边长为a,，∠②=∠①为90°，航线相对地面高度为b,水平速度为c，垂直 速度为d,转弯模式为停止转弯，各点停留时间为e;
(二) a值为50米，b值为50米，c值为3m/s,d值为2m/s,e值为 12s。
一： 起飞点经纬度： N:28°00'12"" E:115°06'32""
二： 起飞点到任务航线 1点的距离是150米。 起飞点到1点和4点到5 点航向相反。
三： 1号点位于起飞点 南偏东25°"
gsec_e5dda0291591,qbank_7f9e06c80aa9,doc_34949a77c6c0,实操题库_地面站考试条件_2026H1_航向相同相反题型.txt_83,实操题库_地面站考试条件_2026H1_航向相同相反题型.txt,2026H1,2026H1,2026-01-01,2026-06-30,CAAC执照考试地面站实操真题考试条件,航向相同相反题型,航向相同相反题型-考试条件提取.docx,地面站考试真题（2026年1月-6月）/航向相同相反题型/航向相同相反题型-考试条件提取.docx,84,118,596,重庆02考场,重庆,02考场,2026-04-25,5,经纬度换算;航向方位判断;夹角计算;速度高度参数设置;转弯停留循环设置;几何图形航线规划;起飞返航点定位;题型:航向相同相反,doc_condition_count_mismatch;source_gap,"重庆02考场地面站真题 | 日期：2026.04.25
(一) 按图规划一个闭合四边形并循环执行，①②边、②③边边 长为a,①④边边长为b,∠②=∠①=90°航线相对地面高度为c, 水平速度为d，垂直速度为e,转弯模式为停止转弯，停留时间8s；
(二) a值为200米，b值为300米，c值为300m,d值为 9m/s,e值为4m/s。
一： 起飞点经纬度： N:28°39′30"" E:115°56′32”
二： 起飞点到任务航线1 点的距离是100米。 起飞点到1点和3点到2 点航向相同。
三： 3号点位于2点南偏 西25°。"
gsec_b36c006d398f,qbank_7f9e06c80aa9,doc_34949a77c6c0,实操题库_地面站考试条件_2026H1_航向相同相反题型.txt_84,实操题库_地面站考试条件_2026H1_航向相同相反题型.txt,2026H1,2026H1,2026-01-01,2026-06-30,CAAC执照考试地面站实操真题考试条件,航向相同相反题型,航向相同相反题型-考试条件提取.docx,地面站考试真题（2026年1月-6月）/航向相同相反题型/航向相同相反题型-考试条件提取.docx,85,118,596,河北04考场,河北,04考场,2026-04-25,5,经纬度换算;航向方位判断;夹角计算;速度高度参数设置;转弯停留循环设置;几何图形航线规划;起飞返航点定位;题型:航向相同相反,doc_condition_count_mismatch;source_gap,"河北04考场地面站真题 | 日期：2026.04.25
(一) 规划一个闭合等腰直角三角形并循环执行，①②边长为a1,①③边 长为a2,∠①为直角，航线相对地面高度b,水平速度为c,垂直速度为d, 转弯方式为停止转弯，停留时间为5S；
(二) al、a2值为50米，b值为50米，c值为3m/s,d值为2m/s
一： 1号航点经纬 度： N:28°39′30” E:115°56′32”
二： 起飞点到任 务航线2点的距离 是100米。 起飞点到2点和2 点到3点航向相反。
三： 2号点位于起 飞点西偏南15°"
gsec_d63b80578ea2,qbank_7f9e06c80aa9,doc_34949a77c6c0,实操题库_地面站考试条件_2026H1_航向相同相反题型.txt_85,实操题库_地面站考试条件_2026H1_航向相同相反题型.txt,2026H1,2026H1,2026-01-01,2026-06-30,CAAC执照考试地面站实操真题考试条件,航向相同相反题型,航向相同相反题型-考试条件提取.docx,地面站考试真题（2026年1月-6月）/航向相同相反题型/航向相同相反题型-考试条件提取.docx,86,118,596,河北04考场,河北,04考场,2026-04-25,5,经纬度换算;航向方位判断;速度高度参数设置;转弯停留循环设置;起飞返航点定位;题型:航向相同相反,doc_condition_count_mismatch;source_gap,"河北04考场地面站真题 | 日期：2026.04.25
(一) 规划扫描航线要求不闭合不循环，航线长度为a,航线间 隔为b,航线相对地面高度为c,水平速度为d,垂直速度为e,转弯 方式为停止转弯，各点停留时间为f；
(二) a值为300米，b值为100米，c值为300m,d值为3m/s, e值为2m/s,f值为10s。
一： 1号点经纬度： 12 N:28°08′10"" E:115°16'02”
二： 起飞点距1号航 点310米；起飞点到 1号航点的航向与6 号航点到7号航点航 向相反：
三： 5号航点位于4 号航点西偏北20°"
gsec_b934e295a6f4,qbank_7f9e06c80aa9,doc_34949a77c6c0,实操题库_地面站考试条件_2026H1_航向相同相反题型.txt_86,实操题库_地面站考试条件_2026H1_航向相同相反题型.txt,2026H1,2026H1,2026-01-01,2026-06-30,CAAC执照考试地面站实操真题考试条件,航向相同相反题型,航向相同相反题型-考试条件提取.docx,地面站考试真题（2026年1月-6月）/航向相同相反题型/航向相同相反题型-考试条件提取.docx,87,118,596,河北04考场,河北,04考场,2026-04-25,5,经纬度换算;航向方位判断;夹角计算;速度高度参数设置;转弯停留循环设置;几何图形航线规划;起飞返航点定位;题型:航向相同相反,doc_condition_count_mismatch;source_gap,"河北04考场地面站真题 | 日期：2026.04.25
(一) 规划一个闭合五边形并循环执行，①②、②③、③④、④⑤、①⑤边 的边长为a,∠②=∠①为90°，航线相对地面高度为b,水平速度为c，垂直 速度为d,转弯模式为协调转弯；
(二) a值为50米，b值为50米，c值为4m/s,d值为2m/s
一： 起飞点经纬度： N:28°03′12"" E:115°06'32""
二： 起飞点到任务航线 1点的距离是100米。 起飞点到1点和5点到4 点航向相同。
三： 1号点位于起飞点 南偏东25°"
gsec_f4c86e378615,qbank_7f9e06c80aa9,doc_34949a77c6c0,实操题库_地面站考试条件_2026H1_航向相同相反题型.txt_87,实操题库_地面站考试条件_2026H1_航向相同相反题型.txt,2026H1,2026H1,2026-01-01,2026-06-30,CAAC执照考试地面站实操真题考试条件,航向相同相反题型,航向相同相反题型-考试条件提取.docx,地面站考试真题（2026年1月-6月）/航向相同相反题型/航向相同相反题型-考试条件提取.docx,88,118,596,山西02考场,山西,02考场,2026-04-26,8,经纬度换算;航向方位判断;速度高度参数设置;转弯停留循环设置;几何图形航线规划;起飞返航点定位;题型:航向相同相反,doc_condition_count_mismatch;source_gap,"山西02考场地面站真题 | 日期：2026.04.26
1. 该图形所有航点高度：100米
2. 该图形航线边长：1235为正方形，边长100米。4点位于图形中心。
3. 起飞点/返航点要求：起飞点到2点的距离200米，起飞点到2点和1点到2点航向相反
4. 航向或位置要求：本场风向为西南风，飞机在2-3航线时为正右侧来风
5. 水平速度为：4ms垂直速度为：3m/s
6. 转弯模式为：定点转弯，各点停留时间6秒
7. 是否循环执行：航线闭合循环3圈
8. 起飞点的经纬度坐标为：N37°46'40”E112°29′25”"
gsec_2d431a82a4f8,qbank_7f9e06c80aa9,doc_34949a77c6c0,实操题库_地面站考试条件_2026H1_航向相同相反题型.txt_88,实操题库_地面站考试条件_2026H1_航向相同相反题型.txt,2026H1,2026H1,2026-01-01,2026-06-30,CAAC执照考试地面站实操真题考试条件,航向相同相反题型,航向相同相反题型-考试条件提取.docx,地面站考试真题（2026年1月-6月）/航向相同相反题型/航向相同相反题型-考试条件提取.docx,89,118,596,浙江01考场,浙江,01考场,2026-04-27,5,经纬度换算;航向方位判断;速度高度参数设置;转弯停留循环设置;起飞返航点定位;题型:航向相同相反,doc_condition_count_mismatch;source_gap,"浙江01考场地面站真题 | 日期：2026.04.27
(一) 规划扫描航线要求不闭合不循环，航线长度为a,航线间 隔为b，航线相对地面高度为c,水平速度为d,垂直速度为e,转弯 模式为停止转弯，各点停留时间为f;
(二) a值为300米，b值为100米，c值为300m,d值为3m/s, e值为2m/s,f值为10s。
一： 1号点经纬度： 12 N:17°34'53"" E:139°28′22”
二： 起飞点到任务 航战2点的距离是 200米。 起飞点到2点和6点 到7点航向相同。
三： 方向：东南风 3-4航线为顺风飞行。"
gsec_2d2ddddf13f1,qbank_7f9e06c80aa9,doc_34949a77c6c0,实操题库_地面站考试条件_2026H1_航向相同相反题型.txt_89,实操题库_地面站考试条件_2026H1_航向相同相反题型.txt,2026H1,2026H1,2026-01-01,2026-06-30,CAAC执照考试地面站实操真题考试条件,航向相同相反题型,航向相同相反题型-考试条件提取.docx,地面站考试真题（2026年1月-6月）/航向相同相反题型/航向相同相反题型-考试条件提取.docx,90,118,596,浙江01考场,浙江,01考场,2026-04-27,5,经纬度换算;航向方位判断;夹角计算;速度高度参数设置;转弯停留循环设置;几何图形航线规划;起飞返航点定位;题型:航向相同相反,doc_condition_count_mismatch;source_gap,"浙江01考场地面站真题 | 日期：2026.04.27
(一) 规划一个闭合五边形并循环执行，①②、②③、③④、④⑤、①⑤边 的边长为a,∠②=∠①为90°，航线相对地面高度为b,水平速度为c，垂直 速度为d,转弯模式为停止转弯，各点停留时间为e；
(二) a值为300米，b值为60米，c值为4ms,d值为3ms,e值为 17s。
一： 起飞点经纬度： N:27°16'34"" E:137°45′32”
二： 起飞点到2点和3点到4 点的航向相反。
三： 起飞点到任务航线2点 的距离是450米。"
gsec_06987e09b898,qbank_7f9e06c80aa9,doc_34949a77c6c0,实操题库_地面站考试条件_2026H1_航向相同相反题型.txt_90,实操题库_地面站考试条件_2026H1_航向相同相反题型.txt,2026H1,2026H1,2026-01-01,2026-06-30,CAAC执照考试地面站实操真题考试条件,航向相同相反题型,航向相同相反题型-考试条件提取.docx,地面站考试真题（2026年1月-6月）/航向相同相反题型/航向相同相反题型-考试条件提取.docx,91,118,596,浙江01考场,浙江,01考场,2026-04-27,5,经纬度换算;航向方位判断;夹角计算;速度高度参数设置;转弯停留循环设置;几何图形航线规划;起飞返航点定位;题型:航向相同相反,doc_condition_count_mismatch;source_gap,"浙江01考场地面站真题 | 日期：2026.04.27
(一) 规划一个闭合五边形并循环执行，①②、②③、③④、④⑤、①⑤边 的边长为a,∠②=∠①为90°，航线相对地面高度为b,水平速度为c，垂直 速度为d,转弯模式为停止转弯，各点停留时间为e;
(二) a值为50米，b值为50米，c值为3m/s,d值为2ms,e值为 10s。
一： 起飞点经纬度： N:33°16'34"" E:135°37′32”
二： 起飞点到任务航线 1点的距离是100米。 起飞点到1点和4点到5 点航向相反。
三： 1号点位于起飞点 南偏东35°"
gsec_5ce8097a4207,qbank_7f9e06c80aa9,doc_34949a77c6c0,实操题库_地面站考试条件_2026H1_航向相同相反题型.txt_91,实操题库_地面站考试条件_2026H1_航向相同相反题型.txt,2026H1,2026H1,2026-01-01,2026-06-30,CAAC执照考试地面站实操真题考试条件,航向相同相反题型,航向相同相反题型-考试条件提取.docx,地面站考试真题（2026年1月-6月）/航向相同相反题型/航向相同相反题型-考试条件提取.docx,92,118,596,浙江01考场,浙江,01考场,2026-04-27,5,经纬度换算;航向方位判断;夹角计算;速度高度参数设置;转弯停留循环设置;几何图形航线规划;起飞返航点定位;题型:航向相同相反,doc_condition_count_mismatch;source_gap,"浙江01考场地面站真题 | 日期：2026.04.27
(一) 规划一个闭合五边形并循环执行，①②、②③、③④、④⑤、①⑤边 的边长为a,∠②=∠①为90°，航线相对地面高度为b,水平速度为c,垂直 速度为d,转弯模式为停止转弯，各点停留时间为e;
(二) a值为100米，b值为50米，c值为4m/s,d值为3m/s,e值为 7so
一： 起飞点经纬度： N:33°16′34"" E:125°37'32”
二： 起飞点到任务航线 1点的距离是300米。 起飞点到1点和4点到5 点航向相同。
三： 1号点位于起飞点 北偏西25°"
gsec_9cb7f76d5ec6,qbank_7f9e06c80aa9,doc_34949a77c6c0,实操题库_地面站考试条件_2026H1_航向相同相反题型.txt_92,实操题库_地面站考试条件_2026H1_航向相同相反题型.txt,2026H1,2026H1,2026-01-01,2026-06-30,CAAC执照考试地面站实操真题考试条件,航向相同相反题型,航向相同相反题型-考试条件提取.docx,地面站考试真题（2026年1月-6月）/航向相同相反题型/航向相同相反题型-考试条件提取.docx,93,118,596,浙江01考场,浙江,01考场,2026-04-27,5,经纬度换算;航向方位判断;夹角计算;速度高度参数设置;转弯停留循环设置;几何图形航线规划;起飞返航点定位;题型:航向相同相反,doc_condition_count_mismatch;source_gap,"浙江01考场地面站真题 | 日期：2026.04.27
(一) 规划一个闭合五边形并循环执行，①②、②③、③④、④⑤、①⑤边 的边长为a,∠②=∠①为90°，航线相对地面高度为b,水平速度为c，垂直 速度为d,转弯模式为停止转弯，各点停留时间为e；
(二) a值为200米，b值为70米，c值为3m/s,d值为2ms,e值为 11s。
一： 起飞点经纬度： N:27°16′34” E:137°45′32”
二： 起飞点到1点和3点到4 点的航向相反。
三： 飞点到任务航线1点 的距离是300米。"
gsec_e1136ab18e7b,qbank_7f9e06c80aa9,doc_34949a77c6c0,实操题库_地面站考试条件_2026H1_航向相同相反题型.txt_93,实操题库_地面站考试条件_2026H1_航向相同相反题型.txt,2026H1,2026H1,2026-01-01,2026-06-30,CAAC执照考试地面站实操真题考试条件,航向相同相反题型,航向相同相反题型-考试条件提取.docx,地面站考试真题（2026年1月-6月）/航向相同相反题型/航向相同相反题型-考试条件提取.docx,94,118,596,浙江01考场,浙江,01考场,2026-04-27,5,经纬度换算;航向方位判断;夹角计算;速度高度参数设置;转弯停留循环设置;几何图形航线规划;起飞返航点定位;题型:航向相同相反,doc_condition_count_mismatch;source_gap,"浙江01考场地面站真题 | 日期：2026.04.27
(一) 按图规划一个闭合四边形并循环执行，①②边、②③边边 长为a,①④边边长为b，∠①=∠②=90°航线相对地面高度为c, 水平速度为d，垂直速度为e,转弯模式为停止转弯，停留时间5s；
(二) a值为200米，b值为400米，c值为300m,d值为 4m/s,e值为3m/s。
一： 起飞点经纬度： N:28°39′30"" E:115°56′32”
二： 起飞点到任务航 线2点的距离是180米。 起飞点到2点和1点到2点航向相反。
三： 当地风向：SE方向 H→1顺风飞行"
gsec_a7d167f6890c,qbank_7f9e06c80aa9,doc_34949a77c6c0,实操题库_地面站考试条件_2026H1_航向相同相反题型.txt_94,实操题库_地面站考试条件_2026H1_航向相同相反题型.txt,2026H1,2026H1,2026-01-01,2026-06-30,CAAC执照考试地面站实操真题考试条件,航向相同相反题型,航向相同相反题型-考试条件提取.docx,地面站考试真题（2026年1月-6月）/航向相同相反题型/航向相同相反题型-考试条件提取.docx,95,118,596,安徽01考场,安徽,01考场,2026-04-28,5,经纬度换算;航向方位判断;夹角计算;速度高度参数设置;转弯停留循环设置;几何图形航线规划;起飞返航点定位;题型:航向相同相反,doc_condition_count_mismatch;source_gap,"安徽01考场地面站真题 | 日期：2026.04.28
(一) 与 的相对方位由委任代表根据现场环境 等情况进行决定。规划一个等腰直角三角形并循环执行，①②边长为1，①③ 边长为a2,∠①为直角，航线相对地面高度b,水平速度为c，垂直速度为d, 转弯方式为停止转弯，停留时间8S;
(二) al、a2值为60米，b值为45米，c值为4m/s,d值为3m/s。
1、 起飞点经纬度： N:25°35'35” E:115°55'35""
2、 当地风向为：东北风 阵风14km/h H-1逆风飞行，H距离1 点90米。
3、 2-3的航向和H-1的航 向相反"
gsec_68751afe2afc,qbank_7f9e06c80aa9,doc_34949a77c6c0,实操题库_地面站考试条件_2026H1_航向相同相反题型.txt_95,实操题库_地面站考试条件_2026H1_航向相同相反题型.txt,2026H1,2026H1,2026-01-01,2026-06-30,CAAC执照考试地面站实操真题考试条件,航向相同相反题型,航向相同相反题型-考试条件提取.docx,地面站考试真题（2026年1月-6月）/航向相同相反题型/航向相同相反题型-考试条件提取.docx,96,118,596,安徽01考场,安徽,01考场,2026-04-28,5,经纬度换算;航向方位判断;速度高度参数设置;转弯停留循环设置;起飞返航点定位;题型:航向相同相反,doc_condition_count_mismatch;source_gap,"安徽01考场地面站真题 | 日期：2026.04.28
(一) 与 的相对方位由委任代表根据 现场环境等情况进行决定。规划扫描航线要求不闭合不循环，航线长 度为a,航线间隔为b,航线相对地面高度为c,水平速度为d,垂 直速度为e，转弯模式为停止转弯，停留时间不作要求；
(二) a值为300米，b值为100米，c值为65m,d值为4m/s, e值为3m/s。
1、 起飞点经纬度： N:26°36′36” E:116°5636”
2、 起飞点到任务航 线航点2点的距离是 300米。 起飞点到2点和2点到3 点航向相同。
3、 1号点位于起飞点 SE方位"
gsec_8a72270d40d3,qbank_7f9e06c80aa9,doc_34949a77c6c0,实操题库_地面站考试条件_2026H1_航向相同相反题型.txt_96,实操题库_地面站考试条件_2026H1_航向相同相反题型.txt,2026H1,2026H1,2026-01-01,2026-06-30,CAAC执照考试地面站实操真题考试条件,航向相同相反题型,航向相同相反题型-考试条件提取.docx,地面站考试真题（2026年1月-6月）/航向相同相反题型/航向相同相反题型-考试条件提取.docx,97,118,596,安徽01考场,安徽,01考场,2026-04-28,5,经纬度换算;航向方位判断;夹角计算;速度高度参数设置;转弯停留循环设置;几何图形航线规划;起飞返航点定位;题型:航向相同相反,doc_condition_count_mismatch;source_gap,"安徽01考场地面站真题 | 日期：2026.04.28
(一) 与 的相对方位由委任代表根据现场环境等 情况进行决定。规划一个闭合五边形并循环执行，①②边及②③边的边长为， ∠②=∠④=∠①为90°，航线相对地面高度为b,水平速度为c,垂直速度为d, 转弯模式为停止转弯，各点停留时间为e;
(二) a值建议为80米，b值建议为60米，c值建议为5m/s,d值建议 为4m/s,e值建议为20s
1、 起飞点经纬度： N:24°34'34"" E:114°54'34”
2、 起飞点到任务航线3 点的距离是80米。 起飞点到3点和1点到2点航 向相同。
3、 1号点位于起飞点北 偏西30°方位"
gsec_912fdc2d7052,qbank_7f9e06c80aa9,doc_34949a77c6c0,实操题库_地面站考试条件_2026H1_航向相同相反题型.txt_97,实操题库_地面站考试条件_2026H1_航向相同相反题型.txt,2026H1,2026H1,2026-01-01,2026-06-30,CAAC执照考试地面站实操真题考试条件,航向相同相反题型,航向相同相反题型-考试条件提取.docx,地面站考试真题（2026年1月-6月）/航向相同相反题型/航向相同相反题型-考试条件提取.docx,98,118,596,甘肃01考场,甘肃,01考场,2026-04-29,4,经纬度换算;航向方位判断;夹角计算;速度高度参数设置;转弯停留循环设置;几何图形航线规划;起飞返航点定位;题型:航向相同相反,doc_condition_count_mismatch;source_gap,"甘肃01考场地面站真题 | 日期：2026.04.29
(一) 规划一个闭合五边形并循环执行6次，①②、②③、③④、④⑤、① ⑤边的边长为a,∠②=∠①为90°，航线相对地面高度为b，水平速度为c, 垂直速度为d,转弯模式为停止转弯，各点停留时间为e;
(二) a值为50米，b值为50米，c值为3m/s,d值为2m/s,e值为12s
二： 起飞点到任务航线 1点的距离是150米。 起飞点到1点和4点到5 1 点航向相反。
三： 1号点位于起飞点 东偏北25°"
gsec_d9e885180f5c,qbank_7f9e06c80aa9,doc_34949a77c6c0,实操题库_地面站考试条件_2026H1_航向相同相反题型.txt_98,实操题库_地面站考试条件_2026H1_航向相同相反题型.txt,2026H1,2026H1,2026-01-01,2026-06-30,CAAC执照考试地面站实操真题考试条件,航向相同相反题型,航向相同相反题型-考试条件提取.docx,地面站考试真题（2026年1月-6月）/航向相同相反题型/航向相同相反题型-考试条件提取.docx,99,118,596,甘肃01考场,甘肃,01考场,2026-04-29,5,经纬度换算;航向方位判断;夹角计算;速度高度参数设置;转弯停留循环设置;几何图形航线规划;起飞返航点定位;题型:航向相同相反,doc_condition_count_mismatch;source_gap,"甘肃01考场地面站真题 | 日期：2026.04.29
(一) 按图规划一个闭合四边形并循环执行7次，①②边、②③ 边边长为a,①④边边长为b,∠②=∠①=90°航线相对地面高度 为c,水平速度为d，垂直速度为e,转弯模式为停止转弯，停留 时间8s;
(二) a值为200米，b值为300米，c值为30m,d值为 9m/s,e值为4m/s
一： 起飞点经纬度： N:28°39′30” E:125°56'32”
二： 起飞点到任务航线1 点的距离是100米。 起飞点到1点和3点到2点航向相同。
三： 3号点位于2点东偏 南25°。"
gsec_1e20cd17dde4,qbank_7f9e06c80aa9,doc_34949a77c6c0,实操题库_地面站考试条件_2026H1_航向相同相反题型.txt_99,实操题库_地面站考试条件_2026H1_航向相同相反题型.txt,2026H1,2026H1,2026-01-01,2026-06-30,CAAC执照考试地面站实操真题考试条件,航向相同相反题型,航向相同相反题型-考试条件提取.docx,地面站考试真题（2026年1月-6月）/航向相同相反题型/航向相同相反题型-考试条件提取.docx,100,118,596,河南02考场,河南,02考场,2026-04-29,5,经纬度换算;航向方位判断;夹角计算;速度高度参数设置;转弯停留循环设置;几何图形航线规划;起飞返航点定位;题型:航向相同相反,doc_condition_count_mismatch;source_gap,"河南02考场地面站真题 | 日期：2026.04.29
(一) 按图规划一个闭合四边形并循环执行，①②边、②③边边 长为a,①④边边长为b,∠②=∠①=90°航线相对地面高度为c, 水平速度为d，垂直速度为e,转弯模式为协调转弯；
(二) a值为200米，b值为300米，c值为300m,d值为 3m/s,e值为2m/s。
一： 起飞点经纬度： N:28°39'30"" E:115°56'32""
二： 起飞点到任务航线1 点的距离是100米。 起飞点到1点和3点到2 点航向相反。
三： 3号点位于2点西偏 北15°。"
gsec_c9e570d1b194,qbank_7f9e06c80aa9,doc_34949a77c6c0,实操题库_地面站考试条件_2026H1_航向相同相反题型.txt_100,实操题库_地面站考试条件_2026H1_航向相同相反题型.txt,2026H1,2026H1,2026-01-01,2026-06-30,CAAC执照考试地面站实操真题考试条件,航向相同相反题型,航向相同相反题型-考试条件提取.docx,地面站考试真题（2026年1月-6月）/航向相同相反题型/航向相同相反题型-考试条件提取.docx,101,118,596,河北03考场,河北,03考场,2026-04-10,4,经纬度换算;航向方位判断;夹角计算;速度高度参数设置;转弯停留循环设置;几何图形航线规划;起飞返航点定位;题型:航向相同相反,doc_condition_count_mismatch;source_gap,"河北03考场地面站真题 | 日期：2026.04.10
(一) 规划一个闭合五边形并循环执行，①②、②③、①⑤边的边长为a, ∠②=∠①为90°，∠④为0°航线相对地面高度为b,水平速度为c，垂直 速度为d,转弯模式为停止转弯，各点停留时间为e;
(二) a值为200米，b值为70米，c值为3m/s,d值为2m/s,e值为 11s
二： 起飞点到任务航线 1点的距离是300米。 起飞点到1和3点到4点 航向相反。
三： 起飞点位于1点的 东偏南15°"
gsec_b8c1d25144c5,qbank_7f9e06c80aa9,doc_34949a77c6c0,实操题库_地面站考试条件_2026H1_航向相同相反题型.txt_101,实操题库_地面站考试条件_2026H1_航向相同相反题型.txt,2026H1,2026H1,2026-01-01,2026-06-30,CAAC执照考试地面站实操真题考试条件,航向相同相反题型,航向相同相反题型-考试条件提取.docx,地面站考试真题（2026年1月-6月）/航向相同相反题型/航向相同相反题型-考试条件提取.docx,102,118,596,河北03考场,河北,03考场,2026-05-10,5,经纬度换算;航向方位判断;夹角计算;速度高度参数设置;转弯停留循环设置;几何图形航线规划;起飞返航点定位;题型:航向相同相反,doc_condition_count_mismatch;source_gap,"河北03考场地面站真题 | 日期：2026.05.10
(一) 按图规划一个闭合四边形并循环执行，①②边、②③边边 长为a,①④边边长为b,∠①=∠②=90·航线相对地面高度为c, 水平速度为d，垂直速度为e,转弯模式为停止转弯，停留时间5s；
(二) a值为200米，b值为400米，c值为300m,d值为 3m/s,e值为2m/s
一： 起飞点经纬度： N:28°3930 E:115°5632""
二： 起飞点到任务航线1 点的距离是100米。 起飞点到1点和4点到3 点航向相同。
三： 3号点位于4点西偏 北25°。"
gsec_9fd7330acb66,qbank_7f9e06c80aa9,doc_34949a77c6c0,实操题库_地面站考试条件_2026H1_航向相同相反题型.txt_102,实操题库_地面站考试条件_2026H1_航向相同相反题型.txt,2026H1,2026H1,2026-01-01,2026-06-30,CAAC执照考试地面站实操真题考试条件,航向相同相反题型,航向相同相反题型-考试条件提取.docx,地面站考试真题（2026年1月-6月）/航向相同相反题型/航向相同相反题型-考试条件提取.docx,103,118,596,广东02考场,广东,02考场,2026-05-08,5,经纬度换算;航向方位判断;夹角计算;速度高度参数设置;转弯停留循环设置;几何图形航线规划;起飞返航点定位;题型:航向相同相反,doc_condition_count_mismatch;source_gap,"广东02考场地面站真题 | 日期：2026.05.08
(一) 规划一个闭合五边形并循环执行，①②、②③、③④、④⑤、①⑤边 的边长为a,∠②=∠①为90°，航线相对地面高度为b,水平速度为c,垂直 速度为d,转弯模式为停止转弯，各点停留时间为e
(二) a值为50米，b值为50米，c值为3m/s,d值为2m/s,e值为 10s
一： 起飞点经纬度： N28°00'12"" E:115°0632
二： 起飞点到任务航线 任务航线示意图： 1点的距离是120米 起飞点到1点和4点到5点 航向相同
三： 1号点位于起飞点南 偏西25度。"
gsec_859d46624c6f,qbank_7f9e06c80aa9,doc_34949a77c6c0,实操题库_地面站考试条件_2026H1_航向相同相反题型.txt_103,实操题库_地面站考试条件_2026H1_航向相同相反题型.txt,2026H1,2026H1,2026-01-01,2026-06-30,CAAC执照考试地面站实操真题考试条件,航向相同相反题型,航向相同相反题型-考试条件提取.docx,地面站考试真题（2026年1月-6月）/航向相同相反题型/航向相同相反题型-考试条件提取.docx,104,118,596,湖北03考场,湖北,03考场,2026-05-10,5,经纬度换算;航向方位判断;夹角计算;速度高度参数设置;转弯停留循环设置;几何图形航线规划;起飞返航点定位;题型:航向相同相反,doc_condition_count_mismatch;source_gap,"湖北03考场地面站真题 | 日期：2026.05.10
(一) 规划一个闭合五边形并循环执行，①②、②③、①⑤边的边长为a, ∠②=∠①为90°，∠4为90°航线相对地面高度为b,水平速度为c,垂直 速度为d,转弯模式为停止转弯，各点停留时间为e;
(二) a值为200米，b值为70米，c值为3m/s,d值为2m/s,e值为 1ls
一： 起飞点经纬度： N:33°1634"" E:125°37'32
二： 起飞点到任务航线1 点的距离是300米 ，起飞点到1点和3点到4点 航向相反
三： 起飞点位于1点的东 偏南15°"
gsec_aaa83d4da5e5,qbank_7f9e06c80aa9,doc_34949a77c6c0,实操题库_地面站考试条件_2026H1_航向相同相反题型.txt_104,实操题库_地面站考试条件_2026H1_航向相同相反题型.txt,2026H1,2026H1,2026-01-01,2026-06-30,CAAC执照考试地面站实操真题考试条件,航向相同相反题型,航向相同相反题型-考试条件提取.docx,地面站考试真题（2026年1月-6月）/航向相同相反题型/航向相同相反题型-考试条件提取.docx,105,118,596,广东03考场,广东,03考场,2026-05-06,5,经纬度换算;航向方位判断;速度高度参数设置;转弯停留循环设置;几何图形航线规划;起飞返航点定位;题型:航向相同相反,doc_condition_count_mismatch;source_gap,"广东03考场地面站真题 | 日期：2026.05.06
(一) 规划一个闭合六边形并循环执行，边长为a,①②③航点 相对地面高度为b,④⑤⑥航点相对地面高度为c,水平速度为d, 垂直速度为e,转弯方式为协调转弯。
(二) a值为400米，b值为60米，c值为40m,d值为3m/s, e值为2m/s。
一、 起飞点经纬度： 3 N:28°39'30 E:115°56′32""
二、 起飞点到任务航 线2点的距离是150米。 起飞点→1点和2点→1 点航向相同
三、 当地风向：NW方 向，5-6顺风飞行"
gsec_f48f9a30f930,qbank_7f9e06c80aa9,doc_34949a77c6c0,实操题库_地面站考试条件_2026H1_航向相同相反题型.txt_105,实操题库_地面站考试条件_2026H1_航向相同相反题型.txt,2026H1,2026H1,2026-01-01,2026-06-30,CAAC执照考试地面站实操真题考试条件,航向相同相反题型,航向相同相反题型-考试条件提取.docx,地面站考试真题（2026年1月-6月）/航向相同相反题型/航向相同相反题型-考试条件提取.docx,106,118,596,湖北04考场,湖北,04考场,2026-05-10,5,经纬度换算;航向方位判断;夹角计算;速度高度参数设置;转弯停留循环设置;几何图形航线规划;起飞返航点定位;题型:航向相同相反,doc_condition_count_mismatch;source_gap,"湖北04考场地面站真题 | 日期：2026.05.10
(一) 规划一个闭合等腰直角三角形并循环执行，①②边长为a1,①③边 长为a2,∠①为直角，航线相对地面高度b，水平速度为c,垂直速度为d, 转弯方式为停止转弯，停留时间为5S；
(二) a1、a2值为50米，b值为50米，c值为3m5,d值为2m/s。
一： 起飞点经纬度： N:30.42575° E:114°29'23
二： 起飞点到任务航线2 点的距离是100米 起飞点到2点和2点到3点 航向相反
三： 2号点位于起飞点西 偏南15度。"
gsec_74aabf70261b,qbank_7f9e06c80aa9,doc_34949a77c6c0,实操题库_地面站考试条件_2026H1_航向相同相反题型.txt_106,实操题库_地面站考试条件_2026H1_航向相同相反题型.txt,2026H1,2026H1,2026-01-01,2026-06-30,CAAC执照考试地面站实操真题考试条件,航向相同相反题型,航向相同相反题型-考试条件提取.docx,地面站考试真题（2026年1月-6月）/航向相同相反题型/航向相同相反题型-考试条件提取.docx,107,118,596,广东03考场,广东,03考场,2026-05-06,3,经纬度换算;航向方位判断;速度高度参数设置;转弯停留循环设置;起飞返航点定位;题型:航向相同相反,doc_condition_count_mismatch;source_gap,"广东03考场地面站真题 | 日期：2026.05.06
(一) 规划扫描航线要求不闭合不循环，航线长度为a,航线间 隔为b,航线相对地面高度为c,水平速度为d,垂直速度为e,转弯 方式为停止转弯，各点停留时间为f:
(二) a值为400米，b值为100米，c值为80m,d值为3m/s, e值为2m/s,f值为5s。
一： 1号点经纬度： N:33°36'37 E:113°15′27 起飞点到1点和4点到 5点航向相反 起飞点到任务航线1点 的距离是200米。"
gsec_d059c8115646,qbank_7f9e06c80aa9,doc_34949a77c6c0,实操题库_地面站考试条件_2026H1_航向相同相反题型.txt_107,实操题库_地面站考试条件_2026H1_航向相同相反题型.txt,2026H1,2026H1,2026-01-01,2026-06-30,CAAC执照考试地面站实操真题考试条件,航向相同相反题型,航向相同相反题型-考试条件提取.docx,地面站考试真题（2026年1月-6月）/航向相同相反题型/航向相同相反题型-考试条件提取.docx,108,118,596,广东03考场,广东,03考场,2026-05-06,5,经纬度换算;航向方位判断;夹角计算;速度高度参数设置;转弯停留循环设置;几何图形航线规划;起飞返航点定位;题型:航向相同相反,doc_condition_count_mismatch;source_gap,"广东03考场地面站真题 | 日期：2026.05.06
(一) 规划一个闭合等腰直角三角形并循环执行，①②边长为1，①③边 长为a2,∠①为直角，航线相对地面高度b,水平速度为c,垂直速度为d, 转弯方式为停止转弯，停留时间为5S；
(二) a1、a2值为50米，b值为50米，c值为3m/s,d值为2m/s。
一： 起飞点经纬度： N28°39′30 E:115°56'32""
二： 起飞点到任务航线2 点的距离是100米 起飞点到2点和2点到3点 航向相反
三： 2号点位于起飞点 西偏南15度。。"
gsec_f5aa768c3363,qbank_7f9e06c80aa9,doc_34949a77c6c0,实操题库_地面站考试条件_2026H1_航向相同相反题型.txt_108,实操题库_地面站考试条件_2026H1_航向相同相反题型.txt,2026H1,2026H1,2026-01-01,2026-06-30,CAAC执照考试地面站实操真题考试条件,航向相同相反题型,航向相同相反题型-考试条件提取.docx,地面站考试真题（2026年1月-6月）/航向相同相反题型/航向相同相反题型-考试条件提取.docx,109,118,596,江西03考场,江西,03考场,2026-05-15,5,经纬度换算;航向方位判断;夹角计算;速度高度参数设置;转弯停留循环设置;几何图形航线规划;起飞返航点定位;题型:航向相同相反,doc_condition_count_mismatch;source_gap,"江西03考场地面站真题 | 日期：2026.05.15
(一) 按图规划一个闭合四边形并循环执行，①②边、②③边边 长为a,③④边边长为b,∠①=∠②=90·航线相对地面高度为c, 水平速度为d，垂直速度为e,转弯模式为停止转弯，停留时间5s;
(二) a值为200米，b值为400米，c值为300m,d值为 4m/s,e值为3m/s
一： 起飞点经纬度： N:30°14'54"" E:114°3′20""""
二： 起飞点到任务航线2 点的距离是180米。 起飞点→2点和1点→2点 航向相反。
三： H-1为方向SE。"
gsec_bc52c153cd3e,qbank_7f9e06c80aa9,doc_34949a77c6c0,实操题库_地面站考试条件_2026H1_航向相同相反题型.txt_109,实操题库_地面站考试条件_2026H1_航向相同相反题型.txt,2026H1,2026H1,2026-01-01,2026-06-30,CAAC执照考试地面站实操真题考试条件,航向相同相反题型,航向相同相反题型-考试条件提取.docx,地面站考试真题（2026年1月-6月）/航向相同相反题型/航向相同相反题型-考试条件提取.docx,110,118,596,江西03考场,江西,03考场,2026-05-15,4,经纬度换算;航向方位判断;夹角计算;速度高度参数设置;转弯停留循环设置;几何图形航线规划;起飞返航点定位;题型:航向相同相反,doc_condition_count_mismatch;source_gap,"江西03考场地面站真题 | 日期：2026.05.15
(一) 规划一个闭合五边形并循环执行，①②、②③、①⑤边的边长为a, ∠②=∠①为90°，∠4为90°航线相对地面高度为b,水平速度为c,垂直 速度为d,转弯模式为停止转弯，各点停留时间为e;
(二) a值为200米，b值为70米，c值为3m/s,d值为2m/s,e值为 11s。
二： 起飞点到任务航线1点 的距离是300米。 起飞点到1点和3点到4点 航向相反
三： 起飞点位于1点的东偏 南45°"
gsec_ebd6c6c6b1c1,qbank_7f9e06c80aa9,doc_34949a77c6c0,实操题库_地面站考试条件_2026H1_航向相同相反题型.txt_110,实操题库_地面站考试条件_2026H1_航向相同相反题型.txt,2026H1,2026H1,2026-01-01,2026-06-30,CAAC执照考试地面站实操真题考试条件,航向相同相反题型,航向相同相反题型-考试条件提取.docx,地面站考试真题（2026年1月-6月）/航向相同相反题型/航向相同相反题型-考试条件提取.docx,111,118,596,宁夏02考场,宁夏,02考场,2026-05-16,5,经纬度换算;航向方位判断;夹角计算;速度高度参数设置;转弯停留循环设置;几何图形航线规划;起飞返航点定位;题型:航向相同相反,doc_condition_count_mismatch;possible_incomplete_latlon_pair;source_gap,"宁夏02考场地面站真题 | 日期：2026.05.16
(一) 与 的相对方位由委任代表根据现场环境等情 况进行决定。按图于起飞点前规划一个五边形并循环执行，①②、②③边的边长为 a,∠②=∠④=∠①为90°，航线相对地面高度为b,水平速度为c，垂直速度 为d,转弯模式为停止转弯，各点停留时间为e;
(二) a值为30米，b值为30米，c值为5m/s,d值为2m/s,e值为 2s
一： 题卡图形起飞点经纬 度： :28°39'30 E:115°56'32
二： 起飞点到任务航线2点 的距离是100米。起飞点到 2点和3点到2点航向相反
三： 3号点位于2点东偏南 20°"
gsec_84a2b0ee1a76,qbank_7f9e06c80aa9,doc_34949a77c6c0,实操题库_地面站考试条件_2026H1_航向相同相反题型.txt_111,实操题库_地面站考试条件_2026H1_航向相同相反题型.txt,2026H1,2026H1,2026-01-01,2026-06-30,CAAC执照考试地面站实操真题考试条件,航向相同相反题型,航向相同相反题型-考试条件提取.docx,地面站考试真题（2026年1月-6月）/航向相同相反题型/航向相同相反题型-考试条件提取.docx,112,118,596,河南01考场,河南,01考场,2026-05-17,5,经纬度换算;航向方位判断;夹角计算;速度高度参数设置;转弯停留循环设置;几何图形航线规划;起飞返航点定位;题型:航向相同相反,doc_condition_count_mismatch;source_gap,"河南01考场地面站真题 | 日期：2026.05.17
(一) 规划一个闭合五边形并不循环执行，①②、②③、③④、④⑤、①⑤边 的边长为a,∠②=∠①为90°，航线相对地面高度为b,水平速度为c，垂直 速度为d,转弯模式为停止转弯，各点停留时间为e;
(二) a值为50米，b值为50米，c值为5m/s,d值为4m/s,e值为 10s
一： 题卡图形1号点经纬 度： N:34°51'26 E:113°15′33""
二： 起飞点到任务航线1点 的距离是100米，起飞点到1 点和4点到5点航向相反
三： 起飞点位于1号点北 偏西35°"
gsec_0f10fc489b32,qbank_7f9e06c80aa9,doc_34949a77c6c0,实操题库_地面站考试条件_2026H1_航向相同相反题型.txt_112,实操题库_地面站考试条件_2026H1_航向相同相反题型.txt,2026H1,2026H1,2026-01-01,2026-06-30,CAAC执照考试地面站实操真题考试条件,航向相同相反题型,航向相同相反题型-考试条件提取.docx,地面站考试真题（2026年1月-6月）/航向相同相反题型/航向相同相反题型-考试条件提取.docx,113,118,596,湖北03考场,湖北,03考场,2026-05-10,5,经纬度换算;航向方位判断;夹角计算;速度高度参数设置;转弯停留循环设置;几何图形航线规划;起飞返航点定位;题型:航向相同相反,doc_condition_count_mismatch;source_gap,"湖北03考场地面站真题 | 日期：2026.05.10
(一) 规划一个闭合等腰直角三角形并循环执行，①②边长为a1,①③边 长为a2,∠①为直角，航线相对地面高度b,水平速度为c,垂直速度为d, 转弯方式为停止转弯，停留时间为5s
(二) a1、a2值为50米，b值为50米，c值为3m/s,d值为2m/s。
一： 起飞点经纬度： N:30.42575 E:114°29'23""
二： 起飞点到任务航线2 点的距离是100米， 起飞点到2点和2点到3点 的航向相反。
三： 2号点位于起飞点西 偏南15°。"
gsec_37ba9ebc9be5,qbank_7f9e06c80aa9,doc_34949a77c6c0,实操题库_地面站考试条件_2026H1_航向相同相反题型.txt_113,实操题库_地面站考试条件_2026H1_航向相同相反题型.txt,2026H1,2026H1,2026-01-01,2026-06-30,CAAC执照考试地面站实操真题考试条件,航向相同相反题型,航向相同相反题型-考试条件提取.docx,地面站考试真题（2026年1月-6月）/航向相同相反题型/航向相同相反题型-考试条件提取.docx,114,118,596,云南01考场,云南,01考场,2026-05-22,5,经纬度换算;航向方位判断;夹角计算;速度高度参数设置;转弯停留循环设置;几何图形航线规划;起飞返航点定位;题型:航向相同相反,doc_condition_count_mismatch;source_gap,"云南01考场地面站真题 | 日期：2026.05.22
(一) 规划一个闭合等腰直角三角形并循环执行，①②边长为a1,①③边 长为a2,∠①为直角，航线相对地面高度b,水平速度为c,垂直速度为d, 转弯方式为停止转弯，停留时间为5s；
(二) al、a2值为50米，b值为50米，c值为3m/s,d值为2m/s
一： 起飞点经纬度： N:28°39′30"" E:115°56'32
二： 起飞点到任务航线2点 的距离是100米，起飞点到2点和2点到3点 航向相反
三： 2号点位于起飞点的 西偏南15°方向"
gsec_cb3a5c07f96a,qbank_7f9e06c80aa9,doc_34949a77c6c0,实操题库_地面站考试条件_2026H1_航向相同相反题型.txt_114,实操题库_地面站考试条件_2026H1_航向相同相反题型.txt,2026H1,2026H1,2026-01-01,2026-06-30,CAAC执照考试地面站实操真题考试条件,航向相同相反题型,航向相同相反题型-考试条件提取.docx,地面站考试真题（2026年1月-6月）/航向相同相反题型/航向相同相反题型-考试条件提取.docx,115,118,596,安徽01考场,安徽,01考场,2026-05-28,5,经纬度换算;航向方位判断;夹角计算;速度高度参数设置;转弯停留循环设置;几何图形航线规划;起飞返航点定位;题型:航向相同相反,doc_condition_count_mismatch;source_gap,"安徽01考场地面站真题 | 日期：2026.05.28
(一) 规划一个闭合五边形并循环执行，①②、②③、③④、④⑤、①⑤边 的边长为a,∠②=∠①为90°，航线相对地面高度为b,水平速度为c，垂直 速度为d,转弯模式为停止转弯，各点停留时间为e；
(二) a值为50米，b值为50米，c值为3m/s,d值为2m/s,e值为 10s。
一： 起飞点经纬度： N:28°00'12” E:115°06'32”
二： 起飞点到任务航线 1点的距离是100米。 起飞点到1和4点到5点 航向相同。
三： 3号点位于4点南偏 东25°"
gsec_81bb800c2329,qbank_7f9e06c80aa9,doc_34949a77c6c0,实操题库_地面站考试条件_2026H1_航向相同相反题型.txt_115,实操题库_地面站考试条件_2026H1_航向相同相反题型.txt,2026H1,2026H1,2026-01-01,2026-06-30,CAAC执照考试地面站实操真题考试条件,航向相同相反题型,航向相同相反题型-考试条件提取.docx,地面站考试真题（2026年1月-6月）/航向相同相反题型/航向相同相反题型-考试条件提取.docx,116,118,596,安徽01考场,安徽,01考场,2026-05-28,4,经纬度换算;航向方位判断;速度高度参数设置;转弯停留循环设置;起飞返航点定位;题型:航向相同相反,doc_condition_count_mismatch;source_gap,"安徽01考场地面站真题 | 日期：2026.05.28
(一) 规划扫描航线要求不闭合不循环，航线长度为a,航线间 隔为b,航线相对地面高度为c,水平速度为d,垂直速度为e,转弯 模式为停止转弯，停留时间为f;
(二) a值为300米，b值为100米，c值为300m,d值为3m/s, e值为2m/s,f值为10s。
二： 起飞点到任务航线2 点的距离是100米 ，起飞点到2点和6点到7点 4 航向相同。
三： 风向为东南风， 1到7航线为顺风飞行。"
gsec_63b5c714a321,qbank_7f9e06c80aa9,doc_34949a77c6c0,实操题库_地面站考试条件_2026H1_航向相同相反题型.txt_116,实操题库_地面站考试条件_2026H1_航向相同相反题型.txt,2026H1,2026H1,2026-01-01,2026-06-30,CAAC执照考试地面站实操真题考试条件,航向相同相反题型,航向相同相反题型-考试条件提取.docx,地面站考试真题（2026年1月-6月）/航向相同相反题型/航向相同相反题型-考试条件提取.docx,117,118,596,湖北01考场,湖北,01考场,2026-06-04,5,经纬度换算;航向方位判断;夹角计算;速度高度参数设置;转弯停留循环设置;几何图形航线规划;起飞返航点定位;题型:航向相同相反,doc_condition_count_mismatch;source_gap,"湖北01考场地面站真题 | 日期：2026.06.04
(一) 按图规划一个闭合四边形并循环执行，①②边，②③边边 长为，①④边边长为b,∠②=∠①=90°，航线相对地面高度为c, 水平速度为d，垂直速度为e,转弯模式为停止转弯，停留时间5s；
(二) a值为200米，b值为400米，c值为300m,d值为 4m/s,e值为3m/s。
一、 起飞点到任务航线 2点的距离是180米。 起飞点到2点和1点到2 点航向相反
二、 H到1为方向SE
三、 题卡中3点经纬度： N:30°14'54” E:114°3′20"""
gsec_d1f4875d920c,qbank_7f9e06c80aa9,doc_34949a77c6c0,实操题库_地面站考试条件_2026H1_航向相同相反题型.txt_117,实操题库_地面站考试条件_2026H1_航向相同相反题型.txt,2026H1,2026H1,2026-01-01,2026-06-30,CAAC执照考试地面站实操真题考试条件,航向相同相反题型,航向相同相反题型-考试条件提取.docx,地面站考试真题（2026年1月-6月）/航向相同相反题型/航向相同相反题型-考试条件提取.docx,118,118,596,湖北04考场,湖北,04考场,2026-06-10,5,经纬度换算;航向方位判断;夹角计算;速度高度参数设置;转弯停留循环设置;几何图形航线规划;起飞返航点定位;题型:航向相同相反,doc_condition_count_mismatch;source_gap,"湖北04考场地面站真题 | 日期：2026.06.10
(一) 按图规划一个闭合四边形并循环执行，①②边、②③边边长 为a,①④边边长为b,∠②=∠①=90°。航线相对地面高度为c,水平速 度为d,垂直速度为e,转弯模式为停止转弯，停留时间5s;
(二) a值为200米，b值为300米，c值为300m,d值为3m/s, e值为2m/s.
一、 起飞点经纬度： N:28°39'30"" E:115°56'32”
二、 起飞点到任务航线1 点的距离是100米。 起飞点到1点和3点到2 点航向相同。
三、 3号点位于2号点西偏 北15°。"
