condition_id,occurrence_id,condition_template_id,case_id,question_bank_id,chunk_id,batch,source_version,question_type,exam_date,exam_site,source_docx,source_page,source_row_index,condition_index,condition_marker,condition_type,raw_text,normalized_values,units,waypoint_refs,latlon_text,angle_values,speed_values,height_values,distance_values,quality_flags
gcond_715336dd2c9e,gcond_715336dd2c9e,gctpl_5b719ffabea2,gsec_b900399bb594,qbank_3963f538d4ec,实操题库_地面站考试条件_2026H1_三角函数题型.txt_0,2026H1,2026H1,三角函数题型,2026-05-27,河南03考场,三角函数题-考试条件提取.docx,1,1,1,1、,geometry,"图形如下，任务航线如图所示，边长1-4=2-3=80m,1-2=160m;",1;4;2;3;80;1;2;160,m,4;2;3;1;2,,,,,80m,
gcond_bd95d387b3e8,gcond_bd95d387b3e8,gctpl_734d12517290,gsec_b900399bb594,qbank_3963f538d4ec,实操题库_地面站考试条件_2026H1_三角函数题型.txt_0,2026H1,2026H1,三角函数题型,2026-05-27,河南03考场,三角函数题-考试条件提取.docx,1,2,2,2、,bearing_angle;takeoff_return,起飞点到1点航向角为135°，起飞点到2点距离80m;,1;135;2;80,m;°,起飞点;起飞点,,135°,,,80m,
gcond_7f6c9553490f,gcond_7f6c9553490f,gctpl_26a0ccfb7ba1,gsec_b900399bb594,qbank_3963f538d4ec,实操题库_地面站考试条件_2026H1_三角函数题型.txt_0,2026H1,2026H1,三角函数题型,2026-05-27,河南03考场,三角函数题-考试条件提取.docx,1,3,3,3、,speed_height,"航线高度为50m,水平速度为4m/s,垂直速度为1m/s;",50;4;1,m;m/s;度,,,,4m/s;1m/s,50m,,
gcond_7e042f4a3d06,gcond_7e042f4a3d06,gctpl_03d3ef303f53,gsec_b900399bb594,qbank_3963f538d4ec,实操题库_地面站考试条件_2026H1_三角函数题型.txt_0,2026H1,2026H1,三角函数题型,2026-05-27,河南03考场,三角函数题-考试条件提取.docx,1,4,4,4、,turn_hold_loop,转弯模式为：定点转弯，各点停留时间3s,3,s,,,,,,,
gcond_349527a92603,gcond_349527a92603,gctpl_44f4c30e1a0b,gsec_b900399bb594,qbank_3963f538d4ec,实操题库_地面站考试条件_2026H1_三角函数题型.txt_0,2026H1,2026H1,三角函数题型,2026-05-27,河南03考场,三角函数题-考试条件提取.docx,1,5,5,5、,turn_hold_loop;geometry,图形循环模式为：闭合循环3圈,3,,,,,,,,
gcond_75f9dc731889,gcond_75f9dc731889,gctpl_8f9a8f8a475b,gsec_b900399bb594,qbank_3963f538d4ec,实操题库_地面站考试条件_2026H1_三角函数题型.txt_0,2026H1,2026H1,三角函数题型,2026-05-27,河南03考场,三角函数题-考试条件提取.docx,1,6,6,6、,bearing_angle,1到2的航向角为300°,1;2;300,°,,,300°,,,,
gcond_a34293a3f591,gcond_a34293a3f591,gctpl_c9d288f30917,gsec_b900399bb594,qbank_3963f538d4ec,实操题库_地面站考试条件_2026H1_三角函数题型.txt_0,2026H1,2026H1,三角函数题型,2026-05-27,河南03考场,三角函数题-考试条件提取.docx,1,7,7,7、,coordinate,"1点的经纬度坐标为N33°37′48""E115°13′28""（要求零误差）",1;33;37;48;115;13;28,°;度,,"N33°37′48"";E115°13′28""",33°;115°,,,,
gcond_3f1f100d0839,gcond_3f1f100d0839,gctpl_8e66d5038b11,gsec_f38b9f2de719,qbank_3428e602e4fc,实操题库_地面站考试条件_2026H1_双经纬度题型.txt_0,2026H1,2026H1,双经纬度题型,2026-04-27,河南03考场,双经纬度题型-考试条件提取.docx,1,1,1,1、,bearing_angle;geometry,如图所以规划一个直角三角形，1-2=1-3=30m,1;2;1;3;30,m,1;2;1;3,,,,,,ocr_possible_typo
gcond_483a324ab2e3,gcond_483a324ab2e3,gctpl_c7db09f254f4,gsec_f38b9f2de719,qbank_3428e602e4fc,实操题库_地面站考试条件_2026H1_双经纬度题型.txt_0,2026H1,2026H1,双经纬度题型,2026-04-27,河南03考场,双经纬度题型-考试条件提取.docx,1,2,2,2、,coordinate;takeoff_return,起飞点的经纬度坐标为：N32.5077°E80.0877°,32.5077;80.0877,°;度,起飞点,N32.5077;E80.0877,32.5077°;80.0877°,,,,
gcond_6edf794966d5,gcond_6edf794966d5,gctpl_5069847ac71b,gsec_f38b9f2de719,qbank_3428e602e4fc,实操题库_地面站考试条件_2026H1_双经纬度题型.txt_0,2026H1,2026H1,双经纬度题型,2026-04-27,河南03考场,双经纬度题型-考试条件提取.docx,1,3,3,3、,coordinate,1点经纬度坐标为：N32.5077°E80.08801992°,1;32.5077;80.08801992,°;度,,N32.5077;E80.08801992,32.5077°;80.08801992°,,,,
gcond_22c9e3aa416f,gcond_22c9e3aa416f,gctpl_cdc5fa5f3876,gsec_f38b9f2de719,qbank_3428e602e4fc,实操题库_地面站考试条件_2026H1_双经纬度题型.txt_0,2026H1,2026H1,双经纬度题型,2026-04-27,河南03考场,双经纬度题型-考试条件提取.docx,1,4,4,4、,coordinate;bearing_angle;geometry,图形要求：3点位于2点的NE方向,3;2,,,,,,,,
gcond_91f936e17493,gcond_91f936e17493,gctpl_f3b5123a06c9,gsec_f38b9f2de719,qbank_3428e602e4fc,实操题库_地面站考试条件_2026H1_双经纬度题型.txt_0,2026H1,2026H1,双经纬度题型,2026-04-27,河南03考场,双经纬度题型-考试条件提取.docx,1,5,5,5、,speed_height,"整体航线高度为90m,航线水平速度为4ms,垂直爬升速度为2ms",90;4;2,m;s;度,,,,4ms;2ms,90m,,
gcond_9565bf436ad3,gcond_9565bf436ad3,gctpl_fa7b69a30af3,gsec_f38b9f2de719,qbank_3428e602e4fc,实操题库_地面站考试条件_2026H1_双经纬度题型.txt_0,2026H1,2026H1,双经纬度题型,2026-04-27,河南03考场,双经纬度题型-考试条件提取.docx,1,6,6,6、,turn_hold_loop,转弯模式为：定点转弯，停留时间为5S,5,S,,,,,,,
gcond_887768cd346c,gcond_887768cd346c,gctpl_526caad31cee,gsec_f38b9f2de719,qbank_3428e602e4fc,实操题库_地面站考试条件_2026H1_双经纬度题型.txt_0,2026H1,2026H1,双经纬度题型,2026-04-27,河南03考场,双经纬度题型-考试条件提取.docx,1,7,7,7、,turn_hold_loop;geometry,图形循环模式为：闭合不循环,,,,,,,,,
gcond_117c9ea47cc8,gcond_117c9ea47cc8,gctpl_4bbd4ce5594a,gsec_2469c0570473,qbank_3428e602e4fc,实操题库_地面站考试条件_2026H1_双经纬度题型.txt_1,2026H1,2026H1,双经纬度题型,2026-06-16,,双经纬度题型-考试条件提取.docx,2,1,1,(一),coordinate;speed_height;turn_hold_loop,"规划扫描航线要求闭合不循环，航线长度为，航线间隔 为b,航线相对地面高度为c,水平速度为d,垂直速度为e,转弯模 式为协调转弯。",,度,,,,,,,
gcond_9dd9bc4a8ad7,gcond_9dd9bc4a8ad7,gctpl_eb14ee22a11e,gsec_2469c0570473,qbank_3428e602e4fc,实操题库_地面站考试条件_2026H1_双经纬度题型.txt_1,2026H1,2026H1,双经纬度题型,2026-06-16,,双经纬度题型-考试条件提取.docx,2,2,2,(二),coordinate;speed_height,"a值为300米，b值为100米，c值为300m,d值为3m/s, e值为2m/s。",300;100;300;3;2,m;m/s;米,,,,3m/s;2m/s,,,
gcond_e17e9ebec04f,gcond_e17e9ebec04f,gctpl_948c7b552cc1,gsec_2469c0570473,qbank_3428e602e4fc,实操题库_地面站考试条件_2026H1_双经纬度题型.txt_1,2026H1,2026H1,双经纬度题型,2026-06-16,,双经纬度题型-考试条件提取.docx,2,3,3,1、,coordinate;geometry,"题卡图形②点经纬度：N:26°25′26” ,E:120°12′12""",26;25;26;120;12;12,°;度,②,"N:26°25′26”;E:120°12′12""",26°;120°,,,,
gcond_3a992683f78f,gcond_3a992683f78f,gctpl_4169ca2530e5,gsec_2469c0570473,qbank_3428e602e4fc,实操题库_地面站考试条件_2026H1_双经纬度题型.txt_1,2026H1,2026H1,双经纬度题型,2026-06-16,,双经纬度题型-考试条件提取.docx,2,4,4,2、,coordinate;takeoff_return,"起飞点经纬度：N:26°25′12”，E:120°12′26""",26;25;12;120;12;26,°;度,起飞点,"N:26°25′12”;E:120°12′26""",26°;120°,,,,
gcond_031d7075af5e,gcond_031d7075af5e,gctpl_1d5ea9ceaadd,gsec_2469c0570473,qbank_3428e602e4fc,实操题库_地面站考试条件_2026H1_双经纬度题型.txt_1,2026H1,2026H1,双经纬度题型,2026-06-16,,双经纬度题型-考试条件提取.docx,2,5,5,3、,geometry;takeoff_return,题卡图形④点到题卡图形⑤点与题卡图形②点到起飞点的方向相反。,,,④;⑤;②;起飞点,,,,,,
gcond_f0dff427fbe3,gcond_f0dff427fbe3,gctpl_f8eb279276d2,gsec_c46278fb271d,qbank_3428e602e4fc,实操题库_地面站考试条件_2026H1_双经纬度题型.txt_2,2026H1,2026H1,双经纬度题型,2026-06-16,,双经纬度题型-考试条件提取.docx,3,1,1,1、,coordinate;geometry,"题卡图形①点经纬度：N:26°25′12 "",E:120°12′26”",26;25;12;120;12;26,°;度,①,N:26°25′12;E:120°12′26”,26°;120°,,,,
gcond_8b3ab9d2bb6a,gcond_8b3ab9d2bb6a,gctpl_2a50ec3082cd,gsec_c46278fb271d,qbank_3428e602e4fc,实操题库_地面站考试条件_2026H1_双经纬度题型.txt_2,2026H1,2026H1,双经纬度题型,2026-06-16,,双经纬度题型-考试条件提取.docx,3,2,2,2、,coordinate;takeoff_return,"起飞点经纬度：N:26°25′26”，E:1 20°12′12""",26;25;26;1;20;12;12,°;度,起飞点;1,N:26°25′26”;E:1,26°;20°,,,,
gcond_5f3cbdd125d3,gcond_5f3cbdd125d3,gctpl_800771ee19eb,gsec_c46278fb271d,qbank_3428e602e4fc,实操题库_地面站考试条件_2026H1_双经纬度题型.txt_2,2026H1,2026H1,双经纬度题型,2026-06-16,,双经纬度题型-考试条件提取.docx,3,3,3,3、,geometry;takeoff_return,题卡图形③点到题卡图形⑤点与题卡 图形①点到起飞点的方向相反。,,,③;⑤;①;起飞点,,,,,,
gcond_183a06358897,gcond_183a06358897,gctpl_3a5874ca88c1,gsec_c46278fb271d,qbank_3428e602e4fc,实操题库_地面站考试条件_2026H1_双经纬度题型.txt_2,2026H1,2026H1,双经纬度题型,2026-06-16,,双经纬度题型-考试条件提取.docx,3,4,4,1、,coordinate;speed_height;turn_hold_loop;geometry,"规划一个闭合六边形并循环执行，边长为a,①②③航点相对地 面高度为b,④⑤⑥航点相对地面高度为c,水平速度为d,垂直速 度为e,转弯方式为停止转弯，各点停留时间为f;",,度,①;②;③;④;⑤;⑥,,,,,,
gcond_a355dd3ae8fb,gcond_a355dd3ae8fb,gctpl_d3b5344b39ed,gsec_c46278fb271d,qbank_3428e602e4fc,实操题库_地面站考试条件_2026H1_双经纬度题型.txt_2,2026H1,2026H1,双经纬度题型,2026-06-16,,双经纬度题型-考试条件提取.docx,3,5,5,2、,coordinate;speed_height,"a值为300米，b值为100米，c值为125m,d值为3m/s,e值为2m/s ,f值为2s。",300;100;125;3;2;2,m;m/s;s;米,,,,3m/s;2m/s,,,
gcond_8c23129c97f5,gcond_8c23129c97f5,gctpl_4705ad860b7c,gsec_923aed527408,qbank_3428e602e4fc,实操题库_地面站考试条件_2026H1_双经纬度题型.txt_3,2026H1,2026H1,双经纬度题型,2026-05-22,江苏01考场,双经纬度题型-考试条件提取.docx,4,1,1,(一),speed_height;turn_hold_loop;bearing_angle;geometry;takeoff_return,"按图于起飞点前规划一个四边形并循环执行，①②边、②③边边 长为a,③④边边长为b,∠②=∠③=90·航线相对地面高度为c,水平 速度为d，转弯模式为停止转弯，停留时间不作要求；",90,度,起飞点;①;②;②;③;③;④;②;③,,,,,,
gcond_4596e99e1e93,gcond_4596e99e1e93,gctpl_383f13920b66,gsec_923aed527408,qbank_3428e602e4fc,实操题库_地面站考试条件_2026H1_双经纬度题型.txt_3,2026H1,2026H1,双经纬度题型,2026-05-22,江苏01考场,双经纬度题型-考试条件提取.docx,4,2,2,(二),speed_height,"a值为20米，b值为30米，c值为30m,d值为3m/s。",20;30;30;3,m;m/s;米,,,,3m/s,,,
gcond_8e80d6dc4f42,gcond_8e80d6dc4f42,gctpl_60b480b9b7b1,gsec_923aed527408,qbank_3428e602e4fc,实操题库_地面站考试条件_2026H1_双经纬度题型.txt_3,2026H1,2026H1,双经纬度题型,2026-05-22,江苏01考场,双经纬度题型-考试条件提取.docx,4,3,3,一、,coordinate;takeoff_return,起飞点经纬度： N:28°39′30 E:115°56'30,28;39;30;115;56;30,°;度,起飞点,N:28°39′30;E:115°56'30,28°;115°,,,,
gcond_6fbc0de6118d,gcond_6fbc0de6118d,gctpl_153f7418aba0,gsec_923aed527408,qbank_3428e602e4fc,实操题库_地面站考试条件_2026H1_双经纬度题型.txt_3,2026H1,2026H1,双经纬度题型,2026-05-22,江苏01考场,双经纬度题型-考试条件提取.docx,4,4,4,二、,coordinate,"1点的经纬度： N:28°39'30"" E:115°56'25""",1;28;39;30;115;56;25,°;度,,"N:28°39'30"";E:115°56'25""",28°;115°,,,,
gcond_9fe5e0353ef4,gcond_9fe5e0353ef4,gctpl_797d65f72ad1,gsec_923aed527408,qbank_3428e602e4fc,实操题库_地面站考试条件_2026H1_双经纬度题型.txt_3,2026H1,2026H1,双经纬度题型,2026-05-22,江苏01考场,双经纬度题型-考试条件提取.docx,4,5,5,三、,other,2点位于1点东偏南 55°。,2;1;55,°,,,55°,,,,
gcond_e05f751944cf,gcond_e05f751944cf,gctpl_5079c397522a,gsec_4ef5c481c291,qbank_3428e602e4fc,实操题库_地面站考试条件_2026H1_双经纬度题型.txt_4,2026H1,2026H1,双经纬度题型,2026-05-22,江苏01考场,双经纬度题型-考试条件提取.docx,5,1,1,(一),speed_height;turn_hold_loop;geometry;takeoff_return,"于起飞点前规划一个六边形并循环执行，边长为a,①② ③航点相对地面高度为b，④⑤⑥航点相对地面高度为℃，水平速度 为d,转弯方式为停止转弯，各点停留时间为f;",,度,起飞点;①;②;③;④;⑤;⑥,,,,,,
gcond_95e4cab4f524,gcond_95e4cab4f524,gctpl_0d2c20d7830c,gsec_4ef5c481c291,qbank_3428e602e4fc,实操题库_地面站考试条件_2026H1_双经纬度题型.txt_4,2026H1,2026H1,双经纬度题型,2026-05-22,江苏01考场,双经纬度题型-考试条件提取.docx,5,2,2,(二),speed_height,"a值为30米（误差云±3米），b值为25米，c值为30m, d值为2m/s,f值为2s。",30;3;25;30;2;2,m;m/s;s;米,,,,2m/s,,,
gcond_3a00920ec69b,gcond_3a00920ec69b,gctpl_317f03993d51,gsec_4ef5c481c291,qbank_3428e602e4fc,实操题库_地面站考试条件_2026H1_双经纬度题型.txt_4,2026H1,2026H1,双经纬度题型,2026-05-22,江苏01考场,双经纬度题型-考试条件提取.docx,5,3,3,一、,coordinate;takeoff_return,起飞点经纬度： 3 5 N:28°39'30 E:115°56′30,3;5;28;39;30;115;56;30,°;度,起飞点;3;5,N:28°39'30;E:115°56′30,28°;115°,,,,
gcond_915a91a5ca59,gcond_915a91a5ca59,gctpl_11b2e9c53309,gsec_4ef5c481c291,qbank_3428e602e4fc,实操题库_地面站考试条件_2026H1_双经纬度题型.txt_4,2026H1,2026H1,双经纬度题型,2026-05-22,江苏01考场,双经纬度题型-考试条件提取.docx,5,4,4,二、,coordinate,1点的经纬度： N:28°39′30 E:115°56'25,1;28;39;30;115;56;25,°;度,,N:28°39′30;E:115°56'25,28°;115°,,,,
gcond_faaac0e77306,gcond_faaac0e77306,gctpl_fffb7ab7f4b0,gsec_4ef5c481c291,qbank_3428e602e4fc,实操题库_地面站考试条件_2026H1_双经纬度题型.txt_4,2026H1,2026H1,双经纬度题型,2026-05-22,江苏01考场,双经纬度题型-考试条件提取.docx,5,5,5,三、,other,2点位于1点东偏南 55°,2;1;55,°,,,55°,,,,
gcond_490ac7c933c4,gcond_490ac7c933c4,gctpl_09b6865e1b9a,gsec_e1f68e916907,qbank_3428e602e4fc,实操题库_地面站考试条件_2026H1_双经纬度题型.txt_5,2026H1,2026H1,双经纬度题型,2026-05-22,江苏01考场,双经纬度题型-考试条件提取.docx,6,1,1,(一),speed_height;turn_hold_loop;bearing_angle;geometry;takeoff_return,"按图于起飞点前规划一个闭合图形并循环执行，各点之间 距离不小于20米，①点相对地面高度为a、②点相对地面高度为b，③点 相对地面高度为c，④点相对地面高度为d，水平速度为f,∠①= ∠②=∠③=∠④=45·转弯模式为停止转弯，停留时间不作要求；",20;45,度;米,起飞点;①;②;③;④;①;②;③;④,,,,20米,20米,
gcond_623573361b84,gcond_623573361b84,gctpl_46bdad2a19ae,gsec_e1f68e916907,qbank_3428e602e4fc,实操题库_地面站考试条件_2026H1_双经纬度题型.txt_5,2026H1,2026H1,双经纬度题型,2026-05-22,江苏01考场,双经纬度题型-考试条件提取.docx,6,2,2,(二),speed_height,"a值为20米，b值为25米，c值为30m,d值为25m, f值为3m/s。",20;25;30;25;3,m;m/s;米,,,,3m/s,,,
gcond_d34f32a31838,gcond_d34f32a31838,gctpl_06003c759cb5,gsec_e1f68e916907,qbank_3428e602e4fc,实操题库_地面站考试条件_2026H1_双经纬度题型.txt_5,2026H1,2026H1,双经纬度题型,2026-05-22,江苏01考场,双经纬度题型-考试条件提取.docx,6,3,3,一、,coordinate;takeoff_return,起飞点经纬度： 4 N:28°39'30 E:115°56'30,4;28;39;30;115;56;30,°;度,起飞点;4,N:28°39'30;E:115°56'30,28°;115°,,,,
gcond_40334fbf2cf2,gcond_40334fbf2cf2,gctpl_fa525b6e6a94,gsec_e1f68e916907,qbank_3428e602e4fc,实操题库_地面站考试条件_2026H1_双经纬度题型.txt_5,2026H1,2026H1,双经纬度题型,2026-05-22,江苏01考场,双经纬度题型-考试条件提取.docx,6,4,4,二、,coordinate;geometry,"1点的经纬度： 任务航线示意图： N:28°39'30 E:115°56'25""",1;28;39;30;115;56;25,°;度,,"N:28°39'30;E:115°56'25""",28°;115°,,,,
gcond_f8a34cbc2530,gcond_f8a34cbc2530,gctpl_fffb7ab7f4b0,gsec_e1f68e916907,qbank_3428e602e4fc,实操题库_地面站考试条件_2026H1_双经纬度题型.txt_5,2026H1,2026H1,双经纬度题型,2026-05-22,江苏01考场,双经纬度题型-考试条件提取.docx,6,5,5,三、,other,2点位于1点东偏南 55°,2;1;55,°,,,55°,,,,
gcond_d81ddc218eeb,gcond_d81ddc218eeb,gctpl_4bf536fffd45,gsec_37b932d3cf68,qbank_3428e602e4fc,实操题库_地面站考试条件_2026H1_双经纬度题型.txt_6,2026H1,2026H1,双经纬度题型,2026-05-15,江西03考场,双经纬度题型-考试条件提取.docx,7,1,1,(一),coordinate;speed_height;turn_hold_loop;geometry,"按图规划一个闭合的任务航线不循环执行，①③、②③、 ②④、①④边长为300米，①点相对地面高度为a,②点相对地面高 度为b,③点相对地面高度为c,④点相对地面高度为d,水平速 度为e,垂直速度为f，转弯模式为停止转弯，停留时间4s;",300;4,s;度;米,①;③;②;③;②;④;①;④;①;②;③;④,,,,300米,300米,
gcond_d73218a336a0,gcond_d73218a336a0,gctpl_f46358155522,gsec_37b932d3cf68,qbank_3428e602e4fc,实操题库_地面站考试条件_2026H1_双经纬度题型.txt_6,2026H1,2026H1,双经纬度题型,2026-05-15,江西03考场,双经纬度题型-考试条件提取.docx,7,2,2,(二),coordinate;speed_height,"a值为30米，b值为35米，c值为40m,d值为25m, e值为2m/s,f值为2m/s。",30;35;40;25;2;2,m;m/s;米,,,,2m/s;2m/s,,,
gcond_feba1f8b6063,gcond_feba1f8b6063,gctpl_87dee3abbb8e,gsec_37b932d3cf68,qbank_3428e602e4fc,实操题库_地面站考试条件_2026H1_双经纬度题型.txt_6,2026H1,2026H1,双经纬度题型,2026-05-15,江西03考场,双经纬度题型-考试条件提取.docx,7,3,3,一、,coordinate;takeoff_return,起飞点经纬度： N:30°14'54 E:114°3′20,30;14;54;114;3;20,°;度,起飞点;3,N:30°14'54;E:114°3′20,30°;114°,,,,
gcond_735a94145d21,gcond_735a94145d21,gctpl_6f23838e0659,gsec_37b932d3cf68,qbank_3428e602e4fc,实操题库_地面站考试条件_2026H1_双经纬度题型.txt_6,2026H1,2026H1,双经纬度题型,2026-05-15,江西03考场,双经纬度题型-考试条件提取.docx,7,4,4,二：,coordinate;geometry,1点经纬度： 任务航线示意图： N:30°14'54 E:114°3′15,1;30;14;54;114;3;15,°;度,3,N:30°14'54;E:114°3′15,30°;114°,,,,
gcond_e4957561b289,gcond_e4957561b289,gctpl_dd8781bb1621,gsec_37b932d3cf68,qbank_3428e602e4fc,实操题库_地面站考试条件_2026H1_双经纬度题型.txt_6,2026H1,2026H1,双经纬度题型,2026-05-15,江西03考场,双经纬度题型-考试条件提取.docx,7,5,5,三：,other,2号点位于1点东偏南 45°,2;1;45,°,,,45°,,,,
gcond_9e10d82d5140,gcond_9e10d82d5140,gctpl_1ce7045e21d7,gsec_361d923cf669,qbank_3428e602e4fc,实操题库_地面站考试条件_2026H1_双经纬度题型.txt_7,2026H1,2026H1,双经纬度题型,2026-05-06,广东03考场,双经纬度题型-考试条件提取.docx,8,1,1,(一),coordinate;speed_height;turn_hold_loop;bearing_angle;geometry,"按图规划一个闭合四边形并循环执行，①②边、②③边边 长为a,①④边边长为b，∠①=∠②=90·航线相对地面高度为c, 水平速度为d,垂直速度为e,转弯模式为停止转弯，停留时间5s;",90;5,s;度,①;②;②;③;①;④;①;②,,,,,,
gcond_010dd31df124,gcond_010dd31df124,gctpl_5d31f8e63ce0,gsec_361d923cf669,qbank_3428e602e4fc,实操题库_地面站考试条件_2026H1_双经纬度题型.txt_7,2026H1,2026H1,双经纬度题型,2026-05-06,广东03考场,双经纬度题型-考试条件提取.docx,8,2,2,(二),coordinate;speed_height,"a值为200米，b值为400米，c值为300m,d值为 3m/s,e值为2m/s。",200;400;300;3;2,m;m/s;米,,,,3m/s;2m/s,,,
gcond_4218581735d5,gcond_4218581735d5,gctpl_edf1963d271c,gsec_361d923cf669,qbank_3428e602e4fc,实操题库_地面站考试条件_2026H1_双经纬度题型.txt_7,2026H1,2026H1,双经纬度题型,2026-05-06,广东03考场,双经纬度题型-考试条件提取.docx,8,3,3,一：,coordinate;takeoff_return,"起飞点经纬度： N:28°39′30"" E:115°56'32""",28;39;30;115;56;32,°;度,起飞点,"N:28°39′30"";E:115°56'32""",28°;115°,,,,
gcond_1eb6799076d0,gcond_1eb6799076d0,gctpl_500b8521fed0,gsec_361d923cf669,qbank_3428e602e4fc,实操题库_地面站考试条件_2026H1_双经纬度题型.txt_7,2026H1,2026H1,双经纬度题型,2026-05-06,广东03考场,双经纬度题型-考试条件提取.docx,8,4,4,二：,coordinate,"1点经纬度： N:28°39'25"" E:115°5632""",1;28;39;25;115;5632,°;度,,"N:28°39'25"";E:115°5632""",28°;115°,,,,
gcond_860d3e0ade71,gcond_860d3e0ade71,gctpl_5a4b0828f274,gsec_361d923cf669,qbank_3428e602e4fc,实操题库_地面站考试条件_2026H1_双经纬度题型.txt_7,2026H1,2026H1,双经纬度题型,2026-05-06,广东03考场,双经纬度题型-考试条件提取.docx,8,5,5,三：,other,2号点位于3号点西偏 北25度。,2;3;25,度,,,25度,,,,
gcond_13583418af38,gcond_13583418af38,gctpl_c75882ee68ac,gsec_bef724d69088,qbank_3428e602e4fc,实操题库_地面站考试条件_2026H1_双经纬度题型.txt_8,2026H1,2026H1,双经纬度题型,2026-05-10,湖北03考场,双经纬度题型-考试条件提取.docx,9,1,1,(一),coordinate;speed_height;turn_hold_loop;geometry,"按图规划一个闭合的任务航线不循环执行，①③、②③、 ②④、①④边长为300米，①点相对地面高度为a,②点相对地面高 度为b,③点相对地面高度为c,④点相对地面高度为d,水平速 度为e,垂直速度为f,转弯模式为停止转弯，停留时间4s",300;4,s;度;米,①;③;②;③;②;④;①;④;①;②;③;④,,,,300米,300米,
gcond_534d265ccbb8,gcond_534d265ccbb8,gctpl_f46358155522,gsec_bef724d69088,qbank_3428e602e4fc,实操题库_地面站考试条件_2026H1_双经纬度题型.txt_8,2026H1,2026H1,双经纬度题型,2026-05-10,湖北03考场,双经纬度题型-考试条件提取.docx,9,2,2,(二),coordinate;speed_height,"a值为30米，b值为35米，c值为40m,d值为25m, e值为2m/s,f值为2m/s。",30;35;40;25;2;2,m;m/s;米,,,,2m/s;2m/s,,,
gcond_f8cbda9b31fa,gcond_f8cbda9b31fa,gctpl_d63f4a4c64fc,gsec_bef724d69088,qbank_3428e602e4fc,实操题库_地面站考试条件_2026H1_双经纬度题型.txt_8,2026H1,2026H1,双经纬度题型,2026-05-10,湖北03考场,双经纬度题型-考试条件提取.docx,9,3,3,一、,coordinate;takeoff_return,"起飞点经纬度： :28°39'30 E:115°56'30""",28;39;30;115;56;30,°;度,起飞点,"E:115°56'30""",28°;115°,,,,possible_incomplete_latlon_pair
gcond_ca9a13e7a024,gcond_ca9a13e7a024,gctpl_0056dee9f0d7,gsec_bef724d69088,qbank_3428e602e4fc,实操题库_地面站考试条件_2026H1_双经纬度题型.txt_8,2026H1,2026H1,双经纬度题型,2026-05-10,湖北03考场,双经纬度题型-考试条件提取.docx,9,4,4,二：,coordinate;geometry,1点经纬度： 任务航线示意图： N:28°39'30 E:115°56'25,1;28;39;30;115;56;25,°;度,,N:28°39'30;E:115°56'25,28°;115°,,,,
gcond_a2e78a5c7993,gcond_a2e78a5c7993,gctpl_d9c39b4ae56a,gsec_bef724d69088,qbank_3428e602e4fc,实操题库_地面站考试条件_2026H1_双经纬度题型.txt_8,2026H1,2026H1,双经纬度题型,2026-05-10,湖北03考场,双经纬度题型-考试条件提取.docx,9,5,5,三：,other,2号点位于1点东偏南 35度。,2;1;35,度,,,35度,,,,
gcond_3b70c283102e,gcond_3b70c283102e,gctpl_c7a8ed63fa17,gsec_1fe8dbd6adf5,qbank_3428e602e4fc,实操题库_地面站考试条件_2026H1_双经纬度题型.txt_9,2026H1,2026H1,双经纬度题型,2026-04-27,浙江01考场,双经纬度题型-考试条件提取.docx,10,1,1,(一),coordinate;speed_height;turn_hold_loop;bearing_angle;geometry,"按图规划一个闭合四边形并循环执行，①②边、②③边边 长为a,①④边边长为b,∠①=∠②=90°航线相对地面高度为c, 水平速度为d，垂直速度为e,转弯模式为停止转弯，停留时间5s;",90;5,s;°;度,①;②;②;③;①;④;①;②,,90°,,,,
gcond_077d0ae6774c,gcond_077d0ae6774c,gctpl_5d31f8e63ce0,gsec_1fe8dbd6adf5,qbank_3428e602e4fc,实操题库_地面站考试条件_2026H1_双经纬度题型.txt_9,2026H1,2026H1,双经纬度题型,2026-04-27,浙江01考场,双经纬度题型-考试条件提取.docx,10,2,2,(二),coordinate;speed_height,"a值为200米，b值为400米，c值为300m,d值为 3m/s,e值为2m/s。",200;400;300;3;2,m;m/s;米,,,,3m/s;2m/s,,,
gcond_e10d6987d464,gcond_e10d6987d464,gctpl_77b20d5cc46b,gsec_1fe8dbd6adf5,qbank_3428e602e4fc,实操题库_地面站考试条件_2026H1_双经纬度题型.txt_9,2026H1,2026H1,双经纬度题型,2026-04-27,浙江01考场,双经纬度题型-考试条件提取.docx,10,3,3,一：,coordinate;takeoff_return,起飞点经纬度： N:28°39′30” E:115°5632”,28;39;30;115;5632,°;度,起飞点,N:28°39′30”;E:115°5632”,28°;115°,,,,
gcond_e27a3b7b229c,gcond_e27a3b7b229c,gctpl_5e1b7f5d9b18,gsec_1fe8dbd6adf5,qbank_3428e602e4fc,实操题库_地面站考试条件_2026H1_双经纬度题型.txt_9,2026H1,2026H1,双经纬度题型,2026-04-27,浙江01考场,双经纬度题型-考试条件提取.docx,10,4,4,二：,coordinate,1点经纬度 N:28°39′25” E:115°56′32”,1;28;39;25;115;56;32,°;度,,N:28°39′25”;E:115°56′32”,28°;115°,,,,
gcond_734a0893b76b,gcond_734a0893b76b,gctpl_b2ae74bc51ae,gsec_1fe8dbd6adf5,qbank_3428e602e4fc,实操题库_地面站考试条件_2026H1_双经纬度题型.txt_9,2026H1,2026H1,双经纬度题型,2026-04-27,浙江01考场,双经纬度题型-考试条件提取.docx,10,5,5,三：,other,2号点位于3点西偏 北25,2;3;25,,,,,,,,
gcond_18695dd404a1,gcond_18695dd404a1,gctpl_e3457fcc8c24,gsec_a24b1dd9ebc5,qbank_3428e602e4fc,实操题库_地面站考试条件_2026H1_双经纬度题型.txt_10,2026H1,2026H1,双经纬度题型,2026-04-27,河南03考场,双经纬度题型-考试条件提取.docx,11,1,1,1、,geometry,如图所示规划一个正六边形，边长60m;,60,m,,,,,,60m,
gcond_ca55cd7d564c,gcond_ca55cd7d564c,gctpl_37d75d217508,gsec_a24b1dd9ebc5,qbank_3428e602e4fc,实操题库_地面站考试条件_2026H1_双经纬度题型.txt_10,2026H1,2026H1,双经纬度题型,2026-04-27,河南03考场,双经纬度题型-考试条件提取.docx,11,2,2,2、,coordinate,1点位于：N:28.1234°，E116.12390986°,1;28.1234;116.12390986,°,,N:28.1234;E116.12390986,28.1234°;116.12390986°,,,,
gcond_6f138adb54a3,gcond_6f138adb54a3,gctpl_c02f05831c53,gsec_a24b1dd9ebc5,qbank_3428e602e4fc,实操题库_地面站考试条件_2026H1_双经纬度题型.txt_10,2026H1,2026H1,双经纬度题型,2026-04-27,河南03考场,双经纬度题型-考试条件提取.docx,11,3,3,3、,coordinate;takeoff_return,起飞点位于：E:116.1234°，N:28.1234,116.1234;28.1234,°,起飞点,E:116.1234;N:28.1234,116.1234°,,,,
gcond_ed2a83d999be,gcond_ed2a83d999be,gctpl_f3b5123a06c9,gsec_a24b1dd9ebc5,qbank_3428e602e4fc,实操题库_地面站考试条件_2026H1_双经纬度题型.txt_10,2026H1,2026H1,双经纬度题型,2026-04-27,河南03考场,双经纬度题型-考试条件提取.docx,11,4,4,4、,speed_height,"整体航线高度为90m,航线水平速度为4ms，垂直爬升速度为2ms",90;4;2,m;s;度,,,,4ms;2ms,90m,,
gcond_0714965194aa,gcond_0714965194aa,gctpl_d01c3e66a444,gsec_a24b1dd9ebc5,qbank_3428e602e4fc,实操题库_地面站考试条件_2026H1_双经纬度题型.txt_10,2026H1,2026H1,双经纬度题型,2026-04-27,河南03考场,双经纬度题型-考试条件提取.docx,11,5,5,5、,turn_hold_loop,转弯模式为：定点转弯，停留时间为3s,3,s,,,,,,,
gcond_6221e7e4767b,gcond_6221e7e4767b,gctpl_44f4c30e1a0b,gsec_a24b1dd9ebc5,qbank_3428e602e4fc,实操题库_地面站考试条件_2026H1_双经纬度题型.txt_10,2026H1,2026H1,双经纬度题型,2026-04-27,河南03考场,双经纬度题型-考试条件提取.docx,11,6,6,6、,turn_hold_loop;geometry,图形循环模式为：闭合循环3圈,3,,,,,,,,
gcond_903fa99c3f28,gcond_903fa99c3f28,gctpl_7e74a34923e8,gsec_a24b1dd9ebc5,qbank_3428e602e4fc,实操题库_地面站考试条件_2026H1_双经纬度题型.txt_10,2026H1,2026H1,双经纬度题型,2026-04-27,河南03考场,双经纬度题型-考试条件提取.docx,11,7,7,7、,bearing_angle;geometry,图形要求：3点到1点的航向为30°方向,3;1;30,°,,,30°,,,,
gcond_448b21901ace,gcond_448b21901ace,gctpl_3139d832addf,gsec_4aabd0978659,qbank_3428e602e4fc,实操题库_地面站考试条件_2026H1_双经纬度题型.txt_11,2026H1,2026H1,双经纬度题型,2026-03-27,浙江01考场,双经纬度题型-考试条件提取.docx,12,1,1,(一),speed_height;turn_hold_loop;bearing_angle;geometry,"与 的相对方位由委任代表根据现场环境 等情况进行决定。规划一个闭合等边三角形并循环执行，边长为a,所有航线 相对地面高度为b，水平速度为c,垂直速度为d，转弯方式为停止转弯，停 留时间5s;",5,s;度,,,,,,,
gcond_54fa703b8c52,gcond_54fa703b8c52,gctpl_401b1e1c6d37,gsec_4aabd0978659,qbank_3428e602e4fc,实操题库_地面站考试条件_2026H1_双经纬度题型.txt_11,2026H1,2026H1,双经纬度题型,2026-03-27,浙江01考场,双经纬度题型-考试条件提取.docx,12,2,2,(二),speed_height,"a值为50米，b值为50米，c值为3m/s,d值为2m/s。",50;50;3;2,m/s;米,,,,3m/s;2m/s,,,
gcond_1fb7fd0b1663,gcond_1fb7fd0b1663,gctpl_c3109804f2f3,gsec_4aabd0978659,qbank_3428e602e4fc,实操题库_地面站考试条件_2026H1_双经纬度题型.txt_11,2026H1,2026H1,双经纬度题型,2026-03-27,浙江01考场,双经纬度题型-考试条件提取.docx,12,3,3,二：,coordinate,①点经纬度： E:112°42'34” N:30°23′18”,112;42;34;30;23;18,°;度,①,E:112°42'34”;N:30°23′18”,112°;30°,,,,
gcond_17916b700a6a,gcond_17916b700a6a,gctpl_43fcd4b47b5d,gsec_4aabd0978659,qbank_3428e602e4fc,实操题库_地面站考试条件_2026H1_双经纬度题型.txt_11,2026H1,2026H1,双经纬度题型,2026-03-27,浙江01考场,双经纬度题型-考试条件提取.docx,12,4,4,三：,bearing_angle,H-②的航向和②-①的 航向相反。,,,②;②;①,,,,,,
gcond_2964d22294e5,gcond_2964d22294e5,gctpl_eef3dab16e6d,gsec_57dc7ccf8e78,qbank_3428e602e4fc,实操题库_地面站考试条件_2026H1_双经纬度题型.txt_12,2026H1,2026H1,双经纬度题型,2026-04-25,重床02考场,双经纬度题型-考试条件提取.docx,13,1,1,(一),speed_height;turn_hold_loop;bearing_angle;geometry,"规划一个闭合等腰直角三角形并循环执行，①②边长为1，①③边 长为a2,∠①为直角，航线相对地面高度b,水平速度为c,垂直速度为d, 转弯方式为停止转弯，停留时间为5S；",1;2;5,S;度,①;②;①;③;①,,,,,,
gcond_a841d44de12c,gcond_a841d44de12c,gctpl_84e79199bf44,gsec_57dc7ccf8e78,qbank_3428e602e4fc,实操题库_地面站考试条件_2026H1_双经纬度题型.txt_12,2026H1,2026H1,双经纬度题型,2026-04-25,重床02考场,双经纬度题型-考试条件提取.docx,13,2,2,(二),other,"a1、a2值为50米，b值为50米，c值为3ms,d值为2ms。",1;2;50;50;3;2,m;s;米,,,,3ms;2ms,,,
gcond_8ee3b491dc77,gcond_8ee3b491dc77,gctpl_129363c2f195,gsec_57dc7ccf8e78,qbank_3428e602e4fc,实操题库_地面站考试条件_2026H1_双经纬度题型.txt_12,2026H1,2026H1,双经纬度题型,2026-04-25,重床02考场,双经纬度题型-考试条件提取.docx,13,3,3,一、,coordinate;takeoff_return,"起飞点经纬度： N:31°09′16” E:111°20'03""",31;09;16;111;20;03,°;度,起飞点,"N:31°09′16”;E:111°20'03""",31°;111°,,,,
gcond_7f63bc755923,gcond_7f63bc755923,gctpl_eea5c0c6ae10,gsec_57dc7ccf8e78,qbank_3428e602e4fc,实操题库_地面站考试条件_2026H1_双经纬度题型.txt_12,2026H1,2026H1,双经纬度题型,2026-04-25,重床02考场,双经纬度题型-考试条件提取.docx,13,4,4,二、,coordinate,1点经纬度： N:31°09′20” E:111°20'03”,1;31;09;20;111;20;03,°;度,,N:31°09′20”;E:111°20'03”,31°;111°,,,,
gcond_b6df736efe02,gcond_b6df736efe02,gctpl_ffc2ca522f12,gsec_57dc7ccf8e78,qbank_3428e602e4fc,实操题库_地面站考试条件_2026H1_双经纬度题型.txt_12,2026H1,2026H1,双经纬度题型,2026-04-25,重床02考场,双经纬度题型-考试条件提取.docx,13,5,5,三、,other,3点位于2点东偏北 25°,3;2;25,°,,,25°,,,,
gcond_0248e36180e6,gcond_0248e36180e6,gctpl_de81fb8e5c9c,gsec_a1b9064c89ce,qbank_3428e602e4fc,实操题库_地面站考试条件_2026H1_双经纬度题型.txt_13,2026H1,2026H1,双经纬度题型,2026-04-25,重床02考场,双经纬度题型-考试条件提取.docx,14,1,1,(一),speed_height;turn_hold_loop;bearing_angle;geometry,规划一个闭合等边三角形并循环执行，边长为a，所有航线相对地 面高度为b，水平速度为c，垂直速度为d，转弯方式为停止转弯，停留时间 为f;,,度,,,,,,,
gcond_f7ec3606ecd3,gcond_f7ec3606ecd3,gctpl_7e7df92a06e9,gsec_a1b9064c89ce,qbank_3428e602e4fc,实操题库_地面站考试条件_2026H1_双经纬度题型.txt_13,2026H1,2026H1,双经纬度题型,2026-04-25,重床02考场,双经纬度题型-考试条件提取.docx,14,2,2,(二),speed_height,"a值为50米，b值为50米，c值为3m/s,d值为2m/s,f值为 8So",50;50;3;2;8,S;m/s;米,,,,3m/s;2m/s,,,
gcond_2ecbf2d7ad2e,gcond_2ecbf2d7ad2e,gctpl_baf9806a196b,gsec_a1b9064c89ce,qbank_3428e602e4fc,实操题库_地面站考试条件_2026H1_双经纬度题型.txt_13,2026H1,2026H1,双经纬度题型,2026-04-25,重床02考场,双经纬度题型-考试条件提取.docx,14,3,3,一、,coordinate;takeoff_return,起飞点经纬度： N:31°09'16” E:111°20'03”,31;09;16;111;20;03,°;度,起飞点,N:31°09'16”;E:111°20'03”,31°;111°,,,,
gcond_2b2d66e1d8b7,gcond_2b2d66e1d8b7,gctpl_347b4462580d,gsec_a1b9064c89ce,qbank_3428e602e4fc,实操题库_地面站考试条件_2026H1_双经纬度题型.txt_13,2026H1,2026H1,双经纬度题型,2026-04-25,重床02考场,双经纬度题型-考试条件提取.docx,14,4,4,二、,coordinate,1点经纬度： N:31°09′10” E:111°20'03”,1;31;09;10;111;20;03,°;度,,N:31°09′10”;E:111°20'03”,31°;111°,,,,
gcond_f5ea9e3550a0,gcond_f5ea9e3550a0,gctpl_9e6234942a37,gsec_a1b9064c89ce,qbank_3428e602e4fc,实操题库_地面站考试条件_2026H1_双经纬度题型.txt_13,2026H1,2026H1,双经纬度题型,2026-04-25,重床02考场,双经纬度题型-考试条件提取.docx,14,5,5,三、,other,3点位于2点东偏 南25°,3;2;25,°,,,25°,,,,
gcond_d6081db7d058,gcond_d6081db7d058,gctpl_4574e907cf86,gsec_c539515211a6,qbank_3428e602e4fc,实操题库_地面站考试条件_2026H1_双经纬度题型.txt_14,2026H1,2026H1,双经纬度题型,2026-03-10,湖北04考场,双经纬度题型-考试条件提取.docx,15,1,1,(一),coordinate;speed_height;turn_hold_loop;bearing_angle;geometry;takeoff_return,"与 的相对方位由委任代表根据 现场环境等情况进行决定。按图于起飞点前规划一个五边形并循环执 行，①②边及②③边的边长为a,∠②=∠④=∠①为90°，航线相 对地面高度为b，水平速度为c，垂直速度为d,转弯模式为停止转 弯，各点停留时间为e；",90,°;度,起飞点;①;②;②;③;②;④;①,,90°,,,,
gcond_ca3c67a612fb,gcond_ca3c67a612fb,gctpl_067fd8d017fc,gsec_c539515211a6,qbank_3428e602e4fc,实操题库_地面站考试条件_2026H1_双经纬度题型.txt_14,2026H1,2026H1,双经纬度题型,2026-03-10,湖北04考场,双经纬度题型-考试条件提取.docx,15,2,2,(二),coordinate;speed_height;bearing_angle,"a值建议为30米，b值建议为30米，c值建议为 3m/s,d值建议为1m/s,e值建议为2s。(航线方位及各数值可由 委任代表按实际情况进行调整，考题以委任代表规定数值为准)",30;30;3;1;2,m/s;s;米,,,,3m/s;1m/s,,,
gcond_7145dc02190b,gcond_7145dc02190b,gctpl_a585c48d5347,gsec_c539515211a6,qbank_3428e602e4fc,实操题库_地面站考试条件_2026H1_双经纬度题型.txt_14,2026H1,2026H1,双经纬度题型,2026-03-10,湖北04考场,双经纬度题型-考试条件提取.docx,15,3,3,1、,coordinate;geometry;takeoff_return,"起飞点坐标： N:23°24'20"" E:112°12'36"" 航点1坐标： N:23°24'18” E:112°12'36”",23;24;20;112;12;36;1;23;24;18;112;12;36,°,起飞点,"N:23°24'20"";E:112°12'36"";N:23°24'18”;E:112°12'36”",23°;112°;23°;112°,,,,
gcond_14c1d3e47c7a,gcond_14c1d3e47c7a,gctpl_ef559e3bb4a4,gsec_c539515211a6,qbank_3428e602e4fc,实操题库_地面站考试条件_2026H1_双经纬度题型.txt_14,2026H1,2026H1,双经纬度题型,2026-03-10,湖北04考场,双经纬度题型-考试条件提取.docx,15,4,4,2、,bearing_angle,H-1航向与3-2航向 相反。,1;3;2,,,,,,,,
gcond_b2775c75ba6b,gcond_b2775c75ba6b,gctpl_9f2d6ccb85b5,gsec_9774ead8dfaa,qbank_3428e602e4fc,实操题库_地面站考试条件_2026H1_双经纬度题型.txt_15,2026H1,2026H1,双经纬度题型,2026-03-15,上海01考场,双经纬度题型-考试条件提取.docx,16,1,1,(一),coordinate;speed_height;turn_hold_loop;bearing_angle;geometry;takeoff_return,"与 的相对方位由委任代表根据 现场环境等情况进行决定。按图于起飞点前规划一个四边形并循环执 行。①②边、②③边边长为a,③④边边长为b,∠②=∠③=90° 航线相对地面高度为c，水平速度为d，垂直速度为e，转弯模式为 停止转弯，停留时间不作要求；",90,°;度,起飞点;①;②;②;③;③;④;②;③,,90°,,,,
gcond_d842c0e90aad,gcond_d842c0e90aad,gctpl_8539b14a06da,gsec_9774ead8dfaa,qbank_3428e602e4fc,实操题库_地面站考试条件_2026H1_双经纬度题型.txt_15,2026H1,2026H1,双经纬度题型,2026-03-15,上海01考场,双经纬度题型-考试条件提取.docx,16,2,2,(二),coordinate;speed_height;bearing_angle,"a值建议为20米，b值建议为30米，c值建议为30m, d值建议为3m/s。e值建议为2m/s。(航线方位及各数值可由委任 代表按实际情况进行调整，考题以委任代表规定数值为准) 安当处当，",20;30;30;3;2,m;m/s;米,,,,3m/s;2m/s,,,
gcond_f632e69fea18,gcond_f632e69fea18,gctpl_de0edbf2e559,gsec_9774ead8dfaa,qbank_3428e602e4fc,实操题库_地面站考试条件_2026H1_双经纬度题型.txt_15,2026H1,2026H1,双经纬度题型,2026-03-15,上海01考场,双经纬度题型-考试条件提取.docx,16,3,3,1、,coordinate;takeoff_return,"H点坐标： E:112°12'36"" N:23°42'18""",112;12;36;23;42;18,°,H点,"E:112°12'36"";N:23°42'18""",112°;23°,,,,
gcond_66e84228a3ef,gcond_66e84228a3ef,gctpl_f8fec37c02ac,gsec_9774ead8dfaa,qbank_3428e602e4fc,实操题库_地面站考试条件_2026H1_双经纬度题型.txt_15,2026H1,2026H1,双经纬度题型,2026-03-15,上海01考场,双经纬度题型-考试条件提取.docx,16,4,4,2、,coordinate,"①点坐标： E:112°12'38"" N:23°42'18""",112;12;38;23;42;18,°,①,"E:112°12'38"";N:23°42'18""",112°;23°,,,,
gcond_8df76f200e57,gcond_8df76f200e57,gctpl_1ac499e17741,gsec_9774ead8dfaa,qbank_3428e602e4fc,实操题库_地面站考试条件_2026H1_双经纬度题型.txt_15,2026H1,2026H1,双经纬度题型,2026-03-15,上海01考场,双经纬度题型-考试条件提取.docx,16,5,5,3、,bearing_angle,H-①航向于③-② 航向相反,,,①;③;②,,,,,,
gcond_c0cf7a173b24,gcond_c0cf7a173b24,gctpl_590edeaf57b4,gsec_24742865be92,qbank_3428e602e4fc,实操题库_地面站考试条件_2026H1_双经纬度题型.txt_16,2026H1,2026H1,双经纬度题型,2026-03-15,上海01考场,双经纬度题型-考试条件提取.docx,17,1,1,(一),coordinate;speed_height;turn_hold_loop;bearing_angle;geometry;takeoff_return,"与 的相对方位由委任代表根据 现场环境等情况进行决定。于起飞点前规划一个六边形并循环执行， 边长为a，①②③航点相对地面高度为b,④⑤⑥航点相对地面高度 为c，水平速度为d，垂直速度为e,转弯方式为停止转弯，各点停 留时间为f;",,度,起飞点;①;②;③;④;⑤;⑥,,,,,,
gcond_8ad79119ffdf,gcond_8ad79119ffdf,gctpl_70435005ce30,gsec_24742865be92,qbank_3428e602e4fc,实操题库_地面站考试条件_2026H1_双经纬度题型.txt_16,2026H1,2026H1,双经纬度题型,2026-03-15,上海01考场,双经纬度题型-考试条件提取.docx,17,2,2,(二),coordinate;speed_height;bearing_angle,"a值建议为30米（误差≤±3米），b值建议为25米 c建议为30m,d值建议为2m/s。e值建议为1m/s,f值建议为 2s。(航线方位及各数值可由变任代表按实际情况进行调整，考题以 委任代表规定数值为准)",30;3;25;30;2;1;2,m;m/s;s;米,,,,2m/s;1m/s,,,
gcond_596522e26eca,gcond_596522e26eca,gctpl_a1c5983b1ad8,gsec_24742865be92,qbank_3428e602e4fc,实操题库_地面站考试条件_2026H1_双经纬度题型.txt_16,2026H1,2026H1,双经纬度题型,2026-03-15,上海01考场,双经纬度题型-考试条件提取.docx,17,3,3,1、,coordinate;takeoff_return,H点坐标： E:112°12'36” N:23°42'18”,112;12;36;23;42;18,°,H点,E:112°12'36”;N:23°42'18”,112°;23°,,,,
gcond_c73430c5d0d5,gcond_c73430c5d0d5,gctpl_21fdebeb0b0c,gsec_24742865be92,qbank_3428e602e4fc,实操题库_地面站考试条件_2026H1_双经纬度题型.txt_16,2026H1,2026H1,双经纬度题型,2026-03-15,上海01考场,双经纬度题型-考试条件提取.docx,17,4,4,2、,coordinate,1点坐标： E:112°12′38” N:23°42'18”,1;112;12;38;23;42;18,°,,E:112°12′38”;N:23°42'18”,112°;23°,,,,
gcond_38a0792c4c4f,gcond_38a0792c4c4f,gctpl_165221f17731,gsec_24742865be92,qbank_3428e602e4fc,实操题库_地面站考试条件_2026H1_双经纬度题型.txt_16,2026H1,2026H1,双经纬度题型,2026-03-15,上海01考场,双经纬度题型-考试条件提取.docx,17,5,5,3、,bearing_angle;takeoff_return,H点到1点航向与 3-2点航向相反。,1;3;2,,H点;3,,,,,,
gcond_b476c6fcb833,gcond_b476c6fcb833,gctpl_4574e907cf86,gsec_96c10377e5d5,qbank_3428e602e4fc,实操题库_地面站考试条件_2026H1_双经纬度题型.txt_17,2026H1,2026H1,双经纬度题型,2026-03-15,上海01考场,双经纬度题型-考试条件提取.docx,18,1,1,(一),coordinate;speed_height;turn_hold_loop;bearing_angle;geometry;takeoff_return,"与 的相对方位由委任代表根据 现场环境等情况进行决定。按图于起飞点前规划一个五边形并循环执 行，①②边及②③边的边长为a,∠②=∠④=∠①为90°，航线相 对地面高度为b，水平速度为c，垂直速度为d，转弯模式为停止 转弯，各点停留时间为e；",90,°;度,起飞点;①;②;②;③;②;④;①,,90°,,,,
gcond_7c65035c2471,gcond_7c65035c2471,gctpl_99edc296c8b0,gsec_96c10377e5d5,qbank_3428e602e4fc,实操题库_地面站考试条件_2026H1_双经纬度题型.txt_17,2026H1,2026H1,双经纬度题型,2026-03-15,上海01考场,双经纬度题型-考试条件提取.docx,18,2,2,(二),coordinate;speed_height;bearing_angle,"a值建议为30米，b值建议为30米，c值建议为 3m/s,d值建议为1m/s。e值建议为2s。(航线方位及各数值可由 变任代表按实际情况进行调整，考题以委任代表规定数值为准)",30;30;3;1;2,m/s;s;米,,,,3m/s;1m/s,,,
gcond_1e008b76603e,gcond_1e008b76603e,gctpl_3541729de139,gsec_96c10377e5d5,qbank_3428e602e4fc,实操题库_地面站考试条件_2026H1_双经纬度题型.txt_17,2026H1,2026H1,双经纬度题型,2026-03-15,上海01考场,双经纬度题型-考试条件提取.docx,18,3,3,1、,coordinate;takeoff_return,"H点坐标： E:112°42'36"" N:23°12'18""",112;42;36;23;12;18,°,H点,"E:112°42'36"";N:23°12'18""",112°;23°,,,,
gcond_62d84dc9f29b,gcond_62d84dc9f29b,gctpl_da76514279ef,gsec_96c10377e5d5,qbank_3428e602e4fc,实操题库_地面站考试条件_2026H1_双经纬度题型.txt_17,2026H1,2026H1,双经纬度题型,2026-03-15,上海01考场,双经纬度题型-考试条件提取.docx,18,4,4,2、,coordinate,1点坐标： E:112°42'36” N:23°12'20”,1;112;42;36;23;12;20,°,,E:112°42'36”;N:23°12'20”,112°;23°,,,,
gcond_a05f0dbfc427,gcond_a05f0dbfc427,gctpl_b67be51a60c2,gsec_96c10377e5d5,qbank_3428e602e4fc,实操题库_地面站考试条件_2026H1_双经纬度题型.txt_17,2026H1,2026H1,双经纬度题型,2026-03-15,上海01考场,双经纬度题型-考试条件提取.docx,18,5,5,3、,bearing_angle;takeoff_return,H点到2点航向与 2-1点航向相反。,2;2;1,,H点;2,,,,,,
gcond_6c7f473936c4,gcond_6c7f473936c4,gctpl_080c49eab36e,gsec_5e55e0643993,qbank_3428e602e4fc,实操题库_地面站考试条件_2026H1_双经纬度题型.txt_18,2026H1,2026H1,双经纬度题型,2026-03-27,浙江01考场,双经纬度题型-考试条件提取.docx,19,1,1,(一),coordinate;speed_height;turn_hold_loop;bearing_angle;geometry,"与 的相对方位由委任代表根据现 场环境等情况进行决定。按图规划一个闭合的任务航线不循环执行， ①③、②③、②④、①④边长为300米，①点相对地面高度为a,②点 相对地面高度为b,③点相对地面高度为c,④点相对地面高度为d, 水平速度为e，垂直速度为f，转弯模式为停止转弯，停留时间2s；",300;2,s;度;米,①;③;②;③;②;④;①;④;①;②;③;④,,,,300米,300米,
gcond_3281a7b3ed58,gcond_3281a7b3ed58,gctpl_ef11846ede82,gsec_5e55e0643993,qbank_3428e602e4fc,实操题库_地面站考试条件_2026H1_双经纬度题型.txt_18,2026H1,2026H1,双经纬度题型,2026-03-27,浙江01考场,双经纬度题型-考试条件提取.docx,19,2,2,(二),coordinate;speed_height,"a值为20米，b值为25米，c值为30m,d值为20m, e值为2m/s,f值为2m/s。",20;25;30;20;2;2,m;m/s;米,,,,2m/s;2m/s,,,
gcond_c58604662253,gcond_c58604662253,gctpl_97ffbde41281,gsec_5e55e0643993,qbank_3428e602e4fc,实操题库_地面站考试条件_2026H1_双经纬度题型.txt_18,2026H1,2026H1,双经纬度题型,2026-03-27,浙江01考场,双经纬度题型-考试条件提取.docx,19,3,3,一：,coordinate;takeoff_return,起飞点经纬度： E:112°42'36” N:30°23′18”,112;42;36;30;23;18,°;度,起飞点,E:112°42'36”;N:30°23′18”,112°;30°,,,,
gcond_c7987aa398e4,gcond_c7987aa398e4,gctpl_82b6981a4ef4,gsec_5e55e0643993,qbank_3428e602e4fc,实操题库_地面站考试条件_2026H1_双经纬度题型.txt_18,2026H1,2026H1,双经纬度题型,2026-03-27,浙江01考场,双经纬度题型-考试条件提取.docx,19,4,4,二：,coordinate;geometry,"①点经纬度： 任务航线示意图： E:112°42'34"" N:30°23'18”",112;42;34;30;23;18,°;度,①,"E:112°42'34"";N:30°23'18”",112°;30°,,,,
gcond_f04ddfc38ad9,gcond_f04ddfc38ad9,gctpl_43fcd4b47b5d,gsec_5e55e0643993,qbank_3428e602e4fc,实操题库_地面站考试条件_2026H1_双经纬度题型.txt_18,2026H1,2026H1,双经纬度题型,2026-03-27,浙江01考场,双经纬度题型-考试条件提取.docx,19,5,5,三：,bearing_angle,H-②的航向和②-①的 航向相反。,,,②;②;①,,,,,,
gcond_d0822baee40a,gcond_d0822baee40a,gctpl_70a89c8cfb40,gsec_20eedfa4b380,qbank_3428e602e4fc,实操题库_地面站考试条件_2026H1_双经纬度题型.txt_19,2026H1,2026H1,双经纬度题型,2026-03-27,浙江01考场,双经纬度题型-考试条件提取.docx,20,1,1,(一),coordinate;speed_height;turn_hold_loop;bearing_angle;geometry,"与 的相对方位由委任代表根据现场环境等情 况进行决定。规划一个闭合五边形并循环执行，①②边及②③边的边长为a, ∠②=∠④=∠①为90°，航线相对地面高度为b,水平速度为c,垂直速度为d, 转弯模式为停止转弯，各点停留时间为e；",90,°;度,①;②;②;③;②;④;①,,90°,,,,
gcond_f80355c012fb,gcond_f80355c012fb,gctpl_22a605bc1f10,gsec_20eedfa4b380,qbank_3428e602e4fc,实操题库_地面站考试条件_2026H1_双经纬度题型.txt_19,2026H1,2026H1,双经纬度题型,2026-03-27,浙江01考场,双经纬度题型-考试条件提取.docx,20,2,2,(二),coordinate;speed_height,"a值建议为50米，b值建议为50米，c值建议为3m/s，d建议为 2m/s,e值建议为10s。",50;50;3;2;10,m/s;s;米,,,,3m/s;2m/s,,,
gcond_f77e8a089259,gcond_f77e8a089259,gctpl_24bd85f3e023,gsec_20eedfa4b380,qbank_3428e602e4fc,实操题库_地面站考试条件_2026H1_双经纬度题型.txt_19,2026H1,2026H1,双经纬度题型,2026-03-27,浙江01考场,双经纬度题型-考试条件提取.docx,20,3,3,一：,coordinate;geometry;takeoff_return,起飞点经纬度： E:112°42'36” 任务航线示意图： :30°23′18”,112;42;36;30;23;18,°;度,起飞点,E:112°42'36”,112°;30°,,,,possible_incomplete_latlon_pair
gcond_0e8db6dd1696,gcond_0e8db6dd1696,gctpl_c3109804f2f3,gsec_20eedfa4b380,qbank_3428e602e4fc,实操题库_地面站考试条件_2026H1_双经纬度题型.txt_19,2026H1,2026H1,双经纬度题型,2026-03-27,浙江01考场,双经纬度题型-考试条件提取.docx,20,4,4,二：,coordinate,①点经纬度： E:112°42'34” N:30°23′18”,112;42;34;30;23;18,°;度,①,E:112°42'34”;N:30°23′18”,112°;30°,,,,
gcond_59680b617ef8,gcond_59680b617ef8,gctpl_43fcd4b47b5d,gsec_20eedfa4b380,qbank_3428e602e4fc,实操题库_地面站考试条件_2026H1_双经纬度题型.txt_19,2026H1,2026H1,双经纬度题型,2026-03-27,浙江01考场,双经纬度题型-考试条件提取.docx,20,5,5,三：,bearing_angle,H-②的航向和②-①的 航向相反。,,,②;②;①,,,,,,
gcond_fe5218a8630a,gcond_fe5218a8630a,gctpl_f411bdf47f57,gsec_f591576e45aa,qbank_3428e602e4fc,实操题库_地面站考试条件_2026H1_双经纬度题型.txt_20,2026H1,2026H1,双经纬度题型,2026-03-27,浙江01考场,双经纬度题型-考试条件提取.docx,21,1,1,(一),coordinate;speed_height;turn_hold_loop;bearing_angle;geometry,"与 的相对方位由委任代表根据 现场环境等情况进行决定。规划一个闭合六边形并循环执行，边长为 a，①②③航点相对地面高度为b,④⑤⑥航点相对地面高度为c, 水平速度为d，垂直速度为e，转弯方式为停止转弯，各点停留时间 为f;",,度,①;②;③;④;⑤;⑥,,,,,,
gcond_a3fb0fa9d60c,gcond_a3fb0fa9d60c,gctpl_4c1b758ef726,gsec_f591576e45aa,qbank_3428e602e4fc,实操题库_地面站考试条件_2026H1_双经纬度题型.txt_20,2026H1,2026H1,双经纬度题型,2026-03-27,浙江01考场,双经纬度题型-考试条件提取.docx,21,2,2,(二),coordinate;speed_height,"a值为30米，b值为30米，c值为25m,d值为4m/s, e值为2m/s,f值为2so",30;30;25;4;2;2,m;m/s;s;米,,,,4m/s;2m/s,,,
gcond_3713bae41076,gcond_3713bae41076,gctpl_c2ca85d58d0f,gsec_f591576e45aa,qbank_3428e602e4fc,实操题库_地面站考试条件_2026H1_双经纬度题型.txt_20,2026H1,2026H1,双经纬度题型,2026-03-27,浙江01考场,双经纬度题型-考试条件提取.docx,21,3,3,二：,coordinate,"①点经纬度： E:112°42'34"" N:30°23′18”",112;42;34;30;23;18,°;度,①,"E:112°42'34"";N:30°23′18”",112°;30°,,,,
gcond_130c8d31842c,gcond_130c8d31842c,gctpl_43fcd4b47b5d,gsec_f591576e45aa,qbank_3428e602e4fc,实操题库_地面站考试条件_2026H1_双经纬度题型.txt_20,2026H1,2026H1,双经纬度题型,2026-03-27,浙江01考场,双经纬度题型-考试条件提取.docx,21,4,4,三：,bearing_angle,H-②的航向和②-①的 航向相反。,,,②;②;①,,,,,,
gcond_86d931a23988,gcond_86d931a23988,gctpl_9e92b1ea75bd,gsec_189031021ccd,qbank_289f36425828,实操题库_地面站考试条件_2026H1_双起飞点题型.txt_0,2026H1,2026H1,双起飞点题型,2026-03-06,山西O3考场,双起飞点题型-考试条件提取.docx,1,1,1,(一),coordinate;speed_height;turn_hold_loop;bearing_angle;geometry,"与 的相对方位由委任代表根据 现场环境等情况进行决定。规划一个六边形并循环执行，边长为a, ①②③航点相对地面高度为b,④⑤⑥航点相对地面高度为c,水平 速度为d,垂直速度为e，转弯方式为停止转弯，各点停留时间为f;",,度,①;②;③;④;⑤;⑥,,,,,,site_uses_letter_O
gcond_dce3b32e3b29,gcond_dce3b32e3b29,gctpl_5007938eb425,gsec_189031021ccd,qbank_289f36425828,实操题库_地面站考试条件_2026H1_双起飞点题型.txt_0,2026H1,2026H1,双起飞点题型,2026-03-06,山西O3考场,双起飞点题型-考试条件提取.docx,1,2,2,(二),coordinate;speed_height,"a值为30米，b值为30米，c值为25m,d值为4m/s,e 值为2m/s,f值为2s。",30;30;25;4;2;2,m;m/s;s;米,,,,4m/s;2m/s,,,site_uses_letter_O
gcond_231e04a15dc9,gcond_231e04a15dc9,gctpl_622a7baf545f,gsec_189031021ccd,qbank_289f36425828,实操题库_地面站考试条件_2026H1_双起飞点题型.txt_0,2026H1,2026H1,双起飞点题型,2026-03-06,山西O3考场,双起飞点题型-考试条件提取.docx,1,3,3,1、,coordinate;takeoff_return,起飞点经纬度： N:27°46'19” E:123°12'17”,27;46;19;123;12;17,°;度,起飞点,N:27°46'19”;E:123°12'17”,27°;123°,,,,site_uses_letter_O
gcond_4a2cf3fa3aa4,gcond_4a2cf3fa3aa4,gctpl_eb4d33e0e2d8,gsec_189031021ccd,qbank_289f36425828,实操题库_地面站考试条件_2026H1_双起飞点题型.txt_0,2026H1,2026H1,双起飞点题型,2026-03-06,山西O3考场,双起飞点题型-考试条件提取.docx,1,4,4,2、,geometry;takeoff_return,起飞点到任务航 6 线航点3和航点5距 离相等，H-3和 H-5=30米。 起飞点在图形内侧。,6;3;5;3;5;30,米,起飞点;6;5;起飞点,,,,,,site_uses_letter_O
gcond_2d80faa46726,gcond_2d80faa46726,gctpl_2253d77393da,gsec_189031021ccd,qbank_289f36425828,实操题库_地面站考试条件_2026H1_双起飞点题型.txt_0,2026H1,2026H1,双起飞点题型,2026-03-06,山西O3考场,双起飞点题型-考试条件提取.docx,1,5,5,3、,bearing_angle;geometry;takeoff_return,任务航线1号点位 于起飞点W方位。,1,,起飞点,,,,,,site_uses_letter_O
gcond_99e82942cf9a,gcond_99e82942cf9a,gctpl_17d8dbd47dae,gsec_0d604cf359ca,qbank_289f36425828,实操题库_地面站考试条件_2026H1_双起飞点题型.txt_1,2026H1,2026H1,双起飞点题型,2026-05-17,河南01考场,双起飞点题型-考试条件提取.docx,2,1,1,(一),coordinate;speed_height;turn_hold_loop;geometry,"规划一个闭合六边形并不循环执行，边长为a,①②③航点 相对地面高度为b,④⑤⑥航点相对地面高度为c,水平速度为d, 垂直速度为e,转弯方式为停止转弯，各点停留时间为f;",,度,①;②;③;④;⑤;⑥,,,,,,
gcond_c18572ad4f3d,gcond_c18572ad4f3d,gctpl_e34dae5b1c20,gsec_0d604cf359ca,qbank_289f36425828,实操题库_地面站考试条件_2026H1_双起飞点题型.txt_1,2026H1,2026H1,双起飞点题型,2026-05-17,河南01考场,双起飞点题型-考试条件提取.docx,2,2,2,(二),coordinate;speed_height,"a值为400米，b值为50米，c值为60m,d值为10m/s, e值为3m/s,f值为8s。",400;50;60;10;3;8,m;m/s;s;米,,,,10m/s;3m/s,,,
gcond_838c413385ca,gcond_838c413385ca,gctpl_5053670ac2db,gsec_0d604cf359ca,qbank_289f36425828,实操题库_地面站考试条件_2026H1_双起飞点题型.txt_1,2026H1,2026H1,双起飞点题型,2026-05-17,河南01考场,双起飞点题型-考试条件提取.docx,2,3,3,一、,coordinate;takeoff_return,起飞点经纬度： N:34°50'26 E:113°15′32,34;50;26;113;15;32,°;度,起飞点,N:34°50'26;E:113°15′32,34°;113°,,,,
gcond_45d500fa3107,gcond_45d500fa3107,gctpl_3436bb3524c8,gsec_0d604cf359ca,qbank_289f36425828,实操题库_地面站考试条件_2026H1_双起飞点题型.txt_1,2026H1,2026H1,双起飞点题型,2026-05-17,河南01考场,双起飞点题型-考试条件提取.docx,2,4,4,二、,geometry;takeoff_return,起飞点到任务航 线航点5和航点6距离相 等，H到5和H到6=400 米。 起飞点在图形外侧。,5;6;5;6;400,米,起飞点;起飞点,,,,,400 米,
gcond_5ddff1e6dda3,gcond_5ddff1e6dda3,gctpl_2d3d0232a67f,gsec_0d604cf359ca,qbank_289f36425828,实操题库_地面站考试条件_2026H1_双起飞点题型.txt_1,2026H1,2026H1,双起飞点题型,2026-05-17,河南01考场,双起飞点题型-考试条件提取.docx,2,5,5,三、,takeoff_return,起飞点位于任务航 点1号点南偏东25°,1;25,°,起飞点,,25°,,,,
gcond_10cdf483dfb0,gcond_10cdf483dfb0,gctpl_9e92b1ea75bd,gsec_60a662301fc5,qbank_289f36425828,实操题库_地面站考试条件_2026H1_双起飞点题型.txt_2,2026H1,2026H1,双起飞点题型,2026-04-28,安徽01考场,双起飞点题型-考试条件提取.docx,3,1,1,(一),coordinate;speed_height;turn_hold_loop;bearing_angle;geometry,"与 的相对方位由委任代表根据 现场环境等情况进行决定。规划一个六边形并循环执行，边长为a, ①②③航点相对地面高度为b,④⑤⑥航点相对地面高度为c,水平 速度为d,垂直速度为e,转弯方式为停止转弯，各点停留时间为f;",,度,①;②;③;④;⑤;⑥,,,,,,
gcond_a0fce209b28b,gcond_a0fce209b28b,gctpl_19cb4efef6ea,gsec_60a662301fc5,qbank_289f36425828,实操题库_地面站考试条件_2026H1_双起飞点题型.txt_2,2026H1,2026H1,双起飞点题型,2026-04-28,安徽01考场,双起飞点题型-考试条件提取.docx,3,2,2,(二),coordinate;speed_height,"a值为30米，b值为35米，c值为45m,d值为3m/s, e值为3m/s,f值为5s。",30;35;45;3;3;5,m;m/s;s;米,,,,3m/s;3m/s,,,
gcond_50a1a1ef70b2,gcond_50a1a1ef70b2,gctpl_fb973416e6ae,gsec_60a662301fc5,qbank_289f36425828,实操题库_地面站考试条件_2026H1_双起飞点题型.txt_2,2026H1,2026H1,双起飞点题型,2026-04-28,安徽01考场,双起飞点题型-考试条件提取.docx,3,3,3,1、,coordinate;takeoff_return,起飞点经纬度： N:26°36'36” E:116°5636”,26;36;36;116;5636,°;度,起飞点,N:26°36'36”;E:116°5636”,26°;116°,,,,
gcond_3b5222cd8c09,gcond_3b5222cd8c09,gctpl_e278cb333787,gsec_60a662301fc5,qbank_289f36425828,实操题库_地面站考试条件_2026H1_双起飞点题型.txt_2,2026H1,2026H1,双起飞点题型,2026-04-28,安徽01考场,双起飞点题型-考试条件提取.docx,3,4,4,2、,geometry;takeoff_return,起飞点到任务航 线航点2和航点3距 离相等，H到3和H到 6=200米。 起飞点在图形外侧。,2;3;3;6;200,米,起飞点;6;起飞点,,,,,,
gcond_b9a2421da4c9,gcond_b9a2421da4c9,gctpl_59df74030338,gsec_60a662301fc5,qbank_289f36425828,实操题库_地面站考试条件_2026H1_双起飞点题型.txt_2,2026H1,2026H1,双起飞点题型,2026-04-28,安徽01考场,双起飞点题型-考试条件提取.docx,3,5,5,3、,bearing_angle;geometry;takeoff_return,任务航线2号点 位于起飞点SW方向,2,S,起飞点,,,,,,
gcond_d7a54eeb1977,gcond_d7a54eeb1977,gctpl_3a5874ca88c1,gsec_d302bfc3579b,qbank_289f36425828,实操题库_地面站考试条件_2026H1_双起飞点题型.txt_3,2026H1,2026H1,双起飞点题型,2026-04-27,浙江01考场,双起飞点题型-考试条件提取.docx,4,1,1,(一),coordinate;speed_height;turn_hold_loop;geometry,"规划一个闭合六边形并循环执行，边长为a,①②③航点 相对地面高度为b，④⑤⑥航点相对地面高度为c，水平速度为d, 垂直速度为e,转弯方式为停止转弯，各点停留时间为f；",,度,①;②;③;④;⑤;⑥,,,,,,
gcond_92a8c7cb9b99,gcond_92a8c7cb9b99,gctpl_a71c926d7805,gsec_d302bfc3579b,qbank_289f36425828,实操题库_地面站考试条件_2026H1_双起飞点题型.txt_3,2026H1,2026H1,双起飞点题型,2026-04-27,浙江01考场,双起飞点题型-考试条件提取.docx,4,2,2,(二),coordinate;speed_height,"a值为400米，b值为30米，c值为25m,d值为4m/s, e值为2m/s,f值为2s。",400;30;25;4;2;2,m;m/s;s;米,,,,4m/s;2m/s,,,
gcond_cf70a0e0e472,gcond_cf70a0e0e472,gctpl_565102a62506,gsec_d302bfc3579b,qbank_289f36425828,实操题库_地面站考试条件_2026H1_双起飞点题型.txt_3,2026H1,2026H1,双起飞点题型,2026-04-27,浙江01考场,双起飞点题型-考试条件提取.docx,4,3,3,一、,coordinate;takeoff_return,"起飞点经纬度： N:33°29'42” E:134°27′34""",33;29;42;134;27;34,°;度,起飞点,"N:33°29'42”;E:134°27′34""",33°;134°,,,,
gcond_928eca3bb436,gcond_928eca3bb436,gctpl_118c05e17b89,gsec_d302bfc3579b,qbank_289f36425828,实操题库_地面站考试条件_2026H1_双起飞点题型.txt_3,2026H1,2026H1,双起飞点题型,2026-04-27,浙江01考场,双起飞点题型-考试条件提取.docx,4,4,4,二、,geometry;takeoff_return,起飞点到任务航 线航点3和航点2距 离相等，H到2和H到 3=400米。 起飞点在图形外侧。,3;2;2;3;400,米,起飞点;3;起飞点,,,,,,
gcond_b846ad34c102,gcond_b846ad34c102,gctpl_c044ccbdf00e,gsec_d302bfc3579b,qbank_289f36425828,实操题库_地面站考试条件_2026H1_双起飞点题型.txt_3,2026H1,2026H1,双起飞点题型,2026-04-27,浙江01考场,双起飞点题型-考试条件提取.docx,4,5,5,三、,geometry;takeoff_return,任务航线1号点 位于起飞点南偏东15°,1;15,°,起飞点,,15°,,,,
gcond_d65e5a72158a,gcond_d65e5a72158a,gctpl_3a8d9cc150e0,gsec_d104c3b0ecd8,qbank_289f36425828,实操题库_地面站考试条件_2026H1_双起飞点题型.txt_4,2026H1,2026H1,双起飞点题型,2026-04-27,河南03考场,双起飞点题型-考试条件提取.docx,5,1,1,1.,other,图扫描航线如下，航线长度=800m;航线间隔为200m,800;200,m;度,,,,,800m;200m,800m;200m,
gcond_be3ae8dd65b7,gcond_be3ae8dd65b7,gctpl_d7a5db871ee5,gsec_d104c3b0ecd8,qbank_289f36425828,实操题库_地面站考试条件_2026H1_双起飞点题型.txt_4,2026H1,2026H1,双起飞点题型,2026-04-27,河南03考场,双起飞点题型-考试条件提取.docx,5,2,2,2.,speed_height,"航线高度为150m,水平速度为4ms，垂直速度为2ms",150;4;2,m;s;度,,,,4ms;2ms,150m,,
gcond_2c7b46d14f2a,gcond_2c7b46d14f2a,gctpl_daf578a79720,gsec_d104c3b0ecd8,qbank_289f36425828,实操题库_地面站考试条件_2026H1_双起飞点题型.txt_4,2026H1,2026H1,双起飞点题型,2026-04-27,河南03考场,双起飞点题型-考试条件提取.docx,5,3,3,3.,takeoff_return,起飞点位于1点的S偏W45°方向,1;45,S;°,起飞点,,45°,,,,
gcond_e0160bcafa52,gcond_e0160bcafa52,gctpl_8d23c3e5ffbb,gsec_d104c3b0ecd8,qbank_289f36425828,实操题库_地面站考试条件_2026H1_双起飞点题型.txt_4,2026H1,2026H1,双起飞点题型,2026-04-27,河南03考场,双起飞点题型-考试条件提取.docx,5,4,4,4.,takeoff_return,起飞点在2点的1600m位置,2;1600,m,起飞点,,,,,,
gcond_0ff2119badfd,gcond_0ff2119badfd,gctpl_a2449017aa61,gsec_d104c3b0ecd8,qbank_289f36425828,实操题库_地面站考试条件_2026H1_双起飞点题型.txt_4,2026H1,2026H1,双起飞点题型,2026-04-27,河南03考场,双起飞点题型-考试条件提取.docx,5,5,5,5.,coordinate;bearing_angle,1点位于2点的SE方向,1;2,S,,,,,,,
gcond_ffde7a47ccaf,gcond_ffde7a47ccaf,gctpl_958d2d3fa7eb,gsec_d104c3b0ecd8,qbank_289f36425828,实操题库_地面站考试条件_2026H1_双起飞点题型.txt_4,2026H1,2026H1,双起飞点题型,2026-04-27,河南03考场,双起飞点题型-考试条件提取.docx,5,6,6,6.,turn_hold_loop,转弯模式为：定点转弯，t=5s,5,s,,,,,,,
gcond_b53b9cde448a,gcond_b53b9cde448a,gctpl_0edd32eab3b7,gsec_d104c3b0ecd8,qbank_289f36425828,实操题库_地面站考试条件_2026H1_双起飞点题型.txt_4,2026H1,2026H1,双起飞点题型,2026-04-27,河南03考场,双起飞点题型-考试条件提取.docx,5,7,7,7.,coordinate;turn_hold_loop;geometry;takeoff_return,图形循环模式为：不循环不闭合 8起飞点经纬度坐标为：N32.5077°，E80.0877°,8;32.5077;80.0877,°;度,起飞点,N32.5077;E80.0877,32.5077°;80.0877°,,,,
gcond_4d8f844a7072,gcond_4d8f844a7072,gctpl_a504fd71071f,gsec_753acde97f60,qbank_289f36425828,实操题库_地面站考试条件_2026H1_双起飞点题型.txt_5,2026H1,2026H1,双起飞点题型,2026-04-27,贵州01考场,双起飞点题型-考试条件提取.docx,6,1,1,(一),coordinate;speed_height;turn_hold_loop;geometry,"规划一个闭合不循环正六边形航线，边长为a,①②③航 点相对地面高度为b，④⑤⑥航点相对地面高度为c，水平速度为d, 垂直速度为e,转弯方式为停止转弯，各点停留时间为f;",,度,①;②;③;④;⑤;⑥,,,,,,
gcond_fe9da3c561ad,gcond_fe9da3c561ad,gctpl_d7eaf440dbc8,gsec_753acde97f60,qbank_289f36425828,实操题库_地面站考试条件_2026H1_双起飞点题型.txt_5,2026H1,2026H1,双起飞点题型,2026-04-27,贵州01考场,双起飞点题型-考试条件提取.docx,6,2,2,(二),coordinate;speed_height,"a值为300米，b值为30米，c值为25m,d值为4m/s, e值为2m/s,f值为2s。",300;30;25;4;2;2,m;m/s;s;米,,,,4m/s;2m/s,,,
gcond_6245cff57eb7,gcond_6245cff57eb7,gctpl_6e28e2cb9217,gsec_753acde97f60,qbank_289f36425828,实操题库_地面站考试条件_2026H1_双起飞点题型.txt_5,2026H1,2026H1,双起飞点题型,2026-04-27,贵州01考场,双起飞点题型-考试条件提取.docx,6,3,3,一、,coordinate;takeoff_return,"起飞点经纬度： 3 5 N:21°31'32"" E:117°16'14""",3;5;21;31;32;117;16;14,°;度,起飞点;3;5,"N:21°31'32"";E:117°16'14""",21°;117°,,,,
gcond_bd93a7975609,gcond_bd93a7975609,gctpl_9f72486311c9,gsec_753acde97f60,qbank_289f36425828,实操题库_地面站考试条件_2026H1_双起飞点题型.txt_5,2026H1,2026H1,双起飞点题型,2026-04-27,贵州01考场,双起飞点题型-考试条件提取.docx,6,4,4,二、,geometry;takeoff_return,起飞点到任务航 线航点1和航点2距 离相等，H到1和H到 2=300米。 起飞点在图形外侧。,1;2;1;2;300,米,起飞点;2;起飞点,,,,,,
gcond_2433baf41cc8,gcond_2433baf41cc8,gctpl_b6eebbc6480a,gsec_753acde97f60,qbank_289f36425828,实操题库_地面站考试条件_2026H1_双起飞点题型.txt_5,2026H1,2026H1,双起飞点题型,2026-04-27,贵州01考场,双起飞点题型-考试条件提取.docx,6,5,5,三、,geometry;takeoff_return,任务航线1号点 位于起飞点东偏南15°,1;15,°,起飞点,,15°,,,,
gcond_7ec462dd2b94,gcond_7ec462dd2b94,gctpl_611512d066ac,gsec_bb64a4b823b2,qbank_289f36425828,实操题库_地面站考试条件_2026H1_双起飞点题型.txt_6,2026H1,2026H1,双起飞点题型,2026-04-23,江西02考场,双起飞点题型-考试条件提取.docx,7,1,1,(一),coordinate;speed_height;turn_hold_loop;geometry,"规划一个闭合六边形并循环执行，闭合点高度与①号点保 持一致，边长为，①②③航点相对地面高度为b,④⑤⑥航点相对 地面高度为c,水平速度为d,垂直速度为e,转弯方式为停止转弯， 各点停留时间为f;",,度,①;①;②;③;④;⑤;⑥,,,,,,
gcond_796242bf3459,gcond_796242bf3459,gctpl_c6f9664a5d5c,gsec_bb64a4b823b2,qbank_289f36425828,实操题库_地面站考试条件_2026H1_双起飞点题型.txt_6,2026H1,2026H1,双起飞点题型,2026-04-23,江西02考场,双起飞点题型-考试条件提取.docx,7,2,2,(二),coordinate;speed_height,"a值为150米，b值为50米，c值为30m,d值为4m/s, e值为2m/s,f值为2s。",150;50;30;4;2;2,m;m/s;s;米,,,,4m/s;2m/s,,,
gcond_910de879a27e,gcond_910de879a27e,gctpl_560ea1266fb8,gsec_bb64a4b823b2,qbank_289f36425828,实操题库_地面站考试条件_2026H1_双起飞点题型.txt_6,2026H1,2026H1,双起飞点题型,2026-04-23,江西02考场,双起飞点题型-考试条件提取.docx,7,3,3,一、,coordinate;takeoff_return,"起飞点经纬度： N:22°31'32” E:114°16'02""",22;31;32;114;16;02,°;度,起飞点,"N:22°31'32”;E:114°16'02""",22°;114°,,,,
gcond_f2154ab152a9,gcond_f2154ab152a9,gctpl_9415c223adbb,gsec_bb64a4b823b2,qbank_289f36425828,实操题库_地面站考试条件_2026H1_双起飞点题型.txt_6,2026H1,2026H1,双起飞点题型,2026-04-23,江西02考场,双起飞点题型-考试条件提取.docx,7,4,4,二、,geometry;takeoff_return,起飞点到任务航 线航点5和航点6距离 相等，H到5和H到 6=150米。 起飞点在图形外侧。,5;6;5;6;150,米,起飞点;6;起飞点,,,,,150米,
gcond_c3c2cb439070,gcond_c3c2cb439070,gctpl_70ae93836a87,gsec_bb64a4b823b2,qbank_289f36425828,实操题库_地面站考试条件_2026H1_双起飞点题型.txt_6,2026H1,2026H1,双起飞点题型,2026-04-23,江西02考场,双起飞点题型-考试条件提取.docx,7,5,5,三、,geometry,任务航线4号点 位于3号点东偏南26°,4;3;26,°,,,26°,,,,
gcond_827546aebc75,gcond_827546aebc75,gctpl_3a5874ca88c1,gsec_65f90325c151,qbank_289f36425828,实操题库_地面站考试条件_2026H1_双起飞点题型.txt_7,2026H1,2026H1,双起飞点题型,2026-04-25,河北04考场,双起飞点题型-考试条件提取.docx,8,1,1,(一),coordinate;speed_height;turn_hold_loop;geometry,"规划一个闭合六边形并循环执行，边长为a,①②③航点 相对地面高度为b,④⑤⑥航点相对地面高度为c,水平速度为d, 垂直速度为e,转弯方式为停止转弯，各点停留时间为f；",,度,①;②;③;④;⑤;⑥,,,,,,
gcond_365a6ad91ac7,gcond_365a6ad91ac7,gctpl_960db856eccd,gsec_65f90325c151,qbank_289f36425828,实操题库_地面站考试条件_2026H1_双起飞点题型.txt_7,2026H1,2026H1,双起飞点题型,2026-04-25,河北04考场,双起飞点题型-考试条件提取.docx,8,2,2,(二),coordinate;speed_height,"a值为350米，b值为30米，c值为20m,d值为4m/s, e值为2m/s,f值为2s。",350;30;20;4;2;2,m;m/s;s;米,,,,4m/s;2m/s,,,
gcond_00bbbbc1b2bf,gcond_00bbbbc1b2bf,gctpl_309618efd048,gsec_65f90325c151,qbank_289f36425828,实操题库_地面站考试条件_2026H1_双起飞点题型.txt_7,2026H1,2026H1,双起飞点题型,2026-04-25,河北04考场,双起飞点题型-考试条件提取.docx,8,3,3,一、,coordinate;takeoff_return,起飞点经纬度： N:30.405° E:114.5075°,30.405;114.5075,°;度,起飞点,N:30.405;E:114.5075,30.405°;114.5075°,,,,
gcond_bb528e79c290,gcond_bb528e79c290,gctpl_afe5e48ec157,gsec_65f90325c151,qbank_289f36425828,实操题库_地面站考试条件_2026H1_双起飞点题型.txt_7,2026H1,2026H1,双起飞点题型,2026-04-25,河北04考场,双起飞点题型-考试条件提取.docx,8,4,4,二、,geometry;takeoff_return,起飞点到任务航 线航点5和航点6距 离相等，H到5和H到 6=350米。 起飞点在图形外侧。,5;6;5;6;350,米,起飞点;6;起飞点,,,,,,
gcond_16fe3ed8bc90,gcond_16fe3ed8bc90,gctpl_c044ccbdf00e,gsec_65f90325c151,qbank_289f36425828,实操题库_地面站考试条件_2026H1_双起飞点题型.txt_7,2026H1,2026H1,双起飞点题型,2026-04-25,河北04考场,双起飞点题型-考试条件提取.docx,8,5,5,三、,geometry;takeoff_return,任务航线1号点 位于起飞点南偏东15°,1;15,°,起飞点,,15°,,,,
gcond_3910b42c6907,gcond_3910b42c6907,gctpl_fba5331ca026,gsec_35db8108a6ad,qbank_289f36425828,实操题库_地面站考试条件_2026H1_双起飞点题型.txt_8,2026H1,2026H1,双起飞点题型,2026-04-21,山西01考场,双起飞点题型-考试条件提取.docx,9,1,1,(一),coordinate;speed_height;turn_hold_loop;bearing_angle;geometry,"与 的相对方位由委任代表根据现场环境等 情况进行决定。规划一个五边形并循环执行，①②边及②③边的边长为a, ∠②=∠④=∠①为90°，航线相对地面高度为，水平速度为c,垂直速度为d, 转弯模式为停止转弯，各点停留时间为e;",90,°;度,①;②;②;③;②;④;①,,90°,,,,
gcond_eb308457b8e9,gcond_eb308457b8e9,gctpl_9cb928ca6e6c,gsec_35db8108a6ad,qbank_289f36425828,实操题库_地面站考试条件_2026H1_双起飞点题型.txt_8,2026H1,2026H1,双起飞点题型,2026-04-21,山西01考场,双起飞点题型-考试条件提取.docx,9,2,2,(二),coordinate;speed_height,"a值建议为50米，b值建议为50米，c值建议为3m/s,d值建议 为2m/s,e值建议为10s。",50;50;3;2;10,m/s;s;米,,,,3m/s;2m/s,,,
gcond_77619a74c03e,gcond_77619a74c03e,gctpl_86a6f7518b2f,gsec_35db8108a6ad,qbank_289f36425828,实操题库_地面站考试条件_2026H1_双起飞点题型.txt_8,2026H1,2026H1,双起飞点题型,2026-04-21,山西01考场,双起飞点题型-考试条件提取.docx,9,3,3,1、,coordinate;geometry,"图形1号点经纬度： N:26°18'45.12"" E:103°56'32.18",1;26;18;45.12;103;56;32.18,°;度,,N:26°18'45;E:103°56'32,26°;103°,,,,
gcond_11a3d4771f04,gcond_11a3d4771f04,gctpl_5104870c73b7,gsec_35db8108a6ad,qbank_289f36425828,实操题库_地面站考试条件_2026H1_双起飞点题型.txt_8,2026H1,2026H1,双起飞点题型,2026-04-21,山西01考场,双起飞点题型-考试条件提取.docx,9,4,4,2、,geometry;takeoff_return,起飞点到1点和起飞 点到2点长度一致为50 米，但航线不与图形交 叉,1;2;50,度;米,起飞点,,,,50 米,50 米,
gcond_d9fcc49a5f4b,gcond_d9fcc49a5f4b,gctpl_ea6f08043ce3,gsec_35db8108a6ad,qbank_289f36425828,实操题库_地面站考试条件_2026H1_双起飞点题型.txt_8,2026H1,2026H1,双起飞点题型,2026-04-21,山西01考场,双起飞点题型-考试条件提取.docx,9,5,5,3、,other,3-2为南偏东30°方 向,3;2;30,°,3,,30°,,,,
gcond_7ddff2f6abc8,gcond_7ddff2f6abc8,gctpl_2a9f9de767f0,gsec_82ca6a5b4504,qbank_289f36425828,实操题库_地面站考试条件_2026H1_双起飞点题型.txt_9,2026H1,2026H1,双起飞点题型,2026-04-21,广东01考场,双起飞点题型-考试条件提取.docx,10,1,1,(一),coordinate;speed_height;turn_hold_loop;geometry,"规划一个闭合六边形并循环执行，闭合点高度与①号点保 持一致，边长为a，①②③航点相对地面高度为b,④⑤⑥航点相对 地面高度为c，水平速度为d，垂直速度为e,转弯方式为停止转弯， 各点停留时间为f;",,度,①;①;②;③;④;⑤;⑥,,,,,,
gcond_e1e9a4d975fa,gcond_e1e9a4d975fa,gctpl_d7eaf440dbc8,gsec_82ca6a5b4504,qbank_289f36425828,实操题库_地面站考试条件_2026H1_双起飞点题型.txt_9,2026H1,2026H1,双起飞点题型,2026-04-21,广东01考场,双起飞点题型-考试条件提取.docx,10,2,2,(二),coordinate;speed_height,"a值为300米，b值为30米，c值为25m,d值为4m/s, e值为2m/s,f值为2s。",300;30;25;4;2;2,m;m/s;s;米,,,,4m/s;2m/s,,,
gcond_37999297e49f,gcond_37999297e49f,gctpl_fb3118870eb6,gsec_82ca6a5b4504,qbank_289f36425828,实操题库_地面站考试条件_2026H1_双起飞点题型.txt_9,2026H1,2026H1,双起飞点题型,2026-04-21,广东01考场,双起飞点题型-考试条件提取.docx,10,3,3,一、,coordinate;takeoff_return,"起飞点经纬度： N:22°31'32"" E:114°16′02”",22;31;32;114;16;02,°;度,起飞点,"N:22°31'32"";E:114°16′02”",22°;114°,,,,
gcond_0da75ec26cce,gcond_0da75ec26cce,gctpl_3e3cc67a0641,gsec_82ca6a5b4504,qbank_289f36425828,实操题库_地面站考试条件_2026H1_双起飞点题型.txt_9,2026H1,2026H1,双起飞点题型,2026-04-21,广东01考场,双起飞点题型-考试条件提取.docx,10,4,4,二、,geometry;takeoff_return,起飞点到任务航 线航点3和航点2距 离相等，H到2和H到 3=300米。起飞点在图形外侧。,3;2;2;3;300,米,起飞点;3;起飞点,,,,,,
gcond_55fb4c4d8de1,gcond_55fb4c4d8de1,gctpl_c044ccbdf00e,gsec_82ca6a5b4504,qbank_289f36425828,实操题库_地面站考试条件_2026H1_双起飞点题型.txt_9,2026H1,2026H1,双起飞点题型,2026-04-21,广东01考场,双起飞点题型-考试条件提取.docx,10,5,5,三、,geometry;takeoff_return,任务航线1号点 位于起飞点南偏东15 °,1;15,°,起飞点,,15 °,,,,
gcond_0dba2698e961,gcond_0dba2698e961,gctpl_1584e88d54ae,gsec_8a0ab6572987,qbank_289f36425828,实操题库_地面站考试条件_2026H1_双起飞点题型.txt_10,2026H1,2026H1,双起飞点题型,2026-04-20,山东04考场,双起飞点题型-考试条件提取.docx,11,1,1,(一),coordinate;speed_height;turn_hold_loop;geometry,"规划一个闭合正六边形并循环执行，边长为a,①②③航 点相对地面高度为b,④⑤⑥航点相对地面高度为c，水平速度为d, 垂直速度为e,转弯方式为停止转弯，各点停留时间为f；",,度,①;②;③;④;⑤;⑥,,,,,,
gcond_cfec57ac5579,gcond_cfec57ac5579,gctpl_b42640ffb2ce,gsec_8a0ab6572987,qbank_289f36425828,实操题库_地面站考试条件_2026H1_双起飞点题型.txt_10,2026H1,2026H1,双起飞点题型,2026-04-20,山东04考场,双起飞点题型-考试条件提取.docx,11,2,2,(二),coordinate;speed_height,"a值为200米，b值为30米，c值为26m,d值为8m/s, e值为3m/s,f值为7s。",200;30;26;8;3;7,m;m/s;s;米,,,,8m/s;3m/s,,,
gcond_3b016caef497,gcond_3b016caef497,gctpl_37c6875a8d06,gsec_8a0ab6572987,qbank_289f36425828,实操题库_地面站考试条件_2026H1_双起飞点题型.txt_10,2026H1,2026H1,双起飞点题型,2026-04-20,山东04考场,双起飞点题型-考试条件提取.docx,11,3,3,一、,coordinate;takeoff_return,"起飞点经纬度： 3 5 N:24°35′28” E:119°06′14""",3;5;24;35;28;119;06;14,°;度,起飞点;3;5,"N:24°35′28”;E:119°06′14""",24°;119°,,,,
gcond_341b104cdf5f,gcond_341b104cdf5f,gctpl_a0a1b7c3a798,gsec_8a0ab6572987,qbank_289f36425828,实操题库_地面站考试条件_2026H1_双起飞点题型.txt_10,2026H1,2026H1,双起飞点题型,2026-04-20,山东04考场,双起飞点题型-考试条件提取.docx,11,4,4,二、,geometry;takeoff_return,起飞点到任务航 线航点1和航点2距 离相等，H到3和H到 6=200米。 起飞点在图形内侧。,1;2;3;6;200,米,起飞点;6;起飞点,,,,,,
gcond_c6586f359d6f,gcond_c6586f359d6f,gctpl_f96a1741a64d,gsec_8a0ab6572987,qbank_289f36425828,实操题库_地面站考试条件_2026H1_双起飞点题型.txt_10,2026H1,2026H1,双起飞点题型,2026-04-20,山东04考场,双起飞点题型-考试条件提取.docx,11,5,5,三、,geometry;takeoff_return,任务航线1号点 位于起飞点西偏南25°,1;25,°,起飞点,,25°,,,,
gcond_d14c9721204e,gcond_d14c9721204e,gctpl_d2dca4c1e8c2,gsec_fa5b2c1d0bad,qbank_289f36425828,实操题库_地面站考试条件_2026H1_双起飞点题型.txt_11,2026H1,2026H1,双起飞点题型,2026-04-17,河南01考场,双起飞点题型-考试条件提取.docx,12,1,1,(一),coordinate;speed_height;turn_hold_loop;geometry,"规划一个闭合正六边形并循环执行，边长为a,①②③航 点相对地面高度为b，④⑤⑥航点相对地面高度为c，水平速度为d, 垂直速度为e,转弯方式为协调转弯；",,度,①;②;③;④;⑤;⑥,,,,,,
gcond_5cdee3e1961f,gcond_5cdee3e1961f,gctpl_40a473888044,gsec_fa5b2c1d0bad,qbank_289f36425828,实操题库_地面站考试条件_2026H1_双起飞点题型.txt_11,2026H1,2026H1,双起飞点题型,2026-04-17,河南01考场,双起飞点题型-考试条件提取.docx,12,2,2,(二),coordinate;speed_height,"a值为300米，b值为30米，c值为26m,d值为6m/s, e值为3m/s。",300;30;26;6;3,m;m/s;米,,,,6m/s;3m/s,,,
gcond_f98e731fa709,gcond_f98e731fa709,gctpl_7b7ff34cd79b,gsec_fa5b2c1d0bad,qbank_289f36425828,实操题库_地面站考试条件_2026H1_双起飞点题型.txt_11,2026H1,2026H1,双起飞点题型,2026-04-17,河南01考场,双起飞点题型-考试条件提取.docx,12,3,3,一、,coordinate;takeoff_return,"起飞点经纬度： N:20°31'26 E:119°10'12""",20;31;26;119;10;12,°;度,起飞点,"N:20°31'26;E:119°10'12""",20°;119°,,,,
gcond_1151d234f2b8,gcond_1151d234f2b8,gctpl_ca7c4294f100,gsec_fa5b2c1d0bad,qbank_289f36425828,实操题库_地面站考试条件_2026H1_双起飞点题型.txt_11,2026H1,2026H1,双起飞点题型,2026-04-17,河南01考场,双起飞点题型-考试条件提取.docx,12,4,4,二、,geometry;takeoff_return,起飞点到任务航 线航点1和航点2距 离相等，H到3和H到 6=300米。 起飞点在图形内侧。,1;2;3;6;300,米,起飞点;6;起飞点,,,,,,
gcond_49cb4684fd56,gcond_49cb4684fd56,gctpl_aea1deccbf22,gsec_fa5b2c1d0bad,qbank_289f36425828,实操题库_地面站考试条件_2026H1_双起飞点题型.txt_11,2026H1,2026H1,双起飞点题型,2026-04-17,河南01考场,双起飞点题型-考试条件提取.docx,12,5,5,三、,geometry;takeoff_return,任务航线1号点 位于起飞点西偏南15°,1;15,°,起飞点,,15°,,,,
gcond_1ca0dc911e74,gcond_1ca0dc911e74,gctpl_a5897704705c,gsec_acd599bc19f1,qbank_289f36425828,实操题库_地面站考试条件_2026H1_双起飞点题型.txt_12,2026H1,2026H1,双起飞点题型,2026-04-15,上海01考场,双起飞点题型-考试条件提取.docx,13,1,1,(一),coordinate;speed_height;turn_hold_loop;geometry,"按图规划一个闭合的任务航线并循环执行，①③、②③、 ②④、①④边长为300米，①点相对地面高度为a,②点相对地面高 度为b,③点相对地面高度为c,④点相对地面高度为d,水平速度 为e，垂直速度为f，转弯模式为停止转弯，停留时间2s;",300;2,s;度;米,①;③;②;③;②;④;①;④;①;②;③;④,,,,300米,300米,
gcond_30dd8648d899,gcond_30dd8648d899,gctpl_ef11846ede82,gsec_acd599bc19f1,qbank_289f36425828,实操题库_地面站考试条件_2026H1_双起飞点题型.txt_12,2026H1,2026H1,双起飞点题型,2026-04-15,上海01考场,双起飞点题型-考试条件提取.docx,13,2,2,(二),coordinate;speed_height,"a值为20米，b值为25米，c值为30m,d值为20m, e值为2m/s,f值为2m/s。",20;25;30;20;2;2,m;m/s;米,,,,2m/s;2m/s,,,
gcond_33da8e5e1389,gcond_33da8e5e1389,gctpl_f2947471298b,gsec_acd599bc19f1,qbank_289f36425828,实操题库_地面站考试条件_2026H1_双起飞点题型.txt_12,2026H1,2026H1,双起飞点题型,2026-04-15,上海01考场,双起飞点题型-考试条件提取.docx,13,3,3,一、,coordinate;takeoff_return,起飞点经纬度： N:28°31'32” E:115°16'02”,28;31;32;115;16;02,°;度,起飞点,N:28°31'32”;E:115°16'02”,28°;115°,,,,
gcond_9276ce6780d8,gcond_9276ce6780d8,gctpl_03b36a7e7e50,gsec_acd599bc19f1,qbank_289f36425828,实操题库_地面站考试条件_2026H1_双起飞点题型.txt_12,2026H1,2026H1,双起飞点题型,2026-04-15,上海01考场,双起飞点题型-考试条件提取.docx,13,4,4,二、,geometry;takeoff_return,起飞点到任务航线 航点1和航点2距离相等， H到1和H到2=300米。 起飞点不与3点重合。,1;2;1;2;300;3,米,起飞点;起飞点,,,,,300米,
gcond_e400a2b1576e,gcond_e400a2b1576e,gctpl_04422e33564e,gsec_acd599bc19f1,qbank_289f36425828,实操题库_地面站考试条件_2026H1_双起飞点题型.txt_12,2026H1,2026H1,双起飞点题型,2026-04-15,上海01考场,双起飞点题型-考试条件提取.docx,13,5,5,三、,geometry;takeoff_return,任务航线3号点位于 起飞点南偏东20°,3;20,°,起飞点,,20°,,,,
gcond_3759383cb8d2,gcond_3759383cb8d2,gctpl_3a5874ca88c1,gsec_78500652eadb,qbank_289f36425828,实操题库_地面站考试条件_2026H1_双起飞点题型.txt_13,2026H1,2026H1,双起飞点题型,2026-04-15,上海01考场,双起飞点题型-考试条件提取.docx,14,1,1,(一),coordinate;speed_height;turn_hold_loop;geometry,"规划一个闭合六边形并循环执行，边长为a，①②③航点 相对地面高度为b,④⑤⑥航点相对地面高度为c,水平速度为d, 垂直速度为e,转弯方式为停止转弯，各点停留时间为f；",,度,①;②;③;④;⑤;⑥,,,,,,
gcond_58d1ea015b89,gcond_58d1ea015b89,gctpl_d7eaf440dbc8,gsec_78500652eadb,qbank_289f36425828,实操题库_地面站考试条件_2026H1_双起飞点题型.txt_13,2026H1,2026H1,双起飞点题型,2026-04-15,上海01考场,双起飞点题型-考试条件提取.docx,14,2,2,(二),coordinate;speed_height,"a值为300米，b值为30米，c值为25m,d值为4m/s, e值为2m/s,f值为2s。",300;30;25;4;2;2,m;m/s;s;米,,,,4m/s;2m/s,,,
gcond_0e4bd8552256,gcond_0e4bd8552256,gctpl_dc230c7a36d7,gsec_78500652eadb,qbank_289f36425828,实操题库_地面站考试条件_2026H1_双起飞点题型.txt_13,2026H1,2026H1,双起飞点题型,2026-04-15,上海01考场,双起飞点题型-考试条件提取.docx,14,3,3,一、,coordinate;takeoff_return,"起飞点经纬度： N:28°31'32"" E:115°16'02”",28;31;32;115;16;02,°;度,起飞点,"N:28°31'32"";E:115°16'02”",28°;115°,,,,
gcond_2374b0b88f08,gcond_2374b0b88f08,gctpl_9f72486311c9,gsec_78500652eadb,qbank_289f36425828,实操题库_地面站考试条件_2026H1_双起飞点题型.txt_13,2026H1,2026H1,双起飞点题型,2026-04-15,上海01考场,双起飞点题型-考试条件提取.docx,14,4,4,二、,geometry;takeoff_return,起飞点到任务航线 航点1和航点2距离相 等，H到1和H到2=300 米。 起飞点在图形外侧。,1;2;1;2;300,米,起飞点;起飞点,,,,,300 米,
gcond_424d2d9a1edd,gcond_424d2d9a1edd,gctpl_3250b7b0b3fc,gsec_78500652eadb,qbank_289f36425828,实操题库_地面站考试条件_2026H1_双起飞点题型.txt_13,2026H1,2026H1,双起飞点题型,2026-04-15,上海01考场,双起飞点题型-考试条件提取.docx,14,5,5,三、,geometry;takeoff_return,任务航线3号点位 于起飞点南偏东35°,3;35,°,起飞点,,35°,,,,
gcond_6e24c92de964,gcond_6e24c92de964,gctpl_a5897704705c,gsec_aa24f64a2bb7,qbank_289f36425828,实操题库_地面站考试条件_2026H1_双起飞点题型.txt_14,2026H1,2026H1,双起飞点题型,2026-04-13,山东02考场,双起飞点题型-考试条件提取.docx,15,1,1,(一),coordinate;speed_height;turn_hold_loop;geometry,"按图规划一个闭合的任务航线并循环执行，①③、②③、 ②④、①④边长为300米，①点相对地面高度为a,②点相对地面高 度为b,③点相对地面高度为c,④点相对地面高度为d,水平速度 为e，垂直速度为f，转弯模式为停止转弯，停留时间2s;",300;2,s;度;米,①;③;②;③;②;④;①;④;①;②;③;④,,,,300米,300米,
gcond_f569b038bcd9,gcond_f569b038bcd9,gctpl_ef11846ede82,gsec_aa24f64a2bb7,qbank_289f36425828,实操题库_地面站考试条件_2026H1_双起飞点题型.txt_14,2026H1,2026H1,双起飞点题型,2026-04-13,山东02考场,双起飞点题型-考试条件提取.docx,15,2,2,(二),coordinate;speed_height,"a值为20米，b值为25米，c值为30m,d值为20m, e值为2m/s,f值为2m/s。",20;25;30;20;2;2,m;m/s;米,,,,2m/s;2m/s,,,
gcond_beb886119fdb,gcond_beb886119fdb,gctpl_569e366d7df2,gsec_aa24f64a2bb7,qbank_289f36425828,实操题库_地面站考试条件_2026H1_双起飞点题型.txt_14,2026H1,2026H1,双起飞点题型,2026-04-13,山东02考场,双起飞点题型-考试条件提取.docx,15,3,3,一、,coordinate;takeoff_return,"起飞点经纬度： N:28°31'32"" E:115°16'02""",28;31;32;115;16;02,°;度,起飞点,"N:28°31'32"";E:115°16'02""",28°;115°,,,,
gcond_e4ea38b3a48f,gcond_e4ea38b3a48f,gctpl_03b36a7e7e50,gsec_aa24f64a2bb7,qbank_289f36425828,实操题库_地面站考试条件_2026H1_双起飞点题型.txt_14,2026H1,2026H1,双起飞点题型,2026-04-13,山东02考场,双起飞点题型-考试条件提取.docx,15,4,4,二、,geometry;takeoff_return,起飞点到任务航 线航点1和航点2距 离相等，H到1和H到 2=300米。 起飞点不与3点重合。,1;2;1;2;300;3,米,起飞点;2;起飞点,,,,,,
gcond_1e1d6559a34a,gcond_1e1d6559a34a,gctpl_00aaa427800c,gsec_aa24f64a2bb7,qbank_289f36425828,实操题库_地面站考试条件_2026H1_双起飞点题型.txt_14,2026H1,2026H1,双起飞点题型,2026-04-13,山东02考场,双起飞点题型-考试条件提取.docx,15,5,5,三、,geometry;takeoff_return,任务航线3号点 位于起飞点南偏东,3,,起飞点,,,,,,
gcond_c86276def2bb,gcond_c86276def2bb,gctpl_3a5874ca88c1,gsec_516ecb2180c2,qbank_289f36425828,实操题库_地面站考试条件_2026H1_双起飞点题型.txt_15,2026H1,2026H1,双起飞点题型,2026-04-13,山东02考场,双起飞点题型-考试条件提取.docx,16,1,1,(一),coordinate;speed_height;turn_hold_loop;geometry,"规划一个闭合六边形并循环执行，边长为a，①②③航点 相对地面高度为b,④⑤⑥航点相对地面高度为c，水平速度为d, 垂直速度为e,转弯方式为停止转弯，各点停留时间为f;",,度,①;②;③;④;⑤;⑥,,,,,,
gcond_61a2cfd7cca9,gcond_61a2cfd7cca9,gctpl_d7eaf440dbc8,gsec_516ecb2180c2,qbank_289f36425828,实操题库_地面站考试条件_2026H1_双起飞点题型.txt_15,2026H1,2026H1,双起飞点题型,2026-04-13,山东02考场,双起飞点题型-考试条件提取.docx,16,2,2,(二),coordinate;speed_height,"a值为300米，b值为30米，c值为25m,d值为4m/s, e值为2m/s,f值为2s。",300;30;25;4;2;2,m;m/s;s;米,,,,4m/s;2m/s,,,
gcond_3570bfe11e84,gcond_3570bfe11e84,gctpl_b2ac9979d27c,gsec_516ecb2180c2,qbank_289f36425828,实操题库_地面站考试条件_2026H1_双起飞点题型.txt_15,2026H1,2026H1,双起飞点题型,2026-04-13,山东02考场,双起飞点题型-考试条件提取.docx,16,3,3,一、,coordinate;takeoff_return,"起飞点经纬度： N:28°31'32” 5 E:115°16'02""",28;31;32;5;115;16;02,°;度,起飞点;5,"N:28°31'32”;E:115°16'02""",28°;115°,,,,
gcond_ec1851d836ae,gcond_ec1851d836ae,gctpl_9f72486311c9,gsec_516ecb2180c2,qbank_289f36425828,实操题库_地面站考试条件_2026H1_双起飞点题型.txt_15,2026H1,2026H1,双起飞点题型,2026-04-13,山东02考场,双起飞点题型-考试条件提取.docx,16,4,4,二、,geometry;takeoff_return,起飞点到任务航 线航点1和航点2距 离相等，H到1和H到 2=300米。 起飞点在图形外侧。,1;2;1;2;300,米,起飞点;2;起飞点,,,,,,
gcond_f0fa6d998b5d,gcond_f0fa6d998b5d,gctpl_e2841cd78e1f,gsec_516ecb2180c2,qbank_289f36425828,实操题库_地面站考试条件_2026H1_双起飞点题型.txt_15,2026H1,2026H1,双起飞点题型,2026-04-13,山东02考场,双起飞点题型-考试条件提取.docx,16,5,5,三、,geometry;takeoff_return,任务航线3号点 位于起飞点南偏东15°,3;15,°,起飞点,,15°,,,,
gcond_cb6264156c25,gcond_cb6264156c25,gctpl_590edeaf57b4,gsec_3e3272ed1daf,qbank_289f36425828,实操题库_地面站考试条件_2026H1_双起飞点题型.txt_16,2026H1,2026H1,双起飞点题型,2026-04-05,江苏03考场,双起飞点题型-考试条件提取.docx,17,1,1,(一),coordinate;speed_height;turn_hold_loop;bearing_angle;geometry;takeoff_return,"与 的相对方位由委任代表根据 现场环境等情况进行决定。于起飞点前规划一个六边形并循环执行， 边长为a，①②③航点相对地面高度为b,④⑤⑥航点相对地面高度 为c,水平速度为d,垂直速度为e,转弯方式为停止转弯，各点停 留时间为f;",,度,起飞点;①;②;③;④;⑤;⑥,,,,,,
gcond_fe245fab3d55,gcond_fe245fab3d55,gctpl_e180ab384b2a,gsec_3e3272ed1daf,qbank_289f36425828,实操题库_地面站考试条件_2026H1_双起飞点题型.txt_16,2026H1,2026H1,双起飞点题型,2026-04-05,江苏03考场,双起飞点题型-考试条件提取.docx,17,2,2,(二),coordinate;speed_height;bearing_angle,"a值为建议300米，b值建议为30米，c值建议为25m, d值建议为4m/s,e值建议为2m/s,f值建议为2s。(航线方位及 各数值可由变任代表按实际情况进行调整，考题以委任代表规定数值 为准)",300;30;25;4;2;2,m;m/s;s;米,,,,4m/s;2m/s,,,
gcond_0f2ff200459a,gcond_0f2ff200459a,gctpl_5e013c5e0c65,gsec_3e3272ed1daf,qbank_289f36425828,实操题库_地面站考试条件_2026H1_双起飞点题型.txt_16,2026H1,2026H1,双起飞点题型,2026-04-05,江苏03考场,双起飞点题型-考试条件提取.docx,17,3,3,一、,coordinate;takeoff_return,"起飞点经纬度： N:28°31'32"" E:115°16′02”",28;31;32;115;16;02,°;度,起飞点,"N:28°31'32"";E:115°16′02”",28°;115°,,,,
gcond_ff6f89de53d5,gcond_ff6f89de53d5,gctpl_9f72486311c9,gsec_3e3272ed1daf,qbank_289f36425828,实操题库_地面站考试条件_2026H1_双起飞点题型.txt_16,2026H1,2026H1,双起飞点题型,2026-04-05,江苏03考场,双起飞点题型-考试条件提取.docx,17,4,4,二、,geometry;takeoff_return,起飞点到任务航 线航点1和航点2距离 相等，H到1和H到2 =300米。 起飞点在图形外侧。,1;2;1;2;300,米,起飞点;起飞点,,,,,300米,
gcond_7d6c0bdde04c,gcond_7d6c0bdde04c,gctpl_c044ccbdf00e,gsec_3e3272ed1daf,qbank_289f36425828,实操题库_地面站考试条件_2026H1_双起飞点题型.txt_16,2026H1,2026H1,双起飞点题型,2026-04-05,江苏03考场,双起飞点题型-考试条件提取.docx,17,5,5,三、,geometry;takeoff_return,任务航线1号点 位于起飞点南偏东 15°,1;15,°,起飞点,,15°,,,,
gcond_2c0bba751c6c,gcond_2c0bba751c6c,gctpl_9e92b1ea75bd,gsec_30257b847e83,qbank_289f36425828,实操题库_地面站考试条件_2026H1_双起飞点题型.txt_17,2026H1,2026H1,双起飞点题型,2026-03-10,四川01考场,双起飞点题型-考试条件提取.docx,18,1,1,(一),coordinate;speed_height;turn_hold_loop;bearing_angle;geometry,"与 的相对方位由委任代表根据 现场环境等情况进行决定。规划一个六边形并循环执行，边长为a, ①②③航点相对地面高度为b，④⑤⑥航点相对地面高度为c,水平 速度为d，垂直速度为e，转弯方式为停止转弯，各点停留时间为f；",,度,①;②;③;④;⑤;⑥,,,,,,
gcond_53c35ba52706,gcond_53c35ba52706,gctpl_5007938eb425,gsec_30257b847e83,qbank_289f36425828,实操题库_地面站考试条件_2026H1_双起飞点题型.txt_17,2026H1,2026H1,双起飞点题型,2026-03-10,四川01考场,双起飞点题型-考试条件提取.docx,18,2,2,(二),coordinate;speed_height,"a值为30米，b值为30米，c值为25m,d值为4m/s, e值为2m/s,f值为2s。",30;30;25;4;2;2,m;m/s;s;米,,,,4m/s;2m/s,,,
gcond_ea59a784198f,gcond_ea59a784198f,gctpl_ac33d28e1564,gsec_30257b847e83,qbank_289f36425828,实操题库_地面站考试条件_2026H1_双起飞点题型.txt_17,2026H1,2026H1,双起飞点题型,2026-03-10,四川01考场,双起飞点题型-考试条件提取.docx,18,3,3,1、,coordinate;takeoff_return,"起飞点经纬度： N:28°39′30” E:115°56′32""",28;39;30;115;56;32,°;度,起飞点,"N:28°39′30”;E:115°56′32""",28°;115°,,,,
gcond_69fb92eda493,gcond_69fb92eda493,gctpl_570b432ff77e,gsec_30257b847e83,qbank_289f36425828,实操题库_地面站考试条件_2026H1_双起飞点题型.txt_17,2026H1,2026H1,双起飞点题型,2026-03-10,四川01考场,双起飞点题型-考试条件提取.docx,18,4,4,2、,geometry;takeoff_return,起飞点到任务航 线航点5和航点6距 离相等，H-5和 H-6=30米。 起飞点在图形内侧。,5;6;5;6;30,米,起飞点;6;起飞点,,,,,,
gcond_3b9dafccd1d6,gcond_3b9dafccd1d6,gctpl_2253d77393da,gsec_30257b847e83,qbank_289f36425828,实操题库_地面站考试条件_2026H1_双起飞点题型.txt_17,2026H1,2026H1,双起飞点题型,2026-03-10,四川01考场,双起飞点题型-考试条件提取.docx,18,5,5,3、,bearing_angle;geometry;takeoff_return,任务航线1号点位 于起飞点W方位。,1,,起飞点,,,,,,
gcond_95a9b064c4d9,gcond_95a9b064c4d9,gctpl_9e92b1ea75bd,gsec_0bcc5707f2aa,qbank_289f36425828,实操题库_地面站考试条件_2026H1_双起飞点题型.txt_18,2026H1,2026H1,双起飞点题型,2026-03-12,山东05考场,双起飞点题型-考试条件提取.docx,19,1,1,(一),coordinate;speed_height;turn_hold_loop;bearing_angle;geometry,"与 的相对方位由委任代表根据 现场环境等情况进行决定。规划一个六边形并循环执行，边长为a， ①②③航点相对地面高度为b,④⑤⑥航点相对地面高度为c，水平 速度为d,垂直速度为e,转弯方式为停止转弯，各点停留时间为f;",,度,①;②;③;④;⑤;⑥,,,,,,
gcond_9a8c9258434a,gcond_9a8c9258434a,gctpl_5007938eb425,gsec_0bcc5707f2aa,qbank_289f36425828,实操题库_地面站考试条件_2026H1_双起飞点题型.txt_18,2026H1,2026H1,双起飞点题型,2026-03-12,山东05考场,双起飞点题型-考试条件提取.docx,19,2,2,(二),coordinate;speed_height,"a值为30米，b值为30米，c值为25m,d值为4m/s, e值为2m/s,f值为2s。",30;30;25;4;2;2,m;m/s;s;米,,,,4m/s;2m/s,,,
gcond_43806392c912,gcond_43806392c912,gctpl_bb748c845c4d,gsec_0bcc5707f2aa,qbank_289f36425828,实操题库_地面站考试条件_2026H1_双起飞点题型.txt_18,2026H1,2026H1,双起飞点题型,2026-03-12,山东05考场,双起飞点题型-考试条件提取.docx,19,3,3,1、,coordinate;geometry;takeoff_return,"起飞点经纬度： N:28°39'30"" 任务航线示意图： 3 5 E:115°56'32""",28;39;30;3;5;115;56;32,°;度,起飞点;3;5,"N:28°39'30"";E:115°56'32""",28°;115°,,,,
gcond_6d19b7569146,gcond_6d19b7569146,gctpl_c628d563bf58,gsec_0bcc5707f2aa,qbank_289f36425828,实操题库_地面站考试条件_2026H1_双起飞点题型.txt_18,2026H1,2026H1,双起飞点题型,2026-03-12,山东05考场,双起飞点题型-考试条件提取.docx,19,4,4,2、,geometry;takeoff_return,起飞点到任务航 线航点5和航点6距 离相等，H-5和H- 6=30米。 起飞点再图形内侧。,5;6;5;6;30,米,起飞点;6;起飞点,,,,,,
gcond_6934b3c3f342,gcond_6934b3c3f342,gctpl_2253d77393da,gsec_0bcc5707f2aa,qbank_289f36425828,实操题库_地面站考试条件_2026H1_双起飞点题型.txt_18,2026H1,2026H1,双起飞点题型,2026-03-12,山东05考场,双起飞点题型-考试条件提取.docx,19,5,5,3、,bearing_angle;geometry;takeoff_return,任务航线1号点 位于起飞点W方位。,1,,起飞点,,,,,,
gcond_a7d018c3db3f,gcond_a7d018c3db3f,gctpl_3a5874ca88c1,gsec_a661c2d45f85,qbank_289f36425828,实操题库_地面站考试条件_2026H1_双起飞点题型.txt_19,2026H1,2026H1,双起飞点题型,2026-03-21,广东01考场,双起飞点题型-考试条件提取.docx,20,1,1,(一),coordinate;speed_height;turn_hold_loop;geometry,"规划一个闭合六边形并循环执行，边长为a,①②③航点 相对地面高度为b,④⑤⑥航点相对地面高度为c,水平速度为d, 垂直速度为e,转弯方式为停止转弯，各点停留时间为f;",,度,①;②;③;④;⑤;⑥,,,,,,
gcond_4c2292dfe775,gcond_4c2292dfe775,gctpl_5007938eb425,gsec_a661c2d45f85,qbank_289f36425828,实操题库_地面站考试条件_2026H1_双起飞点题型.txt_19,2026H1,2026H1,双起飞点题型,2026-03-21,广东01考场,双起飞点题型-考试条件提取.docx,20,2,2,(二),coordinate;speed_height,"a值为30米，b值为30米，c值为25m,d值为4m/s, e值为2m/s,f值为2s。",30;30;25;4;2;2,m;m/s;s;米,,,,4m/s;2m/s,,,
gcond_f714ef3d009b,gcond_f714ef3d009b,gctpl_645ee44db9cc,gsec_a661c2d45f85,qbank_289f36425828,实操题库_地面站考试条件_2026H1_双起飞点题型.txt_19,2026H1,2026H1,双起飞点题型,2026-03-21,广东01考场,双起飞点题型-考试条件提取.docx,20,3,3,1、,coordinate;takeoff_return,起飞点经纬度： N:28°31'32” N:28°31'32”,28;31;32;28;31;32,°;度,起飞点,N:28°31'32”;N:28°31'32”,28°;28°,,,,
gcond_e85fe63f34ee,gcond_e85fe63f34ee,gctpl_ace1811bbaad,gsec_a661c2d45f85,qbank_289f36425828,实操题库_地面站考试条件_2026H1_双起飞点题型.txt_19,2026H1,2026H1,双起飞点题型,2026-03-21,广东01考场,双起飞点题型-考试条件提取.docx,20,4,4,2、,geometry;takeoff_return,起飞点到任务航点5和航点6距 离相等，H-1和H- 6=30米。 起飞点在图形内侧。,5;6;1;6;30,米,起飞点;6;起飞点,,,,,,
gcond_84cfb37661b8,gcond_84cfb37661b8,gctpl_7486c369836f,gsec_a661c2d45f85,qbank_289f36425828,实操题库_地面站考试条件_2026H1_双起飞点题型.txt_19,2026H1,2026H1,双起飞点题型,2026-03-21,广东01考场,双起飞点题型-考试条件提取.docx,20,5,5,3、,bearing_angle;geometry;takeoff_return,任务航线1号点 位于起飞点S方位。,1,S,起飞点,,,,,,
gcond_00a4035f671c,gcond_00a4035f671c,gctpl_3a5874ca88c1,gsec_490af50cadcd,qbank_289f36425828,实操题库_地面站考试条件_2026H1_双起飞点题型.txt_20,2026H1,2026H1,双起飞点题型,2026-03-28,安徽01考场,双起飞点题型-考试条件提取.docx,21,1,1,(一),coordinate;speed_height;turn_hold_loop;geometry,"规划一个闭合六边形并循环执行，边长为a,①②③航点 相对地面高度为b，④⑤⑥航点相对地面高度为c，水平速度为d, 垂直速度为e，转弯方式为停止转弯，各点停留时间为f;",,度,①;②;③;④;⑤;⑥,,,,,,
gcond_df5bcb856e23,gcond_df5bcb856e23,gctpl_4d12cd8bf918,gsec_490af50cadcd,qbank_289f36425828,实操题库_地面站考试条件_2026H1_双起飞点题型.txt_20,2026H1,2026H1,双起飞点题型,2026-03-28,安徽01考场,双起飞点题型-考试条件提取.docx,21,2,2,(二),coordinate;speed_height,"a值为300米，b值为30米，c值为25m,d值为4m/s, e值为2m/s,f值为2s",300;30;25;4;2;2,m;m/s;s;米,,,,4m/s;2m/s,,,
gcond_bdfb78002f34,gcond_bdfb78002f34,gctpl_dc230c7a36d7,gsec_490af50cadcd,qbank_289f36425828,实操题库_地面站考试条件_2026H1_双起飞点题型.txt_20,2026H1,2026H1,双起飞点题型,2026-03-28,安徽01考场,双起飞点题型-考试条件提取.docx,21,3,3,一、,coordinate;takeoff_return,"起飞点经纬度： N:28°31'32"" E:115°16'02”",28;31;32;115;16;02,°;度,起飞点,"N:28°31'32"";E:115°16'02”",28°;115°,,,,
gcond_f820519706d0,gcond_f820519706d0,gctpl_8e00bb939d05,gsec_490af50cadcd,qbank_289f36425828,实操题库_地面站考试条件_2026H1_双起飞点题型.txt_20,2026H1,2026H1,双起飞点题型,2026-03-28,安徽01考场,双起飞点题型-考试条件提取.docx,21,4,4,二、,geometry;takeoff_return,起飞点到任务航 线航点2和航点3距 离相等，H到2和H到 3=300米。 起飞点在图形外。,2;3;2;3;300,米,起飞点;3;起飞点,,,,,,
gcond_3d5c7cd6fc3a,gcond_3d5c7cd6fc3a,gctpl_c044ccbdf00e,gsec_490af50cadcd,qbank_289f36425828,实操题库_地面站考试条件_2026H1_双起飞点题型.txt_20,2026H1,2026H1,双起飞点题型,2026-03-28,安徽01考场,双起飞点题型-考试条件提取.docx,21,5,5,3、,geometry;takeoff_return,任务航线1号点 位于起飞点南偏东15°,1;15,°,起飞点,,15°,,,,
gcond_90e8157ef41d,gcond_90e8157ef41d,gctpl_9fb7798370e6,gsec_c7a47a515d18,qbank_289f36425828,实操题库_地面站考试条件_2026H1_双起飞点题型.txt_21,2026H1,2026H1,双起飞点题型,2026-03-28,福建02考场,双起飞点题型-考试条件提取.docx,22,1,1,(一),speed_height;turn_hold_loop;bearing_angle;geometry;takeoff_return,与 的相对方位由委任代表根据 现场环境等情况进行决定。于起飞点前规划一个等边三角形并循环执 行，边长为a，航线相对地面高度为b，转弯方式为停止转弯，停 留时间不作要求；,,度,起飞点,,,,,,
gcond_0eeeb2fe5f32,gcond_0eeeb2fe5f32,gctpl_75783575b479,gsec_c7a47a515d18,qbank_289f36425828,实操题库_地面站考试条件_2026H1_双起飞点题型.txt_21,2026H1,2026H1,双起飞点题型,2026-03-28,福建02考场,双起飞点题型-考试条件提取.docx,22,2,2,(二),bearing_angle,a值为30米，b值为30米。（航线方位及各数值可由 委任代表按实际情况进行调整，考题以委任代表规定数值为准),30;30,米,,,,,30米;30米,,
gcond_9e1673331682,gcond_9e1673331682,gctpl_cfba9d43a1f7,gsec_c7a47a515d18,qbank_289f36425828,实操题库_地面站考试条件_2026H1_双起飞点题型.txt_21,2026H1,2026H1,双起飞点题型,2026-03-28,福建02考场,双起飞点题型-考试条件提取.docx,22,3,3,1、,coordinate,②点坐标： E:112°42'36” N:25°12'18”,112;42;36;25;12;18,°,②,E:112°42'36”;N:25°12'18”,112°;25°,,,,
gcond_ebb8b24dca04,gcond_ebb8b24dca04,gctpl_0cd60efcab52,gsec_c7a47a515d18,qbank_289f36425828,实操题库_地面站考试条件_2026H1_双起飞点题型.txt_21,2026H1,2026H1,双起飞点题型,2026-03-28,福建02考场,双起飞点题型-考试条件提取.docx,22,4,4,2、,bearing_angle,H到①点距离50米 H-②点航向于②-①点 航向相反,50,米,①;②;②;①,,,,,50米,
gcond_3ec70c18b9e2,gcond_3ec70c18b9e2,gctpl_e2aa2bed87ca,gsec_c7a47a515d18,qbank_289f36425828,实操题库_地面站考试条件_2026H1_双起飞点题型.txt_21,2026H1,2026H1,双起飞点题型,2026-03-28,福建02考场,双起飞点题型-考试条件提取.docx,22,5,5,3、,other,②点位于H西偏北30°,30,°,②,,30°,,,,
gcond_ad4898291aca,gcond_ad4898291aca,gctpl_590edeaf57b4,gsec_b866f8dcf192,qbank_289f36425828,实操题库_地面站考试条件_2026H1_双起飞点题型.txt_22,2026H1,2026H1,双起飞点题型,2026-03-27,湖南03考场,双起飞点题型-考试条件提取.docx,23,1,1,(一),coordinate;speed_height;turn_hold_loop;bearing_angle;geometry;takeoff_return,"与 的相对方位由委任代表根据 现场环境等情况进行决定。于起飞点前规划一个六边形并循环执行， 边长为a，①②③航点相对地面高度为b,④⑤⑥航点相对地面高度 为c,水平速度为d,垂直速度为e,转弯方式为停止转弯，各点停 留时间为f;",,度,起飞点;①;②;③;④;⑤;⑥,,,,,,
gcond_e9e3fb10bec9,gcond_e9e3fb10bec9,gctpl_df06c55890ac,gsec_b866f8dcf192,qbank_289f36425828,实操题库_地面站考试条件_2026H1_双起飞点题型.txt_22,2026H1,2026H1,双起飞点题型,2026-03-27,湖南03考场,双起飞点题型-考试条件提取.docx,23,2,2,(二),coordinate;speed_height;bearing_angle,"a值为建议30米（误差≤±3米），b值建议为25米， c值建议为30m,d值建议为2m/s,e值建议为1m/s,f值建议为 2s。 (航线方位及各数值可由变任代表按实际情况进行调整，考题以 委任代表规定数值为准) 者官签字： 时间：",30;3;25;30;2;1;2,m;m/s;s;米,,,,2m/s;1m/s,,,
gcond_382df4aad485,gcond_382df4aad485,gctpl_c7fd90976ee4,gsec_b866f8dcf192,qbank_289f36425828,实操题库_地面站考试条件_2026H1_双起飞点题型.txt_22,2026H1,2026H1,双起飞点题型,2026-03-27,湖南03考场,双起飞点题型-考试条件提取.docx,23,3,3,1、,coordinate;takeoff_return,"起飞点经纬度： 3 E:113°12'17” N:27°46′20""",3;113;12;17;27;46;20,°;度,起飞点;3,"E:113°12'17”;N:27°46′20""",113°;27°,,,,
gcond_487763bf4e5a,gcond_487763bf4e5a,gctpl_270e8a5daa27,gsec_b866f8dcf192,qbank_289f36425828,实操题库_地面站考试条件_2026H1_双起飞点题型.txt_22,2026H1,2026H1,双起飞点题型,2026-03-27,湖南03考场,双起飞点题型-考试条件提取.docx,23,4,4,2、,geometry;takeoff_return,起飞点距离①、②点均为30m 起飞点在图形外侧,30,m,起飞点;①;②;起飞点,,,,,30m,
gcond_a51e929ee7ce,gcond_a51e929ee7ce,gctpl_17cc05b958cb,gsec_b866f8dcf192,qbank_289f36425828,实操题库_地面站考试条件_2026H1_双起飞点题型.txt_22,2026H1,2026H1,双起飞点题型,2026-03-27,湖南03考场,双起飞点题型-考试条件提取.docx,23,5,5,3、,coordinate;bearing_angle;takeoff_return,起飞点位于①点SE方向,,S,起飞点;①,,,,,,
gcond_9cd472ae9771,gcond_9cd472ae9771,gctpl_590edeaf57b4,gsec_016d3582dfe5,qbank_289f36425828,实操题库_地面站考试条件_2026H1_双起飞点题型.txt_23,2026H1,2026H1,双起飞点题型,2026-03-26,湖南02考场,双起飞点题型-考试条件提取.docx,24,1,1,(一),coordinate;speed_height;turn_hold_loop;bearing_angle;geometry;takeoff_return,"与 的相对方位由委任代表根据 现场环境等情况进行决定。于起飞点前规划一个六边形并循环执行，边 长为a,①②③航点相对地面高度为b,④⑤⑥航点相对地面高度为c, 水平速度为d，垂直速度为e，转弯方式为停止转弯，各点停留时间 为f;",,度,起飞点;①;②;③;④;⑤;⑥,,,,,,
gcond_fb972d106cb6,gcond_fb972d106cb6,gctpl_092420c8db83,gsec_016d3582dfe5,qbank_289f36425828,实操题库_地面站考试条件_2026H1_双起飞点题型.txt_23,2026H1,2026H1,双起飞点题型,2026-03-26,湖南02考场,双起飞点题型-考试条件提取.docx,24,2,2,(二),coordinate;speed_height;bearing_angle,"a值为建议30米（误差≤±3米），b值建议为25米， c值建议为30m,d值建议为2m/s,e值建议为1m/s,f值建议为 2s。(航线方位及各数值可由变任代表按实际情况进行调整，考题以委 任代表规定数值为准)",30;3;25;30;2;1;2,m;m/s;s;米,,,,2m/s;1m/s,,,
gcond_2791ded08529,gcond_2791ded08529,gctpl_3c019df597ee,gsec_016d3582dfe5,qbank_289f36425828,实操题库_地面站考试条件_2026H1_双起飞点题型.txt_23,2026H1,2026H1,双起飞点题型,2026-03-26,湖南02考场,双起飞点题型-考试条件提取.docx,24,3,3,一：,coordinate;takeoff_return,起飞点经纬度： E:113°12'17” N:27°46'20”,113;12;17;27;46;20,°;度,起飞点,E:113°12'17”;N:27°46'20”,113°;27°,,,,
gcond_838c43611aea,gcond_838c43611aea,gctpl_2c63957d7de5,gsec_016d3582dfe5,qbank_289f36425828,实操题库_地面站考试条件_2026H1_双起飞点题型.txt_23,2026H1,2026H1,双起飞点题型,2026-03-26,湖南02考场,双起飞点题型-考试条件提取.docx,24,4,4,二：,geometry;takeoff_return,H到①、②点均为30m 起飞点在图形外侧,30,m,①;②;起飞点,,,,,,
gcond_d24eaf0ab937,gcond_d24eaf0ab937,gctpl_17cc05b958cb,gsec_016d3582dfe5,qbank_289f36425828,实操题库_地面站考试条件_2026H1_双起飞点题型.txt_23,2026H1,2026H1,双起飞点题型,2026-03-26,湖南02考场,双起飞点题型-考试条件提取.docx,24,5,5,三：,coordinate;bearing_angle;takeoff_return,起飞点位于①点SE方向,,S,起飞点;①,,,,,,
gcond_292476c8694b,gcond_292476c8694b,gctpl_43a387db2c44,gsec_fbcc0bef9c10,qbank_289f36425828,实操题库_地面站考试条件_2026H1_双起飞点题型.txt_24,2026H1,2026H1,双起飞点题型,2026-03-26,湖南02考场,双起飞点题型-考试条件提取.docx,25,1,1,(一),speed_height;turn_hold_loop;bearing_angle;geometry,"与 的相对方位由委任代表根据现场 环境等情况进行决定。于起飞前规划一个等腰直角三角形并循环执行， ①②边长为a1,①③边长为a2,∠①为直角，航线相对地面高度b, 水平速度为c，垂直速度为d，转弯方式为停止转弯，停留时间不作要 求；",1;2,度,①;②;①;③;①,,,,,,
gcond_c82918f83d87,gcond_c82918f83d87,gctpl_167159c678a0,gsec_fbcc0bef9c10,qbank_289f36425828,实操题库_地面站考试条件_2026H1_双起飞点题型.txt_24,2026H1,2026H1,双起飞点题型,2026-03-26,湖南02考场,双起飞点题型-考试条件提取.docx,25,2,2,(二),speed_height;bearing_angle,"a1、a2值建议为30米，b值建议为30米，c值建议为3m/s, d值建议为1m/s。(航线方位及各数值可由委任代表按实际情况进行调 整，考题以委任代表规定数值为准)",1;2;30;30;3;1,m/s;米,,,,3m/s;1m/s,,,
gcond_e30d2a61a22b,gcond_e30d2a61a22b,gctpl_61450db584cc,gsec_fbcc0bef9c10,qbank_289f36425828,实操题库_地面站考试条件_2026H1_双起飞点题型.txt_24,2026H1,2026H1,双起飞点题型,2026-03-26,湖南02考场,双起飞点题型-考试条件提取.docx,25,3,3,一：,coordinate;geometry,①号点经纬度： 任务航线示意图： E:113°12'17” N:27°46′20”,113;12;17;27;46;20,°;度,①,E:113°12'17”;N:27°46′20”,113°;27°,,,,
gcond_dbdf94e6efe8,gcond_dbdf94e6efe8,gctpl_8d2ba3caa7b1,gsec_fbcc0bef9c10,qbank_289f36425828,实操题库_地面站考试条件_2026H1_双起飞点题型.txt_24,2026H1,2026H1,双起飞点题型,2026-03-26,湖南02考场,双起飞点题型-考试条件提取.docx,25,4,4,二：,geometry;takeoff_return,H到①、③点均为30m 起飞点在图形外侧,30,m,①;③;起飞点,,,,,,
gcond_8e6e8f80a852,gcond_8e6e8f80a852,gctpl_da7e93e2104a,gsec_fbcc0bef9c10,qbank_289f36425828,实操题库_地面站考试条件_2026H1_双起飞点题型.txt_24,2026H1,2026H1,双起飞点题型,2026-03-26,湖南02考场,双起飞点题型-考试条件提取.docx,25,5,5,三：,other,②点位于①点南偏东30°,30,°,②;①,,30°,,,,
gcond_ecc543c0ff66,gcond_ecc543c0ff66,gctpl_9e92b1ea75bd,gsec_32ca7b7fcee9,qbank_289f36425828,实操题库_地面站考试条件_2026H1_双起飞点题型.txt_25,2026H1,2026H1,双起飞点题型,2026-03-25,重庆02考场,双起飞点题型-考试条件提取.docx,26,1,1,(一),coordinate;speed_height;turn_hold_loop;bearing_angle;geometry,"与 的相对方位由委任代表根据 现场环境等情况进行决定。规划一个六边形并循环执行，边长为a, ①②③航点相对地面高度为b，④⑤⑥航点相对地面高度为c，水平 速度为d,垂直速度为e,转弯方式为停止转弯，各点停留时间为f;",,度,①;②;③;④;⑤;⑥,,,,,,
gcond_bc9fa07a0f67,gcond_bc9fa07a0f67,gctpl_4c1b758ef726,gsec_32ca7b7fcee9,qbank_289f36425828,实操题库_地面站考试条件_2026H1_双起飞点题型.txt_25,2026H1,2026H1,双起飞点题型,2026-03-25,重庆02考场,双起飞点题型-考试条件提取.docx,26,2,2,(二),coordinate;speed_height,"a值为30米，b值为30米，c值为25m,d值为4m/s, e值为2m/s,f值为2so",30;30;25;4;2;2,m;m/s;s;米,,,,4m/s;2m/s,,,
gcond_7a4832bd8317,gcond_7a4832bd8317,gctpl_5b2ca12606ff,gsec_32ca7b7fcee9,qbank_289f36425828,实操题库_地面站考试条件_2026H1_双起飞点题型.txt_25,2026H1,2026H1,双起飞点题型,2026-03-25,重庆02考场,双起飞点题型-考试条件提取.docx,26,3,3,1、,coordinate;takeoff_return,"起飞点经纬度： N:32°26'59"" E:126°59′44""",32;26;59;126;59;44,°;度,起飞点,"N:32°26'59"";E:126°59′44""",32°;126°,,,,
gcond_4caeb552520e,gcond_4caeb552520e,gctpl_08f9c91a0160,gsec_32ca7b7fcee9,qbank_289f36425828,实操题库_地面站考试条件_2026H1_双起飞点题型.txt_25,2026H1,2026H1,双起飞点题型,2026-03-25,重庆02考场,双起飞点题型-考试条件提取.docx,26,4,4,2、,geometry;takeoff_return,起飞点到任务航 0 线航点5和航点6距 离相等，H-5和H- 6=30米。 起飞点在图形外侧。,0;5;6;5;6;30,米,起飞点;6;起飞点,,,,,,
gcond_06ff3dc08685,gcond_06ff3dc08685,gctpl_6ec91c2a96ba,gsec_32ca7b7fcee9,qbank_289f36425828,实操题库_地面站考试条件_2026H1_双起飞点题型.txt_25,2026H1,2026H1,双起飞点题型,2026-03-25,重庆02考场,双起飞点题型-考试条件提取.docx,26,5,5,3、,coordinate;bearing_angle;geometry;takeoff_return,任务航线1号点 位于起飞点SE方位。,1,S,起飞点,,,,,,
gcond_9bf09462603e,gcond_9bf09462603e,gctpl_3a5874ca88c1,gsec_e83ad3028058,qbank_289f36425828,实操题库_地面站考试条件_2026H1_双起飞点题型.txt_26,2026H1,2026H1,双起飞点题型,2026-03-23,江西02考场,双起飞点题型-考试条件提取.docx,27,1,1,(一),coordinate;speed_height;turn_hold_loop;geometry,"规划一个闭合六边形并循环执行，边长为a,①②③航点 相对地面高度为b，④⑤⑥航点相对地面高度为c,水平速度为d, 垂直速度为e,转弯方式为停止转弯，各点停留时间为f;",,度,①;②;③;④;⑤;⑥,,,,,,
gcond_10f23fb6b617,gcond_10f23fb6b617,gctpl_d7eaf440dbc8,gsec_e83ad3028058,qbank_289f36425828,实操题库_地面站考试条件_2026H1_双起飞点题型.txt_26,2026H1,2026H1,双起飞点题型,2026-03-23,江西02考场,双起飞点题型-考试条件提取.docx,27,2,2,(二),coordinate;speed_height,"a值为300米，b值为30米，c值为25m,d值为4m/s, e值为2m/s,f值为2s。",300;30;25;4;2;2,m;m/s;s;米,,,,4m/s;2m/s,,,
gcond_d40b1fb14898,gcond_d40b1fb14898,gctpl_a955541be04f,gsec_e83ad3028058,qbank_289f36425828,实操题库_地面站考试条件_2026H1_双起飞点题型.txt_26,2026H1,2026H1,双起飞点题型,2026-03-23,江西02考场,双起飞点题型-考试条件提取.docx,27,3,3,1、,coordinate;takeoff_return,起飞点经纬度： N:28°31'32” 3 5 E:115°16'02”,28;31;32;3;5;115;16;02,°;度,起飞点;3;5,N:28°31'32”;E:115°16'02”,28°;115°,,,,
gcond_21d0cd843c92,gcond_21d0cd843c92,gctpl_c74cc529efbb,gsec_e83ad3028058,qbank_289f36425828,实操题库_地面站考试条件_2026H1_双起飞点题型.txt_26,2026H1,2026H1,双起飞点题型,2026-03-23,江西02考场,双起飞点题型-考试条件提取.docx,27,4,4,2、,geometry;takeoff_return,起飞点到任务航 6 线航点1和航点2距 离相等，H-1和H- 2=300米。 起飞点在图形外。,6;1;2;1;2;300,米,起飞点;6;2;起飞点,,,,,,
gcond_ffa25bd78931,gcond_ffa25bd78931,gctpl_5ea1109d4347,gsec_e83ad3028058,qbank_289f36425828,实操题库_地面站考试条件_2026H1_双起飞点题型.txt_26,2026H1,2026H1,双起飞点题型,2026-03-23,江西02考场,双起飞点题型-考试条件提取.docx,27,5,5,3、,coordinate;bearing_angle;geometry;takeoff_return,任务航线2号点 位于起飞点SE方位。,2,S,起飞点,,,,,,
gcond_a13f31dffe6d,gcond_a13f31dffe6d,gctpl_9e92b1ea75bd,gsec_99e7f9c897ea,qbank_289f36425828,实操题库_地面站考试条件_2026H1_双起飞点题型.txt_27,2026H1,2026H1,双起飞点题型,2026-04-12,山东05考场,双起飞点题型-考试条件提取.docx,28,1,1,(一),coordinate;speed_height;turn_hold_loop;bearing_angle;geometry,"与 的相对方位由委任代表根据 现场环境等情况进行决定。规划一个六边形并循环执行，边长为a, ①②③航点相对地面高度为b,④⑤⑥航点相对地面高度为c，水平 速度为d,垂直速度为e,转弯方式为停止转弯，各点停留时间为f；",,度,①;②;③;④;⑤;⑥,,,,,,
gcond_adcd747035cb,gcond_adcd747035cb,gctpl_5007938eb425,gsec_99e7f9c897ea,qbank_289f36425828,实操题库_地面站考试条件_2026H1_双起飞点题型.txt_27,2026H1,2026H1,双起飞点题型,2026-04-12,山东05考场,双起飞点题型-考试条件提取.docx,28,2,2,(二),coordinate;speed_height,"a值为30米，b值为30米，c值为25m,d值为4m/s, e值为2m/s,f值为2s。",30;30;25;4;2;2,m;m/s;s;米,,,,4m/s;2m/s,,,
gcond_75b43443b979,gcond_75b43443b979,gctpl_eba32b07f6d9,gsec_99e7f9c897ea,qbank_289f36425828,实操题库_地面站考试条件_2026H1_双起飞点题型.txt_27,2026H1,2026H1,双起飞点题型,2026-04-12,山东05考场,双起飞点题型-考试条件提取.docx,28,3,3,1、,coordinate;takeoff_return,"起飞点经纬度： N:27°46'19” E:123°12′17""",27;46;19;123;12;17,°;度,起飞点,"N:27°46'19”;E:123°12′17""",27°;123°,,,,
gcond_e47790cd1109,gcond_e47790cd1109,gctpl_6bfea8ec3d34,gsec_99e7f9c897ea,qbank_289f36425828,实操题库_地面站考试条件_2026H1_双起飞点题型.txt_27,2026H1,2026H1,双起飞点题型,2026-04-12,山东05考场,双起飞点题型-考试条件提取.docx,28,4,4,2、,other,H-4=15米,4;15,米,4,,,,,,
gcond_44d8ad0b0148,gcond_44d8ad0b0148,gctpl_19c63cc4ee5e,gsec_99e7f9c897ea,qbank_289f36425828,实操题库_地面站考试条件_2026H1_双起飞点题型.txt_27,2026H1,2026H1,双起飞点题型,2026-04-12,山东05考场,双起飞点题型-考试条件提取.docx,28,5,5,3、,other,H-5=225° 3-2=315°,5;225;3;2;315,°,5;3;2,,225°;315°,,,,
gcond_5f71e31a5e53,gcond_5f71e31a5e53,gctpl_3a5874ca88c1,gsec_996cb890137f,qbank_289f36425828,实操题库_地面站考试条件_2026H1_双起飞点题型.txt_28,2026H1,2026H1,双起飞点题型,2026-04-10,湖北04考场,双起飞点题型-考试条件提取.docx,29,1,1,(一),coordinate;speed_height;turn_hold_loop;geometry,"规划一个闭合六边形并循环执行，边长为a,①②③航点 相对地面高度为b，④⑤⑥航点相对地面高度为c，水平速度为d, 垂直速度为e,转弯方式为停止转弯，各点停留时间为f;",,度,①;②;③;④;⑤;⑥,,,,,,
gcond_e60ac41c242b,gcond_e60ac41c242b,gctpl_d7eaf440dbc8,gsec_996cb890137f,qbank_289f36425828,实操题库_地面站考试条件_2026H1_双起飞点题型.txt_28,2026H1,2026H1,双起飞点题型,2026-04-10,湖北04考场,双起飞点题型-考试条件提取.docx,29,2,2,(二),coordinate;speed_height,"a值为300米，b值为30米，c值为25m,d值为4m/s, e值为2m/s,f值为2s。",300;30;25;4;2;2,m;m/s;s;米,,,,4m/s;2m/s,,,
gcond_d0cf29123fac,gcond_d0cf29123fac,gctpl_85689bc3aade,gsec_996cb890137f,qbank_289f36425828,实操题库_地面站考试条件_2026H1_双起飞点题型.txt_28,2026H1,2026H1,双起飞点题型,2026-04-10,湖北04考场,双起飞点题型-考试条件提取.docx,29,3,3,一、,coordinate;takeoff_return,"起飞点经纬度： 3 5 N:28°09'30"" E:115°1632""",3;5;28;09;30;115;1632,°;度,起飞点;3;5,"N:28°09'30"";E:115°1632""",28°;115°,,,,
gcond_3d4dcb31350d,gcond_3d4dcb31350d,gctpl_10248df78db6,gsec_996cb890137f,qbank_289f36425828,实操题库_地面站考试条件_2026H1_双起飞点题型.txt_28,2026H1,2026H1,双起飞点题型,2026-04-10,湖北04考场,双起飞点题型-考试条件提取.docx,29,4,4,二、,geometry;takeoff_return,起飞点到任务航 线航点5和航点6距 离相等，H到5和H到 6=300米。 起飞点在图形外侧。,5;6;5;6;300,米,起飞点;6;起飞点,,,,,,
gcond_844193263afa,gcond_844193263afa,gctpl_c044ccbdf00e,gsec_996cb890137f,qbank_289f36425828,实操题库_地面站考试条件_2026H1_双起飞点题型.txt_28,2026H1,2026H1,双起飞点题型,2026-04-10,湖北04考场,双起飞点题型-考试条件提取.docx,29,5,5,三、,geometry;takeoff_return,任务航线1号点 位于起飞点南偏东15°,1;15,°,起飞点,,15°,,,,
gcond_85122672e3da,gcond_85122672e3da,gctpl_3a5874ca88c1,gsec_80df0d5dda73,qbank_289f36425828,实操题库_地面站考试条件_2026H1_双起飞点题型.txt_29,2026H1,2026H1,双起飞点题型,2026-04-08,广东02考场,双起飞点题型-考试条件提取.docx,30,1,1,(一),coordinate;speed_height;turn_hold_loop;geometry,"规划一个闭合六边形并循环执行，边长为a,①②③航点 相对地面高度为b，④⑤⑥航点相对地面高度为c,水平速度为d, 垂直速度为e,转弯方式为停止转弯，各点停留时间为f；",,度,①;②;③;④;⑤;⑥,,,,,,
gcond_30c4a4714e74,gcond_30c4a4714e74,gctpl_1827289cca3b,gsec_80df0d5dda73,qbank_289f36425828,实操题库_地面站考试条件_2026H1_双起飞点题型.txt_29,2026H1,2026H1,双起飞点题型,2026-04-08,广东02考场,双起飞点题型-考试条件提取.docx,30,2,2,(二),coordinate;speed_height,"a值为300米，b值为30米，c值为25m,d值为4m/s, e值为2m/s,f值为2s。 击n老佳。 品十 兰吉言农与。",300;30;25;4;2;2,m;m/s;s;米,,,,4m/s;2m/s,,,
gcond_0466e49c7603,gcond_0466e49c7603,gctpl_c7891723afbe,gsec_80df0d5dda73,qbank_289f36425828,实操题库_地面站考试条件_2026H1_双起飞点题型.txt_29,2026H1,2026H1,双起飞点题型,2026-04-08,广东02考场,双起飞点题型-考试条件提取.docx,30,3,3,一、,coordinate;takeoff_return,"起飞点经纬度： 3 N:28°31'32” E:115°1602""",3;28;31;32;115;1602,°;度,起飞点;3,"N:28°31'32”;E:115°1602""",28°;115°,,,,
gcond_2f397bf008c8,gcond_2f397bf008c8,gctpl_10248df78db6,gsec_80df0d5dda73,qbank_289f36425828,实操题库_地面站考试条件_2026H1_双起飞点题型.txt_29,2026H1,2026H1,双起飞点题型,2026-04-08,广东02考场,双起飞点题型-考试条件提取.docx,30,4,4,二、,geometry;takeoff_return,起飞点到任务航 线航点5和航点6距 离相等，H到5和H到 6=300米。 起飞点在图形外侧。,5;6;5;6;300,米,起飞点;6;起飞点,,,,,,
gcond_3a0101ae28f1,gcond_3a0101ae28f1,gctpl_c044ccbdf00e,gsec_80df0d5dda73,qbank_289f36425828,实操题库_地面站考试条件_2026H1_双起飞点题型.txt_29,2026H1,2026H1,双起飞点题型,2026-04-08,广东02考场,双起飞点题型-考试条件提取.docx,30,5,5,三、,geometry;takeoff_return,任务航线1号点 位于起飞点南偏东15°,1;15,°,起飞点,,15°,,,,
gcond_c39a4672932e,gcond_c39a4672932e,gctpl_9e92b1ea75bd,gsec_e66154766a19,qbank_289f36425828,实操题库_地面站考试条件_2026H1_双起飞点题型.txt_30,2026H1,2026H1,双起飞点题型,2026-04-08,吉林01考场,双起飞点题型-考试条件提取.docx,31,1,1,(一),coordinate;speed_height;turn_hold_loop;bearing_angle;geometry,"与 的相对方位由委任代表根据 现场环境等情况进行决定。规划一个六边形并循环执行，边长为a, ①②③航点相对地面高度为b,④⑤⑥航点相对地面高度为c,水平 速度为d,垂直速度为e,转弯方式为停止转弯，各点停留时间为f;",,度,①;②;③;④;⑤;⑥,,,,,,
gcond_0799de63a110,gcond_0799de63a110,gctpl_5007938eb425,gsec_e66154766a19,qbank_289f36425828,实操题库_地面站考试条件_2026H1_双起飞点题型.txt_30,2026H1,2026H1,双起飞点题型,2026-04-08,吉林01考场,双起飞点题型-考试条件提取.docx,31,2,2,(二),coordinate;speed_height,"a值为30米，b值为30米，c值为25m,d值为4m/s, e值为2m/s,f值为2s。",30;30;25;4;2;2,m;m/s;s;米,,,,4m/s;2m/s,,,
gcond_dc565e49de32,gcond_dc565e49de32,gctpl_5108a201a6db,gsec_e66154766a19,qbank_289f36425828,实操题库_地面站考试条件_2026H1_双起飞点题型.txt_30,2026H1,2026H1,双起飞点题型,2026-04-08,吉林01考场,双起飞点题型-考试条件提取.docx,31,3,3,1、,coordinate;takeoff_return,起飞点经纬度： N:28°39'30” E:115°58'54,28;39;30;115;58;54,°;度,起飞点,N:28°39'30”;E:115°58'54,28°;115°,,,,
gcond_f38f154aabc3,gcond_f38f154aabc3,gctpl_570b432ff77e,gsec_e66154766a19,qbank_289f36425828,实操题库_地面站考试条件_2026H1_双起飞点题型.txt_30,2026H1,2026H1,双起飞点题型,2026-04-08,吉林01考场,双起飞点题型-考试条件提取.docx,31,4,4,2、,geometry;takeoff_return,起飞点到任务航线航点 5和航点6距离相等，H-5 和H-6=30米。 起飞点在图形内侧。,5;6;5;6;30,米,起飞点;5;6;起飞点,,,,,30米,
gcond_0491f01eec0a,gcond_0491f01eec0a,gctpl_acb9aca6fe3b,gsec_e66154766a19,qbank_289f36425828,实操题库_地面站考试条件_2026H1_双起飞点题型.txt_30,2026H1,2026H1,双起飞点题型,2026-04-08,吉林01考场,双起飞点题型-考试条件提取.docx,31,5,5,3、,coordinate;bearing_angle;geometry;takeoff_return,任务航线1号点位于 起飞点NW方位,1,,起飞点,,,,,,
gcond_b2710d59bd11,gcond_b2710d59bd11,gctpl_d5e4a0d3753c,gsec_ca40d20c311d,qbank_289f36425828,实操题库_地面站考试条件_2026H1_双起飞点题型.txt_31,2026H1,2026H1,双起飞点题型,2026-04-06,山西03考场,双起飞点题型-考试条件提取.docx,32,1,1,(一),coordinate;speed_height;turn_hold_loop;bearing_angle;geometry;takeoff_return,"起飞点（放航点）与考试席位 的相对方位由委任代表根据 现场环境等情况进行决定。规划一个六边形并循环执行，边长为a, ①②③航点相对地面高度为b,④⑤⑥航点相对地面高度为c，水平 速度为d,垂直速度为e,转弯方式为停止转弯，各点停留时间为f;",,度,起飞点;①;②;③;④;⑤;⑥,,,,,,
gcond_2541359b7ec8,gcond_2541359b7ec8,gctpl_5007938eb425,gsec_ca40d20c311d,qbank_289f36425828,实操题库_地面站考试条件_2026H1_双起飞点题型.txt_31,2026H1,2026H1,双起飞点题型,2026-04-06,山西03考场,双起飞点题型-考试条件提取.docx,32,2,2,(二),coordinate;speed_height,"a值为30米，b值为30米，c值为25m,d值为4m/s, e值为2m/s,f值为2s。",30;30;25;4;2;2,m;m/s;s;米,,,,4m/s;2m/s,,,
gcond_c42ead978778,gcond_c42ead978778,gctpl_a11742905c9c,gsec_ca40d20c311d,qbank_289f36425828,实操题库_地面站考试条件_2026H1_双起飞点题型.txt_31,2026H1,2026H1,双起飞点题型,2026-04-06,山西03考场,双起飞点题型-考试条件提取.docx,32,3,3,1、,coordinate;takeoff_return,"起飞点经纬度： N:27°46′19"" E:123°12'17""",27;46;19;123;12;17,°;度,起飞点,"N:27°46′19"";E:123°12'17""",27°;123°,,,,
gcond_bb45cfdacae1,gcond_bb45cfdacae1,gctpl_570b432ff77e,gsec_ca40d20c311d,qbank_289f36425828,实操题库_地面站考试条件_2026H1_双起飞点题型.txt_31,2026H1,2026H1,双起飞点题型,2026-04-06,山西03考场,双起飞点题型-考试条件提取.docx,32,4,4,2、,geometry;takeoff_return,起飞点到任务航 线航点5和航点6距 离相等，H-5和H- 6=30米。 起飞点在图形内侧。,5;6;5;6;30,米,起飞点;6;起飞点,,,,,,
gcond_55297518fec4,gcond_55297518fec4,gctpl_d17a6095ba13,gsec_ca40d20c311d,qbank_289f36425828,实操题库_地面站考试条件_2026H1_双起飞点题型.txt_31,2026H1,2026H1,双起飞点题型,2026-04-06,山西03考场,双起飞点题型-考试条件提取.docx,32,5,5,3、,geometry;takeoff_return,任务航线1号点 位于起飞点W方向,1,,起飞点,,,,,,
gcond_bb8e0ef84025,gcond_bb8e0ef84025,gctpl_a063f05861f8,gsec_8143abe271b8,qbank_d5afb7e07b8f,实操题库_地面站考试条件_2026H1_同一直线题型.txt_0,2026H1,2026H1,同一直线题型,2026-05-23,新疆01考场,同一直线题-考试条件提取.docx,1,1,1,(一),speed_height;turn_hold_loop;bearing_angle;geometry;takeoff_return,"于起飞点前规划一个等腰直角三角形，①②边长为a1,①③边 长为a2,∠①为直角，航线相对地面高度b,水平速度为c，垂直速度为d, 转弯方式为停止转弯，停留时间不作要求；",1;2,度,起飞点;①;②;①;③;①,,,,,,
gcond_a7d263cea38b,gcond_a7d263cea38b,gctpl_087dab449115,gsec_8143abe271b8,qbank_d5afb7e07b8f,实操题库_地面站考试条件_2026H1_同一直线题型.txt_0,2026H1,2026H1,同一直线题型,2026-05-23,新疆01考场,同一直线题-考试条件提取.docx,1,2,2,(二),speed_height,"a1、a2值为30米，b值为30米，c值为3m/s,d值为1m/so",1;2;30;30;3;1,m/s;米,,,,3m/s;1m/s,,,
gcond_c60d373efe4e,gcond_c60d373efe4e,gctpl_93151b326f55,gsec_8143abe271b8,qbank_d5afb7e07b8f,实操题库_地面站考试条件_2026H1_同一直线题型.txt_0,2026H1,2026H1,同一直线题型,2026-05-23,新疆01考场,同一直线题-考试条件提取.docx,1,3,3,二：,takeoff_return,H点位置在①②边的 延长线上，但不与①②边 重叠，H→③点长度为50 米。,50,度;米,H点;①;②;①;②;③,,,,,50 米,
gcond_de7ba099e27e,gcond_de7ba099e27e,gctpl_d83e0c5f7793,gsec_8143abe271b8,qbank_d5afb7e07b8f,实操题库_地面站考试条件_2026H1_同一直线题型.txt_0,2026H1,2026H1,同一直线题型,2026-05-23,新疆01考场,同一直线题-考试条件提取.docx,1,4,4,三：,bearing_angle,③点位于②点的正东 面,,,③;②,,,,,,
gcond_3b543e889d82,gcond_3b543e889d82,gctpl_99bc01bc8347,gsec_a828e1fcc795,qbank_32b37a2f20be,实操题库_地面站考试条件_2026H1_地面站避让点题型.txt_0,2026H1,2026H1,地面站避让点题型,2026-06-03,安徽01考场,避让点题型-考试条件提取.docx,1,1,1,(一),coordinate;speed_height;turn_hold_loop;geometry,"按图规划一个手动闭合不循环的任务航线，①③、②③、 ②④、①④边长为米，①点相对地面高度为b,②点相对地面高度 为c,③点相对地面高度为d,④点相对地面高度为e,水平速度 为f,垂直速度为g,转弯模式为停止转弯，各点停留时间为i;",,度;米,①;③;②;③;②;④;①;④;①;②;③;④,,,,,,
gcond_79000dd654d2,gcond_79000dd654d2,gctpl_2862d8b41bb1,gsec_a828e1fcc795,qbank_32b37a2f20be,实操题库_地面站考试条件_2026H1_地面站避让点题型.txt_0,2026H1,2026H1,地面站避让点题型,2026-06-03,安徽01考场,避让点题型-考试条件提取.docx,1,2,2,(二),coordinate;speed_height,"a值为300米，b值为30米，c值为35m,d值为40m, e值为25m/s,f值为2m/5,g值为2米/秒，i值为4秒。",300;30;35;40;25;2;5;2;4,m;m/s;秒;米;米/秒,5,,,25m/s;2米/秒,,,
gcond_9d58243b2952,gcond_9d58243b2952,gctpl_40135d8e234e,gsec_a828e1fcc795,qbank_32b37a2f20be,实操题库_地面站考试条件_2026H1_地面站避让点题型.txt_0,2026H1,2026H1,地面站避让点题型,2026-06-03,安徽01考场,避让点题型-考试条件提取.docx,1,3,3,一、,coordinate;restriction,”临时会让点”经纬度： N:37°4636 E:39°12'17,37;4636;39;12;17,°;度,,N:37°4636;E:39°12'17,37°;39°,,,,
gcond_64d2e10ba0c9,gcond_64d2e10ba0c9,gctpl_2849ede46c94,gsec_a828e1fcc795,qbank_32b37a2f20be,实操题库_地面站考试条件_2026H1_地面站避让点题型.txt_0,2026H1,2026H1,地面站避让点题型,2026-06-03,安徽01考场,避让点题型-考试条件提取.docx,1,4,4,二、,coordinate;speed_height;bearing_angle;restriction;geometry,由于场地限制：起飞后需向 任务航线示意图： SE方向飞行600米到达“临时会让 点”再执行航线任务，临时会让点 高度为80米,600;80,S;度;米,,,,,80米,600米,
gcond_50494117fecd,gcond_50494117fecd,gctpl_bc182ecd50be,gsec_a828e1fcc795,qbank_32b37a2f20be,实操题库_地面站考试条件_2026H1_地面站避让点题型.txt_0,2026H1,2026H1,地面站避让点题型,2026-06-03,安徽01考场,避让点题型-考试条件提取.docx,1,5,5,三：,bearing_angle;restriction;geometry,任务航线的航点①位于“临时 会让点”SW方向，距离500米。,500,S;米,航点①,,,,,500米,
gcond_9f989b7c27a8,gcond_9f989b7c27a8,gctpl_3b31af2eae41,gsec_a828e1fcc795,qbank_32b37a2f20be,实操题库_地面站考试条件_2026H1_地面站避让点题型.txt_0,2026H1,2026H1,地面站避让点题型,2026-06-03,安徽01考场,避让点题型-考试条件提取.docx,1,6,6,四：,geometry,任务航线的航点③位于任务航 线的航点②西偏北15度方向。,15,度,航点③;航点②,,西偏北15度,,,,
gcond_cdc53d6bd2af,gcond_cdc53d6bd2af,gctpl_5d21c81d32c8,gsec_7e691c4dc3ab,qbank_32b37a2f20be,实操题库_地面站考试条件_2026H1_地面站避让点题型.txt_1,2026H1,2026H1,地面站避让点题型,2026-06-01,安徽01考场,避让点题型-考试条件提取.docx,2,1,1,(一),speed_height;turn_hold_loop;bearing_angle;geometry,"规划一个手动闭合五边形，①②、②③、③④、④⑤、①⑤边的边 长为a,∠②=∠①为90°，航线相对地面高度为b,水平速度为c，垂直 速度为，转弯模式为停止转弯，各点停留时间为f,航线执行次数为g;",90,°;度,①;②;②;③;③;④;④;⑤;①;⑤;②;①,,90°,,,,
gcond_57d581ea1132,gcond_57d581ea1132,gctpl_3a8f936e213a,gsec_7e691c4dc3ab,qbank_32b37a2f20be,实操题库_地面站考试条件_2026H1_地面站避让点题型.txt_1,2026H1,2026H1,地面站避让点题型,2026-06-01,安徽01考场,避让点题型-考试条件提取.docx,2,2,2,(二),speed_height,"a值为200米，b值为70米，c值为7m/s,d值为4m/s,f 值为11秒，g值为6次。",200;70;7;4;11;6,m/s;秒;米,,,,7m/s;4m/s,,,
gcond_ebaa7531676e,gcond_ebaa7531676e,gctpl_6780035f52eb,gsec_7e691c4dc3ab,qbank_32b37a2f20be,实操题库_地面站考试条件_2026H1_地面站避让点题型.txt_1,2026H1,2026H1,地面站避让点题型,2026-06-01,安徽01考场,避让点题型-考试条件提取.docx,2,3,3,一、,coordinate;geometry,任务航线的航点②经纬度： N:37°46′36” E:113°12'17”,37;46;36;113;12;17,°;度,航点②,N:37°46′36”;E:113°12'17”,37°;113°,,,,
gcond_61c2733f76e3,gcond_61c2733f76e3,gctpl_f0f1cd77dbe1,gsec_7e691c4dc3ab,qbank_32b37a2f20be,实操题库_地面站考试条件_2026H1_地面站避让点题型.txt_1,2026H1,2026H1,地面站避让点题型,2026-06-01,安徽01考场,避让点题型-考试条件提取.docx,2,4,4,二、,speed_height;bearing_angle;restriction;takeoff_return,由于场地限制：起飞后需向SW方 向，水平速度4米/秒飞行600米到达 “过渡点”再执行航线任务，起飞点、 “过渡点”高度为110米。,4;600;110,S;度;米;米/秒,起飞点,,,4米/秒,110米,4米;600米,
gcond_9f0fa2ad54a5,gcond_9f0fa2ad54a5,gctpl_ec5299ef8441,gsec_7e691c4dc3ab,qbank_32b37a2f20be,实操题库_地面站考试条件_2026H1_地面站避让点题型.txt_1,2026H1,2026H1,地面站避让点题型,2026-06-01,安徽01考场,避让点题型-考试条件提取.docx,2,5,5,三、,coordinate;bearing_angle;geometry,"任务航线的航点①位于""过渡点"" SE方向，距离300米。",300,S;米,航点①,,,,,300米,
gcond_353de6efced5,gcond_353de6efced5,gctpl_57643bb6b046,gsec_7e691c4dc3ab,qbank_32b37a2f20be,实操题库_地面站考试条件_2026H1_地面站避让点题型.txt_1,2026H1,2026H1,地面站避让点题型,2026-06-01,安徽01考场,避让点题型-考试条件提取.docx,2,6,6,四、,geometry,任务航线的航点③到任务航线的 航点②的航线方向为北偏西35度。,35,度,航点③;航点②,,北偏西35度,,,,
gcond_ca2236ddcd02,gcond_ca2236ddcd02,gctpl_f3a44191277e,gsec_5b5384ab6ccc,qbank_32b37a2f20be,实操题库_地面站考试条件_2026H1_地面站避让点题型.txt_2,2026H1,2026H1,地面站避让点题型,2026-05-19,北京01考场,避让点题型-考试条件提取.docx,3,1,1,(一),coordinate;speed_height;turn_hold_loop,"规划扫描航线要求不闭合不循环，航线长度为a,航线间 隔为b,航线相对地面高度为c,水平速度为d,垂直速度为e,转弯 方式为停止转弯，停留时间不作要求：",,度,,,,,,,
gcond_ba10067bf1de,gcond_ba10067bf1de,gctpl_a0aaee4c0f17,gsec_5b5384ab6ccc,qbank_32b37a2f20be,实操题库_地面站考试条件_2026H1_地面站避让点题型.txt_2,2026H1,2026H1,地面站避让点题型,2026-05-19,北京01考场,避让点题型-考试条件提取.docx,3,2,2,(二),coordinate;speed_height,"a值为300米，b值为100米，c值为30m,d值为3m/s, e值为1m/s。",300;100;30;3;1,m;m/s;米,,,,3m/s;1m/s,,,
gcond_ee70fc1e588c,gcond_ee70fc1e588c,gctpl_7f588ca71216,gsec_5b5384ab6ccc,qbank_32b37a2f20be,实操题库_地面站考试条件_2026H1_地面站避让点题型.txt_2,2026H1,2026H1,地面站避让点题型,2026-05-19,北京01考场,避让点题型-考试条件提取.docx,3,3,3,二：,coordinate;bearing_angle;restriction;takeoff_return,由于空域限制，需 由起飞点先向SW方向平 飞500米到达“避让点” 再执行此航线。任务航 线1号点位于避让点NW 方向500米处。,500;1;500,S;米,起飞点,,,,,500米;500米,
gcond_f0bedbc6e4f9,gcond_f0bedbc6e4f9,gctpl_f8e8ebcf346f,gsec_5b5384ab6ccc,qbank_32b37a2f20be,实操题库_地面站考试条件_2026H1_地面站避让点题型.txt_2,2026H1,2026H1,地面站避让点题型,2026-05-19,北京01考场,避让点题型-考试条件提取.docx,3,4,4,三：,geometry,任务航线3号点位于 任务航线2号点西偏南30 度。,3;2;30,度,,,30 度,,,,
gcond_cc1c3f9f7ca7,gcond_cc1c3f9f7ca7,gctpl_67cbae039aab,gsec_6248a4071d86,qbank_32b37a2f20be,实操题库_地面站考试条件_2026H1_地面站避让点题型.txt_3,2026H1,2026H1,地面站避让点题型,2026-06-05,重庆02考场,避让点题型-考试条件提取.docx,4,1,1,(一),coordinate;speed_height;turn_hold_loop;bearing_angle;geometry,"按图规划一个手动闭合直角梯形，航线执行10次，①②、②③ 边长为a,①④边长为b，∠②=∠①=90·，航线相对地面高度为c, 水平速度为d,垂直速度为e,转弯模式为停止转弯，各点停留时间8s;",10;90;8,s;度,①;②;②;③;①;④;②;①,,,,,,
gcond_9dd6008c7338,gcond_9dd6008c7338,gctpl_7d2342ae1a64,gsec_6248a4071d86,qbank_32b37a2f20be,实操题库_地面站考试条件_2026H1_地面站避让点题型.txt_3,2026H1,2026H1,地面站避让点题型,2026-06-05,重庆02考场,避让点题型-考试条件提取.docx,4,2,2,(二),coordinate;speed_height,"a值为200米，b值为300米，c值为300m,d值为 6m/s,e值为2m/s。",200;300;300;6;2,m;m/s;米,,,,6m/s;2m/s,,,
gcond_b5156b7ab75c,gcond_b5156b7ab75c,gctpl_e227c276a6dc,gsec_6248a4071d86,qbank_32b37a2f20be,实操题库_地面站考试条件_2026H1_地面站避让点题型.txt_3,2026H1,2026H1,地面站避让点题型,2026-06-05,重庆02考场,避让点题型-考试条件提取.docx,4,3,3,一、,coordinate;geometry,"题卡图形4号点经纬度： N:31°34'22"" E:114°13'18""",4;31;34;22;114;13;18,°;度,,"N:31°34'22"";E:114°13'18""",31°;114°,,,,
gcond_ad5236d5eab0,gcond_ad5236d5eab0,gctpl_fe89846ec1f7,gsec_6248a4071d86,qbank_32b37a2f20be,实操题库_地面站考试条件_2026H1_地面站避让点题型.txt_3,2026H1,2026H1,地面站避让点题型,2026-06-05,重庆02考场,避让点题型-考试条件提取.docx,4,4,4,二、,coordinate;speed_height;bearing_angle;restriction;geometry,起飞后需向SW方向飞行 512米到达”避让点“再执行 航线任务。避让点高度为150 米。 题卡图形1号点位于”避让点 “SE方向370米处,512;150;1;370,S;度;米,,,,,150 米,512米;150 米;370米,
gcond_7e9c2840a446,gcond_7e9c2840a446,gctpl_c152f023713e,gsec_6248a4071d86,qbank_32b37a2f20be,实操题库_地面站考试条件_2026H1_地面站避让点题型.txt_3,2026H1,2026H1,地面站避让点题型,2026-06-05,重庆02考场,避让点题型-考试条件提取.docx,4,5,5,三、,geometry,题卡图形1号点到题卡图 航线要求： 形4号点西北偏西20度。,1;4;20,度,,,西北偏西20度,,,,
gcond_b5f13780daf6,gcond_b5f13780daf6,gctpl_3a5874ca88c1,gsec_794f48aee820,qbank_32b37a2f20be,实操题库_地面站考试条件_2026H1_地面站避让点题型.txt_4,2026H1,2026H1,地面站避让点题型,2026-05-25,重庆02考场,避让点题型-考试条件提取.docx,5,1,1,(一),coordinate;speed_height;turn_hold_loop;geometry,"规划一个闭合六边形并循环执行，边长为a,①②③航点 相对地面高度为b，④⑤⑥航点相对地面高度为c，水平速度为d, 垂直速度为e,转弯方式为停止转弯，各点停留时间为f；",,度,①;②;③;④;⑤;⑥,,,,,,
gcond_9a283eae12fb,gcond_9a283eae12fb,gctpl_4edf43250e90,gsec_794f48aee820,qbank_32b37a2f20be,实操题库_地面站考试条件_2026H1_地面站避让点题型.txt_4,2026H1,2026H1,地面站避让点题型,2026-05-25,重庆02考场,避让点题型-考试条件提取.docx,5,2,2,(二),coordinate;speed_height,"a值为300米，b值为35米，c值为25m,d值为4m/s, e值为2m/s,f值为2s。",300;35;25;4;2;2,m;m/s;s;米,,,,4m/s;2m/s,,,
gcond_585a93a363e9,gcond_585a93a363e9,gctpl_6a5454e3fa01,gsec_794f48aee820,qbank_32b37a2f20be,实操题库_地面站考试条件_2026H1_地面站避让点题型.txt_4,2026H1,2026H1,地面站避让点题型,2026-05-25,重庆02考场,避让点题型-考试条件提取.docx,5,3,3,1、,coordinate;geometry,题卡图形4号点经纬度： 5 N:31°13′31” E:118°18′18”,4;5;31;13;31;118;18;18,°;度,5,N:31°13′31”;E:118°18′18”,31°;118°,,,,
gcond_ae650ffd2114,gcond_ae650ffd2114,gctpl_52a70120cd4e,gsec_794f48aee820,qbank_32b37a2f20be,实操题库_地面站考试条件_2026H1_地面站避让点题型.txt_4,2026H1,2026H1,地面站避让点题型,2026-05-25,重庆02考场,避让点题型-考试条件提取.docx,5,4,4,2、,coordinate;speed_height;bearing_angle;restriction;geometry,"起飞后需向SE方向飞行300 米到达""避让点""再执行航线任 务，避让点高度为90米。 题卡图形1号点位于""避让点""的 方向为SW,距离400米。",300;90;1;400,S;度;米,,,,,300 米;90米,300 米;90米;400米,
gcond_fb7b337cf63f,gcond_fb7b337cf63f,gctpl_2383d3b99e56,gsec_794f48aee820,qbank_32b37a2f20be,实操题库_地面站考试条件_2026H1_地面站避让点题型.txt_4,2026H1,2026H1,地面站避让点题型,2026-05-25,重庆02考场,避让点题型-考试条件提取.docx,5,5,5,3、,geometry,题卡图形5号点位于题卡图 形4号点东偏北5度。,5;4;5,度,,,东偏北5度,,,,
gcond_25d12cfc846b,gcond_25d12cfc846b,gctpl_3a5874ca88c1,gsec_15a34f877d68,qbank_32b37a2f20be,实操题库_地面站考试条件_2026H1_地面站避让点题型.txt_5,2026H1,2026H1,地面站避让点题型,2026-05-25,重庆02考场,避让点题型-考试条件提取.docx,6,1,1,(一),coordinate;speed_height;turn_hold_loop;geometry,"规划一个闭合六边形并循环执行，边长为a,①②③航点 相对地面高度为b,④⑤⑥航点相对地面高度为c，水平速度为d, 垂直速度为e,转弯方式为停止转弯，各点停留时间为f;",,度,①;②;③;④;⑤;⑥,,,,,,
gcond_f5f43707bfe1,gcond_f5f43707bfe1,gctpl_4edf43250e90,gsec_15a34f877d68,qbank_32b37a2f20be,实操题库_地面站考试条件_2026H1_地面站避让点题型.txt_5,2026H1,2026H1,地面站避让点题型,2026-05-25,重庆02考场,避让点题型-考试条件提取.docx,6,2,2,(二),coordinate;speed_height,"a值为300米，b值为35米，c值为25m,d值为4m/s, e值为2m/s,f值为2s。",300;35;25;4;2;2,m;m/s;s;米,,,,4m/s;2m/s,,,
gcond_c0ca86f5c8bc,gcond_c0ca86f5c8bc,gctpl_869caf7b0540,gsec_15a34f877d68,qbank_32b37a2f20be,实操题库_地面站考试条件_2026H1_地面站避让点题型.txt_5,2026H1,2026H1,地面站避让点题型,2026-05-25,重庆02考场,避让点题型-考试条件提取.docx,6,3,3,1、,coordinate;restriction,"”避让点”经纬度： N:25°25'25"" E:120°12'12”",25;25;25;120;12;12,°;度,,"N:25°25'25"";E:120°12'12”",25°;120°,,,,
gcond_61879814916f,gcond_61879814916f,gctpl_441d73f047bd,gsec_15a34f877d68,qbank_32b37a2f20be,实操题库_地面站考试条件_2026H1_地面站避让点题型.txt_5,2026H1,2026H1,地面站避让点题型,2026-05-25,重庆02考场,避让点题型-考试条件提取.docx,6,4,4,2、,coordinate;speed_height;bearing_angle;restriction;geometry,"起飞后需向NE方向飞行500 米到达""避让点""再执行航线任 务，避让点高度为80米。 题卡图形1号点位于""避让点” NW方向400米处。",500;80;1;400,度;米,,,,,500 米;80米,500 米;80米;400米,
gcond_bc21bd58c91a,gcond_bc21bd58c91a,gctpl_6183015523e9,gsec_15a34f877d68,qbank_32b37a2f20be,实操题库_地面站考试条件_2026H1_地面站避让点题型.txt_5,2026H1,2026H1,地面站避让点题型,2026-05-25,重庆02考场,避让点题型-考试条件提取.docx,6,5,5,3、,geometry,题卡图形2号点位于题卡图 形1号点南偏东10度。,2;1;10,度,,,南偏东10度,,,,
gcond_5fe70d840d65,gcond_5fe70d840d65,gctpl_4bc2eaf540c4,gsec_7e979e531be9,qbank_32b37a2f20be,实操题库_地面站考试条件_2026H1_地面站避让点题型.txt_6,2026H1,2026H1,地面站避让点题型,2026-06-05,重庆02考场,避让点题型-考试条件提取.docx,7,1,1,(一),speed_height;turn_hold_loop;bearing_angle;geometry,"规划一个手动闭合等边三角形，边长为a，所有航线相对地面高度 为b,水平速度为c,垂直速度为d,转弯方式为停止转弯，停留时间为f, 航线执行次数为g;",,度,,,,,,,
gcond_9b2b99048658,gcond_9b2b99048658,gctpl_532bfd60592e,gsec_7e979e531be9,qbank_32b37a2f20be,实操题库_地面站考试条件_2026H1_地面站避让点题型.txt_6,2026H1,2026H1,地面站避让点题型,2026-06-05,重庆02考场,避让点题型-考试条件提取.docx,7,2,2,(二),speed_height,"a值为100米，b值为55米，c值为5ms,d值为2m/s,f值为 8s,g值为4次。",100;55;5;2;8;4,m;m/s;s;米,,,,5ms;2m/s,,,
gcond_7665c3e7639d,gcond_7665c3e7639d,gctpl_8423285b74d2,gsec_7e979e531be9,qbank_32b37a2f20be,实操题库_地面站考试条件_2026H1_地面站避让点题型.txt_6,2026H1,2026H1,地面站避让点题型,2026-06-05,重庆02考场,避让点题型-考试条件提取.docx,7,3,3,一、,coordinate;geometry,题卡图形的航点②经纬度： N:34°29′43 E:113°16'02,34;29;43;113;16;02,°;度,航点②,N:34°29′43;E:113°16'02,34°;113°,,,,
gcond_fe8d88e183e6,gcond_fe8d88e183e6,gctpl_2c7adfc75eca,gsec_7e979e531be9,qbank_32b37a2f20be,实操题库_地面站考试条件_2026H1_地面站避让点题型.txt_6,2026H1,2026H1,地面站避让点题型,2026-06-05,重庆02考场,避让点题型-考试条件提取.docx,7,4,4,二、,coordinate;speed_height;bearing_angle;restriction;geometry;takeoff_return,由于空域限制，飞机不能由 起飞点直飞题卡图形航点①，需 先向NW方向保持高度100米平飞 400米距离到达避让点，再向NE 方向飞行200米到达题卡图形的 航点①。,100;400;200,度;米,起飞点;航点①;航点①,,,,100米;400米,100米;400米;200米,
gcond_7a1452edf0b9,gcond_7a1452edf0b9,gctpl_146d6a80c75f,gsec_7e979e531be9,qbank_32b37a2f20be,实操题库_地面站考试条件_2026H1_地面站避让点题型.txt_6,2026H1,2026H1,地面站避让点题型,2026-06-05,重庆02考场,避让点题型-考试条件提取.docx,7,5,5,三、,geometry,西南风题卡图形航点①到题 卡图形航点②是顺风方向。,,,航点①;航点②,,,,,,
gcond_dcdce53f3304,gcond_dcdce53f3304,gctpl_fb08a1c854a5,gsec_7f6745f7f6c4,qbank_32b37a2f20be,实操题库_地面站考试条件_2026H1_地面站避让点题型.txt_7,2026H1,2026H1,地面站避让点题型,2026-05-25,重庆02考场,避让点题型-考试条件提取.docx,8,1,1,(一),coordinate;speed_height;turn_hold_loop,"规划扫描航线要求闭合不循环，航线长度为a,航线间隔 为b,航线相对地面高度为c,水平速度为d,垂直速度为e,转弯模 式为协调转弯；",,度,,,,,,,
gcond_0001f9840555,gcond_0001f9840555,gctpl_eb14ee22a11e,gsec_7f6745f7f6c4,qbank_32b37a2f20be,实操题库_地面站考试条件_2026H1_地面站避让点题型.txt_7,2026H1,2026H1,地面站避让点题型,2026-05-25,重庆02考场,避让点题型-考试条件提取.docx,8,2,2,(二),coordinate;speed_height,"a值为300米，b值为100米，c值为300m,d值为3m/s, e值为2m/s。",300;100;300;3;2,m;m/s;米,,,,3m/s;2m/s,,,
gcond_585cec132c37,gcond_585cec132c37,gctpl_5c4aa05bf11c,gsec_7f6745f7f6c4,qbank_32b37a2f20be,实操题库_地面站考试条件_2026H1_地面站避让点题型.txt_7,2026H1,2026H1,地面站避让点题型,2026-05-25,重庆02考场,避让点题型-考试条件提取.docx,8,3,3,1、,coordinate;geometry,题卡图形8点经纬度： N:27°29'28” E:120°36′12”,8;27;29;28;120;36;12,°;度,,N:27°29'28”;E:120°36′12”,27°;120°,,,,
gcond_b7d1fac2bdb2,gcond_b7d1fac2bdb2,gctpl_3aa9df67994c,gsec_7f6745f7f6c4,qbank_32b37a2f20be,实操题库_地面站考试条件_2026H1_地面站避让点题型.txt_7,2026H1,2026H1,地面站避让点题型,2026-05-25,重庆02考场,避让点题型-考试条件提取.docx,8,4,4,2、,coordinate;speed_height;bearing_angle;restriction;geometry,"起飞后需向SW方向飞行 600米到达""避让点""再执行航 线任务，避让点高度为320米。 题卡图形1号点到""避让点""为 SE方向500米处。",600;320;1;500,S;度;米,,,,,320米,600米,
gcond_810bec5ca91c,gcond_810bec5ca91c,gctpl_cae8177dc114,gsec_7f6745f7f6c4,qbank_32b37a2f20be,实操题库_地面站考试条件_2026H1_地面站避让点题型.txt_7,2026H1,2026H1,地面站避让点题型,2026-05-25,重庆02考场,避让点题型-考试条件提取.docx,8,5,5,3、,geometry,题卡图形2号点位于题卡图 形3号点东偏南20度。,2;3;20,度,,,东偏南20度,,,,
gcond_0b49a3ce9069,gcond_0b49a3ce9069,gctpl_fa8d1faac842,gsec_1cb642f12131,qbank_32b37a2f20be,实操题库_地面站考试条件_2026H1_地面站避让点题型.txt_8,2026H1,2026H1,地面站避让点题型,2026-05-25,重庆02考场,避让点题型-考试条件提取.docx,9,1,1,(一),coordinate;speed_height;turn_hold_loop;bearing_angle;geometry,"按图规划一个闭合四边形并循环执行，①②边、②③边边 长为a,①④边边长为b,∠②=∠①=90°航线相对地面高度为c, 水平速度为d，垂直速度为e，,转弯模式为停止转弯，停留时间5s；",90;5,s;°;度,①;②;②;③;①;④;②;①,,90°,,,,
gcond_4e5c1f5ea6b1,gcond_4e5c1f5ea6b1,gctpl_6e25812eabb9,gsec_1cb642f12131,qbank_32b37a2f20be,实操题库_地面站考试条件_2026H1_地面站避让点题型.txt_8,2026H1,2026H1,地面站避让点题型,2026-05-25,重庆02考场,避让点题型-考试条件提取.docx,9,2,2,(二),coordinate;speed_height,"a值为200米，b值为300米，c值为300m,，d值为 3m/s,e值为2m/s。",200;300;300;3;2,m;m/s;米,,,,3m/s;2m/s,,,
gcond_77540888b759,gcond_77540888b759,gctpl_773626ce87bc,gsec_1cb642f12131,qbank_32b37a2f20be,实操题库_地面站考试条件_2026H1_地面站避让点题型.txt_8,2026H1,2026H1,地面站避让点题型,2026-05-25,重庆02考场,避让点题型-考试条件提取.docx,9,3,3,1、,coordinate;geometry,题卡图形3号点经纬： N:30°31'30 E:120°10′10”,3;30;31;30;120;10;10,°,,N:30°31'30;E:120°10′10”,30°;120°,,,,
gcond_0904da4485c3,gcond_0904da4485c3,gctpl_77fef55ec753,gsec_1cb642f12131,qbank_32b37a2f20be,实操题库_地面站考试条件_2026H1_地面站避让点题型.txt_8,2026H1,2026H1,地面站避让点题型,2026-05-25,重庆02考场,避让点题型-考试条件提取.docx,9,4,4,2、,coordinate;speed_height;bearing_angle;restriction;geometry,"起飞后需向NW方向飞行 650米到达""避让点""再执行航 线任务，避让点高度为320米。 题卡图形1号点在""避让点""SE 方向450米处。",650;320;1;450,S;度;米,,,,,320米,650米,
gcond_95524970bdd4,gcond_95524970bdd4,gctpl_902faa85386f,gsec_1cb642f12131,qbank_32b37a2f20be,实操题库_地面站考试条件_2026H1_地面站避让点题型.txt_8,2026H1,2026H1,地面站避让点题型,2026-05-25,重庆02考场,避让点题型-考试条件提取.docx,9,5,5,3、,geometry,题卡图形2号点位于题卡图 形3号点北偏西45度。,2;3;45,度,,,北偏西45度,,,,
gcond_48823045ffa5,gcond_48823045ffa5,gctpl_67cbae039aab,gsec_3e3314bf98aa,qbank_32b37a2f20be,实操题库_地面站考试条件_2026H1_地面站避让点题型.txt_9,2026H1,2026H1,地面站避让点题型,2026-06-05,重庆02考场,避让点题型-考试条件提取.docx,10,1,1,(一),coordinate;speed_height;turn_hold_loop;bearing_angle;geometry,"按图规划一个手动闭合直角梯形，航线执行10次，①②、②③ 边长为a,①④边长为b，∠②=∠①=90·，航线相对地面高度为c, 水平速度为d,垂直速度为e,转弯模式为停止转弯，各点停留时间8s;",10;90;8,s;度,①;②;②;③;①;④;②;①,,,,,,
gcond_003d6972ade9,gcond_003d6972ade9,gctpl_7d2342ae1a64,gsec_3e3314bf98aa,qbank_32b37a2f20be,实操题库_地面站考试条件_2026H1_地面站避让点题型.txt_9,2026H1,2026H1,地面站避让点题型,2026-06-05,重庆02考场,避让点题型-考试条件提取.docx,10,2,2,(二),coordinate;speed_height,"a值为200米，b值为300米，c值为300m,d值为 6m/s,e值为2m/s。",200;300;300;6;2,m;m/s;米,,,,6m/s;2m/s,,,
gcond_83f4301f9f02,gcond_83f4301f9f02,gctpl_e227c276a6dc,gsec_3e3314bf98aa,qbank_32b37a2f20be,实操题库_地面站考试条件_2026H1_地面站避让点题型.txt_9,2026H1,2026H1,地面站避让点题型,2026-06-05,重庆02考场,避让点题型-考试条件提取.docx,10,3,3,一、,coordinate;geometry,"题卡图形4号点经纬度： N:31°34'22"" E:114°13'18""",4;31;34;22;114;13;18,°;度,,"N:31°34'22"";E:114°13'18""",31°;114°,,,,
gcond_695f338a65a4,gcond_695f338a65a4,gctpl_fe89846ec1f7,gsec_3e3314bf98aa,qbank_32b37a2f20be,实操题库_地面站考试条件_2026H1_地面站避让点题型.txt_9,2026H1,2026H1,地面站避让点题型,2026-06-05,重庆02考场,避让点题型-考试条件提取.docx,10,4,4,二、,coordinate;speed_height;bearing_angle;restriction;geometry,起飞后需向SW方向飞行 512米到达”避让点“再执行 航线任务。避让点高度为150 米。 题卡图形1号点位于”避让点 “SE方向370米处,512;150;1;370,S;度;米,,,,,150 米,512米;150 米;370米,
gcond_2dfb1392502f,gcond_2dfb1392502f,gctpl_c152f023713e,gsec_3e3314bf98aa,qbank_32b37a2f20be,实操题库_地面站考试条件_2026H1_地面站避让点题型.txt_9,2026H1,2026H1,地面站避让点题型,2026-06-05,重庆02考场,避让点题型-考试条件提取.docx,10,5,5,三、,geometry,题卡图形1号点到题卡图 航线要求： 形4号点西北偏西20度。,1;4;20,度,,,西北偏西20度,,,,
gcond_036c7b0d1cb8,gcond_036c7b0d1cb8,gctpl_58e31e0201e2,gsec_aea8e40f7ca9,qbank_32b37a2f20be,实操题库_地面站考试条件_2026H1_地面站避让点题型.txt_10,2026H1,2026H1,地面站避让点题型,2026-05-25,重庆02考场,避让点题型-考试条件提取.docx,11,1,1,(一),coordinate;speed_height;turn_hold_loop;bearing_angle;geometry,"规划一个闭合五边形并循环执行，①②、②③、①⑤边的边长为a, ∠②=∠①为90°，∠4=90°航线相对地面高度为b,水平速度为c，垂直 速度为d,转弯模式为停止转弯，各点停留时间为e;",90;4;90,°;度,①;②;②;③;①;⑤;②;①;4,,90°;90°,,,,
gcond_f3d3f7c3b8e8,gcond_f3d3f7c3b8e8,gctpl_c30b4b56d976,gsec_aea8e40f7ca9,qbank_32b37a2f20be,实操题库_地面站考试条件_2026H1_地面站避让点题型.txt_10,2026H1,2026H1,地面站避让点题型,2026-05-25,重庆02考场,避让点题型-考试条件提取.docx,11,2,2,(二),coordinate;speed_height,"a值为300米，b值为310米，c值为3m/s,d值为2ms,e 值为11s。",300;310;3;2;11,m;m/s;s;米,,,,3m/s;2ms,,,
gcond_f43eb7f1f0ba,gcond_f43eb7f1f0ba,gctpl_b2355fe5add0,gsec_aea8e40f7ca9,qbank_32b37a2f20be,实操题库_地面站考试条件_2026H1_地面站避让点题型.txt_10,2026H1,2026H1,地面站避让点题型,2026-05-25,重庆02考场,避让点题型-考试条件提取.docx,11,3,3,1、,coordinate;geometry,题卡图形5号点经纬度： N:32°23'32” E:120°21'20”,5;32;23;32;120;21;20,°;度,,N:32°23'32”;E:120°21'20”,32°;120°,,,,
gcond_db3c4dfe7a92,gcond_db3c4dfe7a92,gctpl_d1046f4d89f4,gsec_aea8e40f7ca9,qbank_32b37a2f20be,实操题库_地面站考试条件_2026H1_地面站避让点题型.txt_10,2026H1,2026H1,地面站避让点题型,2026-05-25,重庆02考场,避让点题型-考试条件提取.docx,11,4,4,2、,coordinate;speed_height;bearing_angle;restriction;geometry,"起飞后需向SE方向飞行650 米到达""避让点""再执行航线任 务，避让点高度为335米。 ""避让点""位于题卡图形1号点 SW方向435米处。",650;335;1;435,S;度;米,,,,,650 米;335米,650 米;335米;435米,
gcond_7c2316cd9214,gcond_7c2316cd9214,gctpl_9eaead833023,gsec_aea8e40f7ca9,qbank_32b37a2f20be,实操题库_地面站考试条件_2026H1_地面站避让点题型.txt_10,2026H1,2026H1,地面站避让点题型,2026-05-25,重庆02考场,避让点题型-考试条件提取.docx,11,5,5,3、,geometry,题卡图形3号点位于题卡2 号点西偏南25度。,3;2;25,度,,,西偏南25度,,,,
gcond_d7fe58de37d6,gcond_d7fe58de37d6,gctpl_861c0fa750e9,gsec_40498a6c447d,qbank_32b37a2f20be,实操题库_地面站考试条件_2026H1_地面站避让点题型.txt_11,2026H1,2026H1,地面站避让点题型,2026-06-05,重庆02考场,避让点题型-考试条件提取.docx,12,1,1,(一),coordinate;speed_height;turn_hold_loop;bearing_angle;geometry,"规划一个手动闭合五边形，航线执行11次，①②、②③、①⑤边的边长 为a,∠②=∠①为90°，∠4=90°③④、④⑤边长相等。航线相对地面高度为b, 水平速度为c,垂直速度为d,转弯棋式为停止转弯，各点停留时间为e;",11;90;4;90,°;度,①;②;②;③;①;⑤;②;①;4;③;④;④;⑤,,90°;90°,,,,
gcond_807cced53d3b,gcond_807cced53d3b,gctpl_e480092ec978,gsec_40498a6c447d,qbank_32b37a2f20be,实操题库_地面站考试条件_2026H1_地面站避让点题型.txt_11,2026H1,2026H1,地面站避让点题型,2026-06-05,重庆02考场,避让点题型-考试条件提取.docx,12,2,2,(二),coordinate;speed_height,"a值为300米，b值为300米，c值为6m/s,d值为4m/s,e值为 13s。",300;300;6;4;13,m/s;s;米,,,,6m/s;4m/s,,,
gcond_ea8770d43e3d,gcond_ea8770d43e3d,gctpl_c5d9f2c3d006,gsec_40498a6c447d,qbank_32b37a2f20be,实操题库_地面站考试条件_2026H1_地面站避让点题型.txt_11,2026H1,2026H1,地面站避让点题型,2026-06-05,重庆02考场,避让点题型-考试条件提取.docx,12,3,3,一：,coordinate;geometry,"题卡图形1号点经纬度： N:36°26′45 E:111°23'42""",1;36;26;45;111;23;42,°;度,,"N:36°26′45;E:111°23'42""",36°;111°,,,,
gcond_1ecf997bae43,gcond_1ecf997bae43,gctpl_11c4553e1699,gsec_40498a6c447d,qbank_32b37a2f20be,实操题库_地面站考试条件_2026H1_地面站避让点题型.txt_11,2026H1,2026H1,地面站避让点题型,2026-06-05,重庆02考场,避让点题型-考试条件提取.docx,12,4,4,二：,coordinate;speed_height;bearing_angle;restriction;geometry,起飞后需向NW方向飞 任务航线示意图： 行234米到达”避让点“再 执行航线任务，避让点高度 为312米 题卡图形1号点位于”避让 点“SE方向184米处。,234;312;1;184,S;度;米,,,,,234米;312米,234米;312米;184米,
gcond_5912b09a3de5,gcond_5912b09a3de5,gctpl_bf23508728c3,gsec_40498a6c447d,qbank_32b37a2f20be,实操题库_地面站考试条件_2026H1_地面站避让点题型.txt_11,2026H1,2026H1,地面站避让点题型,2026-06-05,重庆02考场,避让点题型-考试条件提取.docx,12,5,5,三：,geometry,题卡图形3号点到题卡 图形2号点西偏南25度。,3;2;25,度,,,西偏南25度,,,,
gcond_df87495e5e54,gcond_df87495e5e54,gctpl_c635250ce5b2,gsec_ab666716d7e9,qbank_32b37a2f20be,实操题库_地面站考试条件_2026H1_地面站避让点题型.txt_12,2026H1,2026H1,地面站避让点题型,2026-05-28,福建02考场,避让点题型-考试条件提取.docx,13,1,1,(一),coordinate;speed_height;turn_hold_loop;geometry,"按图规划一个如上图所示的任务航线，航线闭合不循环， ①③、②③、②④、①④边长为300米，①点相对地面高度为a,② 点相对地面高度为b，③点相对地面高度为c，④点相对地面高度 为d，水平速度为e,垂直速度为f,转弯模式为协调转弯；",300,度;米,①;③;②;③;②;④;①;④;①;②;③;④,,,,300米,300米,
gcond_9f157c019569,gcond_9f157c019569,gctpl_ce6965977c99,gsec_ab666716d7e9,qbank_32b37a2f20be,实操题库_地面站考试条件_2026H1_地面站避让点题型.txt_12,2026H1,2026H1,地面站避让点题型,2026-05-28,福建02考场,避让点题型-考试条件提取.docx,13,2,2,(二),coordinate;speed_height,"a值为37米，b值为55米，c值为61m,d值为47m, e值为6m/s,f值为3m/s。",37;55;61;47;6;3,m;m/s;米,,,,6m/s;3m/s,,,
gcond_d92cad5ddd57,gcond_d92cad5ddd57,gctpl_710c308e412d,gsec_ab666716d7e9,qbank_32b37a2f20be,实操题库_地面站考试条件_2026H1_地面站避让点题型.txt_12,2026H1,2026H1,地面站避让点题型,2026-05-28,福建02考场,避让点题型-考试条件提取.docx,13,3,3,一、,coordinate;restriction,"避让点经纬度： N36°19′27 E:103°16'58""",36;19;27;103;16;58,°;度,,"N36°19′27;E:103°16'58""",36°;103°,,,,
gcond_88c2a58a27e3,gcond_88c2a58a27e3,gctpl_5686f77e81e1,gsec_ab666716d7e9,qbank_32b37a2f20be,实操题库_地面站考试条件_2026H1_地面站避让点题型.txt_12,2026H1,2026H1,地面站避让点题型,2026-05-28,福建02考场,避让点题型-考试条件提取.docx,13,4,4,二：,coordinate;speed_height;bearing_angle;restriction;geometry,起飞后需向SW方向平飞 任务航线示意图： 312米到达“避让点”再执行 航线任务，避让点高度为103 米 题卡图形1号点位于“避让点 NW方向413米处。,312;103;1;413,S;度;米,,,,,312米;103 米,312米;103 米;413米,
gcond_76ae4a64b82a,gcond_76ae4a64b82a,gctpl_789ea93a732f,gsec_ab666716d7e9,qbank_32b37a2f20be,实操题库_地面站考试条件_2026H1_地面站避让点题型.txt_12,2026H1,2026H1,地面站避让点题型,2026-05-28,福建02考场,避让点题型-考试条件提取.docx,13,5,5,三：,geometry,题卡图形3号点位于题卡 图形2号点西南偏南30度°,3;2;30,°;度,,,西南偏南30度,,,,
gcond_23480db4fc47,gcond_23480db4fc47,gctpl_31dd146c6dcc,gsec_cbafccf5a987,qbank_32b37a2f20be,实操题库_地面站考试条件_2026H1_地面站避让点题型.txt_13,2026H1,2026H1,地面站避让点题型,2026-05-28,福建02考场,避让点题型-考试条件提取.docx,14,1,1,(一),coordinate;speed_height;turn_hold_loop;geometry,"规划一个手动闭合正六边形，航线执行6圈，边长为a,①② ③航点相对地面高度为b，④⑤⑥航点相对地面高度为c，水平速度为 d,垂直速度为e,转弯方式为停止转弯，各点停留时间为f;",6,度,①;②;③;④;⑤;⑥,,,,,,
gcond_8fb7c9fbb553,gcond_8fb7c9fbb553,gctpl_705cecd0877d,gsec_cbafccf5a987,qbank_32b37a2f20be,实操题库_地面站考试条件_2026H1_地面站避让点题型.txt_13,2026H1,2026H1,地面站避让点题型,2026-05-28,福建02考场,避让点题型-考试条件提取.docx,14,2,2,(二),coordinate;speed_height,"a值为300米，b值建议为47米，c值为19m,d值为6ms, e值为3m/s,f值为8s。",300;47;19;6;3;8,m;m/s;s;米,,,,6ms;3m/s,,,
gcond_1257e2e9efb2,gcond_1257e2e9efb2,gctpl_5ebd671fcc46,gsec_cbafccf5a987,qbank_32b37a2f20be,实操题库_地面站考试条件_2026H1_地面站避让点题型.txt_13,2026H1,2026H1,地面站避让点题型,2026-05-28,福建02考场,避让点题型-考试条件提取.docx,14,3,3,一、,coordinate,"2点经纬度： N:37°15′46"" E:113°42'52",2;37;15;46;113;42;52,°;度,,"N:37°15′46"";E:113°42'52",37°;113°,,,,
gcond_285c1907af0e,gcond_285c1907af0e,gctpl_f35cfb071ee6,gsec_cbafccf5a987,qbank_32b37a2f20be,实操题库_地面站考试条件_2026H1_地面站避让点题型.txt_13,2026H1,2026H1,地面站避让点题型,2026-05-28,福建02考场,避让点题型-考试条件提取.docx,14,4,4,二、,coordinate;speed_height;bearing_angle;restriction;geometry,"起飞后需向SE方向平飞 102米到达“避让点”后再 执行任务航线，“避让点 高度为101米。航点1位于 避让点“的航线方向为N W,距离203米",102;101;1;203,S;度;米,,,,,101米;203米,102米;101米;203米,
gcond_c8d32812a009,gcond_c8d32812a009,gctpl_efcc13b90633,gsec_cbafccf5a987,qbank_32b37a2f20be,实操题库_地面站考试条件_2026H1_地面站避让点题型.txt_13,2026H1,2026H1,地面站避让点题型,2026-05-28,福建02考场,避让点题型-考试条件提取.docx,14,5,5,三、,geometry,任务航线的航点2点到 任务航线的航点1点东南偏 东10度。,2;1;10,度,,,10度,,,,
gcond_58908288ed17,gcond_58908288ed17,gctpl_0967f56d39b2,gsec_89989e45079f,qbank_32b37a2f20be,实操题库_地面站考试条件_2026H1_地面站避让点题型.txt_14,2026H1,2026H1,地面站避让点题型,2026-05-29,福建02考场,避让点题型-考试条件提取.docx,15,1,1,(一),coordinate;speed_height;turn_hold_loop;geometry,"规划一个手动闭合六边形航线，航线执行5次，边长为a, ①②③航点相对地面高度为b,④⑤⑥航点相对地面高度为c,水平 速度为d,垂直速度为e,转弯方式为停止转弯，各点停留时间为f;",5,度,①;②;③;④;⑤;⑥,,,,,,
gcond_62818c4bbe7a,gcond_62818c4bbe7a,gctpl_1b5a02a6f4f2,gsec_89989e45079f,qbank_32b37a2f20be,实操题库_地面站考试条件_2026H1_地面站避让点题型.txt_14,2026H1,2026H1,地面站避让点题型,2026-05-29,福建02考场,避让点题型-考试条件提取.docx,15,2,2,(二),coordinate;speed_height,"a值为300米，b值为35米，c值为25m,d值为5m/s, e值为3m/s,f值为5s。",300;35;25;5;3;5,m;m/s;s;米,,,,5m/s;3m/s,,,
gcond_0d8590cd547b,gcond_0d8590cd547b,gctpl_d32e26ffff67,gsec_89989e45079f,qbank_32b37a2f20be,实操题库_地面站考试条件_2026H1_地面站避让点题型.txt_14,2026H1,2026H1,地面站避让点题型,2026-05-29,福建02考场,避让点题型-考试条件提取.docx,15,3,3,1、,coordinate;geometry,"题卡图形5号经纬度： N:38°15′26"" E:114°12'36",5;38;15;26;114;12;36,°;度,,"N:38°15′26"";E:114°12'36",38°;114°,,,,
gcond_d5be6a4cecd4,gcond_d5be6a4cecd4,gctpl_87cd0438461f,gsec_89989e45079f,qbank_32b37a2f20be,实操题库_地面站考试条件_2026H1_地面站避让点题型.txt_14,2026H1,2026H1,地面站避让点题型,2026-05-29,福建02考场,避让点题型-考试条件提取.docx,15,4,4,2、,coordinate;speed_height;bearing_angle;restriction;geometry,起飞后需向NW方向飞行 500米到达“避让点”再执行 航线任务，避让点高度为110米。 题卡图形1号点位于“避让点” NE方向218米处,500;110;1;218,度;米,,,,,110米,500米;110米;218米,
gcond_940f86ad4af8,gcond_940f86ad4af8,gctpl_cbdec83c99f4,gsec_89989e45079f,qbank_32b37a2f20be,实操题库_地面站考试条件_2026H1_地面站避让点题型.txt_14,2026H1,2026H1,地面站避让点题型,2026-05-29,福建02考场,避让点题型-考试条件提取.docx,15,5,5,3、,geometry,题卡图形2号点到题卡图形1 号点南偏西15度。,2;1;15,度,,,南偏西15度,,,,
gcond_bf401a4ec968,gcond_bf401a4ec968,gctpl_9fb7798370e6,gsec_0ae81a589372,qbank_32b37a2f20be,实操题库_地面站考试条件_2026H1_地面站避让点题型.txt_15,2026H1,2026H1,地面站避让点题型,2026-04-28,福建02考场,避让点题型-考试条件提取.docx,16,1,1,(一),speed_height;turn_hold_loop;bearing_angle;geometry;takeoff_return,与 的相对方位由委任代表根据 现场环境等情况进行决定。于起飞点前规划一个等边三角形并循环执 行，边长为a，航线相对地面高度为b，转弯方式为停止转弯，停 留时间不作要求；,,度,起飞点,,,,,,
gcond_84699a9046bd,gcond_84699a9046bd,gctpl_75783575b479,gsec_0ae81a589372,qbank_32b37a2f20be,实操题库_地面站考试条件_2026H1_地面站避让点题型.txt_15,2026H1,2026H1,地面站避让点题型,2026-04-28,福建02考场,避让点题型-考试条件提取.docx,16,2,2,(二),bearing_angle,a值为30米，b值为30米。（航线方位及各数值可由 委任代表按实际情况进行调整，考题以委任代表规定数值为准),30;30,米,,,,,30米;30米,,
gcond_9c5eb6da50a4,gcond_9c5eb6da50a4,gctpl_7d2a256e51fc,gsec_0ae81a589372,qbank_32b37a2f20be,实操题库_地面站考试条件_2026H1_地面站避让点题型.txt_15,2026H1,2026H1,地面站避让点题型,2026-04-28,福建02考场,避让点题型-考试条件提取.docx,16,3,3,1、,coordinate,"2号点经纬度： N:28°42'36"" E:118°18'18""",2;28;42;36;118;18;18,°;度,,"N:28°42'36"";E:118°18'18""",28°;118°,,,,
gcond_4ed88512c963,gcond_4ed88512c963,gctpl_f18776f011cf,gsec_0ae81a589372,qbank_32b37a2f20be,实操题库_地面站考试条件_2026H1_地面站避让点题型.txt_15,2026H1,2026H1,地面站避让点题型,2026-04-28,福建02考场,避让点题型-考试条件提取.docx,16,4,4,2、,coordinate;bearing_angle;restriction;geometry,由于空域限制：起飞 后需先向SW方向飞行 500米到达“避让点”， 再执行航线任务 题卡图形1点到“避让点” 为NE方向300米,500;1;300,S;米,,,,,,500米,
gcond_0e42d6781b7e,gcond_0e42d6781b7e,gctpl_688a0a410fb7,gsec_0ae81a589372,qbank_32b37a2f20be,实操题库_地面站考试条件_2026H1_地面站避让点题型.txt_15,2026H1,2026H1,地面站避让点题型,2026-04-28,福建02考场,避让点题型-考试条件提取.docx,16,5,5,3、,other,2号点位于3号点 西偏南15°,2;3;15,°,,,15°,,,,
gcond_94f0646169af,gcond_94f0646169af,gctpl_28ce8c1a2ac4,gsec_7c6bacaa98ba,qbank_32b37a2f20be,实操题库_地面站考试条件_2026H1_地面站避让点题型.txt_16,2026H1,2026H1,地面站避让点题型,2026-04-28,福建02考场,避让点题型-考试条件提取.docx,17,1,1,(一),speed_height;turn_hold_loop;bearing_angle;geometry,"与 的相对方位由委任代表根据 现场环境等情况进行决定。于起飞前规划一个等腰直角三角形并 循环执行，①②边长为a1,①③边长为a2,∠①为直角，航线相对 地面高度b，水平速度为c，转弯方式为停止转弯，停留时间不作 要求；",1;2,度,①;②;①;③;①,,,,,,
gcond_5949af0a399b,gcond_5949af0a399b,gctpl_3d78338a6bfd,gsec_7c6bacaa98ba,qbank_32b37a2f20be,实操题库_地面站考试条件_2026H1_地面站避让点题型.txt_16,2026H1,2026H1,地面站避让点题型,2026-04-28,福建02考场,避让点题型-考试条件提取.docx,17,2,2,(二),speed_height;bearing_angle,a1、a2值为30米，b值为30米，c值为3m/s。 (航线方位及各数值可由委任代表按实际情况进行调整，考题以委 任代表规定数值为准),1;2;30;30;3,m/s;米,,,,3m/s,,,
gcond_33389b442ae5,gcond_33389b442ae5,gctpl_04dd96873f0c,gsec_7c6bacaa98ba,qbank_32b37a2f20be,实操题库_地面站考试条件_2026H1_地面站避让点题型.txt_16,2026H1,2026H1,地面站避让点题型,2026-04-28,福建02考场,避让点题型-考试条件提取.docx,17,3,3,1、,coordinate,2号点经纬度： N:40°40'40” E:115°15′15”,2;40;40;40;115;15;15,°;度,,N:40°40'40”;E:115°15′15”,40°;115°,,,,
gcond_aaaf69c5a3f8,gcond_aaaf69c5a3f8,gctpl_7a204e054fa1,gsec_7c6bacaa98ba,qbank_32b37a2f20be,实操题库_地面站考试条件_2026H1_地面站避让点题型.txt_16,2026H1,2026H1,地面站避让点题型,2026-04-28,福建02考场,避让点题型-考试条件提取.docx,17,4,4,2、,coordinate;bearing_angle;restriction;geometry,由于空域限制：起飞 后需先向SW方向飞行 500米到达“避让点”， 再执行航线任务 图形1号点到“避让点” SE方向300米,500;1;300,S;米,,,,,,500米,
gcond_b5d78ae7a424,gcond_b5d78ae7a424,gctpl_c6e31cc0e65f,gsec_7c6bacaa98ba,qbank_32b37a2f20be,实操题库_地面站考试条件_2026H1_地面站避让点题型.txt_16,2026H1,2026H1,地面站避让点题型,2026-04-28,福建02考场,避让点题型-考试条件提取.docx,17,5,5,3、,other,3-2北偏西25°,3;2;25,°,3,,25°,,,,
gcond_740184c24cc9,gcond_740184c24cc9,gctpl_28ce8c1a2ac4,gsec_8b8b1ef50cb8,qbank_32b37a2f20be,实操题库_地面站考试条件_2026H1_地面站避让点题型.txt_17,2026H1,2026H1,地面站避让点题型,2026-04-28,福建02考场,避让点题型-考试条件提取.docx,18,1,1,(一),speed_height;turn_hold_loop;bearing_angle;geometry,"与 的相对方位由委任代表根据 现场环境等情况进行决定。于起飞前规划一个等腰直角三角形并 循环执行，①②边长为a1,①③边长为a2,∠①为直角，航线相对 地面高度b，水平速度为c，转弯方式为停止转弯，停留时间不作 要求；",1;2,度,①;②;①;③;①,,,,,,
gcond_372c2aee79c4,gcond_372c2aee79c4,gctpl_3d78338a6bfd,gsec_8b8b1ef50cb8,qbank_32b37a2f20be,实操题库_地面站考试条件_2026H1_地面站避让点题型.txt_17,2026H1,2026H1,地面站避让点题型,2026-04-28,福建02考场,避让点题型-考试条件提取.docx,18,2,2,(二),speed_height;bearing_angle,a1、a2值为30米，b值为30米，c值为3m/s。 (航线方位及各数值可由委任代表按实际情况进行调整，考题以委 任代表规定数值为准),1;2;30;30;3,m/s;米,,,,3m/s,,,
gcond_7cb28f533a8f,gcond_7cb28f533a8f,gctpl_ff6680da2d69,gsec_8b8b1ef50cb8,qbank_32b37a2f20be,实操题库_地面站考试条件_2026H1_地面站避让点题型.txt_17,2026H1,2026H1,地面站避让点题型,2026-04-28,福建02考场,避让点题型-考试条件提取.docx,18,3,3,1、,coordinate,3号点经纬度： N:30°30'35” E:115°12'12”,3;30;30;35;115;12;12,°;度,,N:30°30'35”;E:115°12'12”,30°;115°,,,,
gcond_007144d966ac,gcond_007144d966ac,gctpl_c81eb5388453,gsec_8b8b1ef50cb8,qbank_32b37a2f20be,实操题库_地面站考试条件_2026H1_地面站避让点题型.txt_17,2026H1,2026H1,地面站避让点题型,2026-04-28,福建02考场,避让点题型-考试条件提取.docx,18,4,4,2、,coordinate;bearing_angle;restriction;geometry,由于空域限制：起飞 后需先向SE方向飞行 500米到达“避让点”， 再执行航线任务 图形1号点位于“避让点” NE方向350米处,500;1;350,S;米,,,,,,500米;350米,
gcond_d5adb6d291de,gcond_d5adb6d291de,gctpl_028eeb0584ce,gsec_8b8b1ef50cb8,qbank_32b37a2f20be,实操题库_地面站考试条件_2026H1_地面站避让点题型.txt_17,2026H1,2026H1,地面站避让点题型,2026-04-28,福建02考场,避让点题型-考试条件提取.docx,18,5,5,3、,other,2-3东偏南35°,2;3;35,°,2,,35°,,,,
gcond_199c51e4250c,gcond_199c51e4250c,gctpl_28ce8c1a2ac4,gsec_80fb5dfa421d,qbank_32b37a2f20be,实操题库_地面站考试条件_2026H1_地面站避让点题型.txt_18,2026H1,2026H1,地面站避让点题型,2026-04-28,福建02考场,避让点题型-考试条件提取.docx,19,1,1,(一),speed_height;turn_hold_loop;bearing_angle;geometry,"与 的相对方位由委任代表根据 现场环境等情况进行决定。于起飞前规划一个等腰直角三角形并 循环执行，①②边长为a1,①③边长为a2,∠①为直角，航线相对 地面高度b，水平速度为c，转弯方式为停止转弯，停留时间不作 要求；",1;2,度,①;②;①;③;①,,,,,,
gcond_1053b922c03b,gcond_1053b922c03b,gctpl_3d78338a6bfd,gsec_80fb5dfa421d,qbank_32b37a2f20be,实操题库_地面站考试条件_2026H1_地面站避让点题型.txt_18,2026H1,2026H1,地面站避让点题型,2026-04-28,福建02考场,避让点题型-考试条件提取.docx,19,2,2,(二),speed_height;bearing_angle,a1、a2值为30米，b值为30米，c值为3m/s。 (航线方位及各数值可由委任代表按实际情况进行调整，考题以委 任代表规定数值为准),1;2;30;30;3,m/s;米,,,,3m/s,,,
gcond_065bd1fa3e4b,gcond_065bd1fa3e4b,gctpl_4488a11340fd,gsec_80fb5dfa421d,qbank_32b37a2f20be,实操题库_地面站考试条件_2026H1_地面站避让点题型.txt_18,2026H1,2026H1,地面站避让点题型,2026-04-28,福建02考场,避让点题型-考试条件提取.docx,19,3,3,1、,coordinate,"3号点经纬度： N:25°25'35"" E:110°10′10”",3;25;25;35;110;10;10,°;度,,"N:25°25'35"";E:110°10′10”",25°;110°,,,,
gcond_1e987912c4e4,gcond_1e987912c4e4,gctpl_d123049d04da,gsec_80fb5dfa421d,qbank_32b37a2f20be,实操题库_地面站考试条件_2026H1_地面站避让点题型.txt_18,2026H1,2026H1,地面站避让点题型,2026-04-28,福建02考场,避让点题型-考试条件提取.docx,19,4,4,2、,coordinate;bearing_angle;restriction;geometry,由于空域限制：起飞 后需先向SW方向飞行 400米到达“避让点”， 再执行航线任务 题卡图形1点到“避让点” 为NW方向距离200米,400;1;200,S;米,,,,,,400米;200米,
gcond_3f046a055736,gcond_3f046a055736,gctpl_5258f56efbd7,gsec_80fb5dfa421d,qbank_32b37a2f20be,实操题库_地面站考试条件_2026H1_地面站避让点题型.txt_18,2026H1,2026H1,地面站避让点题型,2026-04-28,福建02考场,避让点题型-考试条件提取.docx,19,5,5,3、,geometry,图形2点位于3点东偏 南38°,2;3;38,°,,,38°,,,,
gcond_2875b847fb8f,gcond_2875b847fb8f,gctpl_9fb7798370e6,gsec_68ec94dc0eb7,qbank_32b37a2f20be,实操题库_地面站考试条件_2026H1_地面站避让点题型.txt_19,2026H1,2026H1,地面站避让点题型,2026-04-28,福建02考场,避让点题型-考试条件提取.docx,20,1,1,(一),speed_height;turn_hold_loop;bearing_angle;geometry;takeoff_return,与 的相对方位由委任代表根据 现场环境等情况进行决定。于起飞点前规划一个等边三角形并循环执 行，边长为a，航线相对地面高度为b，转弯方式为停止转弯，停 留时间不作要求；,,度,起飞点,,,,,,
gcond_286364ad1bf1,gcond_286364ad1bf1,gctpl_75783575b479,gsec_68ec94dc0eb7,qbank_32b37a2f20be,实操题库_地面站考试条件_2026H1_地面站避让点题型.txt_19,2026H1,2026H1,地面站避让点题型,2026-04-28,福建02考场,避让点题型-考试条件提取.docx,20,2,2,(二),bearing_angle,a值为30米，b值为30米。（航线方位及各数值可由 委任代表按实际情况进行调整，考题以委任代表规定数值为准),30;30,米,,,,,30米;30米,,
gcond_109c7dd3eb4e,gcond_109c7dd3eb4e,gctpl_9aaf3cc2f5f6,gsec_68ec94dc0eb7,qbank_32b37a2f20be,实操题库_地面站考试条件_2026H1_地面站避让点题型.txt_19,2026H1,2026H1,地面站避让点题型,2026-04-28,福建02考场,避让点题型-考试条件提取.docx,20,3,3,1、,coordinate,2号点经纬度： N:28°28′28” E:122°12'12”,2;28;28;28;122;12;12,°;度,,N:28°28′28”;E:122°12'12”,28°;122°,,,,
gcond_308d95f11169,gcond_308d95f11169,gctpl_bc183583c69e,gsec_68ec94dc0eb7,qbank_32b37a2f20be,实操题库_地面站考试条件_2026H1_地面站避让点题型.txt_19,2026H1,2026H1,地面站避让点题型,2026-04-28,福建02考场,避让点题型-考试条件提取.docx,20,4,4,2、,coordinate;bearing_angle;restriction;geometry,"由于空域限制：起飞 后需先向NE方向飞行 600米到达“避让点”， 再执行航线任务 题卡图形1点位于“避让 点""SW400米",600;1;400,S;米,,,,,,600米;400米,
gcond_0b3f54f8a7a6,gcond_0b3f54f8a7a6,gctpl_051808b20b67,gsec_68ec94dc0eb7,qbank_32b37a2f20be,实操题库_地面站考试条件_2026H1_地面站避让点题型.txt_19,2026H1,2026H1,地面站避让点题型,2026-04-28,福建02考场,避让点题型-考试条件提取.docx,20,5,5,3、,other,1号点位于2号点 西偏南15°,1;2;15,°,,,15°,,,,
gcond_e6b25b9afb4b,gcond_e6b25b9afb4b,gctpl_854e333f0500,gsec_444bc8a6f784,qbank_32b37a2f20be,实操题库_地面站考试条件_2026H1_地面站避让点题型.txt_20,2026H1,2026H1,地面站避让点题型,2026-04-28,福建02考场,避让点题型-考试条件提取.docx,21,1,1,(一),speed_height;turn_hold_loop;bearing_angle;takeoff_return,"与 的相对方位由委任代表根据 现场环境等情况进行决定。按图于起飞点前规划扫描航线，航线长度 为a，航线间隔为b,航线相对地面高度为c,水平速度为d,转弯 模式为停止转弯，停留时间不作要求；",,度,起飞点,,,,,,
gcond_cecec3f9b516,gcond_cecec3f9b516,gctpl_97520118456f,gsec_444bc8a6f784,qbank_32b37a2f20be,实操题库_地面站考试条件_2026H1_地面站避让点题型.txt_20,2026H1,2026H1,地面站避让点题型,2026-04-28,福建02考场,避让点题型-考试条件提取.docx,21,2,2,(二),speed_height;bearing_angle,"a值为30米（误差≤±3米），b值为10米（误差 ≤±1米)，c值为30m,d值为3m/s。 (航线方位及各数值 可由委任代表按实际情况进行调整，考题以委任代表规定数值为准)",30;3;10;1;30;3,m;m/s;米,,,,3m/s,,,
gcond_0b3de3c15856,gcond_0b3de3c15856,gctpl_bd6e9b9fb5bd,gsec_444bc8a6f784,qbank_32b37a2f20be,实操题库_地面站考试条件_2026H1_地面站避让点题型.txt_20,2026H1,2026H1,地面站避让点题型,2026-04-28,福建02考场,避让点题型-考试条件提取.docx,21,3,3,1、,coordinate,1号点经纬度： N:24°46′36” E:123°12'17”,1;24;46;36;123;12;17,°;度,,N:24°46′36”;E:123°12'17”,24°;123°,,,,
gcond_a0742be3e6c7,gcond_a0742be3e6c7,gctpl_f7d6a02186be,gsec_444bc8a6f784,qbank_32b37a2f20be,实操题库_地面站考试条件_2026H1_地面站避让点题型.txt_20,2026H1,2026H1,地面站避让点题型,2026-04-28,福建02考场,避让点题型-考试条件提取.docx,21,4,4,2、,coordinate;bearing_angle;restriction;geometry,由于空域限制：起飞 后需先向SW方向飞行 200米到达“避让点”， 再执行航线任务 图形1号点位于“避让点” ☆； NW方向50米处,200;1;50,S;米,,,,,,200米;50米,
gcond_c138ef3b2cc1,gcond_c138ef3b2cc1,gctpl_2569c1d73941,gsec_444bc8a6f784,qbank_32b37a2f20be,实操题库_地面站考试条件_2026H1_地面站避让点题型.txt_20,2026H1,2026H1,地面站避让点题型,2026-04-28,福建02考场,避让点题型-考试条件提取.docx,21,5,5,3、,other,1号点位于2号点西偏 南20°,1;2;20,°,,,20°,,,,
gcond_951f2396f8d5,gcond_951f2396f8d5,gctpl_854e333f0500,gsec_66a4e556f3fb,qbank_32b37a2f20be,实操题库_地面站考试条件_2026H1_地面站避让点题型.txt_21,2026H1,2026H1,地面站避让点题型,2026-04-28,福建02考场,避让点题型-考试条件提取.docx,22,1,1,(一),speed_height;turn_hold_loop;bearing_angle;takeoff_return,"与 的相对方位由委任代表根据 现场环境等情况进行决定。按图于起飞点前规划扫描航线，航线长度 为a，航线间隔为b,航线相对地面高度为c,水平速度为d,转弯 模式为停止转弯，停留时间不作要求；",,度,起飞点,,,,,,
gcond_75ae66b672da,gcond_75ae66b672da,gctpl_97520118456f,gsec_66a4e556f3fb,qbank_32b37a2f20be,实操题库_地面站考试条件_2026H1_地面站避让点题型.txt_21,2026H1,2026H1,地面站避让点题型,2026-04-28,福建02考场,避让点题型-考试条件提取.docx,22,2,2,(二),speed_height;bearing_angle,"a值为30米（误差≤±3米），b值为10米（误差 ≤±1米)，c值为30m,d值为3m/s。 (航线方位及各数值 可由委任代表按实际情况进行调整，考题以委任代表规定数值为准)",30;3;10;1;30;3,m;m/s;米,,,,3m/s,,,
gcond_edbb9b3bfea4,gcond_edbb9b3bfea4,gctpl_79c71d28a5cd,gsec_66a4e556f3fb,qbank_32b37a2f20be,实操题库_地面站考试条件_2026H1_地面站避让点题型.txt_21,2026H1,2026H1,地面站避让点题型,2026-04-28,福建02考场,避让点题型-考试条件提取.docx,22,3,3,1、,coordinate,"2号点经纬度： N:28°28'28"" E:122°20'20”",2;28;28;28;122;20;20,°;度,,"N:28°28'28"";E:122°20'20”",28°;122°,,,,
gcond_40fb21191863,gcond_40fb21191863,gctpl_0af49ea8673b,gsec_66a4e556f3fb,qbank_32b37a2f20be,实操题库_地面站考试条件_2026H1_地面站避让点题型.txt_21,2026H1,2026H1,地面站避让点题型,2026-04-28,福建02考场,避让点题型-考试条件提取.docx,22,4,4,2、,coordinate;bearing_angle;restriction;geometry,由于空域限制：起飞 后需先向NE方向飞行 3 600米到达“避让点”， 再执行航线任务 图形1号点位于“避让点” SW方向400米,3;600;1;400,S;米,3,,,,,600米;400米,
gcond_e821c6b23539,gcond_e821c6b23539,gctpl_fa20f06e3c92,gsec_66a4e556f3fb,qbank_32b37a2f20be,实操题库_地面站考试条件_2026H1_地面站避让点题型.txt_21,2026H1,2026H1,地面站避让点题型,2026-04-28,福建02考场,避让点题型-考试条件提取.docx,22,5,5,3、,other,1号点位于2号点北偏 西15°,1;2;15,°,,,15°,,,,
gcond_3bc9676a1609,gcond_3bc9676a1609,gctpl_0b610eb7ae87,gsec_423c2fb0d40c,qbank_32b37a2f20be,实操题库_地面站考试条件_2026H1_地面站避让点题型.txt_22,2026H1,2026H1,地面站避让点题型,2026-05-28,福建02考场,避让点题型-考试条件提取.docx,23,1,1,(一),coordinate;speed_height;turn_hold_loop,"规划扫描航线要求不闭合不循环，航线长度为a,航线间 隔为b,航线相对地面高度为c,水平速度为d,垂直速度为e,转弯 方式为停止转弯，各点停留时间为f；",,度,,,,,,,
gcond_2ad59b5e66e4,gcond_2ad59b5e66e4,gctpl_5b1f6b1673bc,gsec_423c2fb0d40c,qbank_32b37a2f20be,实操题库_地面站考试条件_2026H1_地面站避让点题型.txt_22,2026H1,2026H1,地面站避让点题型,2026-05-28,福建02考场,避让点题型-考试条件提取.docx,23,2,2,(二),coordinate;speed_height,"a值为300米，b值为100米，c值为50m,d值为6m/s, e值为2m/s,f值为10s。",300;100;50;6;2;10,m;m/s;s;米,,,,6m/s;2m/s,,,
gcond_1bdde1dc41a9,gcond_1bdde1dc41a9,gctpl_a79cb2ce859b,gsec_423c2fb0d40c,qbank_32b37a2f20be,实操题库_地面站考试条件_2026H1_地面站避让点题型.txt_22,2026H1,2026H1,地面站避让点题型,2026-05-28,福建02考场,避让点题型-考试条件提取.docx,23,3,3,二：,coordinate;speed_height;bearing_angle;restriction;geometry,起飞后需向SE方向平飞 550米到达“避让点”再执 行航线任务，避让点高度 为420米 题卡图形1号点到“避让点” 为SW方向340米处,550;420;1;340,S;度;米,,,,,420米,550米,
gcond_6008d2d0fe53,gcond_6008d2d0fe53,gctpl_f40a90b2bbb1,gsec_423c2fb0d40c,qbank_32b37a2f20be,实操题库_地面站考试条件_2026H1_地面站避让点题型.txt_22,2026H1,2026H1,地面站避让点题型,2026-05-28,福建02考场,避让点题型-考试条件提取.docx,23,4,4,三：,geometry,东北风题卡图形2号点 位于题卡图形3号点逆风方 向。,2;3,,,,,,,,
gcond_ac88d8e194b1,gcond_ac88d8e194b1,gctpl_a11511fcaa7c,gsec_bd719b2d7df6,qbank_32b37a2f20be,实操题库_地面站考试条件_2026H1_地面站避让点题型.txt_23,2026H1,2026H1,地面站避让点题型,2026-04-28,福建02考场,避让点题型-考试条件提取.docx,24,1,1,(一),speed_height;turn_hold_loop;bearing_angle;geometry;takeoff_return,与 的相对方位由委任代表根据 现场环境等情况进行决定。按图于起飞点前规划一个四边形并循环执 行，①②边、②③边边长为a，③④边边长为b，∠②=∠③=90· 航线相对地面高度为c，水平速度为d，转弯模式为停止转弯，停 留时间不作要求；,90,度,起飞点;①;②;②;③;③;④;②;③,,,,,,
gcond_121d0c77a317,gcond_121d0c77a317,gctpl_0a90fed6939d,gsec_bd719b2d7df6,qbank_32b37a2f20be,实操题库_地面站考试条件_2026H1_地面站避让点题型.txt_23,2026H1,2026H1,地面站避让点题型,2026-04-28,福建02考场,避让点题型-考试条件提取.docx,24,2,2,(二),speed_height;bearing_angle,"a值为20米，b值为30米，c值为30m,d值为3m/s。 (航线方位及各数值可由委任代表按实际情况进行调整，考题以委任代 表规定数值为准)",20;30;30;3,m;m/s;米,,,,3m/s,,,
gcond_ec5a09512164,gcond_ec5a09512164,gctpl_9ee0cb775092,gsec_bd719b2d7df6,qbank_32b37a2f20be,实操题库_地面站考试条件_2026H1_地面站避让点题型.txt_23,2026H1,2026H1,地面站避让点题型,2026-04-28,福建02考场,避让点题型-考试条件提取.docx,24,3,3,1、,coordinate,3号点经纬度： N:30°30′35” E:115°12'12”,3;30;30;35;115;12;12,°;度,,N:30°30′35”;E:115°12'12”,30°;115°,,,,
gcond_cd2837a48e41,gcond_cd2837a48e41,gctpl_d332a308865e,gsec_bd719b2d7df6,qbank_32b37a2f20be,实操题库_地面站考试条件_2026H1_地面站避让点题型.txt_23,2026H1,2026H1,地面站避让点题型,2026-04-28,福建02考场,避让点题型-考试条件提取.docx,24,4,4,2、,coordinate;bearing_angle;restriction;geometry,由于空域限制：起飞 后需先向SE方向飞行 500米到达“避让点”， 再执行航线任务 图形1号点位于“避让点” NE方向距离350米,500;1;350,S;米,,,,,,500米;350米,
gcond_0d9584724f5b,gcond_0d9584724f5b,gctpl_fdb5138590df,gsec_bd719b2d7df6,qbank_32b37a2f20be,实操题库_地面站考试条件_2026H1_地面站避让点题型.txt_23,2026H1,2026H1,地面站避让点题型,2026-04-28,福建02考场,避让点题型-考试条件提取.docx,24,5,5,3、,other,2号点到3号点东偏南,2;3,,,,,,,,
gcond_c2f84d348f4b,gcond_c2f84d348f4b,gctpl_b408a45af50c,gsec_5b8c8ef427c8,qbank_32b37a2f20be,实操题库_地面站考试条件_2026H1_地面站避让点题型.txt_24,2026H1,2026H1,地面站避让点题型,2026-04-28,福建02考场,避让点题型-考试条件提取.docx,25,1,1,(一),speed_height;turn_hold_loop;bearing_angle;geometry;takeoff_return,"与 的相对方位由委任代表根据 现场环境等情况进行决定。按图于起飞点前规划一个四边形并循环执 行，①②边、②③边边长为a,③④边边长为b，∠②=∠③=90 航线相对地面高度为c，水平速度为d，转弯模式为停止转弯，停 留时间不作要求；",90,度,起飞点;①;②;②;③;③;④;②;③,,,,,,
gcond_7cc4cb701b85,gcond_7cc4cb701b85,gctpl_0a90fed6939d,gsec_5b8c8ef427c8,qbank_32b37a2f20be,实操题库_地面站考试条件_2026H1_地面站避让点题型.txt_24,2026H1,2026H1,地面站避让点题型,2026-04-28,福建02考场,避让点题型-考试条件提取.docx,25,2,2,(二),speed_height;bearing_angle,"a值为20米，b值为30米，c值为30m,d值为3m/s。 (航线方位及各数值可由委任代表按实际情况进行调整，考题以委任代 表规定数值为准)",20;30;30;3,m;m/s;米,,,,3m/s,,,
gcond_0e5af7e0966c,gcond_0e5af7e0966c,gctpl_d66643d02642,gsec_5b8c8ef427c8,qbank_32b37a2f20be,实操题库_地面站考试条件_2026H1_地面站避让点题型.txt_24,2026H1,2026H1,地面站避让点题型,2026-04-28,福建02考场,避让点题型-考试条件提取.docx,25,3,3,1、,coordinate,3号点经纬度： N:25°25'35” E:110°10'10”,3;25;25;35;110;10;10,°;度,,N:25°25'35”;E:110°10'10”,25°;110°,,,,
gcond_8a92822a1366,gcond_8a92822a1366,gctpl_d123049d04da,gsec_5b8c8ef427c8,qbank_32b37a2f20be,实操题库_地面站考试条件_2026H1_地面站避让点题型.txt_24,2026H1,2026H1,地面站避让点题型,2026-04-28,福建02考场,避让点题型-考试条件提取.docx,25,4,4,2、,coordinate;bearing_angle;restriction;geometry,由于空域限制：起飞 后需先向SW方向飞行 400米到达“避让点”， 再执行航线任务 题卡图形1点到“避让点” 为NW方向距离200米,400;1;200,S;米,,,,,,400米;200米,
gcond_20b725361199,gcond_20b725361199,gctpl_f4bb6efd2c62,gsec_5b8c8ef427c8,qbank_32b37a2f20be,实操题库_地面站考试条件_2026H1_地面站避让点题型.txt_24,2026H1,2026H1,地面站避让点题型,2026-04-28,福建02考场,避让点题型-考试条件提取.docx,25,5,5,3、,other,3-2东偏南38°,3;2;38,°,3,,38°,,,,
gcond_d75324686f25,gcond_d75324686f25,gctpl_b408a45af50c,gsec_2dbe4c714dfc,qbank_32b37a2f20be,实操题库_地面站考试条件_2026H1_地面站避让点题型.txt_25,2026H1,2026H1,地面站避让点题型,2026-04-28,福建02考场,避让点题型-考试条件提取.docx,26,1,1,(一),speed_height;turn_hold_loop;bearing_angle;geometry;takeoff_return,"与 的相对方位由委任代表根据 现场环境等情况进行决定。按图于起飞点前规划一个四边形并循环执 行，①②边、②③边边长为a，③④边边长为b,∠②=∠③=90 航线相对地面高度为c，水平速度为d，转弯模式为停止转弯，停 留时间不作要求；",90,度,起飞点;①;②;②;③;③;④;②;③,,,,,,
gcond_f6f28078be2d,gcond_f6f28078be2d,gctpl_0a90fed6939d,gsec_2dbe4c714dfc,qbank_32b37a2f20be,实操题库_地面站考试条件_2026H1_地面站避让点题型.txt_25,2026H1,2026H1,地面站避让点题型,2026-04-28,福建02考场,避让点题型-考试条件提取.docx,26,2,2,(二),speed_height;bearing_angle,"a值为20米，b值为30米，c值为30m,d值为3m/s。 (航线方位及各数值可由委任代表按实际情况进行调整，考题以委任代 表规定数值为准)",20;30;30;3,m;m/s;米,,,,3m/s,,,
gcond_d9544119d40e,gcond_d9544119d40e,gctpl_17b600a35ec6,gsec_2dbe4c714dfc,qbank_32b37a2f20be,实操题库_地面站考试条件_2026H1_地面站避让点题型.txt_25,2026H1,2026H1,地面站避让点题型,2026-04-28,福建02考场,避让点题型-考试条件提取.docx,26,3,3,1、,coordinate,"2号点经纬度： N:28°42'36” E:118°18'18""",2;28;42;36;118;18;18,°;度,,"N:28°42'36”;E:118°18'18""",28°;118°,,,,
gcond_7ac791ba2c6f,gcond_7ac791ba2c6f,gctpl_a18e3a8189da,gsec_2dbe4c714dfc,qbank_32b37a2f20be,实操题库_地面站考试条件_2026H1_地面站避让点题型.txt_25,2026H1,2026H1,地面站避让点题型,2026-04-28,福建02考场,避让点题型-考试条件提取.docx,26,4,4,2、,coordinate;bearing_angle;restriction;geometry,由于空域限制：起飞 后需先向SW方向飞行 500米到达“避让点”， 再执行航线任务 图形1号点到“避让点” NE方向距离300米,500;1;300,S;米,,,,,,500米;300米,
gcond_24a3812c7bf3,gcond_24a3812c7bf3,gctpl_38d2fda37421,gsec_2dbe4c714dfc,qbank_32b37a2f20be,实操题库_地面站考试条件_2026H1_地面站避让点题型.txt_25,2026H1,2026H1,地面站避让点题型,2026-04-28,福建02考场,避让点题型-考试条件提取.docx,26,5,5,3、,other,2点位于3点西偏南15°,2;3;15,°,,,15°,,,,
gcond_5c97d489110c,gcond_5c97d489110c,gctpl_6a7cd46074e6,gsec_64803f4fe9a9,qbank_32b37a2f20be,实操题库_地面站考试条件_2026H1_地面站避让点题型.txt_26,2026H1,2026H1,地面站避让点题型,2026-05-28,福建02考场,避让点题型-考试条件提取.docx,27,1,1,(一),coordinate;speed_height;turn_hold_loop;bearing_angle;geometry,"按图规划一个手动闭合直角梯形，航线执行10次，①②、② ③边长为a,①④边长为b,∠②=∠①=90°，航线相对地面高度为 c,水平速度为d，垂直速度为e,转弯模式为停止转弯，各点停留 时间12s;",10;90;12,s;°;度,①;②;②;③;①;④;②;①,,90°,,,,
gcond_27d897413d92,gcond_27d897413d92,gctpl_3a8d178c915a,gsec_64803f4fe9a9,qbank_32b37a2f20be,实操题库_地面站考试条件_2026H1_地面站避让点题型.txt_26,2026H1,2026H1,地面站避让点题型,2026-05-28,福建02考场,避让点题型-考试条件提取.docx,27,2,2,(二),coordinate;speed_height,"a值为200米，b值为400米，c值为312m,d值为 4m/s,e值为2m/s。",200;400;312;4;2,m;m/s;米,,,,4m/s;2m/s,,,
gcond_443d318a8cfa,gcond_443d318a8cfa,gctpl_a1695ff1afe1,gsec_64803f4fe9a9,qbank_32b37a2f20be,实操题库_地面站考试条件_2026H1_地面站避让点题型.txt_26,2026H1,2026H1,地面站避让点题型,2026-05-28,福建02考场,避让点题型-考试条件提取.docx,27,3,3,一：,coordinate;geometry,"起飞图形4号点经纬度： N:32°25′12"" E:107°43'54""",4;32;25;12;107;43;54,°;度,,"N:32°25′12"";E:107°43'54""",32°;107°,,,,
gcond_4c24e91873f3,gcond_4c24e91873f3,gctpl_fa36f2c3a738,gsec_64803f4fe9a9,qbank_32b37a2f20be,实操题库_地面站考试条件_2026H1_地面站避让点题型.txt_26,2026H1,2026H1,地面站避让点题型,2026-05-28,福建02考场,避让点题型-考试条件提取.docx,27,4,4,二：,coordinate;speed_height;bearing_angle;restriction;geometry,起飞后需向SE方向 平飞290米到达避让点” 再执行航线任务。避让点 高度为152米 题卡图形1号点到“避让点 为SW方向300米处,290;152;1;300,S;度;米,,,,,290米;152米,290米,
gcond_f32a7fe507b3,gcond_f32a7fe507b3,gctpl_e9f75c5ad8c1,gsec_64803f4fe9a9,qbank_32b37a2f20be,实操题库_地面站考试条件_2026H1_地面站避让点题型.txt_26,2026H1,2026H1,地面站避让点题型,2026-05-28,福建02考场,避让点题型-考试条件提取.docx,27,5,5,三：,geometry,题卡图形2号点位于题 卡图形3号点西偏北30度。,2;3;30,度,,,西偏北30度,,,,
gcond_044954fa8ba7,gcond_044954fa8ba7,gctpl_d027b19ac2a4,gsec_ed53665ec7e1,qbank_32b37a2f20be,实操题库_地面站考试条件_2026H1_地面站避让点题型.txt_27,2026H1,2026H1,地面站避让点题型,2026-04-28,福建02考场,避让点题型-考试条件提取.docx,28,1,1,(一),coordinate;speed_height;turn_hold_loop;bearing_angle;geometry;takeoff_return,"与 的相对方位由委任代表根据 现场环境等情况进行决定。按图于起飞点前规划一个五边形并循环执 行，①②边及②③边的边长为a,∠②=∠④=∠①为90°，航线相 对地面高度为b，水平速度为c,转弯模式为停止转弯，各点停留 时间为e;",90,°;度,起飞点;①;②;②;③;②;④;①,,90°,,,,
gcond_a94afb35ea6f,gcond_a94afb35ea6f,gctpl_2dc5b9c4bd68,gsec_ed53665ec7e1,qbank_32b37a2f20be,实操题库_地面站考试条件_2026H1_地面站避让点题型.txt_27,2026H1,2026H1,地面站避让点题型,2026-04-28,福建02考场,避让点题型-考试条件提取.docx,28,2,2,(二),coordinate;speed_height;bearing_angle,"a值为30米，b值为30米，c值为3m/s,e值为2s。 (航线方位及各数值可由委任代表按实际情况进行调整，考题以委任代 表规定数值为准)",30;30;3;2,m/s;s;米,,,,3m/s,,,
gcond_ff004218173c,gcond_ff004218173c,gctpl_def5f55cb023,gsec_ed53665ec7e1,qbank_32b37a2f20be,实操题库_地面站考试条件_2026H1_地面站避让点题型.txt_27,2026H1,2026H1,地面站避让点题型,2026-04-28,福建02考场,避让点题型-考试条件提取.docx,28,3,3,1、,coordinate,2号点经纬度： N:28°42'36” E:115°18′18”,2;28;42;36;115;18;18,°;度,,N:28°42'36”;E:115°18′18”,28°;115°,,,,
gcond_bb4e7ff17dac,gcond_bb4e7ff17dac,gctpl_a18e3a8189da,gsec_ed53665ec7e1,qbank_32b37a2f20be,实操题库_地面站考试条件_2026H1_地面站避让点题型.txt_27,2026H1,2026H1,地面站避让点题型,2026-04-28,福建02考场,避让点题型-考试条件提取.docx,28,4,4,2、,coordinate;bearing_angle;restriction;geometry,由于空域限制：起飞 后需先向SW方向飞行 500米到达“避让点”， 再执行航线任务 图形1号点到“避让点” NE方向距离300米,500;1;300,S;米,,,,,,500米;300米,
gcond_d4d8c276b6db,gcond_d4d8c276b6db,gctpl_ce4d6304aa3a,gsec_ed53665ec7e1,qbank_32b37a2f20be,实操题库_地面站考试条件_2026H1_地面站避让点题型.txt_27,2026H1,2026H1,地面站避让点题型,2026-04-28,福建02考场,避让点题型-考试条件提取.docx,28,5,5,3、,other,3-2西偏南15°,3;2;15,°,3,,15°,,,,
gcond_81a8ada6c807,gcond_81a8ada6c807,gctpl_3a5874ca88c1,gsec_8f1e0883327f,qbank_32b37a2f20be,实操题库_地面站考试条件_2026H1_地面站避让点题型.txt_28,2026H1,2026H1,地面站避让点题型,2026-05-29,甘肃01考场,避让点题型-考试条件提取.docx,29,1,1,(一),coordinate;speed_height;turn_hold_loop;geometry,"规划一个闭合六边形并循环执行，边长为a,①②③航点 相对地面高度为b,④⑤⑥航点相对地面高度为c,水平速度为d, 垂直速度为e,转弯方式为停止转弯，各点停留时间为f;",,度,①;②;③;④;⑤;⑥,,,,,,
gcond_efcbc3f19fd7,gcond_efcbc3f19fd7,gctpl_4edf43250e90,gsec_8f1e0883327f,qbank_32b37a2f20be,实操题库_地面站考试条件_2026H1_地面站避让点题型.txt_28,2026H1,2026H1,地面站避让点题型,2026-05-29,甘肃01考场,避让点题型-考试条件提取.docx,29,2,2,(二),coordinate;speed_height,"a值为300米，b值为35米，c值为25m,d值为4m/s, e值为2m/s,f值为2s。",300;35;25;4;2;2,m;m/s;s;米,,,,4m/s;2m/s,,,
gcond_5ae71f0bb4c7,gcond_5ae71f0bb4c7,gctpl_3122354d3d58,gsec_8f1e0883327f,qbank_32b37a2f20be,实操题库_地面站考试条件_2026H1_地面站避让点题型.txt_28,2026H1,2026H1,地面站避让点题型,2026-05-29,甘肃01考场,避让点题型-考试条件提取.docx,29,3,3,1、,coordinate;geometry,"题卡图形2号经纬度： N:26°25′26"" E:120°12'12""",2;26;25;26;120;12;12,°;度,,"N:26°25′26"";E:120°12'12""",26°;120°,,,,
gcond_74f84be804ec,gcond_74f84be804ec,gctpl_ed84ad675d66,gsec_8f1e0883327f,qbank_32b37a2f20be,实操题库_地面站考试条件_2026H1_地面站避让点题型.txt_28,2026H1,2026H1,地面站避让点题型,2026-05-29,甘肃01考场,避让点题型-考试条件提取.docx,29,4,4,2、,coordinate;speed_height;bearing_angle;restriction;geometry,起飞后需向NE方向飞行 500米到达“避让点”再执行 航线任务，避让点高度为110米。 题卡图形1号点位于“避让点” NW方向400米处,500;110;1;400,度;米,,,,,110米,500米;110米;400米,
gcond_b3b9c535b6d4,gcond_b3b9c535b6d4,gctpl_9f351572c65d,gsec_8f1e0883327f,qbank_32b37a2f20be,实操题库_地面站考试条件_2026H1_地面站避让点题型.txt_28,2026H1,2026H1,地面站避让点题型,2026-05-29,甘肃01考场,避让点题型-考试条件提取.docx,29,5,5,3、,geometry,题卡图形2号点到题卡图形1 号点南偏东15度。,2;1;15,度,,,南偏东15度,,,,
gcond_2315f6812a15,gcond_2315f6812a15,gctpl_4ffe584e56f2,gsec_725dee392731,qbank_32b37a2f20be,实操题库_地面站考试条件_2026H1_地面站避让点题型.txt_29,2026H1,2026H1,地面站避让点题型,2026-05-29,甘肃01考场,避让点题型-考试条件提取.docx,30,1,1,(一),coordinate;speed_height;turn_hold_loop,"规划扫描航线要求闭合不循环，航线长度为a,航线间隔 为b,航线相对地面高度为c,水平速度为d,垂直速度为e,转弯方 式为协调转弯；",,度,,,,,,,
gcond_6d9e28c6511f,gcond_6d9e28c6511f,gctpl_eb14ee22a11e,gsec_725dee392731,qbank_32b37a2f20be,实操题库_地面站考试条件_2026H1_地面站避让点题型.txt_29,2026H1,2026H1,地面站避让点题型,2026-05-29,甘肃01考场,避让点题型-考试条件提取.docx,30,2,2,(二),coordinate;speed_height,"a值为300米，b值为100米，c值为300m,d值为3m/s, e值为2m/s。",300;100;300;3;2,m;m/s;米,,,,3m/s;2m/s,,,
gcond_70fd3cb80cc2,gcond_70fd3cb80cc2,gctpl_eba0d775152d,gsec_725dee392731,qbank_32b37a2f20be,实操题库_地面站考试条件_2026H1_地面站避让点题型.txt_29,2026H1,2026H1,地面站避让点题型,2026-05-29,甘肃01考场,避让点题型-考试条件提取.docx,30,3,3,二：,coordinate;bearing_angle;restriction;geometry,起飞后需向SW方向飞 行600米到达“避让点”再 执行航线任务。避让点高 4 度为320米题卡图形1号点 到“避让点”为SE方向500 1 米处,600;4;320;1;500;1,S;度;米,4;1,,4 度,,320米,600米,
gcond_d6127d31d555,gcond_d6127d31d555,gctpl_cae8177dc114,gsec_725dee392731,qbank_32b37a2f20be,实操题库_地面站考试条件_2026H1_地面站避让点题型.txt_29,2026H1,2026H1,地面站避让点题型,2026-05-29,甘肃01考场,避让点题型-考试条件提取.docx,30,4,4,三：,geometry,题卡图形2号点位于题 卡图形3号点东偏南20度。,2;3;20,度,,,东偏南20度,,,,
gcond_086643d4a0e8,gcond_086643d4a0e8,gctpl_fb08a1c854a5,gsec_7b2a513ef182,qbank_32b37a2f20be,实操题库_地面站考试条件_2026H1_地面站避让点题型.txt_30,2026H1,2026H1,地面站避让点题型,2026-06-02,甘肃01考场,避让点题型-考试条件提取.docx,31,1,1,(一),coordinate;speed_height;turn_hold_loop,"规划扫描航线要求闭合不循环，航线长度为a,航线间隔 为b,航线相对地面高度为c,水平速度为d,垂直速度为e,转弯模 式为协调转弯；",,度,,,,,,,
gcond_78ec6b1050c9,gcond_78ec6b1050c9,gctpl_eb14ee22a11e,gsec_7b2a513ef182,qbank_32b37a2f20be,实操题库_地面站考试条件_2026H1_地面站避让点题型.txt_30,2026H1,2026H1,地面站避让点题型,2026-06-02,甘肃01考场,避让点题型-考试条件提取.docx,31,2,2,(二),coordinate;speed_height,"a值为300米，b值为100米，c值为300m,d值为3m/s, e值为2m/s。",300;100;300;3;2,m;m/s;米,,,,3m/s;2m/s,,,
gcond_f3b702ffe54d,gcond_f3b702ffe54d,gctpl_9617385cc27d,gsec_7b2a513ef182,qbank_32b37a2f20be,实操题库_地面站考试条件_2026H1_地面站避让点题型.txt_30,2026H1,2026H1,地面站避让点题型,2026-06-02,甘肃01考场,避让点题型-考试条件提取.docx,31,3,3,二：,coordinate;speed_height;bearing_angle;restriction;geometry,起飞后需向SW方向飞行 600米到达“避让点”再执行 航线任务。避让点高度为320 4 米 题卡图形1号点到“避让点 1 为SE方向500米处。,600;320;4;1;1;500,S;度;米,4;1,,,,4 米,600米,
gcond_63cab68fb423,gcond_63cab68fb423,gctpl_cae8177dc114,gsec_7b2a513ef182,qbank_32b37a2f20be,实操题库_地面站考试条件_2026H1_地面站避让点题型.txt_30,2026H1,2026H1,地面站避让点题型,2026-06-02,甘肃01考场,避让点题型-考试条件提取.docx,31,4,4,三：,geometry,题卡图形2号点位于题卡 图形3号点东偏南20度。,2;3;20,度,,,东偏南20度,,,,
gcond_9cebb4ac4ca4,gcond_9cebb4ac4ca4,gctpl_029b3bf09e65,gsec_fb19125fae79,qbank_32b37a2f20be,实操题库_地面站考试条件_2026H1_地面站避让点题型.txt_31,2026H1,2026H1,地面站避让点题型,2026-05-29,甘肃01考场,避让点题型-考试条件提取.docx,32,1,1,(一),coordinate;speed_height;turn_hold_loop;bearing_angle;geometry,"按图规划一个闭合四边形并循环执行，①②、②③边长为a, ①④边长为b,∠②=∠①=90·，航线相对地面高度为c,水平速度 为d，垂直速度为e,转弯模式为停止转弯，停留时间5s;",90;5,s;度,①;②;②;③;①;④;②;①,,,,,,
gcond_53dd8b6dcd91,gcond_53dd8b6dcd91,gctpl_0c10b202a24e,gsec_fb19125fae79,qbank_32b37a2f20be,实操题库_地面站考试条件_2026H1_地面站避让点题型.txt_31,2026H1,2026H1,地面站避让点题型,2026-05-29,甘肃01考场,避让点题型-考试条件提取.docx,32,2,2,(二),coordinate;speed_height,"a值为200米，b值为300米，c值为300m,d值为 3m/s,e值为2m/s。",200;300;300;3;2,m;m/s;米,,,,3m/s;2m/s,,,
gcond_550a8ddb124e,gcond_550a8ddb124e,gctpl_060639038325,gsec_fb19125fae79,qbank_32b37a2f20be,实操题库_地面站考试条件_2026H1_地面站避让点题型.txt_31,2026H1,2026H1,地面站避让点题型,2026-05-29,甘肃01考场,避让点题型-考试条件提取.docx,32,3,3,一：,coordinate;geometry,题卡图形3号点经纬度： N:30°31'30 E:120°10'10°,3;30;31;30;120;10;10,°;度,,N:30°31'30;E:120°10'10,30°;120°;10°,,,,
gcond_40b5774c3e82,gcond_40b5774c3e82,gctpl_85daa8a58d11,gsec_fb19125fae79,qbank_32b37a2f20be,实操题库_地面站考试条件_2026H1_地面站避让点题型.txt_31,2026H1,2026H1,地面站避让点题型,2026-05-29,甘肃01考场,避让点题型-考试条件提取.docx,32,4,4,二：,coordinate;speed_height;bearing_angle;restriction;geometry,"起飞后需向NW方向飞 行650米到达“""避让点”再 执行航线任务。避让点高度 为330米 题卡图形1号点到“避让点 为SE方向450米处",650;330;1;450,S;度;米,,,,,330米,650米,
gcond_8895e84c8e4a,gcond_8895e84c8e4a,gctpl_902faa85386f,gsec_fb19125fae79,qbank_32b37a2f20be,实操题库_地面站考试条件_2026H1_地面站避让点题型.txt_31,2026H1,2026H1,地面站避让点题型,2026-05-29,甘肃01考场,避让点题型-考试条件提取.docx,32,5,5,三：,geometry,题卡图形2号点位于题 卡图形3号点北偏西45度。,2;3;45,度,,,北偏西45度,,,,
gcond_a268858f9cef,gcond_a268858f9cef,gctpl_1ce7045e21d7,gsec_4f95ab84b2d2,qbank_32b37a2f20be,实操题库_地面站考试条件_2026H1_地面站避让点题型.txt_32,2026H1,2026H1,地面站避让点题型,2026-05-06,广东02考场,避让点题型-考试条件提取.docx,33,1,1,(一),coordinate;speed_height;turn_hold_loop;bearing_angle;geometry,"按图规划一个闭合四边形并循环执行，①②边、②③边边 长为a,①④边边长为b,∠①=∠②=90·航线相对地面高度为c, 水平速度为d，垂直速度为e,转弯模式为停止转弯，停留时间5s；",90;5,s;度,①;②;②;③;①;④;①;②,,,,,,
gcond_34a61207d796,gcond_34a61207d796,gctpl_ee62dbe1fda2,gsec_4f95ab84b2d2,qbank_32b37a2f20be,实操题库_地面站考试条件_2026H1_地面站避让点题型.txt_32,2026H1,2026H1,地面站避让点题型,2026-05-06,广东02考场,避让点题型-考试条件提取.docx,33,2,2,(二),coordinate;speed_height,"a值为200米，b值为400米，c值为300m,d值为 4m/s,e值为3m/s。",200;400;300;4;3,m;m/s;米,,,,4m/s;3m/s,,,
gcond_bf481e4c0650,gcond_bf481e4c0650,gctpl_505ea519b218,gsec_4f95ab84b2d2,qbank_32b37a2f20be,实操题库_地面站考试条件_2026H1_地面站避让点题型.txt_32,2026H1,2026H1,地面站避让点题型,2026-05-06,广东02考场,避让点题型-考试条件提取.docx,33,3,3,一：,coordinate;geometry,"题卡图形1号点经纬度： N:28°42'31"" E:115°18'18""",1;28;42;31;115;18;18,°;度,,"N:28°42'31"";E:115°18'18""",28°;115°,,,,
gcond_9e0ab44ee057,gcond_9e0ab44ee057,gctpl_e149f53fe84a,gsec_4f95ab84b2d2,qbank_32b37a2f20be,实操题库_地面站考试条件_2026H1_地面站避让点题型.txt_32,2026H1,2026H1,地面站避让点题型,2026-05-06,广东02考场,避让点题型-考试条件提取.docx,33,4,4,二：,coordinate;bearing_angle;restriction;geometry,由于空域限制：起飞 后需向SW方向飞行200米 到达 “避让点”再执行航线任 务。题卡图形1号点到“避 让点”航向为NE方向距离 300米,200;1;300,S;米,,,,,,200米;300米,
gcond_21afdb373087,gcond_21afdb373087,gctpl_0d0543544994,gsec_4f95ab84b2d2,qbank_32b37a2f20be,实操题库_地面站考试条件_2026H1_地面站避让点题型.txt_32,2026H1,2026H1,地面站避让点题型,2026-05-06,广东02考场,避让点题型-考试条件提取.docx,33,5,5,三：,geometry,题卡图形2号点位于题 卡图形3号点东偏南25度。,2;3;25,度,,,东偏南25度,,,,
gcond_2e0f3a6b88ee,gcond_2e0f3a6b88ee,gctpl_aa2b8b693762,gsec_decf3e24193a,qbank_32b37a2f20be,实操题库_地面站考试条件_2026H1_地面站避让点题型.txt_33,2026H1,2026H1,地面站避让点题型,,广东03考场,避让点题型-考试条件提取.docx,34,1,1,(一),coordinate;speed_height;turn_hold_loop;geometry,"按图规划一个如上图所示的任务航线，航线闭合不循环， ①③、②③、②④、①④边长为300米，①点相对地面高度为a,② 点相对地面高度为b,③点相对地面高度为c，④点相对地面高度 为d，水平速度为e,垂直速度为f，转弯模式为停止转弯，停留 时间4s;",300;4,s;度;米,①;③;②;③;②;④;①;④;①;②;③;④,,,,300米,300米,missing_exam_date
gcond_bc08541d7e06,gcond_bc08541d7e06,gctpl_87a78a28c1b2,gsec_decf3e24193a,qbank_32b37a2f20be,实操题库_地面站考试条件_2026H1_地面站避让点题型.txt_33,2026H1,2026H1,地面站避让点题型,,广东03考场,避让点题型-考试条件提取.docx,34,2,2,(二),coordinate;speed_height,"a值为20米，b值为40米，c值为30m,d值为15m, e值为4m/s,f值为3m/s。",20;40;30;15;4;3,m;m/s;米,,,,4m/s;3m/s,,,missing_exam_date
gcond_a5dbab16e4b7,gcond_a5dbab16e4b7,gctpl_99b462b6534d,gsec_decf3e24193a,qbank_32b37a2f20be,实操题库_地面站考试条件_2026H1_地面站避让点题型.txt_33,2026H1,2026H1,地面站避让点题型,,广东03考场,避让点题型-考试条件提取.docx,34,3,3,1、,coordinate;geometry,"题卡图形1号点经纬度： N:28°42'36 E:115°18′18""",1;28;42;36;115;18;18,°;度,,"N:28°42'36;E:115°18′18""",28°;115°,,,,missing_exam_date
gcond_da57d1e2a95e,gcond_da57d1e2a95e,gctpl_4f96bff57185,gsec_decf3e24193a,qbank_32b37a2f20be,实操题库_地面站考试条件_2026H1_地面站避让点题型.txt_33,2026H1,2026H1,地面站避让点题型,,广东03考场,避让点题型-考试条件提取.docx,34,4,4,2、,coordinate;bearing_angle;restriction;geometry,由于空域限制，起飞 任务航线示意图： 后需向SW方向飞行500米 到达“避让点”再执行航 线任务 题卡图形1号点到“避让 点”航向为NE方向，距离 为300米。,500;1;300,S;米,,,,,,500米;300米,missing_exam_date
gcond_e35e82e0cc48,gcond_e35e82e0cc48,gctpl_0fae75499d64,gsec_decf3e24193a,qbank_32b37a2f20be,实操题库_地面站考试条件_2026H1_地面站避让点题型.txt_33,2026H1,2026H1,地面站避让点题型,,广东03考场,避让点题型-考试条件提取.docx,34,5,5,3、,geometry,题卡图形2号点位于题 卡图形3号点西偏南15度。,2;3;15,度,,,西偏南15度,,,,missing_exam_date
gcond_3f295457ae3b,gcond_3f295457ae3b,gctpl_43f5f68d690d,gsec_18ecc65225ef,qbank_32b37a2f20be,实操题库_地面站考试条件_2026H1_地面站避让点题型.txt_34,2026H1,2026H1,地面站避让点题型,2026-05-06,广东03考场,避让点题型-考试条件提取.docx,35,1,1,(一),coordinate;speed_height;turn_hold_loop;geometry,"规划一个闭合六边形并循环执行，边长为a,①②③航点 相对地面高度为b,④⑤⑥航点相对地面高度为c,水平速度为d, 垂直速度为e,转弯方式为协调转弯。",,度,①;②;③;④;⑤;⑥,,,,,,
gcond_eed8911d3901,gcond_eed8911d3901,gctpl_6ecbe18ac9ea,gsec_18ecc65225ef,qbank_32b37a2f20be,实操题库_地面站考试条件_2026H1_地面站避让点题型.txt_34,2026H1,2026H1,地面站避让点题型,2026-05-06,广东03考场,避让点题型-考试条件提取.docx,35,2,2,(二),coordinate;speed_height,"a值为300米，b值为55米，c值为35m,d值为5m/s, e值为3m/so",300;55;35;5;3,m;m/s;米,,,,5m/s;3m/s,,,
gcond_6c8e5fafd8e9,gcond_6c8e5fafd8e9,gctpl_d06f5bbeb539,gsec_18ecc65225ef,qbank_32b37a2f20be,实操题库_地面站考试条件_2026H1_地面站避让点题型.txt_34,2026H1,2026H1,地面站避让点题型,2026-05-06,广东03考场,避让点题型-考试条件提取.docx,35,3,3,一、,coordinate;takeoff_return,"起飞点经纬度： N:33°46′36 E:115°24'17""",33;46;36;115;24;17,°;度,起飞点,"N:33°46′36;E:115°24'17""",33°;115°,,,,
gcond_85632fa92b07,gcond_85632fa92b07,gctpl_db77e3b51511,gsec_18ecc65225ef,qbank_32b37a2f20be,实操题库_地面站考试条件_2026H1_地面站避让点题型.txt_34,2026H1,2026H1,地面站避让点题型,2026-05-06,广东03考场,避让点题型-考试条件提取.docx,35,4,4,二、,coordinate;bearing_angle;restriction;geometry,由于空域限制：起 飞后需向NW方向飞行 1100米到达“避让点” 再执行航线任务。题卡 图形1号点位于“避让点” SW方向300米处,1100;1;300,S;米,,,,,,1100米;300米,
gcond_ef8b7d60fe63,gcond_ef8b7d60fe63,gctpl_28b240dbdfb2,gsec_18ecc65225ef,qbank_32b37a2f20be,实操题库_地面站考试条件_2026H1_地面站避让点题型.txt_34,2026H1,2026H1,地面站避让点题型,2026-05-06,广东03考场,避让点题型-考试条件提取.docx,35,5,5,三、,geometry,题卡图形2号点位于 题卡图形1号点西偏南15 度。,2;1;15,度,,,15 度,,,,
gcond_e976d00df18b,gcond_e976d00df18b,gctpl_c4e57d3c73b2,gsec_32fdfa53a3f4,qbank_32b37a2f20be,实操题库_地面站考试条件_2026H1_地面站避让点题型.txt_35,2026H1,2026H1,地面站避让点题型,2026-05-06,广东03考场,避让点题型-考试条件提取.docx,36,1,1,(一),coordinate;speed_height;turn_hold_loop;bearing_angle;geometry,"按图规划一个闭合四边形并循环执行，①②边、②③边边 长为a,①④边边长为b，∠②=∠①=90·航线相对地面高度为c, 水平速度为d，垂直速度为e,转弯模式为停止转弯，停留时间5s;",90;5,s;度,①;②;②;③;①;④;②;①,,,,,,
gcond_f591c069a9be,gcond_f591c069a9be,gctpl_e157b0c70e9b,gsec_32fdfa53a3f4,qbank_32b37a2f20be,实操题库_地面站考试条件_2026H1_地面站避让点题型.txt_35,2026H1,2026H1,地面站避让点题型,2026-05-06,广东03考场,避让点题型-考试条件提取.docx,36,2,2,(二),coordinate;speed_height,"a值为200米，b值为400米，c值为300m,d值为 6m/s,e值为3m/s。",200;400;300;6;3,m;m/s;米,,,,6m/s;3m/s,,,
gcond_ce2dd0484106,gcond_ce2dd0484106,gctpl_1f51d427e509,gsec_32fdfa53a3f4,qbank_32b37a2f20be,实操题库_地面站考试条件_2026H1_地面站避让点题型.txt_35,2026H1,2026H1,地面站避让点题型,2026-05-06,广东03考场,避让点题型-考试条件提取.docx,36,3,3,一：,coordinate;restriction,"避让点经纬度： N:28°39'30 E:115°5632""",28;39;30;115;5632,°;度,,"N:28°39'30;E:115°5632""",28°;115°,,,,
gcond_231619d4ceca,gcond_231619d4ceca,gctpl_ced6a3489269,gsec_32fdfa53a3f4,qbank_32b37a2f20be,实操题库_地面站考试条件_2026H1_地面站避让点题型.txt_35,2026H1,2026H1,地面站避让点题型,2026-05-06,广东03考场,避让点题型-考试条件提取.docx,36,4,4,二：,coordinate;bearing_angle;restriction;geometry,由于空域限制，起飞 候需向NW方向飞行800米 到达“避让点”再执行任 务航线，任务航线1点位于 “避让点”SW方向300米 处,800;1;300,S;米,,,,,,800米;300米,
gcond_64106c72a0c0,gcond_64106c72a0c0,gctpl_9347ff74658c,gsec_32fdfa53a3f4,qbank_32b37a2f20be,实操题库_地面站考试条件_2026H1_地面站避让点题型.txt_35,2026H1,2026H1,地面站避让点题型,2026-05-06,广东03考场,避让点题型-考试条件提取.docx,36,5,5,三：,geometry,任务航线2点位于任务 航点1东偏南25°,2;1;25,°,,,25°,,,,
gcond_523dbdb2e279,gcond_523dbdb2e279,gctpl_078eb3b73eee,gsec_1888980b49c1,qbank_32b37a2f20be,实操题库_地面站考试条件_2026H1_地面站避让点题型.txt_36,2026H1,2026H1,地面站避让点题型,2026-05-06,广东03考场,避让点题型-考试条件提取.docx,37,1,1,(一),coordinate;speed_height;turn_hold_loop;bearing_angle;geometry,"规划一个闭合五边形并循环执行，①②、②③、③④、④⑤、①⑤边 的边长为a,∠②=∠①为90°，航线相对地面高度为b,水平速度为c,垂直 速度为d,转弯模式为停止转弯，各点停留时间为e;",90,°;度,①;②;②;③;③;④;④;⑤;①;⑤;②;①,,90°,,,,
gcond_9aa5e042fe0d,gcond_9aa5e042fe0d,gctpl_2aa36febc669,gsec_1888980b49c1,qbank_32b37a2f20be,实操题库_地面站考试条件_2026H1_地面站避让点题型.txt_36,2026H1,2026H1,地面站避让点题型,2026-05-06,广东03考场,避让点题型-考试条件提取.docx,37,2,2,(二),coordinate;speed_height,"a值为300米，b值为60米，c值为4m/s,d值为3m/s,e值为 17s。",300;60;4;3;17,m/s;s;米,,,,4m/s;3m/s,,,
gcond_31dc8f4e261d,gcond_31dc8f4e261d,gctpl_096e23dea6e6,gsec_1888980b49c1,qbank_32b37a2f20be,实操题库_地面站考试条件_2026H1_地面站避让点题型.txt_36,2026H1,2026H1,地面站避让点题型,2026-05-06,广东03考场,避让点题型-考试条件提取.docx,37,3,3,一：,coordinate;geometry,题卡图形1号点经纬 度： N:27°46′36 E:123°12'17,1;27;46;36;123;12;17,°;度,,N:27°46′36;E:123°12'17,27°;123°,,,,
gcond_4d18b9521e11,gcond_4d18b9521e11,gctpl_b37976a0881b,gsec_1888980b49c1,qbank_32b37a2f20be,实操题库_地面站考试条件_2026H1_地面站避让点题型.txt_36,2026H1,2026H1,地面站避让点题型,2026-05-06,广东03考场,避让点题型-考试条件提取.docx,37,4,4,二：,coordinate;bearing_angle;restriction;geometry,由于空城限制：起 飞后需向SE方向飞行600 米到达”避让点”再执 行航线任务。 题卡图形1号点位于“避让 点”NW方向500米处,600;1;500,S;米,,,,,,600 米;500米,
gcond_aee91b3a00f6,gcond_aee91b3a00f6,gctpl_ef41d5011959,gsec_1888980b49c1,qbank_32b37a2f20be,实操题库_地面站考试条件_2026H1_地面站避让点题型.txt_36,2026H1,2026H1,地面站避让点题型,2026-05-06,广东03考场,避让点题型-考试条件提取.docx,37,5,5,三：,geometry,提卡图形2号点位于 题卡图形1号点西偏南20°,2;1;20,°,,,20°,,,,
gcond_e5ecc639f931,gcond_e5ecc639f931,gctpl_c98d52f860fc,gsec_f09f2fbd8df9,qbank_32b37a2f20be,实操题库_地面站考试条件_2026H1_地面站避让点题型.txt_37,2026H1,2026H1,地面站避让点题型,2026-05-27,广西01考场,避让点题型-考试条件提取.docx,38,1,1,(一),coordinate;speed_height;turn_hold_loop;bearing_angle;takeoff_return,"与 的相对方位由委任代表根据 现场环境等情况进行决定。按图于起飞点前规划扫描航线要求不闭合， 不循环，航线长度为a,航线间隔为b,航线相对地面高度为c,水 平速度为d,垂直速度为e,转弯模式为停止转弯，停留时间不作要 求；",,度,起飞点,,,,,,
gcond_55f8c42d60bd,gcond_55f8c42d60bd,gctpl_4b1cbc3ff038,gsec_f09f2fbd8df9,qbank_32b37a2f20be,实操题库_地面站考试条件_2026H1_地面站避让点题型.txt_37,2026H1,2026H1,地面站避让点题型,2026-05-27,广西01考场,避让点题型-考试条件提取.docx,38,2,2,(二),coordinate;speed_height;bearing_angle,"a值建议为300米，b值建议为100米，c值建议为300m, d值建议为3m/s,e值建议为2m/s(航线方位及各数值可由委任代 表按实际情况进行调整，考题以委任代表规定数值为准)",300;100;300;3;2,m;m/s;米,,,,3m/s;2m/s,,,
gcond_d4cb970b963a,gcond_d4cb970b963a,gctpl_1fef514c054a,gsec_f09f2fbd8df9,qbank_32b37a2f20be,实操题库_地面站考试条件_2026H1_地面站避让点题型.txt_37,2026H1,2026H1,地面站避让点题型,2026-05-27,广西01考场,避让点题型-考试条件提取.docx,38,3,3,1、,coordinate;takeoff_return,"起飞点10点经纬度： N:25°25'25""E:112°12'12”",10;25;25;25;112;12;12,°;度,起飞点,"N:25°25'25"";E:112°12'12”",25°;112°,,,,
gcond_ca5050bb6dee,gcond_ca5050bb6dee,gctpl_6a8d69f8a1cf,gsec_f09f2fbd8df9,qbank_32b37a2f20be,实操题库_地面站考试条件_2026H1_地面站避让点题型.txt_37,2026H1,2026H1,地面站避让点题型,2026-05-27,广西01考场,避让点题型-考试条件提取.docx,38,4,4,2、,coordinate;speed_height;bearing_angle;restriction;geometry,"起飞后需向NW方向飞行 400米到达""避让点""再执行航 线任务，避让点高度为200米 ""避让点""位于图形①号点SW 方向200米处。",400;200;200,S;度;米,①,,,,200米,400米;200米;200米,
gcond_cf4c638091eb,gcond_cf4c638091eb,gctpl_282f1a4680e1,gsec_f09f2fbd8df9,qbank_32b37a2f20be,实操题库_地面站考试条件_2026H1_地面站避让点题型.txt_37,2026H1,2026H1,地面站避让点题型,2026-05-27,广西01考场,避让点题型-考试条件提取.docx,38,5,5,3、,bearing_angle,4-3点航向为西偏北30度。,4;3;30,度,4,,西偏北30度,,,,
gcond_fce7d8f32b95,gcond_fce7d8f32b95,gctpl_b406c9c1f07c,gsec_ffb5083e13da,qbank_32b37a2f20be,实操题库_地面站考试条件_2026H1_地面站避让点题型.txt_38,2026H1,2026H1,地面站避让点题型,2026-05-27,贵州01考场,避让点题型-考试条件提取.docx,39,1,1,(一),coordinate;speed_height;turn_hold_loop;geometry,"按图规划一个不闭合的任务航线并不循环执行，①③、 ②③、②④、①④边长为300米，①点相对地面高度为a,②点相对 地面高度为b，③点相对地面高度为c,④点相对地面高度为d, 水平速度为e，垂直速度为f，转弯模式为停止转弯，停留时间2s;",300;2,s;度;米,①;③;②;③;②;④;①;④;①;②;③;④,,,,300米,300米,
gcond_2851b0fa9c42,gcond_2851b0fa9c42,gctpl_ef11846ede82,gsec_ffb5083e13da,qbank_32b37a2f20be,实操题库_地面站考试条件_2026H1_地面站避让点题型.txt_38,2026H1,2026H1,地面站避让点题型,2026-05-27,贵州01考场,避让点题型-考试条件提取.docx,39,2,2,(二),coordinate;speed_height,"a值为20米，b值为25米，c值为30m,d值为20m, e值为2m/s,f值为2m/s。",20;25;30;20;2;2,m;m/s;米,,,,2m/s;2m/s,,,
gcond_6ca8e61c5ab8,gcond_6ca8e61c5ab8,gctpl_8342c5a664a0,gsec_ffb5083e13da,qbank_32b37a2f20be,实操题库_地面站考试条件_2026H1_地面站避让点题型.txt_38,2026H1,2026H1,地面站避让点题型,2026-05-27,贵州01考场,避让点题型-考试条件提取.docx,39,3,3,1、,coordinate,"题卡2点经纬度： N:32°29'28"" E:121°46'18""",2;32;29;28;121;46;18,°;度,,"N:32°29'28"";E:121°46'18""",32°;121°,,,,
gcond_fe8c5e6b6444,gcond_fe8c5e6b6444,gctpl_dce7cc332b26,gsec_ffb5083e13da,qbank_32b37a2f20be,实操题库_地面站考试条件_2026H1_地面站避让点题型.txt_38,2026H1,2026H1,地面站避让点题型,2026-05-27,贵州01考场,避让点题型-考试条件提取.docx,39,4,4,2、,bearing_angle;restriction;geometry,"起飞后需向西偏南15度方 向飞行600米到达""避让点” 再执行航线任务。避让点高 度为80米。 题卡图形1号点在”避让点” SW方向500米处。",15;600;80;1;500,S;度;米,,,西偏南15度,,80米,600米,
gcond_f0a8536b817b,gcond_f0a8536b817b,gctpl_fbd8a4b33edf,gsec_ffb5083e13da,qbank_32b37a2f20be,实操题库_地面站考试条件_2026H1_地面站避让点题型.txt_38,2026H1,2026H1,地面站避让点题型,2026-05-27,贵州01考场,避让点题型-考试条件提取.docx,39,5,5,3、,geometry,题卡图形3号点到题卡图 形2号点西偏南30度。,3;2;30,度,,,西偏南30度,,,,
gcond_fcaa1461f03c,gcond_fcaa1461f03c,gctpl_fb08a1c854a5,gsec_199b109e7986,qbank_32b37a2f20be,实操题库_地面站考试条件_2026H1_地面站避让点题型.txt_39,2026H1,2026H1,地面站避让点题型,2026-05-27,贵州01考场,避让点题型-考试条件提取.docx,40,1,1,(一),coordinate;speed_height;turn_hold_loop,"规划扫描航线要求闭合不循环，航线长度为a，航线间隔 为b,航线相对地面高度为c,水平速度为d,垂直速度为e,转弯模 式为协调转弯；",,度,,,,,,,
gcond_483ed86fca25,gcond_483ed86fca25,gctpl_f03e954743f3,gsec_199b109e7986,qbank_32b37a2f20be,实操题库_地面站考试条件_2026H1_地面站避让点题型.txt_39,2026H1,2026H1,地面站避让点题型,2026-05-27,贵州01考场,避让点题型-考试条件提取.docx,40,2,2,(二),coordinate;speed_height,"a值为300米，b值为100米，c值为300m,d值为3m/s e值为2m/s。",300;100;300;3;2,m;m/s;米,,,,3m/s;2m/s,,,
gcond_f4e0c8bccca5,gcond_f4e0c8bccca5,gctpl_03d22aac2729,gsec_199b109e7986,qbank_32b37a2f20be,实操题库_地面站考试条件_2026H1_地面站避让点题型.txt_39,2026H1,2026H1,地面站避让点题型,2026-05-27,贵州01考场,避让点题型-考试条件提取.docx,40,3,3,1、,coordinate;geometry,"题卡图形10号点经纬度： N:27°38'29"" E:24°25′26",10;27;38;29;24;25;26,°;度,,"N:27°38'29"";E:24°25′26",27°;24°,,,,
gcond_f4fdc904e2ff,gcond_f4fdc904e2ff,gctpl_b1939de89987,gsec_199b109e7986,qbank_32b37a2f20be,实操题库_地面站考试条件_2026H1_地面站避让点题型.txt_39,2026H1,2026H1,地面站避让点题型,2026-05-27,贵州01考场,避让点题型-考试条件提取.docx,40,4,4,2、,coordinate;speed_height;bearing_angle;restriction;geometry,"起飞后需向南偏西20°方向 飞行600米到达""避让点""再执行 航线任务。避让点高度为320米 题卡图形1号点到""避让点""为 SE方向500米处。",20;600;320;1;500,S;°;度;米,,,20°,,320米,600米,
gcond_aca204cf9954,gcond_aca204cf9954,gctpl_21ed7c7c30ed,gsec_199b109e7986,qbank_32b37a2f20be,实操题库_地面站考试条件_2026H1_地面站避让点题型.txt_39,2026H1,2026H1,地面站避让点题型,2026-05-27,贵州01考场,避让点题型-考试条件提取.docx,40,5,5,3、,geometry,题卡图形2号点位于题卡图 形1号点东偏南20度。,2;1;20,度,,,东偏南20度,,,,
gcond_22d04776415b,gcond_22d04776415b,gctpl_abccfdb33f21,gsec_aecf83e7f9dc,qbank_32b37a2f20be,实操题库_地面站考试条件_2026H1_地面站避让点题型.txt_40,2026H1,2026H1,地面站避让点题型,2026-05-27,贵州01考场,避让点题型-考试条件提取.docx,41,1,1,(一）,coordinate;speed_height;turn_hold_loop;bearing_angle;geometry,"按图规划一个闭合四边形并循环执行，②③边长为a,①④ 边长为b,∠②=∠①=90·，∠④=60·航线相对地面高度为c,水 平速度为d,垂直速度为e,转弯模式为停止转弯，停留时间5s;",90;60;5,s;度,②;③;①;④;②;①;④,,,,,,
gcond_3d884aa8fa66,gcond_3d884aa8fa66,gctpl_5f9ebb42731a,gsec_aecf83e7f9dc,qbank_32b37a2f20be,实操题库_地面站考试条件_2026H1_地面站避让点题型.txt_40,2026H1,2026H1,地面站避让点题型,2026-05-27,贵州01考场,避让点题型-考试条件提取.docx,41,2,2,(二),coordinate;speed_height,"a值为200米，b值为300米，c值为300m,d值为 3m/s,e值为2m/so",200;300;300;3;2,m;m/s;米,,,,3m/s;2m/s,,,
gcond_2afa13adcfdd,gcond_2afa13adcfdd,gctpl_5dc7a8b3f5eb,gsec_aecf83e7f9dc,qbank_32b37a2f20be,实操题库_地面站考试条件_2026H1_地面站避让点题型.txt_40,2026H1,2026H1,地面站避让点题型,2026-05-27,贵州01考场,避让点题型-考试条件提取.docx,41,3,3,1、,coordinate;geometry,"题卡图形④号点经纬度： N:30°35′32 E:120°13'14""",30;35;32;120;13;14,°;度,④,"N:30°35′32;E:120°13'14""",30°;120°,,,,
gcond_54e56721edc5,gcond_54e56721edc5,gctpl_20b03542e108,gsec_aecf83e7f9dc,qbank_32b37a2f20be,实操题库_地面站考试条件_2026H1_地面站避让点题型.txt_40,2026H1,2026H1,地面站避让点题型,2026-05-27,贵州01考场,避让点题型-考试条件提取.docx,41,4,4,2、,coordinate;speed_height;bearing_angle;restriction;geometry,起飞后需向NW方向飞行 600米到达“避让点”再执行航 线任务。避让点高度为330米。 3 题卡图形1号点到“避让点”为 SE方向500米处,600;330;3;1;500,S;度;米,3,,,,330米,600米,
gcond_f0feec793608,gcond_f0feec793608,gctpl_74e879fcaf03,gsec_aecf83e7f9dc,qbank_32b37a2f20be,实操题库_地面站考试条件_2026H1_地面站避让点题型.txt_40,2026H1,2026H1,地面站避让点题型,2026-05-27,贵州01考场,避让点题型-考试条件提取.docx,41,5,5,3、,geometry,题卡图形2号点位于题卡图 形3号点北偏西20度。,2;3;20,度,,,北偏西20度,,,,
gcond_78a7539eb148,gcond_78a7539eb148,gctpl_5ddab4fba00b,gsec_a10940b09bf8,qbank_32b37a2f20be,实操题库_地面站考试条件_2026H1_地面站避让点题型.txt_41,2026H1,2026H1,地面站避让点题型,2026-06-10,河北03考场,避让点题型-考试条件提取.docx,42,1,1,(一),coordinate;speed_height;turn_hold_loop;geometry,"按图规划一个闭合的任务航线并循环执行，①③、②③、 ②④、①④边长为300米，①点相对地面高度为，②点相对地面高度 为b,③点相对地面高度为c,④点相对地面高度为d,水平速度为e, 垂直速度为f,转弯模式为停止转弯，停留时间2s;",300;2,s;度;米,①;③;②;③;②;④;①;④;①;②;③;④,,,,300米,300米,
gcond_f70ca788071e,gcond_f70ca788071e,gctpl_ef11846ede82,gsec_a10940b09bf8,qbank_32b37a2f20be,实操题库_地面站考试条件_2026H1_地面站避让点题型.txt_41,2026H1,2026H1,地面站避让点题型,2026-06-10,河北03考场,避让点题型-考试条件提取.docx,42,2,2,(二),coordinate;speed_height,"a值为20米，b值为25米，c值为30m,d值为20m, e值为2m/s,f值为2m/s。",20;25;30;20;2;2,m;m/s;米,,,,2m/s;2m/s,,,
gcond_94e6ff086c95,gcond_94e6ff086c95,gctpl_881d2615bc2a,gsec_a10940b09bf8,qbank_32b37a2f20be,实操题库_地面站考试条件_2026H1_地面站避让点题型.txt_41,2026H1,2026H1,地面站避让点题型,2026-06-10,河北03考场,避让点题型-考试条件提取.docx,42,3,3,1、,coordinate;restriction,"避让点经纬度： N:37°40'50"" E:115°34'40"" (零误差)",37;40;50;115;34;40,°;度,,"N:37°40'50"";E:115°34'40""",37°;115°,,,,
gcond_a3a3d3bb684f,gcond_a3a3d3bb684f,gctpl_554ce1533044,gsec_a10940b09bf8,qbank_32b37a2f20be,实操题库_地面站考试条件_2026H1_地面站避让点题型.txt_41,2026H1,2026H1,地面站避让点题型,2026-06-10,河北03考场,避让点题型-考试条件提取.docx,42,4,4,2、,coordinate;speed_height;bearing_angle;restriction;geometry,起飞后需向SE方向飞行600 米到达“避让点”再执行航线 任务。避让点高度为80米。 题卡图形1号点位于“避让点” SW方向500米处。,600;80;1;500,S;度;米,,,,,600 米;80米,600 米;80米;500米,
gcond_e330576b828b,gcond_e330576b828b,gctpl_fbd8a4b33edf,gsec_a10940b09bf8,qbank_32b37a2f20be,实操题库_地面站考试条件_2026H1_地面站避让点题型.txt_41,2026H1,2026H1,地面站避让点题型,2026-06-10,河北03考场,避让点题型-考试条件提取.docx,42,5,5,3、,geometry,题卡图形3号点到题卡图形 2号点西偏南30度。,3;2;30,度,,,西偏南30度,,,,
gcond_639fea536ef4,gcond_639fea536ef4,gctpl_3a5874ca88c1,gsec_e77ca8a61dc9,qbank_32b37a2f20be,实操题库_地面站考试条件_2026H1_地面站避让点题型.txt_42,2026H1,2026H1,地面站避让点题型,2026-06-10,河北03考场,避让点题型-考试条件提取.docx,43,1,1,(一),coordinate;speed_height;turn_hold_loop;geometry,"规划一个闭合六边形并循环执行，边长为a,①②③航点 相对地面高度为b，④⑤⑥航点相对地面高度为c，水平速度为d, 垂直速度为e,转弯方式为停止转弯，各点停留时间为f;",,度,①;②;③;④;⑤;⑥,,,,,,
gcond_ebe18079aa92,gcond_ebe18079aa92,gctpl_d7eaf440dbc8,gsec_e77ca8a61dc9,qbank_32b37a2f20be,实操题库_地面站考试条件_2026H1_地面站避让点题型.txt_42,2026H1,2026H1,地面站避让点题型,2026-06-10,河北03考场,避让点题型-考试条件提取.docx,43,2,2,(二),coordinate;speed_height,"a值为300米，b值为30米，c值为25m,d值为4m/s, e值为2m/s,f值为2s。",300;30;25;4;2;2,m;m/s;s;米,,,,4m/s;2m/s,,,
gcond_6a6dfc2b8ee2,gcond_6a6dfc2b8ee2,gctpl_2c52443c8881,gsec_e77ca8a61dc9,qbank_32b37a2f20be,实操题库_地面站考试条件_2026H1_地面站避让点题型.txt_42,2026H1,2026H1,地面站避让点题型,2026-06-10,河北03考场,避让点题型-考试条件提取.docx,43,3,3,1、,coordinate;geometry,"题卡图形1号点经纬度： N:28°28′28"" 5 E:120°12'12”",1;28;28;28;5;120;12;12,°;度,5,"N:28°28′28"";E:120°12'12”",28°;120°,,,,
gcond_cdc1df29191d,gcond_cdc1df29191d,gctpl_2ee3dc4aa1f3,gsec_e77ca8a61dc9,qbank_32b37a2f20be,实操题库_地面站考试条件_2026H1_地面站避让点题型.txt_42,2026H1,2026H1,地面站避让点题型,2026-06-10,河北03考场,避让点题型-考试条件提取.docx,43,4,4,2、,coordinate;speed_height;bearing_angle;restriction;geometry,"起飞后需向SE方向飞行600 米到达""避让点""再执行航线任 务。避让点高度为80米。 题卡图形1号点位于""避让点” NW方向500米处。",600;80;1;500,S;度;米,,,,,600 米;80米,600 米;80米;500米,
gcond_7f19428354b7,gcond_7f19428354b7,gctpl_2d54d15f2070,gsec_e77ca8a61dc9,qbank_32b37a2f20be,实操题库_地面站考试条件_2026H1_地面站避让点题型.txt_42,2026H1,2026H1,地面站避让点题型,2026-06-10,河北03考场,避让点题型-考试条件提取.docx,43,5,5,3、,geometry,题卡图形1号点到题卡图形2 号点西偏南20度。,1;2;20,度,,,西偏南20度,,,,
gcond_5218e7f5e7fd,gcond_5218e7f5e7fd,gctpl_3a5874ca88c1,gsec_26071082870c,qbank_32b37a2f20be,实操题库_地面站考试条件_2026H1_地面站避让点题型.txt_43,2026H1,2026H1,地面站避让点题型,2026-06-10,河北03考场,避让点题型-考试条件提取.docx,44,1,1,(一),coordinate;speed_height;turn_hold_loop;geometry,"规划一个闭合六边形并循环执行，边长为a,①②③航点 相对地面高度为b,④⑤⑥航点相对地面高度为c,水平速度为d,垂 直速度为e,转弯方式为停止转弯，各点停留时间为f;",,度,①;②;③;④;⑤;⑥,,,,,,
gcond_20e59b5717e9,gcond_20e59b5717e9,gctpl_d7eaf440dbc8,gsec_26071082870c,qbank_32b37a2f20be,实操题库_地面站考试条件_2026H1_地面站避让点题型.txt_43,2026H1,2026H1,地面站避让点题型,2026-06-10,河北03考场,避让点题型-考试条件提取.docx,44,2,2,(二),coordinate;speed_height,"a值为300米，b值为30米，c值为25m,d值为4m/s, e值为2m/s,f值为2s。",300;30;25;4;2;2,m;m/s;s;米,,,,4m/s;2m/s,,,
gcond_e78c41bc1292,gcond_e78c41bc1292,gctpl_a68694b21fbe,gsec_26071082870c,qbank_32b37a2f20be,实操题库_地面站考试条件_2026H1_地面站避让点题型.txt_43,2026H1,2026H1,地面站避让点题型,2026-06-10,河北03考场,避让点题型-考试条件提取.docx,44,3,3,1、,coordinate;geometry,"题卡图形1号点经纬度： N:26°25′24"" 3 E:120°16'18”",1;26;25;24;3;120;16;18,°;度,3,"N:26°25′24"";E:120°16'18”",26°;120°,,,,
gcond_880ae4284119,gcond_880ae4284119,gctpl_0495b3318bd0,gsec_26071082870c,qbank_32b37a2f20be,实操题库_地面站考试条件_2026H1_地面站避让点题型.txt_43,2026H1,2026H1,地面站避让点题型,2026-06-10,河北03考场,避让点题型-考试条件提取.docx,44,4,4,2、,coordinate;speed_height;bearing_angle;restriction;geometry,"起飞后需向SE方向飞行500 6 米到达""避让点""再执行航线任务。避让点高度为80米。 1 题卡图形1号点位于“避让点” NW方向600米处。",500;6;80;1;1;600,S;度;米,6;1,,,,6 米;80米,6 米;80米;600米,
gcond_3a32f5f6667f,gcond_3a32f5f6667f,gctpl_61c1f9a6048f,gsec_26071082870c,qbank_32b37a2f20be,实操题库_地面站考试条件_2026H1_地面站避让点题型.txt_43,2026H1,2026H1,地面站避让点题型,2026-06-10,河北03考场,避让点题型-考试条件提取.docx,44,5,5,3、,geometry,题卡图形2号点到题卡图形1 号点南偏西20度。,2;1;20,度,,,南偏西20度,,,,
gcond_42707641482d,gcond_42707641482d,gctpl_3a5874ca88c1,gsec_f56c500261a8,qbank_32b37a2f20be,实操题库_地面站考试条件_2026H1_地面站避让点题型.txt_44,2026H1,2026H1,地面站避让点题型,2026-06-10,河北03考场,避让点题型-考试条件提取.docx,45,1,1,(一),coordinate;speed_height;turn_hold_loop;geometry,"规划一个闭合六边形并循环执行，边长为a,①②③航点 相对地面高度为b,④⑤⑥航点相对地面高度为c,水平速度为d, 垂直速度为e,转弯方式为停止转弯，各点停留时间为f;",,度,①;②;③;④;⑤;⑥,,,,,,
gcond_e88ac422b6e8,gcond_e88ac422b6e8,gctpl_4edf43250e90,gsec_f56c500261a8,qbank_32b37a2f20be,实操题库_地面站考试条件_2026H1_地面站避让点题型.txt_44,2026H1,2026H1,地面站避让点题型,2026-06-10,河北03考场,避让点题型-考试条件提取.docx,45,2,2,(二),coordinate;speed_height,"a值为300米，b值为35米，c值为25m,d值为4m/s, e值为2m/s,f值为2s。",300;35;25;4;2;2,m;m/s;s;米,,,,4m/s;2m/s,,,
gcond_0679e83f4990,gcond_0679e83f4990,gctpl_01f196f488ce,gsec_f56c500261a8,qbank_32b37a2f20be,实操题库_地面站考试条件_2026H1_地面站避让点题型.txt_44,2026H1,2026H1,地面站避让点题型,2026-06-10,河北03考场,避让点题型-考试条件提取.docx,45,3,3,一、,coordinate;geometry,题卡图形2号点经纬度： N:37°40'50 E:115°34'40(零误差),2;37;40;50;115;34;40,°;度,,N:37°40'50;E:115°34'40,37°;115°,,,,
gcond_a52a0599b2af,gcond_a52a0599b2af,gctpl_8b789faee9b0,gsec_f56c500261a8,qbank_32b37a2f20be,实操题库_地面站考试条件_2026H1_地面站避让点题型.txt_44,2026H1,2026H1,地面站避让点题型,2026-06-10,河北03考场,避让点题型-考试条件提取.docx,45,4,4,二、,coordinate;speed_height;bearing_angle;restriction;geometry,起飞后需向NE方向飞行 500米到达“避让点”再执行 航线任务。避让点高度为80米 题卡图形1号点位于“避让点” NW方向400米处。,500;80;1;400,度;米,,,,,80米,500米;80米;400米,
gcond_9a9f311f4377,gcond_9a9f311f4377,gctpl_9f351572c65d,gsec_f56c500261a8,qbank_32b37a2f20be,实操题库_地面站考试条件_2026H1_地面站避让点题型.txt_44,2026H1,2026H1,地面站避让点题型,2026-06-10,河北03考场,避让点题型-考试条件提取.docx,45,5,5,三、,geometry,题卡图形2号点到题卡图 形1号点南偏东15度。,2;1;15,度,,,南偏东15度,,,,
gcond_7d60412d7659,gcond_7d60412d7659,gctpl_fb08a1c854a5,gsec_b789e4314868,qbank_32b37a2f20be,实操题库_地面站考试条件_2026H1_地面站避让点题型.txt_45,2026H1,2026H1,地面站避让点题型,2026-06-10,河北03考场,避让点题型-考试条件提取.docx,46,1,1,(一),coordinate;speed_height;turn_hold_loop,"规划扫描航线要求闭合不循环，航线长度为a,航线间隔为b, 航线相对地面高度为c,水平速度为d,垂直速度为e,转弯模式为协调 转弯；",,度,,,,,,,
gcond_33043817c613,gcond_33043817c613,gctpl_5f895e7ab424,gsec_b789e4314868,qbank_32b37a2f20be,实操题库_地面站考试条件_2026H1_地面站避让点题型.txt_45,2026H1,2026H1,地面站避让点题型,2026-06-10,河北03考场,避让点题型-考试条件提取.docx,46,2,2,(二),coordinate;speed_height,"a值建议为300米，b值建议为100米，c值建议为300m,d值建 议为2m/s,e值建议为2m/s。",300;100;300;2;2,m;m/s;米,,,,2m/s;2m/s,,,
gcond_93b7cbac9b48,gcond_93b7cbac9b48,gctpl_0d2fa54199a4,gsec_b789e4314868,qbank_32b37a2f20be,实操题库_地面站考试条件_2026H1_地面站避让点题型.txt_45,2026H1,2026H1,地面站避让点题型,2026-06-10,河北03考场,避让点题型-考试条件提取.docx,46,3,3,1、,coordinate;geometry,"题卡图形3号点经纬度： N:37°40'50"" E:115°34'40” (零误差)",3;37;40;50;115;34;40,°;度,,"N:37°40'50"";E:115°34'40”",37°;115°,,,,
gcond_e2ada4629f24,gcond_e2ada4629f24,gctpl_9d3325190b99,gsec_b789e4314868,qbank_32b37a2f20be,实操题库_地面站考试条件_2026H1_地面站避让点题型.txt_45,2026H1,2026H1,地面站避让点题型,2026-06-10,河北03考场,避让点题型-考试条件提取.docx,46,4,4,2、,coordinate;speed_height;bearing_angle;restriction;geometry,"起飞后需向SW方向飞行600 米到达""避让点""再执行航线任 务。避让点高度为320米。 题卡图形1号点到""避让点""为 4) SE方向300米。",600;320;1;4;300,S;度;米,4,,,,600 米;320米,600 米,
gcond_7f1316b0151a,gcond_7f1316b0151a,gctpl_cae8177dc114,gsec_b789e4314868,qbank_32b37a2f20be,实操题库_地面站考试条件_2026H1_地面站避让点题型.txt_45,2026H1,2026H1,地面站避让点题型,2026-06-10,河北03考场,避让点题型-考试条件提取.docx,46,5,5,3、,geometry,题卡图形2号点位于题卡图 形3号点东偏南20度。,2;3;20,度,,,东偏南20度,,,,
gcond_71c2bacf2cb0,gcond_71c2bacf2cb0,gctpl_980ee1a05f8d,gsec_19e3a5a08f9f,qbank_32b37a2f20be,实操题库_地面站考试条件_2026H1_地面站避让点题型.txt_46,2026H1,2026H1,地面站避让点题型,2026-06-10,河北03考场,避让点题型-考试条件提取.docx,47,1,1,(一),coordinate;speed_height;turn_hold_loop;bearing_angle;geometry,"按图规划一个闭合四边形并循环执行，②③边边长为a,①④ 边边长为，∠②=∠①=90°，∠④=60°。航线相对地面高度为c,水平速度 为d,垂直速度为e,转弯棋式为停止转弯，停留时间5s;",90;60;5,s;°;度,②;③;①;④;②;①;④,,90°;60°,,,,
gcond_794edfb567f9,gcond_794edfb567f9,gctpl_310bea5fbc89,gsec_19e3a5a08f9f,qbank_32b37a2f20be,实操题库_地面站考试条件_2026H1_地面站避让点题型.txt_46,2026H1,2026H1,地面站避让点题型,2026-06-10,河北03考场,避让点题型-考试条件提取.docx,47,2,2,(二),coordinate;speed_height,"a值建议为200米，b值建议为300米，c值建议为300m,d值 建议为3m/s,e值建议为2m/s。",200;300;300;3;2,m;m/s;米,,,,3m/s;2m/s,,,
gcond_b5d911359cbf,gcond_b5d911359cbf,gctpl_3eb4becc08c2,gsec_19e3a5a08f9f,qbank_32b37a2f20be,实操题库_地面站考试条件_2026H1_地面站避让点题型.txt_46,2026H1,2026H1,地面站避让点题型,2026-06-10,河北03考场,避让点题型-考试条件提取.docx,47,3,3,1、,coordinate;geometry,题卡图形4号点经纬度： E:115°34'40 N:37°40'50 (零误差),4;115;34;40;37;40;50,°;度,,E:115°34'40;N:37°40'50,115°;37°,,,,
gcond_70904e7c5ff0,gcond_70904e7c5ff0,gctpl_7a44b353bf23,gsec_19e3a5a08f9f,qbank_32b37a2f20be,实操题库_地面站考试条件_2026H1_地面站避让点题型.txt_46,2026H1,2026H1,地面站避让点题型,2026-06-10,河北03考场,避让点题型-考试条件提取.docx,47,4,4,2、,coordinate;speed_height;bearing_angle;restriction;geometry,起飞后需向NW方向飞行 600米到达“避让点”后再执行 航线任务。避让点高度为330米 题卡图形1号点到“避让点”为 SE方向500米处。,600;330;1;500,S;度;米,,,,,330米,600米,
gcond_170030ed2e07,gcond_170030ed2e07,gctpl_74e879fcaf03,gsec_19e3a5a08f9f,qbank_32b37a2f20be,实操题库_地面站考试条件_2026H1_地面站避让点题型.txt_46,2026H1,2026H1,地面站避让点题型,2026-06-10,河北03考场,避让点题型-考试条件提取.docx,47,5,5,3、,geometry,题卡图形2号点位于题卡 图形3号点北偏西20度。,2;3;20,度,,,北偏西20度,,,,
gcond_60b2948bae9a,gcond_60b2948bae9a,gctpl_fa34d0b15b8b,gsec_23bb3da7472f,qbank_32b37a2f20be,实操题库_地面站考试条件_2026H1_地面站避让点题型.txt_47,2026H1,2026H1,地面站避让点题型,2026-06-10,河北03考场,避让点题型-考试条件提取.docx,48,1,1,(一),coordinate;speed_height;turn_hold_loop;bearing_angle;geometry,"规划一个闭合五边形并循环执行，①②、②③、①⑤边的边长为a, ∠②=∠①为90°，∠④=90°。航线相对地面高度为b,水平速度为c,垂直速 度为d,转弯模式为停止转弯，各点停留时间为e；",90;90,°;度,①;②;②;③;①;⑤;②;①;④,,90°;90°,,,,
gcond_6438160e40f1,gcond_6438160e40f1,gctpl_b4d61dce2d41,gsec_23bb3da7472f,qbank_32b37a2f20be,实操题库_地面站考试条件_2026H1_地面站避让点题型.txt_47,2026H1,2026H1,地面站避让点题型,2026-06-10,河北03考场,避让点题型-考试条件提取.docx,48,2,2,(二),coordinate;speed_height,"a值为300米，b值为300米，c值为3m/s,d值为2m/s,e值为10s",300;300;3;2;10,m/s;s;米,,,,3m/s;2m/s,,,
gcond_d8aa732b0ea2,gcond_d8aa732b0ea2,gctpl_a76c3c07f567,gsec_23bb3da7472f,qbank_32b37a2f20be,实操题库_地面站考试条件_2026H1_地面站避让点题型.txt_47,2026H1,2026H1,地面站避让点题型,2026-06-10,河北03考场,避让点题型-考试条件提取.docx,48,3,3,一、,coordinate;geometry,"题卡图形1号点经纬度： N:37°40'50"" E:115°34'40” (零误差)",1;37;40;50;115;34;40,°;度,,"N:37°40'50"";E:115°34'40”",37°;115°,,,,
gcond_6506f55aa7bd,gcond_6506f55aa7bd,gctpl_3d7656533106,gsec_23bb3da7472f,qbank_32b37a2f20be,实操题库_地面站考试条件_2026H1_地面站避让点题型.txt_47,2026H1,2026H1,地面站避让点题型,2026-06-10,河北03考场,避让点题型-考试条件提取.docx,48,4,4,二、,coordinate;speed_height;bearing_angle;restriction;geometry,"起飞后需向SE方向飞行600 米到达""避让点""再执行航线任务。 避让点高度为325米。 题卡图形1号点位于""避让点"" NW方向500米处。",600;325;1;500,S;度;米,,,,,600 米;325米,600 米;325米;500米,
gcond_eb62ccc80280,gcond_eb62ccc80280,gctpl_bf23508728c3,gsec_23bb3da7472f,qbank_32b37a2f20be,实操题库_地面站考试条件_2026H1_地面站避让点题型.txt_47,2026H1,2026H1,地面站避让点题型,2026-06-10,河北03考场,避让点题型-考试条件提取.docx,48,5,5,三、,geometry,题卡图形3号点到题卡图形2 号点西偏南25度。,3;2;25,度,,,西偏南25度,,,,
gcond_bf24d48d0650,gcond_bf24d48d0650,gctpl_a7ac3a032c5c,gsec_3b224bd0a6fd,qbank_32b37a2f20be,实操题库_地面站考试条件_2026H1_地面站避让点题型.txt_48,2026H1,2026H1,地面站避让点题型,2026-05-25,河北04考场,避让点题型-考试条件提取.docx,49,1,1,(一),coordinate;speed_height;turn_hold_loop;geometry,"按图规划一个手动闭合的任务航线，航线执行6次，①③、 ②③、②④、①④边长为300米，①点相对地面高度为a,②点相对 地面高度为b，③点相对地面高度为c，④点相对地面高度为d, 水平速度为e，垂直速度为f，转弯模式为停止转弯，停留时间7s;",6;300;7,s;度;米,①;③;②;③;②;④;①;④;①;②;③;④,,,,300米,300米,
gcond_397868e1f8ad,gcond_397868e1f8ad,gctpl_29215b554af9,gsec_3b224bd0a6fd,qbank_32b37a2f20be,实操题库_地面站考试条件_2026H1_地面站避让点题型.txt_48,2026H1,2026H1,地面站避让点题型,2026-05-25,河北04考场,避让点题型-考试条件提取.docx,49,2,2,(二),coordinate;speed_height,"a值为20米，b值为25米，c值为30m,d值为20m, e值为5m/s,f值为3m/s。",20;25;30;20;5;3,m;m/s;米,,,,5m/s;3m/s,,,
gcond_ef0a2d468991,gcond_ef0a2d468991,gctpl_c2edbdf8e234,gsec_3b224bd0a6fd,qbank_32b37a2f20be,实操题库_地面站考试条件_2026H1_地面站避让点题型.txt_48,2026H1,2026H1,地面站避让点题型,2026-05-25,河北04考场,避让点题型-考试条件提取.docx,49,3,3,1、,coordinate;restriction,"避让点经纬度： N:37°29'28"" E:113°4618”",37;29;28;113;4618,°;度,,"N:37°29'28"";E:113°4618”",37°;113°,,,,
gcond_17b68a561e22,gcond_17b68a561e22,gctpl_3b5a4aa3e297,gsec_3b224bd0a6fd,qbank_32b37a2f20be,实操题库_地面站考试条件_2026H1_地面站避让点题型.txt_48,2026H1,2026H1,地面站避让点题型,2026-05-25,河北04考场,避让点题型-考试条件提取.docx,49,4,4,2、,coordinate;speed_height;bearing_angle;restriction;geometry,起飞后需向SE方向飞行600 米到达“避让点”再执行航线任 务。避让点高度为80米。 题卡图形1号点位于”避让点” SW方向500米处。,600;80;1;500,S;度;米,,,,,600 米;80米,600 米;80米;500米,
gcond_7ff2b0c0f4eb,gcond_7ff2b0c0f4eb,gctpl_fbd8a4b33edf,gsec_3b224bd0a6fd,qbank_32b37a2f20be,实操题库_地面站考试条件_2026H1_地面站避让点题型.txt_48,2026H1,2026H1,地面站避让点题型,2026-05-25,河北04考场,避让点题型-考试条件提取.docx,49,5,5,3、,geometry,题卡图形3号点到题卡图形2 号点西偏南30度。,3;2;30,度,,,西偏南30度,,,,
gcond_62f41916e06c,gcond_62f41916e06c,gctpl_e8a81c245dbe,gsec_2834b721bfab,qbank_32b37a2f20be,实操题库_地面站考试条件_2026H1_地面站避让点题型.txt_49,2026H1,2026H1,地面站避让点题型,2026-05-25,河北04考场,避让点题型-考试条件提取.docx,50,1,1,(一),coordinate;speed_height;turn_hold_loop;geometry,"规划一个手动闭合正六边形航线，航线执行5次，边长为a, ①②③航点相对地面高度为b，④⑤⑥航点相对地面高度为c，水平速 度为d,垂直速度为e,转弯方式为停止转弯，各点停留时间为f；",5,度,①;②;③;④;⑤;⑥,,,,,,
gcond_978be183983e,gcond_978be183983e,gctpl_1b5a02a6f4f2,gsec_2834b721bfab,qbank_32b37a2f20be,实操题库_地面站考试条件_2026H1_地面站避让点题型.txt_49,2026H1,2026H1,地面站避让点题型,2026-05-25,河北04考场,避让点题型-考试条件提取.docx,50,2,2,(二),coordinate;speed_height,"a值为300米，b值为35米，c值为25m,d值为5m/s, e值为3m/s,f值为5s。",300;35;25;5;3;5,m;m/s;s;米,,,,5m/s;3m/s,,,
gcond_dd2cab61c68e,gcond_dd2cab61c68e,gctpl_50ab0faa1e23,gsec_2834b721bfab,qbank_32b37a2f20be,实操题库_地面站考试条件_2026H1_地面站避让点题型.txt_49,2026H1,2026H1,地面站避让点题型,2026-05-25,河北04考场,避让点题型-考试条件提取.docx,50,3,3,1、,coordinate;geometry,"题卡图形2号点经纬度： 5 N:38°25′26"" E:114°12'12""",2;5;38;25;26;114;12;12,°;度,5,"N:38°25′26"";E:114°12'12""",38°;114°,,,,
gcond_70081c07ad0f,gcond_70081c07ad0f,gctpl_d0f3c4ee65fc,gsec_2834b721bfab,qbank_32b37a2f20be,实操题库_地面站考试条件_2026H1_地面站避让点题型.txt_49,2026H1,2026H1,地面站避让点题型,2026-05-25,河北04考场,避让点题型-考试条件提取.docx,50,4,4,2、,coordinate;speed_height;bearing_angle;restriction;geometry,起飞后需向SE方向飞 行300米到达“避让点” 再执行航线任务。避让 点高度为80米。 题卡图形1号点位于“避 让点”SW方向300米处。,300;80;1;300,S;度;米,,,,,80米,300米;80米;300米,
gcond_617055cdd156,gcond_617055cdd156,gctpl_61c1f9a6048f,gsec_2834b721bfab,qbank_32b37a2f20be,实操题库_地面站考试条件_2026H1_地面站避让点题型.txt_49,2026H1,2026H1,地面站避让点题型,2026-05-25,河北04考场,避让点题型-考试条件提取.docx,50,5,5,3、,geometry,题卡图形2号点到题卡 图形1号点南偏西20度。,2;1;20,度,,,南偏西20度,,,,
gcond_b9cafac46b9f,gcond_b9cafac46b9f,gctpl_5499b9500b6f,gsec_4630f2b6fe28,qbank_32b37a2f20be,实操题库_地面站考试条件_2026H1_地面站避让点题型.txt_50,2026H1,2026H1,地面站避让点题型,2026-05-25,河北04考场,避让点题型-考试条件提取.docx,51,1,1,(一),coordinate;speed_height;turn_hold_loop;geometry,"规划一个手动闭合正六边形，边长为a,①②③航点相对 地面高度为b，④⑤⑥航点相对地面高度为c，水平速度为d,垂直 速度为e,转弯方式为协调转弯，航线执行次数为g；",,度,①;②;③;④;⑤;⑥,,,,,,
gcond_3a14aa388d8d,gcond_3a14aa388d8d,gctpl_7a7fc3e8bf38,gsec_4630f2b6fe28,qbank_32b37a2f20be,实操题库_地面站考试条件_2026H1_地面站避让点题型.txt_50,2026H1,2026H1,地面站避让点题型,2026-05-25,河北04考场,避让点题型-考试条件提取.docx,51,2,2,(二),coordinate;speed_height,a值为300米，b值为80米，c值为50米，d值为3米/秒， e值为2米/秒，g值为5次。,300;80;50;3;2;5,米;米/秒,,,,3米/秒;2米/秒,,,
gcond_5ec4af81f38f,gcond_5ec4af81f38f,gctpl_6d86ef87caeb,gsec_4630f2b6fe28,qbank_32b37a2f20be,实操题库_地面站考试条件_2026H1_地面站避让点题型.txt_50,2026H1,2026H1,地面站避让点题型,2026-05-25,河北04考场,避让点题型-考试条件提取.docx,51,3,3,一、,coordinate;geometry,"任务航线的航点②经纬度为： N:38°25′17"" E:113°12'17”",38;25;17;113;12;17,°;度,航点②,"N:38°25′17"";E:113°12'17”",38°;113°,,,,
gcond_70eea4b98116,gcond_70eea4b98116,gctpl_b28506270790,gsec_4630f2b6fe28,qbank_32b37a2f20be,实操题库_地面站考试条件_2026H1_地面站避让点题型.txt_50,2026H1,2026H1,地面站避让点题型,2026-05-25,河北04考场,避让点题型-考试条件提取.docx,51,4,4,二、,coordinate;speed_height;bearing_angle;restriction,由于空域限制：起飞后需向NE方向 飞行300米到达“避让点”后再执行任务 航线，”避让点”高度为110米。,300;110,度;米,,,,,110米,300米,
gcond_968a081e7bcd,gcond_968a081e7bcd,gctpl_29c450cd4511,gsec_4630f2b6fe28,qbank_32b37a2f20be,实操题库_地面站考试条件_2026H1_地面站避让点题型.txt_50,2026H1,2026H1,地面站避让点题型,2026-05-25,河北04考场,避让点题型-考试条件提取.docx,51,5,5,三、,coordinate;bearing_angle;restriction;geometry,"任务航线的航点①到“避让点”的 航线方向为NW,距离300米。",300,米,航点①,,,,300米,300米,
gcond_42725b81926a,gcond_42725b81926a,gctpl_f694b8c83d19,gsec_4630f2b6fe28,qbank_32b37a2f20be,实操题库_地面站考试条件_2026H1_地面站避让点题型.txt_50,2026H1,2026H1,地面站避让点题型,2026-05-25,河北04考场,避让点题型-考试条件提取.docx,51,6,6,四、,geometry,任务航线的航点②位于任务航线的 航点①西偏南15度方向,15,度,航点②;航点①,,西偏南15度,,,,
gcond_e18629ac8aa4,gcond_e18629ac8aa4,gctpl_b30ac941e3fd,gsec_821720ca1fab,qbank_32b37a2f20be,实操题库_地面站考试条件_2026H1_地面站避让点题型.txt_51,2026H1,2026H1,地面站避让点题型,2026-05-25,河北04考场,避让点题型-考试条件提取.docx,52,1,1,(一),coordinate;speed_height;turn_hold_loop,"规划扫描航线要求不闭合，航线长度为a,航线间隔为b, 航线相对地面高度为c,水平速度为d,垂直速度为e,转弯模式为停 止转弯，各点停留时间为f,航线执行次数为g;",,度,,,,,,,
gcond_eea5701e1fca,gcond_eea5701e1fca,gctpl_563bfd7556f7,gsec_821720ca1fab,qbank_32b37a2f20be,实操题库_地面站考试条件_2026H1_地面站避让点题型.txt_51,2026H1,2026H1,地面站避让点题型,2026-05-25,河北04考场,避让点题型-考试条件提取.docx,52,2,2,(二),coordinate;speed_height,a值为300米，b值为100米，c值为100米，d值为3米/秒， e值为3米/秒，f值为6秒，g值为3次。,300;100;100;3;3;6;3,秒;米;米/秒,,,,3米/秒;3米/秒,,,
gcond_172ea856ff00,gcond_172ea856ff00,gctpl_e5f037a9b069,gsec_821720ca1fab,qbank_32b37a2f20be,实操题库_地面站考试条件_2026H1_地面站避让点题型.txt_51,2026H1,2026H1,地面站避让点题型,2026-05-25,河北04考场,避让点题型-考试条件提取.docx,52,3,3,一、,coordinate;geometry,"任务航线的航点⑦经纬度： N:29°36′36” E:140°12'15""",29;36;36;140;12;15,°;度,航点⑦,"N:29°36′36”;E:140°12'15""",29°;140°,,,,
gcond_a71a77e25d5c,gcond_a71a77e25d5c,gctpl_1f7c7d0d7956,gsec_821720ca1fab,qbank_32b37a2f20be,实操题库_地面站考试条件_2026H1_地面站避让点题型.txt_51,2026H1,2026H1,地面站避让点题型,2026-05-25,河北04考场,避让点题型-考试条件提取.docx,52,4,4,二、,coordinate;speed_height;bearing_angle;restriction;geometry,由于空域限制：起飞后需向SE 方向飞行100米到达“避让点”后 再执行任务航线，“避让点”高度 为120米。,100;120,S;度;米,,,,,120米,100米,
gcond_844116c8ad83,gcond_844116c8ad83,gctpl_8d80fdc9f42d,gsec_821720ca1fab,qbank_32b37a2f20be,实操题库_地面站考试条件_2026H1_地面站避让点题型.txt_51,2026H1,2026H1,地面站避让点题型,2026-05-25,河北04考场,避让点题型-考试条件提取.docx,52,5,5,三、,bearing_angle;restriction;geometry,任务航线的航点①位于“避让 点”SW方向，距离500米。,500,S;米,航点①,,,,,500米,
gcond_4f26147b3a4a,gcond_4f26147b3a4a,gctpl_2eb232b917b0,gsec_821720ca1fab,qbank_32b37a2f20be,实操题库_地面站考试条件_2026H1_地面站避让点题型.txt_51,2026H1,2026H1,地面站避让点题型,2026-05-25,河北04考场,避让点题型-考试条件提取.docx,52,6,6,四、,geometry,任务航线的航点②到任务航线 的航点①的航线方向为西偏北25度,25,度,航点②;航点①,,西偏北25度,,,,
gcond_fbf7355fba3f,gcond_fbf7355fba3f,gctpl_7f23b67e05cf,gsec_2c6d9afb0a68,qbank_32b37a2f20be,实操题库_地面站考试条件_2026H1_地面站避让点题型.txt_52,2026H1,2026H1,地面站避让点题型,2026-05-25,河北04考场,避让点题型-考试条件提取.docx,53,1,1,(一),coordinate;speed_height;turn_hold_loop;bearing_angle;geometry,"按图规划一个手动闭合直角梯形，航线执行10次，①②、 ②③边长为a,①④边边长为b，∠②=∠①=90°航线相对地面高度为c ，水平速度为d，垂直速度为e,转弯模式为停止转弯，各点停留时 间15s;",10;90;15,s;°;度,①;②;②;③;①;④;②;①,,90°,,,,
gcond_f735fdb231d9,gcond_f735fdb231d9,gctpl_7d2342ae1a64,gsec_2c6d9afb0a68,qbank_32b37a2f20be,实操题库_地面站考试条件_2026H1_地面站避让点题型.txt_52,2026H1,2026H1,地面站避让点题型,2026-05-25,河北04考场,避让点题型-考试条件提取.docx,53,2,2,(二),coordinate;speed_height,"a值为200米，b值为300米，c值为300m,d值为 6m/s,e值为2m/s。",200;300;300;6;2,m;m/s;米,,,,6m/s;2m/s,,,
gcond_8b889b540f4c,gcond_8b889b540f4c,gctpl_42cbf41e7c63,gsec_2c6d9afb0a68,qbank_32b37a2f20be,实操题库_地面站考试条件_2026H1_地面站避让点题型.txt_52,2026H1,2026H1,地面站避让点题型,2026-05-25,河北04考场,避让点题型-考试条件提取.docx,53,3,3,1、,coordinate;geometry,题卡图形4号点经纬度： N:35°35′32” E:110°13′14”,4;35;35;32;110;13;14,°;度,,N:35°35′32”;E:110°13′14”,35°;110°,,,,
gcond_060bb1213140,gcond_060bb1213140,gctpl_d40491032d5c,gsec_2c6d9afb0a68,qbank_32b37a2f20be,实操题库_地面站考试条件_2026H1_地面站避让点题型.txt_52,2026H1,2026H1,地面站避让点题型,2026-05-25,河北04考场,避让点题型-考试条件提取.docx,53,4,4,2、,coordinate;speed_height;bearing_angle;restriction;geometry,起飞后需向NW方向飞行 600米到达“避让点”再执行 航线任务。避让点高度为90米 题卡图形1号点到“避让点”为 SE方向500米处,600;90;1;500,S;度;米,,,,,90米,600米,
gcond_a860e9c765b0,gcond_a860e9c765b0,gctpl_74e879fcaf03,gsec_2c6d9afb0a68,qbank_32b37a2f20be,实操题库_地面站考试条件_2026H1_地面站避让点题型.txt_52,2026H1,2026H1,地面站避让点题型,2026-05-25,河北04考场,避让点题型-考试条件提取.docx,53,5,5,3、,geometry,题卡图形2号点位于题卡图 形3号点北偏西20度。,2;3;20,度,,,北偏西20度,,,,
gcond_5b5414232d08,gcond_5b5414232d08,gctpl_01ee699374c6,gsec_ed96e0cb8b6e,qbank_32b37a2f20be,实操题库_地面站考试条件_2026H1_地面站避让点题型.txt_53,2026H1,2026H1,地面站避让点题型,2026-05-25,河北04考场,避让点题型-考试条件提取.docx,54,1,1,(一),coordinate;speed_height;turn_hold_loop;bearing_angle;geometry,"规划一个手动闭合五边形，航线执行15次，①②、②③、①⑤边的边长 为a,∠②=∠①为90°，∠④=90°③④、④⑤边长相等。航线相对地面高度为b, 水平速度为c，垂直速度为d,转弯模式为停止转弯，各点停留时间为e;",15;90;90,°;度,①;②;②;③;①;⑤;②;①;④;③;④;④;⑤,,90°;90°,,,,
gcond_be007006ef87,gcond_be007006ef87,gctpl_0eb0e3a593e8,gsec_ed96e0cb8b6e,qbank_32b37a2f20be,实操题库_地面站考试条件_2026H1_地面站避让点题型.txt_53,2026H1,2026H1,地面站避让点题型,2026-05-25,河北04考场,避让点题型-考试条件提取.docx,54,2,2,(二),coordinate,"a值为300米，b值为300米，c值为6ms,d值为4ms,e值为10s。",300;300;6;4;10,m;s;米,,,,6ms;4ms,,,
gcond_8deeb5699fb9,gcond_8deeb5699fb9,gctpl_5ed86f70e08f,gsec_ed96e0cb8b6e,qbank_32b37a2f20be,实操题库_地面站考试条件_2026H1_地面站避让点题型.txt_53,2026H1,2026H1,地面站避让点题型,2026-05-25,河北04考场,避让点题型-考试条件提取.docx,54,3,3,1、,coordinate;geometry,"题卡图形1号点经纬度： N:36°36'15""” E:112°43'12",1;36;36;15;112;43;12,°;度,,"N:36°36'15"";E:112°43'12",36°;112°,,,,
gcond_576cf6e4b3c3,gcond_576cf6e4b3c3,gctpl_bd0939d717f3,gsec_ed96e0cb8b6e,qbank_32b37a2f20be,实操题库_地面站考试条件_2026H1_地面站避让点题型.txt_53,2026H1,2026H1,地面站避让点题型,2026-05-25,河北04考场,避让点题型-考试条件提取.docx,54,4,4,2、,coordinate;speed_height;bearing_angle;restriction;geometry,起飞后需向SE方向飞 行600米到达“避让点” 再执行航线任务，避让点 高度为110米。 题卡图形1号点位于“避让 点”NW方向500米处,600;110;1;500,S;度;米,,,,,110米,600米;110米;500米,
gcond_467840880818,gcond_467840880818,gctpl_bf23508728c3,gsec_ed96e0cb8b6e,qbank_32b37a2f20be,实操题库_地面站考试条件_2026H1_地面站避让点题型.txt_53,2026H1,2026H1,地面站避让点题型,2026-05-25,河北04考场,避让点题型-考试条件提取.docx,54,5,5,3、,geometry,题卡图形3号点到题卡 图形2号点西偏南25度。,3;2;25,度,,,西偏南25度,,,,
gcond_7f59de38b90f,gcond_7f59de38b90f,gctpl_a81d44f12943,gsec_dc26e5b913d5,qbank_32b37a2f20be,实操题库_地面站考试条件_2026H1_地面站避让点题型.txt_54,2026H1,2026H1,地面站避让点题型,2026-06-02,河南01考场,避让点题型-考试条件提取.docx,55,1,1,(一),coordinate;speed_height;turn_hold_loop;geometry,"规划一个闭合六边形并循环执行，边长为a,①②③航点 相对地面高度为b，④⑤⑥航点相对地面高度为c,水平速度为， 垂直速度为e,转弯方式为停止转弯，各点停留时间为f;",,度,①;②;③;④;⑤;⑥,,,,,,
gcond_61437ee1915f,gcond_61437ee1915f,gctpl_0dc122dccbff,gsec_dc26e5b913d5,qbank_32b37a2f20be,实操题库_地面站考试条件_2026H1_地面站避让点题型.txt_54,2026H1,2026H1,地面站避让点题型,2026-06-02,河南01考场,避让点题型-考试条件提取.docx,55,2,2,(二),coordinate;speed_height,"a值为300米，b值为35米，c值为25m,d值为4m/s, e值为3m/s,f值为2s。",300;35;25;4;3;2,m;m/s;s;米,,,,4m/s;3m/s,,,
gcond_c404c9d42822,gcond_c404c9d42822,gctpl_6774f89c5614,gsec_dc26e5b913d5,qbank_32b37a2f20be,实操题库_地面站考试条件_2026H1_地面站避让点题型.txt_54,2026H1,2026H1,地面站避让点题型,2026-06-02,河南01考场,避让点题型-考试条件提取.docx,55,3,3,一、,coordinate;geometry,"提卡图形④经纬度： 3 N:78°25′25"" E:21°22'23",3;78;25;25;21;22;23,°;度,④;3,"N:78°25′25"";E:21°22'23",78°;21°,,,,
gcond_0796cbf72f8d,gcond_0796cbf72f8d,gctpl_ed738a969bef,gsec_dc26e5b913d5,qbank_32b37a2f20be,实操题库_地面站考试条件_2026H1_地面站避让点题型.txt_54,2026H1,2026H1,地面站避让点题型,2026-06-02,河南01考场,避让点题型-考试条件提取.docx,55,4,4,二、,coordinate;speed_height;bearing_angle;geometry,"起飞后需向NE方向飞 行500米到达“过渡点” 再执行航线任务。过渡点 高度为110米 题卡图形①号点到“过渡 点”的方向为SE,距离40 0米",500;110;40;0,S;度;米,①,,,,110米,500米;0米,
gcond_cbc0b6f20970,gcond_cbc0b6f20970,gctpl_3217c940c9a5,gsec_dc26e5b913d5,qbank_32b37a2f20be,实操题库_地面站考试条件_2026H1_地面站避让点题型.txt_54,2026H1,2026H1,地面站避让点题型,2026-06-02,河南01考场,避让点题型-考试条件提取.docx,55,5,5,三、,geometry,题卡图形③号点位于 题卡图形④号点南偏东30°,30,°,③;④,,30°,,,,
gcond_2c00e5f2ecf3,gcond_2c00e5f2ecf3,gctpl_de81fb8e5c9c,gsec_9363498d7f89,qbank_32b37a2f20be,实操题库_地面站考试条件_2026H1_地面站避让点题型.txt_55,2026H1,2026H1,地面站避让点题型,2026-05-17,河南01考场,避让点题型-考试条件提取.docx,56,1,1,(一),speed_height;turn_hold_loop;bearing_angle;geometry,"规划一个闭合等边三角形并循环执行，边长为a，所有航线相对地 面高度为b，水平速度为c,垂直速度为d，转弯方式为停止转弯，停留时间 为f;",,度,,,,,,,
gcond_295181616777,gcond_295181616777,gctpl_28eb797b4029,gsec_9363498d7f89,qbank_32b37a2f20be,实操题库_地面站考试条件_2026H1_地面站避让点题型.txt_55,2026H1,2026H1,地面站避让点题型,2026-05-17,河南01考场,避让点题型-考试条件提取.docx,56,2,2,(二),speed_height,"a值为100米，b值为50米，c值为5m/s,d值为3m/s,f值为 7s0",100;50;5;3;7;0,m/s;s;米,,,,5m/s;3m/s,,,
gcond_cd9ce3f5e38e,gcond_cd9ce3f5e38e,gctpl_6c849d1fc3df,gsec_9363498d7f89,qbank_32b37a2f20be,实操题库_地面站考试条件_2026H1_地面站避让点题型.txt_55,2026H1,2026H1,地面站避让点题型,2026-05-17,河南01考场,避让点题型-考试条件提取.docx,56,3,3,一、,coordinate;takeoff_return,"起飞点经纬度： N:34°50'27"" E:113°15′29",34;50;27;113;15;29,°;度,起飞点,"N:34°50'27"";E:113°15′29",34°;113°,,,,
gcond_a990dc2d6e98,gcond_a990dc2d6e98,gctpl_df952d78982e,gsec_9363498d7f89,qbank_32b37a2f20be,实操题库_地面站考试条件_2026H1_地面站避让点题型.txt_55,2026H1,2026H1,地面站避让点题型,2026-05-17,河南01考场,避让点题型-考试条件提取.docx,56,4,4,二、,coordinate;bearing_angle;restriction;geometry,由于空域限制，起飞后 需先向SW方向平飞500米 到达“避让点”，再执行 航线任务。 提卡图形1号点到避让点航 向为NE方向距离300米处,500;1;300,S;米,,,,,,500米;300米,
gcond_60fc1dbfbba0,gcond_60fc1dbfbba0,gctpl_4f402addcbe6,gsec_9363498d7f89,qbank_32b37a2f20be,实操题库_地面站考试条件_2026H1_地面站避让点题型.txt_55,2026H1,2026H1,地面站避让点题型,2026-05-17,河南01考场,避让点题型-考试条件提取.docx,56,5,5,三、,geometry,题卡图形2号点位于题 卡图形3号点西偏南15°。,2;3;15,°,,,15°,,,,
gcond_a4b727f0c7da,gcond_a4b727f0c7da,gctpl_4ffe584e56f2,gsec_c36f45dd56ba,qbank_32b37a2f20be,实操题库_地面站考试条件_2026H1_地面站避让点题型.txt_56,2026H1,2026H1,地面站避让点题型,2026-06-02,河南01考场,避让点题型-考试条件提取.docx,57,1,1,(一),coordinate;speed_height;turn_hold_loop,"规划扫描航线要求闭合不循环，航线长度为a,航线间隔 为b,航线相对地面高度为c,水平速度为d,垂直速度为e,转弯方 式为协调转弯；",,度,,,,,,,
gcond_de4edce13781,gcond_de4edce13781,gctpl_eb14ee22a11e,gsec_c36f45dd56ba,qbank_32b37a2f20be,实操题库_地面站考试条件_2026H1_地面站避让点题型.txt_56,2026H1,2026H1,地面站避让点题型,2026-06-02,河南01考场,避让点题型-考试条件提取.docx,57,2,2,(二),coordinate;speed_height,"a值为300米，b值为100米，c值为300m,d值为3m/s, e值为2m/s。",300;100;300;3;2,m;m/s;米,,,,3m/s;2m/s,,,
gcond_242e9fa44c49,gcond_242e9fa44c49,gctpl_61f4bf05e786,gsec_c36f45dd56ba,qbank_32b37a2f20be,实操题库_地面站考试条件_2026H1_地面站避让点题型.txt_56,2026H1,2026H1,地面站避让点题型,2026-06-02,河南01考场,避让点题型-考试条件提取.docx,57,3,3,一：,coordinate;geometry,题卡图形③号点经纬度： 12 N:78°29'28 E:21°22'23,12;78;29;28;21;22;23,°;度,③,N:78°29'28;E:21°22'23,78°;21°,,,,
gcond_6cf494b0f341,gcond_6cf494b0f341,gctpl_a0cd8bca1aaf,gsec_c36f45dd56ba,qbank_32b37a2f20be,实操题库_地面站考试条件_2026H1_地面站避让点题型.txt_56,2026H1,2026H1,地面站避让点题型,2026-06-02,河南01考场,避让点题型-考试条件提取.docx,57,4,4,二：,coordinate;speed_height;bearing_angle;geometry,起飞后需向SW方向飞行 600米到达”过渡点“再执行 航线任务。过度点高度为320 米 题卡图形①号点到”过渡点 1 为SE方向500米处,600;320;1;500,S;度;米,①;1,,,,320 米,600米,
gcond_1908aa369e25,gcond_1908aa369e25,gctpl_ee712aaf459d,gsec_c36f45dd56ba,qbank_32b37a2f20be,实操题库_地面站考试条件_2026H1_地面站避让点题型.txt_56,2026H1,2026H1,地面站避让点题型,2026-06-02,河南01考场,避让点题型-考试条件提取.docx,57,5,5,三：,geometry,题卡图形②点到题卡图形 ①号点东偏南20度。,20,度,②;①,,东偏南20度,,,,
gcond_a3aada8d15fa,gcond_a3aada8d15fa,gctpl_58cd6be95a53,gsec_05ec1fc02ce6,qbank_32b37a2f20be,实操题库_地面站考试条件_2026H1_地面站避让点题型.txt_57,2026H1,2026H1,地面站避让点题型,2026-06-02,河南01考场,避让点题型-考试条件提取.docx,58,1,1,(一),coordinate;speed_height;turn_hold_loop;bearing_angle;geometry,"按图规划一个闭合四边形并循环执行，①②，②③边长为a, ①④边长为b,∠②=∠①=90°，航线相对地面高度为c,水平速度 为d，垂直速度为e,转弯模式为停止转弯，停留时间5s;",90;5,s;°;度,①;②;②;③;①;④;②;①,,90°,,,,
gcond_91479411ebd0,gcond_91479411ebd0,gctpl_e3fbea26025a,gsec_05ec1fc02ce6,qbank_32b37a2f20be,实操题库_地面站考试条件_2026H1_地面站避让点题型.txt_57,2026H1,2026H1,地面站避让点题型,2026-06-02,河南01考场,避让点题型-考试条件提取.docx,58,2,2,(二),coordinate;speed_height,"a值为300米，b值为420米，c值为300m,d值为 3m/s,e值为2m/s。",300;420;300;3;2,m;m/s;米,,,,3m/s;2m/s,,,
gcond_cda44d02af6d,gcond_cda44d02af6d,gctpl_b8061fcf44be,gsec_05ec1fc02ce6,qbank_32b37a2f20be,实操题库_地面站考试条件_2026H1_地面站避让点题型.txt_57,2026H1,2026H1,地面站避让点题型,2026-06-02,河南01考场,避让点题型-考试条件提取.docx,58,3,3,一、,coordinate;geometry,"题卡图形④号点经纬度： N:28°29'30 E:58°27'28""",28;29;30;58;27;28,°;度,④,"N:28°29'30;E:58°27'28""",28°;58°,,,,
gcond_4062205a5a76,gcond_4062205a5a76,gctpl_5e71832a48d6,gsec_05ec1fc02ce6,qbank_32b37a2f20be,实操题库_地面站考试条件_2026H1_地面站避让点题型.txt_57,2026H1,2026H1,地面站避让点题型,2026-06-02,河南01考场,避让点题型-考试条件提取.docx,58,4,4,二、,speed_height;bearing_angle;geometry,起飞后需向西偏北30° 方向飞行650米到达“过渡 点”再执行航线任务。过渡 点高度为320米。 题卡图形①号点到“过渡 点”为SW方向，距离450米。,30;650;320;450,S;°;度;米,①,,30°,,320米,650米;450米,
gcond_c8cf42e05b57,gcond_c8cf42e05b57,gctpl_6ca7d0dfc025,gsec_05ec1fc02ce6,qbank_32b37a2f20be,实操题库_地面站考试条件_2026H1_地面站避让点题型.txt_57,2026H1,2026H1,地面站避让点题型,2026-06-02,河南01考场,避让点题型-考试条件提取.docx,58,5,5,三、,geometry,题卡图形②号点位于 题卡图形③号点北偏西45,45,,②;③,,,,,,
gcond_91a7563021a1,gcond_91a7563021a1,gctpl_445ea455b43c,gsec_883a9e3a82ca,qbank_32b37a2f20be,实操题库_地面站考试条件_2026H1_地面站避让点题型.txt_58,2026H1,2026H1,地面站避让点题型,2026-06-05,河南02考场,避让点题型-考试条件提取.docx,59,1,1,(一),coordinate;speed_height;turn_hold_loop;geometry,"按图规划一个手动闭合的任务航线，航线执行4次，①③、 ②③、②④、①④边长为300米，①点相对地面高度为a,②点相对地 面高度为b，③点相对地面高度为c，④点相对地面高度为d,水平 速度为e，垂直速度为f，转弯模式为停止转弯，停留时间7s;",4;300;7,s;度;米,①;③;②;③;②;④;①;④;①;②;③;④,,,,300米,300米,
gcond_186406e87a9d,gcond_186406e87a9d,gctpl_95febe20b20f,gsec_883a9e3a82ca,qbank_32b37a2f20be,实操题库_地面站考试条件_2026H1_地面站避让点题型.txt_58,2026H1,2026H1,地面站避让点题型,2026-06-05,河南02考场,避让点题型-考试条件提取.docx,59,2,2,(二),coordinate;speed_height,"a值为24米，b值为21米，c值为37m,d值为18m, e值为5m/s,f值为3m/s。",24;21;37;18;5;3,m;m/s;米,,,,5m/s;3m/s,,,
gcond_de6e694b49d0,gcond_de6e694b49d0,gctpl_4b8fecbfc2c2,gsec_883a9e3a82ca,qbank_32b37a2f20be,实操题库_地面站考试条件_2026H1_地面站避让点题型.txt_58,2026H1,2026H1,地面站避让点题型,2026-06-05,河南02考场,避让点题型-考试条件提取.docx,59,3,3,1、,coordinate;restriction,"避让点经纬度： N:36°22'48” E:103°41'48""",36;22;48;103;41;48,°;度,,"N:36°22'48”;E:103°41'48""",36°;103°,,,,
gcond_3727d69b0de1,gcond_3727d69b0de1,gctpl_f0edb425bfbd,gsec_883a9e3a82ca,qbank_32b37a2f20be,实操题库_地面站考试条件_2026H1_地面站避让点题型.txt_58,2026H1,2026H1,地面站避让点题型,2026-06-05,河南02考场,避让点题型-考试条件提取.docx,59,4,4,2、,coordinate;speed_height;bearing_angle;restriction;geometry,"起飞后需向NW方向飞行 132米到达""避让点""再执行航 线任务。避让点高度为79米。 题卡图形1号点位于""避让点” SW方向352米处。",132;79;1;352,S;度;米,,,,,79米,132米;79米;352米,
gcond_86175d6c1536,gcond_86175d6c1536,gctpl_b138da3d4a03,gsec_883a9e3a82ca,qbank_32b37a2f20be,实操题库_地面站考试条件_2026H1_地面站避让点题型.txt_58,2026H1,2026H1,地面站避让点题型,2026-06-05,河南02考场,避让点题型-考试条件提取.docx,59,5,5,3、,geometry,题卡图形1号点到题卡图形2 号点西南偏南30度。,1;2;30,度,,,西南偏南30度,,,,
gcond_aafbbc7649da,gcond_aafbbc7649da,gctpl_4bc2eaf540c4,gsec_594870096b7a,qbank_32b37a2f20be,实操题库_地面站考试条件_2026H1_地面站避让点题型.txt_59,2026H1,2026H1,地面站避让点题型,2026-06-05,河南02考场,避让点题型-考试条件提取.docx,60,1,1,(一),speed_height;turn_hold_loop;bearing_angle;geometry,"规划一个手动闭合等边三角形，边长为a,所有航线相对地面高度为b, 水平速度为c，垂直速度为d，转弯方式为停止转弯，停留时间为f,航线执行次 数为g;",,度,,,,,,,
gcond_dddf350fc7fb,gcond_dddf350fc7fb,gctpl_f6168c226f1f,gsec_594870096b7a,qbank_32b37a2f20be,实操题库_地面站考试条件_2026H1_地面站避让点题型.txt_59,2026H1,2026H1,地面站避让点题型,2026-06-05,河南02考场,避让点题型-考试条件提取.docx,60,2,2,(二),speed_height,"a值为100米，b值为55米，c值为5m/s,d值为2m/s,f值为8秒， g值为4次。",100;55;5;2;8;4,m/s;秒;米,,,,5m/s;2m/s,,,
gcond_347cff79009e,gcond_347cff79009e,gctpl_dcfa1831de7f,gsec_594870096b7a,qbank_32b37a2f20be,实操题库_地面站考试条件_2026H1_地面站避让点题型.txt_59,2026H1,2026H1,地面站避让点题型,2026-06-05,河南02考场,避让点题型-考试条件提取.docx,60,3,3,一、,coordinate;geometry,"题卡图形的航点②经纬度： N:34°29'43"" E:113°16′02”",34;29;43;113;16;02,°;度,航点②,"N:34°29'43"";E:113°16′02”",34°;113°,,,,
gcond_2cddba32e328,gcond_2cddba32e328,gctpl_2c7adfc75eca,gsec_594870096b7a,qbank_32b37a2f20be,实操题库_地面站考试条件_2026H1_地面站避让点题型.txt_59,2026H1,2026H1,地面站避让点题型,2026-06-05,河南02考场,避让点题型-考试条件提取.docx,60,4,4,二、,coordinate;speed_height;bearing_angle;restriction;geometry,由于空域限制，飞机不能由起 飞点直飞题卡图形航点①，需先向 NW方向保持高度100米平飞400米 距离到达避让点，再向NE方向飞 行200米到达题卡图形的航点①。,100;400;200,度;米,航点①;航点①,,,,100米;400米,100米;400米;200米,
gcond_0fb8f62271e6,gcond_0fb8f62271e6,gctpl_146d6a80c75f,gsec_594870096b7a,qbank_32b37a2f20be,实操题库_地面站考试条件_2026H1_地面站避让点题型.txt_59,2026H1,2026H1,地面站避让点题型,2026-06-05,河南02考场,避让点题型-考试条件提取.docx,60,5,5,三、,geometry,西南风题卡图形航点①到题卡 图形航点②是顺风方向。,,,航点①;航点②,,,,,,
gcond_4470bcce078d,gcond_4470bcce078d,gctpl_d75eb6bb370b,gsec_1660ea9ac04c,qbank_32b37a2f20be,实操题库_地面站考试条件_2026H1_地面站避让点题型.txt_60,2026H1,2026H1,地面站避让点题型,2026-05-29,河南02考场,避让点题型-考试条件提取.docx,61,1,1,(一),coordinate;speed_height;turn_hold_loop;bearing_angle;geometry,"按图规划一个闭合四边形并循环执行，①②，②③边长为a, ①④边长为b,∠②=∠①=90·，航线相对地面高度为c,水平速度 为d，垂直速度为e,转弯模式为停止转弯，停留时间5s;",90;5,s;度,①;②;②;③;①;④;②;①,,,,,,
gcond_84dc03949916,gcond_84dc03949916,gctpl_e3fbea26025a,gsec_1660ea9ac04c,qbank_32b37a2f20be,实操题库_地面站考试条件_2026H1_地面站避让点题型.txt_60,2026H1,2026H1,地面站避让点题型,2026-05-29,河南02考场,避让点题型-考试条件提取.docx,61,2,2,(二),coordinate;speed_height,"a值为300米，b值为420米，c值为300m,d值为 3m/s,e值为2m/s。",300;420;300;3;2,m;m/s;米,,,,3m/s;2m/s,,,
gcond_b0a71099b690,gcond_b0a71099b690,gctpl_fbfaa3096be6,gsec_1660ea9ac04c,qbank_32b37a2f20be,实操题库_地面站考试条件_2026H1_地面站避让点题型.txt_60,2026H1,2026H1,地面站避让点题型,2026-05-29,河南02考场,避让点题型-考试条件提取.docx,61,3,3,一：,coordinate;takeoff_return,"起飞点经纬度： E:28°29'30"" N:26°27'28""",28;29;30;26;27;28,°;度,起飞点,"E:28°29'30"";N:26°27'28""",28°;26°,,,,
gcond_6b1ef257ef10,gcond_6b1ef257ef10,gctpl_84c74144c59a,gsec_1660ea9ac04c,qbank_32b37a2f20be,实操题库_地面站考试条件_2026H1_地面站避让点题型.txt_60,2026H1,2026H1,地面站避让点题型,2026-05-29,河南02考场,避让点题型-考试条件提取.docx,61,4,4,二：,speed_height;bearing_angle;geometry,起飞后需向东南方向 飞行650米到达“过渡点” 再执行航线任务。过渡点 高度为300米 “过渡点”到题卡图形①点 为SW方向，距离450米处,650;300;450,S;度;米,①,,,,300米,650米;450米,
gcond_1c556f6dc330,gcond_1c556f6dc330,gctpl_f71a0030d8cf,gsec_1660ea9ac04c,qbank_32b37a2f20be,实操题库_地面站考试条件_2026H1_地面站避让点题型.txt_60,2026H1,2026H1,地面站避让点题型,2026-05-29,河南02考场,避让点题型-考试条件提取.docx,61,5,5,三：,geometry,题卡图形2号点位于题 卡图形1号点东偏北45°。,2;1;45,°,,,45°,,,,
gcond_1b4de11f0c8c,gcond_1b4de11f0c8c,gctpl_fa34d0b15b8b,gsec_554d8c09a26c,qbank_32b37a2f20be,实操题库_地面站考试条件_2026H1_地面站避让点题型.txt_61,2026H1,2026H1,地面站避让点题型,2026-05-29,河南02考场,避让点题型-考试条件提取.docx,62,1,1,(一),coordinate;speed_height;turn_hold_loop;bearing_angle;geometry,"规划一个闭合五边形并循环执行，①②、②③、①⑤边的边长为a, ∠②=∠①为90°，∠④=90°。航线相对地面高度为b,水平速度为c,垂直 速度为d,转弯模式为停止转弯，各点停留时间为e;",90;90,°;度,①;②;②;③;①;⑤;②;①;④,,90°;90°,,,,
gcond_939224f79558,gcond_939224f79558,gctpl_a862180b7018,gsec_554d8c09a26c,qbank_32b37a2f20be,实操题库_地面站考试条件_2026H1_地面站避让点题型.txt_61,2026H1,2026H1,地面站避让点题型,2026-05-29,河南02考场,避让点题型-考试条件提取.docx,62,2,2,(二),coordinate;speed_height,"a值为300米，b值为310米，c值为3m/s,d值为2mls,e 值为10s。",300;310;3;2;10,m;m/s;s;米,,,,3m/s,,,
gcond_117c399a92ed,gcond_117c399a92ed,gctpl_aaa627ba83a1,gsec_554d8c09a26c,qbank_32b37a2f20be,实操题库_地面站考试条件_2026H1_地面站避让点题型.txt_61,2026H1,2026H1,地面站避让点题型,2026-05-29,河南02考场,避让点题型-考试条件提取.docx,62,3,3,二：,coordinate;speed_height;bearing_angle;restriction;geometry,起飞后需向SE方向飞行 650米到达“避让点”再执 行航线任务，避让点高度为 335米 “避让点”位于题卡图形1号 点SW方向435米处。,650;335;1;435,S;度;米,,,,,335米,650米;335米;435米,
gcond_273366c3814a,gcond_273366c3814a,gctpl_bf23508728c3,gsec_554d8c09a26c,qbank_32b37a2f20be,实操题库_地面站考试条件_2026H1_地面站避让点题型.txt_61,2026H1,2026H1,地面站避让点题型,2026-05-29,河南02考场,避让点题型-考试条件提取.docx,62,4,4,三：,geometry,题卡图形3号点到题卡 图形2号点西偏南25度。,3;2;25,度,,,西偏南25度,,,,
gcond_087f5ec402fb,gcond_087f5ec402fb,gctpl_73ab59b2b264,gsec_1280daf19459,qbank_32b37a2f20be,实操题库_地面站考试条件_2026H1_地面站避让点题型.txt_62,2026H1,2026H1,地面站避让点题型,2026-06-05,河南02考场,避让点题型-考试条件提取.docx,63,1,1,(一),coordinate;speed_height;turn_hold_loop;bearing_angle;geometry,"规划一个手动闭合五边形，航线执行11次，①②、②③、①⑤边的边长 为a,∠②=∠①为90°，∠④=90°③④、④⑤边长相等。航线相对地面高度为b, 水平速度为c，垂直速度为d,转弯模式为停止转弯，各点停留时间为e；",11;90;90,°;度,①;②;②;③;①;⑤;②;①;④;③;④;④;⑤,,90°;90°,,,,
gcond_855df43fefed,gcond_855df43fefed,gctpl_43beb2a89016,gsec_1280daf19459,qbank_32b37a2f20be,实操题库_地面站考试条件_2026H1_地面站避让点题型.txt_62,2026H1,2026H1,地面站避让点题型,2026-06-05,河南02考场,避让点题型-考试条件提取.docx,63,2,2,(二),coordinate;speed_height,"a值为300米，b值为300米，c值为6m/s,d值为4ms,e值为13s。",300;300;6;4;13,m;m/s;s;米,,,,6m/s;4ms,,,
gcond_8c3c34a53961,gcond_8c3c34a53961,gctpl_d96433f8006b,gsec_1280daf19459,qbank_32b37a2f20be,实操题库_地面站考试条件_2026H1_地面站避让点题型.txt_62,2026H1,2026H1,地面站避让点题型,2026-06-05,河南02考场,避让点题型-考试条件提取.docx,63,3,3,1、,coordinate;geometry,"题卡图形1号点经纬度： N:36°26'45"" E:111°23′42""",1;36;26;45;111;23;42,°;度,,"N:36°26'45"";E:111°23′42""",36°;111°,,,,
gcond_4c40900ca6b0,gcond_4c40900ca6b0,gctpl_8fce0414ec7c,gsec_1280daf19459,qbank_32b37a2f20be,实操题库_地面站考试条件_2026H1_地面站避让点题型.txt_62,2026H1,2026H1,地面站避让点题型,2026-06-05,河南02考场,避让点题型-考试条件提取.docx,63,4,4,2、,coordinate;speed_height;bearing_angle;restriction;geometry,"起飞后需向NW方向飞行 234米到达""避让点""再执行航 线任务。避让点高度为312米。 题卡图形1号点位于""避让点” SE方向184米处。",234;312;1;184,S;度;米,,,,,312米,234米;312米;184米,
gcond_956752c4cbe5,gcond_956752c4cbe5,gctpl_f034c721ef2f,gsec_1280daf19459,qbank_32b37a2f20be,实操题库_地面站考试条件_2026H1_地面站避让点题型.txt_62,2026H1,2026H1,地面站避让点题型,2026-06-05,河南02考场,避让点题型-考试条件提取.docx,63,5,5,3、,geometry,题卡图形3号点到题卡图形2 号点西南偏南25度。,3;2;25,度,,,西南偏南25度,,,,
gcond_274df06e88ab,gcond_274df06e88ab,gctpl_a5897704705c,gsec_f3be363f43fb,qbank_32b37a2f20be,实操题库_地面站考试条件_2026H1_地面站避让点题型.txt_63,2026H1,2026H1,地面站避让点题型,2026-04-24,黑龙江01考场,避让点题型-考试条件提取.docx,64,1,1,(一),coordinate;speed_height;turn_hold_loop;geometry,"按图规划一个闭合的任务航线并循环执行，①③、②③、 ②④、①④边长为300米，①点相对地面高度为a，②点相对地面高 度为b，③点相对地面高度为c，④点相对地面高度为d,水平速度 为e，垂直速度为f，转弯模式为停止转弯，停留时间2s;",300;2,s;度;米,①;③;②;③;②;④;①;④;①;②;③;④,,,,300米,300米,
gcond_a6c8c4d23c13,gcond_a6c8c4d23c13,gctpl_ef11846ede82,gsec_f3be363f43fb,qbank_32b37a2f20be,实操题库_地面站考试条件_2026H1_地面站避让点题型.txt_63,2026H1,2026H1,地面站避让点题型,2026-04-24,黑龙江01考场,避让点题型-考试条件提取.docx,64,2,2,(二),coordinate;speed_height,"a值为20米，b值为25米，c值为30m,d值为20m, e值为2m/s,f值为2m/s。",20;25;30;20;2;2,m;m/s;米,,,,2m/s;2m/s,,,
gcond_b85f1616b591,gcond_b85f1616b591,gctpl_bc59a9d02d82,gsec_f3be363f43fb,qbank_32b37a2f20be,实操题库_地面站考试条件_2026H1_地面站避让点题型.txt_63,2026H1,2026H1,地面站避让点题型,2026-04-24,黑龙江01考场,避让点题型-考试条件提取.docx,64,3,3,1、,coordinate;restriction,"“避让点”经纬度： N:27°46'36” E:123°12'17""",27;46;36;123;12;17,°;度,,"N:27°46'36”;E:123°12'17""",27°;123°,,,,
gcond_4edbb1b54f10,gcond_4edbb1b54f10,gctpl_380025a4f39b,gsec_f3be363f43fb,qbank_32b37a2f20be,实操题库_地面站考试条件_2026H1_地面站避让点题型.txt_63,2026H1,2026H1,地面站避让点题型,2026-04-24,黑龙江01考场,避让点题型-考试条件提取.docx,64,4,4,2、,coordinate;bearing_angle;restriction,空域限制：起飞后需 向SW方向飞行600米到 达“避让点”再执行航线 任务。左图2号点位于此 点NW方向500米处。,600;2;500,S;米,,,,,,500米,
gcond_96c80a05600e,gcond_96c80a05600e,gctpl_27492eeae53c,gsec_f3be363f43fb,qbank_32b37a2f20be,实操题库_地面站考试条件_2026H1_地面站避让点题型.txt_63,2026H1,2026H1,地面站避让点题型,2026-04-24,黑龙江01考场,避让点题型-考试条件提取.docx,64,5,5,3、,other,当地风向：东南风 3-2逆风飞行,3;2,,3,,,,,,
gcond_03290b21b6b0,gcond_03290b21b6b0,gctpl_3a5874ca88c1,gsec_353e2218a332,qbank_32b37a2f20be,实操题库_地面站考试条件_2026H1_地面站避让点题型.txt_64,2026H1,2026H1,地面站避让点题型,2026-04-24,黑龙江01考场,避让点题型-考试条件提取.docx,65,1,1,(一),coordinate;speed_height;turn_hold_loop;geometry,"规划一个闭合六边形并循环执行，边长为a,①②③航点 相对地面高度为b,④⑤⑥航点相对地面高度为c,水平速度为d,垂 直速度为e，转弯方式为停止转弯，各点停留时间为f；",,度,①;②;③;④;⑤;⑥,,,,,,
gcond_149431864361,gcond_149431864361,gctpl_d7eaf440dbc8,gsec_353e2218a332,qbank_32b37a2f20be,实操题库_地面站考试条件_2026H1_地面站避让点题型.txt_64,2026H1,2026H1,地面站避让点题型,2026-04-24,黑龙江01考场,避让点题型-考试条件提取.docx,65,2,2,(二),coordinate;speed_height,"a值为300米，b值为30米，c值为25m,d值为4m/s, e值为2m/s,f值为2s。",300;30;25;4;2;2,m;m/s;s;米,,,,4m/s;2m/s,,,
gcond_bfad56ec207b,gcond_bfad56ec207b,gctpl_728ce81345b1,gsec_353e2218a332,qbank_32b37a2f20be,实操题库_地面站考试条件_2026H1_地面站避让点题型.txt_64,2026H1,2026H1,地面站避让点题型,2026-04-24,黑龙江01考场,避让点题型-考试条件提取.docx,65,3,3,一、,coordinate;restriction,“避让”点经纬度： N:36.2547° 3 E:114.4306°,36.2547;3;114.4306,°;度,3,N:36.2547;E:114.4306,36.2547°;114.4306°,,,,
gcond_1406b80edd85,gcond_1406b80edd85,gctpl_7309d2b4fb22,gsec_353e2218a332,qbank_32b37a2f20be,实操题库_地面站考试条件_2026H1_地面站避让点题型.txt_64,2026H1,2026H1,地面站避让点题型,2026-04-24,黑龙江01考场,避让点题型-考试条件提取.docx,65,4,4,二、,coordinate;bearing_angle;restriction;geometry,由于空域限制，飞机 需先向SW方向平飞800 米到达“避让”点，再向SE 方向平飞700米，到左图航 线的航点1,800;700;1,S;米,,,,,,800 米;700米,
gcond_f784c4a6cacf,gcond_f784c4a6cacf,gctpl_43667b10f51f,gsec_353e2218a332,qbank_32b37a2f20be,实操题库_地面站考试条件_2026H1_地面站避让点题型.txt_64,2026H1,2026H1,地面站避让点题型,2026-04-24,黑龙江01考场,避让点题型-考试条件提取.docx,65,5,5,三、,geometry,左图航点3位于2点西 偏南20度,3;2;20,度,,,20度,,,,
gcond_9b5035b7d48b,gcond_9b5035b7d48b,gctpl_38c4c3300d04,gsec_ea0eda9fcbc5,qbank_32b37a2f20be,实操题库_地面站考试条件_2026H1_地面站避让点题型.txt_65,2026H1,2026H1,地面站避让点题型,2026-06-10,黑龙江01考场,避让点题型-考试条件提取.docx,66,1,1,(一),coordinate;speed_height;turn_hold_loop;geometry,"规划一个闭合六边形航线，不循环执行，边长为a, ①②③航点相对地面高度为b,④⑤⑥航点相对地面高度为c,水 平速度为d,垂直速度为e,转弯方式为停止转弯，各点停留时间 为f;",,度,①;②;③;④;⑤;⑥,,,,,,
gcond_41335f9a9bdb,gcond_41335f9a9bdb,gctpl_4edf43250e90,gsec_ea0eda9fcbc5,qbank_32b37a2f20be,实操题库_地面站考试条件_2026H1_地面站避让点题型.txt_65,2026H1,2026H1,地面站避让点题型,2026-06-10,黑龙江01考场,避让点题型-考试条件提取.docx,66,2,2,(二),coordinate;speed_height,"a值为300米，b值为35米，c值为25m,d值为4m/s, e值为2m/s,f值为2s。",300;35;25;4;2;2,m;m/s;s;米,,,,4m/s;2m/s,,,
gcond_73c9ef099382,gcond_73c9ef099382,gctpl_5571ce7f0288,gsec_ea0eda9fcbc5,qbank_32b37a2f20be,实操题库_地面站考试条件_2026H1_地面站避让点题型.txt_65,2026H1,2026H1,地面站避让点题型,2026-06-10,黑龙江01考场,避让点题型-考试条件提取.docx,66,3,3,1、,coordinate;geometry,题卡图形2号点经纬度： 3 N:26°25'26 E:120°12'12”“,2;3;26;25;26;120;12;12,°;度,3,N:26°25'26;E:120°12'12”,26°;120°,,,,
gcond_e825f42f71a8,gcond_e825f42f71a8,gctpl_2be4746098dd,gsec_ea0eda9fcbc5,qbank_32b37a2f20be,实操题库_地面站考试条件_2026H1_地面站避让点题型.txt_65,2026H1,2026H1,地面站避让点题型,2026-06-10,黑龙江01考场,避让点题型-考试条件提取.docx,66,4,4,2、,coordinate;bearing_angle,起飞后需向SE方向飞行,,S,,,,,,,
gcond_c549fc79a658,gcond_c549fc79a658,gctpl_9da1a16c3c12,gsec_ea0eda9fcbc5,qbank_32b37a2f20be,实操题库_地面站考试条件_2026H1_地面站避让点题型.txt_65,2026H1,2026H1,地面站避让点题型,2026-06-10,黑龙江01考场,避让点题型-考试条件提取.docx,66,5,5,6),speed_height;bearing_angle;restriction;geometry,"500米到达""避让点""再执行航 线任务。避让点高度为80米。 题卡图形1号点位于""避让点"" SW方向400米处。",500;80;1;400,S;度;米,,,,,80米,500米;80米;400米,
gcond_5f9d5622b78b,gcond_5f9d5622b78b,gctpl_9f351572c65d,gsec_ea0eda9fcbc5,qbank_32b37a2f20be,实操题库_地面站考试条件_2026H1_地面站避让点题型.txt_65,2026H1,2026H1,地面站避让点题型,2026-06-10,黑龙江01考场,避让点题型-考试条件提取.docx,66,6,6,3、,geometry,题卡图形2号点到题卡图形 1号点南偏东15度。,2;1;15,度,,,南偏东15度,,,,
gcond_878711716021,gcond_878711716021,gctpl_ebbb2e247c3c,gsec_6460b56e0527,qbank_32b37a2f20be,实操题库_地面站考试条件_2026H1_地面站避让点题型.txt_66,2026H1,2026H1,地面站避让点题型,2026-04-24,黑龙江01考场,避让点题型-考试条件提取.docx,67,1,1,(一),speed_height;turn_hold_loop;bearing_angle;geometry,"规划一个闭合等边三角形并循环执行，边长为a，所有航线相对地面 高度为b，水平速度为c，垂直速度为d,转弯方式为停止转弯，停留时间5s;",5,s;度,,,,,,,
gcond_456f6184e6c6,gcond_456f6184e6c6,gctpl_401b1e1c6d37,gsec_6460b56e0527,qbank_32b37a2f20be,实操题库_地面站考试条件_2026H1_地面站避让点题型.txt_66,2026H1,2026H1,地面站避让点题型,2026-04-24,黑龙江01考场,避让点题型-考试条件提取.docx,67,2,2,(二),speed_height,"a值为50米，b值为50米，c值为3m/s,d值为2m/s。",50;50;3;2,m/s;米,,,,3m/s;2m/s,,,
gcond_b8bb03cdf0d0,gcond_b8bb03cdf0d0,gctpl_948a3134a602,gsec_6460b56e0527,qbank_32b37a2f20be,实操题库_地面站考试条件_2026H1_地面站避让点题型.txt_66,2026H1,2026H1,地面站避让点题型,2026-04-24,黑龙江01考场,避让点题型-考试条件提取.docx,67,3,3,一、,coordinate;restriction,“避让”点经纬度： N:36.2547° E:114.4306°,36.2547;114.4306,°;度,,N:36.2547;E:114.4306,36.2547°;114.4306°,,,,
gcond_db43316611c1,gcond_db43316611c1,gctpl_7309d2b4fb22,gsec_6460b56e0527,qbank_32b37a2f20be,实操题库_地面站考试条件_2026H1_地面站避让点题型.txt_66,2026H1,2026H1,地面站避让点题型,2026-04-24,黑龙江01考场,避让点题型-考试条件提取.docx,67,4,4,二、,coordinate;bearing_angle;restriction;geometry,由于空域限制，飞 机需先向SW方向平飞 800米到达“避让”点， 再向SE方向平飞700 米，到左图航线的航点1,800;700;1,S;米,,,,,700 米,800米;700 米,
gcond_303c72aea614,gcond_303c72aea614,gctpl_43667b10f51f,gsec_6460b56e0527,qbank_32b37a2f20be,实操题库_地面站考试条件_2026H1_地面站避让点题型.txt_66,2026H1,2026H1,地面站避让点题型,2026-04-24,黑龙江01考场,避让点题型-考试条件提取.docx,67,5,5,三、,geometry,左图航点3位于2点 西偏南20度,3;2;20,度,,,西偏南20度,,,,
gcond_4c8b7881acdd,gcond_4c8b7881acdd,gctpl_a5f2c8a9f2dc,gsec_4b2d1500a9ff,qbank_32b37a2f20be,实操题库_地面站考试条件_2026H1_地面站避让点题型.txt_67,2026H1,2026H1,地面站避让点题型,2026-04-24,黑龙江01考场,避让点题型-考试条件提取.docx,68,1,1,(一),coordinate;speed_height;turn_hold_loop,"规划一个扫描航线并循环执行。航线长度为a,航线间隔 为b，航线相对地面高度为c,水平速度为d,垂直速度为e,转弯模式 为停止转弯，停留时间为f；",,度,,,,,,,
gcond_d0039e1fd0aa,gcond_d0039e1fd0aa,gctpl_f5d2729c216d,gsec_4b2d1500a9ff,qbank_32b37a2f20be,实操题库_地面站考试条件_2026H1_地面站避让点题型.txt_67,2026H1,2026H1,地面站避让点题型,2026-04-24,黑龙江01考场,避让点题型-考试条件提取.docx,68,2,2,(二),coordinate;speed_height,"a值为300米，b值为100米，c值为25m,d值为4m/s, e值为2m/s,f值为2s。",300;100;25;4;2;2,m;m/s;s;米,,,,4m/s;2m/s,,,
gcond_7bf1e5bb9779,gcond_7bf1e5bb9779,gctpl_a9b985b3f9c1,gsec_4b2d1500a9ff,qbank_32b37a2f20be,实操题库_地面站考试条件_2026H1_地面站避让点题型.txt_67,2026H1,2026H1,地面站避让点题型,2026-04-24,黑龙江01考场,避让点题型-考试条件提取.docx,68,3,3,二、,coordinate;bearing_angle;restriction;geometry,由于空域限制，飞 机需先向SW方向平飞 800米到达“避让”点， 3 再向SE方向平飞700 米，到左图航线的航点2,800;3;700;2,S;米,3,,,,700 米,800米;700 米,
gcond_264d9d58316f,gcond_264d9d58316f,gctpl_43667b10f51f,gsec_4b2d1500a9ff,qbank_32b37a2f20be,实操题库_地面站考试条件_2026H1_地面站避让点题型.txt_67,2026H1,2026H1,地面站避让点题型,2026-04-24,黑龙江01考场,避让点题型-考试条件提取.docx,68,4,4,三、,geometry,左图航点3位于2点 西偏南20度,3;2;20,度,,,西偏南20度,,,,
gcond_977f2a27b443,gcond_977f2a27b443,gctpl_fb08a1c854a5,gsec_969d5fe44df4,qbank_32b37a2f20be,实操题库_地面站考试条件_2026H1_地面站避让点题型.txt_68,2026H1,2026H1,地面站避让点题型,2026-06-10,黑龙江01考场,避让点题型-考试条件提取.docx,69,1,1,(一),coordinate;speed_height;turn_hold_loop,"规划扫描航线要求闭合不循环，航线长度为a,航线间隔 为b,航线相对地面高度为c,水平速度为d,垂直速度为e,转弯模 式为协调转弯；",,度,,,,,,,
gcond_63e0d9a60001,gcond_63e0d9a60001,gctpl_eb14ee22a11e,gsec_969d5fe44df4,qbank_32b37a2f20be,实操题库_地面站考试条件_2026H1_地面站避让点题型.txt_68,2026H1,2026H1,地面站避让点题型,2026-06-10,黑龙江01考场,避让点题型-考试条件提取.docx,69,2,2,(二),coordinate;speed_height,"a值为300米，b值为100米，c值为300m,d值为3m/s,e值 为2m/s。",300;100;300;3;2,m;m/s;米,,,,3m/s;2m/s,,,
gcond_5a735a9dae85,gcond_5a735a9dae85,gctpl_033a1076a362,gsec_969d5fe44df4,qbank_32b37a2f20be,实操题库_地面站考试条件_2026H1_地面站避让点题型.txt_68,2026H1,2026H1,地面站避让点题型,2026-06-10,黑龙江01考场,避让点题型-考试条件提取.docx,69,3,3,1、,coordinate;geometry,"题卡图形7号点经纬度： N:27°29'28"" E:120°36'12",7;27;29;28;120;36;12,°;度,,"N:27°29'28"";E:120°36'12",27°;120°,,,,
gcond_0173dd862270,gcond_0173dd862270,gctpl_fb29b6a84724,gsec_969d5fe44df4,qbank_32b37a2f20be,实操题库_地面站考试条件_2026H1_地面站避让点题型.txt_68,2026H1,2026H1,地面站避让点题型,2026-06-10,黑龙江01考场,避让点题型-考试条件提取.docx,69,4,4,2、,coordinate;speed_height;bearing_angle;restriction;geometry,"起飞后需向NW方向飞行 600米到达""避让点""再执行航 线任务。避让点高度为320米。 4 题卡图形1号点到""避让点""为 NE方向500米。",600;320;4;1;500,度;米,4,,,,320米,600米,
gcond_e0db1e704a5c,gcond_e0db1e704a5c,gctpl_cae8177dc114,gsec_969d5fe44df4,qbank_32b37a2f20be,实操题库_地面站考试条件_2026H1_地面站避让点题型.txt_68,2026H1,2026H1,地面站避让点题型,2026-06-10,黑龙江01考场,避让点题型-考试条件提取.docx,69,5,5,3、,geometry,题卡图形2号点位于题卡图 形3号点东偏南20度。,2;3;20,度,,,东偏南20度,,,,
gcond_909a53514b17,gcond_909a53514b17,gctpl_9ae1c7b0610b,gsec_a173969765a8,qbank_32b37a2f20be,实操题库_地面站考试条件_2026H1_地面站避让点题型.txt_69,2026H1,2026H1,地面站避让点题型,2026-06-10,黑龙江01考场,避让点题型-考试条件提取.docx,70,1,1,(一),coordinate;speed_height;turn_hold_loop;bearing_angle;geometry,"按图规划一个闭合四边形并循环执行，②③边长为，①④ 边长为b,∠②=∠①=90°，∠④=60°。航线相对地面高度为c,水平速度 为d,垂直速度为e,转弯模式为停止转弯，停留时间5s;",90;60;5,s;°;度,②;③;①;④;②;①;④,,90°;60°,,,,
gcond_0d34beaa6885,gcond_0d34beaa6885,gctpl_0c10b202a24e,gsec_a173969765a8,qbank_32b37a2f20be,实操题库_地面站考试条件_2026H1_地面站避让点题型.txt_69,2026H1,2026H1,地面站避让点题型,2026-06-10,黑龙江01考场,避让点题型-考试条件提取.docx,70,2,2,(二),coordinate;speed_height,"a值为200米，b值为300米，c值为300m,d值为3m/s,e值为2m/s。",200;300;300;3;2,m;m/s;米,,,,3m/s;2m/s,,,
gcond_100f47231b10,gcond_100f47231b10,gctpl_0e5092f55ff4,gsec_a173969765a8,qbank_32b37a2f20be,实操题库_地面站考试条件_2026H1_地面站避让点题型.txt_69,2026H1,2026H1,地面站避让点题型,2026-06-10,黑龙江01考场,避让点题型-考试条件提取.docx,70,3,3,1、,coordinate;geometry,"题卡图形4号点经纬度： N:30°35′32"" E:120°13′14”",4;30;35;32;120;13;14,°;度,,"N:30°35′32"";E:120°13′14”",30°;120°,,,,
gcond_2a8dbe4d7d46,gcond_2a8dbe4d7d46,gctpl_17196837119c,gsec_a173969765a8,qbank_32b37a2f20be,实操题库_地面站考试条件_2026H1_地面站避让点题型.txt_69,2026H1,2026H1,地面站避让点题型,2026-06-10,黑龙江01考场,避让点题型-考试条件提取.docx,70,4,4,2、,coordinate;speed_height;bearing_angle;restriction;geometry,起飞后需向NW方向飞行 600米到达“避让点”再执行航 线任务。避让点高度为330米。 题卡图形1号点到“避让点”为 SE方向500米。,600;330;1;500,S;度;米,,,,,330米,600米,
gcond_7de0a667d55a,gcond_7de0a667d55a,gctpl_74e879fcaf03,gsec_a173969765a8,qbank_32b37a2f20be,实操题库_地面站考试条件_2026H1_地面站避让点题型.txt_69,2026H1,2026H1,地面站避让点题型,2026-06-10,黑龙江01考场,避让点题型-考试条件提取.docx,70,5,5,3、,geometry,题卡图形2号点位于题卡 图形3号点北偏西20度。,2;3;20,度,,,北偏西20度,,,,
gcond_9e9be1eb6eb7,gcond_9e9be1eb6eb7,gctpl_0c8f26df67a3,gsec_b8f14bf671e1,qbank_32b37a2f20be,实操题库_地面站考试条件_2026H1_地面站避让点题型.txt_70,2026H1,2026H1,地面站避让点题型,2026-06-10,黑龙江01考场,避让点题型-考试条件提取.docx,71,1,1,(一),coordinate;speed_height;turn_hold_loop;bearing_angle;geometry,"与 的相对方位由委任代表根据 现场环境等情况进行决定。按图规划一个四边形并循环执行，①②边、 ②③边边长为a,③④边边长为b,∠②=∠③=90°。航线相对地面高度 为c,水平速度为d,垂直速度为e,转弯模式为停止转弯，停留时间5s;",90;5,s;°;度,①;②;②;③;③;④;②;③,,90°,,,,
gcond_d66c7e77dbb3,gcond_d66c7e77dbb3,gctpl_249cc334580b,gsec_b8f14bf671e1,qbank_32b37a2f20be,实操题库_地面站考试条件_2026H1_地面站避让点题型.txt_70,2026H1,2026H1,地面站避让点题型,2026-06-10,黑龙江01考场,避让点题型-考试条件提取.docx,71,2,2,(二),coordinate;speed_height,"a值为200米，b值为300米，c值为100m,d值为5m/s,e值为 2m/。",200;300;100;5;2,m;m/s;米,,,,5m/s,,,
gcond_30db12c4d6b2,gcond_30db12c4d6b2,gctpl_270a050db072,gsec_b8f14bf671e1,qbank_32b37a2f20be,实操题库_地面站考试条件_2026H1_地面站避让点题型.txt_70,2026H1,2026H1,地面站避让点题型,2026-06-10,黑龙江01考场,避让点题型-考试条件提取.docx,71,3,3,1、,coordinate;restriction,"避让点经纬度： N:45°40'44.04"" E:123°27′24.12",45;40;44.04;123;27;24.12,°;度,,N:45°40'44;E:123°27′24,45°;123°,,,,
gcond_8aceac72ce43,gcond_8aceac72ce43,gctpl_fd297056e0a1,gsec_b8f14bf671e1,qbank_32b37a2f20be,实操题库_地面站考试条件_2026H1_地面站避让点题型.txt_70,2026H1,2026H1,地面站避让点题型,2026-06-10,黑龙江01考场,避让点题型-考试条件提取.docx,71,4,4,2、,coordinate;bearing_angle;restriction;geometry,由于空域限制，起飞后 需向SE方向平飞200米到达 避让点，任务航线1号点位 于避让点SW方向距离80米。,200;1;80,S;米,,,,,200米,200米;80米,
gcond_7e18921261be,gcond_7e18921261be,gctpl_08fbc4cba1bb,gsec_b8f14bf671e1,qbank_32b37a2f20be,实操题库_地面站考试条件_2026H1_地面站避让点题型.txt_70,2026H1,2026H1,地面站避让点题型,2026-06-10,黑龙江01考场,避让点题型-考试条件提取.docx,71,5,5,3、,coordinate;bearing_angle;geometry,任务航点4-3航向角 NE45°。,4;3;45,°,,E45,45°,,,,possible_incomplete_latlon_pair
gcond_ccca5591602e,gcond_ccca5591602e,gctpl_9ae1c7b0610b,gsec_d318a96b0b53,qbank_32b37a2f20be,实操题库_地面站考试条件_2026H1_地面站避让点题型.txt_71,2026H1,2026H1,地面站避让点题型,2026-06-10,黑龙江01考场,避让点题型-考试条件提取.docx,72,1,1,(一),coordinate;speed_height;turn_hold_loop;bearing_angle;geometry,"按图规划一个闭合四边形并循环执行，②③边长为，①④ 边长为b,∠②=∠①=90°，∠④=60°。航线相对地面高度为c,水平速度 为d,垂直速度为e,转弯模式为停止转弯，停留时间5s;",90;60;5,s;°;度,②;③;①;④;②;①;④,,90°;60°,,,,
gcond_415457581cea,gcond_415457581cea,gctpl_0c10b202a24e,gsec_d318a96b0b53,qbank_32b37a2f20be,实操题库_地面站考试条件_2026H1_地面站避让点题型.txt_71,2026H1,2026H1,地面站避让点题型,2026-06-10,黑龙江01考场,避让点题型-考试条件提取.docx,72,2,2,(二),coordinate;speed_height,"a值为200米，b值为300米，c值为300m,d值为3m/s,e值为2m/s。",200;300;300;3;2,m;m/s;米,,,,3m/s;2m/s,,,
gcond_53285ad51c98,gcond_53285ad51c98,gctpl_0e5092f55ff4,gsec_d318a96b0b53,qbank_32b37a2f20be,实操题库_地面站考试条件_2026H1_地面站避让点题型.txt_71,2026H1,2026H1,地面站避让点题型,2026-06-10,黑龙江01考场,避让点题型-考试条件提取.docx,72,3,3,1、,coordinate;geometry,"题卡图形4号点经纬度： N:30°35′32"" E:120°13′14”",4;30;35;32;120;13;14,°;度,,"N:30°35′32"";E:120°13′14”",30°;120°,,,,
gcond_0ee6f6add3a7,gcond_0ee6f6add3a7,gctpl_17196837119c,gsec_d318a96b0b53,qbank_32b37a2f20be,实操题库_地面站考试条件_2026H1_地面站避让点题型.txt_71,2026H1,2026H1,地面站避让点题型,2026-06-10,黑龙江01考场,避让点题型-考试条件提取.docx,72,4,4,2、,coordinate;speed_height;bearing_angle;restriction;geometry,起飞后需向NW方向飞行 600米到达“避让点”再执行航 线任务。避让点高度为330米。 题卡图形1号点到“避让点”为 SE方向500米。,600;330;1;500,S;度;米,,,,,330米,600米,
gcond_75730532dd52,gcond_75730532dd52,gctpl_74e879fcaf03,gsec_d318a96b0b53,qbank_32b37a2f20be,实操题库_地面站考试条件_2026H1_地面站避让点题型.txt_71,2026H1,2026H1,地面站避让点题型,2026-06-10,黑龙江01考场,避让点题型-考试条件提取.docx,72,5,5,3、,geometry,题卡图形2号点位于题卡 图形3号点北偏西20度。,2;3;20,度,,,北偏西20度,,,,
gcond_3887bda976d2,gcond_3887bda976d2,gctpl_a5897704705c,gsec_ac5a4a035923,qbank_32b37a2f20be,实操题库_地面站考试条件_2026H1_地面站避让点题型.txt_72,2026H1,2026H1,地面站避让点题型,2026-05-26,湖北01考场,避让点题型-考试条件提取.docx,73,1,1,(一),coordinate;speed_height;turn_hold_loop;geometry,"按图规划一个闭合的任务航线并循环执行，①③、②③、 ②④、①④边长为300米，①点相对地面高度为a,②点相对地面高 度为b，③点相对地面高度为c，④点相对地面高度为d，水平速 度为e，垂直速度为f，转弯模式为停止转弯，停留时间2s；",300;2,s;度;米,①;③;②;③;②;④;①;④;①;②;③;④,,,,300米,300米,
gcond_5bd8e776eed5,gcond_5bd8e776eed5,gctpl_ef11846ede82,gsec_ac5a4a035923,qbank_32b37a2f20be,实操题库_地面站考试条件_2026H1_地面站避让点题型.txt_72,2026H1,2026H1,地面站避让点题型,2026-05-26,湖北01考场,避让点题型-考试条件提取.docx,73,2,2,(二),coordinate;speed_height,"a值为20米，b值为25米，c值为30m,d值为20m, e值为2m/s,f值为2m/s。",20;25;30;20;2;2,m;m/s;米,,,,2m/s;2m/s,,,
gcond_3f81a5b728ac,gcond_3f81a5b728ac,gctpl_73a7a47ebf4f,gsec_ac5a4a035923,qbank_32b37a2f20be,实操题库_地面站考试条件_2026H1_地面站避让点题型.txt_72,2026H1,2026H1,地面站避让点题型,2026-05-26,湖北01考场,避让点题型-考试条件提取.docx,73,3,3,1、,coordinate;restriction,避让点经纬度： N:26°25'26” E:120°12'12”,26;25;26;120;12;12,°;度,,N:26°25'26”;E:120°12'12”,26°;120°,,,,
gcond_903f7fb9a0e6,gcond_903f7fb9a0e6,gctpl_5e3804ec4db8,gsec_ac5a4a035923,qbank_32b37a2f20be,实操题库_地面站考试条件_2026H1_地面站避让点题型.txt_72,2026H1,2026H1,地面站避让点题型,2026-05-26,湖北01考场,避让点题型-考试条件提取.docx,73,4,4,2、,speed_height;restriction;geometry,"起飞后需向S方向飞行500 米到达""避让点""再执行航线任 务，避让点高度为50米。 题卡图形1号点位于""避让点” W方向400米处。",500;50;1;400,S;度;米,,,,,500 米;50米,500 米;50米;400米,
gcond_cc4facb74d26,gcond_cc4facb74d26,gctpl_a04001ad3564,gsec_ac5a4a035923,qbank_32b37a2f20be,实操题库_地面站考试条件_2026H1_地面站避让点题型.txt_72,2026H1,2026H1,地面站避让点题型,2026-05-26,湖北01考场,避让点题型-考试条件提取.docx,73,5,5,3、,geometry,题卡图形3号点到题卡图形 2号点北偏东5度,3;2;5,度,,,北偏东5度,,,,
gcond_6293ec52f98b,gcond_6293ec52f98b,gctpl_3a5874ca88c1,gsec_e1db3f188812,qbank_32b37a2f20be,实操题库_地面站考试条件_2026H1_地面站避让点题型.txt_73,2026H1,2026H1,地面站避让点题型,2026-05-26,湖北01考场,避让点题型-考试条件提取.docx,74,1,1,(一),coordinate;speed_height;turn_hold_loop;geometry,"规划一个闭合六边形并循环执行，边长为a,①②③航点 相对地面高度为b,④⑤⑥航点相对地面高度为c，水平速度为d, 垂直速度为e,转弯方式为停止转弯，各点停留时间为f;",,度,①;②;③;④;⑤;⑥,,,,,,
gcond_c64571141e27,gcond_c64571141e27,gctpl_4edf43250e90,gsec_e1db3f188812,qbank_32b37a2f20be,实操题库_地面站考试条件_2026H1_地面站避让点题型.txt_73,2026H1,2026H1,地面站避让点题型,2026-05-26,湖北01考场,避让点题型-考试条件提取.docx,74,2,2,(二),coordinate;speed_height,"a值为300米，b值为35米，c值为25m,d值为4m/s, e值为2m/s,f值为2s。",300;35;25;4;2;2,m;m/s;s;米,,,,4m/s;2m/s,,,
gcond_9b842430192c,gcond_9b842430192c,gctpl_63da06f6e0bf,gsec_e1db3f188812,qbank_32b37a2f20be,实操题库_地面站考试条件_2026H1_地面站避让点题型.txt_73,2026H1,2026H1,地面站避让点题型,2026-05-26,湖北01考场,避让点题型-考试条件提取.docx,74,3,3,1、,coordinate;geometry,"题卡图形2号点经纬度： N:26°25′26"" E:120°12'12”",2;26;25;26;120;12;12,°;度,,"N:26°25′26"";E:120°12'12”",26°;120°,,,,
gcond_06707c6a699a,gcond_06707c6a699a,gctpl_d65f31c46338,gsec_e1db3f188812,qbank_32b37a2f20be,实操题库_地面站考试条件_2026H1_地面站避让点题型.txt_73,2026H1,2026H1,地面站避让点题型,2026-05-26,湖北01考场,避让点题型-考试条件提取.docx,74,4,4,2、,coordinate;speed_height;bearing_angle;restriction;geometry,"起飞后需向NE方向飞行500 米到达""避让点""再执行航线任 务，避让点高度为80米。 题卡图形1号点位于""避让点"" NW方向400米处。",500;80;1;400,度;米,,,,,500 米;80米,500 米;80米;400米,
gcond_4b90a0a9a279,gcond_4b90a0a9a279,gctpl_bfdd6444403c,gsec_e1db3f188812,qbank_32b37a2f20be,实操题库_地面站考试条件_2026H1_地面站避让点题型.txt_73,2026H1,2026H1,地面站避让点题型,2026-05-26,湖北01考场,避让点题型-考试条件提取.docx,74,5,5,3、,geometry,题卡图形2号点到题卡图形1 号点南偏东15度,2;1;15,度,,,南偏东15度,,,,
gcond_e6cab4908fdc,gcond_e6cab4908fdc,gctpl_38c4c3300d04,gsec_0aae0f598df8,qbank_32b37a2f20be,实操题库_地面站考试条件_2026H1_地面站避让点题型.txt_74,2026H1,2026H1,地面站避让点题型,2026-06-04,湖北01考场,避让点题型-考试条件提取.docx,75,1,1,(一),coordinate;speed_height;turn_hold_loop;geometry,"规划一个闭合六边形航线，不循环执行，边长为a,①②③ 航点相对地面高度为b,④⑤⑥航点相对地面高度为c,水平速度为d, 垂直速度为e,转弯方式为停止转弯，各点停留时间为f;",,度,①;②;③;④;⑤;⑥,,,,,,
gcond_bbe399ed0c81,gcond_bbe399ed0c81,gctpl_4edf43250e90,gsec_0aae0f598df8,qbank_32b37a2f20be,实操题库_地面站考试条件_2026H1_地面站避让点题型.txt_74,2026H1,2026H1,地面站避让点题型,2026-06-04,湖北01考场,避让点题型-考试条件提取.docx,75,2,2,(二),coordinate;speed_height,"a值为300米，b值为35米，c值为25m,d值为4m/s,e值 为2m/s,f值为2s。",300;35;25;4;2;2,m;m/s;s;米,,,,4m/s;2m/s,,,
gcond_8374331a9487,gcond_8374331a9487,gctpl_63da06f6e0bf,gsec_0aae0f598df8,qbank_32b37a2f20be,实操题库_地面站考试条件_2026H1_地面站避让点题型.txt_74,2026H1,2026H1,地面站避让点题型,2026-06-04,湖北01考场,避让点题型-考试条件提取.docx,75,3,3,1、,coordinate;geometry,"题卡图形2号点经纬度： N:26°25′26"" E:120°12'12”",2;26;25;26;120;12;12,°;度,,"N:26°25′26"";E:120°12'12”",26°;120°,,,,
gcond_4be6a7ea4430,gcond_4be6a7ea4430,gctpl_e1c737848e7f,gsec_0aae0f598df8,qbank_32b37a2f20be,实操题库_地面站考试条件_2026H1_地面站避让点题型.txt_74,2026H1,2026H1,地面站避让点题型,2026-06-04,湖北01考场,避让点题型-考试条件提取.docx,75,4,4,2、,coordinate;speed_height;bearing_angle;restriction;geometry,"起飞后需向SE方向飞行500 6 米到达""避让点""再执行航线任 务。避让点高度为80米。 题卡图形1号点位于""避让点"" SW方向400米处。",500;6;80;1;400,S;度;米,6,,,,6 米;80米,6 米;80米;400米,
gcond_360997bb033b,gcond_360997bb033b,gctpl_9f351572c65d,gsec_0aae0f598df8,qbank_32b37a2f20be,实操题库_地面站考试条件_2026H1_地面站避让点题型.txt_74,2026H1,2026H1,地面站避让点题型,2026-06-04,湖北01考场,避让点题型-考试条件提取.docx,75,5,5,3、,geometry,题卡图形2号点到题卡图形1 号点南偏东15度。,2;1;15,度,,,南偏东15度,,,,
gcond_bf32460cdb2b,gcond_bf32460cdb2b,gctpl_fb08a1c854a5,gsec_19e915f7240d,qbank_32b37a2f20be,实操题库_地面站考试条件_2026H1_地面站避让点题型.txt_75,2026H1,2026H1,地面站避让点题型,2026-05-26,湖北01考场,避让点题型-考试条件提取.docx,76,1,1,(一),coordinate;speed_height;turn_hold_loop,"规划扫描航线要求闭合不循环，航线长度为a,航线间隔 为b,航线相对地面高度为c,水平速度为d,垂直速度为e,转弯模 式为协调转弯；",,度,,,,,,,
gcond_5d37bfef2420,gcond_5d37bfef2420,gctpl_eb14ee22a11e,gsec_19e915f7240d,qbank_32b37a2f20be,实操题库_地面站考试条件_2026H1_地面站避让点题型.txt_75,2026H1,2026H1,地面站避让点题型,2026-05-26,湖北01考场,避让点题型-考试条件提取.docx,76,2,2,(二),coordinate;speed_height,"a值为300米，b值为100米，c值为300m,d值为3m/s, e值为2m/s。",300;100;300;3;2,m;m/s;米,,,,3m/s;2m/s,,,
gcond_40372afcaf34,gcond_40372afcaf34,gctpl_7ad421d16f7a,gsec_19e915f7240d,qbank_32b37a2f20be,实操题库_地面站考试条件_2026H1_地面站避让点题型.txt_75,2026H1,2026H1,地面站避让点题型,2026-05-26,湖北01考场,避让点题型-考试条件提取.docx,76,3,3,1、,coordinate;restriction,避让点经纬度： N:27°29'28” E:120°36′12”,27;29;28;120;36;12,°;度,,N:27°29'28”;E:120°36′12”,27°;120°,,,,
gcond_abb9a8357e1e,gcond_abb9a8357e1e,gctpl_0797442dcdb6,gsec_19e915f7240d,qbank_32b37a2f20be,实操题库_地面站考试条件_2026H1_地面站避让点题型.txt_75,2026H1,2026H1,地面站避让点题型,2026-05-26,湖北01考场,避让点题型-考试条件提取.docx,76,4,4,2、,coordinate;speed_height;bearing_angle;restriction;geometry,"起飞后需向SW方向飞行 600米到达""避让点""再执行航 线任务，避让点高度为330米。 4 题卡图形1号点到""避让点""为 SE方向500米处。",600;330;4;1;500,S;度;米,4,,,,330米,600米,
gcond_6d47ab3d5fed,gcond_6d47ab3d5fed,gctpl_8ad6ca3db3db,gsec_19e915f7240d,qbank_32b37a2f20be,实操题库_地面站考试条件_2026H1_地面站避让点题型.txt_75,2026H1,2026H1,地面站避让点题型,2026-05-26,湖北01考场,避让点题型-考试条件提取.docx,76,5,5,3、,geometry,题卡图形2号点到题卡图形 3号点东偏南60度。,2;3;60,度,,,东偏南60度,,,,
gcond_926e83e6e8bd,gcond_926e83e6e8bd,gctpl_0e75abab5836,gsec_c8835d6ce3b6,qbank_32b37a2f20be,实操题库_地面站考试条件_2026H1_地面站避让点题型.txt_76,2026H1,2026H1,地面站避让点题型,2026-04-26,湖北01考场,避让点题型-考试条件提取.docx,77,1,1,(一),coordinate;speed_height;turn_hold_loop;bearing_angle;geometry,"按图规划一个闭合四边形并循环执行，①②边、②③边边长 为a,∠②=∠①=90°，∠④=45°。航线相对地面高度为c,水平 速度为d，垂直速度为e,转弯模式为停止转弯，停留时间5s;",90;45;5,s;°;度,①;②;②;③;②;①;④,,90°;45°,,,,
gcond_db49e714a365,gcond_db49e714a365,gctpl_1c845d253777,gsec_c8835d6ce3b6,qbank_32b37a2f20be,实操题库_地面站考试条件_2026H1_地面站避让点题型.txt_76,2026H1,2026H1,地面站避让点题型,2026-04-26,湖北01考场,避让点题型-考试条件提取.docx,77,2,2,(二),coordinate;speed_height,"a值为200米，c值为300m,d值为3ms,e值为2m/s。",200;300;3;2,m;m/s;s;米,,,,3ms;2m/s,,,
gcond_c84171c34f08,gcond_c84171c34f08,gctpl_bc59a9d02d82,gsec_c8835d6ce3b6,qbank_32b37a2f20be,实操题库_地面站考试条件_2026H1_地面站避让点题型.txt_76,2026H1,2026H1,地面站避让点题型,2026-04-26,湖北01考场,避让点题型-考试条件提取.docx,77,3,3,1、,coordinate;restriction,"“避让点”经纬度： N:27°46'36” E:123°12'17""",27;46;36;123;12;17,°;度,,"N:27°46'36”;E:123°12'17""",27°;123°,,,,
gcond_9aa018a48a6c,gcond_9aa018a48a6c,gctpl_c9c6617a03e1,gsec_c8835d6ce3b6,qbank_32b37a2f20be,实操题库_地面站考试条件_2026H1_地面站避让点题型.txt_76,2026H1,2026H1,地面站避让点题型,2026-04-26,湖北01考场,避让点题型-考试条件提取.docx,77,4,4,2、,coordinate;bearing_angle;restriction;geometry,空域限制：起飞后需 向SW方向飞行600米到 达“避让点”，再向SE 方向飞行800米，到达 任务航点1,600;800;1,S;米,,,,,,800米,
gcond_0cea8e944752,gcond_0cea8e944752,gctpl_eb1a523ecd4a,gsec_c8835d6ce3b6,qbank_32b37a2f20be,实操题库_地面站考试条件_2026H1_地面站避让点题型.txt_76,2026H1,2026H1,地面站避让点题型,2026-04-26,湖北01考场,避让点题型-考试条件提取.docx,77,5,5,3、,other,当地风向：东南风。 3-2逆风飞行。,3;2,,3,,,,,,
gcond_3e1e387c03b8,gcond_3e1e387c03b8,gctpl_f0b91e359d8a,gsec_e01ded15b5c8,qbank_32b37a2f20be,实操题库_地面站考试条件_2026H1_地面站避让点题型.txt_77,2026H1,2026H1,地面站避让点题型,2026-05-26,湖北01考场,避让点题型-考试条件提取.docx,78,1,1,(一),coordinate;speed_height;turn_hold_loop;bearing_angle;geometry,"按图规划一个闭合四边形并循环执行，②③边长为a,①④ 边长为b,∠②=∠①=90°，∠④=60°。航线相对地面高度为c, 水平速度为d，垂直速度为e,转弯模式为停止转弯，停留时间5s；",90;60;5,s;°;度,②;③;①;④;②;①;④,,90°;60°,,,,
gcond_4c71ead79b11,gcond_4c71ead79b11,gctpl_0c10b202a24e,gsec_e01ded15b5c8,qbank_32b37a2f20be,实操题库_地面站考试条件_2026H1_地面站避让点题型.txt_77,2026H1,2026H1,地面站避让点题型,2026-05-26,湖北01考场,避让点题型-考试条件提取.docx,78,2,2,(二),coordinate;speed_height,"a值为200米，b值为300米，c值为300m,d值为 3m/s,e值为2m/s。",200;300;300;3;2,m;m/s;米,,,,3m/s;2m/s,,,
gcond_7732d04df12d,gcond_7732d04df12d,gctpl_f72db07f0a27,gsec_e01ded15b5c8,qbank_32b37a2f20be,实操题库_地面站考试条件_2026H1_地面站避让点题型.txt_77,2026H1,2026H1,地面站避让点题型,2026-05-26,湖北01考场,避让点题型-考试条件提取.docx,78,3,3,1、,coordinate;geometry,题卡图形4号点经纬度： N:30°35′32” E:120°13'14”,4;30;35;32;120;13;14,°;度,,N:30°35′32”;E:120°13'14”,30°;120°,,,,
gcond_b53c706e85db,gcond_b53c706e85db,gctpl_30813427f036,gsec_e01ded15b5c8,qbank_32b37a2f20be,实操题库_地面站考试条件_2026H1_地面站避让点题型.txt_77,2026H1,2026H1,地面站避让点题型,2026-05-26,湖北01考场,避让点题型-考试条件提取.docx,78,4,4,2、,coordinate;speed_height;bearing_angle;restriction;geometry,"起飞后需向NW方向飞行 600米到达""避让点""再执行航 线任务，避让点高度为330米。 题卡图形1号点到""避让点""为 SE方向500米处。",600;330;1;500,S;度;米,,,,,330米,600米,
gcond_453faf337779,gcond_453faf337779,gctpl_74e879fcaf03,gsec_e01ded15b5c8,qbank_32b37a2f20be,实操题库_地面站考试条件_2026H1_地面站避让点题型.txt_77,2026H1,2026H1,地面站避让点题型,2026-05-26,湖北01考场,避让点题型-考试条件提取.docx,78,5,5,3、,geometry,题卡图形2号点位于题卡图 形3号点北偏西20度。,2;3;20,度,,,北偏西20度,,,,
gcond_dee9c45fae08,gcond_dee9c45fae08,gctpl_dd2747ce7ad8,gsec_4896119eed29,qbank_32b37a2f20be,实操题库_地面站考试条件_2026H1_地面站避让点题型.txt_78,2026H1,2026H1,地面站避让点题型,2026-05-26,湖北01考场,避让点题型-考试条件提取.docx,79,1,1,(一),coordinate;speed_height;turn_hold_loop;bearing_angle;geometry,"规划一个闭合五边形并循环执行，①②、②③、①⑤边的边长为a, ∠②=∠①=90°，∠④=90°航线相对地面高度为b,水平速度为c，垂直 速度为d,转弯模式为停止转弯，各点停留时间为e;",90;90,°;度,①;②;②;③;①;⑤;②;①;④,,90°;90°,,,,
gcond_66e393081624,gcond_66e393081624,gctpl_d73cc3cce31a,gsec_4896119eed29,qbank_32b37a2f20be,实操题库_地面站考试条件_2026H1_地面站避让点题型.txt_78,2026H1,2026H1,地面站避让点题型,2026-05-26,湖北01考场,避让点题型-考试条件提取.docx,79,2,2,(二),coordinate;speed_height,"a值为300米，b值为300米，c值为3m/s,d值为2m/s,e值为10s。",300;300;3;2;10,m/s;s;米,,,,3m/s;2m/s,,,
gcond_6c3003459634,gcond_6c3003459634,gctpl_f3517c6549bc,gsec_4896119eed29,qbank_32b37a2f20be,实操题库_地面站考试条件_2026H1_地面站避让点题型.txt_78,2026H1,2026H1,地面站避让点题型,2026-05-26,湖北01考场,避让点题型-考试条件提取.docx,79,3,3,1、,coordinate;geometry,"题卡图形1号点经纬度： N:42°36'15"" E:120°43′12”",1;42;36;15;120;43;12,°;度,,"N:42°36'15"";E:120°43′12”",42°;120°,,,,
gcond_0dd8a1265d46,gcond_0dd8a1265d46,gctpl_d47f08d5b13a,gsec_4896119eed29,qbank_32b37a2f20be,实操题库_地面站考试条件_2026H1_地面站避让点题型.txt_78,2026H1,2026H1,地面站避让点题型,2026-05-26,湖北01考场,避让点题型-考试条件提取.docx,79,4,4,2、,coordinate;speed_height;bearing_angle;restriction;geometry,"起飞后需向SE方向飞行600 米到达""避让点""再执行航线任 务，避让点高度为325米。 题卡图形1号点位于""避让点”NW方向500米处。",600;325;1;500,S;度;米,,,,,600 米;325米,600 米;325米;500米,
gcond_2a625d943c03,gcond_2a625d943c03,gctpl_bf23508728c3,gsec_4896119eed29,qbank_32b37a2f20be,实操题库_地面站考试条件_2026H1_地面站避让点题型.txt_78,2026H1,2026H1,地面站避让点题型,2026-05-26,湖北01考场,避让点题型-考试条件提取.docx,79,5,5,3、,geometry,题卡图形3号点到题卡图形2 号点西偏南25度。,3;2;25,度,,,西偏南25度,,,,
gcond_f1767d0ff8c7,gcond_f1767d0ff8c7,gctpl_4ffe584e56f2,gsec_4bbab183eb74,qbank_32b37a2f20be,实操题库_地面站考试条件_2026H1_地面站避让点题型.txt_79,2026H1,2026H1,地面站避让点题型,2026-05-10,湖北03考场,避让点题型-考试条件提取.docx,80,1,1,(一),coordinate;speed_height;turn_hold_loop,"规划扫描航线要求闭合不循环，航线长度为a,航线间 隔为b,航线相对地面高度为c,水平速度为d,垂直速度为e,转弯 方式为协调转弯；",,度,,,,,,,
gcond_49e3adb06065,gcond_49e3adb06065,gctpl_37447e49adab,gsec_4bbab183eb74,qbank_32b37a2f20be,实操题库_地面站考试条件_2026H1_地面站避让点题型.txt_79,2026H1,2026H1,地面站避让点题型,2026-05-10,湖北03考场,避让点题型-考试条件提取.docx,80,2,2,(二),coordinate;speed_height,"a值为300米，b值为100米，c值为300m,d值为3m/5, e值为2m/s。",300;100;300;3;5;2,m;m/s;米,5,,,2m/s,,,
gcond_113a2243ae8d,gcond_113a2243ae8d,gctpl_d79b54bff98c,gsec_4bbab183eb74,qbank_32b37a2f20be,实操题库_地面站考试条件_2026H1_地面站避让点题型.txt_79,2026H1,2026H1,地面站避让点题型,2026-05-10,湖北03考场,避让点题型-考试条件提取.docx,80,3,3,一：,coordinate;geometry,"题卡图形1号点经纬 12 度： N:32°32'28"" E:12036'12""",1;12;32;32;28;12036;12,°;度,,"N:32°32'28"";E:12036'12""",12 度;32°,,,,
gcond_4c50dda55afa,gcond_4c50dda55afa,gctpl_b3eca867c97d,gsec_4bbab183eb74,qbank_32b37a2f20be,实操题库_地面站考试条件_2026H1_地面站避让点题型.txt_79,2026H1,2026H1,地面站避让点题型,2026-05-10,湖北03考场,避让点题型-考试条件提取.docx,80,4,4,二：,coordinate;speed_height;bearing_angle;restriction;geometry,起飞后需向NE方向飞 行600米到达”避让点”再 执行航线任务，避让点高度为350米 题卡图形1号点到”避让 4 点”为NW方向500米处,600;350;1;4;500,度;米,4,,,,350米,600米,
gcond_fc9b608c8705,gcond_fc9b608c8705,gctpl_ec70a33ecec9,gsec_4bbab183eb74,qbank_32b37a2f20be,实操题库_地面站考试条件_2026H1_地面站避让点题型.txt_79,2026H1,2026H1,地面站避让点题型,2026-05-10,湖北03考场,避让点题型-考试条件提取.docx,80,5,5,三：,geometry,题卡图形2号点位于题 卡图形3号点西偏南20度。,2;3;20,度,,,西偏南20度,,,,
gcond_29a24ce363da,gcond_29a24ce363da,gctpl_a5897704705c,gsec_1e07f31ee5d3,qbank_32b37a2f20be,实操题库_地面站考试条件_2026H1_地面站避让点题型.txt_80,2026H1,2026H1,地面站避让点题型,2026-06-10,湖北04考场,避让点题型-考试条件提取.docx,81,1,1,(一),coordinate;speed_height;turn_hold_loop;geometry,"按图规划一个闭合的任务航线并循环执行，①③、②③、 ②④、①④边长为300米，①点相对地面高度为a,②点相对地面高度 为b,③点相对地面高度为c,④点相对地面高度为d,水平速度为e, 垂直速度为f,转弯模式为停止转弯，停留时间2s;",300;2,s;度;米,①;③;②;③;②;④;①;④;①;②;③;④,,,,300米,300米,
gcond_797555917f58,gcond_797555917f58,gctpl_ef11846ede82,gsec_1e07f31ee5d3,qbank_32b37a2f20be,实操题库_地面站考试条件_2026H1_地面站避让点题型.txt_80,2026H1,2026H1,地面站避让点题型,2026-06-10,湖北04考场,避让点题型-考试条件提取.docx,81,2,2,(二),coordinate;speed_height,"a值为20米，b值为25米，c值为30m,d值为20m, e值为2m/s,f值为2m/s。",20;25;30;20;2;2,m;m/s;米,,,,2m/s;2m/s,,,
gcond_bb01e2e4195d,gcond_bb01e2e4195d,gctpl_041ed6b3fd9a,gsec_1e07f31ee5d3,qbank_32b37a2f20be,实操题库_地面站考试条件_2026H1_地面站避让点题型.txt_80,2026H1,2026H1,地面站避让点题型,2026-06-10,湖北04考场,避让点题型-考试条件提取.docx,81,3,3,1、,coordinate;restriction,"避让点经纬度： N:32°28'28"" E:121°18′18”",32;28;28;121;18;18,°;度,,"N:32°28'28"";E:121°18′18”",32°;121°,,,,
gcond_47d8b60f3eae,gcond_47d8b60f3eae,gctpl_1725e4f92fbb,gsec_1e07f31ee5d3,qbank_32b37a2f20be,实操题库_地面站考试条件_2026H1_地面站避让点题型.txt_80,2026H1,2026H1,地面站避让点题型,2026-06-10,湖北04考场,避让点题型-考试条件提取.docx,81,4,4,2、,coordinate;speed_height;bearing_angle;restriction;geometry,"起飞后需向SE方向飞行600 米到达""避让点""再执行航线任 务。避让点高度为80米。 题卡图形1号点位于""避让点” SW方向500米处。",600;80;1;500,S;度;米,,,,,600 米;80米,600 米;80米;500米,
gcond_23e4e101d201,gcond_23e4e101d201,gctpl_fbd8a4b33edf,gsec_1e07f31ee5d3,qbank_32b37a2f20be,实操题库_地面站考试条件_2026H1_地面站避让点题型.txt_80,2026H1,2026H1,地面站避让点题型,2026-06-10,湖北04考场,避让点题型-考试条件提取.docx,81,5,5,3、,geometry,题卡图形3号点到题卡图形2 号点西偏南30度。,3;2;30,度,,,西偏南30度,,,,
gcond_08e4a5954d9a,gcond_08e4a5954d9a,gctpl_5ca5934033c1,gsec_f5d2d6a10786,qbank_32b37a2f20be,实操题库_地面站考试条件_2026H1_地面站避让点题型.txt_81,2026H1,2026H1,地面站避让点题型,2026-06-10,湖北04考场,避让点题型-考试条件提取.docx,82,1,1,(一),coordinate;speed_height;turn_hold_loop;geometry,"规划一个手动闭合正六边形，边长为a,①②③航点 相对地面高度为b,④⑤⑥航点相对地面高度为c,水平速度为d, 垂直速度为e,转弯方式为协调转弯，航线执行次数为g。",,度,①;②;③;④;⑤;⑥,,,,,,
gcond_881808a3c17a,gcond_881808a3c17a,gctpl_7a7fc3e8bf38,gsec_f5d2d6a10786,qbank_32b37a2f20be,实操题库_地面站考试条件_2026H1_地面站避让点题型.txt_81,2026H1,2026H1,地面站避让点题型,2026-06-10,湖北04考场,避让点题型-考试条件提取.docx,82,2,2,(二),coordinate;speed_height,a值为300米，b值为80米，c值为50米，d值为3米/秒， e值为2米/秒，g值为5次。,300;80;50;3;2;5,米;米/秒,,,,3米/秒;2米/秒,,,
gcond_9be0bd814acd,gcond_9be0bd814acd,gctpl_af6616d5939c,gsec_f5d2d6a10786,qbank_32b37a2f20be,实操题库_地面站考试条件_2026H1_地面站避让点题型.txt_81,2026H1,2026H1,地面站避让点题型,2026-06-10,湖北04考场,避让点题型-考试条件提取.docx,82,3,3,1、,coordinate;geometry,"题卡图形2号点经纬度： N:26°26'26"" E:120°20′20”",2;26;26;26;120;20;20,°;度,,"N:26°26'26"";E:120°20′20”",26°;120°,,,,
gcond_efad68b22ce6,gcond_efad68b22ce6,gctpl_3da3100ae221,gsec_f5d2d6a10786,qbank_32b37a2f20be,实操题库_地面站考试条件_2026H1_地面站避让点题型.txt_81,2026H1,2026H1,地面站避让点题型,2026-06-10,湖北04考场,避让点题型-考试条件提取.docx,82,4,4,2、,coordinate;speed_height;bearing_angle;restriction;geometry,"起飞后需向SE方向飞行500 米到达""避让点""再执行航线任 务。避让点高度为80米。 题卡图形1号点位于""避让点” SW方向400米处。",500;80;1;400,S;度;米,,,,,500 米;80米,500 米;80米;400米,
gcond_f3b0bd872c35,gcond_f3b0bd872c35,gctpl_8487b5dc85fb,gsec_f5d2d6a10786,qbank_32b37a2f20be,实操题库_地面站考试条件_2026H1_地面站避让点题型.txt_81,2026H1,2026H1,地面站避让点题型,2026-06-10,湖北04考场,避让点题型-考试条件提取.docx,82,5,5,3、,geometry,题卡图形2号点到题卡图形1 号点南偏东35度。,2;1;35,度,,,南偏东35度,,,,
gcond_cb20072158a0,gcond_cb20072158a0,gctpl_38c4c3300d04,gsec_5eb346912fd4,qbank_32b37a2f20be,实操题库_地面站考试条件_2026H1_地面站避让点题型.txt_82,2026H1,2026H1,地面站避让点题型,2026-06-10,湖北04考场,避让点题型-考试条件提取.docx,83,1,1,(一),coordinate;speed_height;turn_hold_loop;geometry,"规划一个闭合六边形航线，不循环执行，边长为a,①②③ 航点相对地面高度为b,④⑤⑥航点相对地面高度为c,水平速度为d, 垂直速度为e,转弯方式为停止转弯，各点停留时间为f;",,度,①;②;③;④;⑤;⑥,,,,,,
gcond_f3b94ca317b5,gcond_f3b94ca317b5,gctpl_5b496b8eb7ce,gsec_5eb346912fd4,qbank_32b37a2f20be,实操题库_地面站考试条件_2026H1_地面站避让点题型.txt_82,2026H1,2026H1,地面站避让点题型,2026-06-10,湖北04考场,避让点题型-考试条件提取.docx,83,2,2,(二),coordinate;speed_height,"a值为300米，b值为35米，c值为25m,d值为4m/s, e值为2m/s,f值为2so",300;35;25;4;2;2,m;m/s;s;米,,,,4m/s;2m/s,,,
gcond_733aee6ea596,gcond_733aee6ea596,gctpl_f8ead2ff1d91,gsec_5eb346912fd4,qbank_32b37a2f20be,实操题库_地面站考试条件_2026H1_地面站避让点题型.txt_82,2026H1,2026H1,地面站避让点题型,2026-06-10,湖北04考场,避让点题型-考试条件提取.docx,83,3,3,1、,coordinate;geometry,"题卡图形2号点经纬度： N:26°25′25"" E:120°12'12”",2;26;25;25;120;12;12,°;度,,"N:26°25′25"";E:120°12'12”",26°;120°,,,,
gcond_47d9c8ae34d3,gcond_47d9c8ae34d3,gctpl_3da3100ae221,gsec_5eb346912fd4,qbank_32b37a2f20be,实操题库_地面站考试条件_2026H1_地面站避让点题型.txt_82,2026H1,2026H1,地面站避让点题型,2026-06-10,湖北04考场,避让点题型-考试条件提取.docx,83,4,4,2、,coordinate;speed_height;bearing_angle;restriction;geometry,"起飞后需向SE方向飞行500 米到达""避让点""再执行航线任 务。避让点高度为80米。 题卡图形1号点位于""避让点” SW方向400米处。",500;80;1;400,S;度;米,,,,,500 米;80米,500 米;80米;400米,
gcond_60c9d2710096,gcond_60c9d2710096,gctpl_2da055f8cf46,gsec_5eb346912fd4,qbank_32b37a2f20be,实操题库_地面站考试条件_2026H1_地面站避让点题型.txt_82,2026H1,2026H1,地面站避让点题型,2026-06-10,湖北04考场,避让点题型-考试条件提取.docx,83,5,5,3、,geometry,题卡图形2号点到题卡图形1 号点南偏东25度。,2;1;25,度,,,南偏东25度,,,,
gcond_bd985755e12b,gcond_bd985755e12b,gctpl_63098b98c416,gsec_80a88f8555f7,qbank_32b37a2f20be,实操题库_地面站考试条件_2026H1_地面站避让点题型.txt_83,2026H1,2026H1,地面站避让点题型,2026-06-10,湖北04考场,避让点题型-考试条件提取.docx,84,1,1,(一),coordinate;speed_height;turn_hold_loop;bearing_angle;geometry,"按图规划一个手动闭合直角梯形，①②边、②③边边长为a, ①④边边长为b,∠①=∠②=90°。航线相对地面高度为c,水平速度为d, 垂直速度为e,转弯模式为停止转弯，各点停留时间为g,航线执行次数为h;",90,°;度,①;②;②;③;①;④;①;②,,90°,,,,
gcond_f8787173710f,gcond_f8787173710f,gctpl_de4d0bc20161,gsec_80a88f8555f7,qbank_32b37a2f20be,实操题库_地面站考试条件_2026H1_地面站避让点题型.txt_83,2026H1,2026H1,地面站避让点题型,2026-06-10,湖北04考场,避让点题型-考试条件提取.docx,84,2,2,(二),speed_height,a值为200米，b值为400米，c值为300米，d值为4米/秒， g值为5秒，h值为1次。,200;400;300;4;5;1,秒;米;米/秒,,,,4米/秒,,,
gcond_5aead02580cc,gcond_5aead02580cc,gctpl_392079b60cd3,gsec_80a88f8555f7,qbank_32b37a2f20be,实操题库_地面站考试条件_2026H1_地面站避让点题型.txt_83,2026H1,2026H1,地面站避让点题型,2026-06-10,湖北04考场,避让点题型-考试条件提取.docx,84,3,3,1、,coordinate;geometry,"题卡图形3号点经纬度： N:30°32'32"" E:120°14'14”",3;30;32;32;120;14;14,°;度,,"N:30°32'32"";E:120°14'14”",30°;120°,,,,
gcond_8b0e0d5ed879,gcond_8b0e0d5ed879,gctpl_9294cc6cc527,gsec_80a88f8555f7,qbank_32b37a2f20be,实操题库_地面站考试条件_2026H1_地面站避让点题型.txt_83,2026H1,2026H1,地面站避让点题型,2026-06-10,湖北04考场,避让点题型-考试条件提取.docx,84,4,4,2、,coordinate;speed_height;bearing_angle;restriction;geometry,"起飞后需向NW方向飞行 500米到达""避让点""再执行航 线任务。避让点高度为350米。 题卡图形1号点到""避让点""为 SE方向400米处。",500;350;1;400,S;度;米,,,,,350米,500米,
gcond_2861d1df2527,gcond_2861d1df2527,gctpl_74e879fcaf03,gsec_80a88f8555f7,qbank_32b37a2f20be,实操题库_地面站考试条件_2026H1_地面站避让点题型.txt_83,2026H1,2026H1,地面站避让点题型,2026-06-10,湖北04考场,避让点题型-考试条件提取.docx,84,5,5,3、,geometry,题卡图形2号点位于题卡图 形3号点北偏西20度。,2;3;20,度,,,北偏西20度,,,,
gcond_afc575b24dcb,gcond_afc575b24dcb,gctpl_fa34d0b15b8b,gsec_54d17426c826,qbank_32b37a2f20be,实操题库_地面站考试条件_2026H1_地面站避让点题型.txt_84,2026H1,2026H1,地面站避让点题型,2026-06-10,湖北04考场,避让点题型-考试条件提取.docx,85,1,1,(一),coordinate;speed_height;turn_hold_loop;bearing_angle;geometry,"规划一个闭合五边形并循环执行，①②、②③、①⑤边的边长为a, ∠②=∠①为90°，∠④=90°。航线相对地面高度为b,水平速度为c,垂直速度 为d,转弯模式为停止转弯，各点停留时间为e;",90;90,°;度,①;②;②;③;①;⑤;②;①;④,,90°;90°,,,,
gcond_e2e8f817eed5,gcond_e2e8f817eed5,gctpl_d73cc3cce31a,gsec_54d17426c826,qbank_32b37a2f20be,实操题库_地面站考试条件_2026H1_地面站避让点题型.txt_84,2026H1,2026H1,地面站避让点题型,2026-06-10,湖北04考场,避让点题型-考试条件提取.docx,85,2,2,(二),coordinate;speed_height,"a值为300米，b值为300米，c值为3m/s,d值为2m/s,e值为10s。",300;300;3;2;10,m/s;s;米,,,,3m/s;2m/s,,,
gcond_e346cfed090c,gcond_e346cfed090c,gctpl_2848c3cefa4e,gsec_54d17426c826,qbank_32b37a2f20be,实操题库_地面站考试条件_2026H1_地面站避让点题型.txt_84,2026H1,2026H1,地面站避让点题型,2026-06-10,湖北04考场,避让点题型-考试条件提取.docx,85,3,3,1、,coordinate;geometry,题卡图形1号点经纬度： N:42°36'15” E:120°43′12”,1;42;36;15;120;43;12,°;度,,N:42°36'15”;E:120°43′12”,42°;120°,,,,
gcond_a549fe4dcbad,gcond_a549fe4dcbad,gctpl_1c266328b3ff,gsec_54d17426c826,qbank_32b37a2f20be,实操题库_地面站考试条件_2026H1_地面站避让点题型.txt_84,2026H1,2026H1,地面站避让点题型,2026-06-10,湖北04考场,避让点题型-考试条件提取.docx,85,4,4,2、,coordinate;speed_height;bearing_angle;restriction;geometry,"起飞后需向SE方向飞行600 米到达""避让点""再执行航线任务 避让点高度为325米。 题卡图形1号点位于""避让点"" NW方向500米处。",600;325;1;500,S;度;米,,,,,600 米;325米,600 米;325米;500米,
gcond_6635d49b16da,gcond_6635d49b16da,gctpl_bf23508728c3,gsec_54d17426c826,qbank_32b37a2f20be,实操题库_地面站考试条件_2026H1_地面站避让点题型.txt_84,2026H1,2026H1,地面站避让点题型,2026-06-10,湖北04考场,避让点题型-考试条件提取.docx,85,5,5,3、,geometry,题卡图形3号点到题卡图形2 号点西偏南25度。,3;2;25,度,,,西偏南25度,,,,
gcond_79ba7c6cdd95,gcond_79ba7c6cdd95,gctpl_6f80a1496731,gsec_43e30767de9d,qbank_32b37a2f20be,实操题库_地面站考试条件_2026H1_地面站避让点题型.txt_85,2026H1,2026H1,地面站避让点题型,2026-06-10,湖北04考场,避让点题型-考试条件提取.docx,86,1,1,(一）,coordinate;speed_height;turn_hold_loop;bearing_angle;geometry,"规划一个闭合五边形并循环执行，①②、②③、①⑤边的边长为a, ∠②=∠①为90°，∠④=90°。航线相对地面高度为，水平速度为c,垂直速度 为d,转弯模式为停止转弯，各点停留时间为e；",90;90,°;度,①;②;②;③;①;⑤;②;①;④,,90°;90°,,,,
gcond_fbfada1d065b,gcond_fbfada1d065b,gctpl_d73cc3cce31a,gsec_43e30767de9d,qbank_32b37a2f20be,实操题库_地面站考试条件_2026H1_地面站避让点题型.txt_85,2026H1,2026H1,地面站避让点题型,2026-06-10,湖北04考场,避让点题型-考试条件提取.docx,86,2,2,(二),coordinate;speed_height,"a值为300米，b值为300米，c值为3m/s,d值为2m/s,e值为10s。",300;300;3;2;10,m/s;s;米,,,,3m/s;2m/s,,,
gcond_7910e547f02b,gcond_7910e547f02b,gctpl_1d223a1a75e5,gsec_43e30767de9d,qbank_32b37a2f20be,实操题库_地面站考试条件_2026H1_地面站避让点题型.txt_85,2026H1,2026H1,地面站避让点题型,2026-06-10,湖北04考场,避让点题型-考试条件提取.docx,86,3,3,1、,coordinate;geometry,"题卡图形2号点经纬度： N:42°36'36 E:120°43'43""",2;42;36;36;120;43;43,°;度,,"N:42°36'36;E:120°43'43""",42°;120°,,,,
gcond_762f727541bd,gcond_762f727541bd,gctpl_392d331ab8e0,gsec_43e30767de9d,qbank_32b37a2f20be,实操题库_地面站考试条件_2026H1_地面站避让点题型.txt_85,2026H1,2026H1,地面站避让点题型,2026-06-10,湖北04考场,避让点题型-考试条件提取.docx,86,4,4,2、,coordinate;speed_height;bearing_angle;restriction;geometry,起飞后需向NW仿向飞行600 米到达“避让点”再执行航线任 务。避让点高度为325米。 题卡图形1号点位于“避让点” SW方向500米处。,600;325;1;500,S;度;米,,,,,600 米;325米,600 米;325米;500米,
gcond_5eb88eb38326,gcond_5eb88eb38326,gctpl_bf23508728c3,gsec_43e30767de9d,qbank_32b37a2f20be,实操题库_地面站考试条件_2026H1_地面站避让点题型.txt_85,2026H1,2026H1,地面站避让点题型,2026-06-10,湖北04考场,避让点题型-考试条件提取.docx,86,5,5,3、,geometry,题卡图形3号点到题卡图形2 号点西偏南25度。,3;2;25,度,,,西偏南25度,,,,
gcond_1193da079858,gcond_1193da079858,gctpl_fa34d0b15b8b,gsec_02d588eb169c,qbank_32b37a2f20be,实操题库_地面站考试条件_2026H1_地面站避让点题型.txt_86,2026H1,2026H1,地面站避让点题型,2026-06-10,湖北04考场,避让点题型-考试条件提取.docx,87,1,1,(一),coordinate;speed_height;turn_hold_loop;bearing_angle;geometry,"规划一个闭合五边形并循环执行，①②、②③、①⑤边的边长为a, ∠②=∠①为90°，∠④=90°。航线相对地面高度为b,水平速度为c，垂直 速度为d,转弯模式为停止转弯，各点停留时间为e;",90;90,°;度,①;②;②;③;①;⑤;②;①;④,,90°;90°,,,,
gcond_488afb8137d0,gcond_488afb8137d0,gctpl_d73cc3cce31a,gsec_02d588eb169c,qbank_32b37a2f20be,实操题库_地面站考试条件_2026H1_地面站避让点题型.txt_86,2026H1,2026H1,地面站避让点题型,2026-06-10,湖北04考场,避让点题型-考试条件提取.docx,87,2,2,(二),coordinate;speed_height,"a值为300米，b值为300米，c值为3m/s,d值为2m/s,e值为10s。",300;300;3;2;10,m/s;s;米,,,,3m/s;2m/s,,,
gcond_e78bea10aa9e,gcond_e78bea10aa9e,gctpl_24dfb81c8d65,gsec_02d588eb169c,qbank_32b37a2f20be,实操题库_地面站考试条件_2026H1_地面站避让点题型.txt_86,2026H1,2026H1,地面站避让点题型,2026-06-10,湖北04考场,避让点题型-考试条件提取.docx,87,3,3,1、,coordinate;geometry,"题卡图形1号点经纬度： N:42°36'36"" E:120°33′33”",1;42;36;36;120;33;33,°;度,,"N:42°36'36"";E:120°33′33”",42°;120°,,,,
gcond_a6448c3ebfa1,gcond_a6448c3ebfa1,gctpl_706590405ea4,gsec_02d588eb169c,qbank_32b37a2f20be,实操题库_地面站考试条件_2026H1_地面站避让点题型.txt_86,2026H1,2026H1,地面站避让点题型,2026-06-10,湖北04考场,避让点题型-考试条件提取.docx,87,4,4,2、,coordinate;speed_height;bearing_angle;restriction;geometry,"起飞后需向SE方向飞行500 米到达""避让点""再执行航线任 务。避让点高度为320米。 题卡图形1号点位于""避让点” NW方向400米处。",500;320;1;400,S;度;米,,,,,500 米;320米,500 米;320米;400米,
gcond_60ec45515813,gcond_60ec45515813,gctpl_363d06c757a6,gsec_02d588eb169c,qbank_32b37a2f20be,实操题库_地面站考试条件_2026H1_地面站避让点题型.txt_86,2026H1,2026H1,地面站避让点题型,2026-06-10,湖北04考场,避让点题型-考试条件提取.docx,87,5,5,3、,geometry,题卡图形3号点到题卡图形2 号点西偏南15度。,3;2;15,度,,,西偏南15度,,,,
gcond_75f3c7ade01b,gcond_75f3c7ade01b,gctpl_e8a81c245dbe,gsec_58ce85ae70bb,qbank_32b37a2f20be,实操题库_地面站考试条件_2026H1_地面站避让点题型.txt_87,2026H1,2026H1,地面站避让点题型,2026-05-27,湖南03考场,避让点题型-考试条件提取.docx,88,1,1,(一),coordinate;speed_height;turn_hold_loop;geometry,"规划一个手动闭合正六边形航线，航线执行5次，边长为a, ①②③航点相对地面高度为b，④⑤⑥航点相对地面高度为c，水平速 度为d,垂直速度为e,转弯方式为停止转弯，各点停留时间为f；",5,度,①;②;③;④;⑤;⑥,,,,,,
gcond_05ede2106651,gcond_05ede2106651,gctpl_1b5a02a6f4f2,gsec_58ce85ae70bb,qbank_32b37a2f20be,实操题库_地面站考试条件_2026H1_地面站避让点题型.txt_87,2026H1,2026H1,地面站避让点题型,2026-05-27,湖南03考场,避让点题型-考试条件提取.docx,88,2,2,(二),coordinate;speed_height,"a值为300米，b值为35米，c值为25m,d值为5m/s, e值为3m/s,f值为5s。",300;35;25;5;3;5,m;m/s;s;米,,,,5m/s;3m/s,,,
gcond_d3f722540783,gcond_d3f722540783,gctpl_c9878ac7a49d,gsec_58ce85ae70bb,qbank_32b37a2f20be,实操题库_地面站考试条件_2026H1_地面站避让点题型.txt_87,2026H1,2026H1,地面站避让点题型,2026-05-27,湖南03考场,避让点题型-考试条件提取.docx,88,3,3,1、,coordinate;geometry,"题卡图形5号点经纬度： N:38°15′26"" E:114°12'36”",5;38;15;26;114;12;36,°;度,,"N:38°15′26"";E:114°12'36”",38°;114°,,,,
gcond_847eb6c8cfe9,gcond_847eb6c8cfe9,gctpl_4782ca8adfd0,gsec_58ce85ae70bb,qbank_32b37a2f20be,实操题库_地面站考试条件_2026H1_地面站避让点题型.txt_87,2026H1,2026H1,地面站避让点题型,2026-05-27,湖南03考场,避让点题型-考试条件提取.docx,88,4,4,2、,coordinate;speed_height;bearing_angle;restriction;geometry,"起飞后需向NW方向飞行 500米到达""避让点""再执行航 线任务。避让点高度为110米。 题卡图形1号点位于”避让点” NE方向218米处。",500;110;1;218,度;米,,,,,110米,500米;110米;218米,
gcond_646e6b0a739b,gcond_646e6b0a739b,gctpl_cbdec83c99f4,gsec_58ce85ae70bb,qbank_32b37a2f20be,实操题库_地面站考试条件_2026H1_地面站避让点题型.txt_87,2026H1,2026H1,地面站避让点题型,2026-05-27,湖南03考场,避让点题型-考试条件提取.docx,88,5,5,3、,geometry,题卡图形2号点到题卡图形 1号点南偏西15度。,2;1;15,度,,,南偏西15度,,,,
gcond_b24881d5ef0d,gcond_b24881d5ef0d,gctpl_a6a4be16f88e,gsec_714c4cf3934a,qbank_32b37a2f20be,实操题库_地面站考试条件_2026H1_地面站避让点题型.txt_88,2026H1,2026H1,地面站避让点题型,2026-05-27,湖南03考场,避让点题型-考试条件提取.docx,89,1,1,(一),coordinate;speed_height;turn_hold_loop,"规划扫描航线要求不闭合不循环，航线长度为a，航线间隔 为b,航线相对地面高度为c,水平速度为d,垂直速度为e,转弯模式 为协调转弯；",,度,,,,,,,
gcond_6d18878fc73d,gcond_6d18878fc73d,gctpl_ac847bcd601d,gsec_714c4cf3934a,qbank_32b37a2f20be,实操题库_地面站考试条件_2026H1_地面站避让点题型.txt_88,2026H1,2026H1,地面站避让点题型,2026-05-27,湖南03考场,避让点题型-考试条件提取.docx,89,2,2,(二),coordinate;speed_height,"a值为300米，b值为100米，c值为50m,d值为6m/s e值为2m/s。",300;100;50;6;2,m;m/s;米,,,,6m/s;2m/s,,,
gcond_ca012f520118,gcond_ca012f520118,gctpl_337a86e6fcf3,gsec_714c4cf3934a,qbank_32b37a2f20be,实操题库_地面站考试条件_2026H1_地面站避让点题型.txt_88,2026H1,2026H1,地面站避让点题型,2026-05-27,湖南03考场,避让点题型-考试条件提取.docx,89,3,3,1、,coordinate;geometry,"题卡图形8号点经纬度： N:39°28'18"" E:114°26′32",8;39;28;18;114;26;32,°;度,,"N:39°28'18"";E:114°26′32",39°;114°,,,,
gcond_18897f4db900,gcond_18897f4db900,gctpl_aba9ed2c2a8c,gsec_714c4cf3934a,qbank_32b37a2f20be,实操题库_地面站考试条件_2026H1_地面站避让点题型.txt_88,2026H1,2026H1,地面站避让点题型,2026-05-27,湖南03考场,避让点题型-考试条件提取.docx,89,4,4,2、,coordinate;speed_height;bearing_angle;restriction;geometry,"起飞后需向SE方向飞行550 米到达""避让点""再执行航线任 务。避让点高度为420米。 题卡图形1号点到""避让点""为 SW方向340米处。",550;420;1;340,S;度;米,,,,,550 米;420米,550 米,
gcond_da0ee16b99af,gcond_da0ee16b99af,gctpl_051f7aaa5ff9,gsec_714c4cf3934a,qbank_32b37a2f20be,实操题库_地面站考试条件_2026H1_地面站避让点题型.txt_88,2026H1,2026H1,地面站避让点题型,2026-05-27,湖南03考场,避让点题型-考试条件提取.docx,89,5,5,3、,geometry,题卡图形2号点位于题卡图 形3号点东南偏南20度。,2;3;20,度,,,东南偏南20度,,,,
gcond_85549858ebf9,gcond_85549858ebf9,gctpl_73ab59b2b264,gsec_a6795c17b1e8,qbank_32b37a2f20be,实操题库_地面站考试条件_2026H1_地面站避让点题型.txt_89,2026H1,2026H1,地面站避让点题型,2026-05-27,湖南03考场,避让点题型-考试条件提取.docx,90,1,1,(一),coordinate;speed_height;turn_hold_loop;bearing_angle;geometry,"规划一个手动闭合五边形，航线执行11次，①②、②③、①⑤边的边长 为a,∠②=∠①为90°，∠④=90°③④、④⑤边长相等。航线相对地面高度为b, 水平速度为c，垂直速度为d,转弯模式为停止转弯，各点停留时间为e;",11;90;90,°;度,①;②;②;③;①;⑤;②;①;④;③;④;④;⑤,,90°;90°,,,,
gcond_46bf9f4ec51c,gcond_46bf9f4ec51c,gctpl_bf520aa3a0f3,gsec_a6795c17b1e8,qbank_32b37a2f20be,实操题库_地面站考试条件_2026H1_地面站避让点题型.txt_89,2026H1,2026H1,地面站避让点题型,2026-05-27,湖南03考场,避让点题型-考试条件提取.docx,90,2,2,(二),coordinate;speed_height;bearing_angle,"a值为300米，b值为300米，c值为6m/s,d值为4m/se值为13s",300;300;6;4;13,m/s;s;米,,,,6m/s;4m/s,,,
gcond_2346dff263fb,gcond_2346dff263fb,gctpl_972b388c226a,gsec_a6795c17b1e8,qbank_32b37a2f20be,实操题库_地面站考试条件_2026H1_地面站避让点题型.txt_89,2026H1,2026H1,地面站避让点题型,2026-05-27,湖南03考场,避让点题型-考试条件提取.docx,90,3,3,1、,coordinate;geometry,题卡图形1号点经纬度： N:36°26'45” E:111°23′42”,1;36;26;45;111;23;42,°;度,,N:36°26'45”;E:111°23′42”,36°;111°,,,,
gcond_5e619ffc2b01,gcond_5e619ffc2b01,gctpl_5934994e8841,gsec_a6795c17b1e8,qbank_32b37a2f20be,实操题库_地面站考试条件_2026H1_地面站避让点题型.txt_89,2026H1,2026H1,地面站避让点题型,2026-05-27,湖南03考场,避让点题型-考试条件提取.docx,90,4,4,2、,coordinate;speed_height;bearing_angle;restriction;geometry,"起飞后需向NW方向飞行 234米到达""避让点""再执行航 线任务。避让点高度为312米。 题卡图形1号点位于”避让点” ☆ SE方向184米处。",234;312;1;184,S;度;米,,,,,312米,234米;312米;184米,
gcond_2b7963708dec,gcond_2b7963708dec,gctpl_f034c721ef2f,gsec_a6795c17b1e8,qbank_32b37a2f20be,实操题库_地面站考试条件_2026H1_地面站避让点题型.txt_89,2026H1,2026H1,地面站避让点题型,2026-05-27,湖南03考场,避让点题型-考试条件提取.docx,90,5,5,3、,geometry,题卡图形3号点到题卡图形 2号点西南偏南25度。,3;2;25,度,,,西南偏南25度,,,,
gcond_9c886323fa8b,gcond_9c886323fa8b,gctpl_9f9cedcf93ea,gsec_7ddd028ede5d,qbank_32b37a2f20be,实操题库_地面站考试条件_2026H1_地面站避让点题型.txt_90,2026H1,2026H1,地面站避让点题型,2026-06-08,吉林01考场,避让点题型-考试条件提取.docx,91,1,1,(一),coordinate;speed_height;turn_hold_loop;geometry,"规划一个闭合六边形不循环执行，边长为a,①②③航点 相对地面高度为b,④⑤⑥航点相对地面高度为c,水平速度为d,垂 直速度为e,转弯方式为停止转弯，各点停留时间为f;",,度,①;②;③;④;⑤;⑥,,,,,,
gcond_9ab5837cebda,gcond_9ab5837cebda,gctpl_c8079f0ad911,gsec_7ddd028ede5d,qbank_32b37a2f20be,实操题库_地面站考试条件_2026H1_地面站避让点题型.txt_90,2026H1,2026H1,地面站避让点题型,2026-06-08,吉林01考场,避让点题型-考试条件提取.docx,91,2,2,(二),coordinate;speed_height,"a值建议为300米，b值建议为35米，c值建议为25m, d值建议为4m/s,e值建议为2m/s,f值建议为2s。",300;35;25;4;2;2,m;m/s;s;米,,,,4m/s;2m/s,,,
gcond_04c2924f9b1f,gcond_04c2924f9b1f,gctpl_63da06f6e0bf,gsec_7ddd028ede5d,qbank_32b37a2f20be,实操题库_地面站考试条件_2026H1_地面站避让点题型.txt_90,2026H1,2026H1,地面站避让点题型,2026-06-08,吉林01考场,避让点题型-考试条件提取.docx,91,3,3,1、,coordinate;geometry,"题卡图形2号点经纬度： N:26°25′26"" E:120°12'12”",2;26;25;26;120;12;12,°;度,,"N:26°25′26"";E:120°12'12”",26°;120°,,,,
gcond_ab6a283e253d,gcond_ab6a283e253d,gctpl_cf5cbddde66c,gsec_7ddd028ede5d,qbank_32b37a2f20be,实操题库_地面站考试条件_2026H1_地面站避让点题型.txt_90,2026H1,2026H1,地面站避让点题型,2026-06-08,吉林01考场,避让点题型-考试条件提取.docx,91,4,4,2、,coordinate;speed_height;bearing_angle;restriction;geometry,起飞后需向NE方向 6 飞行500米到达“避让点”再执行航线任务。 避让点高度为80米。 题卡图形1位于避让点 SW方向400米处。,6;500;80;1;400,S;度;米,6,,,,500米;80米,500米;80米;400米,
gcond_78038f2263e5,gcond_78038f2263e5,gctpl_6a6095e1e5eb,gsec_7ddd028ede5d,qbank_32b37a2f20be,实操题库_地面站考试条件_2026H1_地面站避让点题型.txt_90,2026H1,2026H1,地面站避让点题型,2026-06-08,吉林01考场,避让点题型-考试条件提取.docx,91,5,5,3、,geometry,题卡图形2号点位于 题卡图形1号点南偏东 15°,2;1;15,°,,,15°,,,,
gcond_29834d629bce,gcond_29834d629bce,gctpl_b35837468a27,gsec_1ed2ad3f3136,qbank_32b37a2f20be,实操题库_地面站考试条件_2026H1_地面站避让点题型.txt_91,2026H1,2026H1,地面站避让点题型,2026-05-08,吉林01考场,避让点题型-考试条件提取.docx,92,1,1,(一),coordinate;speed_height;turn_hold_loop;bearing_angle;geometry,"按图规划一个闭合四边形并循环执行，②③边边长为a, ①④边边长为b,∠②=∠①=90°，∠④=60°航线相对地面高度为c, 水平速度为d，垂直速度为e,转弯模式为停止转弯，停留时间5s:",90;60;5,s;°;度,②;③;①;④;②;①;④,,90°;60°,,,,
gcond_a9ed210e03d1,gcond_a9ed210e03d1,gctpl_0c10b202a24e,gsec_1ed2ad3f3136,qbank_32b37a2f20be,实操题库_地面站考试条件_2026H1_地面站避让点题型.txt_91,2026H1,2026H1,地面站避让点题型,2026-05-08,吉林01考场,避让点题型-考试条件提取.docx,92,2,2,(二),coordinate;speed_height,"a值为200米，b值为300米，c值为300m,d值为 3m/s,e值为2m/s。",200;300;300;3;2,m;m/s;米,,,,3m/s;2m/s,,,
gcond_edf2ed535c82,gcond_edf2ed535c82,gctpl_0da84909c532,gsec_1ed2ad3f3136,qbank_32b37a2f20be,实操题库_地面站考试条件_2026H1_地面站避让点题型.txt_91,2026H1,2026H1,地面站避让点题型,2026-05-08,吉林01考场,避让点题型-考试条件提取.docx,92,3,3,一：,coordinate;restriction,"避让点经纬度： N:27°46'36"" E:123°12'17",27;46;36;123;12;17,°;度,,"N:27°46'36"";E:123°12'17",27°;123°,,,,
gcond_bceaa85544cf,gcond_bceaa85544cf,gctpl_1bc5f03dc033,gsec_1ed2ad3f3136,qbank_32b37a2f20be,实操题库_地面站考试条件_2026H1_地面站避让点题型.txt_91,2026H1,2026H1,地面站避让点题型,2026-05-08,吉林01考场,避让点题型-考试条件提取.docx,92,4,4,二：,coordinate;bearing_angle;restriction,起飞后需向SW方向 飞行600米到达“避让点” 再执行航线任务。左图1 号点位于避让点NW方向 500米处,600;1;500,S;米,,,,,,600米;500米,
gcond_d2a496748cb5,gcond_d2a496748cb5,gctpl_13c21298cb19,gsec_1ed2ad3f3136,qbank_32b37a2f20be,实操题库_地面站考试条件_2026H1_地面站避让点题型.txt_91,2026H1,2026H1,地面站避让点题型,2026-05-08,吉林01考场,避让点题型-考试条件提取.docx,92,5,5,三：,other,左图1号点位于2点西 偏南25度。,1;2;25,度,,,25度,,,,
gcond_a6b5d5c2ab24,gcond_a6b5d5c2ab24,gctpl_9ebb562a4285,gsec_e1ece7d817ee,qbank_32b37a2f20be,实操题库_地面站考试条件_2026H1_地面站避让点题型.txt_92,2026H1,2026H1,地面站避让点题型,2026-06-08,吉林01考场,避让点题型-考试条件提取.docx,93,1,1,(一),coordinate;speed_height;turn_hold_loop;bearing_angle;geometry,"按图规划一个闭合四边形并循环执行，①②，②③边边长 为a,①④边边长为b,∠②=∠③=90°，航线相对地面高度为c, 水平速度为d，垂直速度为e,转弯模式为停止转弯，停留时间5s；",90;5,s;°;度,①;②;②;③;①;④;②;③,,90°,,,,
gcond_de05547a6385,gcond_de05547a6385,gctpl_0c10b202a24e,gsec_e1ece7d817ee,qbank_32b37a2f20be,实操题库_地面站考试条件_2026H1_地面站避让点题型.txt_92,2026H1,2026H1,地面站避让点题型,2026-06-08,吉林01考场,避让点题型-考试条件提取.docx,93,2,2,(二),coordinate;speed_height,"a值为200米，b值为300米，c值为300m,d值为 3m/s,e值为2m/s。",200;300;300;3;2,m;m/s;米,,,,3m/s;2m/s,,,
gcond_1932efa1c79d,gcond_1932efa1c79d,gctpl_c8e7c5f581cc,gsec_e1ece7d817ee,qbank_32b37a2f20be,实操题库_地面站考试条件_2026H1_地面站避让点题型.txt_92,2026H1,2026H1,地面站避让点题型,2026-06-08,吉林01考场,避让点题型-考试条件提取.docx,93,3,3,一、,coordinate;takeoff_return,"起飞点经纬度： B:126°06′54"" N:41°53'36""",126;06;54;41;53;36,°;度,起飞点,"N:41°53'36""",126°;41°,,,,possible_incomplete_latlon_pair
gcond_223bda60dbc2,gcond_223bda60dbc2,gctpl_c137c4436378,gsec_e1ece7d817ee,qbank_32b37a2f20be,实操题库_地面站考试条件_2026H1_地面站避让点题型.txt_92,2026H1,2026H1,地面站避让点题型,2026-06-08,吉林01考场,避让点题型-考试条件提取.docx,93,4,4,二、,bearing_angle;geometry;takeoff_return,起飞点到任务航线2点 的距离是100米，起飞点-1 点和2点-1点航向相同。,2;100;1;2;1,米,起飞点;起飞点;1,,,,100米,100米,
gcond_7caaef3ac5ad,gcond_7caaef3ac5ad,gctpl_918ee5aef14f,gsec_e1ece7d817ee,qbank_32b37a2f20be,实操题库_地面站考试条件_2026H1_地面站避让点题型.txt_92,2026H1,2026H1,地面站避让点题型,2026-06-08,吉林01考场,避让点题型-考试条件提取.docx,93,5,5,三、,coordinate;bearing_angle;takeoff_return,1点位于起飞点NW方向,1,,起飞点,,,,,,
gcond_0156a78381cb,gcond_0156a78381cb,gctpl_f18cfddc5730,gsec_719beb5621fc,qbank_32b37a2f20be,实操题库_地面站考试条件_2026H1_地面站避让点题型.txt_93,2026H1,2026H1,地面站避让点题型,2026-06-01,江西03考场,避让点题型-考试条件提取.docx,94,1,1,(一),coordinate;speed_height;turn_hold_loop;geometry,"按图规划一个手动闭合的任务航线，①③、②③、②④、 ①④边长为a米，①点相对地面高度为b,②点相对地面高度为c, ③点相对地面高度为d,④点相对地面高度为e,水平速度为f,垂 直速度为g,转弯模式为停止转弯，各点停留时间为i;",,度;米,①;③;②;③;②;④;①;④;①;②;③;④,,,,,,
gcond_60a519d6e76d,gcond_60a519d6e76d,gctpl_45535926dcd7,gsec_719beb5621fc,qbank_32b37a2f20be,实操题库_地面站考试条件_2026H1_地面站避让点题型.txt_93,2026H1,2026H1,地面站避让点题型,2026-06-01,江西03考场,避让点题型-考试条件提取.docx,94,2,2,(二),coordinate;speed_height,"a值为300米，b值为30米，c值为35m,d值为40m, e值为25m/s,f值为2m/s,g值为2m/s,i值为4秒。",300;30;35;40;25;2;2;4,m;m/s;秒;米,,,,25m/s;2m/s;2m/s,,,
gcond_1c04b0e3f1e1,gcond_1c04b0e3f1e1,gctpl_eba6ffb2a492,gsec_719beb5621fc,qbank_32b37a2f20be,实操题库_地面站考试条件_2026H1_地面站避让点题型.txt_93,2026H1,2026H1,地面站避让点题型,2026-06-01,江西03考场,避让点题型-考试条件提取.docx,94,3,3,二：,coordinate;speed_height;bearing_angle;restriction;geometry,由于场地限制：起飞后需向 任务航线示意图： SE方向飞行600米到达“过渡点1 再执行航线任务，过渡点高度为 80米,600;1;80,S;度;米,,,,,80米,600米,
gcond_f0d9e6336328,gcond_f0d9e6336328,gctpl_bf859bf52ee3,gsec_719beb5621fc,qbank_32b37a2f20be,实操题库_地面站考试条件_2026H1_地面站避让点题型.txt_93,2026H1,2026H1,地面站避让点题型,2026-06-01,江西03考场,避让点题型-考试条件提取.docx,94,4,4,三：,bearing_angle;geometry,任务航线的航点①位于“过 渡点”SW方向，距离500米,500,S;米,航点①,,,,,500米,
gcond_95f2d601ed17,gcond_95f2d601ed17,gctpl_3b31af2eae41,gsec_719beb5621fc,qbank_32b37a2f20be,实操题库_地面站考试条件_2026H1_地面站避让点题型.txt_93,2026H1,2026H1,地面站避让点题型,2026-06-01,江西03考场,避让点题型-考试条件提取.docx,94,5,5,四：,geometry,任务航线的航点③位于任务 航线的航点②西偏北15度方向。,15,度,航点③;航点②,,西偏北15度,,,,
gcond_b07723630691,gcond_b07723630691,gctpl_f5a0630df39f,gsec_22dd82f629eb,qbank_32b37a2f20be,实操题库_地面站考试条件_2026H1_地面站避让点题型.txt_94,2026H1,2026H1,地面站避让点题型,2026-06-01,江西03考场,避让点题型-考试条件提取.docx,95,1,1,(一),speed_height;turn_hold_loop;bearing_angle;geometry,"规划一个闭合五边形，①②、②③、③④、④⑤、①⑤边的边长为a, ∠②=∠①为90°，航线相对地面高度为b,水平速度为c,垂直速度为d,转弯 模式为停止转弯，各点停留时间为f,航线执行次数为g;",90,°;度,①;②;②;③;③;④;④;⑤;①;⑤;②;①,,90°,,,,
gcond_6c7a1015dfba,gcond_6c7a1015dfba,gctpl_ada57414bc4f,gsec_22dd82f629eb,qbank_32b37a2f20be,实操题库_地面站考试条件_2026H1_地面站避让点题型.txt_94,2026H1,2026H1,地面站避让点题型,2026-06-01,江西03考场,避让点题型-考试条件提取.docx,95,2,2,(二),speed_height,"a值为200米，b值为70米，c值为7m/s,d值为4m/s,f值为 11s,g值为6次。",200;70;7;4;11;6,m/s;s;米,,,,7m/s;4m/s,,,
gcond_26e2d3f4980e,gcond_26e2d3f4980e,gctpl_f0f1cd77dbe1,gsec_22dd82f629eb,qbank_32b37a2f20be,实操题库_地面站考试条件_2026H1_地面站避让点题型.txt_94,2026H1,2026H1,地面站避让点题型,2026-06-01,江西03考场,避让点题型-考试条件提取.docx,95,3,3,二：,speed_height;bearing_angle;restriction;takeoff_return,由于场地限制：起飞后需 向SW方向，水平速度4米/秒飞 行600米到达“过渡点”再执行 航线任务，起飞点、“过渡点” 高度为110米。,4;600;110,S;度;米;米/秒,起飞点,,,4米/秒,110米,4米;600米,
gcond_a4d503c9341f,gcond_a4d503c9341f,gctpl_ff4971f7a86a,gsec_22dd82f629eb,qbank_32b37a2f20be,实操题库_地面站考试条件_2026H1_地面站避让点题型.txt_94,2026H1,2026H1,地面站避让点题型,2026-06-01,江西03考场,避让点题型-考试条件提取.docx,95,4,4,三：,coordinate;bearing_angle;geometry,任务航线的航点①位于 “过渡点”SE方向，距离300米。,300,S;米,航点①,,,,,300米,
gcond_53d36f9b82b2,gcond_53d36f9b82b2,gctpl_57643bb6b046,gsec_22dd82f629eb,qbank_32b37a2f20be,实操题库_地面站考试条件_2026H1_地面站避让点题型.txt_94,2026H1,2026H1,地面站避让点题型,2026-06-01,江西03考场,避让点题型-考试条件提取.docx,95,5,5,四：,geometry,任务航线的航点③到任务航 线的航点②的航线方向为北偏西 35度。,35,度,航点③;航点②,,35度,,,,
gcond_f93aa69358c8,gcond_f93aa69358c8,gctpl_a5897704705c,gsec_5c78a35bb7f6,qbank_32b37a2f20be,实操题库_地面站考试条件_2026H1_地面站避让点题型.txt_95,2026H1,2026H1,地面站避让点题型,2026-05-13,山东02考场,避让点题型-考试条件提取.docx,96,1,1,(一),coordinate;speed_height;turn_hold_loop;geometry,"按图规划一个闭合的任务航线并循环执行，①③、②③、 ②④、①④边长为300米，①点相对地面高度为a,②点相对地面高 度为b，③点相对地面高度为c,④点相对地面高度为d，水平速 度为e,垂直速度为f,转弯模式为停止转弯，停留时间2s;",300;2,s;度;米,①;③;②;③;②;④;①;④;①;②;③;④,,,,300米,300米,
gcond_d91934cdb247,gcond_d91934cdb247,gctpl_ef11846ede82,gsec_5c78a35bb7f6,qbank_32b37a2f20be,实操题库_地面站考试条件_2026H1_地面站避让点题型.txt_95,2026H1,2026H1,地面站避让点题型,2026-05-13,山东02考场,避让点题型-考试条件提取.docx,96,2,2,(二),coordinate;speed_height,"a值为20米，b值为25米，c值为30m,d值为20m, e值为2m/s,f值为2m/s。",20;25;30;20;2;2,m;m/s;米,,,,2m/s;2m/s,,,
gcond_a55d8a6153a7,gcond_a55d8a6153a7,gctpl_608cb8af21b2,gsec_5c78a35bb7f6,qbank_32b37a2f20be,实操题库_地面站考试条件_2026H1_地面站避让点题型.txt_95,2026H1,2026H1,地面站避让点题型,2026-05-13,山东02考场,避让点题型-考试条件提取.docx,96,3,3,一、,coordinate;restriction,"避让点经纬度： N:32°29'28"" E:121°46'18",32;29;28;121;46;18,°;度,,"N:32°29'28"";E:121°46'18",32°;121°,,,,
gcond_66424538d9cf,gcond_66424538d9cf,gctpl_b389868caded,gsec_5c78a35bb7f6,qbank_32b37a2f20be,实操题库_地面站考试条件_2026H1_地面站避让点题型.txt_95,2026H1,2026H1,地面站避让点题型,2026-05-13,山东02考场,避让点题型-考试条件提取.docx,96,4,4,二、,coordinate;speed_height;bearing_angle;restriction;geometry,起飞后需向SE方向 任务航线示意图： 飞行600米到达“避让 点”再执行航线任务。 避让点高度为80米。 题卡图形1号点位于” 避让点“SW方向500米 处,600;80;1;500,S;度;米,,,,,600米;80米,600米;80米;500米,
gcond_e55485e9b112,gcond_e55485e9b112,gctpl_c476f65ec687,gsec_5c78a35bb7f6,qbank_32b37a2f20be,实操题库_地面站考试条件_2026H1_地面站避让点题型.txt_95,2026H1,2026H1,地面站避让点题型,2026-05-13,山东02考场,避让点题型-考试条件提取.docx,96,5,5,三、,geometry,题卡图形3号点到题 卡图形2号点西偏南30°,3;2;30,°,,,30°,,,,
gcond_374166ff0d9f,gcond_374166ff0d9f,gctpl_3a5874ca88c1,gsec_b19708939306,qbank_32b37a2f20be,实操题库_地面站考试条件_2026H1_地面站避让点题型.txt_96,2026H1,2026H1,地面站避让点题型,2026-06-13,山东02考场,避让点题型-考试条件提取.docx,97,1,1,(一),coordinate;speed_height;turn_hold_loop;geometry,"规划一个闭合六边形并循环执行，边长为a,①②③航点 相对地面高度为b,④⑤⑥航点相对地面高度为c,水平速度为d, 垂直速度为e,转弯方式为停止转弯，各点停留时间为f;",,度,①;②;③;④;⑤;⑥,,,,,,
gcond_6b656aa85eb6,gcond_6b656aa85eb6,gctpl_d3b5344b39ed,gsec_b19708939306,qbank_32b37a2f20be,实操题库_地面站考试条件_2026H1_地面站避让点题型.txt_96,2026H1,2026H1,地面站避让点题型,2026-06-13,山东02考场,避让点题型-考试条件提取.docx,97,2,2,(二),coordinate;speed_height,"a值为300米，b值为100米，c值为125m,d值为3m/s, e值为2m/s,f值为2s。",300;100;125;3;2;2,m;m/s;s;米,,,,3m/s;2m/s,,,
gcond_481adc6762a8,gcond_481adc6762a8,gctpl_8f52866a1f04,gsec_b19708939306,qbank_32b37a2f20be,实操题库_地面站考试条件_2026H1_地面站避让点题型.txt_96,2026H1,2026H1,地面站避让点题型,2026-06-13,山东02考场,避让点题型-考试条件提取.docx,97,3,3,1、,coordinate;geometry,"题卡图形2号点经纬度： N:28°28'06"" B:118°36′36”（零误差）",2;28;28;06;118;36;36,°;度,,"N:28°28'06""",28°;118°,,,,possible_incomplete_latlon_pair
gcond_ae24f056c503,gcond_ae24f056c503,gctpl_04feb427d319,gsec_b19708939306,qbank_32b37a2f20be,实操题库_地面站考试条件_2026H1_地面站避让点题型.txt_96,2026H1,2026H1,地面站避让点题型,2026-06-13,山东02考场,避让点题型-考试条件提取.docx,97,4,4,2、,coordinate;bearing_angle;restriction;geometry,起飞后需向NW方向飞行600米到 达“避让点”，再执行航线任务。题 卡图形1号点位于“避让点”NE方向 400米处。,600;1;400,米,,,,,,400米,
gcond_9aeb4f85dcec,gcond_9aeb4f85dcec,gctpl_a51883389c1b,gsec_b19708939306,qbank_32b37a2f20be,实操题库_地面站考试条件_2026H1_地面站避让点题型.txt_96,2026H1,2026H1,地面站避让点题型,2026-06-13,山东02考场,避让点题型-考试条件提取.docx,97,5,5,3、,geometry,当地风向：西风，题卡图形5号 点到题卡图形4号点为逆风。,5;4,,,,,,,,
gcond_f5faf320da13,gcond_f5faf320da13,gctpl_3a5874ca88c1,gsec_a3bcd66ce7fc,qbank_32b37a2f20be,实操题库_地面站考试条件_2026H1_地面站避让点题型.txt_97,2026H1,2026H1,地面站避让点题型,2026-05-13,山东02考场,避让点题型-考试条件提取.docx,98,1,1,(一),coordinate;speed_height;turn_hold_loop;geometry,"规划一个闭合六边形并循环执行，边长为a,①②③航点 相对地面高度为b，④⑤⑥航点相对地面高度为c，水平速度为d, 垂直速度为e,转弯方式为停止转弯，各点停留时间为f;",,度,①;②;③;④;⑤;⑥,,,,,,
gcond_332fca4f4f90,gcond_332fca4f4f90,gctpl_4edf43250e90,gsec_a3bcd66ce7fc,qbank_32b37a2f20be,实操题库_地面站考试条件_2026H1_地面站避让点题型.txt_97,2026H1,2026H1,地面站避让点题型,2026-05-13,山东02考场,避让点题型-考试条件提取.docx,98,2,2,(二),coordinate;speed_height,"a值为300米，b值为35米，c值为25m,d值为4m/s, e值为2m/s,f值为2s。",300;35;25;4;2;2,m;m/s;s;米,,,,4m/s;2m/s,,,
gcond_5b617a81358e,gcond_5b617a81358e,gctpl_cc79eefad410,gsec_a3bcd66ce7fc,qbank_32b37a2f20be,实操题库_地面站考试条件_2026H1_地面站避让点题型.txt_97,2026H1,2026H1,地面站避让点题型,2026-05-13,山东02考场,避让点题型-考试条件提取.docx,98,3,3,一、,coordinate;geometry,"题卡图形3号点经纬度： 3 N:26°25′26 E:120°12'12""",3;3;26;25;26;120;12;12,°;度,3,"N:26°25′26;E:120°12'12""",26°;120°,,,,
gcond_050cfedd4503,gcond_050cfedd4503,gctpl_c650f7067cc8,gsec_a3bcd66ce7fc,qbank_32b37a2f20be,实操题库_地面站考试条件_2026H1_地面站避让点题型.txt_97,2026H1,2026H1,地面站避让点题型,2026-05-13,山东02考场,避让点题型-考试条件提取.docx,98,4,4,二、,coordinate;speed_height;bearing_angle;restriction;geometry,"起飞后需向NE方向飞行 500米到达""避让点”再执行 航线任务。避让点高度为80米 题卡图形1号点位于”避让点 ""NW方向400米处",500;80;1;400,度;米,,,,,80米,500米;80米;400米,
gcond_ad5abfe05bc7,gcond_ad5abfe05bc7,gctpl_2e9be26d413f,gsec_a3bcd66ce7fc,qbank_32b37a2f20be,实操题库_地面站考试条件_2026H1_地面站避让点题型.txt_97,2026H1,2026H1,地面站避让点题型,2026-05-13,山东02考场,避让点题型-考试条件提取.docx,98,5,5,三、,geometry,题卡图形2号点到题卡图 航线要求： 形1号点南偏东15度。,2;1;15,度,,,南偏东15度,,,,
gcond_bf14da276839,gcond_bf14da276839,gctpl_9f9cedcf93ea,gsec_af7e176fb2c6,qbank_32b37a2f20be,实操题库_地面站考试条件_2026H1_地面站避让点题型.txt_98,2026H1,2026H1,地面站避让点题型,2026-06-13,山东02考场,避让点题型-考试条件提取.docx,99,1,1,(一),coordinate;speed_height;turn_hold_loop;geometry,"规划一个闭合六边形不循环执行，边长为a,①②③航点 相对地面高度为b,④⑤⑥航点相对地面高度为c,水平速度为d, 垂直速度为e,转弯方式为停止转弯，各点停留时间为f;",,度,①;②;③;④;⑤;⑥,,,,,,
gcond_7003f9fdf3d7,gcond_7003f9fdf3d7,gctpl_d0f6d93476ac,gsec_af7e176fb2c6,qbank_32b37a2f20be,实操题库_地面站考试条件_2026H1_地面站避让点题型.txt_98,2026H1,2026H1,地面站避让点题型,2026-06-13,山东02考场,避让点题型-考试条件提取.docx,99,2,2,(二),coordinate;speed_height,"a值建议为300米，b值建议为35米，c值建议为30米， d值建议为2m/s,e值建议为2m/s,f值建议为2s。",300;35;30;2;2;2,m/s;s;米,,,,2m/s;2m/s,,,
gcond_b27161d52c49,gcond_b27161d52c49,gctpl_f7d1d009343c,gsec_af7e176fb2c6,qbank_32b37a2f20be,实操题库_地面站考试条件_2026H1_地面站避让点题型.txt_98,2026H1,2026H1,地面站避让点题型,2026-06-13,山东02考场,避让点题型-考试条件提取.docx,99,3,3,1、,coordinate;geometry,"题卡图形4号点经纬度： N:26°26'26"" E:120°12'12”",4;26;26;26;120;12;12,°;度,,"N:26°26'26"";E:120°12'12”",26°;120°,,,,
gcond_f260fa85a2b0,gcond_f260fa85a2b0,gctpl_ffeac57dc21d,gsec_af7e176fb2c6,qbank_32b37a2f20be,实操题库_地面站考试条件_2026H1_地面站避让点题型.txt_98,2026H1,2026H1,地面站避让点题型,2026-06-13,山东02考场,避让点题型-考试条件提取.docx,99,4,4,2、,coordinate;speed_height;bearing_angle;restriction;geometry,起飞后需向NW方向 飞行600米到达“避让点” 再执行航线任务。 避让点高度为80米。 题卡图形1位于避让点 NE方向100米处。,600;80;1;100,度;米,,,,,80米,600米;80米;100米,
gcond_95f34263bccf,gcond_95f34263bccf,gctpl_6efa9189c607,gsec_af7e176fb2c6,qbank_32b37a2f20be,实操题库_地面站考试条件_2026H1_地面站避让点题型.txt_98,2026H1,2026H1,地面站避让点题型,2026-06-13,山东02考场,避让点题型-考试条件提取.docx,99,5,5,3、,geometry,风向：西北风， 题卡图形5点到 题卡图形3点为逆风。,5;3,,,,,,,,
gcond_d32232c0ff6f,gcond_d32232c0ff6f,gctpl_fb08a1c854a5,gsec_5b3a4c890803,qbank_32b37a2f20be,实操题库_地面站考试条件_2026H1_地面站避让点题型.txt_99,2026H1,2026H1,地面站避让点题型,2026-05-13,山东02考场,避让点题型-考试条件提取.docx,100,1,1,(一),coordinate;speed_height;turn_hold_loop,"规划扫描航线要求闭合不循环，航线长度为a,航线间 隔为b,航线相对地面高度为c,水平速度为d,垂直速度为e,转弯 模式为协调转弯；",,度,,,,,,,
gcond_98e3c2a04b38,gcond_98e3c2a04b38,gctpl_4170c72dd491,gsec_5b3a4c890803,qbank_32b37a2f20be,实操题库_地面站考试条件_2026H1_地面站避让点题型.txt_99,2026H1,2026H1,地面站避让点题型,2026-05-13,山东02考场,避让点题型-考试条件提取.docx,100,2,2,(二),coordinate;speed_height,"a值为300米，b值为100米，c值为300m,d值为3m/s, e值为2m/s",300;100;300;3;2,m;m/s;米,,,,3m/s;2m/s,,,
gcond_5be95033d9b7,gcond_5be95033d9b7,gctpl_f079f0c3d615,gsec_5b3a4c890803,qbank_32b37a2f20be,实操题库_地面站考试条件_2026H1_地面站避让点题型.txt_99,2026H1,2026H1,地面站避让点题型,2026-05-13,山东02考场,避让点题型-考试条件提取.docx,100,3,3,一：,coordinate;geometry,"题卡图形8号点经 纬度： N27°29'28"" E: 120°36′12""",8;27;29;28;120;36;12,°;度,,"N27°29'28"";E: 120°36′12""",27°;120°,,,,
gcond_47b1aeffd1c6,gcond_47b1aeffd1c6,gctpl_20a2caa2ae3e,gsec_5b3a4c890803,qbank_32b37a2f20be,实操题库_地面站考试条件_2026H1_地面站避让点题型.txt_99,2026H1,2026H1,地面站避让点题型,2026-05-13,山东02考场,避让点题型-考试条件提取.docx,100,4,4,二：,coordinate;speed_height;bearing_angle;restriction;geometry,"起飞后需向SW方 向飞行600米到达“避 4 让点”再执行航线任务 避让点高度为320米 题卡图形1号点到“避让点""” 为SE方向500米处。",600;4;320;1;500,S;度;米,4,,,,320米,600米,
gcond_b7ec7c3e4898,gcond_b7ec7c3e4898,gctpl_cae8177dc114,gsec_5b3a4c890803,qbank_32b37a2f20be,实操题库_地面站考试条件_2026H1_地面站避让点题型.txt_99,2026H1,2026H1,地面站避让点题型,2026-05-13,山东02考场,避让点题型-考试条件提取.docx,100,5,5,三：,geometry,题卡图形2号点位于题卡 图形3号点东偏南20度。,2;3;20,度,,,东偏南20度,,,,
gcond_2306c35342c9,gcond_2306c35342c9,gctpl_97d056fc1c8b,gsec_6e7e521e5430,qbank_32b37a2f20be,实操题库_地面站考试条件_2026H1_地面站避让点题型.txt_100,2026H1,2026H1,地面站避让点题型,2026-06-13,山东02考场,避让点题型-考试条件提取.docx,101,1,1,(一),coordinate;speed_height;turn_hold_loop,"规划扫描航线要求闭合循环，航线长度为a,航线间 隔为b,航线相对地面高度为c,水平速度为d,垂直速度为e,转弯 模式为协调转弯；",,度,,,,,,,
gcond_25c5339edf06,gcond_25c5339edf06,gctpl_1bd90074b29a,gsec_6e7e521e5430,qbank_32b37a2f20be,实操题库_地面站考试条件_2026H1_地面站避让点题型.txt_100,2026H1,2026H1,地面站避让点题型,2026-06-13,山东02考场,避让点题型-考试条件提取.docx,101,2,2,(二),coordinate;speed_height,"a值为500米，b值为100米，c值为300m,d值为3m/s, e值为2m/s",500;100;300;3;2,m;m/s;米,,,,3m/s;2m/s,,,
gcond_13ff96da4e8d,gcond_13ff96da4e8d,gctpl_09dd04412895,gsec_6e7e521e5430,qbank_32b37a2f20be,实操题库_地面站考试条件_2026H1_地面站避让点题型.txt_100,2026H1,2026H1,地面站避让点题型,2026-06-13,山东02考场,避让点题型-考试条件提取.docx,101,3,3,1、,coordinate;geometry,题卡图形9号点经纬度： N:21°22'23”E:78°25′15”,9;21;22;23;78;25;15,°;度,,N:21°22'23”;E:78°25′15”,21°;78°,,,,
gcond_3e49808b07c9,gcond_3e49808b07c9,gctpl_f69bb29db5b1,gsec_6e7e521e5430,qbank_32b37a2f20be,实操题库_地面站考试条件_2026H1_地面站避让点题型.txt_100,2026H1,2026H1,地面站避让点题型,2026-06-13,山东02考场,避让点题型-考试条件提取.docx,101,4,4,2、,coordinate;bearing_angle;restriction;geometry,起飞后需向NE方向 飞行600米到达“避让点” 再执行航线任务。 题卡图形1号点到 “避让点”SE方向500米处。,600;1;500,S;米,,,,,,600米,
gcond_a36ed17a2fb8,gcond_a36ed17a2fb8,gctpl_a51883389c1b,gsec_6e7e521e5430,qbank_32b37a2f20be,实操题库_地面站考试条件_2026H1_地面站避让点题型.txt_100,2026H1,2026H1,地面站避让点题型,2026-06-13,山东02考场,避让点题型-考试条件提取.docx,101,5,5,3、,geometry,当地风向：西风， 题卡图形5号点到 题卡图形4号点为逆风。,5;4,,,,,,,,
gcond_82c73c825c45,gcond_82c73c825c45,gctpl_90a4ce14762e,gsec_c32c43e1627d,qbank_32b37a2f20be,实操题库_地面站考试条件_2026H1_地面站避让点题型.txt_101,2026H1,2026H1,地面站避让点题型,2026-05-13,山东02考场,避让点题型-考试条件提取.docx,102,1,1,(一),coordinate;speed_height;turn_hold_loop;bearing_angle;geometry,"按图规划一个闭合四边形并循环执行，②③边长为a、①④ 边长为b,∠②=∠①=90°，∠④=60·航线相对地面高度为c, 水平速度为d，垂直速度为e,转弯模式为停止转弯，停留时间5s;",90;60;5,s;°;度,②;③;①;④;②;①;④,,90°,,,,
gcond_2d54bbc52a54,gcond_2d54bbc52a54,gctpl_c60969717c6c,gsec_c32c43e1627d,qbank_32b37a2f20be,实操题库_地面站考试条件_2026H1_地面站避让点题型.txt_101,2026H1,2026H1,地面站避让点题型,2026-05-13,山东02考场,避让点题型-考试条件提取.docx,102,2,2,(二),coordinate;speed_height,"a值为200米，b值为300米，c值为300m,d值为 3m/s,e值为2m/s",200;300;300;3;2,m;m/s;米,,,,3m/s;2m/s,,,
gcond_fcb5f8a604f1,gcond_fcb5f8a604f1,gctpl_3c12f7b6373d,gsec_c32c43e1627d,qbank_32b37a2f20be,实操题库_地面站考试条件_2026H1_地面站避让点题型.txt_101,2026H1,2026H1,地面站避让点题型,2026-05-13,山东02考场,避让点题型-考试条件提取.docx,102,3,3,一：,coordinate;geometry,"题卡图形4号点经纬度： N:30°35′32"" E:120°13'14",4;30;35;32;120;13;14,°;度,,"N:30°35′32"";E:120°13'14",30°;120°,,,,
gcond_f50ba6f2bf18,gcond_f50ba6f2bf18,gctpl_78e30b8ee588,gsec_c32c43e1627d,qbank_32b37a2f20be,实操题库_地面站考试条件_2026H1_地面站避让点题型.txt_101,2026H1,2026H1,地面站避让点题型,2026-05-13,山东02考场,避让点题型-考试条件提取.docx,102,4,4,二：,coordinate;speed_height;bearing_angle;restriction;geometry,起飞后需向NW方向 飞行600米到达”避让点 “再执行航线任务。避让 点高度为330米 题卡图形1号点到”避让点 “为SE方向500米处,600;330;1;500,S;度;米,,,,,330米,600米,
gcond_2f1b94f610fd,gcond_2f1b94f610fd,gctpl_6853464baa7e,gsec_c32c43e1627d,qbank_32b37a2f20be,实操题库_地面站考试条件_2026H1_地面站避让点题型.txt_101,2026H1,2026H1,地面站避让点题型,2026-05-13,山东02考场,避让点题型-考试条件提取.docx,102,5,5,三：,geometry,题卡图形2号点位于题卡 航线要求： 图形3号点北偏西20度。,2;3;20,度,,,北偏西20度,,,,
gcond_5b9d4756e07f,gcond_5b9d4756e07f,gctpl_58e31e0201e2,gsec_1d965dc441e1,qbank_32b37a2f20be,实操题库_地面站考试条件_2026H1_地面站避让点题型.txt_102,2026H1,2026H1,地面站避让点题型,2026-05-13,山东02考场,避让点题型-考试条件提取.docx,103,1,1,(一),coordinate;speed_height;turn_hold_loop;bearing_angle;geometry,"规划一个闭合五边形并循环执行，①②、②③、①⑤边的边长为a, ∠②=∠①为90°，∠④=90°航线相对地面高度为b,水平速度为c,垂直 速度为d,转弯模式为停止转弯，各点停留时间为e;",90;90,°;度,①;②;②;③;①;⑤;②;①;④,,90°;90°,,,,
gcond_683dc129b908,gcond_683dc129b908,gctpl_b4d61dce2d41,gsec_1d965dc441e1,qbank_32b37a2f20be,实操题库_地面站考试条件_2026H1_地面站避让点题型.txt_102,2026H1,2026H1,地面站避让点题型,2026-05-13,山东02考场,避让点题型-考试条件提取.docx,103,2,2,(二),coordinate;speed_height,"a值为300米，b值为300米，c值为3m/s,d值为2m/s,e值 为10s",300;300;3;2;10,m/s;s;米,,,,3m/s;2m/s,,,
gcond_4fcb11da68ef,gcond_4fcb11da68ef,gctpl_8965e17b826b,gsec_1d965dc441e1,qbank_32b37a2f20be,实操题库_地面站考试条件_2026H1_地面站避让点题型.txt_102,2026H1,2026H1,地面站避让点题型,2026-05-13,山东02考场,避让点题型-考试条件提取.docx,103,3,3,一：,coordinate;geometry,"题卡图形4号点经纬 度： N:42°36′15” E:120°43'12""",4;42;36;15;120;43;12,°;度,,"N:42°36′15”;E:120°43'12""",42°;120°,,,,
gcond_a099df4cfd81,gcond_a099df4cfd81,gctpl_9b28189cd8e3,gsec_1d965dc441e1,qbank_32b37a2f20be,实操题库_地面站考试条件_2026H1_地面站避让点题型.txt_102,2026H1,2026H1,地面站避让点题型,2026-05-13,山东02考场,避让点题型-考试条件提取.docx,103,4,4,二：,coordinate;speed_height;bearing_angle;restriction;geometry,起飞后需向SE方向飞 任务航线示意图： 行600米到达”避让点“ 再执行航线任务，避让点 高度为325米。 提卡图形1号点位于“避让 点”NW方向500米处,600;325;1;500,S;度;米,,,,,600米;325米,600米;325米;500米,
gcond_b30456d36ea7,gcond_b30456d36ea7,gctpl_bf23508728c3,gsec_1d965dc441e1,qbank_32b37a2f20be,实操题库_地面站考试条件_2026H1_地面站避让点题型.txt_102,2026H1,2026H1,地面站避让点题型,2026-05-13,山东02考场,避让点题型-考试条件提取.docx,103,5,5,三：,geometry,题卡图形3号点到题卡 图形2号点西偏南25度。,3;2;25,度,,,西偏南25度,,,,
gcond_5630c534f47d,gcond_5630c534f47d,gctpl_15cd68cf8033,gsec_cf3e8f70e18d,qbank_32b37a2f20be,实操题库_地面站考试条件_2026H1_地面站避让点题型.txt_103,2026H1,2026H1,地面站避让点题型,2026-05-21,山西01考场,避让点题型-考试条件提取.docx,104,1,1,(一),speed_height;turn_hold_loop;bearing_angle;geometry,"规划一个闭合等腰直角三角形并循环执行，①②边长为a1,①③边 长为a2,∠①为直角，航线相对地面高度b,水平速度为c,垂直速度为d, 转弯方式为停止转弯，停留时间为4S;",1;2;4,S;度,①;②;①;③;①,,,,,,
gcond_1e4c5172a355,gcond_1e4c5172a355,gctpl_4cd890666e62,gsec_cf3e8f70e18d,qbank_32b37a2f20be,实操题库_地面站考试条件_2026H1_地面站避让点题型.txt_103,2026H1,2026H1,地面站避让点题型,2026-05-21,山西01考场,避让点题型-考试条件提取.docx,104,2,2,(二),speed_height,"al、a2值为50米，b值为80米，c值为3m/s,d值为2m/s。",2;50;80;3;2,m/s;米,,,,3m/s;2m/s,,,
gcond_9e2001ec64a4,gcond_9e2001ec64a4,gctpl_efa6df8f2539,gsec_cf3e8f70e18d,qbank_32b37a2f20be,实操题库_地面站考试条件_2026H1_地面站避让点题型.txt_103,2026H1,2026H1,地面站避让点题型,2026-05-21,山西01考场,避让点题型-考试条件提取.docx,104,3,3,一：,coordinate;takeoff_return,"起飞点经纬度： N:45°40'44.04 E:123°27'24.12""",45;40;44.04;123;27;24.12,°;度,起飞点,N:45°40'44;E:123°27'24,45°;123°,,,,
gcond_8723f4b72353,gcond_8723f4b72353,gctpl_c465c23e5766,gsec_cf3e8f70e18d,qbank_32b37a2f20be,实操题库_地面站考试条件_2026H1_地面站避让点题型.txt_103,2026H1,2026H1,地面站避让点题型,2026-05-21,山西01考场,避让点题型-考试条件提取.docx,104,4,4,二：,coordinate;bearing_angle;restriction;geometry,由于空城限制，起飞 后需向SE方向平飞200米 到达避让点，任务航线1 号点位于避让点SW方向 距离80米,200;1;80,S;米,,,,,200米,200米;80米,
gcond_4ee52c12cb05,gcond_4ee52c12cb05,gctpl_87fd326bf9a4,gsec_cf3e8f70e18d,qbank_32b37a2f20be,实操题库_地面站考试条件_2026H1_地面站避让点题型.txt_103,2026H1,2026H1,地面站避让点题型,2026-05-21,山西01考场,避让点题型-考试条件提取.docx,104,5,5,三：,geometry,任务航线2号点于任 务航线1号点东偏南15°,2;1;15,°,,,15°,,,,
gcond_80e4cc005286,gcond_80e4cc005286,gctpl_7ddbb5322981,gsec_5c9d4b19c46e,qbank_32b37a2f20be,实操题库_地面站考试条件_2026H1_地面站避让点题型.txt_104,2026H1,2026H1,地面站避让点题型,2026-05-21,山西01考场,避让点题型-考试条件提取.docx,105,1,1,(一),speed_height;turn_hold_loop;bearing_angle;geometry,"规划一个闭合等边三角形并循环执行，边长为a，所有航线相对地 面高度为b，水平速度为c,垂直速度为d，转弯方式为停止转弯，停留时间 为8；",8,度,,,,,,,
gcond_fcd944fac79d,gcond_fcd944fac79d,gctpl_73e32dc8356d,gsec_5c9d4b19c46e,qbank_32b37a2f20be,实操题库_地面站考试条件_2026H1_地面站避让点题型.txt_104,2026H1,2026H1,地面站避让点题型,2026-05-21,山西01考场,避让点题型-考试条件提取.docx,105,2,2,(二),speed_height,"a值为50米，b值为60米，c值为3m/s,d值为2m/s",50;60;3;2,m/s;米,,,,3m/s;2m/s,,,
gcond_fee623321e38,gcond_fee623321e38,gctpl_441c96953b6d,gsec_5c9d4b19c46e,qbank_32b37a2f20be,实操题库_地面站考试条件_2026H1_地面站避让点题型.txt_104,2026H1,2026H1,地面站避让点题型,2026-05-21,山西01考场,避让点题型-考试条件提取.docx,105,3,3,一、,coordinate;restriction,"避让点经纬度： N:45°40'44.04 E:123°27'24.12""",45;40;44.04;123;27;24.12,°;度,,N:45°40'44;E:123°27'24,45°;123°,,,,
gcond_b5bca8239ed5,gcond_b5bca8239ed5,gctpl_61c74072f2f4,gsec_5c9d4b19c46e,qbank_32b37a2f20be,实操题库_地面站考试条件_2026H1_地面站避让点题型.txt_104,2026H1,2026H1,地面站避让点题型,2026-05-21,山西01考场,避让点题型-考试条件提取.docx,105,4,4,二、,coordinate;bearing_angle;restriction;geometry,由于空域限制，起飞 后需向SE方向平飞200米 到达避让点。任务航线 1号点为避让点NE方向距 离80米,200;1;80,S;米,,,,,200米,200米,
gcond_981bffadc35b,gcond_981bffadc35b,gctpl_028c66feff60,gsec_5c9d4b19c46e,qbank_32b37a2f20be,实操题库_地面站考试条件_2026H1_地面站避让点题型.txt_104,2026H1,2026H1,地面站避让点题型,2026-05-21,山西01考场,避让点题型-考试条件提取.docx,105,5,5,三、,geometry,任务航线2号点位于 1号点东偏北15°。,2;1;15,°,,,15°,,,,
gcond_b96305928501,gcond_b96305928501,gctpl_9ad33d843923,gsec_467cd060ecfc,qbank_32b37a2f20be,实操题库_地面站考试条件_2026H1_地面站避让点题型.txt_105,2026H1,2026H1,地面站避让点题型,2026-05-21,山西01考场,避让点题型-考试条件提取.docx,106,1,1,(一),coordinate;speed_height;turn_hold_loop,"规划扫描航线要求不闭合不循环，航线长度为a,航线间 隔为b,航线相对地面高度为c,水平速度为d,垂直速度为e,转弯 模式为停止转弯，停留时间不做要求；",,度,,,,,,,
gcond_eb727721f636,gcond_eb727721f636,gctpl_b16ecd037ae4,gsec_467cd060ecfc,qbank_32b37a2f20be,实操题库_地面站考试条件_2026H1_地面站避让点题型.txt_105,2026H1,2026H1,地面站避让点题型,2026-05-21,山西01考场,避让点题型-考试条件提取.docx,106,2,2,(二),coordinate;speed_height,"a值为300米，b值为100米，c值为80m,d值为5m/s, e值为2m/s。",300;100;80;5;2,m;m/s;米,,,,5m/s;2m/s,,,
gcond_4da76709f52e,gcond_4da76709f52e,gctpl_26e627742b20,gsec_467cd060ecfc,qbank_32b37a2f20be,实操题库_地面站考试条件_2026H1_地面站避让点题型.txt_105,2026H1,2026H1,地面站避让点题型,2026-05-21,山西01考场,避让点题型-考试条件提取.docx,106,3,3,二：,coordinate;bearing_angle;restriction;geometry,由于空城限制，起飞后 需向SE方向平飞200米到达 避让点，任务航线1号点位 于避让点NE方向距离80米,200;1;80,S;米,,,,,200米,200米;80米,
gcond_5553b37a218b,gcond_5553b37a218b,gctpl_dfad7015cfa8,gsec_467cd060ecfc,qbank_32b37a2f20be,实操题库_地面站考试条件_2026H1_地面站避让点题型.txt_105,2026H1,2026H1,地面站避让点题型,2026-05-21,山西01考场,避让点题型-考试条件提取.docx,106,4,4,三：,geometry,任务航线1号点位于任 务航线2号点东偏北15°,1;2;15,°,,,15°,,,,
gcond_ee9685a857e4,gcond_ee9685a857e4,gctpl_4cb9e0c7f54a,gsec_52beece787d0,qbank_32b37a2f20be,实操题库_地面站考试条件_2026H1_地面站避让点题型.txt_106,2026H1,2026H1,地面站避让点题型,2026-06-03,山西01考场,避让点题型-考试条件提取.docx,107,1,1,(一),coordinate;speed_height;turn_hold_loop,"规划扫描航线，单次任务，航线长度为a,航线间隔为b, 航线相对地面高度为c,水平速度为d,垂直速度为e,转弯模式为协 调转弯；",,度,,,,,,,
gcond_7443bea24817,gcond_7443bea24817,gctpl_eb14ee22a11e,gsec_52beece787d0,qbank_32b37a2f20be,实操题库_地面站考试条件_2026H1_地面站避让点题型.txt_106,2026H1,2026H1,地面站避让点题型,2026-06-03,山西01考场,避让点题型-考试条件提取.docx,107,2,2,(二),coordinate;speed_height,"a值为300米，b值为100米，c值为300m,d值为3m/s, e值为2m/s。",300;100;300;3;2,m;m/s;米,,,,3m/s;2m/s,,,
gcond_e072141b9392,gcond_e072141b9392,gctpl_0120329eaa5f,gsec_52beece787d0,qbank_32b37a2f20be,实操题库_地面站考试条件_2026H1_地面站避让点题型.txt_106,2026H1,2026H1,地面站避让点题型,2026-06-03,山西01考场,避让点题型-考试条件提取.docx,107,3,3,一：,coordinate;geometry,题卡图形4号点经纬度： N:73°24'27 E:27°29'28,4;73;24;27;27;29;28,°;度,,N:73°24'27;E:27°29'28,73°;27°,,,,
gcond_cc218f61d165,gcond_cc218f61d165,gctpl_3c4ccdf54dd7,gsec_52beece787d0,qbank_32b37a2f20be,实操题库_地面站考试条件_2026H1_地面站避让点题型.txt_106,2026H1,2026H1,地面站避让点题型,2026-06-03,山西01考场,避让点题型-考试条件提取.docx,107,4,4,二：,coordinate;speed_height;bearing_angle;restriction;geometry,起飞后需向SW方向飞行 600米到达”避让点“再执行 航线任务。避让点高度为320 米。 题卡图形1号点到”避让点 1 为SE方向500米处,600;320;1;1;500,S;度;米,1,,,,320 米,600米,
gcond_f2a970be0e6b,gcond_f2a970be0e6b,gctpl_20c757199a73,gsec_52beece787d0,qbank_32b37a2f20be,实操题库_地面站考试条件_2026H1_地面站避让点题型.txt_106,2026H1,2026H1,地面站避让点题型,2026-06-03,山西01考场,避让点题型-考试条件提取.docx,107,5,5,三：,geometry,题卡图形2号点到题卡图 形3号点东偏南20度。,2;3;20,度,,,东偏南20度,,,,
gcond_9df214dde805,gcond_9df214dde805,gctpl_ef286689dab7,gsec_9f19eb279e30,qbank_32b37a2f20be,实操题库_地面站考试条件_2026H1_地面站避让点题型.txt_107,2026H1,2026H1,地面站避让点题型,2026-06-03,山西01考场,避让点题型-考试条件提取.docx,108,1,1,(一),coordinate;speed_height;turn_hold_loop;bearing_angle;geometry,"按图规划一个闭合四边形并循环执行，①②、②③边长为 a,①④边长为b,∠②=∠①=90°，航线相对地面高度为c,水平 速度为d，垂直速度为e,转弯模式为停止转弯，停留时间5s;",90;5,s;°;度,①;②;②;③;①;④;②;①,,90°,,,,
gcond_5bb3475baa62,gcond_5bb3475baa62,gctpl_0c10b202a24e,gsec_9f19eb279e30,qbank_32b37a2f20be,实操题库_地面站考试条件_2026H1_地面站避让点题型.txt_107,2026H1,2026H1,地面站避让点题型,2026-06-03,山西01考场,避让点题型-考试条件提取.docx,108,2,2,(二),coordinate;speed_height,"a值为200米，b值为300米，c值为300m，d值为 3m/s,e值为2m/s。",200;300;300;3;2,m;m/s;米,,,,3m/s;2m/s,,,
gcond_4edb0ad16568,gcond_4edb0ad16568,gctpl_618c808b0a29,gsec_9f19eb279e30,qbank_32b37a2f20be,实操题库_地面站考试条件_2026H1_地面站避让点题型.txt_107,2026H1,2026H1,地面站避让点题型,2026-06-03,山西01考场,避让点题型-考试条件提取.docx,108,3,3,1、,coordinate;geometry,题卡图形4号点经纬度： N:73°24'27” E:27°29′28”,4;73;24;27;27;29;28,°;度,,N:73°24'27”;E:27°29′28”,73°;27°,,,,
gcond_dbde0798190a,gcond_dbde0798190a,gctpl_98e4e8c6e80f,gsec_9f19eb279e30,qbank_32b37a2f20be,实操题库_地面站考试条件_2026H1_地面站避让点题型.txt_107,2026H1,2026H1,地面站避让点题型,2026-06-03,山西01考场,避让点题型-考试条件提取.docx,108,4,4,2、,coordinate;speed_height;bearing_angle;restriction;geometry,"起飞后需向NW方向飞行 650米到达""避让点""再执行航 线任务，避让点高度为320米。 题卡图形1号点到""避让点""为 NE方向，距离450米处",650;320;1;450,度;米,,,,,320米,650米;450米,
gcond_4f1abce167b5,gcond_4f1abce167b5,gctpl_4090979ca080,gsec_9f19eb279e30,qbank_32b37a2f20be,实操题库_地面站考试条件_2026H1_地面站避让点题型.txt_107,2026H1,2026H1,地面站避让点题型,2026-06-03,山西01考场,避让点题型-考试条件提取.docx,108,5,5,3、,geometry,题卡图形2号点位于题卡图 形3号点北偏西25度。,2;3;25,度,,,北偏西25度,,,,
gcond_292626abf4f6,gcond_292626abf4f6,gctpl_26d7990cb76a,gsec_20b1c47120ec,qbank_32b37a2f20be,实操题库_地面站考试条件_2026H1_地面站避让点题型.txt_108,2026H1,2026H1,地面站避让点题型,2026-06-10,四川01考场,避让点题型-考试条件提取.docx,109,1,1,(一),coordinate;speed_height;turn_hold_loop;geometry,"按图规划一个闭合但不循环的图形，①③、②③、②④、 ①④边长为400米，①点相对地面高度为a,②点相对地面高度为b, ③点相对地面高度为c,④点相对地面高度为d,水平速度为e, 垂直速度为f,转弯模式为停止转弯，停留时间2s;",400;2,s;度;米,①;③;②;③;②;④;①;④;①;②;③;④,,,,400米,400米,
gcond_d57eea261657,gcond_d57eea261657,gctpl_852511fd1f75,gsec_20b1c47120ec,qbank_32b37a2f20be,实操题库_地面站考试条件_2026H1_地面站避让点题型.txt_108,2026H1,2026H1,地面站避让点题型,2026-06-10,四川01考场,避让点题型-考试条件提取.docx,109,2,2,(二),coordinate;speed_height,"a值为20米，b值为25米，c值为30m,d值为35m, e值为4m/s,f值为2m/s。",20;25;30;35;4;2,m;m/s;米,,,,4m/s;2m/s,,,
gcond_0d897c9cfb31,gcond_0d897c9cfb31,gctpl_62b8fa482fbd,gsec_20b1c47120ec,qbank_32b37a2f20be,实操题库_地面站考试条件_2026H1_地面站避让点题型.txt_108,2026H1,2026H1,地面站避让点题型,2026-06-10,四川01考场,避让点题型-考试条件提取.docx,109,3,3,1、,coordinate;geometry,"题卡图形③号点经纬度： E:28°29'30"" N:58°27′28”",28;29;30;58;27;28,°;度,③,"E:28°29'30"";N:58°27′28”",28°;58°,,,,
gcond_b1da044d3082,gcond_b1da044d3082,gctpl_4b870ac5263e,gsec_20b1c47120ec,qbank_32b37a2f20be,实操题库_地面站考试条件_2026H1_地面站避让点题型.txt_108,2026H1,2026H1,地面站避让点题型,2026-06-10,四川01考场,避让点题型-考试条件提取.docx,109,4,4,2、,speed_height;bearing_angle;geometry,"起飞后需向南偏东30°方 任务航线示意图： 向飞行650米到达""过渡点""再 执行航线任务。过渡点高度 为60米。 题卡图形①号点到""过渡点""为 SW方向，距离450米。",30;650;60;450,S;°;度;米,①,,30°,,650米;60米,650米;450米,
gcond_89300b0dd8a8,gcond_89300b0dd8a8,gctpl_cd1ba20fd0b4,gsec_20b1c47120ec,qbank_32b37a2f20be,实操题库_地面站考试条件_2026H1_地面站避让点题型.txt_108,2026H1,2026H1,地面站避让点题型,2026-06-10,四川01考场,避让点题型-考试条件提取.docx,109,5,5,3、,geometry,现场风向为西南风，题卡图形③点到②点为正右侧风,,,③;②,,,,,,
gcond_e68ff405368d,gcond_e68ff405368d,gctpl_3a5874ca88c1,gsec_ff6e0f6c010c,qbank_32b37a2f20be,实操题库_地面站考试条件_2026H1_地面站避让点题型.txt_109,2026H1,2026H1,地面站避让点题型,2026-05-10,四川01考场,避让点题型-考试条件提取.docx,110,1,1,(一),coordinate;speed_height;turn_hold_loop;geometry,"规划一个闭合六边形并循环执行，边长为a,①②③航点 相对地面高度为b,④⑤⑥航点相对地面高度为c,水平速度为d, 垂直速度为e,转弯方式为停止转弯，各点停留时间为f;",,度,①;②;③;④;⑤;⑥,,,,,,
gcond_61e1719c893f,gcond_61e1719c893f,gctpl_d7eaf440dbc8,gsec_ff6e0f6c010c,qbank_32b37a2f20be,实操题库_地面站考试条件_2026H1_地面站避让点题型.txt_109,2026H1,2026H1,地面站避让点题型,2026-05-10,四川01考场,避让点题型-考试条件提取.docx,110,2,2,(二),coordinate;speed_height,"a值为300米，b值为30米，c值为25m,d值为4m/s, e值为2m/s,f值为2s。",300;30;25;4;2;2,m;m/s;s;米,,,,4m/s;2m/s,,,
gcond_93be9bd2ee83,gcond_93be9bd2ee83,gctpl_8d08602685b3,gsec_ff6e0f6c010c,qbank_32b37a2f20be,实操题库_地面站考试条件_2026H1_地面站避让点题型.txt_109,2026H1,2026H1,地面站避让点题型,2026-05-10,四川01考场,避让点题型-考试条件提取.docx,110,3,3,1、,coordinate;geometry,"题卡图形1号点经纬度： 3 N:28°28'28 E:120°12'12""",1;3;28;28;28;120;12;12,°;度,3,"N:28°28'28;E:120°12'12""",28°;120°,,,,
gcond_4fabca89078c,gcond_4fabca89078c,gctpl_770edbccf919,gsec_ff6e0f6c010c,qbank_32b37a2f20be,实操题库_地面站考试条件_2026H1_地面站避让点题型.txt_109,2026H1,2026H1,地面站避让点题型,2026-05-10,四川01考场,避让点题型-考试条件提取.docx,110,4,4,2、,coordinate;speed_height;bearing_angle;restriction;geometry,起飞后需向SE方向飞行 600米到达“避让点”再执 行航线任务，避让点高度为 80米 题卡图形1号点位于“避让 点”NW方向500米处,600;80;1;500,S;度;米,,,,,80米,600米;80米;500米,
gcond_05f2e8324f36,gcond_05f2e8324f36,gctpl_2d54d15f2070,gsec_ff6e0f6c010c,qbank_32b37a2f20be,实操题库_地面站考试条件_2026H1_地面站避让点题型.txt_109,2026H1,2026H1,地面站避让点题型,2026-05-10,四川01考场,避让点题型-考试条件提取.docx,110,5,5,3、,geometry,题卡图形1号点到题卡图 形2号点西偏南20度。,1;2;20,度,,,西偏南20度,,,,
gcond_ea6ba265fcec,gcond_ea6ba265fcec,gctpl_cfb090c7e6d4,gsec_08b60517d299,qbank_32b37a2f20be,实操题库_地面站考试条件_2026H1_地面站避让点题型.txt_110,2026H1,2026H1,地面站避让点题型,2026-06-10,四川01考场,避让点题型-考试条件提取.docx,111,1,1,(一),coordinate;speed_height;turn_hold_loop;geometry,"规划一个闭合六边形并循环执行，边长为a,①②③航点 相对地面高度为b,④⑤⑥航点相对地面高度为c，,水平速度为d,垂 直速度为e,转弯方式为停止转弯，各点停留时间为f;(闭合要求： 闭合点高度和经纬度必须一致)。",,度,①;②;③;④;⑤;⑥,,,,,,
gcond_188f25c39b19,gcond_188f25c39b19,gctpl_5e3a38263183,gsec_08b60517d299,qbank_32b37a2f20be,实操题库_地面站考试条件_2026H1_地面站避让点题型.txt_110,2026H1,2026H1,地面站避让点题型,2026-06-10,四川01考场,避让点题型-考试条件提取.docx,111,2,2,(二),coordinate;speed_height,"a值为300米，b值为30米，c值为25m,d值为4m/s, e值为2m/s,f值为5s。",300;30;25;4;2;5,m;m/s;s;米,,,,4m/s;2m/s,,,
gcond_76fc93282889,gcond_76fc93282889,gctpl_029d3f17b78a,gsec_08b60517d299,qbank_32b37a2f20be,实操题库_地面站考试条件_2026H1_地面站避让点题型.txt_110,2026H1,2026H1,地面站避让点题型,2026-06-10,四川01考场,避让点题型-考试条件提取.docx,111,3,3,1、,coordinate;geometry,"题卡图形4号点经纬度： 3 N:28°27′26” E:120°21'22""",4;3;28;27;26;120;21;22,°;度,3,"N:28°27′26”;E:120°21'22""",28°;120°,,,,
gcond_283ef16b3664,gcond_283ef16b3664,gctpl_1725e4f92fbb,gsec_08b60517d299,qbank_32b37a2f20be,实操题库_地面站考试条件_2026H1_地面站避让点题型.txt_110,2026H1,2026H1,地面站避让点题型,2026-06-10,四川01考场,避让点题型-考试条件提取.docx,111,4,4,2、,coordinate;speed_height;bearing_angle;restriction;geometry,"起飞后需向SE方向飞行600 米到达""避让点""再执行航线任 务。避让点高度为80米。 题卡图形1号点位于""避让点” SW方向500米处。",600;80;1;500,S;度;米,,,,,600 米;80米,600 米;80米;500米,
gcond_b2e5401cacd1,gcond_b2e5401cacd1,gctpl_025f6e470120,gsec_08b60517d299,qbank_32b37a2f20be,实操题库_地面站考试条件_2026H1_地面站避让点题型.txt_110,2026H1,2026H1,地面站避让点题型,2026-06-10,四川01考场,避让点题型-考试条件提取.docx,111,5,5,3、,geometry,题卡图形2号点到题卡图形1 号点西偏南20度。,2;1;20,度,,,西偏南20度,,,,
gcond_1c5b1171f540,gcond_1c5b1171f540,gctpl_17b5cdddbaa3,gsec_06dbe1d104b4,qbank_32b37a2f20be,实操题库_地面站考试条件_2026H1_地面站避让点题型.txt_111,2026H1,2026H1,地面站避让点题型,2026-06-10,四川01考场,避让点题型-考试条件提取.docx,112,1,1,(一),coordinate;speed_height;turn_hold_loop;bearing_angle;geometry,"按图规划一个闭合四边形并循环执行，①②、②③边长为a, ①④边长为b,∠②=∠①=90°。航线相对地面高度为c,水平速度为d, 垂直速度为e,转弯模式为停止转弯，停留时间5s;",90;5,s;°;度,①;②;②;③;①;④;②;①,,90°,,,,
gcond_5b3849ce165c,gcond_5b3849ce165c,gctpl_70d9fb2a5b1d,gsec_06dbe1d104b4,qbank_32b37a2f20be,实操题库_地面站考试条件_2026H1_地面站避让点题型.txt_111,2026H1,2026H1,地面站避让点题型,2026-06-10,四川01考场,避让点题型-考试条件提取.docx,112,2,2,(二),coordinate;speed_height,"a值为300米，b值为420米，c值为300米，d值为3m/s, e值为2m/s.",300;420;300;3;2,m/s;米,,,,3m/s;2m/s,,,
gcond_b6aa4c070747,gcond_b6aa4c070747,gctpl_72663ae58d26,gsec_06dbe1d104b4,qbank_32b37a2f20be,实操题库_地面站考试条件_2026H1_地面站避让点题型.txt_111,2026H1,2026H1,地面站避让点题型,2026-06-10,四川01考场,避让点题型-考试条件提取.docx,112,3,3,1、,coordinate;geometry,"题卡图形④号点经纬度： E:102°27'28"" N:28°27'29""",102;27;28;28;27;29,°;度,④,"E:102°27'28"";N:28°27'29""",102°;28°,,,,
gcond_b221bd7652be,gcond_b221bd7652be,gctpl_2278dc2964d1,gsec_06dbe1d104b4,qbank_32b37a2f20be,实操题库_地面站考试条件_2026H1_地面站避让点题型.txt_111,2026H1,2026H1,地面站避让点题型,2026-06-10,四川01考场,避让点题型-考试条件提取.docx,112,4,4,2、,speed_height;geometry,"起飞后需向西偏北15°方向 飞行650米到达""过渡点""再执行 航线任务。过渡点高度为320米。 现场风向为东北风，题卡图形 ①号点到""过渡点”为逆风飞行 ,距离450米。",15;650;320;450,°;度;米,①,,15°,,320米,650米;450米,
gcond_2c0e2418d8c3,gcond_2c0e2418d8c3,gctpl_575ed09b01a0,gsec_06dbe1d104b4,qbank_32b37a2f20be,实操题库_地面站考试条件_2026H1_地面站避让点题型.txt_111,2026H1,2026H1,地面站避让点题型,2026-06-10,四川01考场,避让点题型-考试条件提取.docx,112,5,5,3、,geometry,题卡图形④到题卡图形① 为正左侧风。,,,④;①,,,,,,
gcond_2358988dc83d,gcond_2358988dc83d,gctpl_7798fd6a9605,gsec_0cee65192f88,qbank_32b37a2f20be,实操题库_地面站考试条件_2026H1_地面站避让点题型.txt_112,2026H1,2026H1,地面站避让点题型,2026-05-10,四川01考场,避让点题型-考试条件提取.docx,113,1,1,(一),coordinate;speed_height;turn_hold_loop;bearing_angle;geometry,"按图规划一个闭合四边形并循环执行，②③边长为a, ①④边长为b,∠②=∠①=90°∠④=60·航线相对地面高度为c, 水平速度为d，垂直速度为e,转弯模式为停止转弯，停留时间6s;",90;60;6,s;°;度,②;③;①;④;②;①;④,,90°,,,,
gcond_9f7c87207090,gcond_9f7c87207090,gctpl_0f194fab888c,gsec_0cee65192f88,qbank_32b37a2f20be,实操题库_地面站考试条件_2026H1_地面站避让点题型.txt_112,2026H1,2026H1,地面站避让点题型,2026-05-10,四川01考场,避让点题型-考试条件提取.docx,113,2,2,(二),coordinate;speed_height,"a值为200米，b值为300米，c值为200m,d值为 4m/s,e值为2m/s。",200;300;200;4;2,m;m/s;米,,,,4m/s;2m/s,,,
gcond_a36a2661b548,gcond_a36a2661b548,gctpl_33e567c437a5,gsec_0cee65192f88,qbank_32b37a2f20be,实操题库_地面站考试条件_2026H1_地面站避让点题型.txt_112,2026H1,2026H1,地面站避让点题型,2026-05-10,四川01考场,避让点题型-考试条件提取.docx,113,3,3,一：,coordinate;restriction,避让点经纬度： N:38°38'38 E:120°20'20,38;38;38;120;20;20,°;度,,N:38°38'38;E:120°20'20,38°;120°,,,,
gcond_dd8a5d5d2f72,gcond_dd8a5d5d2f72,gctpl_8d43b9ebc61c,gsec_0cee65192f88,qbank_32b37a2f20be,实操题库_地面站考试条件_2026H1_地面站避让点题型.txt_112,2026H1,2026H1,地面站避让点题型,2026-05-10,四川01考场,避让点题型-考试条件提取.docx,113,4,4,二：,coordinate;speed_height;bearing_angle;restriction;geometry,起飞后需向SW方向飞 行600米到达”避让点”再 执行航线任务，避让点高度 为230米 题卡图形1号点到”避让点” 航向为NE方向距离500米处,600;230;1;500,S;度;米,,,,,230米,600米;500米,
gcond_9662b2f1e80a,gcond_9662b2f1e80a,gctpl_96c3630bfb26,gsec_0cee65192f88,qbank_32b37a2f20be,实操题库_地面站考试条件_2026H1_地面站避让点题型.txt_112,2026H1,2026H1,地面站避让点题型,2026-05-10,四川01考场,避让点题型-考试条件提取.docx,113,5,5,三：,geometry,题卡图形2号点位于题卡 图形3号点西偏南40度。,2;3;40,度,,,西偏南40度,,,,
gcond_53b8cef5562e,gcond_53b8cef5562e,gctpl_17b5cdddbaa3,gsec_b5ac08dad79c,qbank_32b37a2f20be,实操题库_地面站考试条件_2026H1_地面站避让点题型.txt_113,2026H1,2026H1,地面站避让点题型,2026-06-10,四川01考场,避让点题型-考试条件提取.docx,114,1,1,(一),coordinate;speed_height;turn_hold_loop;bearing_angle;geometry,"按图规划一个闭合四边形并循环执行，①②、②③边长为a, ①④边长为b,∠②=∠①=90°。航线相对地面高度为c,水平速度为d, 垂直速度为e,转弯模式为停止转弯，停留时间5s;",90;5,s;°;度,①;②;②;③;①;④;②;①,,90°,,,,
gcond_f7a0c17a40c8,gcond_f7a0c17a40c8,gctpl_c42ae67423ea,gsec_b5ac08dad79c,qbank_32b37a2f20be,实操题库_地面站考试条件_2026H1_地面站避让点题型.txt_113,2026H1,2026H1,地面站避让点题型,2026-06-10,四川01考场,避让点题型-考试条件提取.docx,114,2,2,(二),coordinate;speed_height,"a值为300米，b值为420米，c值为300米，d值为3m/s, e值为2m/s。",300;420;300;3;2,m/s;米,,,,3m/s;2m/s,,,
gcond_9dcf7de41881,gcond_9dcf7de41881,gctpl_6197d7639663,gsec_b5ac08dad79c,qbank_32b37a2f20be,实操题库_地面站考试条件_2026H1_地面站避让点题型.txt_113,2026H1,2026H1,地面站避让点题型,2026-06-10,四川01考场,避让点题型-考试条件提取.docx,114,3,3,1、,coordinate;geometry,"题卡图形④号点经纬度： E:102°27'28"" N:28°27'29”",102;27;28;28;27;29,°;度,④,"E:102°27'28"";N:28°27'29”",102°;28°,,,,
gcond_803f77b6f5b6,gcond_803f77b6f5b6,gctpl_1d1851cfa469,gsec_b5ac08dad79c,qbank_32b37a2f20be,实操题库_地面站考试条件_2026H1_地面站避让点题型.txt_113,2026H1,2026H1,地面站避让点题型,2026-06-10,四川01考场,避让点题型-考试条件提取.docx,114,4,4,2、,speed_height;bearing_angle;geometry,"起飞后需向西偏北30°方向 飞行650米到达""过渡点""再执行 航线任务。过渡点高度为320米。 题卡图形①号点到“过渡点”为 SW方向，距离450米。",30;650;320;450,S;°;度;米,①,,30°,,320米,650米;450米,
gcond_d31cccf2191c,gcond_d31cccf2191c,gctpl_9ca26816b512,gsec_b5ac08dad79c,qbank_32b37a2f20be,实操题库_地面站考试条件_2026H1_地面站避让点题型.txt_113,2026H1,2026H1,地面站避让点题型,2026-06-10,四川01考场,避让点题型-考试条件提取.docx,114,5,5,3、,geometry,现场风向为西北风，题卡 图形③到题卡图形②为逆风飞行,,,③;②,,,,,,
gcond_63e8ce389a1f,gcond_63e8ce389a1f,gctpl_58e31e0201e2,gsec_f9b1f1ee42fd,qbank_32b37a2f20be,实操题库_地面站考试条件_2026H1_地面站避让点题型.txt_114,2026H1,2026H1,地面站避让点题型,2026-05-10,四川01考场,避让点题型-考试条件提取.docx,115,1,1,(一),coordinate;speed_height;turn_hold_loop;bearing_angle;geometry,"规划一个闭合五边形并循环执行，①②、②③、①⑤边的边长为a, ∠②=∠①为90°，∠④=90°航线相对地面高度为b,水平速度为c,垂直 速度为d,转弯模式为停止转弯，各点停留时间为e;",90;90,°;度,①;②;②;③;①;⑤;②;①;④,,90°;90°,,,,
gcond_e76f8cf1f35c,gcond_e76f8cf1f35c,gctpl_d73cc3cce31a,gsec_f9b1f1ee42fd,qbank_32b37a2f20be,实操题库_地面站考试条件_2026H1_地面站避让点题型.txt_114,2026H1,2026H1,地面站避让点题型,2026-05-10,四川01考场,避让点题型-考试条件提取.docx,115,2,2,(二),coordinate;speed_height,"a值为300米，b值为300米，c值为3m/s,d值为2m/s,e值 为10s。",300;300;3;2;10,m/s;s;米,,,,3m/s;2m/s,,,
gcond_537241050ea7,gcond_537241050ea7,gctpl_28a5f1ffa11b,gsec_f9b1f1ee42fd,qbank_32b37a2f20be,实操题库_地面站考试条件_2026H1_地面站避让点题型.txt_114,2026H1,2026H1,地面站避让点题型,2026-05-10,四川01考场,避让点题型-考试条件提取.docx,115,3,3,一：,coordinate;geometry,"题卡图形1号点经纬 3 度： N:42°36'12"" E:120°42'12""",1;3;42;36;12;120;42;12,°;度,3,"N:42°36'12"";E:120°42'12""",3 度;42°;120°,,,,
gcond_61460fe3e0fd,gcond_61460fe3e0fd,gctpl_5a110a28ac16,gsec_f9b1f1ee42fd,qbank_32b37a2f20be,实操题库_地面站考试条件_2026H1_地面站避让点题型.txt_114,2026H1,2026H1,地面站避让点题型,2026-05-10,四川01考场,避让点题型-考试条件提取.docx,115,4,4,二：,coordinate;speed_height;bearing_angle;restriction;geometry,起飞后需向NE方向飞 任务航线示意图： 行600米到达”避让点”再 执行航线任务，避让点高度 为320米 题卡图形1号点位于”避让 点”NW方向500米处,600;320;1;500,度;米,,,,,600米;320米,600米;320米;500米,
gcond_b719d361f9ba,gcond_b719d361f9ba,gctpl_cf206c8c38c9,gsec_f9b1f1ee42fd,qbank_32b37a2f20be,实操题库_地面站考试条件_2026H1_地面站避让点题型.txt_114,2026H1,2026H1,地面站避让点题型,2026-05-10,四川01考场,避让点题型-考试条件提取.docx,115,5,5,三：,geometry,题卡图形1号点到题卡 图形2号点西偏南15度。,1;2;15,度,,,西偏南15度,,,,
gcond_28f4a673f77b,gcond_28f4a673f77b,gctpl_fa34d0b15b8b,gsec_ab5ceac143e3,qbank_32b37a2f20be,实操题库_地面站考试条件_2026H1_地面站避让点题型.txt_115,2026H1,2026H1,地面站避让点题型,2026-06-10,四川01考场,避让点题型-考试条件提取.docx,116,1,1,(一）,coordinate;speed_height;turn_hold_loop;bearing_angle;geometry,"规划一个闭合五边形并循环执行，①②、②③、①⑤边的边长为a, ∠②=∠①为90°，∠④=90°。航线相对地面高度为b,水平速度为c,垂直速 度为d,转弯模式为停止转弯，各点停留时间为e；",90;90,°;度,①;②;②;③;①;⑤;②;①;④,,90°;90°,,,,
gcond_2a6f10bccd7b,gcond_2a6f10bccd7b,gctpl_d73cc3cce31a,gsec_ab5ceac143e3,qbank_32b37a2f20be,实操题库_地面站考试条件_2026H1_地面站避让点题型.txt_115,2026H1,2026H1,地面站避让点题型,2026-06-10,四川01考场,避让点题型-考试条件提取.docx,116,2,2,(二),coordinate;speed_height,"a值为300米，b值为300米，c值为3m/s,d值为2m/s,e值为10s。",300;300;3;2;10,m/s;s;米,,,,3m/s;2m/s,,,
gcond_7cbbc560e785,gcond_7cbbc560e785,gctpl_545d16ce51f7,gsec_ab5ceac143e3,qbank_32b37a2f20be,实操题库_地面站考试条件_2026H1_地面站避让点题型.txt_115,2026H1,2026H1,地面站避让点题型,2026-06-10,四川01考场,避让点题型-考试条件提取.docx,116,3,3,1、,coordinate;geometry,"题卡图形1号点经纬度： N:36°36'36"" E:120°20'20”",1;36;36;36;120;20;20,°;度,,"N:36°36'36"";E:120°20'20”",36°;120°,,,,
gcond_ed3b2b33b2ef,gcond_ed3b2b33b2ef,gctpl_c123ce89ccfb,gsec_ab5ceac143e3,qbank_32b37a2f20be,实操题库_地面站考试条件_2026H1_地面站避让点题型.txt_115,2026H1,2026H1,地面站避让点题型,2026-06-10,四川01考场,避让点题型-考试条件提取.docx,116,4,4,2、,coordinate;speed_height;bearing_angle;restriction;geometry,"起飞后需向NE方向飞行600 米到达""避让点""再执行航线任 务。避让点高度为360米。 题卡图形1号点在""避让点""NW ☆月 方向600米处。",600;360;1;600,度;米,,,,,600 米;360米,600 米,
gcond_2a6f6c5bfe96,gcond_2a6f6c5bfe96,gctpl_f50ea2dc9844,gsec_ab5ceac143e3,qbank_32b37a2f20be,实操题库_地面站考试条件_2026H1_地面站避让点题型.txt_115,2026H1,2026H1,地面站避让点题型,2026-06-10,四川01考场,避让点题型-考试条件提取.docx,116,5,5,3、,geometry,题卡图形1号点位于题卡图 形2号点西偏南16度。,1;2;16,度,,,西偏南16度,,,,
gcond_9272d5ee355d,gcond_9272d5ee355d,gctpl_fb73e070bbea,gsec_387869d6a222,qbank_32b37a2f20be,实操题库_地面站考试条件_2026H1_地面站避让点题型.txt_116,2026H1,2026H1,地面站避让点题型,2026-05-22,云南01考场,避让点题型-考试条件提取.docx,117,1,1,(一),coordinate;speed_height;turn_hold_loop;bearing_angle;geometry,"按图规划一个闭合四边形并不循环执行，①②边、②③边边 长为a,①④边边长为b,∠①=∠②=90·航线相对地面高度为c, 水平速度为d，垂直速度为e,转弯模式为停止转弯，停留时间5s;",90;5,s;度,①;②;②;③;①;④;①;②,,,,,,
gcond_a13db5bf8063,gcond_a13db5bf8063,gctpl_ee62dbe1fda2,gsec_387869d6a222,qbank_32b37a2f20be,实操题库_地面站考试条件_2026H1_地面站避让点题型.txt_116,2026H1,2026H1,地面站避让点题型,2026-05-22,云南01考场,避让点题型-考试条件提取.docx,117,2,2,(二),coordinate;speed_height,"a值为200米，b值为400米，c值为300m,d值为 4m/s,e值为3m/s。",200;400;300;4;3,m;m/s;米,,,,4m/s;3m/s,,,
gcond_7b0a0023e596,gcond_7b0a0023e596,gctpl_7a61980d5bd7,gsec_387869d6a222,qbank_32b37a2f20be,实操题库_地面站考试条件_2026H1_地面站避让点题型.txt_116,2026H1,2026H1,地面站避让点题型,2026-05-22,云南01考场,避让点题型-考试条件提取.docx,117,3,3,一：,coordinate;geometry,"题卡图形2号点经纬度： N:37°3626"" E:144°34'26",2;37;3626;144;34;26,°;度,,"N:37°3626"";E:144°34'26",37°;144°,,,,
gcond_9b664d6ed64f,gcond_9b664d6ed64f,gctpl_a2e745c6865b,gsec_387869d6a222,qbank_32b37a2f20be,实操题库_地面站考试条件_2026H1_地面站避让点题型.txt_116,2026H1,2026H1,地面站避让点题型,2026-05-22,云南01考场,避让点题型-考试条件提取.docx,117,4,4,二：,coordinate;bearing_angle;restriction;geometry,"由于空城限制，起飞 后需向NW方向飞行1500 米到达”避让点“再执行 航线任务。题卡图形1号 点到”避让点“的方向为 SW,距离900米",1500;1;900,S;米,,,,,,1500 米;900米,
gcond_5046396cfac8,gcond_5046396cfac8,gctpl_9f278e354bd9,gsec_387869d6a222,qbank_32b37a2f20be,实操题库_地面站考试条件_2026H1_地面站避让点题型.txt_116,2026H1,2026H1,地面站避让点题型,2026-05-22,云南01考场,避让点题型-考试条件提取.docx,117,5,5,三：,geometry,题卡图形2号点位于题 卡图形3号点东偏北15度。,2;3;15,度,,,东偏北15度,,,,
gcond_d7ec95ab493d,gcond_d7ec95ab493d,gctpl_078eb3b73eee,gsec_d82c308065a0,qbank_32b37a2f20be,实操题库_地面站考试条件_2026H1_地面站避让点题型.txt_117,2026H1,2026H1,地面站避让点题型,2026-05-22,云南01考场,避让点题型-考试条件提取.docx,118,1,1,(一),coordinate;speed_height;turn_hold_loop;bearing_angle;geometry,"规划一个闭合五边形并循环执行，①②、②③、③④、④⑤、①⑤边 的边长为a,∠②=∠①为90°，航线相对地面高度为b,水平速度为c，垂直 速度为d,转弯模式为停止转弯，各点停留时间为e;",90,°;度,①;②;②;③;③;④;④;⑤;①;⑤;②;①,,90°,,,,
gcond_9da3c59922c7,gcond_9da3c59922c7,gctpl_ed13da4453d3,gsec_d82c308065a0,qbank_32b37a2f20be,实操题库_地面站考试条件_2026H1_地面站避让点题型.txt_117,2026H1,2026H1,地面站避让点题型,2026-05-22,云南01考场,避让点题型-考试条件提取.docx,118,2,2,(二),coordinate;speed_height,"a值为300米，b值为70米，c值为3m/s,，d值为2m/s,e值为 11s。",300;70;3;2;11,m/s;s;米,,,,3m/s;2m/s,,,
gcond_7660c2e3673f,gcond_7660c2e3673f,gctpl_6079ed42b977,gsec_d82c308065a0,qbank_32b37a2f20be,实操题库_地面站考试条件_2026H1_地面站避让点题型.txt_117,2026H1,2026H1,地面站避让点题型,2026-05-22,云南01考场,避让点题型-考试条件提取.docx,118,3,3,二：,coordinate;bearing_angle;restriction;geometry;takeoff_return,由于空域限制：起 飞后需向NE方向飞行200 米到达”避让点”再执 行航线任务 ☆起飞点（返航点 提卡图形1号点位于“避让 点”的NW方向500米处。,200;1;500,米,起飞点;返航点,,,,,200 米;500米,
gcond_d7a98d8fa521,gcond_d7a98d8fa521,gctpl_d1650bb10edd,gsec_d82c308065a0,qbank_32b37a2f20be,实操题库_地面站考试条件_2026H1_地面站避让点题型.txt_117,2026H1,2026H1,地面站避让点题型,2026-05-22,云南01考场,避让点题型-考试条件提取.docx,118,4,4,三：,geometry,题卡图形1号点位于题 卡图形2号点的北偏西35度。,1;2;35,度,,,北偏西35度,,,,
gcond_249575b86302,gcond_249575b86302,gctpl_a5897704705c,gsec_0292b7ff8ade,qbank_32b37a2f20be,实操题库_地面站考试条件_2026H1_地面站避让点题型.txt_118,2026H1,2026H1,地面站避让点题型,2026-05-27,浙江01考场,避让点题型-考试条件提取.docx,119,1,1,(一),coordinate;speed_height;turn_hold_loop;geometry,"按图规划一个闭合的任务航线并循环执行，①③、②③、 ②④、①④边长为300米，①点相对地面高度为a,②点相对地面高 度为b，③点相对地面高度为c，④点相对地面高度为d，水平速 度为e，垂直速度为f，转弯模式为停止转弯，停留时间2s;",300;2,s;度;米,①;③;②;③;②;④;①;④;①;②;③;④,,,,300米,300米,
gcond_bb251dc5f79b,gcond_bb251dc5f79b,gctpl_ef11846ede82,gsec_0292b7ff8ade,qbank_32b37a2f20be,实操题库_地面站考试条件_2026H1_地面站避让点题型.txt_118,2026H1,2026H1,地面站避让点题型,2026-05-27,浙江01考场,避让点题型-考试条件提取.docx,119,2,2,(二),coordinate;speed_height,"a值为20米，b值为25米，c值为30m,d值为20m, e值为2m/s,f值为2m/s。",20;25;30;20;2;2,m;m/s;米,,,,2m/s;2m/s,,,
gcond_17312b998b5f,gcond_17312b998b5f,gctpl_17f51cf1413b,gsec_0292b7ff8ade,qbank_32b37a2f20be,实操题库_地面站考试条件_2026H1_地面站避让点题型.txt_118,2026H1,2026H1,地面站避让点题型,2026-05-27,浙江01考场,避让点题型-考试条件提取.docx,119,3,3,1、,coordinate;geometry,"题卡图形1号点经纬度： N:32°29'28"" E:121°46′18""",1;32;29;28;121;46;18,°;度,,"N:32°29'28"";E:121°46′18""",32°;121°,,,,
gcond_bef61fbd4e2b,gcond_bef61fbd4e2b,gctpl_461d8e840428,gsec_0292b7ff8ade,qbank_32b37a2f20be,实操题库_地面站考试条件_2026H1_地面站避让点题型.txt_118,2026H1,2026H1,地面站避让点题型,2026-05-27,浙江01考场,避让点题型-考试条件提取.docx,119,4,4,2、,coordinate;speed_height;bearing_angle;restriction;geometry,"起飞后需向SW方向飞行 600米到达""避让点""再执行航 线任务。避让点高度为80米。 题卡图形1号点位于”避让点” SE方向500米处。",600;80;1;500,S;度;米,,,,,80米,600米;80米;500米,
gcond_c3ee0acf3729,gcond_c3ee0acf3729,gctpl_fbd8a4b33edf,gsec_0292b7ff8ade,qbank_32b37a2f20be,实操题库_地面站考试条件_2026H1_地面站避让点题型.txt_118,2026H1,2026H1,地面站避让点题型,2026-05-27,浙江01考场,避让点题型-考试条件提取.docx,119,5,5,3、,geometry,题卡图形3号点到题卡图形 2号点西偏南30度。,3;2;30,度,,,西偏南30度,,,,
gcond_afe1e2d7bfae,gcond_afe1e2d7bfae,gctpl_38c4c3300d04,gsec_6a88f93e46e5,qbank_32b37a2f20be,实操题库_地面站考试条件_2026H1_地面站避让点题型.txt_119,2026H1,2026H1,地面站避让点题型,2026-05-27,浙江01考场,避让点题型-考试条件提取.docx,120,1,1,(一),coordinate;speed_height;turn_hold_loop;geometry,"规划一个闭合六边形航线，不循环执行，边长为a,①②③ 航点相对地面高度为b,④⑤⑥航点相对地面高度为c,水平速度为d ，垂直速度为e,转弯方式为停止转弯，各点停留时间为f；",,度,①;②;③;④;⑤;⑥,,,,,,
gcond_73e877d4767b,gcond_73e877d4767b,gctpl_4edf43250e90,gsec_6a88f93e46e5,qbank_32b37a2f20be,实操题库_地面站考试条件_2026H1_地面站避让点题型.txt_119,2026H1,2026H1,地面站避让点题型,2026-05-27,浙江01考场,避让点题型-考试条件提取.docx,120,2,2,(二),coordinate;speed_height,"a值为300米，b值为35米，c值为25m,d值为4m/s, e值为2m/s,f值为2s。",300;35;25;4;2;2,m;m/s;s;米,,,,4m/s;2m/s,,,
gcond_3fee3c3b985d,gcond_3fee3c3b985d,gctpl_0317d4f9f237,gsec_6a88f93e46e5,qbank_32b37a2f20be,实操题库_地面站考试条件_2026H1_地面站避让点题型.txt_119,2026H1,2026H1,地面站避让点题型,2026-05-27,浙江01考场,避让点题型-考试条件提取.docx,120,3,3,1、,coordinate;geometry,"题卡图形2号点经纬度： 3 :36°25′26” E:110°12'12""",2;3;36;25;26;110;12;12,°;度,3,"E:110°12'12""",36°;110°,,,,possible_incomplete_latlon_pair
gcond_6e0bb78c5786,gcond_6e0bb78c5786,gctpl_4582638b23a7,gsec_6a88f93e46e5,qbank_32b37a2f20be,实操题库_地面站考试条件_2026H1_地面站避让点题型.txt_119,2026H1,2026H1,地面站避让点题型,2026-05-27,浙江01考场,避让点题型-考试条件提取.docx,120,4,4,2、,coordinate;speed_height;bearing_angle;restriction;geometry,"起飞后需向SW方向飞行 6 400米到达""避让点""再执行航 线任务。避让点高度为70米。 题卡图形1号点位于”避让点” SE方向400米处。",6;400;70;1;400,S;度;米,6,,,,70米,400米;70米;400米,
gcond_35ca779b1f1f,gcond_35ca779b1f1f,gctpl_f99a36f743fd,gsec_6a88f93e46e5,qbank_32b37a2f20be,实操题库_地面站考试条件_2026H1_地面站避让点题型.txt_119,2026H1,2026H1,地面站避让点题型,2026-05-27,浙江01考场,避让点题型-考试条件提取.docx,120,5,5,3、,geometry,题卡图形2号点到题卡图形 1号点西偏南15度。,2;1;15,度,,,西偏南15度,,,,
gcond_c12d944c33c7,gcond_c12d944c33c7,gctpl_17b5cdddbaa3,gsec_9b00a37d82e4,qbank_32b37a2f20be,实操题库_地面站考试条件_2026H1_地面站避让点题型.txt_120,2026H1,2026H1,地面站避让点题型,2026-06-06,浙江01考场,避让点题型-考试条件提取.docx,121,1,1,(一),coordinate;speed_height;turn_hold_loop;bearing_angle;geometry,"按图规划一个闭合四边形并循环执行，①②、②③边长为a, ①④边长为b,∠②=∠①=90°。航线相对地面高度为c,水平速度为d, 垂直速度为e,转弯模式为停止转弯，停留时间5s;",90;5,s;°;度,①;②;②;③;①;④;②;①,,90°,,,,
gcond_4628092b32d8,gcond_4628092b32d8,gctpl_8921904e688f,gsec_9b00a37d82e4,qbank_32b37a2f20be,实操题库_地面站考试条件_2026H1_地面站避让点题型.txt_120,2026H1,2026H1,地面站避让点题型,2026-06-06,浙江01考场,避让点题型-考试条件提取.docx,121,2,2,(二),coordinate;speed_height,"a值为200米，b值为300米，c值为300m,d值为3m/s, e值为2m/s.",200;300;300;3;2,m;m/s;米,,,,3m/s;2m/s,,,
gcond_65ba8479ad29,gcond_65ba8479ad29,gctpl_a765313f395d,gsec_9b00a37d82e4,qbank_32b37a2f20be,实操题库_地面站考试条件_2026H1_地面站避让点题型.txt_120,2026H1,2026H1,地面站避让点题型,2026-06-06,浙江01考场,避让点题型-考试条件提取.docx,121,3,3,1、,coordinate;geometry,"题卡图形③号点经纬度： N:30°31'30” E:120°10'10""",30;31;30;120;10;10,°;度,③,"N:30°31'30”;E:120°10'10""",30°;120°,,,,
gcond_e909fdf28a34,gcond_e909fdf28a34,gctpl_6c890f620817,gsec_9b00a37d82e4,qbank_32b37a2f20be,实操题库_地面站考试条件_2026H1_地面站避让点题型.txt_120,2026H1,2026H1,地面站避让点题型,2026-06-06,浙江01考场,避让点题型-考试条件提取.docx,121,4,4,2、,turn_hold_loop;bearing_angle;restriction;geometry,"起飞后需向S方向飞行650 米到达""避让点""再前往题卡图 形①点。到避让点停留30秒。 题卡图形①号点在""避让点”SW方向450米处。",650;30;450,S;秒;米,①;①,,,,,650 米,
gcond_43c94fafef95,gcond_43c94fafef95,gctpl_ed0ebc0b029c,gsec_9b00a37d82e4,qbank_32b37a2f20be,实操题库_地面站考试条件_2026H1_地面站避让点题型.txt_120,2026H1,2026H1,地面站避让点题型,2026-06-06,浙江01考场,避让点题型-考试条件提取.docx,121,5,5,3、,coordinate;bearing_angle;geometry,题卡图形②号点位于题卡图 形③号点NW方向。,,,②;③,,,,,,
gcond_599e568f284c,gcond_599e568f284c,gctpl_e7878f903bb9,gsec_cae90e4b9e3e,qbank_ea4090eca253,实操题库_地面站考试条件_2026H1_夹角题题型.txt_0,2026H1,2026H1,夹角题题型,2026-05-28,安徽03考场,夹角题-考试条件提取.docx,1,1,1,1.,speed_height;bearing_angle;geometry,该任务航线为如图直角梯形，航线高度为100M,100,M;度,,,,,100M,,
gcond_b3004ddf4d92,gcond_b3004ddf4d92,gctpl_46e78ef4473b,gsec_cae90e4b9e3e,qbank_ea4090eca253,实操题库_地面站考试条件_2026H1_夹角题题型.txt_0,2026H1,2026H1,夹角题题型,2026-05-28,安徽03考场,夹角题-考试条件提取.docx,1,2,2,2.,bearing_angle;geometry,该直角梯形航线长度如图所示 距离航点1：200米,1;200,度;米,,,,,,200米,
gcond_149c2f1985d0,gcond_149c2f1985d0,gctpl_434b8d5cfa31,gsec_cae90e4b9e3e,qbank_ea4090eca253,实操题库_地面站考试条件_2026H1_夹角题题型.txt_0,2026H1,2026H1,夹角题题型,2026-05-28,安徽03考场,夹角题-考试条件提取.docx,1,3,3,3.,bearing_angle;geometry;takeoff_return,起飞点/返航点要求∠H12=45°，∠H14=135°,12;45;14;135,°,起飞点;返航点,,45°;135°,,,,
gcond_8780e4ce0837,gcond_8780e4ce0837,gctpl_46e4a7a81c7e,gsec_cae90e4b9e3e,qbank_ea4090eca253,实操题库_地面站考试条件_2026H1_夹角题题型.txt_0,2026H1,2026H1,夹角题题型,2026-05-28,安徽03考场,夹角题-考试条件提取.docx,1,4,4,4.,speed_height,水平速度为 5m/s,5,m/s;度,,,,5m/s,,,
gcond_f5dd762420b9,gcond_f5dd762420b9,gctpl_1358a68d0099,gsec_cae90e4b9e3e,qbank_ea4090eca253,实操题库_地面站考试条件_2026H1_夹角题题型.txt_0,2026H1,2026H1,夹角题题型,2026-05-28,安徽03考场,夹角题-考试条件提取.docx,1,5,5,5.,speed_height,垂直速度为 3m/s,3,m/s;度,,,,3m/s,,,
gcond_a7fb74c5a6cb,gcond_a7fb74c5a6cb,gctpl_775b1ba7df7c,gsec_cae90e4b9e3e,qbank_ea4090eca253,实操题库_地面站考试条件_2026H1_夹角题题型.txt_0,2026H1,2026H1,夹角题题型,2026-05-28,安徽03考场,夹角题-考试条件提取.docx,1,6,6,6.,bearing_angle,航向（或位置要求） 3点位于2点(SW)方向，∠3=45°,3;2;3;45,S;°,3,,45°,,,,
gcond_86cb194e9112,gcond_86cb194e9112,gctpl_b113367b2ea8,gsec_cae90e4b9e3e,qbank_ea4090eca253,实操题库_地面站考试条件_2026H1_夹角题题型.txt_0,2026H1,2026H1,夹角题题型,2026-05-28,安徽03考场,夹角题-考试条件提取.docx,1,7,7,7.,turn_hold_loop,转弯模式为 协调转弯,,,,,,,,,
gcond_aa0c29ae0c32,gcond_aa0c29ae0c32,gctpl_6085ce1c58bb,gsec_cae90e4b9e3e,qbank_ea4090eca253,实操题库_地面站考试条件_2026H1_夹角题题型.txt_0,2026H1,2026H1,夹角题题型,2026-05-28,安徽03考场,夹角题-考试条件提取.docx,1,8,8,8.,turn_hold_loop;geometry,是否循环执行 任务航线执行大于2次,2,,,,,,,,
gcond_6d0eed9adb91,gcond_6d0eed9adb91,gctpl_b7e6f45fb76e,gsec_cae90e4b9e3e,qbank_ea4090eca253,实操题库_地面站考试条件_2026H1_夹角题题型.txt_0,2026H1,2026H1,夹角题题型,2026-05-28,安徽03考场,夹角题-考试条件提取.docx,1,9,9,9.,coordinate;speed_height;geometry;takeoff_return,起飞点（返航点）经纬度：109.1385°，28.7392° 与航线高度保持一致,109.1385;28.7392,°;度,起飞点;返航点,,109.1385°;28.7392°,,,,
gcond_e1c500c16a37,gcond_e1c500c16a37,gctpl_c71bda435beb,gsec_6cc5bbe791be,qbank_ea4090eca253,实操题库_地面站考试条件_2026H1_夹角题题型.txt_1,2026H1,2026H1,夹角题题型,2026-04-23,江西02考场,夹角题-考试条件提取.docx,2,1,1,(一),coordinate;speed_height;turn_hold_loop;bearing_angle;geometry;takeoff_return,"按图于起飞点前规划一个五边形并循环执行，①②边及② ③ 边的边长为 a,③④边长为①②边长的一半， ∠②=∠④=∠①为 90°，航线相对地面高度为b,水平速度为c,垂直速度为d,转弯 模式为停止转弯，各点停留时间为e;",90,°;度,起飞点;①;②;②;③;③;④;①;②;②;④;①,,90°,,,,
gcond_7b6a79bde033,gcond_7b6a79bde033,gctpl_9ab1a40c7d60,gsec_6cc5bbe791be,qbank_ea4090eca253,实操题库_地面站考试条件_2026H1_夹角题题型.txt_1,2026H1,2026H1,夹角题题型,2026-04-23,江西02考场,夹角题-考试条件提取.docx,2,2,2,(二),coordinate;speed_height,"a值为300米，b值为60米，c值为3m/s ，d值为2m/s,e 值为5s。",300;60;3;2;5,m/s;s;米,,,,3m/s;2m/s,,,
gcond_4fe2c95da11d,gcond_4fe2c95da11d,gctpl_506303dd80ca,gsec_6cc5bbe791be,qbank_ea4090eca253,实操题库_地面站考试条件_2026H1_夹角题题型.txt_1,2026H1,2026H1,夹角题题型,2026-04-23,江西02考场,夹角题-考试条件提取.docx,2,3,3,一、,coordinate;takeoff_return,起飞点经纬度： N:28°30′32” E:115°06’32”,28;30;32;115;06;32,°;度,起飞点,N:28°30′32”;E:115°06’32”,28°;115°,,,,
gcond_b106a6e8890e,gcond_b106a6e8890e,gctpl_60805399613d,gsec_6cc5bbe791be,qbank_ea4090eca253,实操题库_地面站考试条件_2026H1_夹角题题型.txt_1,2026H1,2026H1,夹角题题型,2026-04-23,江西02考场,夹角题-考试条件提取.docx,2,4,4,二、,bearing_angle;takeoff_return,起飞点到任务航 线4点和5点的距离 相等，∠H53=30°,4;5;53;30,°,起飞点,,30°,,,,
gcond_cf00bb1d947c,gcond_cf00bb1d947c,gctpl_28d065a15652,gsec_6cc5bbe791be,qbank_ea4090eca253,实操题库_地面站考试条件_2026H1_夹角题题型.txt_1,2026H1,2026H1,夹角题题型,2026-04-23,江西02考场,夹角题-考试条件提取.docx,2,5,5,三、,geometry,任务航线2点位 于3点南偏东25°,2;3;25,°,,,25°,,,,
gcond_98d483f11f9c,gcond_98d483f11f9c,gctpl_44efead6294d,gsec_f193e62575ba,qbank_ea4090eca253,实操题库_地面站考试条件_2026H1_夹角题题型.txt_2,2026H1,2026H1,夹角题题型,2026-05-06,内蒙古01考场,夹角题-考试条件提取.docx,3,1,1,1.,speed_height;bearing_angle;geometry,该任务航线为如图直角梯形，航线高度为85M,85,M;度,,,,,85M,,
gcond_ae56a2729881,gcond_ae56a2729881,gctpl_ccfd1510f008,gsec_f193e62575ba,qbank_ea4090eca253,实操题库_地面站考试条件_2026H1_夹角题题型.txt_2,2026H1,2026H1,夹角题题型,2026-05-06,内蒙古01考场,夹角题-考试条件提取.docx,3,2,2,2.,bearing_angle;geometry,该直角梯形航线长度为如图∠④=60°,60,°;度,④,,60°,,,,
gcond_5ad5c4f185bf,gcond_5ad5c4f185bf,gctpl_d127cea3fa79,gsec_f193e62575ba,qbank_ea4090eca253,实操题库_地面站考试条件_2026H1_夹角题题型.txt_2,2026H1,2026H1,夹角题题型,2026-05-06,内蒙古01考场,夹角题-考试条件提取.docx,3,3,3,3.,bearing_angle;geometry;takeoff_return,起飞点/返航点要求∠H①④=150°（夹角朝向图形外侧） H到①距离90米,150;90,°;米,起飞点;返航点;①;④;①,,150°,,,90米,
gcond_8467b7c77789,gcond_8467b7c77789,gctpl_46e4a7a81c7e,gsec_f193e62575ba,qbank_ea4090eca253,实操题库_地面站考试条件_2026H1_夹角题题型.txt_2,2026H1,2026H1,夹角题题型,2026-05-06,内蒙古01考场,夹角题-考试条件提取.docx,3,4,4,4.,speed_height,水平速度为 5m/s,5,m/s;度,,,,5m/s,,,
gcond_f8fd8df73ee5,gcond_f8fd8df73ee5,gctpl_1f22521bd0a9,gsec_f193e62575ba,qbank_ea4090eca253,实操题库_地面站考试条件_2026H1_夹角题题型.txt_2,2026H1,2026H1,夹角题题型,2026-05-06,内蒙古01考场,夹角题-考试条件提取.docx,3,5,5,5.,speed_height,垂直速度为 4 m/s,4,m/s;度,4,,,4 m/s,,,
gcond_600b496467c2,gcond_600b496467c2,gctpl_12079b9e0b42,gsec_f193e62575ba,qbank_ea4090eca253,实操题库_地面站考试条件_2026H1_夹角题题型.txt_2,2026H1,2026H1,夹角题题型,2026-05-06,内蒙古01考场,夹角题-考试条件提取.docx,3,6,6,6.,bearing_angle,航向（或位置要求） ③点位于④点SW方向,,S,③;④,,,,,,
gcond_c95bd6ffaa77,gcond_c95bd6ffaa77,gctpl_6cc293f52b46,gsec_f193e62575ba,qbank_ea4090eca253,实操题库_地面站考试条件_2026H1_夹角题题型.txt_2,2026H1,2026H1,夹角题题型,2026-05-06,内蒙古01考场,夹角题-考试条件提取.docx,3,7,7,7.,turn_hold_loop,转弯模式为 停止转弯，各点停留时间6秒,6,秒,,,,,,,
gcond_9aa5c4bf4c99,gcond_9aa5c4bf4c99,gctpl_114aabff6e02,gsec_f193e62575ba,qbank_ea4090eca253,实操题库_地面站考试条件_2026H1_夹角题题型.txt_2,2026H1,2026H1,夹角题题型,2026-05-06,内蒙古01考场,夹角题-考试条件提取.docx,3,8,8,8.,turn_hold_loop;geometry,是否循环执行 任务航线闭合不循环，任务完成后原地悬停,,,,,,,,,
gcond_0f7c81c99c0a,gcond_0f7c81c99c0a,gctpl_0f6bf58fe2fd,gsec_f193e62575ba,qbank_ea4090eca253,实操题库_地面站考试条件_2026H1_夹角题题型.txt_2,2026H1,2026H1,夹角题题型,2026-05-06,内蒙古01考场,夹角题-考试条件提取.docx,3,9,9,9.,coordinate;geometry;takeoff_return,起飞点（返航点）经纬度：104.4665°，30.8657°,104.4665;30.8657,°;度,起飞点;返航点,,104.4665°;30.8657°,,,,
gcond_a583ad929784,gcond_a583ad929784,gctpl_ffb868be72ee,gsec_f193e62575ba,qbank_ea4090eca253,实操题库_地面站考试条件_2026H1_夹角题题型.txt_2,2026H1,2026H1,夹角题题型,2026-05-06,内蒙古01考场,夹角题-考试条件提取.docx,3,10,10,10.,speed_height;takeoff_return,起飞点高度为航线高度,,度,起飞点,,,,,,
gcond_9be9eaa8820e,gcond_9be9eaa8820e,gctpl_e931039c7282,gsec_c53977f60aa2,qbank_ea4090eca253,实操题库_地面站考试条件_2026H1_夹角题题型.txt_3,2026H1,2026H1,夹角题题型,2026-05-11,湖南01考场,夹角题-考试条件提取.docx,4,1,1,1.,speed_height;geometry,该图形航线高度为 45M,45,M;度,,,,,45M,,
gcond_132080bd205d,gcond_132080bd205d,gctpl_ff28bfd1fcf6,gsec_c53977f60aa2,qbank_ea4090eca253,实操题库_地面站考试条件_2026H1_夹角题题型.txt_3,2026H1,2026H1,夹角题题型,2026-05-11,湖南01考场,夹角题-考试条件提取.docx,4,2,2,2.,geometry,该图形航线长度为 ①②=100米②③=60米①④=100米,100;60;100,度;米,①;②;②;③;①;④,,,,100米,100米;60米,
gcond_39cebe0f1806,gcond_39cebe0f1806,gctpl_886ecdad6dbc,gsec_c53977f60aa2,qbank_ea4090eca253,实操题库_地面站考试条件_2026H1_夹角题题型.txt_3,2026H1,2026H1,夹角题题型,2026-05-11,湖南01考场,夹角题-考试条件提取.docx,4,3,3,3.,bearing_angle;geometry,该图形角度为 ∠2=∠3=90°,2;3;90,°;度,2;3,,90°,,,,
gcond_16356bf6c2f4,gcond_16356bf6c2f4,gctpl_2ee07668150b,gsec_c53977f60aa2,qbank_ea4090eca253,实操题库_地面站考试条件_2026H1_夹角题题型.txt_3,2026H1,2026H1,夹角题题型,2026-05-11,湖南01考场,夹角题-考试条件提取.docx,4,4,4,4.,coordinate;takeoff_return,相对坐标/H点要求 ①点位于④(WS)方向/H距离①点50米,50,S;米,H点;①;④;①,,,,,50米,
gcond_5f0c4e7d6426,gcond_5f0c4e7d6426,gctpl_46e4a7a81c7e,gsec_c53977f60aa2,qbank_ea4090eca253,实操题库_地面站考试条件_2026H1_夹角题题型.txt_3,2026H1,2026H1,夹角题题型,2026-05-11,湖南01考场,夹角题-考试条件提取.docx,4,5,5,5.,speed_height,水平速度为 5 M/s,5,M/s;度,5,,,5 M/s,,,
gcond_a7748880278a,gcond_a7748880278a,gctpl_226b8064e544,gsec_c53977f60aa2,qbank_ea4090eca253,实操题库_地面站考试条件_2026H1_夹角题题型.txt_3,2026H1,2026H1,夹角题题型,2026-05-11,湖南01考场,夹角题-考试条件提取.docx,4,6,6,6.,speed_height,垂直速度为 7.2 KM/H,7.2,KM/H;度,7;2,,,7.2 KM/H,,,
gcond_bbfefc59594d,gcond_bbfefc59594d,gctpl_cfbdc34d70a6,gsec_c53977f60aa2,qbank_ea4090eca253,实操题库_地面站考试条件_2026H1_夹角题题型.txt_3,2026H1,2026H1,夹角题题型,2026-05-11,湖南01考场,夹角题-考试条件提取.docx,4,7,7,7.,bearing_angle;geometry,航向为（或位置要求 ∠H①②=130°(朝图形外侧),130,°,①;②,,130°,,,,
gcond_0b6cf9578491,gcond_0b6cf9578491,gctpl_09f497179918,gsec_c53977f60aa2,qbank_ea4090eca253,实操题库_地面站考试条件_2026H1_夹角题题型.txt_3,2026H1,2026H1,夹角题题型,2026-05-11,湖南01考场,夹角题-考试条件提取.docx,4,8,8,8.,turn_hold_loop,转弯模式为 定点转弯,,,,,,,,,
gcond_f61d86ea5ff3,gcond_f61d86ea5ff3,gctpl_a0b286d4e33a,gsec_c53977f60aa2,qbank_ea4090eca253,实操题库_地面站考试条件_2026H1_夹角题题型.txt_3,2026H1,2026H1,夹角题题型,2026-05-11,湖南01考场,夹角题-考试条件提取.docx,4,9,9,9.,turn_hold_loop,是否循环执行 闭合不循环任务完成后返航,,,,,,,,,
gcond_da3310b5e1f0,gcond_da3310b5e1f0,gctpl_a5e26205a0fe,gsec_c53977f60aa2,qbank_ea4090eca253,实操题库_地面站考试条件_2026H1_夹角题题型.txt_3,2026H1,2026H1,夹角题题型,2026-05-11,湖南01考场,夹角题-考试条件提取.docx,4,10,10,10.,coordinate;geometry;takeoff_return,起飞点（返航点）经纬度：104.4615°，30.8697°,104.4615;30.8697,°;度,起飞点;返航点,,104.4615°;30.8697°,,,,
gcond_d4f843be5492,gcond_d4f843be5492,gctpl_7b2837d7c8bc,gsec_896ee87c64b8,qbank_ea4090eca253,实操题库_地面站考试条件_2026H1_夹角题题型.txt_4,2026H1,2026H1,夹角题题型,2026-05-14,云南03考场,夹角题-考试条件提取.docx,5,1,1,1.,speed_height;bearing_angle;geometry,该任务航线为如图直角梯形，航线高度为160M,160,M;度,,,,,160M,,
gcond_6cf14d64807d,gcond_6cf14d64807d,gctpl_49a76e4bbcec,gsec_896ee87c64b8,qbank_ea4090eca253,实操题库_地面站考试条件_2026H1_夹角题题型.txt_4,2026H1,2026H1,夹角题题型,2026-05-14,云南03考场,夹角题-考试条件提取.docx,5,2,2,2.,bearing_angle;geometry,该直角梯形航线长度为如图所示，∠④=60°,60,°;度,④,,60°,,,,
gcond_e64978d138d4,gcond_e64978d138d4,gctpl_20970c799d40,gsec_896ee87c64b8,qbank_ea4090eca253,实操题库_地面站考试条件_2026H1_夹角题题型.txt_4,2026H1,2026H1,夹角题题型,2026-05-14,云南03考场,夹角题-考试条件提取.docx,5,3,3,3.,coordinate;bearing_angle;geometry;takeoff_return,起飞点/返航点要求起飞点到①点方向(SE)方向140米处,140,S;米,起飞点;返航点;起飞点;①,,,,,,
gcond_94a4f620111b,gcond_94a4f620111b,gctpl_46e4a7a81c7e,gsec_896ee87c64b8,qbank_ea4090eca253,实操题库_地面站考试条件_2026H1_夹角题题型.txt_4,2026H1,2026H1,夹角题题型,2026-05-14,云南03考场,夹角题-考试条件提取.docx,5,4,4,4.,speed_height,水平速度为 5 m/s,5,m/s;度,5,,,5 m/s,,,
gcond_d60dfdfc7966,gcond_d60dfdfc7966,gctpl_1358a68d0099,gsec_896ee87c64b8,qbank_ea4090eca253,实操题库_地面站考试条件_2026H1_夹角题题型.txt_4,2026H1,2026H1,夹角题题型,2026-05-14,云南03考场,夹角题-考试条件提取.docx,5,5,5,5.,speed_height,垂直速度为 3 m/s,3,m/s;度,3,,,3 m/s,,,
gcond_908a8866c168,gcond_908a8866c168,gctpl_acf494413e01,gsec_896ee87c64b8,qbank_ea4090eca253,实操题库_地面站考试条件_2026H1_夹角题题型.txt_4,2026H1,2026H1,夹角题题型,2026-05-14,云南03考场,夹角题-考试条件提取.docx,5,6,6,6.,bearing_angle;geometry,航向为（或位置要求） ∠H①④=155° 90m (夹角朝向图形外侧),155;90,m;°,①;④,,155°,,,,
gcond_f14b6333c672,gcond_f14b6333c672,gctpl_5a096cc2dfaa,gsec_896ee87c64b8,qbank_ea4090eca253,实操题库_地面站考试条件_2026H1_夹角题题型.txt_4,2026H1,2026H1,夹角题题型,2026-05-14,云南03考场,夹角题-考试条件提取.docx,5,7,7,7.,turn_hold_loop,转弯模式为 停止转弯，各点停留时间5秒,5,秒,,,,,,,
gcond_d8a5546d9885,gcond_d8a5546d9885,gctpl_114aabff6e02,gsec_896ee87c64b8,qbank_ea4090eca253,实操题库_地面站考试条件_2026H1_夹角题题型.txt_4,2026H1,2026H1,夹角题题型,2026-05-14,云南03考场,夹角题-考试条件提取.docx,5,8,8,8.,turn_hold_loop;geometry,是否循环执行 任务航线闭合不循环，任务完成后原地悬停,,,,,,,,,
gcond_523249eac04b,gcond_523249eac04b,gctpl_212cccd2e2ba,gsec_896ee87c64b8,qbank_ea4090eca253,实操题库_地面站考试条件_2026H1_夹角题题型.txt_4,2026H1,2026H1,夹角题题型,2026-05-14,云南03考场,夹角题-考试条件提取.docx,5,9,9,9.,coordinate;geometry;takeoff_return,起飞点（返航点）经纬度：106.2122°，38.5584°（要求0误差）,106.2122;38.5584;0,°;度,起飞点;返航点,,106.2122°;38.5584°,,,,
gcond_bb08fa2b1d06,gcond_bb08fa2b1d06,gctpl_1111fc4ed69d,gsec_896ee87c64b8,qbank_ea4090eca253,实操题库_地面站考试条件_2026H1_夹角题题型.txt_4,2026H1,2026H1,夹角题题型,2026-05-14,云南03考场,夹角题-考试条件提取.docx,5,10,10,10.,speed_height;takeoff_return,起飞点高度为60米,60,度;米,起飞点,,,,60米,,
gcond_0857dc638177,gcond_0857dc638177,gctpl_9033984ad8cf,gsec_79b6d9919a05,qbank_ea4090eca253,实操题库_地面站考试条件_2026H1_夹角题题型.txt_5,2026H1,2026H1,夹角题题型,2026-05-14,云南03考场,夹角题-考试条件提取.docx,6,1,1,1),speed_height,航线高度：100米,100,度;米,,,,,100米,,
gcond_302895f6457e,gcond_302895f6457e,gctpl_f60f22dbe062,gsec_79b6d9919a05,qbank_ea4090eca253,实操题库_地面站考试条件_2026H1_夹角题题型.txt_5,2026H1,2026H1,夹角题题型,2026-05-14,云南03考场,夹角题-考试条件提取.docx,6,2,2,2),geometry,航线（航点1-航点2）航线长度：500米,1;2;500,度;米,,,,,500米,500米,
gcond_b8e290b46fd3,gcond_b8e290b46fd3,gctpl_946674aa275b,gsec_79b6d9919a05,qbank_ea4090eca253,实操题库_地面站考试条件_2026H1_夹角题题型.txt_5,2026H1,2026H1,夹角题题型,2026-05-14,云南03考场,夹角题-考试条件提取.docx,6,3,3,3),geometry,航线（航点3-航点4）航线长度：1000米,3;4;1000,度;米,,,,,1000米,1000米,
gcond_007070b42d2a,gcond_007070b42d2a,gctpl_ef821fd4e0c8,gsec_79b6d9919a05,qbank_ea4090eca253,实操题库_地面站考试条件_2026H1_夹角题题型.txt_5,2026H1,2026H1,夹角题题型,2026-05-14,云南03考场,夹角题-考试条件提取.docx,6,4,4,4),bearing_angle,∠1夹角角度：90°,1;90,°;度,,,90°,,,,
gcond_f85b4d1d181c,gcond_f85b4d1d181c,gctpl_eca7141afd45,gsec_79b6d9919a05,qbank_ea4090eca253,实操题库_地面站考试条件_2026H1_夹角题题型.txt_5,2026H1,2026H1,夹角题题型,2026-05-14,云南03考场,夹角题-考试条件提取.docx,6,5,5,5),bearing_angle,∠4夹角角度：90°,4;90,°;度,,,90°,,,,
gcond_baa41702db1b,gcond_baa41702db1b,gctpl_5b6a66772166,gsec_79b6d9919a05,qbank_ea4090eca253,实操题库_地面站考试条件_2026H1_夹角题题型.txt_5,2026H1,2026H1,夹角题题型,2026-05-14,云南03考场,夹角题-考试条件提取.docx,6,6,6,6),bearing_angle,∠3夹角角度：45°,3;45,°;度,,,45°,,,,
gcond_270073fc695e,gcond_270073fc695e,gctpl_976d25930706,gsec_79b6d9919a05,qbank_ea4090eca253,实操题库_地面站考试条件_2026H1_夹角题题型.txt_5,2026H1,2026H1,夹角题题型,2026-05-14,云南03考场,夹角题-考试条件提取.docx,6,7,7,7),speed_height,飞行器水平速度：12m/s,12,m/s;度,,,,12m/s,,,
gcond_19a3ef8d14f5,gcond_19a3ef8d14f5,gctpl_41c1d0902adb,gsec_79b6d9919a05,qbank_ea4090eca253,实操题库_地面站考试条件_2026H1_夹角题题型.txt_5,2026H1,2026H1,夹角题题型,2026-05-14,云南03考场,夹角题-考试条件提取.docx,6,8,8,8),speed_height,飞行器垂直速度：2m/s,2,m/s;度,,,,2m/s,,,
gcond_42ef9a25828b,gcond_42ef9a25828b,gctpl_b0bd6e357e7b,gsec_79b6d9919a05,qbank_ea4090eca253,实操题库_地面站考试条件_2026H1_夹角题题型.txt_5,2026H1,2026H1,夹角题题型,2026-05-14,云南03考场,夹角题-考试条件提取.docx,6,9,9,9),bearing_angle;geometry,航点3位于航点2方向：SW,3;2,S,,,,,,,
gcond_f2862c2df4a1,gcond_f2862c2df4a1,gctpl_5a7378cc3f78,gsec_79b6d9919a05,qbank_ea4090eca253,实操题库_地面站考试条件_2026H1_夹角题题型.txt_5,2026H1,2026H1,夹角题题型,2026-05-14,云南03考场,夹角题-考试条件提取.docx,6,10,10,10),turn_hold_loop,飞行器转弯模式：协调转弯,,,,,,,,,
gcond_b633e4b6b764,gcond_b633e4b6b764,gctpl_92ce473a9194,gsec_79b6d9919a05,qbank_ea4090eca253,实操题库_地面站考试条件_2026H1_夹角题题型.txt_5,2026H1,2026H1,夹角题题型,2026-05-14,云南03考场,夹角题-考试条件提取.docx,6,11,11,11),other,飞行任务执行次数：大于1次,1,,,,,,,,
gcond_a70763a1a195,gcond_a70763a1a195,gctpl_392883f05caf,gsec_79b6d9919a05,qbank_ea4090eca253,实操题库_地面站考试条件_2026H1_夹角题题型.txt_5,2026H1,2026H1,夹角题题型,2026-05-14,云南03考场,夹角题-考试条件提取.docx,6,12,12,12),coordinate;speed_height;geometry;takeoff_return,Home点（起飞点&返航点）要求：经纬度：109.1385°28.7392°高度要求：与航线高度一致,109.1385;28.7392,m;°;度,起飞点;返航点,,109.1385°;28.7392°,,,,
gcond_eff88116afed,gcond_eff88116afed,gctpl_3cece176930e,gsec_79b6d9919a05,qbank_ea4090eca253,实操题库_地面站考试条件_2026H1_夹角题题型.txt_5,2026H1,2026H1,夹角题题型,2026-05-14,云南03考场,夹角题-考试条件提取.docx,6,13,13,14),coordinate;bearing_angle;geometry;takeoff_return,Home点（起飞点&返航点）位置要求：∠H12=45°∠H14=135°、距离航点1：200米,12;45;14;135;1;200,m;°;米,起飞点;返航点,,45°;135°,,,200米,
gcond_82ec0d273612,gcond_82ec0d273612,gctpl_9033984ad8cf,gsec_cc14d622a981,qbank_ea4090eca253,实操题库_地面站考试条件_2026H1_夹角题题型.txt_6,2026H1,2026H1,夹角题题型,2026-05-14,云南03考场,夹角题-考试条件提取.docx,7,1,1,1),speed_height,航线高度：100米,100,度;米,,,,,100米,,
gcond_04ac91835137,gcond_04ac91835137,gctpl_f60f22dbe062,gsec_cc14d622a981,qbank_ea4090eca253,实操题库_地面站考试条件_2026H1_夹角题题型.txt_6,2026H1,2026H1,夹角题题型,2026-05-14,云南03考场,夹角题-考试条件提取.docx,7,2,2,2),geometry,航线（航点1-航点2）航线长度：500米,1;2;500,度;米,,,,,500米,500米,
gcond_cb9b394aa55d,gcond_cb9b394aa55d,gctpl_946674aa275b,gsec_cc14d622a981,qbank_ea4090eca253,实操题库_地面站考试条件_2026H1_夹角题题型.txt_6,2026H1,2026H1,夹角题题型,2026-05-14,云南03考场,夹角题-考试条件提取.docx,7,3,3,3),geometry,航线（航点3-航点4）航线长度：1000米,3;4;1000,度;米,,,,,1000米,1000米,
gcond_a028b8b5a697,gcond_a028b8b5a697,gctpl_ef821fd4e0c8,gsec_cc14d622a981,qbank_ea4090eca253,实操题库_地面站考试条件_2026H1_夹角题题型.txt_6,2026H1,2026H1,夹角题题型,2026-05-14,云南03考场,夹角题-考试条件提取.docx,7,4,4,4),bearing_angle,∠1夹角角度：90°,1;90,°;度,,,90°,,,,
gcond_876ea8fb6fcd,gcond_876ea8fb6fcd,gctpl_eca7141afd45,gsec_cc14d622a981,qbank_ea4090eca253,实操题库_地面站考试条件_2026H1_夹角题题型.txt_6,2026H1,2026H1,夹角题题型,2026-05-14,云南03考场,夹角题-考试条件提取.docx,7,5,5,5),bearing_angle,∠4夹角角度：90°,4;90,°;度,,,90°,,,,
gcond_e592bdd96f58,gcond_e592bdd96f58,gctpl_149dc9a8e233,gsec_cc14d622a981,qbank_ea4090eca253,实操题库_地面站考试条件_2026H1_夹角题题型.txt_6,2026H1,2026H1,夹角题题型,2026-05-14,云南03考场,夹角题-考试条件提取.docx,7,6,6,6),bearing_angle,∠3夹角角度：60°,3;60,°;度,,,60°,,,,
gcond_ad6f9cb5b75c,gcond_ad6f9cb5b75c,gctpl_59be47b1e359,gsec_cc14d622a981,qbank_ea4090eca253,实操题库_地面站考试条件_2026H1_夹角题题型.txt_6,2026H1,2026H1,夹角题题型,2026-05-14,云南03考场,夹角题-考试条件提取.docx,7,7,7,7),speed_height,飞行器水平速度：13m/s,13,m/s;度,,,,13m/s,,,
gcond_310390483ac2,gcond_310390483ac2,gctpl_22a5f3dd7097,gsec_cc14d622a981,qbank_ea4090eca253,实操题库_地面站考试条件_2026H1_夹角题题型.txt_6,2026H1,2026H1,夹角题题型,2026-05-14,云南03考场,夹角题-考试条件提取.docx,7,8,8,8),speed_height,飞行器垂直速度：3m/s,3,m/s;度,,,,3m/s,,,
gcond_1e74868cf7e7,gcond_1e74868cf7e7,gctpl_d74b8e5dedd5,gsec_cc14d622a981,qbank_ea4090eca253,实操题库_地面站考试条件_2026H1_夹角题题型.txt_6,2026H1,2026H1,夹角题题型,2026-05-14,云南03考场,夹角题-考试条件提取.docx,7,9,9,9),coordinate;bearing_angle;geometry,航点1位于航点4方向：SE,1;4,S,,,,,,,
gcond_e1f1a056965c,gcond_e1f1a056965c,gctpl_c7f97e122b03,gsec_cc14d622a981,qbank_ea4090eca253,实操题库_地面站考试条件_2026H1_夹角题题型.txt_6,2026H1,2026H1,夹角题题型,2026-05-14,云南03考场,夹角题-考试条件提取.docx,7,10,10,10),turn_hold_loop,飞行器转弯模式：停止转弯，停留时间：9s,9,s,,,,,,,
gcond_f488c74f8b34,gcond_f488c74f8b34,gctpl_3632a278ed6d,gsec_cc14d622a981,qbank_ea4090eca253,实操题库_地面站考试条件_2026H1_夹角题题型.txt_6,2026H1,2026H1,夹角题题型,2026-05-14,云南03考场,夹角题-考试条件提取.docx,7,11,11,11),other,飞行任务执行次数：1次,1,,,,,,,,
gcond_0c0f9cb715e4,gcond_0c0f9cb715e4,gctpl_392883f05caf,gsec_cc14d622a981,qbank_ea4090eca253,实操题库_地面站考试条件_2026H1_夹角题题型.txt_6,2026H1,2026H1,夹角题题型,2026-05-14,云南03考场,夹角题-考试条件提取.docx,7,12,12,12),coordinate;speed_height;geometry;takeoff_return,Home点（起飞点&返航点）要求：经纬度：109.1385°28.7392°高度要求：与航线高度一致,109.1385;28.7392,m;°;度,起飞点;返航点,,109.1385°;28.7392°,,,,
gcond_8860449bb3f6,gcond_8860449bb3f6,gctpl_3cece176930e,gsec_cc14d622a981,qbank_ea4090eca253,实操题库_地面站考试条件_2026H1_夹角题题型.txt_6,2026H1,2026H1,夹角题题型,2026-05-14,云南03考场,夹角题-考试条件提取.docx,7,13,13,14),coordinate;bearing_angle;geometry;takeoff_return,Home点（起飞点&返航点）位置要求：∠H12=45°∠H14=135°、距离航点1：200米,12;45;14;135;1;200,m;°;米,起飞点;返航点,,45°;135°,,,200米,
gcond_b5e301000678,gcond_b5e301000678,gctpl_613d15a4d97d,gsec_e3f3657ca2ea,qbank_ea4090eca253,实操题库_地面站考试条件_2026H1_夹角题题型.txt_7,2026H1,2026H1,夹角题题型,2026-05-14,陕西03考场,夹角题-考试条件提取.docx,8,1,1,1.,speed_height;bearing_angle;geometry,该任务航线为如图直角梯形，航线高度为75M,75,M;度,,,,,75M,,
gcond_4b6caf85b8f4,gcond_4b6caf85b8f4,gctpl_13084fe6cd85,gsec_e3f3657ca2ea,qbank_ea4090eca253,实操题库_地面站考试条件_2026H1_夹角题题型.txt_7,2026H1,2026H1,夹角题题型,2026-05-14,陕西03考场,夹角题-考试条件提取.docx,8,2,2,2.,bearing_angle;geometry,该直角梯形航线长度及角度如图所示，∠④=60°,60,°;度,④,,60°,,,,
gcond_8410a00c54a9,gcond_8410a00c54a9,gctpl_269d2426f0f8,gsec_e3f3657ca2ea,qbank_ea4090eca253,实操题库_地面站考试条件_2026H1_夹角题题型.txt_7,2026H1,2026H1,夹角题题型,2026-05-14,陕西03考场,夹角题-考试条件提取.docx,8,3,3,3.,bearing_angle;geometry;takeoff_return,起飞点/返航点要求 起飞点位于④点(SW)方向，距离85米处,85,S;米,起飞点;返航点;起飞点;④,,,,,85米,
gcond_083e30a2fdd9,gcond_083e30a2fdd9,gctpl_46e4a7a81c7e,gsec_e3f3657ca2ea,qbank_ea4090eca253,实操题库_地面站考试条件_2026H1_夹角题题型.txt_7,2026H1,2026H1,夹角题题型,2026-05-14,陕西03考场,夹角题-考试条件提取.docx,8,4,4,4.,speed_height,水平速度为 5 m/s,5,m/s;度,5,,,5 m/s,,,
gcond_8ed438cd8770,gcond_8ed438cd8770,gctpl_afbfde15859f,gsec_e3f3657ca2ea,qbank_ea4090eca253,实操题库_地面站考试条件_2026H1_夹角题题型.txt_7,2026H1,2026H1,夹角题题型,2026-05-14,陕西03考场,夹角题-考试条件提取.docx,8,5,5,5.,speed_height,垂直速度为 2 m/s,2,m/s;度,2,,,2 m/s,,,
gcond_a36de1bc5a95,gcond_a36de1bc5a95,gctpl_908c1febd9ed,gsec_e3f3657ca2ea,qbank_ea4090eca253,实操题库_地面站考试条件_2026H1_夹角题题型.txt_7,2026H1,2026H1,夹角题题型,2026-05-14,陕西03考场,夹角题-考试条件提取.docx,8,6,6,6.,bearing_angle;geometry,航向为（或位置要求） ∠H④①=70° (夹角朝向图形外侧且夹角朝向不经过任务航线),70,°,④;①,,70°,,,,
gcond_a774a9fed711,gcond_a774a9fed711,gctpl_b113367b2ea8,gsec_e3f3657ca2ea,qbank_ea4090eca253,实操题库_地面站考试条件_2026H1_夹角题题型.txt_7,2026H1,2026H1,夹角题题型,2026-05-14,陕西03考场,夹角题-考试条件提取.docx,8,7,7,7.,turn_hold_loop,转弯模式为 协调转弯,,,,,,,,,
gcond_75e6961cbd68,gcond_75e6961cbd68,gctpl_a2d0e6a69f9c,gsec_e3f3657ca2ea,qbank_ea4090eca253,实操题库_地面站考试条件_2026H1_夹角题题型.txt_7,2026H1,2026H1,夹角题题型,2026-05-14,陕西03考场,夹角题-考试条件提取.docx,8,8,8,8.,turn_hold_loop;geometry,是否循环执行 任务航线闭合不循环执行，任务完成后原地悬停,,,,,,,,,
gcond_ce4e8ec59d40,gcond_ce4e8ec59d40,gctpl_264f9c88cb7e,gsec_e3f3657ca2ea,qbank_ea4090eca253,实操题库_地面站考试条件_2026H1_夹角题题型.txt_7,2026H1,2026H1,夹角题题型,2026-05-14,陕西03考场,夹角题-考试条件提取.docx,8,9,9,9.,coordinate;geometry;takeoff_return,起飞点（返航点）经纬度：E118.5679°，N35.6169°（经纬度要求零误差）,118.5679;35.6169,°;度,起飞点;返航点,E118.5679;N35.6169,118.5679°;35.6169°,,,,
gcond_87cff79a2364,gcond_87cff79a2364,gctpl_c6303c891e2c,gsec_e3f3657ca2ea,qbank_ea4090eca253,实操题库_地面站考试条件_2026H1_夹角题题型.txt_7,2026H1,2026H1,夹角题题型,2026-05-14,陕西03考场,夹角题-考试条件提取.docx,8,10,10,10.,speed_height;takeoff_return,起飞点高度为航线高度 ③ 165M 95M,165;95,M;度,起飞点;③,,,,165M;95M,,
gcond_9281626cff9c,gcond_9281626cff9c,gctpl_32cb20255e22,gsec_2fcb8281cbc7,qbank_ea4090eca253,实操题库_地面站考试条件_2026H1_夹角题题型.txt_8,2026H1,2026H1,夹角题题型,2026-05-17,天津01考场,夹角题-考试条件提取.docx,9,1,1,1.,speed_height;bearing_angle;geometry,该任务航线为如图等边三角形，航线高度为60M,60,M;度,,,,,60M,,
gcond_3141858f8eec,gcond_3141858f8eec,gctpl_5501ef070a0c,gsec_2fcb8281cbc7,qbank_ea4090eca253,实操题库_地面站考试条件_2026H1_夹角题题型.txt_8,2026H1,2026H1,夹角题题型,2026-05-17,天津01考场,夹角题-考试条件提取.docx,9,2,2,2.,bearing_angle;geometry,该等边三角形航线长度为120M,120,M;度,,,,,120M,120M,
gcond_d02281a235fe,gcond_d02281a235fe,gctpl_d1cd04bc75d3,gsec_2fcb8281cbc7,qbank_ea4090eca253,实操题库_地面站考试条件_2026H1_夹角题题型.txt_8,2026H1,2026H1,夹角题题型,2026-05-17,天津01考场,夹角题-考试条件提取.docx,9,3,3,3.,geometry;takeoff_return,起飞点/返航点要求起飞点位于②点（西偏南15°）方向，距离20米,15;20,°;米,起飞点;返航点;起飞点;②,,15°,,,20米,
gcond_2be65dcabe07,gcond_2be65dcabe07,gctpl_9159a8d0c781,gsec_2fcb8281cbc7,qbank_ea4090eca253,实操题库_地面站考试条件_2026H1_夹角题题型.txt_8,2026H1,2026H1,夹角题题型,2026-05-17,天津01考场,夹角题-考试条件提取.docx,9,4,4,4.,speed_height,水平速度为 4m/s,4,m/s;度,,,,4m/s,,,
gcond_d5c7e25eb7d9,gcond_d5c7e25eb7d9,gctpl_1358a68d0099,gsec_2fcb8281cbc7,qbank_ea4090eca253,实操题库_地面站考试条件_2026H1_夹角题题型.txt_8,2026H1,2026H1,夹角题题型,2026-05-17,天津01考场,夹角题-考试条件提取.docx,9,5,5,5.,speed_height,垂直速度为 3m/s,3,m/s;度,,,,3m/s,,,
gcond_54c20869e3e1,gcond_54c20869e3e1,gctpl_8c122772b4f7,gsec_2fcb8281cbc7,qbank_ea4090eca253,实操题库_地面站考试条件_2026H1_夹角题题型.txt_8,2026H1,2026H1,夹角题题型,2026-05-17,天津01考场,夹角题-考试条件提取.docx,9,6,6,6.,bearing_angle;geometry,航向（或位置要求） ∠H②①=70° (夹角朝向图形外侧，),70,°,②;①,,70°,,,,
gcond_7e94c4961dca,gcond_7e94c4961dca,gctpl_a96f22e892f3,gsec_2fcb8281cbc7,qbank_ea4090eca253,实操题库_地面站考试条件_2026H1_夹角题题型.txt_8,2026H1,2026H1,夹角题题型,2026-05-17,天津01考场,夹角题-考试条件提取.docx,9,7,7,7.,turn_hold_loop;geometry,"转弯模式为停止转弯，1点停留时间3s,后续航点时间依次增加4秒",1;3;4,s;秒,,,,,,,
gcond_832b0d1c33b3,gcond_832b0d1c33b3,gctpl_179401c96f3c,gsec_2fcb8281cbc7,qbank_ea4090eca253,实操题库_地面站考试条件_2026H1_夹角题题型.txt_8,2026H1,2026H1,夹角题题型,2026-05-17,天津01考场,夹角题-考试条件提取.docx,9,8,8,8.,turn_hold_loop;geometry,是否循环执行 任务航线闭合不循环，任务完成后返航,,,,,,,,,
gcond_9aae3806c2a7,gcond_9aae3806c2a7,gctpl_0875b2dd20f1,gsec_2fcb8281cbc7,qbank_ea4090eca253,实操题库_地面站考试条件_2026H1_夹角题题型.txt_8,2026H1,2026H1,夹角题题型,2026-05-17,天津01考场,夹角题-考试条件提取.docx,9,9,9,9.,coordinate;geometry;takeoff_return,起飞点（返航点）经纬度：E114.6913°，N40.8953°（要求0误差）,114.6913;40.8953;0,°;度,起飞点;返航点,E114.6913;N40.8953,114.6913°;40.8953°,,,,
gcond_ad248c9bb312,gcond_ad248c9bb312,gctpl_e2a8284ec841,gsec_2fcb8281cbc7,qbank_ea4090eca253,实操题库_地面站考试条件_2026H1_夹角题题型.txt_8,2026H1,2026H1,夹角题题型,2026-05-17,天津01考场,夹角题-考试条件提取.docx,9,10,10,10.,speed_height;takeoff_return,起飞点高度为航线高度减20米,20,度;米,起飞点,,,,20米,,
gcond_8ea8918f418d,gcond_8ea8918f418d,gctpl_f0f8eec7f716,gsec_51dc47adbd4b,qbank_ea4090eca253,实操题库_地面站考试条件_2026H1_夹角题题型.txt_9,2026H1,2026H1,夹角题题型,2026-05-17,天津01考场,夹角题-考试条件提取.docx,10,1,1,1.,speed_height;geometry,该任务航线为如图五边形，航线高度为65M,65,M;度,,,,,65M,,
gcond_1722f1956048,gcond_1722f1956048,gctpl_b10a86145399,gsec_51dc47adbd4b,qbank_ea4090eca253,实操题库_地面站考试条件_2026H1_夹角题题型.txt_9,2026H1,2026H1,夹角题题型,2026-05-17,天津01考场,夹角题-考试条件提取.docx,10,2,2,2.,geometry,该图形航线长度为①②③⑤构成正方形，④点为正方形中心点 正方形边长为260米,260,度;米,①;②;③;⑤;④,,,,,260米,
gcond_bcce04b3308c,gcond_bcce04b3308c,gctpl_1146bceac4cd,gsec_51dc47adbd4b,qbank_ea4090eca253,实操题库_地面站考试条件_2026H1_夹角题题型.txt_9,2026H1,2026H1,夹角题题型,2026-05-17,天津01考场,夹角题-考试条件提取.docx,10,3,3,3.,geometry;takeoff_return,起飞点/返航点要求 起飞点位于①点（东偏南15°）方向，距离30米,15;30,°;米,起飞点;返航点;起飞点;①,,15°,,,30米,
gcond_3a0343878568,gcond_3a0343878568,gctpl_cacb0b6f293c,gsec_51dc47adbd4b,qbank_ea4090eca253,实操题库_地面站考试条件_2026H1_夹角题题型.txt_9,2026H1,2026H1,夹角题题型,2026-05-17,天津01考场,夹角题-考试条件提取.docx,10,4,4,4.,speed_height,水平速度为 6 m/s,6,m/s;度,6,,,6 m/s,,,
gcond_d5120820419d,gcond_d5120820419d,gctpl_1358a68d0099,gsec_51dc47adbd4b,qbank_ea4090eca253,实操题库_地面站考试条件_2026H1_夹角题题型.txt_9,2026H1,2026H1,夹角题题型,2026-05-17,天津01考场,夹角题-考试条件提取.docx,10,5,5,5.,speed_height,垂直速度为 3 m/s,3,m/s;度,3,,,3 m/s,,,
gcond_6d4e0c96195b,gcond_6d4e0c96195b,gctpl_4437733a02a7,gsec_51dc47adbd4b,qbank_ea4090eca253,实操题库_地面站考试条件_2026H1_夹角题题型.txt_9,2026H1,2026H1,夹角题题型,2026-05-17,天津01考场,夹角题-考试条件提取.docx,10,6,6,6.,bearing_angle;geometry,航向（或位置要求） ∠H①②=130°（夹角朝向图形外侧）,130,°,①;②,,130°,,,,
gcond_95f35bc5f730,gcond_95f35bc5f730,gctpl_8c14f89d80ac,gsec_51dc47adbd4b,qbank_ea4090eca253,实操题库_地面站考试条件_2026H1_夹角题题型.txt_9,2026H1,2026H1,夹角题题型,2026-05-17,天津01考场,夹角题-考试条件提取.docx,10,7,7,7.,turn_hold_loop,转弯模式为 停止转弯，各点停留时间3秒,3,秒,,,,,,,
gcond_031a0d717807,gcond_031a0d717807,gctpl_179401c96f3c,gsec_51dc47adbd4b,qbank_ea4090eca253,实操题库_地面站考试条件_2026H1_夹角题题型.txt_9,2026H1,2026H1,夹角题题型,2026-05-17,天津01考场,夹角题-考试条件提取.docx,10,8,8,8.,turn_hold_loop;geometry,是否循环执行 任务航线闭合不循环，任务完成后返航,,,,,,,,,
gcond_addbb24789b2,gcond_addbb24789b2,gctpl_0cc9bd6ef825,gsec_51dc47adbd4b,qbank_ea4090eca253,实操题库_地面站考试条件_2026H1_夹角题题型.txt_9,2026H1,2026H1,夹角题题型,2026-05-17,天津01考场,夹角题-考试条件提取.docx,10,9,9,9.,coordinate;geometry;takeoff_return,起飞点（返航点）经纬度：E112.2244°，N36.1884°,112.2244;36.1884,°;度,起飞点;返航点,E112.2244;N36.1884,112.2244°;36.1884°,,,,
gcond_cebbace2af34,gcond_cebbace2af34,gctpl_45c3436b825a,gsec_51dc47adbd4b,qbank_ea4090eca253,实操题库_地面站考试条件_2026H1_夹角题题型.txt_9,2026H1,2026H1,夹角题题型,2026-05-17,天津01考场,夹角题-考试条件提取.docx,10,10,10,10.,speed_height;takeoff_return,起飞点高度为航线高度减30米,30,度;米,起飞点,,,,30米,,
gcond_aeba63c5e759,gcond_aeba63c5e759,gctpl_9eb26e10ca61,gsec_6cef91160dae,qbank_ea4090eca253,实操题库_地面站考试条件_2026H1_夹角题题型.txt_10,2026H1,2026H1,夹角题题型,2026-05-21,广东01考场,夹角题-考试条件提取.docx,11,1,1,1.,speed_height,航线高度为100M,100,M;度,,,,,100M,,
gcond_c37aadf85131,gcond_c37aadf85131,gctpl_db6bba9badab,gsec_6cef91160dae,qbank_ea4090eca253,实操题库_地面站考试条件_2026H1_夹角题题型.txt_10,2026H1,2026H1,夹角题题型,2026-05-21,广东01考场,夹角题-考试条件提取.docx,11,2,2,2.,geometry,航线（航点1-航点4） 航线长度：500米,1;4;500,度;米,,,,,500米,500米,
gcond_225faecca3e2,gcond_225faecca3e2,gctpl_97593ada76d5,gsec_6cef91160dae,qbank_ea4090eca253,实操题库_地面站考试条件_2026H1_夹角题题型.txt_10,2026H1,2026H1,夹角题题型,2026-05-21,广东01考场,夹角题-考试条件提取.docx,11,3,3,3.,geometry,航线（航点2-航点3） 航线长度：1000米,2;3;1000,度;米,,,,,1000米,1000米,
gcond_c1ee5f3d8b3b,gcond_c1ee5f3d8b3b,gctpl_ef821fd4e0c8,gsec_6cef91160dae,qbank_ea4090eca253,实操题库_地面站考试条件_2026H1_夹角题题型.txt_10,2026H1,2026H1,夹角题题型,2026-05-21,广东01考场,夹角题-考试条件提取.docx,11,4,4,4.,bearing_angle,∠1夹角角度：90°,1;90,°;度,,,90°,,,,
gcond_e8410a82f875,gcond_e8410a82f875,gctpl_4970eae679c9,gsec_6cef91160dae,qbank_ea4090eca253,实操题库_地面站考试条件_2026H1_夹角题题型.txt_10,2026H1,2026H1,夹角题题型,2026-05-21,广东01考场,夹角题-考试条件提取.docx,11,5,5,5.,bearing_angle,∠2夹角角度：90°,2;90,°;度,,,90°,,,,
gcond_28e35a24d99b,gcond_28e35a24d99b,gctpl_149dc9a8e233,gsec_6cef91160dae,qbank_ea4090eca253,实操题库_地面站考试条件_2026H1_夹角题题型.txt_10,2026H1,2026H1,夹角题题型,2026-05-21,广东01考场,夹角题-考试条件提取.docx,11,6,6,6.,bearing_angle,∠3夹角角度：60°,3;60,°;度,,,60°,,,,
gcond_613d96986dcf,gcond_613d96986dcf,gctpl_92d37a7632f5,gsec_6cef91160dae,qbank_ea4090eca253,实操题库_地面站考试条件_2026H1_夹角题题型.txt_10,2026H1,2026H1,夹角题题型,2026-05-21,广东01考场,夹角题-考试条件提取.docx,11,7,7,7.,speed_height,飞行器水平速度为 13 m/s,13,m/s;度,,,,13 m/s,,,
gcond_9bb705d79865,gcond_9bb705d79865,gctpl_6b2c99d12da7,gsec_6cef91160dae,qbank_ea4090eca253,实操题库_地面站考试条件_2026H1_夹角题题型.txt_10,2026H1,2026H1,夹角题题型,2026-05-21,广东01考场,夹角题-考试条件提取.docx,11,8,8,8.,speed_height,飞行器垂直速度为 3m/s,3,m/s;度,,,,3m/s,,,
gcond_aafda9d9a940,gcond_aafda9d9a940,gctpl_d74b8e5dedd5,gsec_6cef91160dae,qbank_ea4090eca253,实操题库_地面站考试条件_2026H1_夹角题题型.txt_10,2026H1,2026H1,夹角题题型,2026-05-21,广东01考场,夹角题-考试条件提取.docx,11,9,9,9.,coordinate;bearing_angle;geometry,航点1位于航点4方向：SE,1;4,S,,,,,,,
gcond_1873fe5f069f,gcond_1873fe5f069f,gctpl_699ecb182504,gsec_6cef91160dae,qbank_ea4090eca253,实操题库_地面站考试条件_2026H1_夹角题题型.txt_10,2026H1,2026H1,夹角题题型,2026-05-21,广东01考场,夹角题-考试条件提取.docx,11,10,10,10.,turn_hold_loop,飞行器转弯模式 停止转弯/定点转弯各点停留时间9s,9,s,,,,,,,
gcond_169e40b4a7bc,gcond_169e40b4a7bc,gctpl_3632a278ed6d,gsec_6cef91160dae,qbank_ea4090eca253,实操题库_地面站考试条件_2026H1_夹角题题型.txt_10,2026H1,2026H1,夹角题题型,2026-05-21,广东01考场,夹角题-考试条件提取.docx,11,11,11,11.,other,飞行任务执行次数：1次,1,,,,,,,,
gcond_00865f244555,gcond_00865f244555,gctpl_00f1619d78be,gsec_6cef91160dae,qbank_ea4090eca253,实操题库_地面站考试条件_2026H1_夹角题题型.txt_10,2026H1,2026H1,夹角题题型,2026-05-21,广东01考场,夹角题-考试条件提取.docx,11,12,12,12.,coordinate;speed_height;geometry;takeoff_return,Home点（起飞点&返航点）要求：经纬度：109.1385°， 28.7392高度要求：与航线高度一致,109.1385;28.7392,m;°;度,起飞点;返航点,,109.1385°,,,,
gcond_29b1f57f0146,gcond_29b1f57f0146,gctpl_f7858460ccf8,gsec_6cef91160dae,qbank_ea4090eca253,实操题库_地面站考试条件_2026H1_夹角题题型.txt_10,2026H1,2026H1,夹角题题型,2026-05-21,广东01考场,夹角题-考试条件提取.docx,11,13,13,12.,coordinate;bearing_angle;geometry;takeoff_return,Home点（起飞点&返航点）位置要求：∠H12=45°∠H14=135° 距离航点1：200米,12;45;14;135;1;200,m;°;米,起飞点;返航点,,45°;135°,,,200米,
gcond_f74a4e8b707d,gcond_f74a4e8b707d,gctpl_fe786a50d42e,gsec_82213ec6b37e,qbank_ea4090eca253,实操题库_地面站考试条件_2026H1_夹角题题型.txt_11,2026H1,2026H1,夹角题题型,2026-05-26,山西02考场,夹角题-考试条件提取.docx,12,1,1,1、,bearing_angle;geometry,如图所示规划一个等边三角形，1-2=1-3=2-3=60m,1;2;1;3;2;3;60,m,1;2;1;3;2;3,,,,,,
gcond_5577a348a502,gcond_5577a348a502,gctpl_8ca0207b22a4,gsec_82213ec6b37e,qbank_ea4090eca253,实操题库_地面站考试条件_2026H1_夹角题题型.txt_11,2026H1,2026H1,夹角题题型,2026-05-26,山西02考场,夹角题-考试条件提取.docx,12,2,2,2、,bearing_angle;takeoff_return,"起飞点距离2点长度为60m,∠32H=25°",2;60;32;25,m;°;度,起飞点,,25°,,,60m,
gcond_cbc79ef4f0ad,gcond_cbc79ef4f0ad,gctpl_30f9929717e3,gsec_82213ec6b37e,qbank_ea4090eca253,实操题库_地面站考试条件_2026H1_夹角题题型.txt_11,2026H1,2026H1,夹角题题型,2026-05-26,山西02考场,夹角题-考试条件提取.docx,12,3,3,3、,speed_height,"整体航线高度为90m,航线水平速度为7.2km/h,垂直爬升速度为2m/s",90;7.2;2,km/h;m;m/s;度,,,,7.2km/h;2m/s,90m,,
gcond_3da072c95e00,gcond_3da072c95e00,gctpl_d01c3e66a444,gsec_82213ec6b37e,qbank_ea4090eca253,实操题库_地面站考试条件_2026H1_夹角题题型.txt_11,2026H1,2026H1,夹角题题型,2026-05-26,山西02考场,夹角题-考试条件提取.docx,12,4,4,4、,turn_hold_loop,转弯模式为：定点转弯，停留时间为3S,3,S,,,,,,,
gcond_4be6a8d91462,gcond_4be6a8d91462,gctpl_526caad31cee,gsec_82213ec6b37e,qbank_ea4090eca253,实操题库_地面站考试条件_2026H1_夹角题题型.txt_11,2026H1,2026H1,夹角题题型,2026-05-26,山西02考场,夹角题-考试条件提取.docx,12,5,5,5、,turn_hold_loop;geometry,图形循环模式为：闭合不循环,,,,,,,,,
gcond_6c46fef53100,gcond_6c46fef53100,gctpl_d66b908ddf78,gsec_82213ec6b37e,qbank_ea4090eca253,实操题库_地面站考试条件_2026H1_夹角题题型.txt_11,2026H1,2026H1,夹角题题型,2026-05-26,山西02考场,夹角题-考试条件提取.docx,12,6,6,6、,coordinate,1点的经纬度坐标为：E80.0877°N32.5077°（要求零误差）,1;80.0877;32.5077,°;度,,E80.0877;N32.5077,80.0877°;32.5077°,,,,
gcond_32c6b77f4f8f,gcond_32c6b77f4f8f,gctpl_6c9bdc408de6,gsec_0956da6343ce,qbank_ea4090eca253,实操题库_地面站考试条件_2026H1_夹角题题型.txt_12,2026H1,2026H1,夹角题题型,2026-05-26,山西02考场,夹角题-考试条件提取.docx,13,1,1,1、,bearing_angle;geometry,如图所示规划一个直角三角形，1-2=1-3=80m ∠1=90°,1;2;1;3;80;1;90,m;°,1;2;1;3;1,,90°,,,,
gcond_6a549b0783d6,gcond_6a549b0783d6,gctpl_29b17f2c6f5c,gsec_0956da6343ce,qbank_ea4090eca253,实操题库_地面站考试条件_2026H1_夹角题题型.txt_12,2026H1,2026H1,夹角题题型,2026-05-26,山西02考场,夹角题-考试条件提取.docx,13,2,2,2、,takeoff_return,"起飞点距离2点长度为50m,起飞点位于航线外侧。",2;50,m;度,起飞点;起飞点,,,,50m,50m,
gcond_f0e7b0ccec01,gcond_f0e7b0ccec01,gctpl_26cbaf41255d,gsec_0956da6343ce,qbank_ea4090eca253,实操题库_地面站考试条件_2026H1_夹角题题型.txt_12,2026H1,2026H1,夹角题题型,2026-05-26,山西02考场,夹角题-考试条件提取.docx,13,3,3,3、,bearing_angle,∠120为锐角度数=70°,120;70,°;度,,,70°,,,,
gcond_54d152145cb1,gcond_54d152145cb1,gctpl_e76ec92a0c97,gsec_0956da6343ce,qbank_ea4090eca253,实操题库_地面站考试条件_2026H1_夹角题题型.txt_12,2026H1,2026H1,夹角题题型,2026-05-26,山西02考场,夹角题-考试条件提取.docx,13,4,4,4、,speed_height,"整体航线高度为70m,航线水平速度为10.8km/h,垂直爬升速度为2m/s",70;10.8;2,km/h;m;m/s;度,,,,10.8km/h;2m/s,70m,,
gcond_f9c8feaa825e,gcond_f9c8feaa825e,gctpl_fa7b69a30af3,gsec_0956da6343ce,qbank_ea4090eca253,实操题库_地面站考试条件_2026H1_夹角题题型.txt_12,2026H1,2026H1,夹角题题型,2026-05-26,山西02考场,夹角题-考试条件提取.docx,13,5,5,5、,turn_hold_loop,转弯模式为：定点转弯，停留时间为5S,5,S,,,,,,,
gcond_a29e1e33f333,gcond_a29e1e33f333,gctpl_526caad31cee,gsec_0956da6343ce,qbank_ea4090eca253,实操题库_地面站考试条件_2026H1_夹角题题型.txt_12,2026H1,2026H1,夹角题题型,2026-05-26,山西02考场,夹角题-考试条件提取.docx,13,6,6,6、,turn_hold_loop;geometry,图形循环模式为：闭合不循环,,,,,,,,,
gcond_be33e6423a2f,gcond_be33e6423a2f,gctpl_841d175af617,gsec_0956da6343ce,qbank_ea4090eca253,实操题库_地面站考试条件_2026H1_夹角题题型.txt_12,2026H1,2026H1,夹角题题型,2026-05-26,山西02考场,夹角题-考试条件提取.docx,13,7,7,7、,coordinate,1点的经纬度坐标为：N32.5077°E80.0877°（要求零误差）,1;32.5077;80.0877,°;度,,N32.5077;E80.0877,32.5077°;80.0877°,,,,
gcond_088726bc040f,gcond_088726bc040f,gctpl_ad4a59950a93,gsec_af0df85660b9,qbank_ea4090eca253,实操题库_地面站考试条件_2026H1_夹角题题型.txt_13,2026H1,2026H1,夹角题题型,2026-05-27,河南03考场,夹角题-考试条件提取.docx,14,1,1,1、,bearing_angle;geometry,图形如下，任务航线为等边三角形，边长2-3=80m;,2;3;80,m,3,,,,,80m,
gcond_194de60849b0,gcond_194de60849b0,gctpl_635ba80c99c4,gsec_af0df85660b9,qbank_ea4090eca253,实操题库_地面站考试条件_2026H1_夹角题题型.txt_13,2026H1,2026H1,夹角题题型,2026-05-27,河南03考场,夹角题-考试条件提取.docx,14,2,2,2、,geometry;takeoff_return,H点为起飞点，起飞点到2点的距离为80m(如图所示H点在图形外侧)；,2;80,m,H点;起飞点;起飞点;H点,,,,,80m,
gcond_01b851e87277,gcond_01b851e87277,gctpl_eb0b7e128f91,gsec_af0df85660b9,qbank_ea4090eca253,实操题库_地面站考试条件_2026H1_夹角题题型.txt_13,2026H1,2026H1,夹角题题型,2026-05-27,河南03考场,夹角题-考试条件提取.docx,14,3,3,3、,speed_height,"航线高度为90m,水平速度为3m/s,垂直速度为2m/s;",90;3;2,m;m/s;度,,,,3m/s;2m/s,90m,,
gcond_8bc51e741ff7,gcond_8bc51e741ff7,gctpl_e35710fcb3e6,gsec_af0df85660b9,qbank_ea4090eca253,实操题库_地面站考试条件_2026H1_夹角题题型.txt_13,2026H1,2026H1,夹角题题型,2026-05-27,河南03考场,夹角题-考试条件提取.docx,14,4,4,4、,turn_hold_loop,"转弯模式为：定点转弯，1点停留3s,其余点停留时间=5s",1;3;5,s,,,,,,,
gcond_c82b3baf347f,gcond_c82b3baf347f,gctpl_44f4c30e1a0b,gsec_af0df85660b9,qbank_ea4090eca253,实操题库_地面站考试条件_2026H1_夹角题题型.txt_13,2026H1,2026H1,夹角题题型,2026-05-27,河南03考场,夹角题-考试条件提取.docx,14,5,5,5、,turn_hold_loop;geometry,图形循环模式为：闭合循环3圈,3,,,,,,,,
gcond_a88e2e452a7b,gcond_a88e2e452a7b,gctpl_585a3f63ad71,gsec_af0df85660b9,qbank_ea4090eca253,实操题库_地面站考试条件_2026H1_夹角题题型.txt_13,2026H1,2026H1,夹角题题型,2026-05-27,河南03考场,夹角题-考试条件提取.docx,14,6,6,6、,bearing_angle,3到1的指向角度为160°,3;1;160,°;度,,,160°,,,,
gcond_fa6c0bd5da12,gcond_fa6c0bd5da12,gctpl_a3d52b4ffa0c,gsec_af0df85660b9,qbank_ea4090eca253,实操题库_地面站考试条件_2026H1_夹角题题型.txt_13,2026H1,2026H1,夹角题题型,2026-05-27,河南03考场,夹角题-考试条件提取.docx,14,7,7,7、,coordinate;takeoff_return,"起飞点的经纬度坐标为N31.3373°E95°28′24""（要求零误差） 45°",31.3373;95;28;24;45,°;度,起飞点,"N31.3373;E95°28′24""",31.3373°;95°;45°,,,,
gcond_e04257f15976,gcond_e04257f15976,gctpl_44efead6294d,gsec_831c1bb89885,qbank_ea4090eca253,实操题库_地面站考试条件_2026H1_夹角题题型.txt_14,2026H1,2026H1,夹角题题型,2026-04-15,辽宁01考场,夹角题-考试条件提取.docx,15,1,1,1.,speed_height;bearing_angle;geometry,该任务航线为如图直角梯形，航线高度为85M,85,M;度,,,,,85M,,
gcond_986f86e2022f,gcond_986f86e2022f,gctpl_49a76e4bbcec,gsec_831c1bb89885,qbank_ea4090eca253,实操题库_地面站考试条件_2026H1_夹角题题型.txt_14,2026H1,2026H1,夹角题题型,2026-04-15,辽宁01考场,夹角题-考试条件提取.docx,15,2,2,2.,bearing_angle;geometry,该直角梯形航线长度为 如图所示，∠④=60°,60,°;度,④,,60°,,,,
gcond_3a74325816c6,gcond_3a74325816c6,gctpl_58687bd7e546,gsec_831c1bb89885,qbank_ea4090eca253,实操题库_地面站考试条件_2026H1_夹角题题型.txt_14,2026H1,2026H1,夹角题题型,2026-04-15,辽宁01考场,夹角题-考试条件提取.docx,15,3,3,3.,geometry;takeoff_return,起飞点/返航点要求 起飞点到①点80米,80,米,起飞点;返航点;起飞点;①,,,,,,
gcond_27753dae5ca6,gcond_27753dae5ca6,gctpl_46e4a7a81c7e,gsec_831c1bb89885,qbank_ea4090eca253,实操题库_地面站考试条件_2026H1_夹角题题型.txt_14,2026H1,2026H1,夹角题题型,2026-04-15,辽宁01考场,夹角题-考试条件提取.docx,15,4,4,4.,speed_height,水平速度为 5 m/s,5,m/s;度,5,,,5 m/s,,,
gcond_195112e43124,gcond_195112e43124,gctpl_1f22521bd0a9,gsec_831c1bb89885,qbank_ea4090eca253,实操题库_地面站考试条件_2026H1_夹角题题型.txt_14,2026H1,2026H1,夹角题题型,2026-04-15,辽宁01考场,夹角题-考试条件提取.docx,15,5,5,5.,speed_height,垂直速度为 4 m/s,4,m/s;度,4,,,4 m/s,,,
gcond_43c68abd1984,gcond_43c68abd1984,gctpl_e16e865702d6,gsec_831c1bb89885,qbank_ea4090eca253,实操题库_地面站考试条件_2026H1_夹角题题型.txt_14,2026H1,2026H1,夹角题题型,2026-04-15,辽宁01考场,夹角题-考试条件提取.docx,15,6,6,6.,coordinate;bearing_angle,航向（或位置要求） ∠H①④=150°，3位于4点NW,150;3;4,°,①;④,,150°,,,,
gcond_571d7410ae1a,gcond_571d7410ae1a,gctpl_6cc293f52b46,gsec_831c1bb89885,qbank_ea4090eca253,实操题库_地面站考试条件_2026H1_夹角题题型.txt_14,2026H1,2026H1,夹角题题型,2026-04-15,辽宁01考场,夹角题-考试条件提取.docx,15,7,7,7.,turn_hold_loop,转弯模式为 停止转弯，各点停留时间6秒,6,秒,,,,,,,
gcond_1dea758393a9,gcond_1dea758393a9,gctpl_114aabff6e02,gsec_831c1bb89885,qbank_ea4090eca253,实操题库_地面站考试条件_2026H1_夹角题题型.txt_14,2026H1,2026H1,夹角题题型,2026-04-15,辽宁01考场,夹角题-考试条件提取.docx,15,8,8,8.,turn_hold_loop;geometry,是否循环执行 任务航线闭合不循环，任务完成后原地悬停,,,,,,,,,
gcond_0e28483aead8,gcond_0e28483aead8,gctpl_3668b77df626,gsec_831c1bb89885,qbank_ea4090eca253,实操题库_地面站考试条件_2026H1_夹角题题型.txt_14,2026H1,2026H1,夹角题题型,2026-04-15,辽宁01考场,夹角题-考试条件提取.docx,15,9,9,9.,coordinate;geometry;takeoff_return,起飞点（返航点）经纬度：104.4675°，30.8657°（要求0误差）,104.4675;30.8657;0,°;度,起飞点;返航点,,104.4675°;30.8657°,,,,
gcond_1fc86b1009c8,gcond_1fc86b1009c8,gctpl_ffb868be72ee,gsec_831c1bb89885,qbank_ea4090eca253,实操题库_地面站考试条件_2026H1_夹角题题型.txt_14,2026H1,2026H1,夹角题题型,2026-04-15,辽宁01考场,夹角题-考试条件提取.docx,15,10,10,10.,speed_height;takeoff_return,起飞点高度为航线高度,,度,起飞点,,,,,,
gcond_5634fcb4365d,gcond_5634fcb4365d,gctpl_4386a374a097,gsec_4916d3c2092a,qbank_ea4090eca253,实操题库_地面站考试条件_2026H1_夹角题题型.txt_15,2026H1,2026H1,夹角题题型,2026-05-27,上海02考场,夹角题-考试条件提取.docx,16,1,1,1.,speed_height;geometry,该任务航线为如图正六边形，航线高度为120M,120,M;度,,,,,120M,,
gcond_46e1551f5c66,gcond_46e1551f5c66,gctpl_0ca892186300,gsec_4916d3c2092a,qbank_ea4090eca253,实操题库_地面站考试条件_2026H1_夹角题题型.txt_15,2026H1,2026H1,夹角题题型,2026-05-27,上海02考场,夹角题-考试条件提取.docx,16,2,2,2.,geometry,该正六边形航线总边长为300M,300,M,,,,,300M,300M,
gcond_e6884b29c8da,gcond_e6884b29c8da,gctpl_4c5d42277033,gsec_4916d3c2092a,qbank_ea4090eca253,实操题库_地面站考试条件_2026H1_夹角题题型.txt_15,2026H1,2026H1,夹角题题型,2026-05-27,上海02考场,夹角题-考试条件提取.docx,16,3,3,3.,coordinate;bearing_angle;geometry;takeoff_return,"起飞点/返航点要求 起飞点到1点NW,距离100米处",1;100,米,起飞点;返航点;起飞点,,,,,100米,
gcond_bdf94a6c99d5,gcond_bdf94a6c99d5,gctpl_cacb0b6f293c,gsec_4916d3c2092a,qbank_ea4090eca253,实操题库_地面站考试条件_2026H1_夹角题题型.txt_15,2026H1,2026H1,夹角题题型,2026-05-27,上海02考场,夹角题-考试条件提取.docx,16,4,4,4.,speed_height,水平速度为 6m/s,6,m/s;度,,,,6m/s,,,
gcond_5eedc908dea2,gcond_5eedc908dea2,gctpl_1358a68d0099,gsec_4916d3c2092a,qbank_ea4090eca253,实操题库_地面站考试条件_2026H1_夹角题题型.txt_15,2026H1,2026H1,夹角题题型,2026-05-27,上海02考场,夹角题-考试条件提取.docx,16,5,5,5.,speed_height,垂直速度为 3m/s,3,m/s;度,,,,3m/s,,,
gcond_9ac2681e123a,gcond_9ac2681e123a,gctpl_62851ebb5eea,gsec_4916d3c2092a,qbank_ea4090eca253,实操题库_地面站考试条件_2026H1_夹角题题型.txt_15,2026H1,2026H1,夹角题题型,2026-05-27,上海02考场,夹角题-考试条件提取.docx,16,6,6,6.,bearing_angle;geometry,航向为（或位置要求） ∠H16=60°（夹角朝向图形外侧）。,16;60,°,,,60°,,,,
gcond_30f2837a6446,gcond_30f2837a6446,gctpl_f173396a94cf,gsec_4916d3c2092a,qbank_ea4090eca253,实操题库_地面站考试条件_2026H1_夹角题题型.txt_15,2026H1,2026H1,夹角题题型,2026-05-27,上海02考场,夹角题-考试条件提取.docx,16,7,7,7.,turn_hold_loop,转弯模式为 停止转弯，各点停留时间7秒,7,秒,,,,,,,
gcond_075e43c1b587,gcond_075e43c1b587,gctpl_34d88643e30d,gsec_4916d3c2092a,qbank_ea4090eca253,实操题库_地面站考试条件_2026H1_夹角题题型.txt_15,2026H1,2026H1,夹角题题型,2026-05-27,上海02考场,夹角题-考试条件提取.docx,16,8,8,8.,turn_hold_loop;geometry,是否循环执行 任务航线闭合不循环，任务结束后返航,,,,,,,,,
gcond_59937244712a,gcond_59937244712a,gctpl_5ff6b2e8ebc9,gsec_4916d3c2092a,qbank_ea4090eca253,实操题库_地面站考试条件_2026H1_夹角题题型.txt_15,2026H1,2026H1,夹角题题型,2026-05-27,上海02考场,夹角题-考试条件提取.docx,16,9,9,9.,coordinate;geometry;takeoff_return,起飞点（返航点）经纬度： E118.3776°，N35.1884°,118.3776;35.1884,°;度,起飞点;返航点,E118.3776;N35.1884,118.3776°;35.1884°,,,,
gcond_c86304d98022,gcond_c86304d98022,gctpl_ffb868be72ee,gsec_4916d3c2092a,qbank_ea4090eca253,实操题库_地面站考试条件_2026H1_夹角题题型.txt_15,2026H1,2026H1,夹角题题型,2026-05-27,上海02考场,夹角题-考试条件提取.docx,16,10,10,10.,speed_height;takeoff_return,起飞点高度为航线高度,,度,起飞点,,,,,,
gcond_8a432e1464e3,gcond_8a432e1464e3,gctpl_5bf53e1d0485,gsec_4916d3c2092a,qbank_ea4090eca253,实操题库_地面站考试条件_2026H1_夹角题题型.txt_15,2026H1,2026H1,夹角题题型,2026-05-27,上海02考场,夹角题-考试条件提取.docx,16,11,11,11.,other,所有条件均要求0误差,0,,,,,,,,
gcond_6cc1a0177b27,gcond_6cc1a0177b27,gctpl_32cb20255e22,gsec_66a1352482c4,qbank_ea4090eca253,实操题库_地面站考试条件_2026H1_夹角题题型.txt_16,2026H1,2026H1,夹角题题型,2026-05-27,山东08考场,夹角题-考试条件提取.docx,17,1,1,1.,speed_height;bearing_angle;geometry,该任务航线为如图等边三角形，航线高度为60M,60,M;度,,,,,60M,,
gcond_bc98c7037421,gcond_bc98c7037421,gctpl_3aebb8974e3d,gsec_66a1352482c4,qbank_ea4090eca253,实操题库_地面站考试条件_2026H1_夹角题题型.txt_16,2026H1,2026H1,夹角题题型,2026-05-27,山东08考场,夹角题-考试条件提取.docx,17,2,2,2.,bearing_angle;geometry,该等边三角形航线总长为120M,120,M,,,,,120M,,
gcond_c037a897ea51,gcond_c037a897ea51,gctpl_35fd0f3d8862,gsec_66a1352482c4,qbank_ea4090eca253,实操题库_地面站考试条件_2026H1_夹角题题型.txt_16,2026H1,2026H1,夹角题题型,2026-05-27,山东08考场,夹角题-考试条件提取.docx,17,3,3,3.,takeoff_return,起飞点要求起飞点位于②点（西偏北15°）方向，距离20米,15;20,°;米,起飞点;起飞点;②,,15°,,,20米,
gcond_6e238fff68ce,gcond_6e238fff68ce,gctpl_9159a8d0c781,gsec_66a1352482c4,qbank_ea4090eca253,实操题库_地面站考试条件_2026H1_夹角题题型.txt_16,2026H1,2026H1,夹角题题型,2026-05-27,山东08考场,夹角题-考试条件提取.docx,17,4,4,4.,speed_height,水平速度为 4m/s,4,m/s;度,,,,4m/s,,,
gcond_ca9699586429,gcond_ca9699586429,gctpl_1358a68d0099,gsec_66a1352482c4,qbank_ea4090eca253,实操题库_地面站考试条件_2026H1_夹角题题型.txt_16,2026H1,2026H1,夹角题题型,2026-05-27,山东08考场,夹角题-考试条件提取.docx,17,5,5,5.,speed_height,垂直速度为 3m/s,3,m/s;度,,,,3m/s,,,
gcond_e28e5b6fdeb4,gcond_e28e5b6fdeb4,gctpl_0291024b7827,gsec_66a1352482c4,qbank_ea4090eca253,实操题库_地面站考试条件_2026H1_夹角题题型.txt_16,2026H1,2026H1,夹角题题型,2026-05-27,山东08考场,夹角题-考试条件提取.docx,17,6,6,6.,bearing_angle;geometry,航向为（或位置要求） ∠H②①=140°（夹角朝向图形外侧）,140,°,②;①,,140°,,,,
gcond_44f1f3a6ce50,gcond_44f1f3a6ce50,gctpl_5a096cc2dfaa,gsec_66a1352482c4,qbank_ea4090eca253,实操题库_地面站考试条件_2026H1_夹角题题型.txt_16,2026H1,2026H1,夹角题题型,2026-05-27,山东08考场,夹角题-考试条件提取.docx,17,7,7,7.,turn_hold_loop,转弯模式为 停止转弯，各点停留时间5秒,5,秒,,,,,,,
gcond_273c13e2eb1d,gcond_273c13e2eb1d,gctpl_114aabff6e02,gsec_66a1352482c4,qbank_ea4090eca253,实操题库_地面站考试条件_2026H1_夹角题题型.txt_16,2026H1,2026H1,夹角题题型,2026-05-27,山东08考场,夹角题-考试条件提取.docx,17,8,8,8.,turn_hold_loop;geometry,是否循环执行 任务航线闭合不循环，任务完成后原地悬停,,,,,,,,,
gcond_97c61ef71f04,gcond_97c61ef71f04,gctpl_524a10f4ec91,gsec_66a1352482c4,qbank_ea4090eca253,实操题库_地面站考试条件_2026H1_夹角题题型.txt_16,2026H1,2026H1,夹角题题型,2026-05-27,山东08考场,夹角题-考试条件提取.docx,17,9,9,9.,coordinate;geometry;takeoff_return,起飞点（返航点）经纬度：114.1844°，36.1848°,114.1844;36.1848,°;度,起飞点;返航点,,114.1844°;36.1848°,,,,
gcond_89c193e038f6,gcond_89c193e038f6,gctpl_e2a8284ec841,gsec_66a1352482c4,qbank_ea4090eca253,实操题库_地面站考试条件_2026H1_夹角题题型.txt_16,2026H1,2026H1,夹角题题型,2026-05-27,山东08考场,夹角题-考试条件提取.docx,17,10,10,10.,speed_height;takeoff_return,起飞点高度为航线高度减20米,20,度;米,起飞点,,,,20米,,
gcond_9bb9e8926828,gcond_9bb9e8926828,gctpl_fc72763dda0f,gsec_e2b1d968b781,qbank_ea4090eca253,实操题库_地面站考试条件_2026H1_夹角题题型.txt_17,2026H1,2026H1,夹角题题型,2026-05-28,广东05考场,夹角题-考试条件提取.docx,18,1,1,1.,speed_height;bearing_angle;geometry,该任务航线为如图等边三角形，航线高度为90M,90,M;度,,,,,90M,,
gcond_98d532731e87,gcond_98d532731e87,gctpl_4d2d06129ba9,gsec_e2b1d968b781,qbank_ea4090eca253,实操题库_地面站考试条件_2026H1_夹角题题型.txt_17,2026H1,2026H1,夹角题题型,2026-05-28,广东05考场,夹角题-考试条件提取.docx,18,2,2,2.,bearing_angle;geometry,该等边三角形航线长度为80M,80,M;度,,,,,80M,80M,
gcond_08410ad17a3e,gcond_08410ad17a3e,gctpl_c4ace6ab8776,gsec_e2b1d968b781,qbank_ea4090eca253,实操题库_地面站考试条件_2026H1_夹角题题型.txt_17,2026H1,2026H1,夹角题题型,2026-05-28,广东05考场,夹角题-考试条件提取.docx,18,3,3,3.,bearing_angle;geometry;takeoff_return,起飞点/返航点要求∠H21=45°，H-2=80米,21;45;2;80,°;米,起飞点;返航点;2,,45°,,,,
gcond_6c3edfe5ae9c,gcond_6c3edfe5ae9c,gctpl_96b0043ffdc6,gsec_e2b1d968b781,qbank_ea4090eca253,实操题库_地面站考试条件_2026H1_夹角题题型.txt_17,2026H1,2026H1,夹角题题型,2026-05-28,广东05考场,夹角题-考试条件提取.docx,18,4,4,4.,speed_height,水平速度为 3m/s,3,m/s;度,,,,3m/s,,,
gcond_de78ec3ae3ae,gcond_de78ec3ae3ae,gctpl_afbfde15859f,gsec_e2b1d968b781,qbank_ea4090eca253,实操题库_地面站考试条件_2026H1_夹角题题型.txt_17,2026H1,2026H1,夹角题题型,2026-05-28,广东05考场,夹角题-考试条件提取.docx,18,5,5,5.,speed_height,垂直速度为 2m/s,2,m/s;度,,,,2m/s,,,
gcond_bb6169ccb961,gcond_bb6169ccb961,gctpl_260972a2d8b7,gsec_e2b1d968b781,qbank_ea4090eca253,实操题库_地面站考试条件_2026H1_夹角题题型.txt_17,2026H1,2026H1,夹角题题型,2026-05-28,广东05考场,夹角题-考试条件提取.docx,18,6,6,6.,bearing_angle,航向为（或位置要求） 3点到1点160°,3;1;160,°,,,160°,,,,
gcond_f0e070d8effb,gcond_f0e070d8effb,gctpl_47853728ff85,gsec_e2b1d968b781,qbank_ea4090eca253,实操题库_地面站考试条件_2026H1_夹角题题型.txt_17,2026H1,2026H1,夹角题题型,2026-05-28,广东05考场,夹角题-考试条件提取.docx,18,7,7,7.,turn_hold_loop,"转弯模式为 停止转弯，1点停留3s,其余5s",1;3;5,s,,,,,,,
gcond_b3402c19645d,gcond_b3402c19645d,gctpl_6bb1b8fde852,gsec_e2b1d968b781,qbank_ea4090eca253,实操题库_地面站考试条件_2026H1_夹角题题型.txt_17,2026H1,2026H1,夹角题题型,2026-05-28,广东05考场,夹角题-考试条件提取.docx,18,8,8,8.,turn_hold_loop;geometry,是否循环执行 任务航线闭合循环3圈,3,,,,,,,,
gcond_4be7a64e312b,gcond_4be7a64e312b,gctpl_deafcb427b26,gsec_e2b1d968b781,qbank_ea4090eca253,实操题库_地面站考试条件_2026H1_夹角题题型.txt_17,2026H1,2026H1,夹角题题型,2026-05-28,广东05考场,夹角题-考试条件提取.docx,18,9,9,9.,coordinate;geometry;takeoff_return,起飞点（返航点）经纬度：95°20’24’，31.26°,95;20;24;31.26,°;度,起飞点;返航点,,95°;31.26°,,,,
gcond_aebfc19bd816,gcond_aebfc19bd816,gctpl_83c5f69a69e2,gsec_acfa0deabbe5,qbank_ea4090eca253,实操题库_地面站考试条件_2026H1_夹角题题型.txt_18,2026H1,2026H1,夹角题题型,2026-05-28,山东01考场,夹角题-考试条件提取.docx,19,1,1,1.,speed_height;bearing_angle;geometry,该任务航线为如图直角三角形，航线高度为40M,40,M;度,,,,,40M,,
gcond_dc1d5270bb4c,gcond_dc1d5270bb4c,gctpl_8cd3502433d1,gsec_acfa0deabbe5,qbank_ea4090eca253,实操题库_地面站考试条件_2026H1_夹角题题型.txt_18,2026H1,2026H1,夹角题题型,2026-05-28,山东01考场,夹角题-考试条件提取.docx,19,2,2,2.,bearing_angle;geometry,该等腰直角三角形航线边长为12和13边长相等为120米,12;13;120,米,,,,,,120米,
gcond_220e1f33bde5,gcond_220e1f33bde5,gctpl_b66dd0c5fb79,gsec_acfa0deabbe5,qbank_ea4090eca253,实操题库_地面站考试条件_2026H1_夹角题题型.txt_18,2026H1,2026H1,夹角题题型,2026-05-28,山东01考场,夹角题-考试条件提取.docx,19,3,3,3.,geometry;takeoff_return,起飞点/返航点要求 起飞点到②点45°方向距离100米,45;100,°;米,起飞点;返航点;起飞点;②,,45°,,,100米,
gcond_166b56ebebc4,gcond_166b56ebebc4,gctpl_ad41a1eb747b,gsec_acfa0deabbe5,qbank_ea4090eca253,实操题库_地面站考试条件_2026H1_夹角题题型.txt_18,2026H1,2026H1,夹角题题型,2026-05-28,山东01考场,夹角题-考试条件提取.docx,19,4,4,4.,speed_height,所有水平速度为 4m/s,4,m/s;度,,,,4m/s,,,
gcond_14b2e739238e,gcond_14b2e739238e,gctpl_ab3a92f1194a,gsec_acfa0deabbe5,qbank_ea4090eca253,实操题库_地面站考试条件_2026H1_夹角题题型.txt_18,2026H1,2026H1,夹角题题型,2026-05-28,山东01考场,夹角题-考试条件提取.docx,19,5,5,5.,speed_height,所有垂直速度为 3m/s,3,m/s;度,,,,3m/s,,,
gcond_78c2886fc312,gcond_78c2886fc312,gctpl_59642937aaea,gsec_acfa0deabbe5,qbank_ea4090eca253,实操题库_地面站考试条件_2026H1_夹角题题型.txt_18,2026H1,2026H1,夹角题题型,2026-05-28,山东01考场,夹角题-考试条件提取.docx,19,6,6,6.,bearing_angle,航向为（或位置要求） ∠H②①=60°,60,°,②;①,,60°,,,,
gcond_08e1cc392b05,gcond_08e1cc392b05,gctpl_df6ffd25691a,gsec_acfa0deabbe5,qbank_ea4090eca253,实操题库_地面站考试条件_2026H1_夹角题题型.txt_18,2026H1,2026H1,夹角题题型,2026-05-28,山东01考场,夹角题-考试条件提取.docx,19,7,7,7.,turn_hold_loop;geometry,转弯模式为 停止转弯，1点停留时间1秒，后续航点依次增加2秒,1;1;2,秒,,,,,,,
gcond_4c7562ba7179,gcond_4c7562ba7179,gctpl_eb16fe83a86e,gsec_acfa0deabbe5,qbank_ea4090eca253,实操题库_地面站考试条件_2026H1_夹角题题型.txt_18,2026H1,2026H1,夹角题题型,2026-05-28,山东01考场,夹角题-考试条件提取.docx,19,8,8,8.,turn_hold_loop;geometry,是否循环执行 任务航线闭合不循环,,,,,,,,,
gcond_28a94bcbc1ad,gcond_28a94bcbc1ad,gctpl_a31e81ba3808,gsec_acfa0deabbe5,qbank_ea4090eca253,实操题库_地面站考试条件_2026H1_夹角题题型.txt_18,2026H1,2026H1,夹角题题型,2026-05-28,山东01考场,夹角题-考试条件提取.docx,19,9,9,9.,coordinate;geometry;takeoff_return,起飞点（返航点）经纬度：30.2826°，104.4516,30.2826;104.4516,°;度,起飞点;返航点,,30.2826°,,,,
gcond_b850c14f6b2e,gcond_b850c14f6b2e,gctpl_1f3a3ffd5c7c,gsec_acfa0deabbe5,qbank_ea4090eca253,实操题库_地面站考试条件_2026H1_夹角题题型.txt_18,2026H1,2026H1,夹角题题型,2026-05-28,山东01考场,夹角题-考试条件提取.docx,19,10,10,10.,speed_height;takeoff_return,起飞点高度为10米,10,度;米,起飞点,,,,10米,,
gcond_33b0e4abca89,gcond_33b0e4abca89,gctpl_8c60b04705eb,gsec_06b2c3144e72,qbank_ea4090eca253,实操题库_地面站考试条件_2026H1_夹角题题型.txt_19,2026H1,2026H1,夹角题题型,2026-05-29,陕西04考场,夹角题-考试条件提取.docx,20,1,1,1.,bearing_angle;geometry,该任务航线为：等边三角形,,,,,,,,,
gcond_eaab906c198a,gcond_eaab906c198a,gctpl_cd3829ee828e,gsec_06b2c3144e72,qbank_ea4090eca253,实操题库_地面站考试条件_2026H1_夹角题题型.txt_19,2026H1,2026H1,夹角题题型,2026-05-29,陕西04考场,夹角题-考试条件提取.docx,20,2,2,2.,geometry,该航线边长为：100米,100,米,,,,,100米,100米,
gcond_9d0d0c0ca3f4,gcond_9d0d0c0ca3f4,gctpl_01ae272590e3,gsec_06b2c3144e72,qbank_ea4090eca253,实操题库_地面站考试条件_2026H1_夹角题题型.txt_19,2026H1,2026H1,夹角题题型,2026-05-29,陕西04考场,夹角题-考试条件提取.docx,20,3,3,3.,speed_height,航线高度为60米,60,度;米,,,,,60米,,
gcond_714ed6a2e3e8,gcond_714ed6a2e3e8,gctpl_68f5bfb60d65,gsec_06b2c3144e72,qbank_ea4090eca253,实操题库_地面站考试条件_2026H1_夹角题题型.txt_19,2026H1,2026H1,夹角题题型,2026-05-29,陕西04考场,夹角题-考试条件提取.docx,20,4,4,4.,bearing_angle;geometry;takeoff_return,起飞点/返航点要求∠H21=40°，∠H23=100° 起飞点位于2点100米处,21;40;23;100;2;100,°;米,起飞点;返航点;起飞点,,40°;100°,,,100米,
gcond_c3b5e1d9904a,gcond_c3b5e1d9904a,gctpl_39e92b8bfaa4,gsec_06b2c3144e72,qbank_ea4090eca253,实操题库_地面站考试条件_2026H1_夹角题题型.txt_19,2026H1,2026H1,夹角题题型,2026-05-29,陕西04考场,夹角题-考试条件提取.docx,20,5,5,5.,speed_height,水平速度为 1 m/s,1,m/s;度,1,,,1 m/s,,,
gcond_034c607bbce3,gcond_034c607bbce3,gctpl_afbfde15859f,gsec_06b2c3144e72,qbank_ea4090eca253,实操题库_地面站考试条件_2026H1_夹角题题型.txt_19,2026H1,2026H1,夹角题题型,2026-05-29,陕西04考场,夹角题-考试条件提取.docx,20,6,6,6.,speed_height,垂直速度为 2 m/s,2,m/s;度,2,,,2 m/s,,,
gcond_64ed9779f32d,gcond_64ed9779f32d,gctpl_b21746224be3,gsec_06b2c3144e72,qbank_ea4090eca253,实操题库_地面站考试条件_2026H1_夹角题题型.txt_19,2026H1,2026H1,夹角题题型,2026-05-29,陕西04考场,夹角题-考试条件提取.docx,20,7,7,7.,coordinate;bearing_angle,航向（或位置要求） 3在1的SE方向,3;1,S,,,,,,,
gcond_c3fe6287ca46,gcond_c3fe6287ca46,gctpl_09f497179918,gsec_06b2c3144e72,qbank_ea4090eca253,实操题库_地面站考试条件_2026H1_夹角题题型.txt_19,2026H1,2026H1,夹角题题型,2026-05-29,陕西04考场,夹角题-考试条件提取.docx,20,8,8,8.,turn_hold_loop,转弯模式为 定点转弯,,,,,,,,,
gcond_06757f33982f,gcond_06757f33982f,gctpl_ddd811a91500,gsec_06b2c3144e72,qbank_ea4090eca253,实操题库_地面站考试条件_2026H1_夹角题题型.txt_19,2026H1,2026H1,夹角题题型,2026-05-29,陕西04考场,夹角题-考试条件提取.docx,20,9,9,9.,turn_hold_loop;geometry,是否循环执行 任务航线闭合不循环，各点悬停5s,5,s,,,,,,,
gcond_5f138d4adb38,gcond_5f138d4adb38,gctpl_0dc97ef5a4f2,gsec_06b2c3144e72,qbank_ea4090eca253,实操题库_地面站考试条件_2026H1_夹角题题型.txt_19,2026H1,2026H1,夹角题题型,2026-05-29,陕西04考场,夹角题-考试条件提取.docx,20,10,10,10.,coordinate;geometry;takeoff_return,起飞点（返航点）经纬度：E104.4615°，N30.8697°（要求0误差）,104.4615;30.8697;0,°;度,起飞点;返航点,E104.4615;N30.8697,104.4615°;30.8697°,,,,
gcond_658b390556fa,gcond_658b390556fa,gctpl_ffb868be72ee,gsec_06b2c3144e72,qbank_ea4090eca253,实操题库_地面站考试条件_2026H1_夹角题题型.txt_19,2026H1,2026H1,夹角题题型,2026-05-29,陕西04考场,夹角题-考试条件提取.docx,20,11,11,11.,speed_height;takeoff_return,起飞点高度为航线高度,,度,起飞点,,,,,,
gcond_f3aa25a4675a,gcond_f3aa25a4675a,gctpl_cb26d2373cab,gsec_a77b1587e859,qbank_ea4090eca253,实操题库_地面站考试条件_2026H1_夹角题题型.txt_20,2026H1,2026H1,夹角题题型,2026-05-29,陕西04考场,夹角题-考试条件提取.docx,21,1,1,1.,speed_height;geometry,该任务航线为如图正六边形，航线高度为60M,60,M;度,,,,,60M,,
gcond_a0fe10a6d55c,gcond_a0fe10a6d55c,gctpl_c2a4fe77017f,gsec_a77b1587e859,qbank_ea4090eca253,实操题库_地面站考试条件_2026H1_夹角题题型.txt_20,2026H1,2026H1,夹角题题型,2026-05-29,陕西04考场,夹角题-考试条件提取.docx,21,2,2,2.,other,航线长度为 H1=34=100M,1;34;100,M;度,,,,,100M,100M,
gcond_79f44f7b606e,gcond_79f44f7b606e,gctpl_7902e557f979,gsec_a77b1587e859,qbank_ea4090eca253,实操题库_地面站考试条件_2026H1_夹角题题型.txt_20,2026H1,2026H1,夹角题题型,2026-05-29,陕西04考场,夹角题-考试条件提取.docx,21,3,3,3.,bearing_angle;geometry;takeoff_return,起飞点/返航点要求 ∠H12=∠H16=∠216,12;16;216,,起飞点;返航点,,,,,,
gcond_a560eaead982,gcond_a560eaead982,gctpl_39e92b8bfaa4,gsec_a77b1587e859,qbank_ea4090eca253,实操题库_地面站考试条件_2026H1_夹角题题型.txt_20,2026H1,2026H1,夹角题题型,2026-05-29,陕西04考场,夹角题-考试条件提取.docx,21,4,4,4.,speed_height,水平速度为 1m/s,1,m/s;度,,,,1m/s,,,
gcond_7e939340edd7,gcond_7e939340edd7,gctpl_1358a68d0099,gsec_a77b1587e859,qbank_ea4090eca253,实操题库_地面站考试条件_2026H1_夹角题题型.txt_20,2026H1,2026H1,夹角题题型,2026-05-29,陕西04考场,夹角题-考试条件提取.docx,21,5,5,5.,speed_height,垂直速度为 3m/s,3,m/s;度,,,,3m/s,,,
gcond_af5e05fc3da8,gcond_af5e05fc3da8,gctpl_f4fb52e43d1d,gsec_a77b1587e859,qbank_ea4090eca253,实操题库_地面站考试条件_2026H1_夹角题题型.txt_20,2026H1,2026H1,夹角题题型,2026-05-29,陕西04考场,夹角题-考试条件提取.docx,21,6,6,6.,coordinate;bearing_angle,航向为（或位置要求） 1点到3点的方向为NE,1;3,,,,,,,,
gcond_57596954f9c2,gcond_57596954f9c2,gctpl_5a096cc2dfaa,gsec_a77b1587e859,qbank_ea4090eca253,实操题库_地面站考试条件_2026H1_夹角题题型.txt_20,2026H1,2026H1,夹角题题型,2026-05-29,陕西04考场,夹角题-考试条件提取.docx,21,7,7,7.,turn_hold_loop,转弯模式为 停止转弯，各点停留时间5秒,5,秒,,,,,,,
gcond_47e785bd4979,gcond_47e785bd4979,gctpl_114aabff6e02,gsec_a77b1587e859,qbank_ea4090eca253,实操题库_地面站考试条件_2026H1_夹角题题型.txt_20,2026H1,2026H1,夹角题题型,2026-05-29,陕西04考场,夹角题-考试条件提取.docx,21,8,8,8.,turn_hold_loop;geometry,是否循环执行 任务航线闭合不循环，任务完成后原地悬停,,,,,,,,,
gcond_23a1797435fb,gcond_23a1797435fb,gctpl_befc5b7b8d5c,gsec_a77b1587e859,qbank_ea4090eca253,实操题库_地面站考试条件_2026H1_夹角题题型.txt_20,2026H1,2026H1,夹角题题型,2026-05-29,陕西04考场,夹角题-考试条件提取.docx,21,9,9,9.,coordinate;geometry;takeoff_return,起飞点（返航点）经纬度： E118.3776°，N35.1844,118.3776;35.1844,°;度,起飞点;返航点,E118.3776;N35.1844,118.3776°,,,,
gcond_d7d848ff2475,gcond_d7d848ff2475,gctpl_ffb868be72ee,gsec_a77b1587e859,qbank_ea4090eca253,实操题库_地面站考试条件_2026H1_夹角题题型.txt_20,2026H1,2026H1,夹角题题型,2026-05-29,陕西04考场,夹角题-考试条件提取.docx,21,10,10,10.,speed_height;takeoff_return,起飞点高度为航线高度,,度,起飞点,,,,,,
gcond_9abc0d7bea8b,gcond_9abc0d7bea8b,gctpl_33e07fb07d3d,gsec_a77b1587e859,qbank_ea4090eca253,实操题库_地面站考试条件_2026H1_夹角题题型.txt_20,2026H1,2026H1,夹角题题型,2026-05-29,陕西04考场,夹角题-考试条件提取.docx,21,11,11,11.,other,所有条件均要求0误差。,0,,,,,,,,
gcond_649190c41bba,gcond_649190c41bba,gctpl_03e052f41943,gsec_c811205d6b1d,qbank_ea4090eca253,实操题库_地面站考试条件_2026H1_夹角题题型.txt_21,2026H1,2026H1,夹角题题型,2026-05-29,陕西04考场,夹角题-考试条件提取.docx,22,1,1,1.,bearing_angle;geometry,该任务航线为直角梯形，∠2=135°,2;135,°,2,,135°,,,,
gcond_25764c12942d,gcond_25764c12942d,gctpl_aece16af07fa,gsec_c811205d6b1d,qbank_ea4090eca253,实操题库_地面站考试条件_2026H1_夹角题题型.txt_21,2026H1,2026H1,夹角题题型,2026-05-29,陕西04考场,夹角题-考试条件提取.docx,22,2,2,2.,geometry,该航线边长为：1-4=75米,1;4;75,米,1;4,,,,75米,75米,
gcond_27cdb5bfb497,gcond_27cdb5bfb497,gctpl_af952f22e8c2,gsec_c811205d6b1d,qbank_ea4090eca253,实操题库_地面站考试条件_2026H1_夹角题题型.txt_21,2026H1,2026H1,夹角题题型,2026-05-29,陕西04考场,夹角题-考试条件提取.docx,22,3,3,3.,speed_height,航线高度为70米,70,度;米,,,,,70米,,
gcond_2cda1eec4aa6,gcond_2cda1eec4aa6,gctpl_171b78679140,gsec_c811205d6b1d,qbank_ea4090eca253,实操题库_地面站考试条件_2026H1_夹角题题型.txt_21,2026H1,2026H1,夹角题题型,2026-05-29,陕西04考场,夹角题-考试条件提取.docx,22,4,4,3.,bearing_angle;geometry;takeoff_return,起飞点/返航点要求∠H12=30°，∠H14=120°起飞点距离1点75米,12;30;14;120;1;75,°;米,起飞点;返航点;起飞点,,30°;120°,,,75米,
gcond_574f4fbcbfa7,gcond_574f4fbcbfa7,gctpl_39e92b8bfaa4,gsec_c811205d6b1d,qbank_ea4090eca253,实操题库_地面站考试条件_2026H1_夹角题题型.txt_21,2026H1,2026H1,夹角题题型,2026-05-29,陕西04考场,夹角题-考试条件提取.docx,22,5,5,4.,speed_height,水平速度为1m/s,1,m/s;度,,,,1m/s,,,
gcond_b28171829f00,gcond_b28171829f00,gctpl_1358a68d0099,gsec_c811205d6b1d,qbank_ea4090eca253,实操题库_地面站考试条件_2026H1_夹角题题型.txt_21,2026H1,2026H1,夹角题题型,2026-05-29,陕西04考场,夹角题-考试条件提取.docx,22,6,6,5.,speed_height,垂直速度为 3 m/s,3,m/s;度,3,,,3 m/s,,,
gcond_82bad1c0a3ed,gcond_82bad1c0a3ed,gctpl_b082b8cb5178,gsec_c811205d6b1d,qbank_ea4090eca253,实操题库_地面站考试条件_2026H1_夹角题题型.txt_21,2026H1,2026H1,夹角题题型,2026-05-29,陕西04考场,夹角题-考试条件提取.docx,22,7,7,6.,coordinate;bearing_angle,航向（或位置要求） 4在3的NE方向140米处,4;3;140,米,,,,,,,
gcond_7ec985aa3303,gcond_7ec985aa3303,gctpl_d77b3fa53559,gsec_c811205d6b1d,qbank_ea4090eca253,实操题库_地面站考试条件_2026H1_夹角题题型.txt_21,2026H1,2026H1,夹角题题型,2026-05-29,陕西04考场,夹角题-考试条件提取.docx,22,8,8,7.,turn_hold_loop,转弯模式为 停止转弯,,,,,,,,,
gcond_3bd792b6ae8f,gcond_3bd792b6ae8f,gctpl_f295a0f69224,gsec_c811205d6b1d,qbank_ea4090eca253,实操题库_地面站考试条件_2026H1_夹角题题型.txt_21,2026H1,2026H1,夹角题题型,2026-05-29,陕西04考场,夹角题-考试条件提取.docx,22,9,9,8.,turn_hold_loop;geometry,是否循环执行 任务航线闭合不循环，任务完成后 原地悬停，各点悬停5s,5,s,,,,,,,
gcond_1fde2ac7ab6a,gcond_1fde2ac7ab6a,gctpl_43d263065c6c,gsec_c811205d6b1d,qbank_ea4090eca253,实操题库_地面站考试条件_2026H1_夹角题题型.txt_21,2026H1,2026H1,夹角题题型,2026-05-29,陕西04考场,夹角题-考试条件提取.docx,22,10,10,9.,coordinate;geometry;takeoff_return,起飞点（返航点）经纬度：E104.4612°，N30.8697°（要求0误差）,104.4612;30.8697;0,°;度,起飞点;返航点,E104.4612;N30.8697,104.4612°;30.8697°,,,,
gcond_83f59c10e3ff,gcond_83f59c10e3ff,gctpl_ffb868be72ee,gsec_c811205d6b1d,qbank_ea4090eca253,实操题库_地面站考试条件_2026H1_夹角题题型.txt_21,2026H1,2026H1,夹角题题型,2026-05-29,陕西04考场,夹角题-考试条件提取.docx,22,11,11,10.,speed_height;takeoff_return,起飞点高度为航线高度,,度,起飞点,,,,,,
gcond_d796ba8e50d6,gcond_d796ba8e50d6,gctpl_5f48c1d3c0e0,gsec_b27bdcd1de04,qbank_ea4090eca253,实操题库_地面站考试条件_2026H1_夹角题题型.txt_22,2026H1,2026H1,夹角题题型,2026-05-29,陕西04考场,夹角题-考试条件提取.docx,23,1,1,1.,bearing_angle;geometry,该任务航线为：直角三角形,,,,,,,,,
gcond_887303934cda,gcond_887303934cda,gctpl_051f8146fc09,gsec_b27bdcd1de04,qbank_ea4090eca253,实操题库_地面站考试条件_2026H1_夹角题题型.txt_22,2026H1,2026H1,夹角题题型,2026-05-29,陕西04考场,夹角题-考试条件提取.docx,23,2,2,2.,geometry,该航线边长为：1-2=45米,1;2;45,米,1;2,,,,45米,45米,
gcond_c592aa4cb8cc,gcond_c592aa4cb8cc,gctpl_120b3a473605,gsec_b27bdcd1de04,qbank_ea4090eca253,实操题库_地面站考试条件_2026H1_夹角题题型.txt_22,2026H1,2026H1,夹角题题型,2026-05-29,陕西04考场,夹角题-考试条件提取.docx,23,3,3,3.,speed_height,航线高度为45米,45,度;米,,,,,45米,,
gcond_370d08bcb5e5,gcond_370d08bcb5e5,gctpl_69626b58fc87,gsec_b27bdcd1de04,qbank_ea4090eca253,实操题库_地面站考试条件_2026H1_夹角题题型.txt_22,2026H1,2026H1,夹角题题型,2026-05-29,陕西04考场,夹角题-考试条件提取.docx,23,4,4,4.,bearing_angle;geometry;takeoff_return,起飞点/返航点要求∠H12=40°，∠H13=130 起点到1点80米处“,12;40;13;130;1;80,°;米,起飞点;返航点,,40°,,,,
gcond_d1d30ad2d938,gcond_d1d30ad2d938,gctpl_46e4a7a81c7e,gsec_b27bdcd1de04,qbank_ea4090eca253,实操题库_地面站考试条件_2026H1_夹角题题型.txt_22,2026H1,2026H1,夹角题题型,2026-05-29,陕西04考场,夹角题-考试条件提取.docx,23,5,5,5.,speed_height,水平速度为 5 m/s,5,m/s;度,5,,,5 m/s,,,
gcond_92b020fff5c1,gcond_92b020fff5c1,gctpl_afbfde15859f,gsec_b27bdcd1de04,qbank_ea4090eca253,实操题库_地面站考试条件_2026H1_夹角题题型.txt_22,2026H1,2026H1,夹角题题型,2026-05-29,陕西04考场,夹角题-考试条件提取.docx,23,6,6,6.,speed_height,垂直速度为 2 m/s,2,m/s;度,2,,,2 m/s,,,
gcond_421bbeb5c59f,gcond_421bbeb5c59f,gctpl_4c40ef10207b,gsec_b27bdcd1de04,qbank_ea4090eca253,实操题库_地面站考试条件_2026H1_夹角题题型.txt_22,2026H1,2026H1,夹角题题型,2026-05-29,陕西04考场,夹角题-考试条件提取.docx,23,7,7,7.,coordinate;bearing_angle,航向（或位置要求） 2点在3点航向NE方向90米处,2;3;90,米,,,,,,,
gcond_3bb3cc0f6b68,gcond_3bb3cc0f6b68,gctpl_d77b3fa53559,gsec_b27bdcd1de04,qbank_ea4090eca253,实操题库_地面站考试条件_2026H1_夹角题题型.txt_22,2026H1,2026H1,夹角题题型,2026-05-29,陕西04考场,夹角题-考试条件提取.docx,23,8,8,8.,turn_hold_loop,转弯模式为 停止转弯,,,,,,,,,
gcond_35e042e98d77,gcond_35e042e98d77,gctpl_eb16fe83a86e,gsec_b27bdcd1de04,qbank_ea4090eca253,实操题库_地面站考试条件_2026H1_夹角题题型.txt_22,2026H1,2026H1,夹角题题型,2026-05-29,陕西04考场,夹角题-考试条件提取.docx,23,9,9,9.,turn_hold_loop;geometry,是否循环执行 任务航线闭合不循环,,,,,,,,,
gcond_3e19199fc4e3,gcond_3e19199fc4e3,gctpl_16f01c341b6c,gsec_b27bdcd1de04,qbank_ea4090eca253,实操题库_地面站考试条件_2026H1_夹角题题型.txt_22,2026H1,2026H1,夹角题题型,2026-05-29,陕西04考场,夹角题-考试条件提取.docx,23,10,10,10.,coordinate;geometry;takeoff_return,起飞点（返航点）经纬度：E105.4615°，N30.8697°（要求0误差）,105.4615;30.8697;0,°;度,起飞点;返航点,E105.4615;N30.8697,105.4615°;30.8697°,,,,
gcond_7b0d638b7804,gcond_7b0d638b7804,gctpl_da8cf407b9fe,gsec_b27bdcd1de04,qbank_ea4090eca253,实操题库_地面站考试条件_2026H1_夹角题题型.txt_22,2026H1,2026H1,夹角题题型,2026-05-29,陕西04考场,夹角题-考试条件提取.docx,23,11,11,11.,other,执行任务完成后：原地悬停,,,,,,,,,
gcond_0e374c50a8ed,gcond_0e374c50a8ed,gctpl_67195b50bae1,gsec_b27bdcd1de04,qbank_ea4090eca253,实操题库_地面站考试条件_2026H1_夹角题题型.txt_22,2026H1,2026H1,夹角题题型,2026-05-29,陕西04考场,夹角题-考试条件提取.docx,23,12,12,12.,speed_height;takeoff_return,起飞点高度：与航高一致,,度,起飞点,,,,,,
gcond_03be175d8f74,gcond_03be175d8f74,gctpl_3f4616026959,gsec_305774a9fd44,qbank_ea4090eca253,实操题库_地面站考试条件_2026H1_夹角题题型.txt_23,2026H1,2026H1,夹角题题型,2026-06-02,河南06考场,夹角题-考试条件提取.docx,24,1,1,1.,speed_height;geometry,该任务航线为如图五边形，航线高度为70M,70,M;度,,,,,70M,,
gcond_27a89a18c67a,gcond_27a89a18c67a,gctpl_08c593422fa5,gsec_305774a9fd44,qbank_ea4090eca253,实操题库_地面站考试条件_2026H1_夹角题题型.txt_23,2026H1,2026H1,夹角题题型,2026-06-02,河南06考场,夹角题-考试条件提取.docx,24,2,2,2.,geometry,该图形航线长度为 ①②③⑤构成正方形，④点为正方形中心点 正方形边长为160米,160,度;米,①;②;③;⑤;④,,,,,160米,
gcond_0fda7276228d,gcond_0fda7276228d,gctpl_c2a11637e6ca,gsec_305774a9fd44,qbank_ea4090eca253,实操题库_地面站考试条件_2026H1_夹角题题型.txt_23,2026H1,2026H1,夹角题题型,2026-06-02,河南06考场,夹角题-考试条件提取.docx,24,3,3,3.,coordinate;bearing_angle;geometry;takeoff_return,"起飞点/返航点要求 起飞点在①点方向(SE),距离120米",120,S;米,起飞点;返航点;起飞点;①,,,,,120米,
gcond_b378bea95e9b,gcond_b378bea95e9b,gctpl_96b0043ffdc6,gsec_305774a9fd44,qbank_ea4090eca253,实操题库_地面站考试条件_2026H1_夹角题题型.txt_23,2026H1,2026H1,夹角题题型,2026-06-02,河南06考场,夹角题-考试条件提取.docx,24,4,4,4.,speed_height,水平速度为 3m/s,3,m/s;度,,,,3m/s,,,
gcond_e4ae025f820f,gcond_e4ae025f820f,gctpl_afbfde15859f,gsec_305774a9fd44,qbank_ea4090eca253,实操题库_地面站考试条件_2026H1_夹角题题型.txt_23,2026H1,2026H1,夹角题题型,2026-06-02,河南06考场,夹角题-考试条件提取.docx,24,5,5,5.,speed_height,垂直速度为 2m/s,2,m/s;度,,,,2m/s,,,
gcond_c726c44aa714,gcond_c726c44aa714,gctpl_f13637845f84,gsec_305774a9fd44,qbank_ea4090eca253,实操题库_地面站考试条件_2026H1_夹角题题型.txt_23,2026H1,2026H1,夹角题题型,2026-06-02,河南06考场,夹角题-考试条件提取.docx,24,6,6,6.,bearing_angle;geometry,航向（或位置要求） ∠H①②=120°（夹角朝向图形外侧）,120,°,①;②,,120°,,,,
gcond_32adeb076a85,gcond_32adeb076a85,gctpl_5a096cc2dfaa,gsec_305774a9fd44,qbank_ea4090eca253,实操题库_地面站考试条件_2026H1_夹角题题型.txt_23,2026H1,2026H1,夹角题题型,2026-06-02,河南06考场,夹角题-考试条件提取.docx,24,7,7,7.,turn_hold_loop,转弯模式为 停止转弯，各点停留时间5秒,5,秒,,,,,,,
gcond_9748a0013519,gcond_9748a0013519,gctpl_98bef1d1b11f,gsec_305774a9fd44,qbank_ea4090eca253,实操题库_地面站考试条件_2026H1_夹角题题型.txt_23,2026H1,2026H1,夹角题题型,2026-06-02,河南06考场,夹角题-考试条件提取.docx,24,8,8,8.,speed_height;turn_hold_loop;geometry;takeoff_return,是否循环执行 任务航线闭合不循环，任务完成后飞到起飞点 位置正上方15米高度并悬停等待；,15,度;米,起飞点,,,,15米,,
gcond_6a3920e77f55,gcond_6a3920e77f55,gctpl_1e2d46f75739,gsec_305774a9fd44,qbank_ea4090eca253,实操题库_地面站考试条件_2026H1_夹角题题型.txt_23,2026H1,2026H1,夹角题题型,2026-06-02,河南06考场,夹角题-考试条件提取.docx,24,9,9,9.,coordinate;geometry;takeoff_return,起飞点（返航点）经纬度：118.6123°，35.6394,118.6123;35.6394,°;度,起飞点;返航点,,118.6123°,,,,
gcond_65fb105d8a1a,gcond_65fb105d8a1a,gctpl_ffb868be72ee,gsec_305774a9fd44,qbank_ea4090eca253,实操题库_地面站考试条件_2026H1_夹角题题型.txt_23,2026H1,2026H1,夹角题题型,2026-06-02,河南06考场,夹角题-考试条件提取.docx,24,10,10,10.,speed_height;takeoff_return,起飞点高度为航线高度,,度,起飞点,,,,,,
gcond_d489e617b0e8,gcond_d489e617b0e8,gctpl_b776ccf4efd8,gsec_305774a9fd44,qbank_ea4090eca253,实操题库_地面站考试条件_2026H1_夹角题题型.txt_23,2026H1,2026H1,夹角题题型,2026-06-02,河南06考场,夹角题-考试条件提取.docx,24,11,11,11.,other,所有数据要求0误差,0,,,,,,,,
gcond_aeac46b6cad7,gcond_aeac46b6cad7,gctpl_7fe6ff89643d,gsec_305774a9fd44,qbank_ea4090eca253,实操题库_地面站考试条件_2026H1_夹角题题型.txt_23,2026H1,2026H1,夹角题题型,2026-06-02,河南06考场,夹角题-考试条件提取.docx,24,12,12,12.,other,H-1航线保留（实线、虚线都可）,1,,,,,,,,
gcond_5b3b7127c4b6,gcond_5b3b7127c4b6,gctpl_3f4616026959,gsec_601f222f2eef,qbank_ea4090eca253,实操题库_地面站考试条件_2026H1_夹角题题型.txt_24,2026H1,2026H1,夹角题题型,2026-06-02,河南06考场,夹角题-考试条件提取.docx,25,1,1,1.,speed_height;geometry,该任务航线为如图五边形，航线高度为70M,70,M;度,,,,,70M,,
gcond_a09792799cda,gcond_a09792799cda,gctpl_8272fd0ac37d,gsec_601f222f2eef,qbank_ea4090eca253,实操题库_地面站考试条件_2026H1_夹角题题型.txt_24,2026H1,2026H1,夹角题题型,2026-06-02,河南06考场,夹角题-考试条件提取.docx,25,2,2,2.,geometry,该图形航线长度为 ①②③⑤构成正方形，④点为正方形中心点 正方形边长为100米,100,度;米,①;②;③;⑤;④,,,,,100米,
gcond_91ae3a3b5533,gcond_91ae3a3b5533,gctpl_c2c77cb3bc0f,gsec_601f222f2eef,qbank_ea4090eca253,实操题库_地面站考试条件_2026H1_夹角题题型.txt_24,2026H1,2026H1,夹角题题型,2026-06-02,河南06考场,夹角题-考试条件提取.docx,25,3,3,3.,geometry;takeoff_return,起飞点/返航点要求 起飞点在①点方向（东偏南30度）距离120米,30;120,度;米,起飞点;返航点;起飞点;①,,东偏南30度,,,120米,
gcond_f21b145bf334,gcond_f21b145bf334,gctpl_96b0043ffdc6,gsec_601f222f2eef,qbank_ea4090eca253,实操题库_地面站考试条件_2026H1_夹角题题型.txt_24,2026H1,2026H1,夹角题题型,2026-06-02,河南06考场,夹角题-考试条件提取.docx,25,4,4,4.,speed_height,水平速度为 3m/s,3,m/s;度,,,,3m/s,,,
gcond_a8a8a96d3db9,gcond_a8a8a96d3db9,gctpl_afbfde15859f,gsec_601f222f2eef,qbank_ea4090eca253,实操题库_地面站考试条件_2026H1_夹角题题型.txt_24,2026H1,2026H1,夹角题题型,2026-06-02,河南06考场,夹角题-考试条件提取.docx,25,5,5,5.,speed_height,垂直速度为 2 m/s,2,m/s;度,2,,,2 m/s,,,
gcond_80d7dda2a26c,gcond_80d7dda2a26c,gctpl_f13637845f84,gsec_601f222f2eef,qbank_ea4090eca253,实操题库_地面站考试条件_2026H1_夹角题题型.txt_24,2026H1,2026H1,夹角题题型,2026-06-02,河南06考场,夹角题-考试条件提取.docx,25,6,6,6.,bearing_angle;geometry,航向（或位置要求） ∠H①②=120°（夹角朝向图形外侧）,120,°,①;②,,120°,,,,
gcond_8ab963937460,gcond_8ab963937460,gctpl_5a096cc2dfaa,gsec_601f222f2eef,qbank_ea4090eca253,实操题库_地面站考试条件_2026H1_夹角题题型.txt_24,2026H1,2026H1,夹角题题型,2026-06-02,河南06考场,夹角题-考试条件提取.docx,25,7,7,7.,turn_hold_loop,转弯模式为 停止转弯，各点停留时间5秒,5,秒,,,,,,,
gcond_8ec65219e3c4,gcond_8ec65219e3c4,gctpl_69d00e574f43,gsec_601f222f2eef,qbank_ea4090eca253,实操题库_地面站考试条件_2026H1_夹角题题型.txt_24,2026H1,2026H1,夹角题题型,2026-06-02,河南06考场,夹角题-考试条件提取.docx,25,8,8,8.,turn_hold_loop;geometry,是否循环执行 任务航线闭合不循环，任务完成后返航降落；,,,,,,,,,
gcond_e8377882cde8,gcond_e8377882cde8,gctpl_06a69e0543dc,gsec_601f222f2eef,qbank_ea4090eca253,实操题库_地面站考试条件_2026H1_夹角题题型.txt_24,2026H1,2026H1,夹角题题型,2026-06-02,河南06考场,夹角题-考试条件提取.docx,25,9,9,9.,coordinate;geometry;takeoff_return,起飞点（返航点）经纬度：118.6123°，35.6394°,118.6123;35.6394,°;度,起飞点;返航点,,118.6123°;35.6394°,,,,
gcond_a18cbe7feed6,gcond_a18cbe7feed6,gctpl_ff2e210b0f73,gsec_601f222f2eef,qbank_ea4090eca253,实操题库_地面站考试条件_2026H1_夹角题题型.txt_24,2026H1,2026H1,夹角题题型,2026-06-02,河南06考场,夹角题-考试条件提取.docx,25,10,10,10.,speed_height;takeoff_return,起飞点高度比航线高度低15米,15,度;米,起飞点,,,,15米,,
gcond_be3b288d69ae,gcond_be3b288d69ae,gctpl_b776ccf4efd8,gsec_601f222f2eef,qbank_ea4090eca253,实操题库_地面站考试条件_2026H1_夹角题题型.txt_24,2026H1,2026H1,夹角题题型,2026-06-02,河南06考场,夹角题-考试条件提取.docx,25,11,11,11.,other,所有数据要求0误差,0,,,,,,,,
gcond_9ef234aebb5e,gcond_9ef234aebb5e,gctpl_7fe6ff89643d,gsec_601f222f2eef,qbank_ea4090eca253,实操题库_地面站考试条件_2026H1_夹角题题型.txt_24,2026H1,2026H1,夹角题题型,2026-06-02,河南06考场,夹角题-考试条件提取.docx,25,12,12,12.,other,H-1航线保留（实线、虚线都可）,1,,,,,,,,
gcond_26f2a16ff0de,gcond_26f2a16ff0de,gctpl_ad4a59950a93,gsec_5972fde74bdb,qbank_ea4090eca253,实操题库_地面站考试条件_2026H1_夹角题题型.txt_25,2026H1,2026H1,夹角题题型,2026-06-06,湖南02考场,夹角题-考试条件提取.docx,26,1,1,1、,bearing_angle;geometry,图形如下，任务航线为等边三角形，边长2-3=80m;,2;3;80,m,3,,,,,80m,
gcond_6a122de4131e,gcond_6a122de4131e,gctpl_635ba80c99c4,gsec_5972fde74bdb,qbank_ea4090eca253,实操题库_地面站考试条件_2026H1_夹角题题型.txt_25,2026H1,2026H1,夹角题题型,2026-06-06,湖南02考场,夹角题-考试条件提取.docx,26,2,2,2、,geometry;takeoff_return,H点为起飞点，起飞点到2点的距离为80m(如图所示H点在图形外侧)；,2;80,m,H点;起飞点;起飞点;H点,,,,,80m,
gcond_c00fdb287079,gcond_c00fdb287079,gctpl_eb0b7e128f91,gsec_5972fde74bdb,qbank_ea4090eca253,实操题库_地面站考试条件_2026H1_夹角题题型.txt_25,2026H1,2026H1,夹角题题型,2026-06-06,湖南02考场,夹角题-考试条件提取.docx,26,3,3,3、,speed_height,"航线高度为90m,水平速度为3m/s,垂直速度为2m/s;",90;3;2,m;m/s;度,,,,3m/s;2m/s,90m,,
gcond_cfc1c5877d78,gcond_cfc1c5877d78,gctpl_e35710fcb3e6,gsec_5972fde74bdb,qbank_ea4090eca253,实操题库_地面站考试条件_2026H1_夹角题题型.txt_25,2026H1,2026H1,夹角题题型,2026-06-06,湖南02考场,夹角题-考试条件提取.docx,26,4,4,4、,turn_hold_loop,"转弯模式为：定点转弯，1点停留3s,其余点停留时间=5s",1;3;5,s,,,,,,,
gcond_e6fa0928b1fc,gcond_e6fa0928b1fc,gctpl_44f4c30e1a0b,gsec_5972fde74bdb,qbank_ea4090eca253,实操题库_地面站考试条件_2026H1_夹角题题型.txt_25,2026H1,2026H1,夹角题题型,2026-06-06,湖南02考场,夹角题-考试条件提取.docx,26,5,5,5、,turn_hold_loop;geometry,图形循环模式为：闭合循环3圈,3,,,,,,,,
gcond_6167744a2d33,gcond_6167744a2d33,gctpl_585a3f63ad71,gsec_5972fde74bdb,qbank_ea4090eca253,实操题库_地面站考试条件_2026H1_夹角题题型.txt_25,2026H1,2026H1,夹角题题型,2026-06-06,湖南02考场,夹角题-考试条件提取.docx,26,6,6,6、,bearing_angle,3到1的指向角度为160°,3;1;160,°;度,,,160°,,,,
gcond_5412622c5f3d,gcond_5412622c5f3d,gctpl_77fd1e9ad0d8,gsec_5972fde74bdb,qbank_ea4090eca253,实操题库_地面站考试条件_2026H1_夹角题题型.txt_25,2026H1,2026H1,夹角题题型,2026-06-06,湖南02考场,夹角题-考试条件提取.docx,26,7,7,7、,coordinate;takeoff_return,起飞点的经纬度坐标为N31.26°E95°20’24（要求零误差） 45°,31.26;95;20;24;45,°;度,起飞点,N31.26;E95°20’24,31.26°;95°;45°,,,,
gcond_3c7d0b7bcc34,gcond_3c7d0b7bcc34,gctpl_3113ed05c1e5,gsec_32d5d306a61a,qbank_ea4090eca253,实操题库_地面站考试条件_2026H1_夹角题题型.txt_26,2026H1,2026H1,夹角题题型,2026-06-06,四川02考场,夹角题-考试条件提取.docx,27,1,1,1、,bearing_angle;geometry,图形如下，任务航线为直角三角形，∠1=30°，边长1-3=80m,1;30;1;3;80,m;°,1;3,,30°,,,80m,
gcond_c573e591ab51,gcond_c573e591ab51,gctpl_204d366e07e2,gsec_32d5d306a61a,qbank_ea4090eca253,实操题库_地面站考试条件_2026H1_夹角题题型.txt_26,2026H1,2026H1,夹角题题型,2026-06-06,四川02考场,夹角题-考试条件提取.docx,27,2,2,2、,takeoff_return,起飞点如图所示距离3点120米；,3;120,米,起飞点,,,,,120米,
gcond_3fd86b7eda39,gcond_3fd86b7eda39,gctpl_5555d275a559,gsec_32d5d306a61a,qbank_ea4090eca253,实操题库_地面站考试条件_2026H1_夹角题题型.txt_26,2026H1,2026H1,夹角题题型,2026-06-06,四川02考场,夹角题-考试条件提取.docx,27,3,3,3、,speed_height,"航线高度为120m,水平速度为3m/s,垂直速度为2m/s",120;3;2,m;m/s;度,,,,3m/s;2m/s,120m,,
gcond_02c761449ca1,gcond_02c761449ca1,gctpl_45002d60331a,gsec_32d5d306a61a,qbank_ea4090eca253,实操题库_地面站考试条件_2026H1_夹角题题型.txt_26,2026H1,2026H1,夹角题题型,2026-06-06,四川02考场,夹角题-考试条件提取.docx,27,4,4,4、,turn_hold_loop,转弯模式为：定点转弯，停留时间=3S,3,S,,,,,,,
gcond_8c6f813a2856,gcond_8c6f813a2856,gctpl_791a383c52c6,gsec_32d5d306a61a,qbank_ea4090eca253,实操题库_地面站考试条件_2026H1_夹角题题型.txt_26,2026H1,2026H1,夹角题题型,2026-06-06,四川02考场,夹角题-考试条件提取.docx,27,5,5,5、,turn_hold_loop;geometry,图形循环模式为：图形闭合不循环,,,,,,,,,
gcond_2d15dd1dabd8,gcond_2d15dd1dabd8,gctpl_64f6df2066db,gsec_32d5d306a61a,qbank_ea4090eca253,实操题库_地面站考试条件_2026H1_夹角题题型.txt_26,2026H1,2026H1,夹角题题型,2026-06-06,四川02考场,夹角题-考试条件提取.docx,27,6,6,6、,coordinate;bearing_angle,3到1的的指向角度为NE,3;1,度,,,,,,,
gcond_0551f2121a2b,gcond_0551f2121a2b,gctpl_3a7bc1038945,gsec_32d5d306a61a,qbank_ea4090eca253,实操题库_地面站考试条件_2026H1_夹角题题型.txt_26,2026H1,2026H1,夹角题题型,2026-06-06,四川02考场,夹角题-考试条件提取.docx,27,7,7,7、,coordinate,2点的坐标为：N31.2642°E95°20′24”°（要求零误差） 105°,2;31.2642;95;20;24;105,°,,N31.2642;E95°20′24”,31.2642°;95°;105°,,,,
gcond_5ac410d858ae,gcond_5ac410d858ae,gctpl_e1c6d802c39a,gsec_94212755cecb,qbank_ea4090eca253,实操题库_地面站考试条件_2026H1_夹角题题型.txt_27,2026H1,2026H1,夹角题题型,2026-03-15,辽宁01考场,夹角题-考试条件提取.docx,28,1,1,1.,speed_height;geometry,该任务航线为如图正六边形，航线高度为 70M,70,M;度,,,,,70M,,
gcond_8dc603975c6a,gcond_8dc603975c6a,gctpl_eeec21347ecc,gsec_94212755cecb,qbank_ea4090eca253,实操题库_地面站考试条件_2026H1_夹角题题型.txt_27,2026H1,2026H1,夹角题题型,2026-03-15,辽宁01考场,夹角题-考试条件提取.docx,28,2,2,2.,geometry,该正六边形航线边长为 150M,150,M,,,,,150M,150M,
gcond_086f4d4f9890,gcond_086f4d4f9890,gctpl_32660e1b0719,gsec_94212755cecb,qbank_ea4090eca253,实操题库_地面站考试条件_2026H1_夹角题题型.txt_27,2026H1,2026H1,夹角题题型,2026-03-15,辽宁01考场,夹角题-考试条件提取.docx,28,3,3,3.,coordinate;bearing_angle;geometry;takeoff_return,"起飞点/返航点要求 起飞点到①点方向(NW),距离80米",80,米,起飞点;返航点;起飞点;①,,,,,80米,
gcond_49f9ad353969,gcond_49f9ad353969,gctpl_cacb0b6f293c,gsec_94212755cecb,qbank_ea4090eca253,实操题库_地面站考试条件_2026H1_夹角题题型.txt_27,2026H1,2026H1,夹角题题型,2026-03-15,辽宁01考场,夹角题-考试条件提取.docx,28,4,4,4.,speed_height,水平速度为 6m/s,6,m/s;度,,,,6m/s,,,
gcond_568a3310aea6,gcond_568a3310aea6,gctpl_1f22521bd0a9,gsec_94212755cecb,qbank_ea4090eca253,实操题库_地面站考试条件_2026H1_夹角题题型.txt_27,2026H1,2026H1,夹角题题型,2026-03-15,辽宁01考场,夹角题-考试条件提取.docx,28,5,5,5.,speed_height,垂直速度为 4m/s,4,m/s;度,,,,4m/s,,,
gcond_54c30bb0459c,gcond_54c30bb0459c,gctpl_798ed2edd599,gsec_94212755cecb,qbank_ea4090eca253,实操题库_地面站考试条件_2026H1_夹角题题型.txt_27,2026H1,2026H1,夹角题题型,2026-03-15,辽宁01考场,夹角题-考试条件提取.docx,28,6,6,6.,bearing_angle;geometry,航向为（或位置要求） ∠H①⑥=90°（夹角朝向图形外侧）,90,°,①;⑥,,90°,,,,
gcond_7cc4e508e046,gcond_7cc4e508e046,gctpl_2d8ba268e325,gsec_94212755cecb,qbank_ea4090eca253,实操题库_地面站考试条件_2026H1_夹角题题型.txt_27,2026H1,2026H1,夹角题题型,2026-03-15,辽宁01考场,夹角题-考试条件提取.docx,28,7,7,7.,turn_hold_loop,转弯模式为 停止转弯，各点停留时间为6秒,6,秒,,,,,,,
gcond_09938fd4e7b7,gcond_09938fd4e7b7,gctpl_179401c96f3c,gsec_94212755cecb,qbank_ea4090eca253,实操题库_地面站考试条件_2026H1_夹角题题型.txt_27,2026H1,2026H1,夹角题题型,2026-03-15,辽宁01考场,夹角题-考试条件提取.docx,28,8,8,8.,turn_hold_loop;geometry,是否循环执行 任务航线闭合不循环，任务完成后返航,,,,,,,,,
gcond_a182f4b400f2,gcond_a182f4b400f2,gctpl_d7159600e822,gsec_94212755cecb,qbank_ea4090eca253,实操题库_地面站考试条件_2026H1_夹角题题型.txt_27,2026H1,2026H1,夹角题题型,2026-03-15,辽宁01考场,夹角题-考试条件提取.docx,28,9,9,9.,coordinate;geometry;takeoff_return,起飞点（返航点）经纬度： 118.3776°，35.1844,118.3776;35.1844,°;度,起飞点;返航点,,118.3776°,,,,
gcond_2de4762633f3,gcond_2de4762633f3,gctpl_ffb868be72ee,gsec_94212755cecb,qbank_ea4090eca253,实操题库_地面站考试条件_2026H1_夹角题题型.txt_27,2026H1,2026H1,夹角题题型,2026-03-15,辽宁01考场,夹角题-考试条件提取.docx,28,10,10,10.,speed_height;takeoff_return,起飞点高度为航线高度,,度,起飞点,,,,,,
gcond_b8cbf9f71727,gcond_b8cbf9f71727,gctpl_9cba7d1ce54e,gsec_23d79e854cee,qbank_ea4090eca253,实操题库_地面站考试条件_2026H1_夹角题题型.txt_28,2026H1,2026H1,夹角题题型,2026-04-06,内蒙古02考场,夹角题-考试条件提取.docx,29,1,1,1.,speed_height;bearing_angle;geometry,该任务航线为如图直角三角形，航线高度为110M,110,M;度,,,,,110M,,
gcond_3b5c83268109,gcond_3b5c83268109,gctpl_9850642dac67,gsec_23d79e854cee,qbank_ea4090eca253,实操题库_地面站考试条件_2026H1_夹角题题型.txt_28,2026H1,2026H1,夹角题题型,2026-04-06,内蒙古02考场,夹角题-考试条件提取.docx,29,2,2,2.,bearing_angle;geometry,该直角三角形航线边长为如图,,,,,,,,,
gcond_4f3aeb6180cd,gcond_4f3aeb6180cd,gctpl_eff0fc1b319e,gsec_23d79e854cee,qbank_ea4090eca253,实操题库_地面站考试条件_2026H1_夹角题题型.txt_28,2026H1,2026H1,夹角题题型,2026-04-06,内蒙古02考场,夹角题-考试条件提取.docx,29,3,3,3.,bearing_angle;geometry;takeoff_return,"起飞点/返航点要求 起飞点到②点方向为SW,距离120米",120,S;米,起飞点;返航点;起飞点;②,,,,,120米,
gcond_adef885041a0,gcond_adef885041a0,gctpl_5622fbbfc78a,gsec_23d79e854cee,qbank_ea4090eca253,实操题库_地面站考试条件_2026H1_夹角题题型.txt_28,2026H1,2026H1,夹角题题型,2026-04-06,内蒙古02考场,夹角题-考试条件提取.docx,29,4,4,4.,speed_height,所有水平速度为 5m/s,5,m/s;度,,,,5m/s,,,
gcond_ad48e61d7714,gcond_ad48e61d7714,gctpl_ab3a92f1194a,gsec_23d79e854cee,qbank_ea4090eca253,实操题库_地面站考试条件_2026H1_夹角题题型.txt_28,2026H1,2026H1,夹角题题型,2026-04-06,内蒙古02考场,夹角题-考试条件提取.docx,29,5,5,5.,speed_height,所有垂直速度为 3m/s,3,m/s;度,,,,3m/s,,,
gcond_49f7474451e9,gcond_49f7474451e9,gctpl_6951894378fc,gsec_23d79e854cee,qbank_ea4090eca253,实操题库_地面站考试条件_2026H1_夹角题题型.txt_28,2026H1,2026H1,夹角题题型,2026-04-06,内蒙古02考场,夹角题-考试条件提取.docx,29,6,6,6.,bearing_angle;geometry,航向为（或位置要求） ∠H②①=150° ①50米② (夹角朝向图形外侧，夹角不经过图形内侧),150;50,°;米,②;①;①;②,,150°,,,,
gcond_f3c4afdd187a,gcond_f3c4afdd187a,gctpl_695d406d7b6c,gsec_23d79e854cee,qbank_ea4090eca253,实操题库_地面站考试条件_2026H1_夹角题题型.txt_28,2026H1,2026H1,夹角题题型,2026-04-06,内蒙古02考场,夹角题-考试条件提取.docx,29,7,7,7.,turn_hold_loop,"转弯模式为 停止转弯,各点停留时间10秒",10,秒,,,,,,,
gcond_a7caa68114af,gcond_a7caa68114af,gctpl_114aabff6e02,gsec_23d79e854cee,qbank_ea4090eca253,实操题库_地面站考试条件_2026H1_夹角题题型.txt_28,2026H1,2026H1,夹角题题型,2026-04-06,内蒙古02考场,夹角题-考试条件提取.docx,29,8,8,8.,turn_hold_loop;geometry,是否循环执行 任务航线闭合不循环，任务完成后原地悬停,,,,,,,,,
gcond_d11d71a2f54f,gcond_d11d71a2f54f,gctpl_bd53211dc2ad,gsec_23d79e854cee,qbank_ea4090eca253,实操题库_地面站考试条件_2026H1_夹角题题型.txt_28,2026H1,2026H1,夹角题题型,2026-04-06,内蒙古02考场,夹角题-考试条件提取.docx,29,9,9,9.,coordinate;geometry;takeoff_return,起飞点（返航点）经纬度：17.5409°，39.5537°（要求0误差）,17.5409;39.5537;0,°;度,起飞点;返航点,,17.5409°;39.5537°,,,,
gcond_3eea089f671d,gcond_3eea089f671d,gctpl_ffb868be72ee,gsec_23d79e854cee,qbank_ea4090eca253,实操题库_地面站考试条件_2026H1_夹角题题型.txt_28,2026H1,2026H1,夹角题题型,2026-04-06,内蒙古02考场,夹角题-考试条件提取.docx,29,10,10,10.,speed_height;takeoff_return,起飞点高度为航线高度,,度,起飞点,,,,,,
gcond_0207c484c0f1,gcond_0207c484c0f1,gctpl_54a61bfc6392,gsec_498e4fbc38d1,qbank_ea4090eca253,实操题库_地面站考试条件_2026H1_夹角题题型.txt_29,2026H1,2026H1,夹角题题型,2026-04-06,内蒙古02考场,夹角题-考试条件提取.docx,30,1,1,1.,speed_height;geometry,该任务航线为如图扫描航线，航线高度为120M,120,M;度,,,,,120M,,
gcond_61d70d844cec,gcond_61d70d844cec,gctpl_de826acf6f63,gsec_498e4fbc38d1,qbank_ea4090eca253,实操题库_地面站考试条件_2026H1_夹角题题型.txt_29,2026H1,2026H1,夹角题题型,2026-04-06,内蒙古02考场,夹角题-考试条件提取.docx,30,2,2,2.,geometry,该扫描航线单边长度为500M,500,M;度,,,,,500M,500M,
gcond_679515182188,gcond_679515182188,gctpl_336d60207ecd,gsec_498e4fbc38d1,qbank_ea4090eca253,实操题库_地面站考试条件_2026H1_夹角题题型.txt_29,2026H1,2026H1,夹角题题型,2026-04-06,内蒙古02考场,夹角题-考试条件提取.docx,30,3,3,3.,other,该扫描航线间隔为 100M,100,M,,,,,100M,100M,
gcond_975f22b6595e,gcond_975f22b6595e,gctpl_c9e7bcd8de45,gsec_498e4fbc38d1,qbank_ea4090eca253,实操题库_地面站考试条件_2026H1_夹角题题型.txt_29,2026H1,2026H1,夹角题题型,2026-04-06,内蒙古02考场,夹角题-考试条件提取.docx,30,4,4,4.,coordinate;bearing_angle;geometry;takeoff_return,起飞点/返航点要求起飞点到①点(SE)方向，距离150米,150,S;米,起飞点;返航点;起飞点;①,,,,,150米,
gcond_3003b775b124,gcond_3003b775b124,gctpl_ad41a1eb747b,gsec_498e4fbc38d1,qbank_ea4090eca253,实操题库_地面站考试条件_2026H1_夹角题题型.txt_29,2026H1,2026H1,夹角题题型,2026-04-06,内蒙古02考场,夹角题-考试条件提取.docx,30,5,5,5.,speed_height,所有水平速度为 4m/s,4,m/s;度,,,,4m/s,,,
gcond_358143f2a409,gcond_358143f2a409,gctpl_2a9659fa724a,gsec_498e4fbc38d1,qbank_ea4090eca253,实操题库_地面站考试条件_2026H1_夹角题题型.txt_29,2026H1,2026H1,夹角题题型,2026-04-06,内蒙古02考场,夹角题-考试条件提取.docx,30,6,6,5.,speed_height,所有垂直速度为 2 m/s,2,m/s;度,2,,,2 m/s,,,
gcond_196b9731954e,gcond_196b9731954e,gctpl_3a432e6fff7b,gsec_498e4fbc38d1,qbank_ea4090eca253,实操题库_地面站考试条件_2026H1_夹角题题型.txt_29,2026H1,2026H1,夹角题题型,2026-04-06,内蒙古02考场,夹角题-考试条件提取.docx,30,7,7,6.,bearing_angle;geometry,航向为（或位置要求∠H①②=80° (夹角朝向图形外侧，夹角不经过图形内侧),80,°,①;②,,80°,,,,
gcond_ff7b6ae1fb4b,gcond_ff7b6ae1fb4b,gctpl_b113367b2ea8,gsec_498e4fbc38d1,qbank_ea4090eca253,实操题库_地面站考试条件_2026H1_夹角题题型.txt_29,2026H1,2026H1,夹角题题型,2026-04-06,内蒙古02考场,夹角题-考试条件提取.docx,30,8,8,7.,turn_hold_loop,转弯模式为 协调转弯,,,,,,,,,
gcond_c2787ef0660c,gcond_c2787ef0660c,gctpl_179401c96f3c,gsec_498e4fbc38d1,qbank_ea4090eca253,实操题库_地面站考试条件_2026H1_夹角题题型.txt_29,2026H1,2026H1,夹角题题型,2026-04-06,内蒙古02考场,夹角题-考试条件提取.docx,30,9,9,8.,turn_hold_loop;geometry,是否循环执行 任务航线闭合不循环，任务完成后返航,,,,,,,,,
gcond_bdd54727d422,gcond_bdd54727d422,gctpl_e02cd758ae29,gsec_498e4fbc38d1,qbank_ea4090eca253,实操题库_地面站考试条件_2026H1_夹角题题型.txt_29,2026H1,2026H1,夹角题题型,2026-04-06,内蒙古02考场,夹角题-考试条件提取.docx,30,10,10,9.,coordinate;geometry;takeoff_return,起飞点（返航点）经纬度：117.5409°，39.5537°（要求0误差）,117.5409;39.5537;0,°;度,起飞点;返航点,,117.5409°;39.5537°,,,,
gcond_24826758e0b9,gcond_24826758e0b9,gctpl_ffb868be72ee,gsec_498e4fbc38d1,qbank_ea4090eca253,实操题库_地面站考试条件_2026H1_夹角题题型.txt_29,2026H1,2026H1,夹角题题型,2026-04-06,内蒙古02考场,夹角题-考试条件提取.docx,30,11,11,10.,speed_height;takeoff_return,起飞点高度为航线高度,,度,起飞点,,,,,,
gcond_3bde13f36074,gcond_3bde13f36074,gctpl_41074b8570e9,gsec_498e4fbc38d1,qbank_ea4090eca253,实操题库_地面站考试条件_2026H1_夹角题题型.txt_29,2026H1,2026H1,夹角题题型,2026-04-06,内蒙古02考场,夹角题-考试条件提取.docx,30,12,12,11.,speed_height,返航高度与航线高度保持一致,,度,,,,,,,
gcond_968d531231b2,gcond_968d531231b2,gctpl_3f4616026959,gsec_dfe6347be68e,qbank_ea4090eca253,实操题库_地面站考试条件_2026H1_夹角题题型.txt_30,2026H1,2026H1,夹角题题型,2026-04-06,内蒙古02考场,夹角题-考试条件提取.docx,31,1,1,1.,speed_height;geometry,该任务航线为如图五边形，航线高度为70M,70,M;度,,,,,70M,,
gcond_48bd1bcda3d9,gcond_48bd1bcda3d9,gctpl_0036a8f85806,gsec_dfe6347be68e,qbank_ea4090eca253,实操题库_地面站考试条件_2026H1_夹角题题型.txt_30,2026H1,2026H1,夹角题题型,2026-04-06,内蒙古02考场,夹角题-考试条件提取.docx,31,2,2,2.,geometry,该图形航线长度为 任务航线每条边长为160米,160,度;米,,,,,160米,160米,
gcond_17e18c1a0274,gcond_17e18c1a0274,gctpl_8d639eda225c,gsec_dfe6347be68e,qbank_ea4090eca253,实操题库_地面站考试条件_2026H1_夹角题题型.txt_30,2026H1,2026H1,夹角题题型,2026-04-06,内蒙古02考场,夹角题-考试条件提取.docx,31,3,3,3.,coordinate;bearing_angle;geometry;takeoff_return,起飞点/返航点要求 起飞点位于①点(NW)方向，距离120米,120,米,起飞点;返航点;起飞点;①,,,,,120米,
gcond_163b33393c9d,gcond_163b33393c9d,gctpl_46e4a7a81c7e,gsec_dfe6347be68e,qbank_ea4090eca253,实操题库_地面站考试条件_2026H1_夹角题题型.txt_30,2026H1,2026H1,夹角题题型,2026-04-06,内蒙古02考场,夹角题-考试条件提取.docx,31,4,4,4.,speed_height,水平速度为 5m/s,5,m/s;度,,,,5m/s,,,
gcond_5953c6653654,gcond_5953c6653654,gctpl_afbfde15859f,gsec_dfe6347be68e,qbank_ea4090eca253,实操题库_地面站考试条件_2026H1_夹角题题型.txt_30,2026H1,2026H1,夹角题题型,2026-04-06,内蒙古02考场,夹角题-考试条件提取.docx,31,5,5,5.,speed_height,垂直速度为 2m/s,2,m/s;度,,,,2m/s,,,
gcond_3953ebe856c6,gcond_3953ebe856c6,gctpl_5f0e8ed31eb3,gsec_dfe6347be68e,qbank_ea4090eca253,实操题库_地面站考试条件_2026H1_夹角题题型.txt_30,2026H1,2026H1,夹角题题型,2026-04-06,内蒙古02考场,夹角题-考试条件提取.docx,31,6,6,6.,bearing_angle;geometry,航向（或位置要求） ∠H①⑤=135° (夹角朝向图形外侧，夹角不经过图形内侧),135,°,①;⑤,,135°,,,,
gcond_f2eddf47587a,gcond_f2eddf47587a,gctpl_695d406d7b6c,gsec_dfe6347be68e,qbank_ea4090eca253,实操题库_地面站考试条件_2026H1_夹角题题型.txt_30,2026H1,2026H1,夹角题题型,2026-04-06,内蒙古02考场,夹角题-考试条件提取.docx,31,7,7,7.,turn_hold_loop,转弯模式为 停止转弯，各点停留时间10秒,10,秒,,,,,,,
gcond_58d7a3ec49d1,gcond_58d7a3ec49d1,gctpl_114aabff6e02,gsec_dfe6347be68e,qbank_ea4090eca253,实操题库_地面站考试条件_2026H1_夹角题题型.txt_30,2026H1,2026H1,夹角题题型,2026-04-06,内蒙古02考场,夹角题-考试条件提取.docx,31,8,8,8.,turn_hold_loop;geometry,是否循环执行 任务航线闭合不循环，任务完成后原地悬停,,,,,,,,,
gcond_86b9b0c7a172,gcond_86b9b0c7a172,gctpl_e02cd758ae29,gsec_dfe6347be68e,qbank_ea4090eca253,实操题库_地面站考试条件_2026H1_夹角题题型.txt_30,2026H1,2026H1,夹角题题型,2026-04-06,内蒙古02考场,夹角题-考试条件提取.docx,31,9,9,9.,coordinate;geometry;takeoff_return,起飞点（返航点）经纬度：117.5409°，39.5537°（要求0误差）,117.5409;39.5537;0,°;度,起飞点;返航点,,117.5409°;39.5537°,,,,
gcond_54fe0d7fd1f4,gcond_54fe0d7fd1f4,gctpl_ffb868be72ee,gsec_dfe6347be68e,qbank_ea4090eca253,实操题库_地面站考试条件_2026H1_夹角题题型.txt_30,2026H1,2026H1,夹角题题型,2026-04-06,内蒙古02考场,夹角题-考试条件提取.docx,31,10,10,10.,speed_height;takeoff_return,起飞点高度为航线高度,,度,起飞点,,,,,,
gcond_8e5c51df04e2,gcond_8e5c51df04e2,gctpl_613d15a4d97d,gsec_5769abd28b89,qbank_ea4090eca253,实操题库_地面站考试条件_2026H1_夹角题题型.txt_31,2026H1,2026H1,夹角题题型,2026-04-06,内蒙古02考场,夹角题-考试条件提取.docx,32,1,1,1.,speed_height;bearing_angle;geometry,该任务航线为如图直角梯形，航线高度为75M,75,M;度,,,,,75M,,
gcond_0a5c4b160a7a,gcond_0a5c4b160a7a,gctpl_85f38fc92a94,gsec_5769abd28b89,qbank_ea4090eca253,实操题库_地面站考试条件_2026H1_夹角题题型.txt_31,2026H1,2026H1,夹角题题型,2026-04-06,内蒙古02考场,夹角题-考试条件提取.docx,32,2,2,2.,bearing_angle;geometry,该直角梯形航线长度为 如图所示,,度,,,,,,,
gcond_23adf615850a,gcond_23adf615850a,gctpl_0a345c78691a,gsec_5769abd28b89,qbank_ea4090eca253,实操题库_地面站考试条件_2026H1_夹角题题型.txt_31,2026H1,2026H1,夹角题题型,2026-04-06,内蒙古02考场,夹角题-考试条件提取.docx,32,3,3,3.,coordinate;bearing_angle;geometry;takeoff_return,起飞点/返航点要求起飞点到①点方向(NW)方向70米处,70,米,起飞点;返航点;起飞点;①,,,,,,
gcond_6c5f0f79cf35,gcond_6c5f0f79cf35,gctpl_cacb0b6f293c,gsec_5769abd28b89,qbank_ea4090eca253,实操题库_地面站考试条件_2026H1_夹角题题型.txt_31,2026H1,2026H1,夹角题题型,2026-04-06,内蒙古02考场,夹角题-考试条件提取.docx,32,4,4,4.,speed_height,水平速度为 6 m/s,6,m/s;度,6,,,6 m/s,,,
gcond_a1477b89c7e6,gcond_a1477b89c7e6,gctpl_1358a68d0099,gsec_5769abd28b89,qbank_ea4090eca253,实操题库_地面站考试条件_2026H1_夹角题题型.txt_31,2026H1,2026H1,夹角题题型,2026-04-06,内蒙古02考场,夹角题-考试条件提取.docx,32,5,5,5.,speed_height,垂直速度为 3 m/s,3,m/s;度,3,,,3 m/s,,,
gcond_09436fa1fd05,gcond_09436fa1fd05,gctpl_8046fd89c342,gsec_5769abd28b89,qbank_ea4090eca253,实操题库_地面站考试条件_2026H1_夹角题题型.txt_31,2026H1,2026H1,夹角题题型,2026-04-06,内蒙古02考场,夹角题-考试条件提取.docx,32,6,6,6.,bearing_angle;geometry,航向（或位置要求） H①④=130° 65m (夹角朝向图形外侧，夹角不经过图形内侧),130;65,m;°,①;④,,130°,,,,
gcond_608aa7d20d50,gcond_608aa7d20d50,gctpl_11b351a5cdbf,gsec_5769abd28b89,qbank_ea4090eca253,实操题库_地面站考试条件_2026H1_夹角题题型.txt_31,2026H1,2026H1,夹角题题型,2026-04-06,内蒙古02考场,夹角题-考试条件提取.docx,32,7,7,7.,turn_hold_loop,转弯模式为 停止转弯，各点停留时间8秒,8,秒,,,,,,,
gcond_039f7addf491,gcond_039f7addf491,gctpl_179401c96f3c,gsec_5769abd28b89,qbank_ea4090eca253,实操题库_地面站考试条件_2026H1_夹角题题型.txt_31,2026H1,2026H1,夹角题题型,2026-04-06,内蒙古02考场,夹角题-考试条件提取.docx,32,8,8,8.,turn_hold_loop;geometry,是否循环执行 任务航线闭合不循环，任务完成后返航,,,,,,,,,
gcond_2bdd434b57c8,gcond_2bdd434b57c8,gctpl_e02cd758ae29,gsec_5769abd28b89,qbank_ea4090eca253,实操题库_地面站考试条件_2026H1_夹角题题型.txt_31,2026H1,2026H1,夹角题题型,2026-04-06,内蒙古02考场,夹角题-考试条件提取.docx,32,9,9,9.,coordinate;geometry;takeoff_return,起飞点（返航点）经纬度：117.5409°，39.5537°（要求0误差）,117.5409;39.5537;0,°;度,起飞点;返航点,,117.5409°;39.5537°,,,,
gcond_e136bd7421be,gcond_e136bd7421be,gctpl_ffb868be72ee,gsec_5769abd28b89,qbank_ea4090eca253,实操题库_地面站考试条件_2026H1_夹角题题型.txt_31,2026H1,2026H1,夹角题题型,2026-04-06,内蒙古02考场,夹角题-考试条件提取.docx,32,10,10,10.,speed_height;takeoff_return,起飞点高度为航线高度,,度,起飞点,,,,,,
gcond_a203e48566e2,gcond_a203e48566e2,gctpl_613d15a4d97d,gsec_827edf7ec2bb,qbank_ea4090eca253,实操题库_地面站考试条件_2026H1_夹角题题型.txt_32,2026H1,2026H1,夹角题题型,2026-04-06,内蒙古02考场,夹角题-考试条件提取.docx,33,1,1,1.,speed_height;bearing_angle;geometry,该任务航线为如图直角梯形，航线高度为75M,75,M;度,,,,,75M,,
gcond_282a78bc3270,gcond_282a78bc3270,gctpl_02c40463a7a5,gsec_827edf7ec2bb,qbank_ea4090eca253,实操题库_地面站考试条件_2026H1_夹角题题型.txt_32,2026H1,2026H1,夹角题题型,2026-04-06,内蒙古02考场,夹角题-考试条件提取.docx,33,2,2,2.,bearing_angle;geometry,该直角梯形航线长度为 ①②边=②③边=80m、①④边=100m,80;100,m;度,①;②;②;③;①;④,,,,,80m,
gcond_748a48069566,gcond_748a48069566,gctpl_b890e250054d,gsec_827edf7ec2bb,qbank_ea4090eca253,实操题库_地面站考试条件_2026H1_夹角题题型.txt_32,2026H1,2026H1,夹角题题型,2026-04-06,内蒙古02考场,夹角题-考试条件提取.docx,33,3,3,3.,coordinate;bearing_angle;geometry;takeoff_return,起飞点/返航点要求 起飞点位于①点方向(SE)方向，距离80米,80,S;米,起飞点;返航点;起飞点;①,,,,,80米,
gcond_550413544467,gcond_550413544467,gctpl_46e4a7a81c7e,gsec_827edf7ec2bb,qbank_ea4090eca253,实操题库_地面站考试条件_2026H1_夹角题题型.txt_32,2026H1,2026H1,夹角题题型,2026-04-06,内蒙古02考场,夹角题-考试条件提取.docx,33,4,4,4.,speed_height,水平速度为 5 m/s,5,m/s;度,5,,,5 m/s,,,
gcond_f6df57d418d9,gcond_f6df57d418d9,gctpl_afbfde15859f,gsec_827edf7ec2bb,qbank_ea4090eca253,实操题库_地面站考试条件_2026H1_夹角题题型.txt_32,2026H1,2026H1,夹角题题型,2026-04-06,内蒙古02考场,夹角题-考试条件提取.docx,33,5,5,5.,speed_height,垂直速度为 2 m/s,2,m/s;度,2,,,2 m/s,,,
gcond_960b883c2a3c,gcond_960b883c2a3c,gctpl_359446ad39ae,gsec_827edf7ec2bb,qbank_ea4090eca253,实操题库_地面站考试条件_2026H1_夹角题题型.txt_32,2026H1,2026H1,夹角题题型,2026-04-06,内蒙古02考场,夹角题-考试条件提取.docx,33,6,6,6.,bearing_angle;geometry,航向为（或位置要求） ∠H①②=130° (夹角朝向图形外侧，夹角不经过图形内侧),130,°,①;②,,130°,,,,
gcond_fe362cb88379,gcond_fe362cb88379,gctpl_b113367b2ea8,gsec_827edf7ec2bb,qbank_ea4090eca253,实操题库_地面站考试条件_2026H1_夹角题题型.txt_32,2026H1,2026H1,夹角题题型,2026-04-06,内蒙古02考场,夹角题-考试条件提取.docx,33,7,7,7.,turn_hold_loop,转弯模式为 协调转弯,,,,,,,,,
gcond_06741aaedd37,gcond_06741aaedd37,gctpl_179401c96f3c,gsec_827edf7ec2bb,qbank_ea4090eca253,实操题库_地面站考试条件_2026H1_夹角题题型.txt_32,2026H1,2026H1,夹角题题型,2026-04-06,内蒙古02考场,夹角题-考试条件提取.docx,33,8,8,8.,turn_hold_loop;geometry,是否循环执行 任务航线闭合不循环，任务完成后返航,,,,,,,,,
gcond_ec783c119f4d,gcond_ec783c119f4d,gctpl_e02cd758ae29,gsec_827edf7ec2bb,qbank_ea4090eca253,实操题库_地面站考试条件_2026H1_夹角题题型.txt_32,2026H1,2026H1,夹角题题型,2026-04-06,内蒙古02考场,夹角题-考试条件提取.docx,33,9,9,9.,coordinate;geometry;takeoff_return,起飞点（返航点）经纬度：117.5409°，39.5537°（要求0误差）,117.5409;39.5537;0,°;度,起飞点;返航点,,117.5409°;39.5537°,,,,
gcond_1582a782fcc2,gcond_1582a782fcc2,gctpl_ffb868be72ee,gsec_827edf7ec2bb,qbank_ea4090eca253,实操题库_地面站考试条件_2026H1_夹角题题型.txt_32,2026H1,2026H1,夹角题题型,2026-04-06,内蒙古02考场,夹角题-考试条件提取.docx,33,10,10,10.,speed_height;takeoff_return,起飞点高度为航线高度,,度,起飞点,,,,,,
gcond_0f616cdb8a9e,gcond_0f616cdb8a9e,gctpl_e72491c156f2,gsec_e0c17ff2622f,qbank_ea4090eca253,实操题库_地面站考试条件_2026H1_夹角题题型.txt_33,2026H1,2026H1,夹角题题型,2026-04-07,江西01考场,夹角题-考试条件提取.docx,34,1,1,(一),coordinate;speed_height;turn_hold_loop;bearing_angle;geometry;takeoff_return,"起飞点（返航点）与考试席位的相对方位由委任代表根据 现场环境等情况进行决定。按图于起飞点前规划一个五边形并循环执 行，①②边及②③边的边长为a,∠②=∠④=∠①为90°，航线相 对地面高度为b,水平速度为c,转弯模式为停止转弯，各点停留 时间为e ；",90,°;度,起飞点;返航点;起飞点;①;②;②;③;②;④;①,,90°,,,,
gcond_b4fbbe433076,gcond_b4fbbe433076,gctpl_2dc5b9c4bd68,gsec_e0c17ff2622f,qbank_ea4090eca253,实操题库_地面站考试条件_2026H1_夹角题题型.txt_33,2026H1,2026H1,夹角题题型,2026-04-07,江西01考场,夹角题-考试条件提取.docx,34,2,2,(二),coordinate;speed_height;bearing_angle,"a值为30米，b值为30米，c值为3m/s,e值为2s。 (航线方位及各数值可由委任代表按实际情况进行调整，考题以委任 代表规定数值为准)",30;30;3;2,m/s;s;米,,,,3m/s,,,
gcond_0d4a327a1f3f,gcond_0d4a327a1f3f,gctpl_ab067c81ef3c,gsec_e0c17ff2622f,qbank_ea4090eca253,实操题库_地面站考试条件_2026H1_夹角题题型.txt_33,2026H1,2026H1,夹角题题型,2026-04-07,江西01考场,夹角题-考试条件提取.docx,34,3,3,1、,coordinate;geometry,航点1经纬度： N:30°15′25” ④ E:120°20′30” (保留小数点后6位),1;30;15;25;120;20;30;6,°;度,④,N:30°15′25”;E:120°20′30”,30°;120°,,,,
gcond_a932474b8388,gcond_a932474b8388,gctpl_6fa0e0c34465,gsec_e0c17ff2622f,qbank_ea4090eca253,实操题库_地面站考试条件_2026H1_夹角题题型.txt_33,2026H1,2026H1,夹角题题型,2026-04-07,江西01考场,夹角题-考试条件提取.docx,34,4,4,2、,bearing_angle;geometry;takeoff_return,"∠H①②=120° H-1距离50m, H点位于图形外侧",120;1;50,m;°,①;②;H点,,120°,,,50m,
gcond_b9ad9c5823bb,gcond_b9ad9c5823bb,gctpl_f305fea54557,gsec_e0c17ff2622f,qbank_ea4090eca253,实操题库_地面站考试条件_2026H1_夹角题题型.txt_33,2026H1,2026H1,夹角题题型,2026-04-07,江西01考场,夹角题-考试条件提取.docx,34,5,5,3、,other,2点位于3点东偏南65°,2;3;65,°,,,65°,,,,
gcond_9e8964afba29,gcond_9e8964afba29,gctpl_65b12396ae70,gsec_a478c4bf7042,qbank_ea4090eca253,实操题库_地面站考试条件_2026H1_夹角题题型.txt_34,2026H1,2026H1,夹角题题型,2026-04-07,江苏02考场,夹角题-考试条件提取.docx,35,1,1,1.,bearing_angle;geometry,图形为直角梯形，边长1-2=1-4=400米，∠1=∠2=90°，∠3=70°,1;2;1;4;400;1;2;90;3;70,°;米,2;1;4;1;2;3,,90°;70°,,,400米,
gcond_a571254abc32,gcond_a571254abc32,gctpl_a8f0210891e9,gsec_a478c4bf7042,qbank_ea4090eca253,实操题库_地面站考试条件_2026H1_夹角题题型.txt_34,2026H1,2026H1,夹角题题型,2026-04-07,江苏02考场,夹角题-考试条件提取.docx,35,2,2,2.,takeoff_return,起飞点位于2点的北偏东60°方向380m处,2;60;380,m;°,起飞点,,60°,,,380m,
gcond_220febd7a119,gcond_220febd7a119,gctpl_1000973958db,gsec_a478c4bf7042,qbank_ea4090eca253,实操题库_地面站考试条件_2026H1_夹角题题型.txt_34,2026H1,2026H1,夹角题题型,2026-04-07,江苏02考场,夹角题-考试条件提取.docx,35,3,3,3.,speed_height,航线高度为：100m,100,m;度,,,,,100m,,
gcond_5439d1b2955e,gcond_5439d1b2955e,gctpl_9c9fe253f290,gsec_a478c4bf7042,qbank_ea4090eca253,实操题库_地面站考试条件_2026H1_夹角题题型.txt_34,2026H1,2026H1,夹角题题型,2026-04-07,江苏02考场,夹角题-考试条件提取.docx,35,4,4,4.,speed_height,水平速度为：3m/s,3,m/s;度,,,,3m/s,,,
gcond_245770a930ff,gcond_245770a930ff,gctpl_09f0770b683f,gsec_a478c4bf7042,qbank_ea4090eca253,实操题库_地面站考试条件_2026H1_夹角题题型.txt_34,2026H1,2026H1,夹角题题型,2026-04-07,江苏02考场,夹角题-考试条件提取.docx,35,5,5,5.,speed_height,垂直速度为：2m/s,2,m/s;度,,,,2m/s,,,
gcond_2e45c66b5293,gcond_2e45c66b5293,gctpl_39ecf4d5401c,gsec_a478c4bf7042,qbank_ea4090eca253,实操题库_地面站考试条件_2026H1_夹角题题型.txt_34,2026H1,2026H1,夹角题题型,2026-04-07,江苏02考场,夹角题-考试条件提取.docx,35,6,6,6.,turn_hold_loop,"转弯模式为：2点为定点转弯停留5s,其余各点为协调转弯",2;5,s,,,,,,,
gcond_9119dac8a562,gcond_9119dac8a562,gctpl_ae93ed22c4fd,gsec_a478c4bf7042,qbank_ea4090eca253,实操题库_地面站考试条件_2026H1_夹角题题型.txt_34,2026H1,2026H1,夹角题题型,2026-04-07,江苏02考场,夹角题-考试条件提取.docx,35,7,7,7.,turn_hold_loop,是否循环执行：航线闭合后返航,,,,,,,,,
gcond_f46f8b7f13a7,gcond_f46f8b7f13a7,gctpl_6966545e09e6,gsec_a478c4bf7042,qbank_ea4090eca253,实操题库_地面站考试条件_2026H1_夹角题题型.txt_34,2026H1,2026H1,夹角题题型,2026-04-07,江苏02考场,夹角题-考试条件提取.docx,35,8,8,8.,coordinate;bearing_angle,2到_1_的航向角为SE,2;1,S,,,,,,,
gcond_d67bd6fe0d4e,gcond_d67bd6fe0d4e,gctpl_98892f2fe391,gsec_76ce4341e904,qbank_ea4090eca253,实操题库_地面站考试条件_2026H1_夹角题题型.txt_35,2026H1,2026H1,夹角题题型,2026-04-08,广东02考场,夹角题-考试条件提取.docx,36,1,1,1、,coordinate;takeoff_return,起飞点经纬度：N:28°40’31”E:115°16’30”,28;40;31;115;16;30,°;度,起飞点,N:28°40’31”;E:115°16’30”,28°;115°,,,,
gcond_459435295483,gcond_459435295483,gctpl_4d508b206323,gsec_76ce4341e904,qbank_ea4090eca253,实操题库_地面站考试条件_2026H1_夹角题题型.txt_35,2026H1,2026H1,夹角题题型,2026-04-08,广东02考场,夹角题-考试条件提取.docx,36,2,2,2、,speed_height;turn_hold_loop;bearing_angle;geometry;takeoff_return,"如上图所示，任务航线规划一个直角三角形，起飞点H到1点的距离 为80米，∠A=40°，∠3=90°，任务航线1点到2点航线角度为45°， 边长1-3=80m,1-2=160m,所有航线相对地面高度为b,水平速度为c, 垂直速度为d,所有航点转弯方式为停止转弯，停留时间3s;",1;80;40;3;90;1;2;45;1;3;80;1;2;160;3,m;s;°;度;米,起飞点;3;3;1;2,,40°;90°;45°,,160m,80米;80m;160m,
gcond_59950e6cc3a0,gcond_59950e6cc3a0,gctpl_c93d0594b659,gsec_76ce4341e904,qbank_ea4090eca253,实操题库_地面站考试条件_2026H1_夹角题题型.txt_35,2026H1,2026H1,夹角题题型,2026-04-08,广东02考场,夹角题-考试条件提取.docx,36,3,3,4.,speed_height,"b值为20米，c值为3m/s,d值为2m/s。",20;3;2,m/s;米,,,,3m/s;2m/s,,,
gcond_5ee19e0a559c,gcond_5ee19e0a559c,gctpl_6e00d9dcdfae,gsec_c53c8f6afacd,qbank_ea4090eca253,实操题库_地面站考试条件_2026H1_夹角题题型.txt_36,2026H1,2026H1,夹角题题型,2026-04-08,广东02考场,夹角题-考试条件提取.docx,37,1,1,1、,coordinate;takeoff_return,起飞点经纬度：N:28°39’30”E:115°56’32”,28;39;30;115;56;32,°;度,起飞点,N:28°39’30”;E:115°56’32”,28°;115°,,,,
gcond_6499fd48f789,gcond_6499fd48f789,gctpl_c90132962a13,gsec_c53c8f6afacd,qbank_ea4090eca253,实操题库_地面站考试条件_2026H1_夹角题题型.txt_36,2026H1,2026H1,夹角题题型,2026-04-08,广东02考场,夹角题-考试条件提取.docx,37,2,2,2、,coordinate;speed_height;turn_hold_loop;bearing_angle;geometry;takeoff_return,"如上图所示，任务航线规划一个等边三角形，起飞点H到1点的距离 为80米， ∠A=30°任务航线1点到2点航线角度为NW,边长为a,所有 航线相对地面高度为b,水平速度为c,垂直速度为d,所有航点转 弯方式为停止转弯，停留时间3s;",1;80;30;1;2;3,s;°;度;米,起飞点,,30°,,80米,80米,
gcond_e91d243bffa3,gcond_e91d243bffa3,gctpl_ce8f81da2110,gsec_c53c8f6afacd,qbank_ea4090eca253,实操题库_地面站考试条件_2026H1_夹角题题型.txt_36,2026H1,2026H1,夹角题题型,2026-04-08,广东02考场,夹角题-考试条件提取.docx,37,3,3,3.,speed_height,"a值为80米，b值为20米，c值为3m/s,d值为2m/s。",80;20;3;2,m/s;米,,,,3m/s;2m/s,,,
gcond_a8c62f2e5d26,gcond_a8c62f2e5d26,gctpl_9033984ad8cf,gsec_3e87dc02fdb9,qbank_ea4090eca253,实操题库_地面站考试条件_2026H1_夹角题题型.txt_37,2026H1,2026H1,夹角题题型,2026-03-25,四川04考场,夹角题-考试条件提取.docx,38,1,1,1),speed_height,航线高度：100米,100,度;米,,,,,100米,,
gcond_9cb5accc7af6,gcond_9cb5accc7af6,gctpl_f60f22dbe062,gsec_3e87dc02fdb9,qbank_ea4090eca253,实操题库_地面站考试条件_2026H1_夹角题题型.txt_37,2026H1,2026H1,夹角题题型,2026-03-25,四川04考场,夹角题-考试条件提取.docx,38,2,2,2),geometry,航线（航点1-航点2）航线长度：500米,1;2;500,度;米,,,,,500米,500米,
gcond_6c521fcceca4,gcond_6c521fcceca4,gctpl_946674aa275b,gsec_3e87dc02fdb9,qbank_ea4090eca253,实操题库_地面站考试条件_2026H1_夹角题题型.txt_37,2026H1,2026H1,夹角题题型,2026-03-25,四川04考场,夹角题-考试条件提取.docx,38,3,3,3),geometry,航线（航点3-航点4）航线长度：1000米,3;4;1000,度;米,,,,,1000米,1000米,
gcond_dab84fca66d0,gcond_dab84fca66d0,gctpl_ef821fd4e0c8,gsec_3e87dc02fdb9,qbank_ea4090eca253,实操题库_地面站考试条件_2026H1_夹角题题型.txt_37,2026H1,2026H1,夹角题题型,2026-03-25,四川04考场,夹角题-考试条件提取.docx,38,4,4,4),bearing_angle,∠1夹角角度：90°,1;90,°;度,,,90°,,,,
gcond_9f2c5671b04e,gcond_9f2c5671b04e,gctpl_eca7141afd45,gsec_3e87dc02fdb9,qbank_ea4090eca253,实操题库_地面站考试条件_2026H1_夹角题题型.txt_37,2026H1,2026H1,夹角题题型,2026-03-25,四川04考场,夹角题-考试条件提取.docx,38,5,5,5),bearing_angle,∠4夹角角度：90°,4;90,°;度,,,90°,,,,
gcond_d37822dc73cc,gcond_d37822dc73cc,gctpl_5b6a66772166,gsec_3e87dc02fdb9,qbank_ea4090eca253,实操题库_地面站考试条件_2026H1_夹角题题型.txt_37,2026H1,2026H1,夹角题题型,2026-03-25,四川04考场,夹角题-考试条件提取.docx,38,6,6,6),bearing_angle,∠3夹角角度：45°,3;45,°;度,,,45°,,,,
gcond_66fa1e1a2055,gcond_66fa1e1a2055,gctpl_749e1677a3e1,gsec_3e87dc02fdb9,qbank_ea4090eca253,实操题库_地面站考试条件_2026H1_夹角题题型.txt_37,2026H1,2026H1,夹角题题型,2026-03-25,四川04考场,夹角题-考试条件提取.docx,38,7,7,7),speed_height,飞行器水平速度：6m/s,6,m/s;度,,,,6m/s,,,
gcond_f7952700d955,gcond_f7952700d955,gctpl_41c1d0902adb,gsec_3e87dc02fdb9,qbank_ea4090eca253,实操题库_地面站考试条件_2026H1_夹角题题型.txt_37,2026H1,2026H1,夹角题题型,2026-03-25,四川04考场,夹角题-考试条件提取.docx,38,8,8,8),speed_height,飞行器垂直速度：2m/s,2,m/s;度,,,,2m/s,,,
gcond_a9ca332a1a4c,gcond_a9ca332a1a4c,gctpl_b0bd6e357e7b,gsec_3e87dc02fdb9,qbank_ea4090eca253,实操题库_地面站考试条件_2026H1_夹角题题型.txt_37,2026H1,2026H1,夹角题题型,2026-03-25,四川04考场,夹角题-考试条件提取.docx,38,9,9,9),bearing_angle;geometry,航点3位于航点2方向：SW,3;2,S,,,,,,,
gcond_9d798ad8d727,gcond_9d798ad8d727,gctpl_5a7378cc3f78,gsec_3e87dc02fdb9,qbank_ea4090eca253,实操题库_地面站考试条件_2026H1_夹角题题型.txt_37,2026H1,2026H1,夹角题题型,2026-03-25,四川04考场,夹角题-考试条件提取.docx,38,10,10,10),turn_hold_loop,飞行器转弯模式：协调转弯,,,,,,,,,
gcond_8433f7e7ad3d,gcond_8433f7e7ad3d,gctpl_92ce473a9194,gsec_3e87dc02fdb9,qbank_ea4090eca253,实操题库_地面站考试条件_2026H1_夹角题题型.txt_37,2026H1,2026H1,夹角题题型,2026-03-25,四川04考场,夹角题-考试条件提取.docx,38,11,11,11),other,飞行任务执行次数：大于1次,1,,,,,,,,
gcond_6f3ded6601cb,gcond_6f3ded6601cb,gctpl_9294d44cb592,gsec_3e87dc02fdb9,qbank_ea4090eca253,实操题库_地面站考试条件_2026H1_夹角题题型.txt_37,2026H1,2026H1,夹角题题型,2026-03-25,四川04考场,夹角题-考试条件提取.docx,38,12,12,12),coordinate;speed_height;geometry;takeoff_return,Home点（起飞点&返航点）要求：经纬度：107.1685°28.2671°高度要求：40米,107.1685;28.2671;40,m;°;度;米,起飞点;返航点,,107.1685°;28.2671°,,40米,,
gcond_d27aca7dc9a7,gcond_d27aca7dc9a7,gctpl_3cece176930e,gsec_3e87dc02fdb9,qbank_ea4090eca253,实操题库_地面站考试条件_2026H1_夹角题题型.txt_37,2026H1,2026H1,夹角题题型,2026-03-25,四川04考场,夹角题-考试条件提取.docx,38,13,13,14),coordinate;bearing_angle;geometry;takeoff_return,Home点（起飞点&返航点）位置要求：∠H12=45°∠H14=135°、距离航点1：200米,12;45;14;135;1;200,m;°;米,起飞点;返航点,,45°;135°,,,200米,
gcond_048f9e02e4ef,gcond_048f9e02e4ef,gctpl_32cb20255e22,gsec_1342ad7a7409,qbank_ea4090eca253,实操题库_地面站考试条件_2026H1_夹角题题型.txt_38,2026H1,2026H1,夹角题题型,2026-03-26,重庆01考场,夹角题-考试条件提取.docx,39,1,1,1.,speed_height;bearing_angle;geometry,该任务航线为如图等边三角形，航线高度为60M,60,M;度,,,,,60M,,
gcond_472d3d29e6a2,gcond_472d3d29e6a2,gctpl_5501ef070a0c,gsec_1342ad7a7409,qbank_ea4090eca253,实操题库_地面站考试条件_2026H1_夹角题题型.txt_38,2026H1,2026H1,夹角题题型,2026-03-26,重庆01考场,夹角题-考试条件提取.docx,39,2,2,2.,bearing_angle;geometry,该等边三角形航线长度为120M,120,M;度,,,,,120M,120M,
gcond_882357d963f5,gcond_882357d963f5,gctpl_0bebc02f0b4c,gsec_1342ad7a7409,qbank_ea4090eca253,实操题库_地面站考试条件_2026H1_夹角题题型.txt_38,2026H1,2026H1,夹角题题型,2026-03-26,重庆01考场,夹角题-考试条件提取.docx,39,3,3,3.,coordinate;bearing_angle;geometry;takeoff_return,起飞点/返航点要求 ②点位于起飞点(NE)方向，距离80米,80,米,起飞点;返航点;②;起飞点,,,,,80米,
gcond_fc72e5aac547,gcond_fc72e5aac547,gctpl_46e4a7a81c7e,gsec_1342ad7a7409,qbank_ea4090eca253,实操题库_地面站考试条件_2026H1_夹角题题型.txt_38,2026H1,2026H1,夹角题题型,2026-03-26,重庆01考场,夹角题-考试条件提取.docx,39,4,4,4.,speed_height,水平速度为 5m/s,5,m/s;度,,,,5m/s,,,
gcond_1ad1f9dfd229,gcond_1ad1f9dfd229,gctpl_1f22521bd0a9,gsec_1342ad7a7409,qbank_ea4090eca253,实操题库_地面站考试条件_2026H1_夹角题题型.txt_38,2026H1,2026H1,夹角题题型,2026-03-26,重庆01考场,夹角题-考试条件提取.docx,39,5,5,5.,speed_height,垂直速度为 4m/s,4,m/s;度,,,,4m/s,,,
gcond_71ffbedde8d8,gcond_71ffbedde8d8,gctpl_f7cb188acbb4,gsec_1342ad7a7409,qbank_ea4090eca253,实操题库_地面站考试条件_2026H1_夹角题题型.txt_38,2026H1,2026H1,夹角题题型,2026-03-26,重庆01考场,夹角题-考试条件提取.docx,39,6,6,6.,bearing_angle;geometry,航向（或位置要求） ∠H②③=110°(夹角朝向图形外侧),110,°,②;③,,110°,,,,
gcond_06f9ea7542ab,gcond_06f9ea7542ab,gctpl_5a096cc2dfaa,gsec_1342ad7a7409,qbank_ea4090eca253,实操题库_地面站考试条件_2026H1_夹角题题型.txt_38,2026H1,2026H1,夹角题题型,2026-03-26,重庆01考场,夹角题-考试条件提取.docx,39,7,7,7.,turn_hold_loop,转弯模式为 停止转弯，各点停留时间5秒,5,秒,,,,,,,
gcond_1e735ebdee23,gcond_1e735ebdee23,gctpl_114aabff6e02,gsec_1342ad7a7409,qbank_ea4090eca253,实操题库_地面站考试条件_2026H1_夹角题题型.txt_38,2026H1,2026H1,夹角题题型,2026-03-26,重庆01考场,夹角题-考试条件提取.docx,39,8,8,8.,turn_hold_loop;geometry,是否循环执行 任务航线闭合不循环，任务完成后原地悬停,,,,,,,,,
gcond_bd6786162986,gcond_bd6786162986,gctpl_a5e26205a0fe,gsec_1342ad7a7409,qbank_ea4090eca253,实操题库_地面站考试条件_2026H1_夹角题题型.txt_38,2026H1,2026H1,夹角题题型,2026-03-26,重庆01考场,夹角题-考试条件提取.docx,39,9,9,9.,coordinate;geometry;takeoff_return,起飞点（返航点）经纬度：104.4615°，30.8697°,104.4615;30.8697,°;度,起飞点;返航点,,104.4615°;30.8697°,,,,
gcond_559a2779c196,gcond_559a2779c196,gctpl_4cbc7850de8b,gsec_1342ad7a7409,qbank_ea4090eca253,实操题库_地面站考试条件_2026H1_夹角题题型.txt_38,2026H1,2026H1,夹角题题型,2026-03-26,重庆01考场,夹角题-考试条件提取.docx,39,10,10,10.,speed_height;takeoff_return,起飞点高度比航线高度高10米,10,度;米,起飞点,,,,10米,,
gcond_5cc1035e22b4,gcond_5cc1035e22b4,gctpl_3f4616026959,gsec_454e9209e1fd,qbank_ea4090eca253,实操题库_地面站考试条件_2026H1_夹角题题型.txt_39,2026H1,2026H1,夹角题题型,2026-03-26,重庆01考场,夹角题-考试条件提取.docx,40,1,1,1.,speed_height;geometry,该任务航线为如图五边形，航线高度为70M,70,M;度,,,,,70M,,
gcond_8ed9a619871d,gcond_8ed9a619871d,gctpl_08c593422fa5,gsec_454e9209e1fd,qbank_ea4090eca253,实操题库_地面站考试条件_2026H1_夹角题题型.txt_39,2026H1,2026H1,夹角题题型,2026-03-26,重庆01考场,夹角题-考试条件提取.docx,40,2,2,2.,geometry,"该图形航线长度为 ①②③⑤构成正方形,④点为正方形中心点 正方形边长为160米",160,度;米,①;②;③;⑤;④,,,,,160米,
gcond_40571fa28ba4,gcond_40571fa28ba4,gctpl_dfec8c090a53,gsec_454e9209e1fd,qbank_ea4090eca253,实操题库_地面站考试条件_2026H1_夹角题题型.txt_39,2026H1,2026H1,夹角题题型,2026-03-26,重庆01考场,夹角题-考试条件提取.docx,40,3,3,3.,bearing_angle;geometry;takeoff_return,起飞点/返航点要求 ③点位于起飞点(SW)方向，距离120米,120,S;米,起飞点;返航点;③;起飞点,,,,,120米,
gcond_5de150a0e6d8,gcond_5de150a0e6d8,gctpl_96b0043ffdc6,gsec_454e9209e1fd,qbank_ea4090eca253,实操题库_地面站考试条件_2026H1_夹角题题型.txt_39,2026H1,2026H1,夹角题题型,2026-03-26,重庆01考场,夹角题-考试条件提取.docx,40,4,4,4.,speed_height,水平速度为 3m/s,3,m/s;度,,,,3m/s,,,
gcond_354b87f0c889,gcond_354b87f0c889,gctpl_afbfde15859f,gsec_454e9209e1fd,qbank_ea4090eca253,实操题库_地面站考试条件_2026H1_夹角题题型.txt_39,2026H1,2026H1,夹角题题型,2026-03-26,重庆01考场,夹角题-考试条件提取.docx,40,5,5,5.,speed_height,垂直速度为 2m/s,2,m/s;度,,,,2m/s,,,
gcond_cba392c28321,gcond_cba392c28321,gctpl_e9f85b96715b,gsec_454e9209e1fd,qbank_ea4090eca253,实操题库_地面站考试条件_2026H1_夹角题题型.txt_39,2026H1,2026H1,夹角题题型,2026-03-26,重庆01考场,夹角题-考试条件提取.docx,40,6,6,6.,bearing_angle;geometry,航向（或位置要求） ∠H③④=120°(夹角朝向图形外侧),120,°,③;④,,120°,,,,
gcond_abc797d5a1d2,gcond_abc797d5a1d2,gctpl_5a096cc2dfaa,gsec_454e9209e1fd,qbank_ea4090eca253,实操题库_地面站考试条件_2026H1_夹角题题型.txt_39,2026H1,2026H1,夹角题题型,2026-03-26,重庆01考场,夹角题-考试条件提取.docx,40,7,7,7.,turn_hold_loop,转弯模式为 停止转弯，各点停留时间5秒,5,秒,,,,,,,
gcond_dbafdad80ade,gcond_dbafdad80ade,gctpl_114aabff6e02,gsec_454e9209e1fd,qbank_ea4090eca253,实操题库_地面站考试条件_2026H1_夹角题题型.txt_39,2026H1,2026H1,夹角题题型,2026-03-26,重庆01考场,夹角题-考试条件提取.docx,40,8,8,8.,turn_hold_loop;geometry,是否循环执行 任务航线闭合不循环，任务完成后原地悬停,,,,,,,,,
gcond_0f38120a934c,gcond_0f38120a934c,gctpl_95a940f6404f,gsec_454e9209e1fd,qbank_ea4090eca253,实操题库_地面站考试条件_2026H1_夹角题题型.txt_39,2026H1,2026H1,夹角题题型,2026-03-26,重庆01考场,夹角题-考试条件提取.docx,40,9,9,9.,coordinate;geometry;takeoff_return,起飞点（返航点）经纬度：118.3736°，35.1884°,118.3736;35.1884,°;度,起飞点;返航点,,118.3736°;35.1884°,,,,
gcond_91487b77155e,gcond_91487b77155e,gctpl_3aa22e87ad79,gsec_454e9209e1fd,qbank_ea4090eca253,实操题库_地面站考试条件_2026H1_夹角题题型.txt_39,2026H1,2026H1,夹角题题型,2026-03-26,重庆01考场,夹角题-考试条件提取.docx,40,10,10,10.,speed_height;geometry;takeoff_return,起飞点（返航点）高度为120M,120,M;度,起飞点;返航点,,,,120M,,
gcond_828eb6076651,gcond_828eb6076651,gctpl_22cc55a26305,gsec_da66c7b69279,qbank_ea4090eca253,实操题库_地面站考试条件_2026H1_夹角题题型.txt_40,2026H1,2026H1,夹角题题型,2026-03-11,湖南01考场,夹角题-考试条件提取.docx,41,1,1,1.,speed_height;bearing_angle;geometry,该任务航线为如图直角三角形，航线高度为90M,90,M;度,,,,,90M,,
gcond_d03e1bf7575b,gcond_d03e1bf7575b,gctpl_4ef1c3d82751,gsec_da66c7b69279,qbank_ea4090eca253,实操题库_地面站考试条件_2026H1_夹角题题型.txt_40,2026H1,2026H1,夹角题题型,2026-03-11,湖南01考场,夹角题-考试条件提取.docx,41,2,2,2.,bearing_angle;geometry,该直角三角形航线边长为如图所示,,,,,,,,,
gcond_4d311e40c933,gcond_4d311e40c933,gctpl_ba42daf2e4b3,gsec_da66c7b69279,qbank_ea4090eca253,实操题库_地面站考试条件_2026H1_夹角题题型.txt_40,2026H1,2026H1,夹角题题型,2026-03-11,湖南01考场,夹角题-考试条件提取.docx,41,3,3,3.,bearing_angle;geometry;takeoff_return,"起飞点/返航点要求 起飞点到②点方向(SW),距离80米",80,S;米,起飞点;返航点;起飞点;②,,,,,80米,
gcond_54873fbf0398,gcond_54873fbf0398,gctpl_68e5d1d407b5,gsec_da66c7b69279,qbank_ea4090eca253,实操题库_地面站考试条件_2026H1_夹角题题型.txt_40,2026H1,2026H1,夹角题题型,2026-03-11,湖南01考场,夹角题-考试条件提取.docx,41,4,4,4.,speed_height,水平速度为 7m/s,7,m/s;度,,,,7m/s,,,
gcond_d4958ee3a8ea,gcond_d4958ee3a8ea,gctpl_1358a68d0099,gsec_da66c7b69279,qbank_ea4090eca253,实操题库_地面站考试条件_2026H1_夹角题题型.txt_40,2026H1,2026H1,夹角题题型,2026-03-11,湖南01考场,夹角题-考试条件提取.docx,41,5,5,5.,speed_height,垂直速度为 3m/s,3,m/s;度,,,,3m/s,,,
gcond_ee860429a4f4,gcond_ee860429a4f4,gctpl_3477c192978f,gsec_da66c7b69279,qbank_ea4090eca253,实操题库_地面站考试条件_2026H1_夹角题题型.txt_40,2026H1,2026H1,夹角题题型,2026-03-11,湖南01考场,夹角题-考试条件提取.docx,41,6,6,6.,bearing_angle;geometry,航向为（或位置要求） ∠H②①=50°(夹角朝向图形外侧),50,°,②;①,,50°,,,,
gcond_c586e1d264db,gcond_c586e1d264db,gctpl_d77b3fa53559,gsec_da66c7b69279,qbank_ea4090eca253,实操题库_地面站考试条件_2026H1_夹角题题型.txt_40,2026H1,2026H1,夹角题题型,2026-03-11,湖南01考场,夹角题-考试条件提取.docx,41,7,7,7.,turn_hold_loop,转弯模式为 停止转弯,,,,,,,,,
gcond_e805dd214b34,gcond_e805dd214b34,gctpl_179401c96f3c,gsec_da66c7b69279,qbank_ea4090eca253,实操题库_地面站考试条件_2026H1_夹角题题型.txt_40,2026H1,2026H1,夹角题题型,2026-03-11,湖南01考场,夹角题-考试条件提取.docx,41,8,8,8.,turn_hold_loop;geometry,是否循环执行 任务航线闭合不循环，任务完成后返航,,,,,,,,,
gcond_bae2d197ff6d,gcond_bae2d197ff6d,gctpl_200eecf55460,gsec_da66c7b69279,qbank_ea4090eca253,实操题库_地面站考试条件_2026H1_夹角题题型.txt_40,2026H1,2026H1,夹角题题型,2026-03-11,湖南01考场,夹角题-考试条件提取.docx,41,9,9,9.,coordinate;geometry;takeoff_return,起飞点（返航点）经纬度： 104.4615°，30.8697°（要求0误差）,104.4615;30.8697;0,°;度,起飞点;返航点,,104.4615°;30.8697°,,,,
gcond_84eac4a8f296,gcond_84eac4a8f296,gctpl_4cbc7850de8b,gsec_da66c7b69279,qbank_ea4090eca253,实操题库_地面站考试条件_2026H1_夹角题题型.txt_40,2026H1,2026H1,夹角题题型,2026-03-11,湖南01考场,夹角题-考试条件提取.docx,41,10,10,10.,speed_height;takeoff_return,起飞点高度比航线高度高10米,10,度;米,起飞点,,,,10米,,
gcond_ffc66b1295f8,gcond_ffc66b1295f8,gctpl_3f4616026959,gsec_89c93e3cf996,qbank_ea4090eca253,实操题库_地面站考试条件_2026H1_夹角题题型.txt_41,2026H1,2026H1,夹角题题型,2026-03-11,湖南01考场,夹角题-考试条件提取.docx,42,1,1,1.,speed_height;geometry,该任务航线为如图五边形，航线高度为70M,70,M;度,,,,,70M,,
gcond_8a07e270b00b,gcond_8a07e270b00b,gctpl_c65b1b5170ed,gsec_89c93e3cf996,qbank_ea4090eca253,实操题库_地面站考试条件_2026H1_夹角题题型.txt_41,2026H1,2026H1,夹角题题型,2026-03-11,湖南01考场,夹角题-考试条件提取.docx,42,2,2,2.,geometry,该图形航线长度为 ①②=②③=③④=④⑤=⑤①边=150米,150,度;米,①;②;②;③;③;④;④;⑤;⑤;①,,,,,,
gcond_ee6d76bcdd2a,gcond_ee6d76bcdd2a,gctpl_f33c38795948,gsec_89c93e3cf996,qbank_ea4090eca253,实操题库_地面站考试条件_2026H1_夹角题题型.txt_41,2026H1,2026H1,夹角题题型,2026-03-11,湖南01考场,夹角题-考试条件提取.docx,42,3,3,3.,coordinate;bearing_angle;geometry;takeoff_return,"起飞点/返航点要求 起飞点到①点方向(NW),距离120米 ④ ∠1=90°∠2=90°",120;1;90;2;90,°;米,起飞点;返航点;起飞点;①;④;1;2,,90°;90°,,,120米,
gcond_de1565e7d8a7,gcond_de1565e7d8a7,gctpl_cacb0b6f293c,gsec_89c93e3cf996,qbank_ea4090eca253,实操题库_地面站考试条件_2026H1_夹角题题型.txt_41,2026H1,2026H1,夹角题题型,2026-03-11,湖南01考场,夹角题-考试条件提取.docx,42,4,4,4.,speed_height,水平速度为 6m/s,6,m/s;度,,,,6m/s,,,
gcond_23396bdb0615,gcond_23396bdb0615,gctpl_1358a68d0099,gsec_89c93e3cf996,qbank_ea4090eca253,实操题库_地面站考试条件_2026H1_夹角题题型.txt_41,2026H1,2026H1,夹角题题型,2026-03-11,湖南01考场,夹角题-考试条件提取.docx,42,5,5,5.,speed_height,垂直速度为 3m/s,3,m/s;度,,,,3m/s,,,
gcond_25b381affe0a,gcond_25b381affe0a,gctpl_27ba9df9e56a,gsec_89c93e3cf996,qbank_ea4090eca253,实操题库_地面站考试条件_2026H1_夹角题题型.txt_41,2026H1,2026H1,夹角题题型,2026-03-11,湖南01考场,夹角题-考试条件提取.docx,42,6,6,6.,bearing_angle;geometry,航向（或位置要求） ∠H①⑤=75°(夹角朝向图形外侧),75,°,①;⑤,,75°,,,,
gcond_575cf5faa51c,gcond_575cf5faa51c,gctpl_d77b3fa53559,gsec_89c93e3cf996,qbank_ea4090eca253,实操题库_地面站考试条件_2026H1_夹角题题型.txt_41,2026H1,2026H1,夹角题题型,2026-03-11,湖南01考场,夹角题-考试条件提取.docx,42,7,7,7.,turn_hold_loop,转弯模式为 停止转弯,,,,,,,,,
gcond_cd6dd62108a5,gcond_cd6dd62108a5,gctpl_179401c96f3c,gsec_89c93e3cf996,qbank_ea4090eca253,实操题库_地面站考试条件_2026H1_夹角题题型.txt_41,2026H1,2026H1,夹角题题型,2026-03-11,湖南01考场,夹角题-考试条件提取.docx,42,8,8,8.,turn_hold_loop;geometry,是否循环执行 任务航线闭合不循环，任务完成后返航,,,,,,,,,
gcond_9bae1add3024,gcond_9bae1add3024,gctpl_95a940f6404f,gsec_89c93e3cf996,qbank_ea4090eca253,实操题库_地面站考试条件_2026H1_夹角题题型.txt_41,2026H1,2026H1,夹角题题型,2026-03-11,湖南01考场,夹角题-考试条件提取.docx,42,9,9,9.,coordinate;geometry;takeoff_return,起飞点（返航点）经纬度： 118.3736°，35.1884°,118.3736;35.1884,°;度,起飞点;返航点,,118.3736°;35.1884°,,,,
gcond_2c733acd9eb2,gcond_2c733acd9eb2,gctpl_e6533d80c7f6,gsec_89c93e3cf996,qbank_ea4090eca253,实操题库_地面站考试条件_2026H1_夹角题题型.txt_41,2026H1,2026H1,夹角题题型,2026-03-11,湖南01考场,夹角题-考试条件提取.docx,42,10,10,10.,speed_height;takeoff_return,起飞点高度比航线高度高20米,20,度;米,起飞点,,,,20米,,
gcond_e21adba48ee0,gcond_e21adba48ee0,gctpl_b3e9f262ff64,gsec_b79ec4dda0f3,qbank_ea4090eca253,实操题库_地面站考试条件_2026H1_夹角题题型.txt_42,2026H1,2026H1,夹角题题型,2026-04-06,内蒙古02考场,夹角题-考试条件提取.docx,43,1,1,1.,speed_height;bearing_angle;geometry,该任务航线为如图等边三角形，航线高度为110M,110,M;度,,,,,110M,,
gcond_cc808446e467,gcond_cc808446e467,gctpl_5501ef070a0c,gsec_b79ec4dda0f3,qbank_ea4090eca253,实操题库_地面站考试条件_2026H1_夹角题题型.txt_42,2026H1,2026H1,夹角题题型,2026-04-06,内蒙古02考场,夹角题-考试条件提取.docx,43,2,2,2.,bearing_angle;geometry,该等边三角形航线长度为120M,120,M;度,,,,,120M,120M,
gcond_635e5e1d2637,gcond_635e5e1d2637,gctpl_b14897d77783,gsec_b79ec4dda0f3,qbank_ea4090eca253,实操题库_地面站考试条件_2026H1_夹角题题型.txt_42,2026H1,2026H1,夹角题题型,2026-04-06,内蒙古02考场,夹角题-考试条件提取.docx,43,3,3,3.,coordinate;bearing_angle;geometry;takeoff_return,起飞点/返航点要求起飞点位于③点(NE)方向，距离80米,80,米,起飞点;返航点;起飞点;③,,,,,80米,
gcond_c6a77bf7c969,gcond_c6a77bf7c969,gctpl_cacb0b6f293c,gsec_b79ec4dda0f3,qbank_ea4090eca253,实操题库_地面站考试条件_2026H1_夹角题题型.txt_42,2026H1,2026H1,夹角题题型,2026-04-06,内蒙古02考场,夹角题-考试条件提取.docx,43,4,4,4.,speed_height,水平速度为 6m/s,6,m/s;度,,,,6m/s,,,
gcond_d51f329d73ba,gcond_d51f329d73ba,gctpl_1f22521bd0a9,gsec_b79ec4dda0f3,qbank_ea4090eca253,实操题库_地面站考试条件_2026H1_夹角题题型.txt_42,2026H1,2026H1,夹角题题型,2026-04-06,内蒙古02考场,夹角题-考试条件提取.docx,43,5,5,5.,speed_height,垂直速度为 4m/s,4,m/s;度,,,,4m/s,,,
gcond_71366ffcd462,gcond_71366ffcd462,gctpl_5919b0e7964e,gsec_b79ec4dda0f3,qbank_ea4090eca253,实操题库_地面站考试条件_2026H1_夹角题题型.txt_42,2026H1,2026H1,夹角题题型,2026-04-06,内蒙古02考场,夹角题-考试条件提取.docx,43,6,6,6.,bearing_angle;geometry,"航向为（或位置要求） ∠H③①=140° (夹角朝向图形外侧,夹角不经过图形内侧)",140,°,③;①,,140°,,,,
gcond_953df78f1262,gcond_953df78f1262,gctpl_f173396a94cf,gsec_b79ec4dda0f3,qbank_ea4090eca253,实操题库_地面站考试条件_2026H1_夹角题题型.txt_42,2026H1,2026H1,夹角题题型,2026-04-06,内蒙古02考场,夹角题-考试条件提取.docx,43,7,7,7.,turn_hold_loop,转弯模式为 停止转弯，各点停留时间7秒,7,秒,,,,,,,
gcond_3e1a5a68601c,gcond_3e1a5a68601c,gctpl_179401c96f3c,gsec_b79ec4dda0f3,qbank_ea4090eca253,实操题库_地面站考试条件_2026H1_夹角题题型.txt_42,2026H1,2026H1,夹角题题型,2026-04-06,内蒙古02考场,夹角题-考试条件提取.docx,43,8,8,8.,turn_hold_loop;geometry,是否循环执行 任务航线闭合不循环，任务完成后返航,,,,,,,,,
gcond_6b0f96c2e626,gcond_6b0f96c2e626,gctpl_ac6437c3006b,gsec_b79ec4dda0f3,qbank_ea4090eca253,实操题库_地面站考试条件_2026H1_夹角题题型.txt_42,2026H1,2026H1,夹角题题型,2026-04-06,内蒙古02考场,夹角题-考试条件提取.docx,43,9,9,9.,coordinate;geometry;takeoff_return,起飞点（返航点）经纬度：111.6913°，40.8953°（要求0误差）,111.6913;40.8953;0,°;度,起飞点;返航点,,111.6913°;40.8953°,,,,
gcond_9ef7441f6a71,gcond_9ef7441f6a71,gctpl_ffb868be72ee,gsec_b79ec4dda0f3,qbank_ea4090eca253,实操题库_地面站考试条件_2026H1_夹角题题型.txt_42,2026H1,2026H1,夹角题题型,2026-04-06,内蒙古02考场,夹角题-考试条件提取.docx,43,10,10,10.,speed_height;takeoff_return,起飞点高度为航线高度,,度,起飞点,,,,,,
gcond_4502bf4e1e77,gcond_4502bf4e1e77,gctpl_1fa59a6b237b,gsec_1a0d11fbbe6b,qbank_ea4090eca253,实操题库_地面站考试条件_2026H1_夹角题题型.txt_43,2026H1,2026H1,夹角题题型,2026-03-10,四川03考场,夹角题-考试条件提取.docx,44,1,1,1.,speed_height;geometry,该任务航线为如图四边形，航线高度为50M,50,M;度,,,,,50M,,
gcond_130c22bbfbb2,gcond_130c22bbfbb2,gctpl_dc25e9dd5a08,gsec_1a0d11fbbe6b,qbank_ea4090eca253,实操题库_地面站考试条件_2026H1_夹角题题型.txt_43,2026H1,2026H1,夹角题题型,2026-03-10,四川03考场,夹角题-考试条件提取.docx,44,2,2,2.,geometry,该图形航线长度为 ①④②③为正方形，边长180米,180,度;米,①;④;②;③,,,,,180米,
gcond_14c8e1e42c8c,gcond_14c8e1e42c8c,gctpl_5b865a5dc5a9,gsec_1a0d11fbbe6b,qbank_ea4090eca253,实操题库_地面站考试条件_2026H1_夹角题题型.txt_43,2026H1,2026H1,夹角题题型,2026-03-10,四川03考场,夹角题-考试条件提取.docx,44,3,3,3.,coordinate;bearing_angle;geometry;takeoff_return,"起飞点/返航点要求 起飞点到①点方向(NW),距离110米",110,米,起飞点;返航点;起飞点;①,,,,,110米,
gcond_2fb8c547f58a,gcond_2fb8c547f58a,gctpl_46e4a7a81c7e,gsec_1a0d11fbbe6b,qbank_ea4090eca253,实操题库_地面站考试条件_2026H1_夹角题题型.txt_43,2026H1,2026H1,夹角题题型,2026-03-10,四川03考场,夹角题-考试条件提取.docx,44,4,4,4.,speed_height,水平速度为 5m/s,5,m/s;度,,,,5m/s,,,
gcond_63cef36c1138,gcond_63cef36c1138,gctpl_1f22521bd0a9,gsec_1a0d11fbbe6b,qbank_ea4090eca253,实操题库_地面站考试条件_2026H1_夹角题题型.txt_43,2026H1,2026H1,夹角题题型,2026-03-10,四川03考场,夹角题-考试条件提取.docx,44,5,5,5.,speed_height,垂直速度为 4m/s,4,m/s;度,,,,4m/s,,,
gcond_42824694ceed,gcond_42824694ceed,gctpl_6f755c60ae8c,gsec_1a0d11fbbe6b,qbank_ea4090eca253,实操题库_地面站考试条件_2026H1_夹角题题型.txt_43,2026H1,2026H1,夹角题题型,2026-03-10,四川03考场,夹角题-考试条件提取.docx,44,6,6,6.,bearing_angle;geometry,航向为（或位置要求） ∠H①④=90°(夹角朝向图形外侧),90,°,①;④,,90°,,,,
gcond_fff9966d919b,gcond_fff9966d919b,gctpl_11b351a5cdbf,gsec_1a0d11fbbe6b,qbank_ea4090eca253,实操题库_地面站考试条件_2026H1_夹角题题型.txt_43,2026H1,2026H1,夹角题题型,2026-03-10,四川03考场,夹角题-考试条件提取.docx,44,7,7,7.,turn_hold_loop,转弯模式为 停止转弯，各点停留时间8秒,8,秒,,,,,,,
gcond_1f3abc4efcc6,gcond_1f3abc4efcc6,gctpl_114aabff6e02,gsec_1a0d11fbbe6b,qbank_ea4090eca253,实操题库_地面站考试条件_2026H1_夹角题题型.txt_43,2026H1,2026H1,夹角题题型,2026-03-10,四川03考场,夹角题-考试条件提取.docx,44,8,8,8.,turn_hold_loop;geometry,是否循环执行 任务航线闭合不循环，任务完成后原地悬停,,,,,,,,,
gcond_9a7740b33870,gcond_9a7740b33870,gctpl_8489f1fe9c9e,gsec_1a0d11fbbe6b,qbank_ea4090eca253,实操题库_地面站考试条件_2026H1_夹角题题型.txt_43,2026H1,2026H1,夹角题题型,2026-03-10,四川03考场,夹角题-考试条件提取.docx,44,9,9,9.,coordinate;geometry;takeoff_return,起飞点（返航点）经纬度：118.3766°，35.1884°,118.3766;35.1884,°;度,起飞点;返航点,,118.3766°;35.1884°,,,,
gcond_d57ff26ec9ea,gcond_d57ff26ec9ea,gctpl_ffb868be72ee,gsec_1a0d11fbbe6b,qbank_ea4090eca253,实操题库_地面站考试条件_2026H1_夹角题题型.txt_43,2026H1,2026H1,夹角题题型,2026-03-10,四川03考场,夹角题-考试条件提取.docx,44,10,10,10.,speed_height;takeoff_return,起飞点高度为航线高度,,度,起飞点,,,,,,
gcond_abcbc3f73432,gcond_abcbc3f73432,gctpl_b3d79ca12920,gsec_6600c9fef16e,qbank_ea4090eca253,实操题库_地面站考试条件_2026H1_夹角题题型.txt_44,2026H1,2026H1,夹角题题型,2026-04-13,安徽02考场,夹角题-考试条件提取.docx,45,1,1,1.,speed_height;bearing_angle;geometry,该等腰直角三角形航线高度为85M,85,M;度,,,,,85M,,
gcond_ef082c2e50b5,gcond_ef082c2e50b5,gctpl_8e624aac7259,gsec_6600c9fef16e,qbank_ea4090eca253,实操题库_地面站考试条件_2026H1_夹角题题型.txt_44,2026H1,2026H1,夹角题题型,2026-04-13,安徽02考场,夹角题-考试条件提取.docx,45,2,2,2.,bearing_angle;geometry,该等腰直角三角形航线边长为①②边及①③边边长120米,120,米,①;②;①;③,,,,,120米,
gcond_a79c672df91e,gcond_a79c672df91e,gctpl_df237a463309,gsec_6600c9fef16e,qbank_ea4090eca253,实操题库_地面站考试条件_2026H1_夹角题题型.txt_44,2026H1,2026H1,夹角题题型,2026-04-13,安徽02考场,夹角题-考试条件提取.docx,45,3,3,3.,bearing_angle;geometry;takeoff_return,起飞点/返航点要求 起飞点到③点40 米，∠H21为35° (H在三角形内),40;21;35,°;米,起飞点;返航点;起飞点;③,,35°,,,,
gcond_4778c9c6b84a,gcond_4778c9c6b84a,gctpl_46e4a7a81c7e,gsec_6600c9fef16e,qbank_ea4090eca253,实操题库_地面站考试条件_2026H1_夹角题题型.txt_44,2026H1,2026H1,夹角题题型,2026-04-13,安徽02考场,夹角题-考试条件提取.docx,45,4,4,4.,speed_height,水平速度为 5M/S,5,M/S;度,,,,5M/S,,,
gcond_5cf38bf5d0a6,gcond_5cf38bf5d0a6,gctpl_afbfde15859f,gsec_6600c9fef16e,qbank_ea4090eca253,实操题库_地面站考试条件_2026H1_夹角题题型.txt_44,2026H1,2026H1,夹角题题型,2026-04-13,安徽02考场,夹角题-考试条件提取.docx,45,5,5,5.,speed_height,垂直速度为 2M/S,2,M/S;度,,,,2M/S,,,
gcond_02f08462583a,gcond_02f08462583a,gctpl_c818100423a3,gsec_6600c9fef16e,qbank_ea4090eca253,实操题库_地面站考试条件_2026H1_夹角题题型.txt_44,2026H1,2026H1,夹角题题型,2026-04-13,安徽02考场,夹角题-考试条件提取.docx,45,6,6,6.,bearing_angle,航向为（或位置要求） ②点在③点(120°)方向,120,°,②;③,,120°,,,,
gcond_d07d2a09182d,gcond_d07d2a09182d,gctpl_bd92931046d2,gsec_6600c9fef16e,qbank_ea4090eca253,实操题库_地面站考试条件_2026H1_夹角题题型.txt_44,2026H1,2026H1,夹角题题型,2026-04-13,安徽02考场,夹角题-考试条件提取.docx,45,7,7,7.,turn_hold_loop,转弯模式为 停止转弯，1点停留时间3秒，后续 各点停留时间依次增加2秒,1;3;2,秒,,,,,,,
gcond_bfc0f49b1484,gcond_bfc0f49b1484,gctpl_2557fe793955,gsec_6600c9fef16e,qbank_ea4090eca253,实操题库_地面站考试条件_2026H1_夹角题题型.txt_44,2026H1,2026H1,夹角题题型,2026-04-13,安徽02考场,夹角题-考试条件提取.docx,45,8,8,8.,turn_hold_loop,是否循环执行 闭合不循环，任务结束后返航,,,,,,,,,
gcond_e344d2d3c9a5,gcond_e344d2d3c9a5,gctpl_db74522ebc6d,gsec_6600c9fef16e,qbank_ea4090eca253,实操题库_地面站考试条件_2026H1_夹角题题型.txt_44,2026H1,2026H1,夹角题题型,2026-04-13,安徽02考场,夹角题-考试条件提取.docx,45,9,9,9.,coordinate;takeoff_return,起飞点经纬度：106.8299°，29.6804°（要求0误差）,106.8299;29.6804;0,°;度,起飞点,,106.8299°;29.6804°,,,,
gcond_435ac8ae10c1,gcond_435ac8ae10c1,gctpl_59a517a17cf3,gsec_0d337a7b0712,qbank_ea4090eca253,实操题库_地面站考试条件_2026H1_夹角题题型.txt_45,2026H1,2026H1,夹角题题型,2026-04-13,安徽02考场,夹角题-考试条件提取.docx,46,1,1,1.,speed_height;bearing_angle;geometry,该等腰直角三角形航线高度为65M,65,M;度,,,,,65M,,
gcond_545195648fdf,gcond_545195648fdf,gctpl_6ee26161671c,gsec_0d337a7b0712,qbank_ea4090eca253,实操题库_地面站考试条件_2026H1_夹角题题型.txt_45,2026H1,2026H1,夹角题题型,2026-04-13,安徽02考场,夹角题-考试条件提取.docx,46,2,2,2.,bearing_angle;geometry,该等腰直角三角形航线边长为 ①②边及①③边边长100米,100,米,①;②;①;③,,,,,100米,
gcond_f26b0cc10a86,gcond_f26b0cc10a86,gctpl_53dd23f71ede,gsec_0d337a7b0712,qbank_ea4090eca253,实操题库_地面站考试条件_2026H1_夹角题题型.txt_45,2026H1,2026H1,夹角题题型,2026-04-13,安徽02考场,夹角题-考试条件提取.docx,46,3,3,3.,bearing_angle;geometry;takeoff_return,起飞点/返航点要求 起飞点到②点50米，∠H21为30° (H在三角形内),50;21;30,°;米,起飞点;返航点;起飞点;②,,30°,,,,
gcond_fbaef4d0d18b,gcond_fbaef4d0d18b,gctpl_46e4a7a81c7e,gsec_0d337a7b0712,qbank_ea4090eca253,实操题库_地面站考试条件_2026H1_夹角题题型.txt_45,2026H1,2026H1,夹角题题型,2026-04-13,安徽02考场,夹角题-考试条件提取.docx,46,4,4,4.,speed_height,水平速度为 5M/S,5,M/S;度,,,,5M/S,,,
gcond_5bcc1d08483d,gcond_5bcc1d08483d,gctpl_afbfde15859f,gsec_0d337a7b0712,qbank_ea4090eca253,实操题库_地面站考试条件_2026H1_夹角题题型.txt_45,2026H1,2026H1,夹角题题型,2026-04-13,安徽02考场,夹角题-考试条件提取.docx,46,5,5,5.,speed_height,垂直速度为 2M/S,2,M/S;度,,,,2M/S,,,
gcond_11314533ce59,gcond_11314533ce59,gctpl_d826ae09152c,gsec_0d337a7b0712,qbank_ea4090eca253,实操题库_地面站考试条件_2026H1_夹角题题型.txt_45,2026H1,2026H1,夹角题题型,2026-04-13,安徽02考场,夹角题-考试条件提取.docx,46,6,6,6.,bearing_angle,航向为（或位置要求） ②点在③点(100°)方向,100,°,②;③,,100°,,,,
gcond_d60585eb86cc,gcond_d60585eb86cc,gctpl_bd92931046d2,gsec_0d337a7b0712,qbank_ea4090eca253,实操题库_地面站考试条件_2026H1_夹角题题型.txt_45,2026H1,2026H1,夹角题题型,2026-04-13,安徽02考场,夹角题-考试条件提取.docx,46,7,7,7.,turn_hold_loop,转弯模式为 停止转弯，1点停留时间3秒，后续 各点停留时间依次增加2秒,1;3;2,秒,,,,,,,
gcond_25f484a83d64,gcond_25f484a83d64,gctpl_2557fe793955,gsec_0d337a7b0712,qbank_ea4090eca253,实操题库_地面站考试条件_2026H1_夹角题题型.txt_45,2026H1,2026H1,夹角题题型,2026-04-13,安徽02考场,夹角题-考试条件提取.docx,46,8,8,8.,turn_hold_loop,"是否循环执行 闭合不循环,任务结束后返航",,,,,,,,,
gcond_fd375801fa61,gcond_fd375801fa61,gctpl_db74522ebc6d,gsec_0d337a7b0712,qbank_ea4090eca253,实操题库_地面站考试条件_2026H1_夹角题题型.txt_45,2026H1,2026H1,夹角题题型,2026-04-13,安徽02考场,夹角题-考试条件提取.docx,46,9,9,9.,coordinate;takeoff_return,起飞点经纬度：106.8299°，29.6804°（要求0误差）,106.8299;29.6804;0,°;度,起飞点,,106.8299°;29.6804°,,,,
gcond_21ec99e8c4b6,gcond_21ec99e8c4b6,gctpl_8e42033d77aa,gsec_22dffbf389db,qbank_ea4090eca253,实操题库_地面站考试条件_2026H1_夹角题题型.txt_46,2026H1,2026H1,夹角题题型,2026-04-13,福建01考场,夹角题-考试条件提取.docx,47,1,1,1.,speed_height;geometry,该任务航线为如图五边形，航线高度为80M,80,M;度,,,,,80M,,
gcond_0b84524d9972,gcond_0b84524d9972,gctpl_64ad894b5dba,gsec_22dffbf389db,qbank_ea4090eca253,实操题库_地面站考试条件_2026H1_夹角题题型.txt_46,2026H1,2026H1,夹角题题型,2026-04-13,福建01考场,夹角题-考试条件提取.docx,47,2,2,2.,geometry,该图形航线长度为①②③⑤构成正方形，④点为正方形中心点 正方形边长为150米,150,度;米,①;②;③;⑤;④,,,,,150米,
gcond_fefe6c4871e5,gcond_fefe6c4871e5,gctpl_8d639eda225c,gsec_22dffbf389db,qbank_ea4090eca253,实操题库_地面站考试条件_2026H1_夹角题题型.txt_46,2026H1,2026H1,夹角题题型,2026-04-13,福建01考场,夹角题-考试条件提取.docx,47,3,3,3.,coordinate;bearing_angle;geometry;takeoff_return,"起飞点/返航点要求 起飞点位于①点(NW)方向,距离120米",120,米,起飞点;返航点;起飞点;①,,,,,120米,
gcond_6eaa15b0d3fe,gcond_6eaa15b0d3fe,gctpl_46e4a7a81c7e,gsec_22dffbf389db,qbank_ea4090eca253,实操题库_地面站考试条件_2026H1_夹角题题型.txt_46,2026H1,2026H1,夹角题题型,2026-04-13,福建01考场,夹角题-考试条件提取.docx,47,4,4,4.,speed_height,水平速度为 5 m/s,5,m/s;度,5,,,5 m/s,,,
gcond_c60c53e851b1,gcond_c60c53e851b1,gctpl_1f22521bd0a9,gsec_22dffbf389db,qbank_ea4090eca253,实操题库_地面站考试条件_2026H1_夹角题题型.txt_46,2026H1,2026H1,夹角题题型,2026-04-13,福建01考场,夹角题-考试条件提取.docx,47,5,5,5.,speed_height,垂直速度为 4m/s,4,m/s;度,,,,4m/s,,,
gcond_3c76da8bdf40,gcond_3c76da8bdf40,gctpl_734be10bf0e3,gsec_22dffbf389db,qbank_ea4090eca253,实操题库_地面站考试条件_2026H1_夹角题题型.txt_46,2026H1,2026H1,夹角题题型,2026-04-13,福建01考场,夹角题-考试条件提取.docx,47,6,6,6.,bearing_angle,航向（或位置要求） ∠H①⑤=120°，∠H①②=150°,120;150,°,①;⑤;①;②,,120°;150°,,,,
gcond_02875d3170ab,gcond_02875d3170ab,gctpl_b7504cda3c1d,gsec_22dffbf389db,qbank_ea4090eca253,实操题库_地面站考试条件_2026H1_夹角题题型.txt_46,2026H1,2026H1,夹角题题型,2026-04-13,福建01考场,夹角题-考试条件提取.docx,47,7,7,7.,turn_hold_loop,转弯模式为 停止转弯，各点停留时间9秒,9,秒,,,,,,,
gcond_d610e7b7553e,gcond_d610e7b7553e,gctpl_114aabff6e02,gsec_22dffbf389db,qbank_ea4090eca253,实操题库_地面站考试条件_2026H1_夹角题题型.txt_46,2026H1,2026H1,夹角题题型,2026-04-13,福建01考场,夹角题-考试条件提取.docx,47,8,8,8.,turn_hold_loop;geometry,是否循环执行 任务航线闭合不循环，任务完成后原地悬停,,,,,,,,,
gcond_a1b52b62a64d,gcond_a1b52b62a64d,gctpl_eb03996a642f,gsec_22dffbf389db,qbank_ea4090eca253,实操题库_地面站考试条件_2026H1_夹角题题型.txt_46,2026H1,2026H1,夹角题题型,2026-04-13,福建01考场,夹角题-考试条件提取.docx,47,9,9,9.,coordinate;geometry;takeoff_return,起飞点（返航点）经纬度：119.3776°，36.1884°（要求0误差）,119.3776;36.1884;0,°;度,起飞点;返航点,,119.3776°;36.1884°,,,,
gcond_22f7a83a6134,gcond_22f7a83a6134,gctpl_ffb868be72ee,gsec_22dffbf389db,qbank_ea4090eca253,实操题库_地面站考试条件_2026H1_夹角题题型.txt_46,2026H1,2026H1,夹角题题型,2026-04-13,福建01考场,夹角题-考试条件提取.docx,47,10,10,10.,speed_height;takeoff_return,起飞点高度为航线高度,,度,起飞点,,,,,,
gcond_c7fafa088c43,gcond_c7fafa088c43,gctpl_b26a4dd94b56,gsec_aea1d0275f4a,qbank_ea4090eca253,实操题库_地面站考试条件_2026H1_夹角题题型.txt_47,2026H1,2026H1,夹角题题型,2026-04-17,天津01考场,夹角题-考试条件提取.docx,48,1,1,1.,speed_height;geometry,该任务航线为如图正六边形，航线高度为75M,75,M;度,,,,,75M,,
gcond_c11333d55b4f,gcond_c11333d55b4f,gctpl_eeec21347ecc,gsec_aea1d0275f4a,qbank_ea4090eca253,实操题库_地面站考试条件_2026H1_夹角题题型.txt_47,2026H1,2026H1,夹角题题型,2026-04-17,天津01考场,夹角题-考试条件提取.docx,48,2,2,2.,geometry,该正六边形航线边长为150M,150,M,,,,,150M,150M,
gcond_62631e41fbaf,gcond_62631e41fbaf,gctpl_f6b07d001aa6,gsec_aea1d0275f4a,qbank_ea4090eca253,实操题库_地面站考试条件_2026H1_夹角题题型.txt_47,2026H1,2026H1,夹角题题型,2026-04-17,天津01考场,夹角题-考试条件提取.docx,48,3,3,3.,bearing_angle;geometry;takeoff_return,起飞点/返航点要求 ∠H①⑥=150°（夹角朝向图形外侧） H到①距离80米,150;80,°;米,起飞点;返航点;①;⑥;①,,150°,,,80米,
gcond_5402fe383a0a,gcond_5402fe383a0a,gctpl_cacb0b6f293c,gsec_aea1d0275f4a,qbank_ea4090eca253,实操题库_地面站考试条件_2026H1_夹角题题型.txt_47,2026H1,2026H1,夹角题题型,2026-04-17,天津01考场,夹角题-考试条件提取.docx,48,4,4,4.,speed_height,水平速度为 6m/s,6,m/s;度,,,,6m/s,,,
gcond_306f689fe808,gcond_306f689fe808,gctpl_1f22521bd0a9,gsec_aea1d0275f4a,qbank_ea4090eca253,实操题库_地面站考试条件_2026H1_夹角题题型.txt_47,2026H1,2026H1,夹角题题型,2026-04-17,天津01考场,夹角题-考试条件提取.docx,48,5,5,5.,speed_height,垂直速度为 4m/s,4,m/s;度,,,,4m/s,,,
gcond_a823d2284984,gcond_a823d2284984,gctpl_3c3cde398a99,gsec_aea1d0275f4a,qbank_ea4090eca253,实操题库_地面站考试条件_2026H1_夹角题题型.txt_47,2026H1,2026H1,夹角题题型,2026-04-17,天津01考场,夹角题-考试条件提取.docx,48,6,6,6.,coordinate;bearing_angle,航向为（或位置要求） ⑤位于④点(NW)方向,,,⑤;④,,,,,,
gcond_0efd061bd2d3,gcond_0efd061bd2d3,gctpl_6cc293f52b46,gsec_aea1d0275f4a,qbank_ea4090eca253,实操题库_地面站考试条件_2026H1_夹角题题型.txt_47,2026H1,2026H1,夹角题题型,2026-04-17,天津01考场,夹角题-考试条件提取.docx,48,7,7,7.,turn_hold_loop,转弯模式为 停止转弯，各点停留时间6秒,6,秒,,,,,,,
gcond_0ebc1cf8a193,gcond_0ebc1cf8a193,gctpl_114aabff6e02,gsec_aea1d0275f4a,qbank_ea4090eca253,实操题库_地面站考试条件_2026H1_夹角题题型.txt_47,2026H1,2026H1,夹角题题型,2026-04-17,天津01考场,夹角题-考试条件提取.docx,48,8,8,8.,turn_hold_loop;geometry,是否循环执行任务航线闭合不循环，任务完成后原地悬停,,,,,,,,,
gcond_fc876f98e135,gcond_fc876f98e135,gctpl_15054d9a91ac,gsec_aea1d0275f4a,qbank_ea4090eca253,实操题库_地面站考试条件_2026H1_夹角题题型.txt_47,2026H1,2026H1,夹角题题型,2026-04-17,天津01考场,夹角题-考试条件提取.docx,48,9,9,9.,coordinate;geometry;takeoff_return,起飞点（返航点）经纬度：118.3776°，35.1844°,118.3776;35.1844,°;度,起飞点;返航点,,118.3776°;35.1844°,,,,
gcond_9bd8cbb4e78f,gcond_9bd8cbb4e78f,gctpl_ffb868be72ee,gsec_aea1d0275f4a,qbank_ea4090eca253,实操题库_地面站考试条件_2026H1_夹角题题型.txt_47,2026H1,2026H1,夹角题题型,2026-04-17,天津01考场,夹角题-考试条件提取.docx,48,10,10,10.,speed_height;takeoff_return,起飞点高度为航线高度,,度,起飞点,,,,,,
gcond_fc4f000f7701,gcond_fc4f000f7701,gctpl_aa533973357d,gsec_374485f9ba23,qbank_ea4090eca253,实操题库_地面站考试条件_2026H1_夹角题题型.txt_48,2026H1,2026H1,夹角题题型,2026-04-17,天津01考场,夹角题-考试条件提取.docx,49,1,1,1.,speed_height;geometry,该任务航线为如图扫描航线，航线高度为60M,60,M;度,,,,,60M,,
gcond_53c43c524b6f,gcond_53c43c524b6f,gctpl_5c77059c1f3f,gsec_374485f9ba23,qbank_ea4090eca253,实操题库_地面站考试条件_2026H1_夹角题题型.txt_48,2026H1,2026H1,夹角题题型,2026-04-17,天津01考场,夹角题-考试条件提取.docx,49,2,2,2.,geometry,该扫描航线单边长度为200M,200,M;度,,,,,200M,200M,
gcond_de31dc1fb575,gcond_de31dc1fb575,gctpl_5641088b145a,gsec_374485f9ba23,qbank_ea4090eca253,实操题库_地面站考试条件_2026H1_夹角题题型.txt_48,2026H1,2026H1,夹角题题型,2026-04-17,天津01考场,夹角题-考试条件提取.docx,49,3,3,3.,other,该扫描航线间隔为 40M,40,M,,,,,40M,40M,
gcond_2f762561b080,gcond_2f762561b080,gctpl_f1f042beb138,gsec_374485f9ba23,qbank_ea4090eca253,实操题库_地面站考试条件_2026H1_夹角题题型.txt_48,2026H1,2026H1,夹角题题型,2026-04-17,天津01考场,夹角题-考试条件提取.docx,49,4,4,4.,coordinate;bearing_angle;geometry;takeoff_return,起飞点/返航点要求起飞点位于①点(SE)方向距离150米,150,S;米,起飞点;返航点;起飞点;①,,,,,150米,
gcond_c1b9bcebabe1,gcond_c1b9bcebabe1,gctpl_9159a8d0c781,gsec_374485f9ba23,qbank_ea4090eca253,实操题库_地面站考试条件_2026H1_夹角题题型.txt_48,2026H1,2026H1,夹角题题型,2026-04-17,天津01考场,夹角题-考试条件提取.docx,49,5,5,5.,speed_height,水平速度为 4 m/s,4,m/s;度,4,,,4 m/s,,,
gcond_3b162c721c44,gcond_3b162c721c44,gctpl_afbfde15859f,gsec_374485f9ba23,qbank_ea4090eca253,实操题库_地面站考试条件_2026H1_夹角题题型.txt_48,2026H1,2026H1,夹角题题型,2026-04-17,天津01考场,夹角题-考试条件提取.docx,49,6,6,5.,speed_height,垂直速度为 2 m/s,2,m/s;度,2,,,2 m/s,,,
gcond_6ac3bccdaacb,gcond_6ac3bccdaacb,gctpl_777c3653b640,gsec_374485f9ba23,qbank_ea4090eca253,实操题库_地面站考试条件_2026H1_夹角题题型.txt_48,2026H1,2026H1,夹角题题型,2026-04-17,天津01考场,夹角题-考试条件提取.docx,49,7,7,6.,bearing_angle;geometry,航向为（或位置要求） ∠H①②=80°(夹角朝向图形外侧),80,°,①;②,,80°,,,,
gcond_031d6431cb1f,gcond_031d6431cb1f,gctpl_5a096cc2dfaa,gsec_374485f9ba23,qbank_ea4090eca253,实操题库_地面站考试条件_2026H1_夹角题题型.txt_48,2026H1,2026H1,夹角题题型,2026-04-17,天津01考场,夹角题-考试条件提取.docx,49,8,8,7.,turn_hold_loop,转弯模式为 停止转弯，各点停留时间5秒,5,秒,,,,,,,
gcond_c4503f620812,gcond_c4503f620812,gctpl_6566d96f66f0,gsec_374485f9ba23,qbank_ea4090eca253,实操题库_地面站考试条件_2026H1_夹角题题型.txt_48,2026H1,2026H1,夹角题题型,2026-04-17,天津01考场,夹角题-考试条件提取.docx,49,9,9,8.,turn_hold_loop;geometry,是否循环执行 任务航线不循环，任务完成后返航,,,,,,,,,
gcond_d996366026f7,gcond_d996366026f7,gctpl_95a940f6404f,gsec_374485f9ba23,qbank_ea4090eca253,实操题库_地面站考试条件_2026H1_夹角题题型.txt_48,2026H1,2026H1,夹角题题型,2026-04-17,天津01考场,夹角题-考试条件提取.docx,49,10,10,9.,coordinate;geometry;takeoff_return,起飞点（返航点）经纬度：118.3736°，35.1884°,118.3736;35.1884,°;度,起飞点;返航点,,118.3736°;35.1884°,,,,
gcond_ce7ec9e328f0,gcond_ce7ec9e328f0,gctpl_ffb868be72ee,gsec_374485f9ba23,qbank_ea4090eca253,实操题库_地面站考试条件_2026H1_夹角题题型.txt_48,2026H1,2026H1,夹角题题型,2026-04-17,天津01考场,夹角题-考试条件提取.docx,49,11,11,10.,speed_height;takeoff_return,起飞点高度为航线高度,,度,起飞点,,,,,,
gcond_07b61c1f335e,gcond_07b61c1f335e,gctpl_5f40998d56fb,gsec_482d87dd0d5b,qbank_ea4090eca253,实操题库_地面站考试条件_2026H1_夹角题题型.txt_49,2026H1,2026H1,夹角题题型,2026-04-17,天津01考场,夹角题-考试条件提取.docx,50,1,1,1.,speed_height;geometry,该任务航线为如图五边形，航线高度为65M_,65,M;度,,,,,65M,,
gcond_43abcaf1524b,gcond_43abcaf1524b,gctpl_08c593422fa5,gsec_482d87dd0d5b,qbank_ea4090eca253,实操题库_地面站考试条件_2026H1_夹角题题型.txt_49,2026H1,2026H1,夹角题题型,2026-04-17,天津01考场,夹角题-考试条件提取.docx,50,2,2,2.,geometry,该图形航线长度为①②③⑤构成正方形，④点为正方形中心点 正方形边长为160米,160,度;米,①;②;③;⑤;④,,,,,160米,
gcond_135fc4d28aa6,gcond_135fc4d28aa6,gctpl_d8546837525c,gsec_482d87dd0d5b,qbank_ea4090eca253,实操题库_地面站考试条件_2026H1_夹角题题型.txt_49,2026H1,2026H1,夹角题题型,2026-04-17,天津01考场,夹角题-考试条件提取.docx,50,3,3,3.,bearing_angle;geometry;takeoff_return,起飞点/返航点要求 ∠H①⑤=150°(夹角朝向图形外侧) ④ H到①距离80米,150;80,°;米,起飞点;返航点;①;⑤;④;①,,150°,,,80米,
gcond_1fa9c9104cb7,gcond_1fa9c9104cb7,gctpl_46e4a7a81c7e,gsec_482d87dd0d5b,qbank_ea4090eca253,实操题库_地面站考试条件_2026H1_夹角题题型.txt_49,2026H1,2026H1,夹角题题型,2026-04-17,天津01考场,夹角题-考试条件提取.docx,50,4,4,4.,speed_height,水平速度为 5 m/s,5,m/s;度,5,,,5 m/s,,,
gcond_6689eae49c96,gcond_6689eae49c96,gctpl_1f22521bd0a9,gsec_482d87dd0d5b,qbank_ea4090eca253,实操题库_地面站考试条件_2026H1_夹角题题型.txt_49,2026H1,2026H1,夹角题题型,2026-04-17,天津01考场,夹角题-考试条件提取.docx,50,5,5,5.,speed_height,垂直速度为 4m/s,4,m/s;度,,,,4m/s,,,
gcond_4b22c356eb7f,gcond_4b22c356eb7f,gctpl_b7f86e1a4b49,gsec_482d87dd0d5b,qbank_ea4090eca253,实操题库_地面站考试条件_2026H1_夹角题题型.txt_49,2026H1,2026H1,夹角题题型,2026-04-17,天津01考场,夹角题-考试条件提取.docx,50,6,6,6.,coordinate;bearing_angle,航向（或位置要求） ⑤点位于④点(NW)方向,,,⑤;④,,,,,,
gcond_037935a2c330,gcond_037935a2c330,gctpl_f173396a94cf,gsec_482d87dd0d5b,qbank_ea4090eca253,实操题库_地面站考试条件_2026H1_夹角题题型.txt_49,2026H1,2026H1,夹角题题型,2026-04-17,天津01考场,夹角题-考试条件提取.docx,50,7,7,7.,turn_hold_loop,转弯模式为 停止转弯，各点停留时间7秒,7,秒,,,,,,,
gcond_d666136bf263,gcond_d666136bf263,gctpl_114aabff6e02,gsec_482d87dd0d5b,qbank_ea4090eca253,实操题库_地面站考试条件_2026H1_夹角题题型.txt_49,2026H1,2026H1,夹角题题型,2026-04-17,天津01考场,夹角题-考试条件提取.docx,50,8,8,8.,turn_hold_loop;geometry,是否循环执行 任务航线闭合不循环，任务完成后原地悬停,,,,,,,,,
gcond_df55da1a174c,gcond_df55da1a174c,gctpl_15054d9a91ac,gsec_482d87dd0d5b,qbank_ea4090eca253,实操题库_地面站考试条件_2026H1_夹角题题型.txt_49,2026H1,2026H1,夹角题题型,2026-04-17,天津01考场,夹角题-考试条件提取.docx,50,9,9,9.,coordinate;geometry;takeoff_return,起飞点（返航点）经纬度：118.3776°，35.1844°,118.3776;35.1844,°;度,起飞点;返航点,,118.3776°;35.1844°,,,,
gcond_48f132678d7b,gcond_48f132678d7b,gctpl_ffb868be72ee,gsec_482d87dd0d5b,qbank_ea4090eca253,实操题库_地面站考试条件_2026H1_夹角题题型.txt_49,2026H1,2026H1,夹角题题型,2026-04-17,天津01考场,夹角题-考试条件提取.docx,50,10,10,10.,speed_height;takeoff_return,起飞点高度为航线高度,,度,起飞点,,,,,,
gcond_411794f99c78,gcond_411794f99c78,gctpl_8e42033d77aa,gsec_31ec1cad4ebf,qbank_ea4090eca253,实操题库_地面站考试条件_2026H1_夹角题题型.txt_50,2026H1,2026H1,夹角题题型,2026-04-17,天津01考场,夹角题-考试条件提取.docx,51,1,1,1.,speed_height;geometry,该任务航线为如图五边形，航线高度为80M,80,M;度,,,,,80M,,
gcond_f9898fee8299,gcond_f9898fee8299,gctpl_64ad894b5dba,gsec_31ec1cad4ebf,qbank_ea4090eca253,实操题库_地面站考试条件_2026H1_夹角题题型.txt_50,2026H1,2026H1,夹角题题型,2026-04-17,天津01考场,夹角题-考试条件提取.docx,51,2,2,2.,geometry,该图形航线长度为①②③⑤构成正方形，④点为正方形中心点 正方形边长为150米,150,度;米,①;②;③;⑤;④,,,,,150米,
gcond_3896a3c403c6,gcond_3896a3c403c6,gctpl_8d639eda225c,gsec_31ec1cad4ebf,qbank_ea4090eca253,实操题库_地面站考试条件_2026H1_夹角题题型.txt_50,2026H1,2026H1,夹角题题型,2026-04-17,天津01考场,夹角题-考试条件提取.docx,51,3,3,3.,coordinate;bearing_angle;geometry;takeoff_return,起飞点/返航点要求 起飞点位于①点(NW)方向，距离120米,120,米,起飞点;返航点;起飞点;①,,,,,120米,
gcond_1871c10e7acc,gcond_1871c10e7acc,gctpl_46e4a7a81c7e,gsec_31ec1cad4ebf,qbank_ea4090eca253,实操题库_地面站考试条件_2026H1_夹角题题型.txt_50,2026H1,2026H1,夹角题题型,2026-04-17,天津01考场,夹角题-考试条件提取.docx,51,4,4,4.,speed_height,水平速度为 5 m/s,5,m/s;度,5,,,5 m/s,,,
gcond_1731cc8fb8db,gcond_1731cc8fb8db,gctpl_1f22521bd0a9,gsec_31ec1cad4ebf,qbank_ea4090eca253,实操题库_地面站考试条件_2026H1_夹角题题型.txt_50,2026H1,2026H1,夹角题题型,2026-04-17,天津01考场,夹角题-考试条件提取.docx,51,5,5,5.,speed_height,垂直速度为 4 m/s,4,m/s;度,4,,,4 m/s,,,
gcond_2006e45e62ad,gcond_2006e45e62ad,gctpl_734be10bf0e3,gsec_31ec1cad4ebf,qbank_ea4090eca253,实操题库_地面站考试条件_2026H1_夹角题题型.txt_50,2026H1,2026H1,夹角题题型,2026-04-17,天津01考场,夹角题-考试条件提取.docx,51,6,6,6.,bearing_angle,航向（或位置要求） ∠H①⑤=120°，∠H①②=150°,120;150,°,①;⑤;①;②,,120°;150°,,,,
gcond_b9673913dea1,gcond_b9673913dea1,gctpl_b7504cda3c1d,gsec_31ec1cad4ebf,qbank_ea4090eca253,实操题库_地面站考试条件_2026H1_夹角题题型.txt_50,2026H1,2026H1,夹角题题型,2026-04-17,天津01考场,夹角题-考试条件提取.docx,51,7,7,7.,turn_hold_loop,转弯模式为 停止转弯，各点停留时间9秒,9,秒,,,,,,,
gcond_c3b0017ccc90,gcond_c3b0017ccc90,gctpl_114aabff6e02,gsec_31ec1cad4ebf,qbank_ea4090eca253,实操题库_地面站考试条件_2026H1_夹角题题型.txt_50,2026H1,2026H1,夹角题题型,2026-04-17,天津01考场,夹角题-考试条件提取.docx,51,8,8,8.,turn_hold_loop;geometry,是否循环执行 任务航线闭合不循环，任务完成后原地悬停,,,,,,,,,
gcond_7b0746deb288,gcond_7b0746deb288,gctpl_4f51eaebc676,gsec_31ec1cad4ebf,qbank_ea4090eca253,实操题库_地面站考试条件_2026H1_夹角题题型.txt_50,2026H1,2026H1,夹角题题型,2026-04-17,天津01考场,夹角题-考试条件提取.docx,51,9,9,9.,coordinate;geometry;takeoff_return,起飞点（返航点）经纬度：119.3776°，36.1884°,119.3776;36.1884,°;度,起飞点;返航点,,119.3776°;36.1884°,,,,
gcond_dbe7a31b131c,gcond_dbe7a31b131c,gctpl_ffb868be72ee,gsec_31ec1cad4ebf,qbank_ea4090eca253,实操题库_地面站考试条件_2026H1_夹角题题型.txt_50,2026H1,2026H1,夹角题题型,2026-04-17,天津01考场,夹角题-考试条件提取.docx,51,10,10,10.,speed_height;takeoff_return,起飞点高度为航线高度,,度,起飞点,,,,,,
gcond_638211debcc5,gcond_638211debcc5,gctpl_44efead6294d,gsec_bfc5c1bff7e0,qbank_ea4090eca253,实操题库_地面站考试条件_2026H1_夹角题题型.txt_51,2026H1,2026H1,夹角题题型,2026-04-17,天津01考场,夹角题-考试条件提取.docx,52,1,1,1.,speed_height;bearing_angle;geometry,该任务航线为如图直角梯形，航线高度为85M,85,M;度,,,,,85M,,
gcond_13e0a39f66b9,gcond_13e0a39f66b9,gctpl_e3a910bc3983,gsec_bfc5c1bff7e0,qbank_ea4090eca253,实操题库_地面站考试条件_2026H1_夹角题题型.txt_51,2026H1,2026H1,夹角题题型,2026-04-17,天津01考场,夹角题-考试条件提取.docx,52,2,2,2.,bearing_angle;geometry,该直角梯形航线长度为如图所示，∠④=45°,45,°;度,④,,45°,,,,
gcond_0e0a34276cde,gcond_0e0a34276cde,gctpl_aef1e03c9814,gsec_bfc5c1bff7e0,qbank_ea4090eca253,实操题库_地面站考试条件_2026H1_夹角题题型.txt_51,2026H1,2026H1,夹角题题型,2026-04-17,天津01考场,夹角题-考试条件提取.docx,52,3,3,3.,bearing_angle;geometry;takeoff_return,起飞点/返航点要求起飞点位于①点(SW)方向80米处,80,S;米,起飞点;返航点;起飞点;①,,,,,80米,
gcond_f4966021772f,gcond_f4966021772f,gctpl_46e4a7a81c7e,gsec_bfc5c1bff7e0,qbank_ea4090eca253,实操题库_地面站考试条件_2026H1_夹角题题型.txt_51,2026H1,2026H1,夹角题题型,2026-04-17,天津01考场,夹角题-考试条件提取.docx,52,4,4,4.,speed_height,水平速度为 5 m/s,5,m/s;度,5,,,5 m/s,,,
gcond_a2cd296cf6a7,gcond_a2cd296cf6a7,gctpl_1358a68d0099,gsec_bfc5c1bff7e0,qbank_ea4090eca253,实操题库_地面站考试条件_2026H1_夹角题题型.txt_51,2026H1,2026H1,夹角题题型,2026-04-17,天津01考场,夹角题-考试条件提取.docx,52,5,5,5.,speed_height,垂直速度为 3 m/s,3,m/s;度,3,,,3 m/s,,,
gcond_c8e11014e05f,gcond_c8e11014e05f,gctpl_380ceaeb7eed,gsec_bfc5c1bff7e0,qbank_ea4090eca253,实操题库_地面站考试条件_2026H1_夹角题题型.txt_51,2026H1,2026H1,夹角题题型,2026-04-17,天津01考场,夹角题-考试条件提取.docx,52,6,6,6.,bearing_angle;geometry,航向为（或位置要求）∠H①④=120°（夹角朝向图形外侧）,120,°,①;④,,120°,,,,
gcond_12aa3474fe2e,gcond_12aa3474fe2e,gctpl_f173396a94cf,gsec_bfc5c1bff7e0,qbank_ea4090eca253,实操题库_地面站考试条件_2026H1_夹角题题型.txt_51,2026H1,2026H1,夹角题题型,2026-04-17,天津01考场,夹角题-考试条件提取.docx,52,7,7,7.,turn_hold_loop,转弯模式为 停止转弯，各点停留时间7秒,7,秒,,,,,,,
gcond_89d6e3381608,gcond_89d6e3381608,gctpl_114aabff6e02,gsec_bfc5c1bff7e0,qbank_ea4090eca253,实操题库_地面站考试条件_2026H1_夹角题题型.txt_51,2026H1,2026H1,夹角题题型,2026-04-17,天津01考场,夹角题-考试条件提取.docx,52,8,8,8.,turn_hold_loop;geometry,是否循环执行任务航线闭合不循环，任务完成后原地悬停,,,,,,,,,
gcond_c4bc01d0de61,gcond_c4bc01d0de61,gctpl_6fbea340aa6b,gsec_bfc5c1bff7e0,qbank_ea4090eca253,实操题库_地面站考试条件_2026H1_夹角题题型.txt_51,2026H1,2026H1,夹角题题型,2026-04-17,天津01考场,夹角题-考试条件提取.docx,52,9,9,9.,coordinate;geometry;takeoff_return,起飞点（返航点）经纬度：104.4625°，30.8667°,104.4625;30.8667,°;度,起飞点;返航点,,104.4625°;30.8667°,,,,
gcond_d0ff03dc176f,gcond_d0ff03dc176f,gctpl_ffb868be72ee,gsec_bfc5c1bff7e0,qbank_ea4090eca253,实操题库_地面站考试条件_2026H1_夹角题题型.txt_51,2026H1,2026H1,夹角题题型,2026-04-17,天津01考场,夹角题-考试条件提取.docx,52,10,10,10.,speed_height;takeoff_return,起飞点高度为航线高度,,度,起飞点,,,,,,
gcond_c4a5bca27012,gcond_c4a5bca27012,gctpl_44efead6294d,gsec_a9f20af5fecb,qbank_ea4090eca253,实操题库_地面站考试条件_2026H1_夹角题题型.txt_52,2026H1,2026H1,夹角题题型,2026-04-17,天津01考场,夹角题-考试条件提取.docx,53,1,1,1.,speed_height;bearing_angle;geometry,该任务航线为如图直角梯形，航线高度为85M,85,M;度,,,,,85M,,
gcond_0be2208dc3c7,gcond_0be2208dc3c7,gctpl_ac6f22b625ea,gsec_a9f20af5fecb,qbank_ea4090eca253,实操题库_地面站考试条件_2026H1_夹角题题型.txt_52,2026H1,2026H1,夹角题题型,2026-04-17,天津01考场,夹角题-考试条件提取.docx,53,2,2,2.,bearing_angle;geometry,该直角梯形航线长度为如图，∠④=60° H到①距离80米,60;80,°;度;米,④;①,,60°,,,80米,
gcond_b8fc330c34a2,gcond_b8fc330c34a2,gctpl_30ca525f1c6c,gsec_a9f20af5fecb,qbank_ea4090eca253,实操题库_地面站考试条件_2026H1_夹角题题型.txt_52,2026H1,2026H1,夹角题题型,2026-04-17,天津01考场,夹角题-考试条件提取.docx,53,3,3,3.,bearing_angle;geometry;takeoff_return,起飞点/返航点要求∠H①④=150°（夹角朝向图形外侧）,150,°,起飞点;返航点;①;④,,150°,,,,
gcond_b9fd84b20e4c,gcond_b9fd84b20e4c,gctpl_46e4a7a81c7e,gsec_a9f20af5fecb,qbank_ea4090eca253,实操题库_地面站考试条件_2026H1_夹角题题型.txt_52,2026H1,2026H1,夹角题题型,2026-04-17,天津01考场,夹角题-考试条件提取.docx,53,4,4,4.,speed_height,水平速度为 5 m/s,5,m/s;度,5,,,5 m/s,,,
gcond_dd82feeda26f,gcond_dd82feeda26f,gctpl_1f22521bd0a9,gsec_a9f20af5fecb,qbank_ea4090eca253,实操题库_地面站考试条件_2026H1_夹角题题型.txt_52,2026H1,2026H1,夹角题题型,2026-04-17,天津01考场,夹角题-考试条件提取.docx,53,5,5,5.,speed_height,垂直速度为 4m/s,4,m/s;度,,,,4m/s,,,
gcond_c4ab7344c17b,gcond_c4ab7344c17b,gctpl_68cd0ce1e418,gsec_a9f20af5fecb,qbank_ea4090eca253,实操题库_地面站考试条件_2026H1_夹角题题型.txt_52,2026H1,2026H1,夹角题题型,2026-04-17,天津01考场,夹角题-考试条件提取.docx,53,6,6,6.,coordinate;bearing_angle,航向为（或位置要求）③点位于④点NW方向,,,③;④,,,,,,
gcond_170bec20ac1f,gcond_170bec20ac1f,gctpl_6cc293f52b46,gsec_a9f20af5fecb,qbank_ea4090eca253,实操题库_地面站考试条件_2026H1_夹角题题型.txt_52,2026H1,2026H1,夹角题题型,2026-04-17,天津01考场,夹角题-考试条件提取.docx,53,7,7,7.,turn_hold_loop,转弯模式为 停止转弯，各点停留时间6秒,6,秒,,,,,,,
gcond_572677a6bf97,gcond_572677a6bf97,gctpl_114aabff6e02,gsec_a9f20af5fecb,qbank_ea4090eca253,实操题库_地面站考试条件_2026H1_夹角题题型.txt_52,2026H1,2026H1,夹角题题型,2026-04-17,天津01考场,夹角题-考试条件提取.docx,53,8,8,8.,turn_hold_loop;geometry,是否循环执行任务航线闭合不循环，任务完成后原地悬停,,,,,,,,,
gcond_31c73f23311d,gcond_31c73f23311d,gctpl_4e56e12cc474,gsec_a9f20af5fecb,qbank_ea4090eca253,实操题库_地面站考试条件_2026H1_夹角题题型.txt_52,2026H1,2026H1,夹角题题型,2026-04-17,天津01考场,夹角题-考试条件提取.docx,53,9,9,9.,coordinate;geometry;takeoff_return,起飞点（返航点）经纬度：104.4675°，30.8657°,104.4675;30.8657,°;度,起飞点;返航点,,104.4675°;30.8657°,,,,
gcond_c657dd82a0d4,gcond_c657dd82a0d4,gctpl_ffb868be72ee,gsec_a9f20af5fecb,qbank_ea4090eca253,实操题库_地面站考试条件_2026H1_夹角题题型.txt_52,2026H1,2026H1,夹角题题型,2026-04-17,天津01考场,夹角题-考试条件提取.docx,53,10,10,10.,speed_height;takeoff_return,起飞点高度为航线高度,,度,起飞点,,,,,,
gcond_43f3d15d3e80,gcond_43f3d15d3e80,gctpl_f0f8eec7f716,gsec_a22bf082e7a2,qbank_efe2c2be2cc6,实操题库_地面站考试条件_2026H1_时钟夹角题题型.txt_0,2026H1,2026H1,时钟夹角题题型,2026-06-02,天津03考场,时钟夹角题-考试条件提取.docx,1,1,1,1.,speed_height;geometry,该任务航线为如图五边形，航线高度为65M,65,M;度,,,,,65M,,
gcond_4d63ab43c3fe,gcond_4d63ab43c3fe,gctpl_ad1a88728858,gsec_a22bf082e7a2,qbank_efe2c2be2cc6,实操题库_地面站考试条件_2026H1_时钟夹角题题型.txt_0,2026H1,2026H1,时钟夹角题题型,2026-06-02,天津03考场,时钟夹角题-考试条件提取.docx,1,2,2,2.,geometry,该图形航线长度为 任务航线每条边长为300米处,300,度;米,,,,,300米,300米,
gcond_4552c818fd38,gcond_4552c818fd38,gctpl_a8481265cf3c,gsec_a22bf082e7a2,qbank_efe2c2be2cc6,实操题库_地面站考试条件_2026H1_时钟夹角题题型.txt_0,2026H1,2026H1,时钟夹角题题型,2026-06-02,天津03考场,时钟夹角题-考试条件提取.docx,1,3,3,3.,bearing_angle;geometry;takeoff_return,起飞点/返航点要求 起飞点位于③号点正南方向300M,300,M,起飞点;返航点;起飞点;③,,,,,300M,
gcond_5da3487bd9d4,gcond_5da3487bd9d4,gctpl_17a85131661d,gsec_a22bf082e7a2,qbank_efe2c2be2cc6,实操题库_地面站考试条件_2026H1_时钟夹角题题型.txt_0,2026H1,2026H1,时钟夹角题题型,2026-06-02,天津03考场,时钟夹角题-考试条件提取.docx,1,4,4,4.,speed_height,水平速度 14.4km/h,14.4,km/h;度,,,,14.4km/h,,,
gcond_507e756f7a82,gcond_507e756f7a82,gctpl_98109ba72541,gsec_a22bf082e7a2,qbank_efe2c2be2cc6,实操题库_地面站考试条件_2026H1_时钟夹角题题型.txt_0,2026H1,2026H1,时钟夹角题题型,2026-06-02,天津03考场,时钟夹角题-考试条件提取.docx,1,5,5,5.,speed_height,垂直速度 7.2 km/h,7.2,km/h;度,7;2,,,7.2 km/h,,,
gcond_94782bd4bcc3,gcond_94782bd4bcc3,gctpl_e89183239534,gsec_a22bf082e7a2,qbank_efe2c2be2cc6,实操题库_地面站考试条件_2026H1_时钟夹角题题型.txt_0,2026H1,2026H1,时钟夹角题题型,2026-06-02,天津03考场,时钟夹角题-考试条件提取.docx,1,6,6,6.,bearing_angle,航向（或位置要求） ⑤点到③点航向角为1：30分 (时针与分针夹角),1;30,,⑤;③,,,,,,
gcond_2e2f91e1a51b,gcond_2e2f91e1a51b,gctpl_13f3d4089c3f,gsec_a22bf082e7a2,qbank_efe2c2be2cc6,实操题库_地面站考试条件_2026H1_时钟夹角题题型.txt_0,2026H1,2026H1,时钟夹角题题型,2026-06-02,天津03考场,时钟夹角题-考试条件提取.docx,1,7,7,7.,turn_hold_loop,转弯模式为 停止转弯，③点和⑤点停留5秒， 其余各点协调转弯,5,秒,③;⑤,,,,,,
gcond_9d200ffe17fa,gcond_9d200ffe17fa,gctpl_a0970eb569df,gsec_a22bf082e7a2,qbank_efe2c2be2cc6,实操题库_地面站考试条件_2026H1_时钟夹角题题型.txt_0,2026H1,2026H1,时钟夹角题题型,2026-06-02,天津03考场,时钟夹角题-考试条件提取.docx,1,8,8,8.,turn_hold_loop;takeoff_return,航线要求 手动闭合，任务完成后返回起飞点,,,起飞点,,,,,,
gcond_778c19c323c6,gcond_778c19c323c6,gctpl_2d4cd124d2ae,gsec_a22bf082e7a2,qbank_efe2c2be2cc6,实操题库_地面站考试条件_2026H1_时钟夹角题题型.txt_0,2026H1,2026H1,时钟夹角题题型,2026-06-02,天津03考场,时钟夹角题-考试条件提取.docx,1,9,9,9.,coordinate;takeoff_return,起飞点经纬度：E112°2925”，N37°4640”,112;2925;37;4640,°;度,起飞点,E112°2925”;N37°4640”,112°;37°,,,,
gcond_f188f43979a4,gcond_f188f43979a4,gctpl_9b6e825aa008,gsec_a22bf082e7a2,qbank_efe2c2be2cc6,实操题库_地面站考试条件_2026H1_时钟夹角题题型.txt_0,2026H1,2026H1,时钟夹角题题型,2026-06-02,天津03考场,时钟夹角题-考试条件提取.docx,1,10,10,10.,speed_height;takeoff_return,起飞点高度比航线高度高30M,30,M;度,起飞点,,,,30M,,
gcond_e3a399a968c7,gcond_e3a399a968c7,gctpl_2a04dce81ad9,gsec_6c9c81e46b46,qbank_efe2c2be2cc6,实操题库_地面站考试条件_2026H1_时钟夹角题题型.txt_1,2026H1,2026H1,时钟夹角题题型,2026-06-09,,时钟夹角题-考试条件提取.docx,2,1,1,1、,bearing_angle;geometry;takeoff_return,起飞点/返航点要求：H-①=H-④，∠H ①②=∠H④③=105,105,,起飞点;返航点;①;④;①;②;④;③,,,,,,
gcond_6a2d20aa141f,gcond_6a2d20aa141f,gctpl_b8d5ef742080,gsec_6c9c81e46b46,qbank_efe2c2be2cc6,实操题库_地面站考试条件_2026H1_时钟夹角题题型.txt_1,2026H1,2026H1,时钟夹角题题型,2026-06-09,,时钟夹角题-考试条件提取.docx,2,2,2,2、,bearing_angle,航向（或位置要求）：②-③的航向为2 点30分，时针与分针的夹角。,2;30,,②;③,,,,,,
gcond_77d05099efba,gcond_77d05099efba,gctpl_cdd5fdf40aea,gsec_6c9c81e46b46,qbank_efe2c2be2cc6,实操题库_地面站考试条件_2026H1_时钟夹角题题型.txt_1,2026H1,2026H1,时钟夹角题题型,2026-06-09,,时钟夹角题-考试条件提取.docx,2,3,3,3、,coordinate;takeoff_return,起飞点经纬度：E:104.4615°，N30.86 97°,104.4615;30.86;97,°;度,起飞点,E:104.4615;N30.86,104.4615°;97°,,,,
gcond_ede58af29033,gcond_ede58af29033,gctpl_c8230b195683,gsec_6c9c81e46b46,qbank_efe2c2be2cc6,实操题库_地面站考试条件_2026H1_时钟夹角题题型.txt_1,2026H1,2026H1,时钟夹角题题型,2026-06-09,,时钟夹角题-考试条件提取.docx,2,4,4,4、,speed_height;takeoff_return,起飞点高度为航线高度。,,度,起飞点,,,,,,
gcond_10c1940f161d,gcond_10c1940f161d,gctpl_c6e5ec83e7de,gsec_6c9c81e46b46,qbank_efe2c2be2cc6,实操题库_地面站考试条件_2026H1_时钟夹角题题型.txt_1,2026H1,2026H1,时钟夹角题题型,2026-06-09,,时钟夹角题-考试条件提取.docx,2,5,5,1、,speed_height;geometry,该任务航线为如图四边形，航线高度为100m。,100,m;度,,,,,100m,,
gcond_bc82b818706c,gcond_bc82b818706c,gctpl_54e3bc7e859c,gsec_6c9c81e46b46,qbank_efe2c2be2cc6,实操题库_地面站考试条件_2026H1_时钟夹角题题型.txt_1,2026H1,2026H1,时钟夹角题题型,2026-06-09,,时钟夹角题-考试条件提取.docx,2,6,6,2、,geometry,该图形航线长度：①③②④为正方形，边长120m。,120,m;度,①;③;②;④,,,,,120m,
gcond_ef5f54a7c055,gcond_ef5f54a7c055,gctpl_6a910387f0bc,gsec_6c9c81e46b46,qbank_efe2c2be2cc6,实操题库_地面站考试条件_2026H1_时钟夹角题题型.txt_1,2026H1,2026H1,时钟夹角题题型,2026-06-09,,时钟夹角题-考试条件提取.docx,2,7,7,3、,speed_height,"水平速度为5m/s,垂直速度为2m/s。",5;2,m/s;度,,,,5m/s;2m/s,,,
gcond_4b054c22d740,gcond_4b054c22d740,gctpl_088607f434d9,gsec_6c9c81e46b46,qbank_efe2c2be2cc6,实操题库_地面站考试条件_2026H1_时钟夹角题题型.txt_1,2026H1,2026H1,时钟夹角题题型,2026-06-09,,时钟夹角题-考试条件提取.docx,2,8,8,4、,turn_hold_loop,转弯模式：定点转弯，各点停留时间2秒。,2,秒,,,,,,,
gcond_cfc974dc3b16,gcond_cfc974dc3b16,gctpl_757ec0791882,gsec_6c9c81e46b46,qbank_efe2c2be2cc6,实操题库_地面站考试条件_2026H1_时钟夹角题题型.txt_1,2026H1,2026H1,时钟夹角题题型,2026-06-09,,时钟夹角题-考试条件提取.docx,2,9,9,5、,turn_hold_loop;geometry,是否循环执行：任务航线闭合循环，任务完成后返航悬停。,,,,,,,,,
gcond_626e7a74a2fb,gcond_626e7a74a2fb,gctpl_080c49eab36e,gsec_8e0ae22dfb95,qbank_7cb07e6ab374,实操题库_地面站考试条件_2026H1_空域限制或地形限制题型.txt_0,2026H1,2026H1,空域限制或地形限制题型,2026-04-06,山西03考场,空域限制或地形限制题-考试条件提取.docx,1,1,1,(一),coordinate;speed_height;turn_hold_loop;bearing_angle;geometry,"与 的相对方位由委任代表根 据现场环境等情况进行决定。按图规划一个闭合的任务航线不循环 执行，①③、②③、②④、①④边长为300米，①点相对地面高度为 a,②点相对地面高度为b,③点相对地面高度为c，④点相对地面 高度为d，水平速度为e，垂直速度为f，转弯模式为停止转弯， 停留时间2s;",300;2,s;度;米,①;③;②;③;②;④;①;④;①;②;③;④,,,,300米,300米,
gcond_189bd2a28d60,gcond_189bd2a28d60,gctpl_28c5ff68b543,gsec_8e0ae22dfb95,qbank_7cb07e6ab374,实操题库_地面站考试条件_2026H1_空域限制或地形限制题型.txt_0,2026H1,2026H1,空域限制或地形限制题型,2026-04-06,山西03考场,空域限制或地形限制题-考试条件提取.docx,1,2,2,(二),coordinate;speed_height,"a值为20米，b值为25米，c值为30m,d值为20m, e值为2m/s,f值为2m/s",20;25;30;20;2;2,m;m/s;米,,,,2m/s;2m/s,,,
gcond_9939bdd2d63b,gcond_9939bdd2d63b,gctpl_25b90a70e62b,gsec_8e0ae22dfb95,qbank_7cb07e6ab374,实操题库_地面站考试条件_2026H1_空域限制或地形限制题型.txt_0,2026H1,2026H1,空域限制或地形限制题型,2026-04-06,山西03考场,空域限制或地形限制题-考试条件提取.docx,1,3,3,1、,coordinate;takeoff_return,"起飞点经纬度： N:28°39'30"" E:115°56'32”",28;39;30;115;56;32,°;度,起飞点,"N:28°39'30"";E:115°56'32”",28°;115°,,,,
gcond_442308be7000,gcond_442308be7000,gctpl_1b39ed964f04,gsec_8e0ae22dfb95,qbank_7cb07e6ab374,实操题库_地面站考试条件_2026H1_空域限制或地形限制题型.txt_0,2026H1,2026H1,空域限制或地形限制题型,2026-04-06,山西03考场,空域限制或地形限制题-考试条件提取.docx,1,4,4,2、,restriction;geometry;takeoff_return,由于空域限制，飞机 不能由起飞点直飞任务 航线的航点1，需由起飞 点起飞先向西南方向平 飞500米，再向东南方向 平飞500米，到达任务航 线的航点1。,1;500;500;1,米,起飞点,,,,,500米;500米,
gcond_7342feda5c6b,gcond_7342feda5c6b,gctpl_d208d72560f9,gsec_8e0ae22dfb95,qbank_7cb07e6ab374,实操题库_地面站考试条件_2026H1_空域限制或地形限制题型.txt_0,2026H1,2026H1,空域限制或地形限制题型,2026-04-06,山西03考场,空域限制或地形限制题-考试条件提取.docx,1,5,5,3、,bearing_angle;geometry,如图所以任务航点3 4航向角15°,3;4;15,°,,,15°,,,,ocr_possible_typo
gcond_9633d93c4a19,gcond_9633d93c4a19,gctpl_9fb7798370e6,gsec_9290d567c47b,qbank_7cb07e6ab374,实操题库_地面站考试条件_2026H1_空域限制或地形限制题型.txt_1,2026H1,2026H1,空域限制或地形限制题型,2026-04-07,江西01考场,空域限制或地形限制题-考试条件提取.docx,2,1,1,(一),speed_height;turn_hold_loop;bearing_angle;geometry;takeoff_return,与 的相对方位由委任代表根据 现场环境等情况进行决定。于起飞点前规划一个等边三角形并循环执 行，边长为a，航线相对地面高度为b，转弯方式为停止转弯，停 留时间不作要求；,,度,起飞点,,,,,,
gcond_2738e6afefbe,gcond_2738e6afefbe,gctpl_75783575b479,gsec_9290d567c47b,qbank_7cb07e6ab374,实操题库_地面站考试条件_2026H1_空域限制或地形限制题型.txt_1,2026H1,2026H1,空域限制或地形限制题型,2026-04-07,江西01考场,空域限制或地形限制题-考试条件提取.docx,2,2,2,(二),bearing_angle,a值为30米，b值为30米。（航线方位及各数值可由 委任代表按实际情况进行调整，考题以委任代表规定数值为准),30;30,米,,,,,30米;30米,,
gcond_a6b6c96600d5,gcond_a6b6c96600d5,gctpl_df8a03529fa2,gsec_9290d567c47b,qbank_7cb07e6ab374,实操题库_地面站考试条件_2026H1_空域限制或地形限制题型.txt_1,2026H1,2026H1,空域限制或地形限制题型,2026-04-07,江西01考场,空域限制或地形限制题-考试条件提取.docx,2,3,3,1、,coordinate;takeoff_return,起飞点H经纬度： N:31.223344 E:119.556677 (保留小数点后6位),31.223344;119.556677;6,度,起飞点,N:31.223344;E:119.556677,,,,,
gcond_546542bc8190,gcond_546542bc8190,gctpl_536a7c10b9b1,gsec_9290d567c47b,qbank_7cb07e6ab374,实操题库_地面站考试条件_2026H1_空域限制或地形限制题型.txt_1,2026H1,2026H1,空域限制或地形限制题型,2026-04-07,江西01考场,空域限制或地形限制题-考试条件提取.docx,2,4,4,2、,restriction;geometry,因地形限制，飞机需从起飞 点先向西北飞行200米，再向 南飞行50米，到达图形1点,200;50;1,米,,,,,,200米;50米,
gcond_a51de020402b,gcond_a51de020402b,gctpl_d5bb26f9a2a1,gsec_9290d567c47b,qbank_7cb07e6ab374,实操题库_地面站考试条件_2026H1_空域限制或地形限制题型.txt_1,2026H1,2026H1,空域限制或地形限制题型,2026-04-07,江西01考场,空域限制或地形限制题-考试条件提取.docx,2,5,5,3、,other,3-2点西偏北70°,3;2;70,°,3,,70°,,,,
gcond_06dc571c20c4,gcond_06dc571c20c4,gctpl_854e333f0500,gsec_a3ef9cd51cac,qbank_7cb07e6ab374,实操题库_地面站考试条件_2026H1_空域限制或地形限制题型.txt_2,2026H1,2026H1,空域限制或地形限制题型,2026-04-07,江西01考场,空域限制或地形限制题-考试条件提取.docx,3,1,1,(一),speed_height;turn_hold_loop;bearing_angle;takeoff_return,"与 的相对方位由委任代表根据 现场环境等情况进行决定。按图于起飞点前规划扫描航线，航线长度 为a,航线间隔为b,航线相对地面高度为c,水平速度为d,转弯 模式为停止转弯，停留时间不作要求；",,度,起飞点,,,,,,
gcond_af7fd28a6448,gcond_af7fd28a6448,gctpl_97520118456f,gsec_a3ef9cd51cac,qbank_7cb07e6ab374,实操题库_地面站考试条件_2026H1_空域限制或地形限制题型.txt_2,2026H1,2026H1,空域限制或地形限制题型,2026-04-07,江西01考场,空域限制或地形限制题-考试条件提取.docx,3,2,2,(二),speed_height;bearing_angle,"a值为30米（误差≤±3米），b值为10米（误差 ≤±1米)，c值为30m,d值为3m/s。 (航线方位及各数值 可由委任代表按实际情况进行调整，考题以委任代表规定数值为准)",30;3;10;1;30;3,m;m/s;米,,,,3m/s,,,
gcond_d8ba89eb4474,gcond_d8ba89eb4474,gctpl_6e59a9ba3975,gsec_a3ef9cd51cac,qbank_7cb07e6ab374,实操题库_地面站考试条件_2026H1_空域限制或地形限制题型.txt_2,2026H1,2026H1,空域限制或地形限制题型,2026-04-07,江西01考场,空域限制或地形限制题-考试条件提取.docx,3,3,3,1、,coordinate;takeoff_return,起飞点经纬度： N:31.223344° E:119.556677° (保留小数点后6位),31.223344;119.556677;6,°;度,起飞点,N:31.223344;E:119.556677,31.223344°;119.556677°,,,,
gcond_23367ebfefad,gcond_23367ebfefad,gctpl_536a7c10b9b1,gsec_a3ef9cd51cac,qbank_7cb07e6ab374,实操题库_地面站考试条件_2026H1_空域限制或地形限制题型.txt_2,2026H1,2026H1,空域限制或地形限制题型,2026-04-07,江西01考场,空域限制或地形限制题-考试条件提取.docx,3,4,4,2、,restriction;geometry;takeoff_return,因地形限制，飞机需从 起飞点先向西北飞行200 米，再向南飞行50米， 到达图形1点,200;50;1,米,起飞点,,,,,200 米;50米,
gcond_a7cca90c8b85,gcond_a7cca90c8b85,gctpl_8544b296a3dc,gsec_a3ef9cd51cac,qbank_7cb07e6ab374,实操题库_地面站考试条件_2026H1_空域限制或地形限制题型.txt_2,2026H1,2026H1,空域限制或地形限制题型,2026-04-07,江西01考场,空域限制或地形限制题-考试条件提取.docx,3,5,5,3、,other,2点位于3点西偏北70° 方向,2;3;70,°,,,70°,,,,
gcond_6f6905dd0119,gcond_6f6905dd0119,gctpl_1469ae500e98,gsec_9c67fa1c38ad,qbank_7cb07e6ab374,实操题库_地面站考试条件_2026H1_空域限制或地形限制题型.txt_3,2026H1,2026H1,空域限制或地形限制题型,2026-04-07,江西01考场,空域限制或地形限制题-考试条件提取.docx,4,1,1,(一),speed_height;turn_hold_loop;bearing_angle;geometry;takeoff_return,"与 的相对方位由委任代表根据 现场环境等情况进行决定。于起飞点前规划一个等腰直角三角形并 循环执行，①②边长为a1,①③边长为a2,∠①为直角，航线相对地 面高度为b，水平速度为℃，转弯方式为停止转弯，停留时闻不作 要求；",1;2,度,起飞点;①;②;①;③;①,,,,,,
gcond_b0ff7914b9e9,gcond_b0ff7914b9e9,gctpl_3d78338a6bfd,gsec_9c67fa1c38ad,qbank_7cb07e6ab374,实操题库_地面站考试条件_2026H1_空域限制或地形限制题型.txt_3,2026H1,2026H1,空域限制或地形限制题型,2026-04-07,江西01考场,空域限制或地形限制题-考试条件提取.docx,4,2,2,(二),speed_height;bearing_angle,a1、a2值为30米，b值为30米，c值为3m/s。 (航线方位及各数值可由委任代表按实际情况进行调整，考题以委 任代表规定数值为准),1;2;30;30;3,m/s;米,,,,3m/s,,,
gcond_e68d4f7cf63c,gcond_e68d4f7cf63c,gctpl_7823554ea0c9,gsec_9c67fa1c38ad,qbank_7cb07e6ab374,实操题库_地面站考试条件_2026H1_空域限制或地形限制题型.txt_3,2026H1,2026H1,空域限制或地形限制题型,2026-04-07,江西01考场,空域限制或地形限制题-考试条件提取.docx,4,3,3,1、,coordinate;takeoff_return,起飞点经纬度： N:30°23′46” E:118°14'28”,30;23;46;118;14;28,°;度,起飞点,N:30°23′46”;E:118°14'28”,30°;118°,,,,
gcond_130f81a09ffd,gcond_130f81a09ffd,gctpl_7e6288e1443d,gsec_9c67fa1c38ad,qbank_7cb07e6ab374,实操题库_地面站考试条件_2026H1_空域限制或地形限制题型.txt_3,2026H1,2026H1,空域限制或地形限制题型,2026-04-07,江西01考场,空域限制或地形限制题-考试条件提取.docx,4,4,4,2、,bearing_angle,H-1点距离100米，H-1点 与2-1航向相同,1;100;1;2;1,米,,,,,,100米,
gcond_484e8df4ad4f,gcond_484e8df4ad4f,gctpl_7bc021c1159b,gsec_9c67fa1c38ad,qbank_7cb07e6ab374,实操题库_地面站考试条件_2026H1_空域限制或地形限制题型.txt_3,2026H1,2026H1,空域限制或地形限制题型,2026-04-07,江西01考场,空域限制或地形限制题-考试条件提取.docx,4,5,5,3、,turn_hold_loop,定点转弯，停留时间6秒,6,秒,,,,,,,
gcond_221d7e3b0ff2,gcond_221d7e3b0ff2,gctpl_d027b19ac2a4,gsec_6846c0094f54,qbank_7cb07e6ab374,实操题库_地面站考试条件_2026H1_空域限制或地形限制题型.txt_4,2026H1,2026H1,空域限制或地形限制题型,2026-04-07,江西01考场,空域限制或地形限制题-考试条件提取.docx,5,1,1,(一),coordinate;speed_height;turn_hold_loop;bearing_angle;geometry;takeoff_return,"与 的相对方位由委任代表根据 现场环境等情况进行决定。按图于起飞点前规划一个五边形并循环执 行，①②边及②③边的边长为a,∠②=∠④=∠①为90°，航线相 对地面高度为b，水平速度为c，转弯模式为停止转弯，各点停留 时间为e；",90,°;度,起飞点;①;②;②;③;②;④;①,,90°,,,,
gcond_912aeb34c24c,gcond_912aeb34c24c,gctpl_2dc5b9c4bd68,gsec_6846c0094f54,qbank_7cb07e6ab374,实操题库_地面站考试条件_2026H1_空域限制或地形限制题型.txt_4,2026H1,2026H1,空域限制或地形限制题型,2026-04-07,江西01考场,空域限制或地形限制题-考试条件提取.docx,5,2,2,(二),coordinate;speed_height;bearing_angle,"a值为30米，b值为30米，c值为3m/s,e值为2s。 (航线方位及各数值可由委任代表按实际情况进行调整，考题以委任 代表规定数值为准)",30;30;3;2,m/s;s;米,,,,3m/s,,,
gcond_98bde48bd991,gcond_98bde48bd991,gctpl_0398c82fb884,gsec_6846c0094f54,qbank_7cb07e6ab374,实操题库_地面站考试条件_2026H1_空域限制或地形限制题型.txt_4,2026H1,2026H1,空域限制或地形限制题型,2026-04-07,江西01考场,空域限制或地形限制题-考试条件提取.docx,5,3,3,1、,coordinate;geometry,"航点1经纬度： N:29°15′50"" E:120.456789° (保留小数点后6位)",1;29;15;50;120.456789;6,°;度,,"N:29°15′50"";E:120.456789",29°;120.456789°,,,,
gcond_e1642b54943d,gcond_e1642b54943d,gctpl_6ffd441194ce,gsec_6846c0094f54,qbank_7cb07e6ab374,实操题库_地面站考试条件_2026H1_空域限制或地形限制题型.txt_4,2026H1,2026H1,空域限制或地形限制题型,2026-04-07,江西01考场,空域限制或地形限制题-考试条件提取.docx,5,4,4,2、,restriction;geometry;takeoff_return,因地形限制，飞机需从 起飞点先向东飞行100米， 再向北飞行300米，到达 航点1。,100;300;1,米,起飞点,,,,,100米;300米,
gcond_7b1f17704bfa,gcond_7b1f17704bfa,gctpl_f91807b3efb1,gsec_6846c0094f54,qbank_7cb07e6ab374,实操题库_地面站考试条件_2026H1_空域限制或地形限制题型.txt_4,2026H1,2026H1,空域限制或地形限制题型,2026-04-07,江西01考场,空域限制或地形限制题-考试条件提取.docx,5,5,5,3、,other,2点位于1点东偏南65° 方向,2;1;65,°,,,65°,,,,
gcond_4c54053e8c4b,gcond_4c54053e8c4b,gctpl_63f514c1b250,gsec_7683a410334c,qbank_7cb07e6ab374,实操题库_地面站考试条件_2026H1_空域限制或地形限制题型.txt_5,2026H1,2026H1,空域限制或地形限制题型,2026-04-07,江西01考场,空域限制或地形限制题-考试条件提取.docx,6,1,1,(一),speed_height;turn_hold_loop;bearing_angle;geometry;takeoff_return,"与 的相对方位由委任代表根据 现场环境等情况进行决定。按图于起飞点前规划一个四边形并循环执 行，①②边、②③边边长为a,③④边边长为b,∠②=∠③=90° 航线相对地面高度为c，水平速度为d，转弯模式为停止转弯，停 留时间不作要求；",90,°;度,起飞点;①;②;②;③;③;④;②;③,,90°,,,,
gcond_34a39a79bf04,gcond_34a39a79bf04,gctpl_0a90fed6939d,gsec_7683a410334c,qbank_7cb07e6ab374,实操题库_地面站考试条件_2026H1_空域限制或地形限制题型.txt_5,2026H1,2026H1,空域限制或地形限制题型,2026-04-07,江西01考场,空域限制或地形限制题-考试条件提取.docx,6,2,2,(二),speed_height;bearing_angle,"a值为20米，b值为30米，c值为30m,d值为 3m/s。(航线方位及各数值可由委任代表按实际情况进行调整， 考题以委任代表规定数值为准)",20;30;30;3,m;m/s;米,,,,3m/s,,,
gcond_493b5eabeeeb,gcond_493b5eabeeeb,gctpl_6e59a9ba3975,gsec_7683a410334c,qbank_7cb07e6ab374,实操题库_地面站考试条件_2026H1_空域限制或地形限制题型.txt_5,2026H1,2026H1,空域限制或地形限制题型,2026-04-07,江西01考场,空域限制或地形限制题-考试条件提取.docx,6,3,3,1、,coordinate;takeoff_return,起飞点经纬度： N:31.223344° E:119.556677° (保留小数点后6位),31.223344;119.556677;6,°;度,起飞点,N:31.223344;E:119.556677,31.223344°;119.556677°,,,,
gcond_5bb5a000b235,gcond_5bb5a000b235,gctpl_b0d8a1239215,gsec_7683a410334c,qbank_7cb07e6ab374,实操题库_地面站考试条件_2026H1_空域限制或地形限制题型.txt_5,2026H1,2026H1,空域限制或地形限制题型,2026-04-07,江西01考场,空域限制或地形限制题-考试条件提取.docx,6,4,4,2、,restriction;geometry;takeoff_return,因地形限制，飞机需从 起飞点先向西北飞行200 米，再向南飞行50米， 到达图形1点。,200;50;1,米,起飞点,,,,,200 米;50米,
gcond_6a7b101870ba,gcond_6a7b101870ba,gctpl_20ca337c7d7f,gsec_7683a410334c,qbank_7cb07e6ab374,实操题库_地面站考试条件_2026H1_空域限制或地形限制题型.txt_5,2026H1,2026H1,空域限制或地形限制题型,2026-04-07,江西01考场,空域限制或地形限制题-考试条件提取.docx,6,5,5,3、,other,2点位于3点西偏北70 方向,2;3;70,,,,,,,,
gcond_526b61688587,gcond_526b61688587,gctpl_8f24538facc2,gsec_59ee935d87d8,qbank_7cb07e6ab374,实操题库_地面站考试条件_2026H1_空域限制或地形限制题型.txt_6,2026H1,2026H1,空域限制或地形限制题型,2026-04-07,江西01考场,空域限制或地形限制题-考试条件提取.docx,7,1,1,(一),speed_height;turn_hold_loop;bearing_angle;geometry;takeoff_return,"与 的相对方位由委任代表根据 现场环境等情况进行决定。按图于起飞点前规划一个闭合图形并循环 执行，各点之间距离不小于20米，①点相对地面高度为a，②点相 对地面高度为b,③点相对地面高度为c,④点相对地面高度为d, 水平速度为f，∠①=∠②=∠③=∠④=45°，转弯模式为停止转弯， 停留时间不作要求；",20;45,°;度;米,起飞点;①;②;③;④;①;②;③;④,,45°,,20米,20米,
gcond_0a869b35a22d,gcond_0a869b35a22d,gctpl_89ca33d2124a,gsec_59ee935d87d8,qbank_7cb07e6ab374,实操题库_地面站考试条件_2026H1_空域限制或地形限制题型.txt_6,2026H1,2026H1,空域限制或地形限制题型,2026-04-07,江西01考场,空域限制或地形限制题-考试条件提取.docx,7,2,2,(二),speed_height;bearing_angle,"a值为20米，b值为25米，c值为30m,d值为 25m,f值为3m/s。(航线方位及各数值可由委任代表按实际情况 进行调整，考题以委任代表规定数值为准)",20;25;30;25;3,m;m/s;米,,,,3m/s,25m,,
gcond_ed0f164bbc70,gcond_ed0f164bbc70,gctpl_0398c82fb884,gsec_59ee935d87d8,qbank_7cb07e6ab374,实操题库_地面站考试条件_2026H1_空域限制或地形限制题型.txt_6,2026H1,2026H1,空域限制或地形限制题型,2026-04-07,江西01考场,空域限制或地形限制题-考试条件提取.docx,7,3,3,1、,coordinate;geometry,"航点1经纬度： N:29°15′50"" E:120.456789° (保留小数点后6位)",1;29;15;50;120.456789;6,°;度,,"N:29°15′50"";E:120.456789",29°;120.456789°,,,,
gcond_820ac593ddd0,gcond_820ac593ddd0,gctpl_12bb9708e1e0,gsec_59ee935d87d8,qbank_7cb07e6ab374,实操题库_地面站考试条件_2026H1_空域限制或地形限制题型.txt_6,2026H1,2026H1,空域限制或地形限制题型,2026-04-07,江西01考场,空域限制或地形限制题-考试条件提取.docx,7,4,4,2、,restriction;geometry,因地形限制，飞机需从起飞 点先向东飞行100米，再向 北飞行300米，到达图形1点,100;300;1,米,,,,,,100米;300米,
gcond_6af951a3f3f2,gcond_6af951a3f3f2,gctpl_5a540721074d,gsec_59ee935d87d8,qbank_7cb07e6ab374,实操题库_地面站考试条件_2026H1_空域限制或地形限制题型.txt_6,2026H1,2026H1,空域限制或地形限制题型,2026-04-07,江西01考场,空域限制或地形限制题-考试条件提取.docx,7,5,5,3、,geometry,图形航点2在图形航点1的 南偏东25°方向,2;1;25,°,,,25°,,,,
gcond_55bb8494d510,gcond_55bb8494d510,gctpl_080c49eab36e,gsec_ab44b8f2586d,qbank_7cb07e6ab374,实操题库_地面站考试条件_2026H1_空域限制或地形限制题型.txt_7,2026H1,2026H1,空域限制或地形限制题型,2026-04-08,吉林01考场,空域限制或地形限制题-考试条件提取.docx,8,1,1,(一),coordinate;speed_height;turn_hold_loop;bearing_angle;geometry,"与 的相对方位由委任代表根 据现场环境等情况进行决定。按图规划一个闭合的任务航线不循环 执行，①③、②③、②④、①④边长为300米，①点相对地面高度为 a,②点相对地面高度为b,③点相对地面高度为c，④点相对地面 高度为d，水平速度为e，垂直速度为f，转弯模式为停止转弯， 停留时间2s;",300;2,s;度;米,①;③;②;③;②;④;①;④;①;②;③;④,,,,300米,300米,
gcond_4464b919711c,gcond_4464b919711c,gctpl_ef11846ede82,gsec_ab44b8f2586d,qbank_7cb07e6ab374,实操题库_地面站考试条件_2026H1_空域限制或地形限制题型.txt_7,2026H1,2026H1,空域限制或地形限制题型,2026-04-08,吉林01考场,空域限制或地形限制题-考试条件提取.docx,8,2,2,(二),coordinate;speed_height,"a值为20米，b值为25米，c值为30m,d值为20m, e值为2m/s,f值为2m/s。",20;25;30;20;2;2,m;m/s;米,,,,2m/s;2m/s,,,
gcond_bef43325acf5,gcond_bef43325acf5,gctpl_d7d52300502f,gsec_ab44b8f2586d,qbank_7cb07e6ab374,实操题库_地面站考试条件_2026H1_空域限制或地形限制题型.txt_7,2026H1,2026H1,空域限制或地形限制题型,2026-04-08,吉林01考场,空域限制或地形限制题-考试条件提取.docx,8,3,3,1、,coordinate;takeoff_return,"起飞点经纬度： N:28°39'30"" E:115°56′47”",28;39;30;115;56;47,°;度,起飞点,"N:28°39'30"";E:115°56′47”",28°;115°,,,,
gcond_fd6aa9911080,gcond_fd6aa9911080,gctpl_84d9776b3914,gsec_ab44b8f2586d,qbank_7cb07e6ab374,实操题库_地面站考试条件_2026H1_空域限制或地形限制题型.txt_7,2026H1,2026H1,空域限制或地形限制题型,2026-04-08,吉林01考场,空域限制或地形限制题-考试条件提取.docx,8,4,4,2、,restriction;geometry;takeoff_return,由于空域限制，飞机 不能由起飞点直飞任务航 线的航点1，需由起飞点 起飞先向西南方向平飞 1200米，再向东南方向 平飞500米，到达任务航 线的航点1。,1;1200;500;1,米,起飞点;起飞点,,,,,1200米;500米,
gcond_29f88d3eaacc,gcond_29f88d3eaacc,gctpl_132355033ba4,gsec_ab44b8f2586d,qbank_7cb07e6ab374,实操题库_地面站考试条件_2026H1_空域限制或地形限制题型.txt_7,2026H1,2026H1,空域限制或地形限制题型,2026-04-08,吉林01考场,空域限制或地形限制题-考试条件提取.docx,8,5,5,3、,bearing_angle;geometry,如图所以任务航点3- 4航向角15°,3;4;15,°,,,15°,,,,ocr_possible_typo
gcond_c6db79904a8c,gcond_c6db79904a8c,gctpl_6e00d9dcdfae,gsec_0f789b340e20,qbank_7cb07e6ab374,实操题库_地面站考试条件_2026H1_空域限制或地形限制题型.txt_8,2026H1,2026H1,空域限制或地形限制题型,2026-04-08,广东02考场,空域限制或地形限制题-考试条件提取.docx,9,1,1,1、,coordinate;takeoff_return,起飞点经纬度：N:28°39’30”E:115°56’32”,28;39;30;115;56;32,°;度,起飞点,N:28°39’30”;E:115°56’32”,28°;115°,,,,
gcond_06c81d09434d,gcond_06c81d09434d,gctpl_ed4cc283f69b,gsec_0f789b340e20,qbank_7cb07e6ab374,实操题库_地面站考试条件_2026H1_空域限制或地形限制题型.txt_8,2026H1,2026H1,空域限制或地形限制题型,2026-04-08,广东02考场,空域限制或地形限制题-考试条件提取.docx,9,2,2,2、,bearing_angle;restriction;geometry;takeoff_return,由于环境限制，飞机不能由起飞点直飞任务航线的航点1，需先向 正东方向平飞1000米，再向135°方向平飞500米，到达任务航线的航 点1，任务航线的航点2到航点3航向角45°。,1;1000;135;500;1;2;3;45,°;米,起飞点,,135°;45°,,500米,1000米;500米,
gcond_c256749e0604,gcond_c256749e0604,gctpl_b5bb3feff3a4,gsec_0f789b340e20,qbank_7cb07e6ab374,实操题库_地面站考试条件_2026H1_空域限制或地形限制题型.txt_8,2026H1,2026H1,空域限制或地形限制题型,2026-04-08,广东02考场,空域限制或地形限制题-考试条件提取.docx,9,3,3,3、,speed_height;turn_hold_loop;bearing_angle;geometry,"如上图所示，任务航线规划一个等边三角形，边长为a,所有航线 相对地面高度为b，水平速度为c，垂直速度为d，所有航点转弯方 式为停止转弯，停留时间3s;",3,s;度,,,,,,,
gcond_bfd3b45cf292,gcond_bfd3b45cf292,gctpl_ce8f81da2110,gsec_0f789b340e20,qbank_7cb07e6ab374,实操题库_地面站考试条件_2026H1_空域限制或地形限制题型.txt_8,2026H1,2026H1,空域限制或地形限制题型,2026-04-08,广东02考场,空域限制或地形限制题-考试条件提取.docx,9,4,4,4、,speed_height,"a值为80米，b值为20米，c值为3m/s,d值为2m/s。",80;20;3;2,m/s;米,,,,3m/s;2m/s,,,
gcond_d9214efad6ab,gcond_d9214efad6ab,gctpl_de81fb8e5c9c,gsec_2fb3f13d611b,qbank_7cb07e6ab374,实操题库_地面站考试条件_2026H1_空域限制或地形限制题型.txt_9,2026H1,2026H1,空域限制或地形限制题型,2026-04-08,广东02考场,空域限制或地形限制题-考试条件提取.docx,10,1,1,(一),speed_height;turn_hold_loop;bearing_angle;geometry,规划一个闭合等边三角形并循环执行，边长为a，所有航线相对地 面高度为b，水平速度为c，垂直速度为d，转弯方式为停止转弯，停留时间 为f;,,度,,,,,,,
gcond_2159cae0f2ca,gcond_2159cae0f2ca,gctpl_ac70c2444f71,gsec_2fb3f13d611b,qbank_7cb07e6ab374,实操题库_地面站考试条件_2026H1_空域限制或地形限制题型.txt_9,2026H1,2026H1,空域限制或地形限制题型,2026-04-08,广东02考场,空域限制或地形限制题-考试条件提取.docx,10,2,2,(二),speed_height,"a值为100米，b值为50米，c值为5m/s,d值为2m/s,f值为 8so",100;50;5;2;8,m/s;s;米,,,,5m/s;2m/s,,,
gcond_e4ce736323b3,gcond_e4ce736323b3,gctpl_d7523450a0d6,gsec_2fb3f13d611b,qbank_7cb07e6ab374,实操题库_地面站考试条件_2026H1_空域限制或地形限制题型.txt_9,2026H1,2026H1,空域限制或地形限制题型,2026-04-08,广东02考场,空域限制或地形限制题-考试条件提取.docx,10,3,3,二、,coordinate;bearing_angle;restriction;geometry;takeoff_return,由于空域限制， 飞机不能由起飞点直 飞任务航线的航点1， 需先向SE方向平飞 1000米，再向SW方向 平飞500米，到达任务 航线的航点1。,1;1000;500;1,S;米,起飞点,,,,500米,1000米;500米,
gcond_fa4b82f9d63d,gcond_fa4b82f9d63d,gctpl_7bcaea81cd49,gsec_2fb3f13d611b,qbank_7cb07e6ab374,实操题库_地面站考试条件_2026H1_空域限制或地形限制题型.txt_9,2026H1,2026H1,空域限制或地形限制题型,2026-04-08,广东02考场,空域限制或地形限制题-考试条件提取.docx,10,4,4,三、,bearing_angle;geometry,航点3-2航向角为 南偏西15°,3;2;15,°,,,15°,,,,
gcond_873d087df2c7,gcond_873d087df2c7,gctpl_22793326193a,gsec_999d919289d7,qbank_7cb07e6ab374,实操题库_地面站考试条件_2026H1_空域限制或地形限制题型.txt_10,2026H1,2026H1,空域限制或地形限制题型,2026-04-08,广东02考场,空域限制或地形限制题-考试条件提取.docx,11,1,1,(一),coordinate;speed_height;turn_hold_loop;geometry,"按图规划一个闭合的任务航线不循环执行，①③、②③、 ②④、①④边长为300米，①点相对地面高度为a,②点相对地面高 度为b，③点相对地面高度为c，④点相对地面高度为d，水平速 度为e，垂直速度为f，转弯模式为停止转弯，停留时间为4s；",300;4,s;度;米,①;③;②;③;②;④;①;④;①;②;③;④,,,,300米,300米,
gcond_dbbac222a0f8,gcond_dbbac222a0f8,gctpl_f46358155522,gsec_999d919289d7,qbank_7cb07e6ab374,实操题库_地面站考试条件_2026H1_空域限制或地形限制题型.txt_10,2026H1,2026H1,空域限制或地形限制题型,2026-04-08,广东02考场,空域限制或地形限制题-考试条件提取.docx,11,2,2,(二),coordinate;speed_height,"a值为30米，b值为35米，c值为40m,d值为25m, e值为2m/s,f值为2m/s。",30;35;40;25;2;2,m;m/s;米,,,,2m/s;2m/s,,,
gcond_c666c566d2eb,gcond_c666c566d2eb,gctpl_410f4e1b33b0,gsec_999d919289d7,qbank_7cb07e6ab374,实操题库_地面站考试条件_2026H1_空域限制或地形限制题型.txt_10,2026H1,2026H1,空域限制或地形限制题型,2026-04-08,广东02考场,空域限制或地形限制题-考试条件提取.docx,11,3,3,一、,coordinate;takeoff_return,"起飞点经纬度： N:28°09′10"" E:115°26′52”",28;09;10;115;26;52,°;度,起飞点,"N:28°09′10"";E:115°26′52”",28°;115°,,,,
gcond_97a4c0088501,gcond_97a4c0088501,gctpl_2f1746dd4b1a,gsec_999d919289d7,qbank_7cb07e6ab374,实操题库_地面站考试条件_2026H1_空域限制或地形限制题型.txt_10,2026H1,2026H1,空域限制或地形限制题型,2026-04-08,广东02考场,空域限制或地形限制题-考试条件提取.docx,11,4,4,二：,restriction;geometry;takeoff_return,由于空域限制，飞机不 任务航线示意图： 能由起飞点直飞任务航线的 航点1，需由起飞点起飞先向 西南方向平飞1200米，再向 东南方向平飞500米，到达任 务航线的航点1。,1;1200;500;1,米,起飞点;起飞点,,,,500米,1200米;500米,
gcond_bbf11bdcbf71,gcond_bbf11bdcbf71,gctpl_bc93ec013835,gsec_999d919289d7,qbank_7cb07e6ab374,实操题库_地面站考试条件_2026H1_空域限制或地形限制题型.txt_10,2026H1,2026H1,空域限制或地形限制题型,2026-04-08,广东02考场,空域限制或地形限制题-考试条件提取.docx,11,5,5,三：,bearing_angle;geometry,如图所示任务航点3到4 航向角105°,3;4;105,°,,,105°,,,,
gcond_0b93ac60822e,gcond_0b93ac60822e,gctpl_c635250ce5b2,gsec_7101a2317192,qbank_7cb07e6ab374,实操题库_地面站考试条件_2026H1_空域限制或地形限制题型.txt_11,2026H1,2026H1,空域限制或地形限制题型,2026-04-10,四川01考场,空域限制或地形限制题-考试条件提取.docx,12,1,1,(一),coordinate;speed_height;turn_hold_loop;geometry,"按图规划一个如上图所示的任务航线，航线闭合不循环， ①③、②③、②④、①④边长为300米，①点相对地面高度为a,② 点相对地面高度为b，③点相对地面高度为c，④点相对地面高度 为d，水平速度为e，垂直速度为f，转弯模式为协调转弯；",300,度;米,①;③;②;③;②;④;①;④;①;②;③;④,,,,300米,300米,
gcond_f45a9d20e78e,gcond_f45a9d20e78e,gctpl_a18207c4d8e7,gsec_7101a2317192,qbank_7cb07e6ab374,实操题库_地面站考试条件_2026H1_空域限制或地形限制题型.txt_11,2026H1,2026H1,空域限制或地形限制题型,2026-04-10,四川01考场,空域限制或地形限制题-考试条件提取.docx,12,2,2,(二),coordinate;speed_height,"a值为30米，b值为35米，c值为40m,d值为25m, e值为6m/s,f值为3m/s。",30;35;40;25;6;3,m;m/s;米,,,,6m/s;3m/s,,,
gcond_a2ea5eb5ca02,gcond_a2ea5eb5ca02,gctpl_5f4b3bc572f0,gsec_7101a2317192,qbank_7cb07e6ab374,实操题库_地面站考试条件_2026H1_空域限制或地形限制题型.txt_11,2026H1,2026H1,空域限制或地形限制题型,2026-04-10,四川01考场,空域限制或地形限制题-考试条件提取.docx,12,3,3,一、,coordinate;takeoff_return,"起飞点经纬度： N28°09′10"" E:115°2652”",28;09;10;115;2652,°;度,起飞点,"N28°09′10"";E:115°2652”",28°;115°,,,,
gcond_d76ff76f2a44,gcond_d76ff76f2a44,gctpl_84d9776b3914,gsec_7101a2317192,qbank_7cb07e6ab374,实操题库_地面站考试条件_2026H1_空域限制或地形限制题型.txt_11,2026H1,2026H1,空域限制或地形限制题型,2026-04-10,四川01考场,空域限制或地形限制题-考试条件提取.docx,12,4,4,二、,restriction;geometry;takeoff_return,由于空域限制，飞机不 能由起飞点直飞任务航线的 航点1，需由起飞点起飞先向 西南方向平飞1200米，再向 东南方向平飞500米，到达任 务航线的航点1。,1;1200;500;1,米,起飞点;起飞点,,,,500米,1200米;500米,
gcond_19491caa0575,gcond_19491caa0575,gctpl_2fdf03e0fb47,gsec_7101a2317192,qbank_7cb07e6ab374,实操题库_地面站考试条件_2026H1_空域限制或地形限制题型.txt_11,2026H1,2026H1,空域限制或地形限制题型,2026-04-10,四川01考场,空域限制或地形限制题-考试条件提取.docx,12,5,5,三、,bearing_angle;geometry,如图所示任务航线第3点 到第4点航向角西偏南25度,3;4;25,度,,,西偏南25度,,,,
gcond_e58e5f465b80,gcond_e58e5f465b80,gctpl_cbd3bcfe3985,gsec_6e781c206b94,qbank_7cb07e6ab374,实操题库_地面站考试条件_2026H1_空域限制或地形限制题型.txt_12,2026H1,2026H1,空域限制或地形限制题型,2026-04-10,四川01考场,空域限制或地形限制题-考试条件提取.docx,13,1,1,(一),coordinate;speed_height;turn_hold_loop;geometry,"按图规划一个如上图所示的任务航线，航线循环执行， ①③、②③、②④、①④边长为300米，①点相对地面高度为a,② 点相对地面高度为b，③点相对地面高度为c，④点相对地面高度 为d，水平速度为e，垂直速度为f，转弯模式为协调转弯；",300,度;米,①;③;②;③;②;④;①;④;①;②;③;④,,,,300米,300米,
gcond_ac31dbd7db25,gcond_ac31dbd7db25,gctpl_a18207c4d8e7,gsec_6e781c206b94,qbank_7cb07e6ab374,实操题库_地面站考试条件_2026H1_空域限制或地形限制题型.txt_12,2026H1,2026H1,空域限制或地形限制题型,2026-04-10,四川01考场,空域限制或地形限制题-考试条件提取.docx,13,2,2,(二),coordinate;speed_height,"a值为30米，b值为35米，c值为40m,d值为25m, e值为6m/s,f值为3m/s。",30;35;40;25;6;3,m;m/s;米,,,,6m/s;3m/s,,,
gcond_98b763d56865,gcond_98b763d56865,gctpl_9a47ac492221,gsec_6e781c206b94,qbank_7cb07e6ab374,实操题库_地面站考试条件_2026H1_空域限制或地形限制题型.txt_12,2026H1,2026H1,空域限制或地形限制题型,2026-04-10,四川01考场,空域限制或地形限制题-考试条件提取.docx,13,3,3,一、,coordinate;takeoff_return,"起飞点经纬度： N:26°12'16” E:117°29'57""",26;12;16;117;29;57,°;度,起飞点,"N:26°12'16”;E:117°29'57""",26°;117°,,,,
gcond_c12fb94a4d39,gcond_c12fb94a4d39,gctpl_cebe49f8088a,gsec_6e781c206b94,qbank_7cb07e6ab374,实操题库_地面站考试条件_2026H1_空域限制或地形限制题型.txt_12,2026H1,2026H1,空域限制或地形限制题型,2026-04-10,四川01考场,空域限制或地形限制题-考试条件提取.docx,13,4,4,二：,bearing_angle;restriction;geometry;takeoff_return,由于空域限制，飞机不 能由起飞点直飞任务航线的 航点1，需由起飞点起飞先向 正南方向平飞1500米，再向 正西方向平飞600米，到达任 务航线的航点1。,1;1500;600;1,米,起飞点;起飞点,,,,600米,1500米;600米,
gcond_12a63641cd52,gcond_12a63641cd52,gctpl_1f47e4d7a1a0,gsec_6e781c206b94,qbank_7cb07e6ab374,实操题库_地面站考试条件_2026H1_空域限制或地形限制题型.txt_12,2026H1,2026H1,空域限制或地形限制题型,2026-04-10,四川01考场,空域限制或地形限制题-考试条件提取.docx,13,5,5,三：,bearing_angle;geometry,如图所示任务航线第3点 到第4点航向角南偏东55°,3;4;55,°,,,55°,,,,
gcond_b5df6c760e24,gcond_b5df6c760e24,gctpl_4bf536fffd45,gsec_44c8608f49fc,qbank_7cb07e6ab374,实操题库_地面站考试条件_2026H1_空域限制或地形限制题型.txt_13,2026H1,2026H1,空域限制或地形限制题型,2026-04-10,湖北04考场,空域限制或地形限制题-考试条件提取.docx,14,1,1,(一),coordinate;speed_height;turn_hold_loop;geometry,"按图规划一个闭合的任务航线不循环执行，①③、②③、 ②④、①④边长为300米，①点相对地面高度为a,②点相对地面高 度为b，③点相对地面高度为c，④点相对地面高度为d，水平速 度为e，垂直速度为f，转弯模式为停止转弯，停留时间4s;",300;4,s;度;米,①;③;②;③;②;④;①;④;①;②;③;④,,,,300米,300米,
gcond_4521817210c9,gcond_4521817210c9,gctpl_f46358155522,gsec_44c8608f49fc,qbank_7cb07e6ab374,实操题库_地面站考试条件_2026H1_空域限制或地形限制题型.txt_13,2026H1,2026H1,空域限制或地形限制题型,2026-04-10,湖北04考场,空域限制或地形限制题-考试条件提取.docx,14,2,2,(二),coordinate;speed_height,"a值为30米，b值为35米，c值为40m,d值为25m, e值为2m/s,f值为2m/s。",30;35;40;25;2;2,m;m/s;米,,,,2m/s;2m/s,,,
gcond_63cba773bf02,gcond_63cba773bf02,gctpl_0036f61cb77c,gsec_44c8608f49fc,qbank_7cb07e6ab374,实操题库_地面站考试条件_2026H1_空域限制或地形限制题型.txt_13,2026H1,2026H1,空域限制或地形限制题型,2026-04-10,湖北04考场,空域限制或地形限制题-考试条件提取.docx,14,3,3,一、,coordinate;takeoff_return,起飞点经纬度： N:28°09′30” E:115°06′12”,28;09;30;115;06;12,°;度,起飞点,N:28°09′30”;E:115°06′12”,28°;115°,,,,
gcond_dcc361a7ed77,gcond_dcc361a7ed77,gctpl_84d9776b3914,gsec_44c8608f49fc,qbank_7cb07e6ab374,实操题库_地面站考试条件_2026H1_空域限制或地形限制题型.txt_13,2026H1,2026H1,空域限制或地形限制题型,2026-04-10,湖北04考场,空域限制或地形限制题-考试条件提取.docx,14,4,4,二：,restriction;geometry;takeoff_return,由于空域限制，飞机不 能由起飞点直飞任务航线的 航点1，需由起飞点起飞先向 西南方向平飞1200米，再向 东南方向平飞500米，到达任 务航线的航点1。,1;1200;500;1,米,起飞点;起飞点,,,,500米,1200米;500米,
gcond_45e83e2f7542,gcond_45e83e2f7542,gctpl_5a422d918f42,gsec_44c8608f49fc,qbank_7cb07e6ab374,实操题库_地面站考试条件_2026H1_空域限制或地形限制题型.txt_13,2026H1,2026H1,空域限制或地形限制题型,2026-04-10,湖北04考场,空域限制或地形限制题-考试条件提取.docx,14,5,5,三：,bearing_angle;geometry,如图所示任务航点第3点 到第4点航向角65°,3;4;65,°,,,65°,,,,
gcond_6e68f279387b,gcond_6e68f279387b,gctpl_3a5874ca88c1,gsec_f6594ae89999,qbank_7cb07e6ab374,实操题库_地面站考试条件_2026H1_空域限制或地形限制题型.txt_14,2026H1,2026H1,空域限制或地形限制题型,2026-04-10,河北03考场,空域限制或地形限制题-考试条件提取.docx,15,1,1,(一),coordinate;speed_height;turn_hold_loop;geometry,"规划一个闭合六边形并循环执行，边长为a,①②③航点 相对地面高度为b，④⑤⑥航点相对地面高度为c，水平速度为d, 垂直速度为e,转弯方式为停止转弯，各点停留时间为f；",,度,①;②;③;④;⑤;⑥,,,,,,
gcond_3e8c218f6116,gcond_3e8c218f6116,gctpl_d7eaf440dbc8,gsec_f6594ae89999,qbank_7cb07e6ab374,实操题库_地面站考试条件_2026H1_空域限制或地形限制题型.txt_14,2026H1,2026H1,空域限制或地形限制题型,2026-04-10,河北03考场,空域限制或地形限制题-考试条件提取.docx,15,2,2,(二),coordinate;speed_height,"a值为300米，b值为30米，c值为25m,d值为4m/s, e值为2m/s,f值为2s。",300;30;25;4;2;2,m;m/s;s;米,,,,4m/s;2m/s,,,
gcond_c0d042593520,gcond_c0d042593520,gctpl_3ff07698ff1e,gsec_f6594ae89999,qbank_7cb07e6ab374,实操题库_地面站考试条件_2026H1_空域限制或地形限制题型.txt_14,2026H1,2026H1,空域限制或地形限制题型,2026-04-10,河北03考场,空域限制或地形限制题-考试条件提取.docx,15,3,3,一、,coordinate;takeoff_return,起飞点经纬度： 3 5 N:36.1217° E:114.3247°,3;5;36.1217;114.3247,°;度,起飞点;3;5,N:36.1217;E:114.3247,36.1217°;114.3247°,,,,
gcond_91f2b12560b2,gcond_91f2b12560b2,gctpl_cdd35259c99e,gsec_f6594ae89999,qbank_7cb07e6ab374,实操题库_地面站考试条件_2026H1_空域限制或地形限制题型.txt_14,2026H1,2026H1,空域限制或地形限制题型,2026-04-10,河北03考场,空域限制或地形限制题-考试条件提取.docx,15,4,4,二、,coordinate;bearing_angle;restriction;geometry;takeoff_return,由于空域限制，飞 机不能由起飞点直飞任 务航线的航点1，需先向 SW方向平飞380米，再 向NW方向平飞670米， 到达任务航线的航点1。,1;380;670;1,S;米,起飞点,,,,670米,380米;670米,
gcond_b59aaaab6414,gcond_b59aaaab6414,gctpl_f5919aa345ff,gsec_f6594ae89999,qbank_7cb07e6ab374,实操题库_地面站考试条件_2026H1_空域限制或地形限制题型.txt_14,2026H1,2026H1,空域限制或地形限制题型,2026-04-10,河北03考场,空域限制或地形限制题-考试条件提取.docx,15,5,5,三、,bearing_angle;geometry,"当地风向：SW, 航点3→2航向为逆风",3;2,S,,,,,,,
gcond_46369e39a72b,gcond_46369e39a72b,gctpl_3a5874ca88c1,gsec_ac6f5706990d,qbank_7cb07e6ab374,实操题库_地面站考试条件_2026H1_空域限制或地形限制题型.txt_15,2026H1,2026H1,空域限制或地形限制题型,2026-04-10,河北03考场,空域限制或地形限制题-考试条件提取.docx,16,1,1,(一),coordinate;speed_height;turn_hold_loop;geometry,"规划一个闭合六边形并循环执行，边长为a,①②③航点 相对地面高度为b，④⑤⑥航点相对地面高度为c，水平速度为d, 垂直速度为e,转弯方式为停止转弯，各点停留时间为f;",,度,①;②;③;④;⑤;⑥,,,,,,
gcond_ee76c0765256,gcond_ee76c0765256,gctpl_38ba160ee433,gsec_ac6f5706990d,qbank_7cb07e6ab374,实操题库_地面站考试条件_2026H1_空域限制或地形限制题型.txt_15,2026H1,2026H1,空域限制或地形限制题型,2026-04-10,河北03考场,空域限制或地形限制题-考试条件提取.docx,16,2,2,(二),coordinate;speed_height,"a值为300米，b值为30米，c值为25m,d值为4m/s, e值为2m/s,f值为2s。 蛋n老计出洁· 不通计 老古然之·",300;30;25;4;2;2,m;m/s;s;米,,,,4m/s;2m/s,,,
gcond_43a9ff1562fb,gcond_43a9ff1562fb,gctpl_adb2afbe7187,gsec_ac6f5706990d,qbank_7cb07e6ab374,实操题库_地面站考试条件_2026H1_空域限制或地形限制题型.txt_15,2026H1,2026H1,空域限制或地形限制题型,2026-04-10,河北03考场,空域限制或地形限制题-考试条件提取.docx,16,3,3,一、,coordinate;takeoff_return,起飞点经纬度： N:36.2547° E:114.4306°,36.2547;114.4306,°;度,起飞点,N:36.2547;E:114.4306,36.2547°;114.4306°,,,,
gcond_4daf6bc9c746,gcond_4daf6bc9c746,gctpl_109e305f8e79,gsec_ac6f5706990d,qbank_7cb07e6ab374,实操题库_地面站考试条件_2026H1_空域限制或地形限制题型.txt_15,2026H1,2026H1,空域限制或地形限制题型,2026-04-10,河北03考场,空域限制或地形限制题-考试条件提取.docx,16,4,4,二、,coordinate;bearing_angle;restriction;geometry;takeoff_return,由于空城限制，飞 机不能由起飞点直飞任 务航线的航点1，需先向 NE方向平飞460米，再 向NW方向平飞570米， 到达任务航线的航点1。,1;460;570;1,米,起飞点,,,,570米,460米;570米,
gcond_0756ce8b063e,gcond_0756ce8b063e,gctpl_0f221c8290b7,gsec_ac6f5706990d,qbank_7cb07e6ab374,实操题库_地面站考试条件_2026H1_空域限制或地形限制题型.txt_15,2026H1,2026H1,空域限制或地形限制题型,2026-04-10,河北03考场,空域限制或地形限制题-考试条件提取.docx,16,5,5,三、,coordinate;bearing_angle,"当地风向：NE,航 点3→2航向为顺风",3;2,,,,,,,,
gcond_0d76c5cda651,gcond_0d76c5cda651,gctpl_a5897704705c,gsec_cf6028386806,qbank_7cb07e6ab374,实操题库_地面站考试条件_2026H1_空域限制或地形限制题型.txt_16,2026H1,2026H1,空域限制或地形限制题型,2026-04-10,河北03考场,空域限制或地形限制题-考试条件提取.docx,17,1,1,(一),coordinate;speed_height;turn_hold_loop;geometry,"按图规划一个闭合的任务航线并循环执行，①③、②③、 ②④、①④边长为300米，①点相对地面高度为a,②点相对地面高 度为b，③点相对地面高度为c，④点相对地面高度为d，水平速 度为e，垂直速度为f，转弯模式为停止转弯，停留时间2s；",300;2,s;度;米,①;③;②;③;②;④;①;④;①;②;③;④,,,,300米,300米,
gcond_9f64ca8c6fc6,gcond_9f64ca8c6fc6,gctpl_ef11846ede82,gsec_cf6028386806,qbank_7cb07e6ab374,实操题库_地面站考试条件_2026H1_空域限制或地形限制题型.txt_16,2026H1,2026H1,空域限制或地形限制题型,2026-04-10,河北03考场,空域限制或地形限制题-考试条件提取.docx,17,2,2,(二),coordinate;speed_height,"a值为20米，b值为25米，c值为30m,d值为20m, e值为2m/s,f值为2m/s。",20;25;30;20;2;2,m;m/s;米,,,,2m/s;2m/s,,,
gcond_b28244431613,gcond_b28244431613,gctpl_429fcab54ae4,gsec_cf6028386806,qbank_7cb07e6ab374,实操题库_地面站考试条件_2026H1_空域限制或地形限制题型.txt_16,2026H1,2026H1,空域限制或地形限制题型,2026-04-10,河北03考场,空域限制或地形限制题-考试条件提取.docx,17,3,3,一、,coordinate;takeoff_return,起飞点经纬度： N:36.1217° E:114.3247°,36.1217;114.3247,°;度,起飞点,N:36.1217;E:114.3247,36.1217°;114.3247°,,,,
gcond_de4194a6c604,gcond_de4194a6c604,gctpl_aed2eb2d1467,gsec_cf6028386806,qbank_7cb07e6ab374,实操题库_地面站考试条件_2026H1_空域限制或地形限制题型.txt_16,2026H1,2026H1,空域限制或地形限制题型,2026-04-10,河北03考场,空域限制或地形限制题-考试条件提取.docx,17,4,4,二、,coordinate;bearing_angle;restriction;geometry;takeoff_return,由于空域限制，飞 机不能由起飞点直飞任 务航线的航点1，需先向 NW方向平飞560米，再 向NE方向平飞630米， 到达任务航线的航点1。,1;560;630;1,米,起飞点,,,,630米,560米;630米,
gcond_c4be21c9ca48,gcond_c4be21c9ca48,gctpl_365d2eac5929,gsec_cf6028386806,qbank_7cb07e6ab374,实操题库_地面站考试条件_2026H1_空域限制或地形限制题型.txt_16,2026H1,2026H1,空域限制或地形限制题型,2026-04-10,河北03考场,空域限制或地形限制题-考试条件提取.docx,17,5,5,三、,coordinate;bearing_angle,"当地风向：SE,航 点3→2航向为逆风",3;2,S,,,,,,,
gcond_b7406f0fb59a,gcond_b7406f0fb59a,gctpl_f3e97d752dce,gsec_9adaea89ccce,qbank_7cb07e6ab374,实操题库_地面站考试条件_2026H1_空域限制或地形限制题型.txt_17,2026H1,2026H1,空域限制或地形限制题型,2026-04-12,山东05考场,空域限制或地形限制题-考试条件提取.docx,18,1,1,(一),coordinate;speed_height;turn_hold_loop;bearing_angle;geometry,"与 的相对方位由委任代表根 据现场环境等情况进行决定。规划规划一个闭合的任务航线不循环 执行，①③、②③、②④、①④边长为300米，①点相对地面高度为 a,②点相对地面高度为b,③点相对地面高度为c,④点相对地面 高度为d，水平速度为e，垂直速度为f，转弯模式为协调转弯；",300,度;米,①;③;②;③;②;④;①;④;①;②;③;④,,,,300米,300米,
gcond_5fa3b05bd669,gcond_5fa3b05bd669,gctpl_ef11846ede82,gsec_9adaea89ccce,qbank_7cb07e6ab374,实操题库_地面站考试条件_2026H1_空域限制或地形限制题型.txt_17,2026H1,2026H1,空域限制或地形限制题型,2026-04-12,山东05考场,空域限制或地形限制题-考试条件提取.docx,18,2,2,(二),coordinate;speed_height,"a值为20米，b值为25米，c值为30m,d值为20m, e值为2m/s,f值为2m/s。",20;25;30;20;2;2,m;m/s;米,,,,2m/s;2m/s,,,
gcond_4cd295136e60,gcond_4cd295136e60,gctpl_48c13b23292c,gsec_9adaea89ccce,qbank_7cb07e6ab374,实操题库_地面站考试条件_2026H1_空域限制或地形限制题型.txt_17,2026H1,2026H1,空域限制或地形限制题型,2026-04-12,山东05考场,空域限制或地形限制题-考试条件提取.docx,18,3,3,1、,coordinate;takeoff_return,起飞点经纬度： N:23°39'28” E:119°56′36”,23;39;28;119;56;36,°;度,起飞点,N:23°39'28”;E:119°56′36”,23°;119°,,,,
gcond_e96b6f75e2ba,gcond_e96b6f75e2ba,gctpl_8d0291f157c2,gsec_9adaea89ccce,qbank_7cb07e6ab374,实操题库_地面站考试条件_2026H1_空域限制或地形限制题型.txt_17,2026H1,2026H1,空域限制或地形限制题型,2026-04-12,山东05考场,空域限制或地形限制题-考试条件提取.docx,18,4,4,2、,restriction;geometry;takeoff_return,由于空域限制，飞机 不能由起飞点直飞任务 航线的航点1，需由起飞 点起飞先向西南方向平 飞1800米，再向东南方 向平飞600米，到达任务 航线的航点1。,1;1800;600;1,米,起飞点,,,,600米,1800米;600米,
gcond_b396d9aa1fcc,gcond_b396d9aa1fcc,gctpl_0f357c09454a,gsec_9adaea89ccce,qbank_7cb07e6ab374,实操题库_地面站考试条件_2026H1_空域限制或地形限制题型.txt_17,2026H1,2026H1,空域限制或地形限制题型,2026-04-12,山东05考场,空域限制或地形限制题-考试条件提取.docx,18,5,5,3、,bearing_angle;geometry,如图所示任务航点3 4航向角25°,3;4;25,°,,,25°,,,,
gcond_79c55abefcba,gcond_79c55abefcba,gctpl_080c49eab36e,gsec_73bc2ca7a262,qbank_7cb07e6ab374,实操题库_地面站考试条件_2026H1_空域限制或地形限制题型.txt_18,2026H1,2026H1,空域限制或地形限制题型,2026-03-19,北京01考场,空域限制或地形限制题-考试条件提取.docx,19,1,1,(一),coordinate;speed_height;turn_hold_loop;bearing_angle;geometry,"与 的相对方位由委任代表根 据现场环境等情况进行决定。按图规划一个闭合的任务航线不循环 执行，①③、②③、②④、①④边长为300米，①点相对地面高度为 a,②点相对地面高度为b,③点相对地面高度为c，④点相对地面 高度为d，水平速度为e，垂直速度为f，转弯模式为停止转弯， 停留时间2s;",300;2,s;度;米,①;③;②;③;②;④;①;④;①;②;③;④,,,,300米,300米,
gcond_f86fad813ed6,gcond_f86fad813ed6,gctpl_ef11846ede82,gsec_73bc2ca7a262,qbank_7cb07e6ab374,实操题库_地面站考试条件_2026H1_空域限制或地形限制题型.txt_18,2026H1,2026H1,空域限制或地形限制题型,2026-03-19,北京01考场,空域限制或地形限制题-考试条件提取.docx,19,2,2,(二),coordinate;speed_height,"a值为20米，b值为25米，c值为30m,d值为20m, e值为2m/s,f值为2m/s。",20;25;30;20;2;2,m;m/s;米,,,,2m/s;2m/s,,,
gcond_3efd6b4cbcc5,gcond_3efd6b4cbcc5,gctpl_25b90a70e62b,gsec_73bc2ca7a262,qbank_7cb07e6ab374,实操题库_地面站考试条件_2026H1_空域限制或地形限制题型.txt_18,2026H1,2026H1,空域限制或地形限制题型,2026-03-19,北京01考场,空域限制或地形限制题-考试条件提取.docx,19,3,3,1、,coordinate;takeoff_return,"起飞点经纬度： N:28°39'30"" E:115°56'32”",28;39;30;115;56;32,°;度,起飞点,"N:28°39'30"";E:115°56'32”",28°;115°,,,,
gcond_137332eb3f56,gcond_137332eb3f56,gctpl_84d9776b3914,gsec_73bc2ca7a262,qbank_7cb07e6ab374,实操题库_地面站考试条件_2026H1_空域限制或地形限制题型.txt_18,2026H1,2026H1,空域限制或地形限制题型,2026-03-19,北京01考场,空域限制或地形限制题-考试条件提取.docx,19,4,4,2、,restriction;geometry;takeoff_return,由于空域限制，飞机 不能由起飞点直飞任务 航线的航点1，需由起飞 点起飞先向西南方向平 飞1200米，再向东南方 向平飞500米，到达任务 航线的航点1。,1;1200;500;1,米,起飞点,,,,500米,1200米;500米,
gcond_e3236630a771,gcond_e3236630a771,gctpl_132355033ba4,gsec_73bc2ca7a262,qbank_7cb07e6ab374,实操题库_地面站考试条件_2026H1_空域限制或地形限制题型.txt_18,2026H1,2026H1,空域限制或地形限制题型,2026-03-19,北京01考场,空域限制或地形限制题-考试条件提取.docx,19,5,5,3、,bearing_angle;geometry,如图所以任务航点3- 4航向角15°,3;4;15,°,,,15°,,,,ocr_possible_typo
gcond_0a3ac7ddcd91,gcond_0a3ac7ddcd91,gctpl_ebbb2e247c3c,gsec_d34877b6f3b4,qbank_7cb07e6ab374,实操题库_地面站考试条件_2026H1_空域限制或地形限制题型.txt_19,2026H1,2026H1,空域限制或地形限制题型,2026-03-23,江西02考场,空域限制或地形限制题-考试条件提取.docx,20,1,1,(一),speed_height;turn_hold_loop;bearing_angle;geometry,规划一个闭合等边三角形并循环执行，边长为a，所有航线相对地 面高度为b，水平速度为c，垂直速度为d，转弯方式为停止转弯，停留时间 5s;,5,s;度,,,,,,,
gcond_a2bd0174986a,gcond_a2bd0174986a,gctpl_c19ac6ee3354,gsec_d34877b6f3b4,qbank_7cb07e6ab374,实操题库_地面站考试条件_2026H1_空域限制或地形限制题型.txt_19,2026H1,2026H1,空域限制或地形限制题型,2026-03-23,江西02考场,空域限制或地形限制题-考试条件提取.docx,20,2,2,(二),speed_height,"a值为80米，b值为50米，c值为3ms,d值为2m/s。",80;50;3;2,m;m/s;s;米,,,,3ms;2m/s,,,
gcond_d645018c73a1,gcond_d645018c73a1,gctpl_5e0f594b78d4,gsec_d34877b6f3b4,qbank_7cb07e6ab374,实操题库_地面站考试条件_2026H1_空域限制或地形限制题型.txt_19,2026H1,2026H1,空域限制或地形限制题型,2026-03-23,江西02考场,空域限制或地形限制题-考试条件提取.docx,20,3,3,一：,coordinate;takeoff_return,起飞点经纬度： N:28°19'03” E:115°1602”,28;19;03;115;1602,°;度,起飞点,N:28°19'03”;E:115°1602”,28°;115°,,,,
gcond_b31ed75cc2ee,gcond_b31ed75cc2ee,gctpl_8440ceac0af9,gsec_d34877b6f3b4,qbank_7cb07e6ab374,实操题库_地面站考试条件_2026H1_空域限制或地形限制题型.txt_19,2026H1,2026H1,空域限制或地形限制题型,2026-03-23,江西02考场,空域限制或地形限制题-考试条件提取.docx,20,4,4,二：,coordinate;bearing_angle;restriction;geometry;takeoff_return,由于空域限制， 飞机不能由起飞点直 飞任务航线的航点1， 需先向SE方向平飞 1000米，再向SW平 飞500米，到达任务 航线的航点1。,1;1000;500;1,S;米,起飞点,,,,500米,1000米;500米,
gcond_95ab1c597e57,gcond_95ab1c597e57,gctpl_1c568f8a07a7,gsec_d34877b6f3b4,qbank_7cb07e6ab374,实操题库_地面站考试条件_2026H1_空域限制或地形限制题型.txt_19,2026H1,2026H1,空域限制或地形限制题型,2026-03-23,江西02考场,空域限制或地形限制题-考试条件提取.docx,20,5,5,三：,bearing_angle;geometry,航点3-2航向角北 偏西15,3;2;15,,,,,,,,
gcond_8004b59786c4,gcond_8004b59786c4,gctpl_881e7040da04,gsec_91d461593266,qbank_7cb07e6ab374,实操题库_地面站考试条件_2026H1_空域限制或地形限制题型.txt_20,2026H1,2026H1,空域限制或地形限制题型,2026-03-23,江西02考场,空域限制或地形限制题-考试条件提取.docx,21,1,1,(一),coordinate;speed_height;turn_hold_loop;geometry,"按图规划一个闭合的任务航线不循环执行，①③、②③、 ②④、①④边长为300米，①点相对地面高度为a,②点相对地面高 度为b,③点相对地面高度为c,④点相对地面高度为d，水平速 度为e，垂直速度为f，转弯模式为停止转弯，停留时间为2s;",300;2,s;度;米,①;③;②;③;②;④;①;④;①;②;③;④,,,,300米,300米,
gcond_9c79b985403e,gcond_9c79b985403e,gctpl_ef11846ede82,gsec_91d461593266,qbank_7cb07e6ab374,实操题库_地面站考试条件_2026H1_空域限制或地形限制题型.txt_20,2026H1,2026H1,空域限制或地形限制题型,2026-03-23,江西02考场,空域限制或地形限制题-考试条件提取.docx,21,2,2,(二),coordinate;speed_height,"a值为20米，b值为25米，c值为30m,d值为20m, e值为2m/s,f值为2m/s。",20;25;30;20;2;2,m;m/s;米,,,,2m/s;2m/s,,,
gcond_0832cbfbf2ca,gcond_0832cbfbf2ca,gctpl_8eeaf608acdd,gsec_91d461593266,qbank_7cb07e6ab374,实操题库_地面站考试条件_2026H1_空域限制或地形限制题型.txt_20,2026H1,2026H1,空域限制或地形限制题型,2026-03-23,江西02考场,空域限制或地形限制题-考试条件提取.docx,21,3,3,一：,coordinate;takeoff_return,起飞点经纬度： N:28°19′10” E:115°26'52”,28;19;10;115;26;52,°;度,起飞点,N:28°19′10”;E:115°26'52”,28°;115°,,,,
gcond_707ef42a8358,gcond_707ef42a8358,gctpl_3de3673dee85,gsec_91d461593266,qbank_7cb07e6ab374,实操题库_地面站考试条件_2026H1_空域限制或地形限制题型.txt_20,2026H1,2026H1,空域限制或地形限制题型,2026-03-23,江西02考场,空域限制或地形限制题-考试条件提取.docx,21,4,4,二：,restriction;geometry;takeoff_return,由于空域限制，飞机不 能由起飞点直飞任务航线的 航点1，需由起飞点起飞先向 西南方向平飞1200米，再向 东南方向平飞500米，到达任 ☆； 务航线的航点1。,1;1200;500;1,米,起飞点;起飞点,,,,500米,1200米;500米,
gcond_f7b761ed5033,gcond_f7b761ed5033,gctpl_3b3df7c066fd,gsec_91d461593266,qbank_7cb07e6ab374,实操题库_地面站考试条件_2026H1_空域限制或地形限制题型.txt_20,2026H1,2026H1,空域限制或地形限制题型,2026-03-23,江西02考场,空域限制或地形限制题-考试条件提取.docx,21,5,5,三：,bearing_angle;geometry,如图所示任务航点3-4航 向角15°,3;4;15,°,,,15°,,,,
gcond_689e28bdeeaa,gcond_689e28bdeeaa,gctpl_fb2007f25af0,gsec_b7052911b7e1,qbank_7cb07e6ab374,实操题库_地面站考试条件_2026H1_空域限制或地形限制题型.txt_21,2026H1,2026H1,空域限制或地形限制题型,2026-03-24,黑龙江01考场,空域限制或地形限制题-考试条件提取.docx,22,1,1,(一),speed_height;turn_hold_loop;bearing_angle;geometry,"与 的相对方位由委任代表根据现场环境 等情况进行决定。规划一个等边三角形并循环执行，边长为，所有航线相对 地面高度为b，水平速度为c，垂直速度为d,转弯方式为停止转弯，停留时 间8s;",8,s;度,,,,,,,
gcond_0d21dd399a41,gcond_0d21dd399a41,gctpl_45775b6ebfed,gsec_b7052911b7e1,qbank_7cb07e6ab374,实操题库_地面站考试条件_2026H1_空域限制或地形限制题型.txt_21,2026H1,2026H1,空域限制或地形限制题型,2026-03-24,黑龙江01考场,空域限制或地形限制题-考试条件提取.docx,22,2,2,(二),speed_height,"a值为50米，b值为60米，c值为3m/s,d值为2m/s。",50;60;3;2,m/s;米,,,,3m/s;2m/s,,,
gcond_f122e77e3af7,gcond_f122e77e3af7,gctpl_5f88f919bd38,gsec_b7052911b7e1,qbank_7cb07e6ab374,实操题库_地面站考试条件_2026H1_空域限制或地形限制题型.txt_21,2026H1,2026H1,空域限制或地形限制题型,2026-03-24,黑龙江01考场,空域限制或地形限制题-考试条件提取.docx,22,3,3,1、,coordinate;geometry;takeoff_return,"起飞点经纬度： 任务航线示意图： N:43°7'24"" E:125°34'4”",43;7;24;125;34;4,°;度,起飞点;7;4,"N:43°7'24"";E:125°34'4”",43°;125°,,,,
gcond_0da053de55bb,gcond_0da053de55bb,gctpl_809f229674be,gsec_b7052911b7e1,qbank_7cb07e6ab374,实操题库_地面站考试条件_2026H1_空域限制或地形限制题型.txt_21,2026H1,2026H1,空域限制或地形限制题型,2026-03-24,黑龙江01考场,空域限制或地形限制题-考试条件提取.docx,22,4,4,2、,bearing_angle;restriction;geometry;takeoff_return,由于空域限制，飞 机不能由起飞点直飞任 务航线的航点1，需先 向正南方平飞80米，再 ☆； 向东平飞100米，到达 任务航线的航点1。,1;80;100;1,米,起飞点,,,,100米,80米;100米,
gcond_f5a9314aed3a,gcond_f5a9314aed3a,gctpl_4bf609b658e1,gsec_b7052911b7e1,qbank_7cb07e6ab374,实操题库_地面站考试条件_2026H1_空域限制或地形限制题型.txt_21,2026H1,2026H1,空域限制或地形限制题型,2026-03-24,黑龙江01考场,空域限制或地形限制题-考试条件提取.docx,22,5,5,3、,coordinate;bearing_angle;geometry,航点2-1航向为NE°,2;1,°,,,,,,,
gcond_b0f8af98553b,gcond_b0f8af98553b,gctpl_93e1e648fbff,gsec_c1f4071b8652,qbank_7cb07e6ab374,实操题库_地面站考试条件_2026H1_空域限制或地形限制题型.txt_22,2026H1,2026H1,空域限制或地形限制题型,2026-03-24,黑龙江01考场,空域限制或地形限制题-考试条件提取.docx,23,1,1,(一),coordinate;speed_height;turn_hold_loop;bearing_angle;geometry,"与 的相对方位由委任代表根 据现场环境等情况进行决定。按图规划一个闭合的任务航线不循环， 执行，①③、②③、②④、①④边长为300米，①点相对地面高度为 a，②点相对地面高度为b,③点相对地面高度为c，④点相对地面 高度为d，水平速度为e，垂直速度为f，转弯模式为停止转弯， 停留时间2s；",300;2,s;度;米,①;③;②;③;②;④;①;④;①;②;③;④,,,,300米,300米,
gcond_d8cc4196b9af,gcond_d8cc4196b9af,gctpl_06d3f6f338a5,gsec_c1f4071b8652,qbank_7cb07e6ab374,实操题库_地面站考试条件_2026H1_空域限制或地形限制题型.txt_22,2026H1,2026H1,空域限制或地形限制题型,2026-03-24,黑龙江01考场,空域限制或地形限制题-考试条件提取.docx,23,2,2,(二),coordinate;speed_height,"a值为20米，b值为25米，c值为30m,d值为20m, e值为6m/s,f值为2m/s。 通计 不通计 坐古然空，",20;25;30;20;6;2,m;m/s;米,,,,6m/s;2m/s,,,
gcond_220aca16e445,gcond_220aca16e445,gctpl_4fc2e763e381,gsec_c1f4071b8652,qbank_7cb07e6ab374,实操题库_地面站考试条件_2026H1_空域限制或地形限制题型.txt_22,2026H1,2026H1,空域限制或地形限制题型,2026-03-24,黑龙江01考场,空域限制或地形限制题-考试条件提取.docx,23,3,3,1、,coordinate;takeoff_return,"起飞点经纬度： N43°34'4"" E:125°7'24""",43;34;4;125;7;24,°;度,起飞点;4;7,"N43°34'4"";E:125°7'24""",43°;125°,,,,
gcond_e0278cba03a4,gcond_e0278cba03a4,gctpl_41104def045d,gsec_c1f4071b8652,qbank_7cb07e6ab374,实操题库_地面站考试条件_2026H1_空域限制或地形限制题型.txt_22,2026H1,2026H1,空域限制或地形限制题型,2026-03-24,黑龙江01考场,空域限制或地形限制题-考试条件提取.docx,23,4,4,2、,restriction;geometry;takeoff_return,由于空域限制，飞机 任务航线示意图： 不能由起飞点直飞任务 航线的航点1，需由起飞 点起飞先向东南方向平 飞300米，再向东北方向 3 平飞500米，到达任务 航线的航点1。,1;300;3;500;1,米,起飞点;3,,,,500米,300米;500米,
gcond_85ff0c70cb62,gcond_85ff0c70cb62,gctpl_f4569e340ed2,gsec_c1f4071b8652,qbank_7cb07e6ab374,实操题库_地面站考试条件_2026H1_空域限制或地形限制题型.txt_22,2026H1,2026H1,空域限制或地形限制题型,2026-03-24,黑龙江01考场,空域限制或地形限制题-考试条件提取.docx,23,5,5,3、,coordinate;bearing_angle;geometry,如图所示任务航点3 4航向角NE,3;4,,,,,,,,
gcond_2dadcd10750a,gcond_2dadcd10750a,gctpl_17fc14472922,gsec_3f0913692d3a,qbank_7cb07e6ab374,实操题库_地面站考试条件_2026H1_空域限制或地形限制题型.txt_23,2026H1,2026H1,空域限制或地形限制题型,2026-03-25,河北04考场,空域限制或地形限制题-考试条件提取.docx,24,1,1,(一),speed_height;turn_hold_loop;bearing_angle;geometry;takeoff_return,"与 的相对方位由委任代表根据现场环境等 情况进行决定。于起飞点前规划一个六边形并循环执行，边长为a，①②③航点 相对地面高度为b,④⑤⑥航点相对地面高度为c,水平速度为d,垂直速度为， 转弯方式为停止转弯，各点停留时间为f;",,度,起飞点;①;②;③;④;⑤;⑥,,,,,,
gcond_1d646628ef71,gcond_1d646628ef71,gctpl_14dbc9d4cdfd,gsec_3f0913692d3a,qbank_7cb07e6ab374,实操题库_地面站考试条件_2026H1_空域限制或地形限制题型.txt_23,2026H1,2026H1,空域限制或地形限制题型,2026-03-25,河北04考场,空域限制或地形限制题-考试条件提取.docx,24,2,2,(二),coordinate;speed_height;bearing_angle,"a值建议为30米（误差≤±3米），b值建议为25米，c建议为30m, d值建议为2m/s。e值建议为1m/s,f值建议为2s。(航线方位及各数值可由委 任代表按实际情况进行调整，考题以委任代表规定数值为准)",30;3;25;30;2;1;2,m;m/s;s;米,,,,2m/s;1m/s,,,
gcond_be76d1c00960,gcond_be76d1c00960,gctpl_25b90a70e62b,gsec_3f0913692d3a,qbank_7cb07e6ab374,实操题库_地面站考试条件_2026H1_空域限制或地形限制题型.txt_23,2026H1,2026H1,空域限制或地形限制题型,2026-03-25,河北04考场,空域限制或地形限制题-考试条件提取.docx,24,3,3,1、,coordinate;takeoff_return,"起飞点经纬度： N:28°39'30"" E:115°56'32”",28;39;30;115;56;32,°;度,起飞点,"N:28°39'30"";E:115°56'32”",28°;115°,,,,
gcond_fa35ee885b8a,gcond_fa35ee885b8a,gctpl_9ebbf3e9037f,gsec_3f0913692d3a,qbank_7cb07e6ab374,实操题库_地面站考试条件_2026H1_空域限制或地形限制题型.txt_23,2026H1,2026H1,空域限制或地形限制题型,2026-03-25,河北04考场,空域限制或地形限制题-考试条件提取.docx,24,4,4,2、,coordinate;bearing_angle;restriction;geometry;takeoff_return,由于地形限制，飞机不能由 起飞点直飞任务航线的航点1， 需升高120米，再向SE平飞500米 规避障碍。,1;120;500,S;米,起飞点,,,,120米;500米,120米;500米,
gcond_b380c87a565e,gcond_b380c87a565e,gctpl_9d72f0b410a1,gsec_6eb68edcf0ae,qbank_7cb07e6ab374,实操题库_地面站考试条件_2026H1_空域限制或地形限制题型.txt_24,2026H1,2026H1,空域限制或地形限制题型,2026-03-26,湖北01考场,空域限制或地形限制题-考试条件提取.docx,25,1,1,(一),speed_height;turn_hold_loop;bearing_angle;geometry,"与 的相对方位由委任代表根据 现场环境等情况进行决定。于起飞前规划一个等腰直角三角形并 循环执行，①②边长为a1,①③边长为a2,∠①为直角，航线相对 地面高度b，水平速度为c，垂直速度为d，转弯方式为停止转弯， 停留时间不要求；",1;2,度,①;②;①;③;①,,,,,,
gcond_4b9c60bfb35d,gcond_4b9c60bfb35d,gctpl_167159c678a0,gsec_6eb68edcf0ae,qbank_7cb07e6ab374,实操题库_地面站考试条件_2026H1_空域限制或地形限制题型.txt_24,2026H1,2026H1,空域限制或地形限制题型,2026-03-26,湖北01考场,空域限制或地形限制题-考试条件提取.docx,25,2,2,(二),speed_height;bearing_angle,"a1、a2值建议为30米，b值建议为30米，c值建议 为3m/s,d值建议为1m/s。(航线方位及各数值可由委任代表按实 际情况进行调整，考题以委任代表规定数值为准)",1;2;30;30;3;1,m/s;米,,,,3m/s;1m/s,,,
gcond_90613c09a02d,gcond_90613c09a02d,gctpl_19f1d74b7a03,gsec_6eb68edcf0ae,qbank_7cb07e6ab374,实操题库_地面站考试条件_2026H1_空域限制或地形限制题型.txt_24,2026H1,2026H1,空域限制或地形限制题型,2026-03-26,湖北01考场,空域限制或地形限制题-考试条件提取.docx,25,3,3,一、,coordinate;takeoff_return,"起飞点经纬度： E:103°12'39.75"" N:24°44'49.49” 保留小数点后5位，四舍五入",103;12;39.75;24;44;49.49;5,°;度,起飞点,E:103°12'39;N:24°44'49,103°;24°,,,,
gcond_4603a288f120,gcond_4603a288f120,gctpl_ec3a9e210251,gsec_6eb68edcf0ae,qbank_7cb07e6ab374,实操题库_地面站考试条件_2026H1_空域限制或地形限制题型.txt_24,2026H1,2026H1,空域限制或地形限制题型,2026-03-26,湖北01考场,空域限制或地形限制题-考试条件提取.docx,25,4,4,二、,geometry,无人机原地飞升高至100 米，向西南方向飞行100米，再 向东北方向飞行200米后，开始 执行图形航线。,100;100;200,米,,,,,100 米;200米,,
gcond_f0525264c33a,gcond_f0525264c33a,gctpl_2e496aa2eea8,gsec_6eb68edcf0ae,qbank_7cb07e6ab374,实操题库_地面站考试条件_2026H1_空域限制或地形限制题型.txt_24,2026H1,2026H1,空域限制或地形限制题型,2026-03-26,湖北01考场,空域限制或地形限制题-考试条件提取.docx,25,5,5,三、,coordinate;bearing_angle,3+2为SE方向,3;2,S,3,,,,,,
gcond_9b4a84647241,gcond_9b4a84647241,gctpl_c3645e4d0db0,gsec_6eb68edcf0ae,qbank_7cb07e6ab374,实操题库_地面站考试条件_2026H1_空域限制或地形限制题型.txt_24,2026H1,2026H1,空域限制或地形限制题型,2026-03-26,湖北01考场,空域限制或地形限制题-考试条件提取.docx,25,6,6,四、,turn_hold_loop;geometry,图形需要手动闭合,,,,,,,,,
gcond_49c167782572,gcond_49c167782572,gctpl_eeefc6615b66,gsec_0aad15d60f40,qbank_7cb07e6ab374,实操题库_地面站考试条件_2026H1_空域限制或地形限制题型.txt_25,2026H1,2026H1,空域限制或地形限制题型,2026-03-26,湖南02考场,空域限制或地形限制题-考试条件提取.docx,26,1,1,(一),speed_height;turn_hold_loop;bearing_angle;geometry;takeoff_return,"与 的相对方位由委任代表根据 现场环境等情况进行决定。于起飞点前规划一个等边三角形并循环执行， 边长为a,航线相对地面高度为b,水平速度为c，垂直速度为d, 转弯方式为停止转弯，停留时间不作要求；",,度,起飞点,,,,,,
gcond_6eb7a19114f2,gcond_6eb7a19114f2,gctpl_312bdb8dd8f4,gsec_0aad15d60f40,qbank_7cb07e6ab374,实操题库_地面站考试条件_2026H1_空域限制或地形限制题型.txt_25,2026H1,2026H1,空域限制或地形限制题型,2026-03-26,湖南02考场,空域限制或地形限制题-考试条件提取.docx,26,2,2,(二),speed_height;bearing_angle,"a值建议为30米，b值建议为30米，c值建议为3m/s, d值建议为1m/s。(航线方位及各数值可由委任代表按实际情况进行 调整，考题以委任代表规定数值为准)",30;30;3;1,m/s;米,,,,3m/s;1m/s,,,
gcond_8cd15b04f6c9,gcond_8cd15b04f6c9,gctpl_e8ba15239943,gsec_0aad15d60f40,qbank_7cb07e6ab374,实操题库_地面站考试条件_2026H1_空域限制或地形限制题型.txt_25,2026H1,2026H1,空域限制或地形限制题型,2026-03-26,湖南02考场,空域限制或地形限制题-考试条件提取.docx,26,3,3,一：,coordinate;takeoff_return,起飞点经纬度： E:113°12'12” N:27.7766°,113;12;12;27.7766,°;度,起飞点,E:113°12'12”;N:27.7766,113°;27.7766°,,,,
gcond_5c4ae5c72a71,gcond_5c4ae5c72a71,gctpl_4ec1783adf16,gsec_0aad15d60f40,qbank_7cb07e6ab374,实操题库_地面站考试条件_2026H1_空域限制或地形限制题型.txt_25,2026H1,2026H1,空域限制或地形限制题型,2026-03-26,湖南02考场,空域限制或地形限制题-考试条件提取.docx,26,4,4,二：,coordinate;bearing_angle;restriction,"由于空域限制，需先向SE 方向飞行150m,再向E方向飞 行150m,进入考题①点",150;150,S;m,①,,,,,,
gcond_57de29242ff5,gcond_57de29242ff5,gctpl_92033f8f3605,gsec_0aad15d60f40,qbank_7cb07e6ab374,实操题库_地面站考试条件_2026H1_空域限制或地形限制题型.txt_25,2026H1,2026H1,空域限制或地形限制题型,2026-03-26,湖南02考场,空域限制或地形限制题-考试条件提取.docx,26,5,5,三：,coordinate;bearing_angle,③到②航向NW,,,③;②,,,,,,
gcond_3afbff99111a,gcond_3afbff99111a,gctpl_f1375856fa97,gsec_1fffe06a7629,qbank_7cb07e6ab374,实操题库_地面站考试条件_2026H1_空域限制或地形限制题型.txt_26,2026H1,2026H1,空域限制或地形限制题型,2026-03-26,湖南02考场,空域限制或地形限制题-考试条件提取.docx,27,1,1,(一),coordinate;speed_height;turn_hold_loop;bearing_angle;geometry;takeoff_return,"与 的相对方位由委任代表根据 现场环境等情况进行决定。按图于起飞点前规划一个五边形并循环执 行，①②边及②③边的边长为a,∠②=∠④=∠①为90°，航线相 对地面高度为b，水平速度为c，垂直速度为，转弯模式为停止转弯， 各点停留时间为e;",90,°;度,起飞点;①;②;②;③;②;④;①,,90°,,,,
gcond_c34747ad853a,gcond_c34747ad853a,gctpl_28971eadb502,gsec_1fffe06a7629,qbank_7cb07e6ab374,实操题库_地面站考试条件_2026H1_空域限制或地形限制题型.txt_26,2026H1,2026H1,空域限制或地形限制题型,2026-03-26,湖南02考场,空域限制或地形限制题-考试条件提取.docx,27,2,2,(二),coordinate;speed_height;bearing_angle,"a值建议为30米，b值建议为30米，c值建议为3m/s, d建议为1m/s,e值建议为2s。(航线方位及各数值可由委任代 表按实际情况进行调整，考题以委任代表规定数值为准)",30;30;3;1;2,m/s;s;米,,,,3m/s;1m/s,,,
gcond_0af3d0582b22,gcond_0af3d0582b22,gctpl_e8ba15239943,gsec_1fffe06a7629,qbank_7cb07e6ab374,实操题库_地面站考试条件_2026H1_空域限制或地形限制题型.txt_26,2026H1,2026H1,空域限制或地形限制题型,2026-03-26,湖南02考场,空域限制或地形限制题-考试条件提取.docx,27,3,3,一：,coordinate;takeoff_return,起飞点经纬度： E:113°12'12” N:27.7766°,113;12;12;27.7766,°;度,起飞点,E:113°12'12”;N:27.7766,113°;27.7766°,,,,
gcond_5de5b574e012,gcond_5de5b574e012,gctpl_7d48d30ab4bf,gsec_1fffe06a7629,qbank_7cb07e6ab374,实操题库_地面站考试条件_2026H1_空域限制或地形限制题型.txt_26,2026H1,2026H1,空域限制或地形限制题型,2026-03-26,湖南02考场,空域限制或地形限制题-考试条件提取.docx,27,4,4,二：,coordinate;bearing_angle;restriction,"由于空域限制，需先向SW 方向飞行100m,再向SE方向飞 行100m,进入考题①点",100;100,S;m,①,,,,,,
gcond_b89a6fc6a388,gcond_b89a6fc6a388,gctpl_e46abd5a6cc3,gsec_1fffe06a7629,qbank_7cb07e6ab374,实操题库_地面站考试条件_2026H1_空域限制或地形限制题型.txt_26,2026H1,2026H1,空域限制或地形限制题型,2026-03-26,湖南02考场,空域限制或地形限制题-考试条件提取.docx,27,5,5,三：,coordinate;bearing_angle,③点位于②点NW,,,③;②,,,,,,
gcond_6d6dd29a41ce,gcond_6d6dd29a41ce,gctpl_9d72f0b410a1,gsec_a767286fc7de,qbank_7cb07e6ab374,实操题库_地面站考试条件_2026H1_空域限制或地形限制题型.txt_27,2026H1,2026H1,空域限制或地形限制题型,2026-03-27,广西01考场,空域限制或地形限制题-考试条件提取.docx,28,1,1,(一),speed_height;turn_hold_loop;bearing_angle;geometry,"与 的相对方位由委任代表根据 现场环境等情况进行决定。于起飞前规划一个等腰直角三角形并 循环执行，①②边长为a1,①③边长为a2,∠①为直角，航线相对 地面高度b，水平速度为c，垂直速度为d，转弯方式为停止转弯， 停留时间不要求；",1;2,度,①;②;①;③;①,,,,,,
gcond_b202536435ba,gcond_b202536435ba,gctpl_167159c678a0,gsec_a767286fc7de,qbank_7cb07e6ab374,实操题库_地面站考试条件_2026H1_空域限制或地形限制题型.txt_27,2026H1,2026H1,空域限制或地形限制题型,2026-03-27,广西01考场,空域限制或地形限制题-考试条件提取.docx,28,2,2,(二),speed_height;bearing_angle,"a1、a2值建议为30米，b值建议为30米，c值建议 为3m/s,d值建议为1m/s。(航线方位及各数值可由委任代表按实 际情况进行调整，考题以委任代表规定数值为准)",1;2;30;30;3;1,m/s;米,,,,3m/s;1m/s,,,
gcond_723ac095cb37,gcond_723ac095cb37,gctpl_628c956b4fae,gsec_a767286fc7de,qbank_7cb07e6ab374,实操题库_地面站考试条件_2026H1_空域限制或地形限制题型.txt_27,2026H1,2026H1,空域限制或地形限制题型,2026-03-27,广西01考场,空域限制或地形限制题-考试条件提取.docx,28,3,3,一：,coordinate;takeoff_return,"起飞点经纬度： N:28°39′30” E:115°56'32""",28;39;30;115;56;32,°;度,起飞点,"N:28°39′30”;E:115°56'32""",28°;115°,,,,
gcond_5b0d9ce30b5e,gcond_5b0d9ce30b5e,gctpl_b1d955aecc3d,gsec_a767286fc7de,qbank_7cb07e6ab374,实操题库_地面站考试条件_2026H1_空域限制或地形限制题型.txt_27,2026H1,2026H1,空域限制或地形限制题型,2026-03-27,广西01考场,空域限制或地形限制题-考试条件提取.docx,28,4,4,二：,restriction;geometry;takeoff_return,由于空域限制，飞机不能由起飞点 直飞任务航线的航点1，需由起飞点起 飞，先向西南平飞1200米，再向东南 平飞500米，到达任务航线的航点1。,1;1200;500;1,米,起飞点;起飞点,,,,500米,1200米;500米,
gcond_19766c87da31,gcond_19766c87da31,gctpl_95b008d4749d,gsec_a767286fc7de,qbank_7cb07e6ab374,实操题库_地面站考试条件_2026H1_空域限制或地形限制题型.txt_27,2026H1,2026H1,空域限制或地形限制题型,2026-03-27,广西01考场,空域限制或地形限制题-考试条件提取.docx,28,5,5,三：,coordinate;bearing_angle,方位角关系见下方坐标轴,,,,,,,,,
gcond_358737d3e567,gcond_358737d3e567,gctpl_590edeaf57b4,gsec_bdd7a460610f,qbank_7cb07e6ab374,实操题库_地面站考试条件_2026H1_空域限制或地形限制题型.txt_28,2026H1,2026H1,空域限制或地形限制题型,2026-03-27,广西01考场,空域限制或地形限制题-考试条件提取.docx,29,1,1,(一),coordinate;speed_height;turn_hold_loop;bearing_angle;geometry;takeoff_return,"与 的相对方位由委任代表根据 现场环境等情况进行决定。于起飞点前规划一个六边形并循环执行， 边长为a，①②③航点相对地面高度为b,④⑤⑥航点相对地面高度 为c,水平速度为d，垂直速度为e,转弯方式为停止转弯，各点停 留时间为f;",,度,起飞点;①;②;③;④;⑤;⑥,,,,,,
gcond_2348976ea898,gcond_2348976ea898,gctpl_358df8d17234,gsec_bdd7a460610f,qbank_7cb07e6ab374,实操题库_地面站考试条件_2026H1_空域限制或地形限制题型.txt_28,2026H1,2026H1,空域限制或地形限制题型,2026-03-27,广西01考场,空域限制或地形限制题-考试条件提取.docx,29,2,2,(二),coordinate;speed_height;bearing_angle,"a值为建议30米（误差≤±3米），b值建议为30米， c值建议为25m,d值建议为4m/s,e值建议为2m/s,f值建议为 2§。（航线方位及各数值可由变任代表按实际情况进行调整，考题以 委任代表规定数值为准)",30;3;30;25;4;2;2,m;m/s;米,2,,,4m/s;2m/s,,,
gcond_6cf9fec74a0f,gcond_6cf9fec74a0f,gctpl_681e7796f5a7,gsec_bdd7a460610f,qbank_7cb07e6ab374,实操题库_地面站考试条件_2026H1_空域限制或地形限制题型.txt_28,2026H1,2026H1,空域限制或地形限制题型,2026-03-27,广西01考场,空域限制或地形限制题-考试条件提取.docx,29,3,3,一：,coordinate;takeoff_return,"起飞点经纬度： N:28°39'30"" E:115°56′32”",28;39;30;115;56;32,°;度,起飞点,"N:28°39'30"";E:115°56′32”",28°;115°,,,,
gcond_d305bf523f0c,gcond_d305bf523f0c,gctpl_b1d955aecc3d,gsec_bdd7a460610f,qbank_7cb07e6ab374,实操题库_地面站考试条件_2026H1_空域限制或地形限制题型.txt_28,2026H1,2026H1,空域限制或地形限制题型,2026-03-27,广西01考场,空域限制或地形限制题-考试条件提取.docx,29,4,4,二：,restriction;geometry;takeoff_return,由于空域限制，飞机不能由起飞点 直飞任务航线的航点1，需由起飞点起 飞，先向西南平飞1200米，再向东南 平飞500米，到达任务航线的航点1。,1;1200;500;1,米,起飞点;起飞点,,,,500米,1200米;500米,
gcond_dc8cbb3279f9,gcond_dc8cbb3279f9,gctpl_95b008d4749d,gsec_bdd7a460610f,qbank_7cb07e6ab374,实操题库_地面站考试条件_2026H1_空域限制或地形限制题型.txt_28,2026H1,2026H1,空域限制或地形限制题型,2026-03-27,广西01考场,空域限制或地形限制题-考试条件提取.docx,29,5,5,三：,coordinate;bearing_angle,方位角关系见下方坐标轴,,,,,,,,,
gcond_d5ed8bb60db2,gcond_d5ed8bb60db2,gctpl_4574e907cf86,gsec_f4de39721daf,qbank_7cb07e6ab374,实操题库_地面站考试条件_2026H1_空域限制或地形限制题型.txt_29,2026H1,2026H1,空域限制或地形限制题型,2026-03-27,广西01考场,空域限制或地形限制题-考试条件提取.docx,30,1,1,(一),coordinate;speed_height;turn_hold_loop;bearing_angle;geometry;takeoff_return,"与 的相对方位由委任代表根据 现场环境等情况进行决定。按图于起飞点前规划一个五边形并循环执 行，①②边及②③边的边长为a,∠②=∠④=∠①为90°，航线相 对地面高度为b，水平速度为c，垂直速度为d，转弯模式为停止 转弯，各点停留时间为e;",90,°;度,起飞点;①;②;②;③;②;④;①,,90°,,,,
gcond_46fad165ddc6,gcond_46fad165ddc6,gctpl_8c87b11cb747,gsec_f4de39721daf,qbank_7cb07e6ab374,实操题库_地面站考试条件_2026H1_空域限制或地形限制题型.txt_29,2026H1,2026H1,空域限制或地形限制题型,2026-03-27,广西01考场,空域限制或地形限制题-考试条件提取.docx,30,2,2,(二),coordinate;speed_height;bearing_angle,"a值建议为50米，b值建议为50米，c值建议为 3m/s,d建议为2m/s,e值建议为10s。(航线方位及各数值可由 委任代表按实际情况进行调整，考题以委任代表规定数值为准)",50;50;3;2;10,m/s;s;米,,,,3m/s;2m/s,,,
gcond_e1f7f1d0f9cc,gcond_e1f7f1d0f9cc,gctpl_681e7796f5a7,gsec_f4de39721daf,qbank_7cb07e6ab374,实操题库_地面站考试条件_2026H1_空域限制或地形限制题型.txt_29,2026H1,2026H1,空域限制或地形限制题型,2026-03-27,广西01考场,空域限制或地形限制题-考试条件提取.docx,30,3,3,一：,coordinate;takeoff_return,"起飞点经纬度： N:28°39'30"" E:115°56′32”",28;39;30;115;56;32,°;度,起飞点,"N:28°39'30"";E:115°56′32”",28°;115°,,,,
gcond_f295b0083665,gcond_f295b0083665,gctpl_b1d955aecc3d,gsec_f4de39721daf,qbank_7cb07e6ab374,实操题库_地面站考试条件_2026H1_空域限制或地形限制题型.txt_29,2026H1,2026H1,空域限制或地形限制题型,2026-03-27,广西01考场,空域限制或地形限制题-考试条件提取.docx,30,4,4,二：,restriction;geometry;takeoff_return,由于空域限制，飞机不能由起飞点 直飞任务航线的航点1，需由起飞点起 飞，先向西南平飞1200米，再向东南 平飞500米，到达任务航线的航点1。,1;1200;500;1,米,起飞点;起飞点,,,,500米,1200米;500米,
gcond_bf03ebfd0977,gcond_bf03ebfd0977,gctpl_7392cc654b6f,gsec_f4de39721daf,qbank_7cb07e6ab374,实操题库_地面站考试条件_2026H1_空域限制或地形限制题型.txt_29,2026H1,2026H1,空域限制或地形限制题型,2026-03-27,广西01考场,空域限制或地形限制题-考试条件提取.docx,30,5,5,三：,coordinate;bearing_angle,方位角关系见下方坐标轴 ☆；,,,,,,,,,
gcond_d9fc6084f931,gcond_d9fc6084f931,gctpl_9baefc60395d,gsec_f10e57742a8a,qbank_7cb07e6ab374,实操题库_地面站考试条件_2026H1_空域限制或地形限制题型.txt_30,2026H1,2026H1,空域限制或地形限制题型,2026-03-27,广西01考场,空域限制或地形限制题-考试条件提取.docx,31,1,1,(一),coordinate;speed_height;turn_hold_loop;bearing_angle;geometry;takeoff_return,"与 的相对方位由委任代表根据 现场环境等情况进行决定。按图于起飞点前规划一个四边形并循环执 行。①②边、②③边边长为a,③④边边长为b,∠②=∠③=90 航线相对地面高度为c，水平速度为d，垂直速度为e，转弯模式为 停止转弯，停留时间5；",90;5,度,起飞点;①;②;②;③;③;④;②;③,,,,,,
gcond_3ae2499ed5de,gcond_3ae2499ed5de,gctpl_77df4d1922d1,gsec_f10e57742a8a,qbank_7cb07e6ab374,实操题库_地面站考试条件_2026H1_空域限制或地形限制题型.txt_30,2026H1,2026H1,空域限制或地形限制题型,2026-03-27,广西01考场,空域限制或地形限制题-考试条件提取.docx,31,2,2,(二),coordinate;speed_height;bearing_angle,"a值建议为200米，b值建议为300米，c值建议为300m, d值建议为3m/s。e值建议为2m/s。(航线方位及各数值可由委 任代表按实际情况进行调整，考题以委任代表规定数值为准)",200;300;300;3;2,m;m/s;米,,,,3m/s;2m/s,,,
gcond_d4fe0558884b,gcond_d4fe0558884b,gctpl_f4a8318aa395,gsec_f10e57742a8a,qbank_7cb07e6ab374,实操题库_地面站考试条件_2026H1_空域限制或地形限制题型.txt_30,2026H1,2026H1,空域限制或地形限制题型,2026-03-27,广西01考场,空域限制或地形限制题-考试条件提取.docx,31,3,3,一：,coordinate;takeoff_return,"起飞点经纬度： N:28°39'30"" E:115°5632”",28;39;30;115;5632,°;度,起飞点,"N:28°39'30"";E:115°5632”",28°;115°,,,,
gcond_a8e69407ed75,gcond_a8e69407ed75,gctpl_b1d955aecc3d,gsec_f10e57742a8a,qbank_7cb07e6ab374,实操题库_地面站考试条件_2026H1_空域限制或地形限制题型.txt_30,2026H1,2026H1,空域限制或地形限制题型,2026-03-27,广西01考场,空域限制或地形限制题-考试条件提取.docx,31,4,4,二：,restriction;geometry;takeoff_return,由于空域限制，飞机不能由起飞点 直飞任务航线的航点1，需由起飞点起 飞，先向西南平飞1200米，再向东南 平飞500米，到达任务航线的航点1。,1;1200;500;1,米,起飞点;起飞点,,,,500米,1200米;500米,
gcond_dc76346a0b5e,gcond_dc76346a0b5e,gctpl_95b008d4749d,gsec_f10e57742a8a,qbank_7cb07e6ab374,实操题库_地面站考试条件_2026H1_空域限制或地形限制题型.txt_30,2026H1,2026H1,空域限制或地形限制题型,2026-03-27,广西01考场,空域限制或地形限制题-考试条件提取.docx,31,5,5,三：,coordinate;bearing_angle,方位角关系见下方坐标轴,,,,,,,,,
gcond_bffc31353791,gcond_bffc31353791,gctpl_b81a7bd442c9,gsec_0d500e7bd7a6,qbank_7cb07e6ab374,实操题库_地面站考试条件_2026H1_空域限制或地形限制题型.txt_31,2026H1,2026H1,空域限制或地形限制题型,2026-03-27,广西01考场,空域限制或地形限制题-考试条件提取.docx,32,1,1,(一),coordinate;speed_height;turn_hold_loop;bearing_angle;geometry;takeoff_return,"与 的相对方位由委任代表根据 现场环境等情况进行决定。按图于起飞点前规划一个四边形并循环执 行。①②边、②③边边长为a,③④边边长为b,∠②=∠③=90° 航线相对地面高度为c，水平速度为d，垂直速度为e,转弯模式为 停止转弯，停留时间5；",90;5,°;度,起飞点;①;②;②;③;③;④;②;③,,90°,,,,
gcond_65840e10d26f,gcond_65840e10d26f,gctpl_77df4d1922d1,gsec_0d500e7bd7a6,qbank_7cb07e6ab374,实操题库_地面站考试条件_2026H1_空域限制或地形限制题型.txt_31,2026H1,2026H1,空域限制或地形限制题型,2026-03-27,广西01考场,空域限制或地形限制题-考试条件提取.docx,32,2,2,(二),coordinate;speed_height;bearing_angle,"a值建议为200米，b值建议为300米，c值建议为300m, d值建议为3m/s。e值建议为2m/s。(航线方位及各数值可由委 任代表按实际情况进行调整，考题以委任代表规定数值为准)",200;300;300;3;2,m;m/s;米,,,,3m/s;2m/s,,,
gcond_919b79f74372,gcond_919b79f74372,gctpl_c4855fcbf9a0,gsec_0d500e7bd7a6,qbank_7cb07e6ab374,实操题库_地面站考试条件_2026H1_空域限制或地形限制题型.txt_31,2026H1,2026H1,空域限制或地形限制题型,2026-03-27,广西01考场,空域限制或地形限制题-考试条件提取.docx,32,3,3,一：,coordinate;takeoff_return,"起飞点经纬度： :28°39'30"" E:115°56'32""",28;39;30;115;56;32,°;度,起飞点,"E:115°56'32""",28°;115°,,,,possible_incomplete_latlon_pair
gcond_87723739560f,gcond_87723739560f,gctpl_b8f653e078f3,gsec_0d500e7bd7a6,qbank_7cb07e6ab374,实操题库_地面站考试条件_2026H1_空域限制或地形限制题型.txt_31,2026H1,2026H1,空域限制或地形限制题型,2026-03-27,广西01考场,空域限制或地形限制题-考试条件提取.docx,32,4,4,二：,restriction;geometry;takeoff_return,由于空域限制，飞机不能由起飞点 直飞任务航线的航点1，需由起飞点起 飞，先向东南平飞1200米，再向西南 平飞500米，到达任务航线的航点1。,1;1200;500;1,米,起飞点;起飞点,,,,500米,1200米;500米,
gcond_d26ade4cb15a,gcond_d26ade4cb15a,gctpl_5a73f25c0682,gsec_0d500e7bd7a6,qbank_7cb07e6ab374,实操题库_地面站考试条件_2026H1_空域限制或地形限制题型.txt_31,2026H1,2026H1,空域限制或地形限制题型,2026-03-27,广西01考场,空域限制或地形限制题-考试条件提取.docx,32,5,5,三：,coordinate;bearing_angle,方位角关系见下方坐标轴 NW,,,,,,,,,
gcond_e7a46812f75a,gcond_e7a46812f75a,gctpl_b81a7bd442c9,gsec_460e1019d30d,qbank_7cb07e6ab374,实操题库_地面站考试条件_2026H1_空域限制或地形限制题型.txt_32,2026H1,2026H1,空域限制或地形限制题型,2026-03-27,广西01考场,空域限制或地形限制题-考试条件提取.docx,33,1,1,(一),coordinate;speed_height;turn_hold_loop;bearing_angle;geometry;takeoff_return,"与 的相对方位由委任代表根据 现场环境等情况进行决定。按图于起飞点前规划一个四边形并循环执 行。①②边、②③边边长为a,③④边边长为b,∠②=∠③=90° 航线相对地面高度为c，水平速度为d，垂直速度为e，转弯模式为 停止转弯，停留时间5；",90;5,°;度,起飞点;①;②;②;③;③;④;②;③,,90°,,,,
gcond_22aa94b8d197,gcond_22aa94b8d197,gctpl_77df4d1922d1,gsec_460e1019d30d,qbank_7cb07e6ab374,实操题库_地面站考试条件_2026H1_空域限制或地形限制题型.txt_32,2026H1,2026H1,空域限制或地形限制题型,2026-03-27,广西01考场,空域限制或地形限制题-考试条件提取.docx,33,2,2,(二),coordinate;speed_height;bearing_angle,"a值建议为200米，b值建议为300米，c值建议为300m, d值建议为3m/s。e值建议为2m/s。(航线方位及各数值可由委 任代表按实际情况进行调整，考题以委任代表规定数值为准)",200;300;300;3;2,m;m/s;米,,,,3m/s;2m/s,,,
gcond_4f3cfa371676,gcond_4f3cfa371676,gctpl_edf1963d271c,gsec_460e1019d30d,qbank_7cb07e6ab374,实操题库_地面站考试条件_2026H1_空域限制或地形限制题型.txt_32,2026H1,2026H1,空域限制或地形限制题型,2026-03-27,广西01考场,空域限制或地形限制题-考试条件提取.docx,33,3,3,一：,coordinate;takeoff_return,"起飞点经纬度： N:28°39′30"" E:115°56'32""",28;39;30;115;56;32,°;度,起飞点,"N:28°39′30"";E:115°56'32""",28°;115°,,,,
gcond_6ee3bb5d738c,gcond_6ee3bb5d738c,gctpl_65e90f9f6af0,gsec_460e1019d30d,qbank_7cb07e6ab374,实操题库_地面站考试条件_2026H1_空域限制或地形限制题型.txt_32,2026H1,2026H1,空域限制或地形限制题型,2026-03-27,广西01考场,空域限制或地形限制题-考试条件提取.docx,33,4,4,二：,coordinate;bearing_angle;restriction;geometry;takeoff_return,由于空域限制，飞机不能由起飞点 直飞任务航线的航点1，需由起飞点起 飞，先向SE平飞1200米，再向SW 平飞500米，到达任务航线的航点1。,1;1200;500;1,S;米,起飞点;起飞点,,,,500米,1200米;500米,
gcond_35d6b9908b58,gcond_35d6b9908b58,gctpl_95b008d4749d,gsec_460e1019d30d,qbank_7cb07e6ab374,实操题库_地面站考试条件_2026H1_空域限制或地形限制题型.txt_32,2026H1,2026H1,空域限制或地形限制题型,2026-03-27,广西01考场,空域限制或地形限制题-考试条件提取.docx,33,5,5,三：,coordinate;bearing_angle,方位角关系见下方坐标轴,,,,,,,,,
gcond_2a48d950f952,gcond_2a48d950f952,gctpl_266d0c2b36f8,gsec_06418e85145a,qbank_7cb07e6ab374,实操题库_地面站考试条件_2026H1_空域限制或地形限制题型.txt_33,2026H1,2026H1,空域限制或地形限制题型,2026-03-27,广西01考场,空域限制或地形限制题-考试条件提取.docx,34,1,1,(一),coordinate;speed_height;turn_hold_loop;bearing_angle;geometry;takeoff_return,"与 的相对方位由委任代表根据 现场环境等情况进行决定。按图于起飞点前规划一个闭合图形并循环 执行，各点之间距离不小于50米，①点相对地面高度为a,②点相 对地面高度为b，③点相对地面高度为c，④点相对地面高度为d, 水平速度为e,垂直速度为f，转弯模式为停止转弯，停留时间2s;",50;2,s;度;米,起飞点;①;②;③;④,,,,50米,50米,
gcond_c08c6a77c0b3,gcond_c08c6a77c0b3,gctpl_a3ae667c76a4,gsec_06418e85145a,qbank_7cb07e6ab374,实操题库_地面站考试条件_2026H1_空域限制或地形限制题型.txt_33,2026H1,2026H1,空域限制或地形限制题型,2026-03-27,广西01考场,空域限制或地形限制题-考试条件提取.docx,34,2,2,(二),coordinate;speed_height;bearing_angle,"a值建议为20米，b值建议为25米，c值建议为30m, d值建议为20m,e值建议为2m/s,f值建议为2m/s。(航线方位 及各数值可由变任代表按实际情况进行调整，考题以委任代表规定数 值为准) 金：进生，",20;25;30;20;2;2,m;m/s;米,,,,2m/s;2m/s,,,
gcond_8d439720c3ee,gcond_8d439720c3ee,gctpl_b1d955aecc3d,gsec_06418e85145a,qbank_7cb07e6ab374,实操题库_地面站考试条件_2026H1_空域限制或地形限制题型.txt_33,2026H1,2026H1,空域限制或地形限制题型,2026-03-27,广西01考场,空域限制或地形限制题-考试条件提取.docx,34,3,3,二：,restriction;geometry;takeoff_return,由于空域限制，飞机不能由起飞点 直飞任务航线的航点1，需由起飞点起 飞，先向西南平飞1200米，再向东南 平飞500米，到达任务航线的航点1。,1;1200;500;1,米,起飞点;起飞点,,,,500米,1200米;500米,
gcond_1915c456ce64,gcond_1915c456ce64,gctpl_95b008d4749d,gsec_06418e85145a,qbank_7cb07e6ab374,实操题库_地面站考试条件_2026H1_空域限制或地形限制题型.txt_33,2026H1,2026H1,空域限制或地形限制题型,2026-03-27,广西01考场,空域限制或地形限制题-考试条件提取.docx,34,4,4,三：,coordinate;bearing_angle,方位角关系见下方坐标轴,,,,,,,,,
gcond_a7539ae49e64,gcond_a7539ae49e64,gctpl_b59826ddcb73,gsec_cfae80c7e406,qbank_7cb07e6ab374,实操题库_地面站考试条件_2026H1_空域限制或地形限制题型.txt_34,2026H1,2026H1,空域限制或地形限制题型,2026-03-27,贵州01考场,空域限制或地形限制题-考试条件提取.docx,35,1,1,(一),speed_height;turn_hold_loop;bearing_angle;geometry,与 的相对方位由委任代表根据现场环境 等情况进行决定。规划一个等边三角形并循环执行，边长为，所有航线相对 地面高度为b，水平速度为c，垂直速度为，转弯方式为停止转弯，停留时 间5s;,5,s;度,,,,,,,
gcond_28276c429fc1,gcond_28276c429fc1,gctpl_401b1e1c6d37,gsec_cfae80c7e406,qbank_7cb07e6ab374,实操题库_地面站考试条件_2026H1_空域限制或地形限制题型.txt_34,2026H1,2026H1,空域限制或地形限制题型,2026-03-27,贵州01考场,空域限制或地形限制题-考试条件提取.docx,35,2,2,(二),speed_height,"a值为50米，b值为50米，c值为3m/s,d值为2m/s。",50;50;3;2,m/s;米,,,,3m/s;2m/s,,,
gcond_9fd4165a4f5b,gcond_9fd4165a4f5b,gctpl_66ddfc88be60,gsec_cfae80c7e406,qbank_7cb07e6ab374,实操题库_地面站考试条件_2026H1_空域限制或地形限制题型.txt_34,2026H1,2026H1,空域限制或地形限制题型,2026-03-27,贵州01考场,空域限制或地形限制题-考试条件提取.docx,35,3,3,1、,coordinate;geometry;takeoff_return,起飞点经纬度： N:28°39′30” 任务航线示意图： E:115°56'32”,28;39;30;115;56;32,°;度,起飞点,N:28°39′30”;E:115°56'32”,28°;115°,,,,
gcond_9396534e961a,gcond_9396534e961a,gctpl_2e009277fbd9,gsec_cfae80c7e406,qbank_7cb07e6ab374,实操题库_地面站考试条件_2026H1_空域限制或地形限制题型.txt_34,2026H1,2026H1,空域限制或地形限制题型,2026-03-27,贵州01考场,空域限制或地形限制题-考试条件提取.docx,35,4,4,2、,bearing_angle;restriction;geometry;takeoff_return,由于空域限制，飞 机不能由起飞点直飞 任务航线的航点1，需 先向正东方平飞1000 米，再向南平飞500米， 到达任务航线的航点1。,1;1000;500;1,米,起飞点,,,,500米,1000 米;500米,
gcond_88257dfda383,gcond_88257dfda383,gctpl_beca0474039c,gsec_cfae80c7e406,qbank_7cb07e6ab374,实操题库_地面站考试条件_2026H1_空域限制或地形限制题型.txt_34,2026H1,2026H1,空域限制或地形限制题型,2026-03-27,贵州01考场,空域限制或地形限制题-考试条件提取.docx,35,5,5,3、,bearing_angle;geometry,航点1-2航向角45°,1;2;45,°,,,45°,,,,
gcond_a32de69cb441,gcond_a32de69cb441,gctpl_a11a780f5bdf,gsec_c0a428db939f,qbank_7cb07e6ab374,实操题库_地面站考试条件_2026H1_空域限制或地形限制题型.txt_35,2026H1,2026H1,空域限制或地形限制题型,2026-03-27,贵州01考场,空域限制或地形限制题-考试条件提取.docx,36,1,1,(一),coordinate;speed_height;turn_hold_loop;geometry,"按图规划一个闭合的任务航线不循环执行，①③、②③、 ②④、①④边长为300米，①点相对地面高度为a,②点相对地面高 度为b，③点相对地面高度为c，④点相对地面高度为d，水平速 度为e，垂直速度为f，转弯模式为停止转弯，停留时间为6s;",300;6,s;度;米,①;③;②;③;②;④;①;④;①;②;③;④,,,,300米,300米,
gcond_02e7e3f99553,gcond_02e7e3f99553,gctpl_7e76ac68f1fc,gsec_c0a428db939f,qbank_7cb07e6ab374,实操题库_地面站考试条件_2026H1_空域限制或地形限制题型.txt_35,2026H1,2026H1,空域限制或地形限制题型,2026-03-27,贵州01考场,空域限制或地形限制题-考试条件提取.docx,36,2,2,(二),coordinate;speed_height,"a值为20米，b值为25米，c值为30m,d值为20m, e值为4m/s,f值为2m/s。",20;25;30;20;4;2,m;m/s;米,,,,4m/s;2m/s,,,
gcond_b8163a3442e9,gcond_b8163a3442e9,gctpl_6c2df4816b23,gsec_c0a428db939f,qbank_7cb07e6ab374,实操题库_地面站考试条件_2026H1_空域限制或地形限制题型.txt_35,2026H1,2026H1,空域限制或地形限制题型,2026-03-27,贵州01考场,空域限制或地形限制题-考试条件提取.docx,36,3,3,一：,coordinate;takeoff_return,"起飞点经纬度： N:28°09'10"" E:115°26'52”",28;09;10;115;26;52,°;度,起飞点,"N:28°09'10"";E:115°26'52”",28°;115°,,,,
gcond_bf68138ea7e1,gcond_bf68138ea7e1,gctpl_32d5a828ee7c,gsec_c0a428db939f,qbank_7cb07e6ab374,实操题库_地面站考试条件_2026H1_空域限制或地形限制题型.txt_35,2026H1,2026H1,空域限制或地形限制题型,2026-03-27,贵州01考场,空域限制或地形限制题-考试条件提取.docx,36,4,4,二：,restriction;geometry;takeoff_return,由于空域限制，飞机不 能由起飞点直飞任务航线的 第一个航点，需由起飞点起 飞先向东南方向平飞1200米， 再向东南方向平飞500米， 到达任务航线的第一个航点。,1200;500,米,起飞点;起飞点,,,,500米,1200米;500米,
gcond_e2805e33bc57,gcond_e2805e33bc57,gctpl_84e8ff64c8b6,gsec_c0a428db939f,qbank_7cb07e6ab374,实操题库_地面站考试条件_2026H1_空域限制或地形限制题型.txt_35,2026H1,2026H1,空域限制或地形限制题型,2026-03-27,贵州01考场,空域限制或地形限制题-考试条件提取.docx,36,5,5,三：,bearing_angle;geometry,如图所示任务航线的第1 个航点到任务航线的第2个航 点航向角45°,1;2;45,°,,,45°,,,,
gcond_22da7b7db3b9,gcond_22da7b7db3b9,gctpl_590edeaf57b4,gsec_36e7b59931e6,qbank_7cb07e6ab374,实操题库_地面站考试条件_2026H1_空域限制或地形限制题型.txt_36,2026H1,2026H1,空域限制或地形限制题型,2026-03-27,湖南03考场,空域限制或地形限制题-考试条件提取.docx,37,1,1,(一),coordinate;speed_height;turn_hold_loop;bearing_angle;geometry;takeoff_return,"与 的相对方位由委任代表根据 现场环境等情况进行决定。于起飞点前规划一个六边形并循环执行， 边长为a，①②③航点相对地面高度为b,④⑤⑥航点相对地面高度 为c,水平速度为d,垂直速度为e,转弯方式为停止转弯，各点停 留时间为f;",,度,起飞点;①;②;③;④;⑤;⑥,,,,,,
gcond_46ffc50aa08b,gcond_46ffc50aa08b,gctpl_092420c8db83,gsec_36e7b59931e6,qbank_7cb07e6ab374,实操题库_地面站考试条件_2026H1_空域限制或地形限制题型.txt_36,2026H1,2026H1,空域限制或地形限制题型,2026-03-27,湖南03考场,空域限制或地形限制题-考试条件提取.docx,37,2,2,(二),coordinate;speed_height;bearing_angle,"a值为建议30米（误差≤±3米），b值建议为25米， c值建议为30m,d值建议为2m/s,e值建议为1m/s,f值建议为 2s。(航线方位及各数值可由变任代表按实际情况进行调整，考题以 委任代表规定数值为准)",30;3;25;30;2;1;2,m;m/s;s;米,,,,2m/s;1m/s,,,
gcond_c21c80266a1c,gcond_c21c80266a1c,gctpl_37bcb9cfb6bd,gsec_36e7b59931e6,qbank_7cb07e6ab374,实操题库_地面站考试条件_2026H1_空域限制或地形限制题型.txt_36,2026H1,2026H1,空域限制或地形限制题型,2026-03-27,湖南03考场,空域限制或地形限制题-考试条件提取.docx,37,3,3,1、,coordinate;takeoff_return,起飞点经纬度： E:113°55′55” N:27.223344°,113;55;55;27.223344,°;度,起飞点,E:113°55′55”;N:27.223344,113°;27.223344°,,,,
gcond_82ecd75fc67c,gcond_82ecd75fc67c,gctpl_622c669f9cba,gsec_36e7b59931e6,qbank_7cb07e6ab374,实操题库_地面站考试条件_2026H1_空域限制或地形限制题型.txt_36,2026H1,2026H1,空域限制或地形限制题型,2026-03-27,湖南03考场,空域限制或地形限制题-考试条件提取.docx,37,4,4,2、,coordinate;bearing_angle;restriction;geometry,"由于空域限制，需起飞后先 向SW方向飞行150m,再向 SE方向飞行100m,进入图形 ①号点",150;100,S;m,①,,,,,,
gcond_17b0f74c063e,gcond_17b0f74c063e,gctpl_7611a6b26f1e,gsec_36e7b59931e6,qbank_7cb07e6ab374,实操题库_地面站考试条件_2026H1_空域限制或地形限制题型.txt_36,2026H1,2026H1,空域限制或地形限制题型,2026-03-27,湖南03考场,空域限制或地形限制题-考试条件提取.docx,37,5,5,3、,coordinate;turn_hold_loop;bearing_angle,1-2航向NW 闭合不循环，任务完成后 按航线返航,1;2,,1,,,,,,
gcond_40f0843ec092,gcond_40f0843ec092,gctpl_f1375856fa97,gsec_800f221ce61f,qbank_7cb07e6ab374,实操题库_地面站考试条件_2026H1_空域限制或地形限制题型.txt_37,2026H1,2026H1,空域限制或地形限制题型,2026-03-27,湖南03考场,空域限制或地形限制题-考试条件提取.docx,38,1,1,(一),coordinate;speed_height;turn_hold_loop;bearing_angle;geometry;takeoff_return,"与 的相对方位由委任代表根据 现场环境等情况进行决定。按图于起飞点前规划一个五边形并循环执 行，①②边及②③边的边长为a,∠②=∠④=∠①为90°，航线相 对地面高度为b,水平速度为c,垂直速度为，转弯模式为停止转弯， 各点停留时间为e;",90,°;度,起飞点;①;②;②;③;②;④;①,,90°,,,,
gcond_f0db5fd6c30e,gcond_f0db5fd6c30e,gctpl_28971eadb502,gsec_800f221ce61f,qbank_7cb07e6ab374,实操题库_地面站考试条件_2026H1_空域限制或地形限制题型.txt_37,2026H1,2026H1,空域限制或地形限制题型,2026-03-27,湖南03考场,空域限制或地形限制题-考试条件提取.docx,38,2,2,(二),coordinate;speed_height;bearing_angle,"a值建议为30米，b值建议为30米，c值建议为3m/s, d建议为1m/s,e值建议为2s。(航线方位及各数值可由委任代 表按实际情况进行调整，考题以委任代表规定数值为准)",30;30;3;1;2,m/s;s;米,,,,3m/s;1m/s,,,
gcond_181eb6357d05,gcond_181eb6357d05,gctpl_e8ba15239943,gsec_800f221ce61f,qbank_7cb07e6ab374,实操题库_地面站考试条件_2026H1_空域限制或地形限制题型.txt_37,2026H1,2026H1,空域限制或地形限制题型,2026-03-27,湖南03考场,空域限制或地形限制题-考试条件提取.docx,38,3,3,1、,coordinate;takeoff_return,起飞点经纬度： E:113°12'12” N:27.7766°,113;12;12;27.7766,°;度,起飞点,E:113°12'12”;N:27.7766,113°;27.7766°,,,,
gcond_f397b68b150c,gcond_f397b68b150c,gctpl_37be60cadb33,gsec_800f221ce61f,qbank_7cb07e6ab374,实操题库_地面站考试条件_2026H1_空域限制或地形限制题型.txt_37,2026H1,2026H1,空域限制或地形限制题型,2026-03-27,湖南03考场,空域限制或地形限制题-考试条件提取.docx,38,4,4,2、,coordinate;bearing_angle;restriction;geometry,"由于空域限制，需起飞后 先向SW方向飞行100m,再向 SE方向飞行100m,进入图形 ①号点",100;100,S;m,①,,,,,,
gcond_95cc07e05f22,gcond_95cc07e05f22,gctpl_d0b1097ac3b8,gsec_800f221ce61f,qbank_7cb07e6ab374,实操题库_地面站考试条件_2026H1_空域限制或地形限制题型.txt_37,2026H1,2026H1,空域限制或地形限制题型,2026-03-27,湖南03考场,空域限制或地形限制题-考试条件提取.docx,38,5,5,3、,coordinate;bearing_angle,③点位于②点NW方向,,,③;②,,,,,,
gcond_59a07a21e826,gcond_59a07a21e826,gctpl_9f2d6ccb85b5,gsec_634d3519c67e,qbank_7cb07e6ab374,实操题库_地面站考试条件_2026H1_空域限制或地形限制题型.txt_38,2026H1,2026H1,空域限制或地形限制题型,2026-03-27,湖南03考场,空域限制或地形限制题-考试条件提取.docx,39,1,1,(一),coordinate;speed_height;turn_hold_loop;bearing_angle;geometry;takeoff_return,"与 的相对方位由委任代表根据 现场环境等情况进行决定。按图于起飞点前规划一个四边形并循环执 行。①②边、②③边边长为a,③④边边长为b,∠②=∠③=90° 航线相对地面高度为c,水平速度为d，垂直速度为e，转弯模式为 停止转弯，停留时间不作要求；",90,°;度,起飞点;①;②;②;③;③;④;②;③,,90°,,,,
gcond_284854165015,gcond_284854165015,gctpl_cd9e3ad48977,gsec_634d3519c67e,qbank_7cb07e6ab374,实操题库_地面站考试条件_2026H1_空域限制或地形限制题型.txt_38,2026H1,2026H1,空域限制或地形限制题型,2026-03-27,湖南03考场,空域限制或地形限制题-考试条件提取.docx,39,2,2,(二),coordinate;speed_height;bearing_angle,"a值建议为20米，b值建议为30米，c值建议为30m, d值建议为3m/s。e值建议为2m/s。(航线方位及各数值可由委任 代表按实际情况进行调整，考题以委任代表规定数值为准)",20;30;30;3;2,m;m/s;米,,,,3m/s;2m/s,,,
gcond_95c56239835e,gcond_95c56239835e,gctpl_84b896eb4a74,gsec_634d3519c67e,qbank_7cb07e6ab374,实操题库_地面站考试条件_2026H1_空域限制或地形限制题型.txt_38,2026H1,2026H1,空域限制或地形限制题型,2026-03-27,湖南03考场,空域限制或地形限制题-考试条件提取.docx,39,3,3,1、,coordinate;takeoff_return,"起飞点经纬度： E:113°55′55"" N:28.223344°",113;55;55;28.223344,°;度,起飞点,"E:113°55′55"";N:28.223344",113°;28.223344°,,,,
gcond_f5bbc04bb40d,gcond_f5bbc04bb40d,gctpl_622c669f9cba,gsec_634d3519c67e,qbank_7cb07e6ab374,实操题库_地面站考试条件_2026H1_空域限制或地形限制题型.txt_38,2026H1,2026H1,空域限制或地形限制题型,2026-03-27,湖南03考场,空域限制或地形限制题-考试条件提取.docx,39,4,4,2、,coordinate;bearing_angle;restriction;geometry,"由于空域限制，需起飞后先 向SW方向飞行150m,再向 SE方向飞行100m,进入图形 ①号点",150;100,S;m,①,,,,,,
gcond_e3cbbb996209,gcond_e3cbbb996209,gctpl_d0b1097ac3b8,gsec_634d3519c67e,qbank_7cb07e6ab374,实操题库_地面站考试条件_2026H1_空域限制或地形限制题型.txt_38,2026H1,2026H1,空域限制或地形限制题型,2026-03-27,湖南03考场,空域限制或地形限制题-考试条件提取.docx,39,5,5,3、,coordinate;bearing_angle,③点位于②点NW方向,,,③;②,,,,,,
gcond_81ae666045d2,gcond_81ae666045d2,gctpl_9c1681478dce,gsec_634d3519c67e,qbank_7cb07e6ab374,实操题库_地面站考试条件_2026H1_空域限制或地形限制题型.txt_38,2026H1,2026H1,空域限制或地形限制题型,2026-03-27,湖南03考场,空域限制或地形限制题-考试条件提取.docx,39,6,6,4、,turn_hold_loop;restriction;takeoff_return,闭合不循环航线，航线结束 后需按空域限制条件返航到H点。 保留返航航线。,,,H点,,,,,,
gcond_a03ab1ed816b,gcond_a03ab1ed816b,gctpl_88cd9f1f5fc9,gsec_54306f0b1eea,qbank_7cb07e6ab374,实操题库_地面站考试条件_2026H1_空域限制或地形限制题型.txt_39,2026H1,2026H1,空域限制或地形限制题型,2026-03-27,湖南03考场,空域限制或地形限制题-考试条件提取.docx,40,1,1,(一),coordinate;speed_height;turn_hold_loop;bearing_angle;geometry;takeoff_return,"与 的相对方位由委任代表根据 现场环境等情况进行决定。按图于起飞点前规划一个闭合图形并循环 执行，各点之间距离不小于20米，①点相对地面高度为a,②点相 对地面高度为b，③点相对地面高度为c，④点相对地面高度为d, 水平速度为e，垂直速度为f，转弯模式为停止转弯，停留时间不作 要求；",20,度;米,起飞点;①;②;③;④,,,,20米,20米,
gcond_a489ab948cc7,gcond_a489ab948cc7,gctpl_b57df5987afb,gsec_54306f0b1eea,qbank_7cb07e6ab374,实操题库_地面站考试条件_2026H1_空域限制或地形限制题型.txt_39,2026H1,2026H1,空域限制或地形限制题型,2026-03-27,湖南03考场,空域限制或地形限制题-考试条件提取.docx,40,2,2,(二),coordinate;speed_height;bearing_angle,"a值建议为20米，b值建议为25米，c值建议为30m, d值建议为25m,e值建议为2m/s,f值建议为1m/s。(航线方位 及各数值可由变任代表按实际情况进行调整，考题以委任代表规定数 值为准)",20;25;30;25;2;1,m;m/s;米,,,,2m/s;1m/s,,,
gcond_42e1bc0ab1a7,gcond_42e1bc0ab1a7,gctpl_84b896eb4a74,gsec_54306f0b1eea,qbank_7cb07e6ab374,实操题库_地面站考试条件_2026H1_空域限制或地形限制题型.txt_39,2026H1,2026H1,空域限制或地形限制题型,2026-03-27,湖南03考场,空域限制或地形限制题-考试条件提取.docx,40,3,3,1、,coordinate;takeoff_return,"起飞点经纬度： E:113°55′55"" N:28.223344°",113;55;55;28.223344,°;度,起飞点,"E:113°55′55"";N:28.223344",113°;28.223344°,,,,
gcond_2eed77d5cadf,gcond_2eed77d5cadf,gctpl_622c669f9cba,gsec_54306f0b1eea,qbank_7cb07e6ab374,实操题库_地面站考试条件_2026H1_空域限制或地形限制题型.txt_39,2026H1,2026H1,空域限制或地形限制题型,2026-03-27,湖南03考场,空域限制或地形限制题-考试条件提取.docx,40,4,4,2、,coordinate;bearing_angle;restriction;geometry,"由于空域限制，需起飞后先 向SW方向飞行150m,再向 SE方向飞行100m,进入图形 ①号点",150;100,S;m,①,,,,,,
gcond_d8b4c6d1ac43,gcond_d8b4c6d1ac43,gctpl_d0b1097ac3b8,gsec_54306f0b1eea,qbank_7cb07e6ab374,实操题库_地面站考试条件_2026H1_空域限制或地形限制题型.txt_39,2026H1,2026H1,空域限制或地形限制题型,2026-03-27,湖南03考场,空域限制或地形限制题-考试条件提取.docx,40,5,5,3、,coordinate;bearing_angle,③点位于②点NW方向,,,③;②,,,,,,
gcond_016a7f20f24c,gcond_016a7f20f24c,gctpl_9c1681478dce,gsec_54306f0b1eea,qbank_7cb07e6ab374,实操题库_地面站考试条件_2026H1_空域限制或地形限制题型.txt_39,2026H1,2026H1,空域限制或地形限制题型,2026-03-27,湖南03考场,空域限制或地形限制题-考试条件提取.docx,40,6,6,4、,turn_hold_loop;restriction;takeoff_return,闭合不循环航线，航线结束 后需按空域限制条件返航到H点。 保留返航航线。,,,H点,,,,,,
gcond_4685d4feeca8,gcond_4685d4feeca8,gctpl_28ce8c1a2ac4,gsec_ed4d3ed5a01f,qbank_7cb07e6ab374,实操题库_地面站考试条件_2026H1_空域限制或地形限制题型.txt_40,2026H1,2026H1,空域限制或地形限制题型,2026-03-28,福建02考场,空域限制或地形限制题-考试条件提取.docx,41,1,1,(一),speed_height;turn_hold_loop;bearing_angle;geometry,"与 的相对方位由委任代表根据 现场环境等情况进行决定。于起飞前规划一个等腰直角三角形并 循环执行，①②边长为a1,①③边长为a2,∠①为直角，航线相对 地面高度b,水平速度为c，转弯方式为停止转弯，停留时间不作 要求；",1;2,度,①;②;①;③;①,,,,,,
gcond_cbe024369962,gcond_cbe024369962,gctpl_092dafbf04f4,gsec_ed4d3ed5a01f,qbank_7cb07e6ab374,实操题库_地面站考试条件_2026H1_空域限制或地形限制题型.txt_40,2026H1,2026H1,空域限制或地形限制题型,2026-03-28,福建02考场,空域限制或地形限制题-考试条件提取.docx,41,2,2,(二),speed_height;bearing_angle,"a1、a2值为30米，b值为30米，c值为3m/s, (航线方位及各数值可由委任代表按实际情况进行调整，考题以 委任代表规定数值为准)",1;2;30;30;3,m/s;米,,,,3m/s,,,
gcond_a0b91526b523,gcond_a0b91526b523,gctpl_6246e201e6f7,gsec_ed4d3ed5a01f,qbank_7cb07e6ab374,实操题库_地面站考试条件_2026H1_空域限制或地形限制题型.txt_40,2026H1,2026H1,空域限制或地形限制题型,2026-03-28,福建02考场,空域限制或地形限制题-考试条件提取.docx,41,3,3,1、,coordinate;takeoff_return,"H点坐标： E:115°26'52"" N:28°09'10""",115;26;52;28;09;10,°,H点,"E:115°26'52"";N:28°09'10""",115°;28°,,,,
gcond_9c2095eb7e56,gcond_9c2095eb7e56,gctpl_d04d4ba025da,gsec_ed4d3ed5a01f,qbank_7cb07e6ab374,实操题库_地面站考试条件_2026H1_空域限制或地形限制题型.txt_40,2026H1,2026H1,空域限制或地形限制题型,2026-03-28,福建02考场,空域限制或地形限制题-考试条件提取.docx,41,4,4,2、,coordinate;bearing_angle;restriction;geometry;takeoff_return,由于空域限制，飞机不能由 起飞点直飞任务航线的航点1， 需由起飞点起飞，先向NE平飞 300米，再向WN平飞300米， 到达任务航线的航点1。,1;300;300;1,米,起飞点;起飞点,,,,300米,300米;300米,
gcond_be1a712b3b78,gcond_be1a712b3b78,gctpl_41cbb3bec2f7,gsec_ed4d3ed5a01f,qbank_7cb07e6ab374,实操题库_地面站考试条件_2026H1_空域限制或地形限制题型.txt_40,2026H1,2026H1,空域限制或地形限制题型,2026-03-28,福建02考场,空域限制或地形限制题-考试条件提取.docx,41,5,5,3、,other,任务③点位于①点的 南偏东25°方向,25,°,③;①,,25°,,,,
gcond_ee98244b0144,gcond_ee98244b0144,gctpl_ebbb2e247c3c,gsec_ceae7d6259a1,qbank_7cb07e6ab374,实操题库_地面站考试条件_2026H1_空域限制或地形限制题型.txt_41,2026H1,2026H1,空域限制或地形限制题型,2026-03-28,安徽01考场,空域限制或地形限制题-考试条件提取.docx,42,1,1,(一),speed_height;turn_hold_loop;bearing_angle;geometry,规划一个闭合等边三角形并循环执行，边长为a，所有航线相对地 面高度为b，水平速度为c，垂直速度为d，转弯方式为停止转弯，停留时间 5s;,5,s;度,,,,,,,
gcond_fe60ae07bcab,gcond_fe60ae07bcab,gctpl_147a3d394b6a,gsec_ceae7d6259a1,qbank_7cb07e6ab374,实操题库_地面站考试条件_2026H1_空域限制或地形限制题型.txt_41,2026H1,2026H1,空域限制或地形限制题型,2026-03-28,安徽01考场,空域限制或地形限制题-考试条件提取.docx,42,2,2,(二),speed_height,"a值为80米，b值为50米，c值为3m/s,d值为2m/s。",80;50;3;2,m/s;米,,,,3m/s;2m/s,,,
gcond_962f4d1d8fd7,gcond_962f4d1d8fd7,gctpl_328d2180f5fb,gsec_ceae7d6259a1,qbank_7cb07e6ab374,实操题库_地面站考试条件_2026H1_空域限制或地形限制题型.txt_41,2026H1,2026H1,空域限制或地形限制题型,2026-03-28,安徽01考场,空域限制或地形限制题-考试条件提取.docx,42,3,3,一：,coordinate;takeoff_return,"起飞点经纬度： N:28°19'03"" E:115°16′02""",28;19;03;115;16;02,°;度,起飞点,"N:28°19'03"";E:115°16′02""",28°;115°,,,,
gcond_b19cb26edd73,gcond_b19cb26edd73,gctpl_5d4956388d94,gsec_ceae7d6259a1,qbank_7cb07e6ab374,实操题库_地面站考试条件_2026H1_空域限制或地形限制题型.txt_41,2026H1,2026H1,空域限制或地形限制题型,2026-03-28,安徽01考场,空域限制或地形限制题-考试条件提取.docx,42,4,4,二：,coordinate;bearing_angle;restriction;geometry;takeoff_return,由于空域限制， 飞机不能由起飞点直 飞任务航线的航点1， 需先向SE平飞 1000米，再向SW平 飞500米，到达任务 航线的航点1。,1;1000;500;1,S;米,起飞点,,,,500米,1000米;500米,
gcond_9d8390a99204,gcond_9d8390a99204,gctpl_50b782ca7a0c,gsec_ceae7d6259a1,qbank_7cb07e6ab374,实操题库_地面站考试条件_2026H1_空域限制或地形限制题型.txt_41,2026H1,2026H1,空域限制或地形限制题型,2026-03-28,安徽01考场,空域限制或地形限制题-考试条件提取.docx,42,5,5,三：,bearing_angle;geometry,航点3-2航向角 南偏西15°,3;2;15,°,,,15°,,,,
gcond_b2d9f6f8591e,gcond_b2d9f6f8591e,gctpl_a111d196a5e3,gsec_49c4a21b1fa7,qbank_7cb07e6ab374,实操题库_地面站考试条件_2026H1_空域限制或地形限制题型.txt_42,2026H1,2026H1,空域限制或地形限制题型,2026-03-29,甘肃01考场,空域限制或地形限制题-考试条件提取.docx,43,1,1,(一),speed_height;turn_hold_loop;bearing_angle;geometry;takeoff_return,"与 的相对方位由委任代表根据 现场环境等情况进行决定。于起飞点前规划一个等腰直角三角形并 循环执行，①②边长为a1,①③边长为a2,∠①为直角，航线相对 地面高度为b，,水平速度为c，转弯方式为停止转弯，停留时间不作 要求；",1;2,度,起飞点;①;②;①;③;①,,,,,,
gcond_853f8d5f9bd8,gcond_853f8d5f9bd8,gctpl_3d78338a6bfd,gsec_49c4a21b1fa7,qbank_7cb07e6ab374,实操题库_地面站考试条件_2026H1_空域限制或地形限制题型.txt_42,2026H1,2026H1,空域限制或地形限制题型,2026-03-29,甘肃01考场,空域限制或地形限制题-考试条件提取.docx,43,2,2,(二),speed_height;bearing_angle,a1、a2值为30米，b值为30米，c值为3m/s。 (航线方位及各数值可由委任代表按实际情况进行调整，考题以委任 代表规定数值为准),1;2;30;30;3,m/s;米,,,,3m/s,,,
gcond_f4d42cbbe767,gcond_f4d42cbbe767,gctpl_73db8608d2b1,gsec_49c4a21b1fa7,qbank_7cb07e6ab374,实操题库_地面站考试条件_2026H1_空域限制或地形限制题型.txt_42,2026H1,2026H1,空域限制或地形限制题型,2026-03-29,甘肃01考场,空域限制或地形限制题-考试条件提取.docx,43,3,3,1、,coordinate;takeoff_return,"起飞点经纬度： N:28°09'10"" E:115°26′52”",28;09;10;115;26;52,°;度,起飞点,"N:28°09'10"";E:115°26′52”",28°;115°,,,,
gcond_e55b783b9539,gcond_e55b783b9539,gctpl_f46edfb9aabb,gsec_49c4a21b1fa7,qbank_7cb07e6ab374,实操题库_地面站考试条件_2026H1_空域限制或地形限制题型.txt_42,2026H1,2026H1,空域限制或地形限制题型,2026-03-29,甘肃01考场,空域限制或地形限制题-考试条件提取.docx,43,4,4,2、,coordinate;bearing_angle;restriction;geometry;takeoff_return,"由于地形限制，飞机不能由 起飞点直飞任务航线的航点1， 先向NE平飞300m,再向WN 平飞300m到达任务1点。",1;300;300;1,m,起飞点,,,,,300m;300m,
gcond_847fabe2a774,gcond_847fabe2a774,gctpl_41cbb3bec2f7,gsec_49c4a21b1fa7,qbank_7cb07e6ab374,实操题库_地面站考试条件_2026H1_空域限制或地形限制题型.txt_42,2026H1,2026H1,空域限制或地形限制题型,2026-03-29,甘肃01考场,空域限制或地形限制题-考试条件提取.docx,43,5,5,3、,other,任务3点位于1点的南偏东 25°方向,3;1;25,°,,,25°,,,,
gcond_3c2ad8e90786,gcond_3c2ad8e90786,gctpl_df7d4968000b,gsec_685eaa992d4b,qbank_7cb07e6ab374,实操题库_地面站考试条件_2026H1_空域限制或地形限制题型.txt_43,2026H1,2026H1,空域限制或地形限制题型,2026-03-29,甘肃01考场,空域限制或地形限制题-考试条件提取.docx,44,1,1,(一),speed_height;turn_hold_loop;bearing_angle;geometry;takeoff_return,与 的相对方位由委任代表根据 现场环境等情况进行决定。于起飞点前规划一个六边形并循环执行， 边长为a，①②③航点相对地面高度为b，④⑤⑥航点相对地面高度 为c，水平速度为d，转弯方式为停止转弯，各点停留时间为f;,,度,起飞点;①;②;③;④;⑤;⑥,,,,,,
gcond_576d87b870d6,gcond_576d87b870d6,gctpl_da649a3d8102,gsec_685eaa992d4b,qbank_7cb07e6ab374,实操题库_地面站考试条件_2026H1_空域限制或地形限制题型.txt_43,2026H1,2026H1,空域限制或地形限制题型,2026-03-29,甘肃01考场,空域限制或地形限制题-考试条件提取.docx,44,2,2,(二),speed_height;bearing_angle,"a值为30米（误差≤±3米），b值为25米，c值 为30m,d值为2m/s,f值为2s。(航线方位及各数值可由委任代 表按实际情况进行调整，考题以委任代表规定数值为准)",30;3;25;30;2;2,m;m/s;s;米,,,,2m/s,,,
gcond_69541f31e6a0,gcond_69541f31e6a0,gctpl_a328ef5c3949,gsec_685eaa992d4b,qbank_7cb07e6ab374,实操题库_地面站考试条件_2026H1_空域限制或地形限制题型.txt_43,2026H1,2026H1,空域限制或地形限制题型,2026-03-29,甘肃01考场,空域限制或地形限制题-考试条件提取.docx,44,3,3,1、,coordinate;takeoff_return,起飞点经纬度： N:28°39′30” E:115°56'32”,28;39;30;115;56;32,°;度,起飞点,N:28°39′30”;E:115°56'32”,28°;115°,,,,
gcond_1fb4c878c1fd,gcond_1fb4c878c1fd,gctpl_d0f1394192e1,gsec_685eaa992d4b,qbank_7cb07e6ab374,实操题库_地面站考试条件_2026H1_空域限制或地形限制题型.txt_43,2026H1,2026H1,空域限制或地形限制题型,2026-03-29,甘肃01考场,空域限制或地形限制题-考试条件提取.docx,44,4,4,2、,bearing_angle,"H-2点距离100m,H-2的航向 和2-3的航向相同",2;100;2;2;3,m,,,,,,100m,
gcond_87f68055c5e5,gcond_87f68055c5e5,gctpl_aa2963e91ef4,gsec_685eaa992d4b,qbank_7cb07e6ab374,实操题库_地面站考试条件_2026H1_空域限制或地形限制题型.txt_43,2026H1,2026H1,空域限制或地形限制题型,2026-03-29,甘肃01考场,空域限制或地形限制题-考试条件提取.docx,44,5,5,3、,takeoff_return,任务3点位于H点的西偏北 25°方向,3;25,°,H点,,25°,,,,
gcond_9a5059977660,gcond_9a5059977660,gctpl_1f2f1eb0a4e6,gsec_044ead8186c3,qbank_7cb07e6ab374,实操题库_地面站考试条件_2026H1_空域限制或地形限制题型.txt_44,2026H1,2026H1,空域限制或地形限制题型,2026-03-29,甘肃01考场,空域限制或地形限制题-考试条件提取.docx,45,1,1,(一),speed_height;turn_hold_loop;bearing_angle;takeoff_return,"与 的相对方位由委任代表根据 现场环境等情况进行决定。按图于起飞点前规划扫描航线，航线长度 为a,航线间隔为b,航线相对地面高度为c,水平速度为d,转弯 模式为停止转弯，各点停留时间不作要求；",,度,起飞点,,,,,,
gcond_c55a69890d32,gcond_c55a69890d32,gctpl_97520118456f,gsec_044ead8186c3,qbank_7cb07e6ab374,实操题库_地面站考试条件_2026H1_空域限制或地形限制题型.txt_44,2026H1,2026H1,空域限制或地形限制题型,2026-03-29,甘肃01考场,空域限制或地形限制题-考试条件提取.docx,45,2,2,(二),speed_height;bearing_angle,"a值为30米（误差≤±3米），b值为10米（误差 ≤±1米)，c值为30m,d值为3m/s。 (航线方位及各数值 可由委任代表按实际情况进行调整，考题以委任代表规定数值为准)",30;3;10;1;30;3,m;m/s;米,,,,3m/s,,,
gcond_f72940efe54b,gcond_f72940efe54b,gctpl_681e7796f5a7,gsec_044ead8186c3,qbank_7cb07e6ab374,实操题库_地面站考试条件_2026H1_空域限制或地形限制题型.txt_44,2026H1,2026H1,空域限制或地形限制题型,2026-03-29,甘肃01考场,空域限制或地形限制题-考试条件提取.docx,45,3,3,1、,coordinate;takeoff_return,"起飞点经纬度： N:28°39'30"" E:115°56′32”",28;39;30;115;56;32,°;度,起飞点,"N:28°39'30"";E:115°56′32”",28°;115°,,,,
gcond_41359fb975b5,gcond_41359fb975b5,gctpl_989c7f71b661,gsec_044ead8186c3,qbank_7cb07e6ab374,实操题库_地面站考试条件_2026H1_空域限制或地形限制题型.txt_44,2026H1,2026H1,空域限制或地形限制题型,2026-03-29,甘肃01考场,空域限制或地形限制题-考试条件提取.docx,45,4,4,2、,coordinate;bearing_angle;restriction;geometry;takeoff_return,"由于地形限制，飞机不能由 起飞点直飞任务航线的航点1， 3 先向ES平飞800m,再向SW 平飞300m到达任务1点。",1;3;800;300;1,S;m,起飞点;3,,,,,800m;300m,
gcond_885fba435842,gcond_885fba435842,gctpl_96cf92038f2e,gsec_044ead8186c3,qbank_7cb07e6ab374,实操题库_地面站考试条件_2026H1_空域限制或地形限制题型.txt_44,2026H1,2026H1,空域限制或地形限制题型,2026-03-29,甘肃01考场,空域限制或地形限制题-考试条件提取.docx,45,5,5,3、,coordinate;bearing_angle;geometry,航点①位于②的NW方向,,,航点①;②,,,,,,
gcond_c1757ba14124,gcond_c1757ba14124,gctpl_b4826e5f5488,gsec_044ead8186c3,qbank_7cb07e6ab374,实操题库_地面站考试条件_2026H1_空域限制或地形限制题型.txt_44,2026H1,2026H1,空域限制或地形限制题型,2026-03-29,甘肃01考场,空域限制或地形限制题-考试条件提取.docx,45,6,6,4、,turn_hold_loop,不循环不闭合,,,,,,,,,
gcond_0b773dd08a0b,gcond_0b773dd08a0b,gctpl_0f59e1f6115b,gsec_b676be6c38bd,qbank_7cb07e6ab374,实操题库_地面站考试条件_2026H1_空域限制或地形限制题型.txt_45,2026H1,2026H1,空域限制或地形限制题型,2026-03-29,河南02考场,空域限制或地形限制题-考试条件提取.docx,46,1,1,(一),coordinate;speed_height;turn_hold_loop;bearing_angle;takeoff_return,"与 的相对方位由委任代表根据 现场环境等情况进行决定。按图于起飞点前规划扫描航线，航线长度 为a,航线间隔为b,航线相对地面高度为c,水平速度为d,垂直 速度为e，转弯模式为停止转弯，停留时间不作要求；",,度,起飞点,,,,,,
gcond_bc3ef0456b72,gcond_bc3ef0456b72,gctpl_ad5e0a47c042,gsec_b676be6c38bd,qbank_7cb07e6ab374,实操题库_地面站考试条件_2026H1_空域限制或地形限制题型.txt_45,2026H1,2026H1,空域限制或地形限制题型,2026-03-29,河南02考场,空域限制或地形限制题-考试条件提取.docx,46,2,2,(二),coordinate;speed_height;bearing_angle,"a值建议为30米（误差≤±3米），b值建议为10米 (误差≤±1米)，c值建议为30m,d值建议为3m/s,e值建议 为1m/s。(航线方位及各数值可由变任代表按实际情况进行调整， 考题以委任代表规定数值为准)",30;3;10;1;30;3;1,m;m/s;米,,,,3m/s;1m/s,,,
gcond_cc5181543693,gcond_cc5181543693,gctpl_dcf23e482750,gsec_b676be6c38bd,qbank_7cb07e6ab374,实操题库_地面站考试条件_2026H1_空域限制或地形限制题型.txt_45,2026H1,2026H1,空域限制或地形限制题型,2026-03-29,河南02考场,空域限制或地形限制题-考试条件提取.docx,46,3,3,1、,coordinate;takeoff_return,"起飞点经纬度： N:28°39′23"" E:115°56'32”",28;39;23;115;56;32,°;度,起飞点,"N:28°39′23"";E:115°56'32”",28°;115°,,,,
gcond_d958c494a1ac,gcond_d958c494a1ac,gctpl_508ecd04dd44,gsec_b676be6c38bd,qbank_7cb07e6ab374,实操题库_地面站考试条件_2026H1_空域限制或地形限制题型.txt_45,2026H1,2026H1,空域限制或地形限制题型,2026-03-29,河南02考场,空域限制或地形限制题-考试条件提取.docx,46,4,4,2、,restriction;geometry;takeoff_return,"由于地形限制，飞机不能由 起飞点直飞任务航线的航点1， 先向西南平飞1200m,再向 东南平飞500m到达任务1点。",1;1200;500;1,m,起飞点,,,,,1200m;500m,
gcond_39e02283829b,gcond_39e02283829b,gctpl_4574e907cf86,gsec_e2ab911ee6ac,qbank_7cb07e6ab374,实操题库_地面站考试条件_2026H1_空域限制或地形限制题型.txt_46,2026H1,2026H1,空域限制或地形限制题型,2026-03-29,河南02考场,空域限制或地形限制题-考试条件提取.docx,47,1,1,(一),coordinate;speed_height;turn_hold_loop;bearing_angle;geometry;takeoff_return,"与 的相对方位由委任代表根据 现场环境等情况进行决定。按图于起飞点前规划一个五边形并循环执 行，①②边及②③边的边长为a,∠②=∠④=∠①为90°，航线相 对地面高度为b，水平速度为c，垂直速度为d，转弯模式为停止 转弯，各点停留时间为e；",90,°;度,起飞点;①;②;②;③;②;④;①,,90°,,,,
gcond_f5d0b09114f9,gcond_f5d0b09114f9,gctpl_28971eadb502,gsec_e2ab911ee6ac,qbank_7cb07e6ab374,实操题库_地面站考试条件_2026H1_空域限制或地形限制题型.txt_46,2026H1,2026H1,空域限制或地形限制题型,2026-03-29,河南02考场,空域限制或地形限制题-考试条件提取.docx,47,2,2,(二),coordinate;speed_height;bearing_angle,"a值建议为30米，b值建议为30米，c值建议为 3m/s,d建议为1m/s,e值建议为2s。(航线方位及各数值可由 委任代表按实际情况进行调整，考题以委任代表规定数值为准)",30;30;3;1;2,m/s;s;米,,,,3m/s;1m/s,,,
gcond_6471e77f6679,gcond_6471e77f6679,gctpl_b0bb5efffe43,gsec_e2ab911ee6ac,qbank_7cb07e6ab374,实操题库_地面站考试条件_2026H1_空域限制或地形限制题型.txt_46,2026H1,2026H1,空域限制或地形限制题型,2026-03-29,河南02考场,空域限制或地形限制题-考试条件提取.docx,47,3,3,1、,coordinate;takeoff_return,起飞点经纬度： N:28°39′23” E:115°56'32”,28;39;23;115;56;32,°;度,起飞点,N:28°39′23”;E:115°56'32”,28°;115°,,,,
gcond_23fb06bb2f86,gcond_23fb06bb2f86,gctpl_508ecd04dd44,gsec_e2ab911ee6ac,qbank_7cb07e6ab374,实操题库_地面站考试条件_2026H1_空域限制或地形限制题型.txt_46,2026H1,2026H1,空域限制或地形限制题型,2026-03-29,河南02考场,空域限制或地形限制题-考试条件提取.docx,47,4,4,2、,restriction;geometry;takeoff_return,"由于地形限制，飞机不能由 起飞点直飞任务航线的航点1， 先向西南平飞1200m,再向 东南平飞500m到达任务1点。",1;1200;500;1,m,起飞点,,,,,1200m;500m,
gcond_37ca63f68b2c,gcond_37ca63f68b2c,gctpl_88cd9f1f5fc9,gsec_d197e307feab,qbank_7cb07e6ab374,实操题库_地面站考试条件_2026H1_空域限制或地形限制题型.txt_47,2026H1,2026H1,空域限制或地形限制题型,2026-03-29,河南02考场,空域限制或地形限制题-考试条件提取.docx,48,1,1,(一),coordinate;speed_height;turn_hold_loop;bearing_angle;geometry;takeoff_return,"与 的相对方位由委任代表根据 现场环境等情况进行决定。按图于起飞点前规划一个闭合图形并循环 执行，各点之间距离不小于20米，①点相对地面高度为a，②点相 对地面高度为b,③点相对地面高度为c,④点相对地面高度为d, 水平速度为e，垂直速度为f，转弯模式为停止转弯，停留时间不作 要求；",20,度;米,起飞点;①;②;③;④,,,,20米,20米,
gcond_9a9241fb83dc,gcond_9a9241fb83dc,gctpl_8f0c83b74613,gsec_d197e307feab,qbank_7cb07e6ab374,实操题库_地面站考试条件_2026H1_空域限制或地形限制题型.txt_47,2026H1,2026H1,空域限制或地形限制题型,2026-03-29,河南02考场,空域限制或地形限制题-考试条件提取.docx,48,2,2,(二),coordinate;speed_height;bearing_angle,"a值建议为20米，b值建议为25米，c值建议为30m, d值建议为25m,e值建议为2m1s,f值建议为1m/s。(航线方位 及各数值可由变任代表按实际情况进行调整，考题以委任代表规定数 值为准)",20;25;30;25;2;1;1,m;m/s;s;米,,,,1m/s,,,
gcond_cfbf71e04795,gcond_cfbf71e04795,gctpl_8f3971a6421b,gsec_d197e307feab,qbank_7cb07e6ab374,实操题库_地面站考试条件_2026H1_空域限制或地形限制题型.txt_47,2026H1,2026H1,空域限制或地形限制题型,2026-03-29,河南02考场,空域限制或地形限制题-考试条件提取.docx,48,3,3,1、,coordinate;takeoff_return,"起飞点经纬度： N:28°39′23” E:115°56'32""",28;39;23;115;56;32,°;度,起飞点,"N:28°39′23”;E:115°56'32""",28°;115°,,,,
gcond_a51e0607e7a7,gcond_a51e0607e7a7,gctpl_508ecd04dd44,gsec_d197e307feab,qbank_7cb07e6ab374,实操题库_地面站考试条件_2026H1_空域限制或地形限制题型.txt_47,2026H1,2026H1,空域限制或地形限制题型,2026-03-29,河南02考场,空域限制或地形限制题-考试条件提取.docx,48,4,4,2、,restriction;geometry;takeoff_return,"由于地形限制，飞机不能由 起飞点直飞任务航线的航点1， 先向西南平飞1200m,再向 东南平飞500m到达任务1点。",1;1200;500;1,m,起飞点,,,,,1200m;500m,
gcond_d8975db545f1,gcond_d8975db545f1,gctpl_9fb7798370e6,gsec_b965a80866e5,qbank_7cb07e6ab374,实操题库_地面站考试条件_2026H1_空域限制或地形限制题型.txt_48,2026H1,2026H1,空域限制或地形限制题型,2026-03-22,江苏01考场,空域限制或地形限制题-考试条件提取.docx,49,1,1,(一),speed_height;turn_hold_loop;bearing_angle;geometry;takeoff_return,与 的相对方位由委任代表根据 现场环境等情况进行决定。于起飞点前规划一个等边三角形并循环执 行，边长为a，航线相对地面高度为b，转弯方式为停止转弯，停 留时间不作要求；,,度,起飞点,,,,,,
gcond_30e4449a2ee4,gcond_30e4449a2ee4,gctpl_75783575b479,gsec_b965a80866e5,qbank_7cb07e6ab374,实操题库_地面站考试条件_2026H1_空域限制或地形限制题型.txt_48,2026H1,2026H1,空域限制或地形限制题型,2026-03-22,江苏01考场,空域限制或地形限制题-考试条件提取.docx,49,2,2,(二),bearing_angle,a值为30米，b值为30米。(航线方位及各数值可由 委任代表按实际情况进行调整，考题以委任代表规定数值为准),30;30,米,,,,,30米;30米,,
gcond_77c503891882,gcond_77c503891882,gctpl_edf1963d271c,gsec_b965a80866e5,qbank_7cb07e6ab374,实操题库_地面站考试条件_2026H1_空域限制或地形限制题型.txt_48,2026H1,2026H1,空域限制或地形限制题型,2026-03-22,江苏01考场,空域限制或地形限制题-考试条件提取.docx,49,3,3,1、,coordinate;takeoff_return,"起飞点经纬度： N:28°39′30"" E:115°56'32""",28;39;30;115;56;32,°;度,起飞点,"N:28°39′30"";E:115°56'32""",28°;115°,,,,
gcond_fffc7e9dfc7e,gcond_fffc7e9dfc7e,gctpl_c594abb63702,gsec_b965a80866e5,qbank_7cb07e6ab374,实操题库_地面站考试条件_2026H1_空域限制或地形限制题型.txt_48,2026H1,2026H1,空域限制或地形限制题型,2026-03-22,江苏01考场,空域限制或地形限制题-考试条件提取.docx,49,4,4,2、,restriction;geometry;takeoff_return,由于空域限制，飞机不能由起飞点直飞 任务航线的航点1，需由起飞点起飞先向 西南平飞1200米，再向东南平飞500米， 到达任务航线的航点1。,1;1200;500;1,米,起飞点;起飞点,,,,500米,1200米;500米,
gcond_591701cb3d78,gcond_591701cb3d78,gctpl_df7d4968000b,gsec_44357243dcaf,qbank_7cb07e6ab374,实操题库_地面站考试条件_2026H1_空域限制或地形限制题型.txt_49,2026H1,2026H1,空域限制或地形限制题型,2026-03-22,江苏01考场,空域限制或地形限制题-考试条件提取.docx,50,1,1,(一),speed_height;turn_hold_loop;bearing_angle;geometry;takeoff_return,"与 的相对方位由委任代表根据 现场环境等情况进行决定。于起飞点前规划一个六边形并循环执行， 边长为a,①②③航点相对地面高度为b,④⑤⑥航点相对地面高度 为c，水平速度为d，转弯方式为停止转弯，各点停留时间为f;",,度,起飞点;①;②;③;④;⑤;⑥,,,,,,
gcond_1e872580e4cb,gcond_1e872580e4cb,gctpl_319152203a13,gsec_44357243dcaf,qbank_7cb07e6ab374,实操题库_地面站考试条件_2026H1_空域限制或地形限制题型.txt_49,2026H1,2026H1,空域限制或地形限制题型,2026-03-22,江苏01考场,空域限制或地形限制题-考试条件提取.docx,50,2,2,(二),speed_height;bearing_angle,"a值为30米（误差≤±3米），b值为25米，c值 为30m,d值为2m/s,f值为2s。(航线方位及各数值可由变任代 表按实际情况进行调整，考题以委任代表规定数值为准)",30;3;25;30;2;2,m;m/s;s;米,,,,2m/s,,,
gcond_04e2ca8d3b2d,gcond_04e2ca8d3b2d,gctpl_43714351f4aa,gsec_44357243dcaf,qbank_7cb07e6ab374,实操题库_地面站考试条件_2026H1_空域限制或地形限制题型.txt_49,2026H1,2026H1,空域限制或地形限制题型,2026-03-22,江苏01考场,空域限制或地形限制题-考试条件提取.docx,50,3,3,1、,coordinate;takeoff_return,起飞点经纬度： E:115°56′32” N:28°39'30”,115;56;32;28;39;30,°;度,起飞点,E:115°56′32”;N:28°39'30”,115°;28°,,,,
gcond_2d7086c32273,gcond_2d7086c32273,gctpl_c594abb63702,gsec_44357243dcaf,qbank_7cb07e6ab374,实操题库_地面站考试条件_2026H1_空域限制或地形限制题型.txt_49,2026H1,2026H1,空域限制或地形限制题型,2026-03-22,江苏01考场,空域限制或地形限制题-考试条件提取.docx,50,4,4,2、,restriction;geometry;takeoff_return,由于空域限制，飞机不能由起飞点直飞 任务航线的航点1，需由起飞点起飞先向 西南平飞1200米，再向东南平飞500米， 到达任务航线的航点1。,1;1200;500;1,米,起飞点;起飞点,,,,500米,1200米;500米,
gcond_87450bbd5b47,gcond_87450bbd5b47,gctpl_78c12e81634b,gsec_4471d5f0dda6,qbank_7cb07e6ab374,实操题库_地面站考试条件_2026H1_空域限制或地形限制题型.txt_50,2026H1,2026H1,空域限制或地形限制题型,2026-03-22,江苏01考场,空域限制或地形限制题-考试条件提取.docx,51,1,1,(一),speed_height;turn_hold_loop;bearing_angle;geometry;takeoff_return,"与 的相对方位由委任代表根据 现场环境等情况进行决定。按图于起飞点前规划一个闭合图形并循环 执行，各点之间距离不小于20米，①点相对地面高度为a，②点相 对地面高度为b,③点相对地面高度为c,④点相对地面高度为d, 水平速度为f，,∠①=∠②=∠③=∠④=45°转弯模式为停止转弯， 停留时间不作要求；",20;45,°;度;米,起飞点;①;②;③;④;①;②;③;④,,45°,,20米,20米,
gcond_9df715aed116,gcond_9df715aed116,gctpl_fb3c7ff7d003,gsec_4471d5f0dda6,qbank_7cb07e6ab374,实操题库_地面站考试条件_2026H1_空域限制或地形限制题型.txt_50,2026H1,2026H1,空域限制或地形限制题型,2026-03-22,江苏01考场,空域限制或地形限制题-考试条件提取.docx,51,2,2,(二),speed_height;bearing_angle,"a值为20米，b值为25米，c值为30m,d值为 25m,f值为3m/s。(航线方位及各数值可由变任代表按实际情况 进行调整，考题以委任代表规定数值为准)》",20;25;30;25;3,m;m/s;米,,,,3m/s,25m,,
gcond_6f9899b1981b,gcond_6f9899b1981b,gctpl_5c8541573c7e,gsec_4471d5f0dda6,qbank_7cb07e6ab374,实操题库_地面站考试条件_2026H1_空域限制或地形限制题型.txt_50,2026H1,2026H1,空域限制或地形限制题型,2026-03-22,江苏01考场,空域限制或地形限制题-考试条件提取.docx,51,3,3,1、,coordinate;takeoff_return,"起飞点经纬度： E:115°56'32"" N:28°39'30”",115;56;32;28;39;30,°;度,起飞点,"E:115°56'32"";N:28°39'30”",115°;28°,,,,
gcond_bf33b698d2cb,gcond_bf33b698d2cb,gctpl_c594abb63702,gsec_4471d5f0dda6,qbank_7cb07e6ab374,实操题库_地面站考试条件_2026H1_空域限制或地形限制题型.txt_50,2026H1,2026H1,空域限制或地形限制题型,2026-03-22,江苏01考场,空域限制或地形限制题-考试条件提取.docx,51,4,4,2、,restriction;geometry;takeoff_return,由于空域限制，飞机不能由起飞点直飞 任务航线的航点1，需由起飞点起飞先向 西南平飞1200米，再向东南平飞500米， 到达任务航线的航点1。,1;1200;500;1,米,起飞点;起飞点,,,,500米,1200米;500米,
gcond_274935daa9c9,gcond_274935daa9c9,gctpl_c1eba186ba74,gsec_6d6ee93040e0,qbank_7cb07e6ab374,实操题库_地面站考试条件_2026H1_空域限制或地形限制题型.txt_51,2026H1,2026H1,空域限制或地形限制题型,2026-03-22,江苏01考场,空域限制或地形限制题-考试条件提取.docx,52,1,1,(一),coordinate;speed_height;turn_hold_loop;bearing_angle;geometry;takeoff_return,"与 的相对方位由委任代表根据 现场环境等情况进行决定。按图于起飞点前规划一个五边形并循环执 行，①②边及②③边的边长为a,∠②=∠④=∠①为90°，航线相 对地面高度为b，水平速度为℃，转弯模式为停止转弯，各点停留 时间为e;",90,°;度,起飞点;①;②;②;③;②;④;①,,90°,,,,
gcond_f08652424569,gcond_f08652424569,gctpl_2dc5b9c4bd68,gsec_6d6ee93040e0,qbank_7cb07e6ab374,实操题库_地面站考试条件_2026H1_空域限制或地形限制题型.txt_51,2026H1,2026H1,空域限制或地形限制题型,2026-03-22,江苏01考场,空域限制或地形限制题-考试条件提取.docx,52,2,2,(二),coordinate;speed_height;bearing_angle,"a值为30米，b值为30米，c值为3m/s,e值 为2s。 (航线方位及各数值可由委任代表按实际情况进行调整， 考题以委任代表规定数值为准)",30;30;3;2,m/s;s;米,,,,3m/s,,,
gcond_563dbb69c708,gcond_563dbb69c708,gctpl_d3718bd93b43,gsec_6d6ee93040e0,qbank_7cb07e6ab374,实操题库_地面站考试条件_2026H1_空域限制或地形限制题型.txt_51,2026H1,2026H1,空域限制或地形限制题型,2026-03-22,江苏01考场,空域限制或地形限制题-考试条件提取.docx,52,3,3,1、,coordinate;takeoff_return,"起飞点经纬度： N:28°39′30"" E:115°5632”",28;39;30;115;5632,°;度,起飞点,"N:28°39′30"";E:115°5632”",28°;115°,,,,
gcond_a8fe0a7b7577,gcond_a8fe0a7b7577,gctpl_39a6e00892bf,gsec_6d6ee93040e0,qbank_7cb07e6ab374,实操题库_地面站考试条件_2026H1_空域限制或地形限制题型.txt_51,2026H1,2026H1,空域限制或地形限制题型,2026-03-22,江苏01考场,空域限制或地形限制题-考试条件提取.docx,52,4,4,2、,bearing_angle;restriction;geometry;takeoff_return,由于空域限制，飞机不能由起飞点直飞 任务航线的航点1需由起飞点起飞先向 SW平飞1200米，再向东南平飞500米， 到达任务航线的航点1。,1;1200;500;1,S;米,起飞点;起飞点,,,,500米,1200米;500米,
gcond_b6ba9cf9e6f0,gcond_b6ba9cf9e6f0,gctpl_9d72f0b410a1,gsec_2a197b0930d5,qbank_7cb07e6ab374,实操题库_地面站考试条件_2026H1_空域限制或地形限制题型.txt_52,2026H1,2026H1,空域限制或地形限制题型,2026-03-21,山西01考场,空域限制或地形限制题-考试条件提取.docx,53,1,1,(一),speed_height;turn_hold_loop;bearing_angle;geometry,"与 的相对方位由委任代表根据 现场环境等情况进行决定。于起飞前规划一个等腰直角三角形并 循环执行，①②边长为a1,①③边长为a2,∠①为直角，航线相对 地面高度b，水平速度为c，垂直速度为d，转弯方式为停止转弯， 停留时间不要求；",1;2,度,①;②;①;③;①,,,,,,
gcond_333f60cbc958,gcond_333f60cbc958,gctpl_167159c678a0,gsec_2a197b0930d5,qbank_7cb07e6ab374,实操题库_地面站考试条件_2026H1_空域限制或地形限制题型.txt_52,2026H1,2026H1,空域限制或地形限制题型,2026-03-21,山西01考场,空域限制或地形限制题-考试条件提取.docx,53,2,2,(二),speed_height;bearing_angle,"a1、a2值建议为30米，b值建议为30米，c值建议 为3m/s,d值建议为1m/s。(航线方位及各数值可由委任代表按实 际情况进行调整，考题以委任代表规定数值为准)",1;2;30;30;3;1,m/s;米,,,,3m/s;1m/s,,,
gcond_d81ad198c4f2,gcond_d81ad198c4f2,gctpl_d286f097a957,gsec_2a197b0930d5,qbank_7cb07e6ab374,实操题库_地面站考试条件_2026H1_空域限制或地形限制题型.txt_52,2026H1,2026H1,空域限制或地形限制题型,2026-03-21,山西01考场,空域限制或地形限制题-考试条件提取.docx,53,3,3,1、,coordinate;takeoff_return,"起飞点经纬度： E:112°25'44"" N:37.5050°",112;25;44;37.5050,°;度,起飞点,"E:112°25'44"";N:37.5050",112°;37.5050°,,,,
gcond_cc7380fceb14,gcond_cc7380fceb14,gctpl_0ac97943822d,gsec_2a197b0930d5,qbank_7cb07e6ab374,实操题库_地面站考试条件_2026H1_空域限制或地形限制题型.txt_52,2026H1,2026H1,空域限制或地形限制题型,2026-03-21,山西01考场,空域限制或地形限制题-考试条件提取.docx,53,4,4,2、,restriction;geometry;takeoff_return,由于空域限制，飞机不能由 起飞点直飞任务航线的航点1， 需由起飞点起飞先向S方向平 飞100米，再向W方向平飞50 米，到达任务航线的航点1。,1;100;50;1,S;米,起飞点;起飞点,,,,50 米,100米;50 米,
gcond_1fbabe4ad9a2,gcond_1fbabe4ad9a2,gctpl_491d68587abf,gsec_2a197b0930d5,qbank_7cb07e6ab374,实操题库_地面站考试条件_2026H1_空域限制或地形限制题型.txt_52,2026H1,2026H1,空域限制或地形限制题型,2026-03-21,山西01考场,空域限制或地形限制题-考试条件提取.docx,53,5,5,3、,bearing_angle,2-1方向为SW,2;1,S,2,,,,,,
gcond_e3590690c785,gcond_e3590690c785,gctpl_ebbb2e247c3c,gsec_5967bf865431,qbank_7cb07e6ab374,实操题库_地面站考试条件_2026H1_空域限制或地形限制题型.txt_53,2026H1,2026H1,空域限制或地形限制题型,2026-03-21,广东01考场,空域限制或地形限制题-考试条件提取.docx,54,1,1,(一),speed_height;turn_hold_loop;bearing_angle;geometry,规划一个闭合等边三角形并循环执行，边长为a，所有航线相对地 面高度为b，水平速度为c，垂直速度为d，转弯方式为停止转弯，停留时间 5s;,5,s;度,,,,,,,
gcond_b0fd8834822c,gcond_b0fd8834822c,gctpl_3655c7fd8539,gsec_5967bf865431,qbank_7cb07e6ab374,实操题库_地面站考试条件_2026H1_空域限制或地形限制题型.txt_53,2026H1,2026H1,空域限制或地形限制题型,2026-03-21,广东01考场,空域限制或地形限制题-考试条件提取.docx,54,2,2,(二),speed_height,"a值为50米，b值为50米，c值为3ms,d值为2m/s。",50;50;3;2,m;m/s;s;米,,,,3ms;2m/s,,,
gcond_4c45bccacda5,gcond_4c45bccacda5,gctpl_d779af14ef3e,gsec_5967bf865431,qbank_7cb07e6ab374,实操题库_地面站考试条件_2026H1_空域限制或地形限制题型.txt_53,2026H1,2026H1,空域限制或地形限制题型,2026-03-21,广东01考场,空域限制或地形限制题-考试条件提取.docx,54,3,3,一：,coordinate;takeoff_return,起飞点经纬度： N:22°32'45” E:114°56'33”,22;32;45;114;56;33,°;度,起飞点,N:22°32'45”;E:114°56'33”,22°;114°,,,,
gcond_d3ff751e2015,gcond_d3ff751e2015,gctpl_0f955d51276d,gsec_5967bf865431,qbank_7cb07e6ab374,实操题库_地面站考试条件_2026H1_空域限制或地形限制题型.txt_53,2026H1,2026H1,空域限制或地形限制题型,2026-03-21,广东01考场,空域限制或地形限制题-考试条件提取.docx,54,4,4,二：,coordinate;bearing_angle;restriction;geometry;takeoff_return,由于空域限制， 任务航线示意图： 飞机不能由起飞点直 飞任务航线的航点1， 需先向SW平飞 1000米，再向SE平 飞500米，到达任务 航线的航点1。,1;1000;500;1,S;米,起飞点,,,,500米,1000米;500米,
gcond_095a23d734c6,gcond_095a23d734c6,gctpl_3071417e4d0b,gsec_5967bf865431,qbank_7cb07e6ab374,实操题库_地面站考试条件_2026H1_空域限制或地形限制题型.txt_53,2026H1,2026H1,空域限制或地形限制题型,2026-03-21,广东01考场,空域限制或地形限制题-考试条件提取.docx,54,5,5,三：,bearing_angle;geometry,航点3→2航向 为南偏东15°,3;2;15,°,,,15°,,,,
gcond_648bb968f321,gcond_648bb968f321,gctpl_881e7040da04,gsec_8ae5a264d252,qbank_7cb07e6ab374,实操题库_地面站考试条件_2026H1_空域限制或地形限制题型.txt_54,2026H1,2026H1,空域限制或地形限制题型,2026-03-21,广东01考场,空域限制或地形限制题-考试条件提取.docx,55,1,1,(一),coordinate;speed_height;turn_hold_loop;geometry,"按图规划一个闭合的任务航线不循环执行，①③、②③、 ②④、①④边长为300米，①点相对地面高度为a,②点相对地面高 度为b,③点相对地面高度为c,④点相对地面高度为d,水平速 度为e，垂直速度为f,转弯模式为停止转弯，停留时间为2s;",300;2,s;度;米,①;③;②;③;②;④;①;④;①;②;③;④,,,,300米,300米,
gcond_f6be68f993bb,gcond_f6be68f993bb,gctpl_ef11846ede82,gsec_8ae5a264d252,qbank_7cb07e6ab374,实操题库_地面站考试条件_2026H1_空域限制或地形限制题型.txt_54,2026H1,2026H1,空域限制或地形限制题型,2026-03-21,广东01考场,空域限制或地形限制题-考试条件提取.docx,55,2,2,(二),coordinate;speed_height,"a值为20米，b值为25米，c值为30m,d值为20m, e值为2m/s,f值为2m/s。",20;25;30;20;2;2,m;m/s;米,,,,2m/s;2m/s,,,
gcond_65702e2fee0f,gcond_65702e2fee0f,gctpl_b588306913ea,gsec_8ae5a264d252,qbank_7cb07e6ab374,实操题库_地面站考试条件_2026H1_空域限制或地形限制题型.txt_54,2026H1,2026H1,空域限制或地形限制题型,2026-03-21,广东01考场,空域限制或地形限制题-考试条件提取.docx,55,3,3,一：,coordinate;takeoff_return,起飞点经纬度： N:28°19'10” E:116°26′52”,28;19;10;116;26;52,°;度,起飞点,N:28°19'10”;E:116°26′52”,28°;116°,,,,
gcond_85453cf4f2cc,gcond_85453cf4f2cc,gctpl_84d9776b3914,gsec_8ae5a264d252,qbank_7cb07e6ab374,实操题库_地面站考试条件_2026H1_空域限制或地形限制题型.txt_54,2026H1,2026H1,空域限制或地形限制题型,2026-03-21,广东01考场,空域限制或地形限制题-考试条件提取.docx,55,4,4,二：,restriction;geometry;takeoff_return,由于空域限制，飞机不 能由起飞点直飞任务航线的 航点1，需由起飞点起飞先向 西南方向平飞1200米，再向 东南方向平飞500米，到达任 务航线的航点1。,1;1200;500;1,米,起飞点;起飞点,,,,500米,1200米;500米,
gcond_b133488aa2e6,gcond_b133488aa2e6,gctpl_3b3df7c066fd,gsec_8ae5a264d252,qbank_7cb07e6ab374,实操题库_地面站考试条件_2026H1_空域限制或地形限制题型.txt_54,2026H1,2026H1,空域限制或地形限制题型,2026-03-21,广东01考场,空域限制或地形限制题-考试条件提取.docx,55,5,5,三：,bearing_angle;geometry,如图所示任务航点3-4航 向角15°,3;4;15,°,,,15°,,,,
gcond_8d4664c4e363,gcond_8d4664c4e363,gctpl_7c6a212b0200,gsec_849ecf382eba,qbank_7cb07e6ab374,实操题库_地面站考试条件_2026H1_空域限制或地形限制题型.txt_55,2026H1,2026H1,空域限制或地形限制题型,2026-03-19,北京01考场,空域限制或地形限制题-考试条件提取.docx,56,1,1,(一),speed_height;turn_hold_loop;bearing_angle;geometry,"与 的相对方位由委任代表根据现场环境 等情况进行决定。规划一个等腰直角三角形并循环执行，①②边长为a1,①③ 边长为a2,∠①为直角，航线相对地面高度b,水平速度为c,垂直速度为d, 转弯方式为停止转弯，停留时间5$；",1;2;5,度,①;②;①;③;①,,,,,,
gcond_791380413882,gcond_791380413882,gctpl_6043fa79d8bc,gsec_849ecf382eba,qbank_7cb07e6ab374,实操题库_地面站考试条件_2026H1_空域限制或地形限制题型.txt_55,2026H1,2026H1,空域限制或地形限制题型,2026-03-19,北京01考场,空域限制或地形限制题-考试条件提取.docx,56,2,2,(二),speed_height,"a1、a2值为50米，b值为30米，c值为3m/s,d值为2m/s。",1;2;50;30;3;2,m/s;米,,,,3m/s;2m/s,,,
gcond_c71883306e34,gcond_c71883306e34,gctpl_d3718bd93b43,gsec_849ecf382eba,qbank_7cb07e6ab374,实操题库_地面站考试条件_2026H1_空域限制或地形限制题型.txt_55,2026H1,2026H1,空域限制或地形限制题型,2026-03-19,北京01考场,空域限制或地形限制题-考试条件提取.docx,56,3,3,1、,coordinate;takeoff_return,"起飞点经纬度： N:28°39′30"" E:115°5632”",28;39;30;115;5632,°;度,起飞点,"N:28°39′30"";E:115°5632”",28°;115°,,,,
gcond_3d330a77870f,gcond_3d330a77870f,gctpl_235ec7422602,gsec_849ecf382eba,qbank_7cb07e6ab374,实操题库_地面站考试条件_2026H1_空域限制或地形限制题型.txt_55,2026H1,2026H1,空域限制或地形限制题型,2026-03-19,北京01考场,空域限制或地形限制题-考试条件提取.docx,56,4,4,2、,restriction;geometry;takeoff_return,由于空域限制，飞 机不能由起飞点直飞任 务航线的航点1， 任务航线示意图： 需由起飞点起飞先向西 南方向平飞1200米，再 向东南方向平飞500米， 到达任务航线的航点1。,1;1200;500;1,米,起飞点;起飞点,,,,500米,1200米;500米,
gcond_5c3c2117593a,gcond_5c3c2117593a,gctpl_ba6fe462af6a,gsec_32d4b1e31106,qbank_7cb07e6ab374,实操题库_地面站考试条件_2026H1_空域限制或地形限制题型.txt_56,2026H1,2026H1,空域限制或地形限制题型,2026-03-17,河南01考场,空域限制或地形限制题-考试条件提取.docx,57,1,1,(一),coordinate;speed_height;turn_hold_loop;bearing_angle;geometry;takeoff_return,"与 的相对方位由委任代表根据 现场环境等情况进行决定。按图于起飞点前规划一个四边形并循环执 行，①②边、②③边边长为a,③④边边长为b,∠②=∠③=90 航线相对地面高度为c，水平速度为d，垂直速度为e，转弯模式为 停止转弯，停留时间不作要求；",90,度,起飞点;①;②;②;③;③;④;②;③,,,,,,
gcond_0ded5576b070,gcond_0ded5576b070,gctpl_7cfd7700519f,gsec_32d4b1e31106,qbank_7cb07e6ab374,实操题库_地面站考试条件_2026H1_空域限制或地形限制题型.txt_56,2026H1,2026H1,空域限制或地形限制题型,2026-03-17,河南01考场,空域限制或地形限制题-考试条件提取.docx,57,2,2,(二),coordinate;speed_height;bearing_angle,"a值建议为20米，b值建议为30米，c值建议为30m, d值建议为3m/s,e值建议为2m/s。(航线方位及各数值可由委任 代表按实际情况进行调整，考题以委任代表规定数值为准)",20;30;30;3;2,m;m/s;米,,,,3m/s;2m/s,,,
gcond_bac163fb7903,gcond_bac163fb7903,gctpl_a328ef5c3949,gsec_32d4b1e31106,qbank_7cb07e6ab374,实操题库_地面站考试条件_2026H1_空域限制或地形限制题型.txt_56,2026H1,2026H1,空域限制或地形限制题型,2026-03-17,河南01考场,空域限制或地形限制题-考试条件提取.docx,57,3,3,1、,coordinate;takeoff_return,起飞点经纬度： N:28°39′30” E:115°56'32”,28;39;30;115;56;32,°;度,起飞点,N:28°39′30”;E:115°56'32”,28°;115°,,,,
gcond_3dbca04d32bc,gcond_3dbca04d32bc,gctpl_84d9776b3914,gsec_32d4b1e31106,qbank_7cb07e6ab374,实操题库_地面站考试条件_2026H1_空域限制或地形限制题型.txt_56,2026H1,2026H1,空域限制或地形限制题型,2026-03-17,河南01考场,空域限制或地形限制题-考试条件提取.docx,57,4,4,2、,restriction;geometry;takeoff_return,由于空域限制，飞机不能由起飞点直飞 任务航线的航点1，需由起飞点起飞先向 西南方向平飞1200米，再向东南方向平飞 500米，到达任务航线的航点1。,1;1200;500;1,米,起飞点;起飞点,,,,500米,1200米;500米,
gcond_255e12251864,gcond_255e12251864,gctpl_f0371f2d4e42,gsec_3ebe068d4f5d,qbank_7cb07e6ab374,实操题库_地面站考试条件_2026H1_空域限制或地形限制题型.txt_57,2026H1,2026H1,空域限制或地形限制题型,2026-03-17,河南01考场,空域限制或地形限制题-考试条件提取.docx,58,1,1,(一),coordinate;speed_height;turn_hold_loop;bearing_angle;geometry;takeoff_return,"与 的相对方位由委任代表根据 现场环境等情况进行决定。按图于起飞点前规划一个闭合图形并循环 执行，各点之间距离不小于20米，①点相对于地面高度为a，②点相 对地面高度为b,③点相对地面高度为c,④点相对地面高度为d, 水平速度为e，垂直速度为f，转弯模式为停止转弯，停留时间不作 要求；",20,度;米,起飞点;①;②;③;④,,,,20米,20米,
gcond_c8b7d21343b3,gcond_c8b7d21343b3,gctpl_a4c6f3e32363,gsec_3ebe068d4f5d,qbank_7cb07e6ab374,实操题库_地面站考试条件_2026H1_空域限制或地形限制题型.txt_57,2026H1,2026H1,空域限制或地形限制题型,2026-03-17,河南01考场,空域限制或地形限制题-考试条件提取.docx,58,2,2,(二),coordinate;speed_height;bearing_angle,"a值建议为20米，b值建议为25米，c值建议为30m, d值建议为25m,e值建议为2m/s,f值建议为1m/s。(航线方位 及各数值可由委任代表按实际情况进行调整，考题以委任代表规定数 值为准)",20;25;30;25;2;1,m;m/s;米,,,,2m/s;1m/s,,,
gcond_e1a28a3913b2,gcond_e1a28a3913b2,gctpl_8776458cd9af,gsec_3ebe068d4f5d,qbank_7cb07e6ab374,实操题库_地面站考试条件_2026H1_空域限制或地形限制题型.txt_57,2026H1,2026H1,空域限制或地形限制题型,2026-03-17,河南01考场,空域限制或地形限制题-考试条件提取.docx,58,3,3,1、,coordinate;takeoff_return,起飞点经纬度： N:28°39′30” E:115°5632,28;39;30;115;5632,°;度,起飞点,N:28°39′30”;E:115°5632,28°;115°,,,,
gcond_84c43fa46489,gcond_84c43fa46489,gctpl_d8fab666c4ad,gsec_3ebe068d4f5d,qbank_7cb07e6ab374,实操题库_地面站考试条件_2026H1_空域限制或地形限制题型.txt_57,2026H1,2026H1,空域限制或地形限制题型,2026-03-17,河南01考场,空域限制或地形限制题-考试条件提取.docx,58,4,4,2、,restriction;geometry;takeoff_return,由于空域限制，飞机不能由起飞点直飞 任务航线的航点1，需由起飞点起飞先向 东南方向平飞1200米，再向西南方向平飞 500米，到达任务航线的航点1。,1;1200;500;1,米,起飞点;起飞点,,,,500米,1200米;500米,
gcond_5a2dd008bb4c,gcond_5a2dd008bb4c,gctpl_11a5f35073e8,gsec_d149dc24bc14,qbank_7cb07e6ab374,实操题库_地面站考试条件_2026H1_空域限制或地形限制题型.txt_58,2026H1,2026H1,空域限制或地形限制题型,2026-03-17,河南01考场,空域限制或地形限制题-考试条件提取.docx,59,1,1,(一),speed_height;turn_hold_loop;bearing_angle;geometry,"与 的相对方位由委任代表根据 现场环境等情况进行决定。于起飞前规划一个等腰直角三角形并循环 执行，①②边长为a1，①③边长为a2,∠①为直角，航线相对地面 高度b，水平速度为c，垂直速度为d，转弯方式为停止转弯，停 留时间为5s;",1;2;5,s;度,①;②;①;③;①,,,,,,
gcond_a3c4b1fe381a,gcond_a3c4b1fe381a,gctpl_167159c678a0,gsec_d149dc24bc14,qbank_7cb07e6ab374,实操题库_地面站考试条件_2026H1_空域限制或地形限制题型.txt_58,2026H1,2026H1,空域限制或地形限制题型,2026-03-17,河南01考场,空域限制或地形限制题-考试条件提取.docx,59,2,2,(二),speed_height;bearing_angle,"a1、a2值建议为30米，b值建议为30米，c值建议 为3m/s,d值建议为1m/s。(航线方位及各数值可由委任代表按实际 情况进行调整，考题以委任代表规定数值为准)",1;2;30;30;3;1,m/s;米,,,,3m/s;1m/s,,,
gcond_6845dda1f908,gcond_6845dda1f908,gctpl_a12cee8573eb,gsec_d149dc24bc14,qbank_7cb07e6ab374,实操题库_地面站考试条件_2026H1_空域限制或地形限制题型.txt_58,2026H1,2026H1,空域限制或地形限制题型,2026-03-17,河南01考场,空域限制或地形限制题-考试条件提取.docx,59,3,3,1、,coordinate;bearing_angle;takeoff_return,"起飞点经纬度： N:28°39′30"" NW E:115°56'32""",28;39;30;115;56;32,°;度,起飞点,"N:28°39′30"";E:115°56'32""",28°;115°,,,,
gcond_e8829bf3d180,gcond_e8829bf3d180,gctpl_84d9776b3914,gsec_d149dc24bc14,qbank_7cb07e6ab374,实操题库_地面站考试条件_2026H1_空域限制或地形限制题型.txt_58,2026H1,2026H1,空域限制或地形限制题型,2026-03-17,河南01考场,空域限制或地形限制题-考试条件提取.docx,59,4,4,2、,restriction;geometry;takeoff_return,由于空域限制，飞机不能由起飞点直飞 任务航线的航点1，需由起飞点起飞先向 西南方向平飞1200米，再向东南方向平飞 500米，到达任务航线的航点1。,1;1200;500;1,米,起飞点;起飞点,,,,500米,1200米;500米,
gcond_bcc1223744bc,gcond_bcc1223744bc,gctpl_93e1e648fbff,gsec_e2ff91eb28fa,qbank_7cb07e6ab374,实操题库_地面站考试条件_2026H1_空域限制或地形限制题型.txt_59,2026H1,2026H1,空域限制或地形限制题型,2026-03-13,山东02考场,空域限制或地形限制题-考试条件提取.docx,60,1,1,(一),coordinate;speed_height;turn_hold_loop;bearing_angle;geometry,"与 的相对方位由委任代表根 据现场环境等情况进行决定。按图规划一个闭合的任务航线不循环， 执行，①③、②③、②④、①④边长为300米，①点相对地面高度为 a，②点相对地面高度为b,③点相对地面高度为c，④点相对地面 高度为d，水平速度为e，垂直速度为f，转弯模式为停止转弯， 停留时间2s;",300;2,s;度;米,①;③;②;③;②;④;①;④;①;②;③;④,,,,300米,300米,
gcond_fe8c50e50622,gcond_fe8c50e50622,gctpl_5ae8eff156df,gsec_e2ff91eb28fa,qbank_7cb07e6ab374,实操题库_地面站考试条件_2026H1_空域限制或地形限制题型.txt_59,2026H1,2026H1,空域限制或地形限制题型,2026-03-13,山东02考场,空域限制或地形限制题-考试条件提取.docx,60,2,2,(二),coordinate;speed_height,"a值为20米，b值为25米，c值为30m,d值为20m, e值建议为2m/s,f值建议为2m/s。",20;25;30;20;2;2,m;m/s;米,,,,2m/s;2m/s,,,
gcond_dc04282e75bf,gcond_dc04282e75bf,gctpl_d07adc557d67,gsec_e2ff91eb28fa,qbank_7cb07e6ab374,实操题库_地面站考试条件_2026H1_空域限制或地形限制题型.txt_59,2026H1,2026H1,空域限制或地形限制题型,2026-03-13,山东02考场,空域限制或地形限制题-考试条件提取.docx,60,3,3,1、,coordinate;takeoff_return,起飞点经纬度： N:28°39'30” E:115°56'32”,28;39;30;115;56;32,°;度,起飞点,N:28°39'30”;E:115°56'32”,28°;115°,,,,
gcond_ce544eb35f38,gcond_ce544eb35f38,gctpl_84d9776b3914,gsec_e2ff91eb28fa,qbank_7cb07e6ab374,实操题库_地面站考试条件_2026H1_空域限制或地形限制题型.txt_59,2026H1,2026H1,空域限制或地形限制题型,2026-03-13,山东02考场,空域限制或地形限制题-考试条件提取.docx,60,4,4,2、,restriction;geometry;takeoff_return,由于空域限制，飞机 不能由起飞点直飞任务 航线的航点1，需由起飞 点起飞先向西南方向平 飞1200米，再向东南方 向平飞500米，到达任务 航线的航点1。,1;1200;500;1,米,起飞点,,,,500米,1200米;500米,
gcond_478de2cd5696,gcond_478de2cd5696,gctpl_e38de83459f2,gsec_e2ff91eb28fa,qbank_7cb07e6ab374,实操题库_地面站考试条件_2026H1_空域限制或地形限制题型.txt_59,2026H1,2026H1,空域限制或地形限制题型,2026-03-13,山东02考场,空域限制或地形限制题-考试条件提取.docx,60,5,5,3、,bearing_angle;geometry,如图所示任务航点3 航线要求： 4航向角15,3;4;15,,,,,,,,
gcond_2e0461c825c4,gcond_2e0461c825c4,gctpl_a8c841f05566,gsec_fc6bbbd12278,qbank_7cb07e6ab374,实操题库_地面站考试条件_2026H1_空域限制或地形限制题型.txt_60,2026H1,2026H1,空域限制或地形限制题型,2026-03-12,山东05考场,空域限制或地形限制题-考试条件提取.docx,61,1,1,(一),speed_height;turn_hold_loop;bearing_angle;geometry,"与 的相对方位由委任代表根据现场环境 等情况进行决定。规划一个等边三角形，边长为，所有航线相对地面高度为 b，水平速度为c，垂直速度为d,转弯方式为停止转弯，停留时间为5s;",5,s;度,,,,,,,
gcond_9b1d40362dee,gcond_9b1d40362dee,gctpl_3655c7fd8539,gsec_fc6bbbd12278,qbank_7cb07e6ab374,实操题库_地面站考试条件_2026H1_空域限制或地形限制题型.txt_60,2026H1,2026H1,空域限制或地形限制题型,2026-03-12,山东05考场,空域限制或地形限制题-考试条件提取.docx,61,2,2,(二),speed_height,"a值为50米，b值为50米，c值为3ms,d值为2m/s。",50;50;3;2,m;m/s;s;米,,,,3ms;2m/s,,,
gcond_f0da8190431e,gcond_f0da8190431e,gctpl_0b9ff8a4f5d9,gsec_fc6bbbd12278,qbank_7cb07e6ab374,实操题库_地面站考试条件_2026H1_空域限制或地形限制题型.txt_60,2026H1,2026H1,空域限制或地形限制题型,2026-03-12,山东05考场,空域限制或地形限制题-考试条件提取.docx,61,3,3,1、,coordinate;geometry;takeoff_return,起飞点经纬度： N:28°39'30” 任务航线示意图： E:115°56'32”,28;39;30;115;56;32,°;度,起飞点,N:28°39'30”;E:115°56'32”,28°;115°,,,,
gcond_b3043bbf2b8b,gcond_b3043bbf2b8b,gctpl_671b52ab2c64,gsec_fc6bbbd12278,qbank_7cb07e6ab374,实操题库_地面站考试条件_2026H1_空域限制或地形限制题型.txt_60,2026H1,2026H1,空域限制或地形限制题型,2026-03-12,山东05考场,空域限制或地形限制题-考试条件提取.docx,61,4,4,2、,bearing_angle;restriction;geometry;takeoff_return,由于空域限制，飞 机不能由起飞点直飞 任务航线的航点1，需 先向正东方向平飞1000 米，再向南平飞500米， 到达任务航线的航点1。,1;1000;500;1,米,起飞点,,,,500米,1000 米;500米,
gcond_1e12d0fb4093,gcond_1e12d0fb4093,gctpl_f10df825611e,gsec_fc6bbbd12278,qbank_7cb07e6ab374,实操题库_地面站考试条件_2026H1_空域限制或地形限制题型.txt_60,2026H1,2026H1,空域限制或地形限制题型,2026-03-12,山东05考场,空域限制或地形限制题-考试条件提取.docx,61,5,5,3、,bearing_angle;geometry,航点1-2航向角45。,1;2;45,,,,,,,,
gcond_9a99a9c86277,gcond_9a99a9c86277,gctpl_cd060abcaba9,gsec_c720c509943a,qbank_7cb07e6ab374,实操题库_地面站考试条件_2026H1_空域限制或地形限制题型.txt_61,2026H1,2026H1,空域限制或地形限制题型,2026-03-12,山东05考场,空域限制或地形限制题-考试条件提取.docx,62,1,1,(一),coordinate;speed_height;turn_hold_loop;bearing_angle;geometry,"与 的相对方位由委任代表根 据现场环境等情况进行决定。规划规划一个闭合的任务航线不循环 执行，①③、②③、②④、①④边长为300米，①点相对地面高度为 a,②点相对地面高度为b,③点相对地面高度为c,④点相对地面 高度为d，水平速度为e,垂直速度为f,转弯模式为停止转弯， 停留时间为2s;",300;2,s;度;米,①;③;②;③;②;④;①;④;①;②;③;④,,,,300米,300米,
gcond_986ba8aed8b6,gcond_986ba8aed8b6,gctpl_ef11846ede82,gsec_c720c509943a,qbank_7cb07e6ab374,实操题库_地面站考试条件_2026H1_空域限制或地形限制题型.txt_61,2026H1,2026H1,空域限制或地形限制题型,2026-03-12,山东05考场,空域限制或地形限制题-考试条件提取.docx,62,2,2,(二),coordinate;speed_height,"a值为20米，b值为25米，c值为30m,d值为20m, e值为2m/s,f值为2m/s。",20;25;30;20;2;2,m;m/s;米,,,,2m/s;2m/s,,,
gcond_1705ccdb0fcf,gcond_1705ccdb0fcf,gctpl_66ddfc88be60,gsec_c720c509943a,qbank_7cb07e6ab374,实操题库_地面站考试条件_2026H1_空域限制或地形限制题型.txt_61,2026H1,2026H1,空域限制或地形限制题型,2026-03-12,山东05考场,空域限制或地形限制题-考试条件提取.docx,62,3,3,1、,coordinate;geometry;takeoff_return,起飞点经纬度： N:28°39′30” 任务航线示意图： E:115°56'32”,28;39;30;115;56;32,°;度,起飞点,N:28°39′30”;E:115°56'32”,28°;115°,,,,
gcond_7c195956632d,gcond_7c195956632d,gctpl_84d9776b3914,gsec_c720c509943a,qbank_7cb07e6ab374,实操题库_地面站考试条件_2026H1_空域限制或地形限制题型.txt_61,2026H1,2026H1,空域限制或地形限制题型,2026-03-12,山东05考场,空域限制或地形限制题-考试条件提取.docx,62,4,4,2、,restriction;geometry;takeoff_return,由于空域限制，飞机 不能由起飞点直飞任务 航线的航点1，需由起飞 点起飞先向西南方向平 飞1200米，再向东南方 向平飞500米，到达任务 航线的航点1。,1;1200;500;1,米,起飞点,,,,500米,1200米;500米,
gcond_58fa236a3afa,gcond_58fa236a3afa,gctpl_cff6b54b2e56,gsec_c720c509943a,qbank_7cb07e6ab374,实操题库_地面站考试条件_2026H1_空域限制或地形限制题型.txt_61,2026H1,2026H1,空域限制或地形限制题型,2026-03-12,山东05考场,空域限制或地形限制题-考试条件提取.docx,62,5,5,3、,bearing_angle;geometry,如图所示任务航点3 航线要求： 4航向角15°,3;4;15,°,,,15°,,,,
gcond_9eba248fe4c1,gcond_9eba248fe4c1,gctpl_9f2d6ccb85b5,gsec_30c5dd592851,qbank_7cb07e6ab374,实操题库_地面站考试条件_2026H1_空域限制或地形限制题型.txt_62,2026H1,2026H1,空域限制或地形限制题型,2026-03-10,湖北04考场,空域限制或地形限制题-考试条件提取.docx,63,1,1,(一),coordinate;speed_height;turn_hold_loop;bearing_angle;geometry;takeoff_return,"与 的相对方位由委任代表根据 现场环境等情况进行决定。按图于起飞点前规划一个四边形并循环执 行。①②边、②③边边长为a,③④边边长为b,∠②=∠③=90° 航线相对地面高度为c，水平速度为d，垂直速度为e，转弯模式为 停止转弯，停留时间不作要求；",90,°;度,起飞点;①;②;②;③;③;④;②;③,,90°,,,,
gcond_65b37522d292,gcond_65b37522d292,gctpl_cd9e3ad48977,gsec_30c5dd592851,qbank_7cb07e6ab374,实操题库_地面站考试条件_2026H1_空域限制或地形限制题型.txt_62,2026H1,2026H1,空域限制或地形限制题型,2026-03-10,湖北04考场,空域限制或地形限制题-考试条件提取.docx,63,2,2,(二),coordinate;speed_height;bearing_angle,"a值建议为20米，b值建议为30米，c值建议为30m, d值建议为3m/s。e值建议为2m/s。(航线方位及各数值可由委任 代表按实际情况进行调整，考题以委任代表规定数值为准)",20;30;30;3;2,m;m/s;米,,,,3m/s;2m/s,,,
gcond_207ff786ddce,gcond_207ff786ddce,gctpl_2981518183fd,gsec_30c5dd592851,qbank_7cb07e6ab374,实操题库_地面站考试条件_2026H1_空域限制或地形限制题型.txt_62,2026H1,2026H1,空域限制或地形限制题型,2026-03-10,湖北04考场,空域限制或地形限制题-考试条件提取.docx,63,3,3,1、,coordinate;takeoff_return,起飞点经纬度： N:30.42776° E:114°29'29”,30.42776;114;29;29,°;度,起飞点,N:30.42776;E:114°29'29”,30.42776°;114°,,,,
gcond_0449a53ddbf4,gcond_0449a53ddbf4,gctpl_91036345ed23,gsec_30c5dd592851,qbank_7cb07e6ab374,实操题库_地面站考试条件_2026H1_空域限制或地形限制题型.txt_62,2026H1,2026H1,空域限制或地形限制题型,2026-03-10,湖北04考场,空域限制或地形限制题-考试条件提取.docx,63,4,4,2、,restriction;geometry;takeoff_return,由于空域限制，飞 机不能由起飞点直飞 任务航线的航点1，需 先向W方向平飞100 米，再向S方向平飞 50米进入图形点。,1;100;50,S;米,起飞点,,,,,100 米;50米,
gcond_f5551e04f8a5,gcond_f5551e04f8a5,gctpl_59a3a5f684e6,gsec_30c5dd592851,qbank_7cb07e6ab374,实操题库_地面站考试条件_2026H1_空域限制或地形限制题型.txt_62,2026H1,2026H1,空域限制或地形限制题型,2026-03-10,湖北04考场,空域限制或地形限制题-考试条件提取.docx,63,5,5,3、,coordinate;bearing_angle;geometry,航点2-3航向为SE,2;3,S,,,,,,,
gcond_e1a8d3fafc7b,gcond_e1a8d3fafc7b,gctpl_ba4c13c3e4ab,gsec_4a86bcef6b7c,qbank_7cb07e6ab374,实操题库_地面站考试条件_2026H1_空域限制或地形限制题型.txt_63,2026H1,2026H1,空域限制或地形限制题型,2026-03-10,湖北04考场,空域限制或地形限制题-考试条件提取.docx,64,1,1,(一),speed_height;turn_hold_loop;bearing_angle;geometry;takeoff_return,"与 的相对方位由委任代表根据 现场环境等情况进行决定。于起飞点前规划一个等边三角形并循环执 行。边长为a,航线相对地面高度为b，水平速度为c，垂直速度为 d，转弯方式为停止转弯，停留时间不作要求；",,度,起飞点,,,,,,
gcond_9bb1d269e400,gcond_9bb1d269e400,gctpl_312bdb8dd8f4,gsec_4a86bcef6b7c,qbank_7cb07e6ab374,实操题库_地面站考试条件_2026H1_空域限制或地形限制题型.txt_63,2026H1,2026H1,空域限制或地形限制题型,2026-03-10,湖北04考场,空域限制或地形限制题-考试条件提取.docx,64,2,2,(二),speed_height;bearing_angle,"a值建议为30米，b值建议为30米，c值建议为3m/s, d值建议为1m/s。(航线方位及各数值可由委任代表按实际情况进行 调整，考题以委任代表规定数值为准)",30;30;3;1,m/s;米,,,,3m/s;1m/s,,,
gcond_15ec2a01f62c,gcond_15ec2a01f62c,gctpl_42f96b253f8e,gsec_4a86bcef6b7c,qbank_7cb07e6ab374,实操题库_地面站考试条件_2026H1_空域限制或地形限制题型.txt_63,2026H1,2026H1,空域限制或地形限制题型,2026-03-10,湖北04考场,空域限制或地形限制题-考试条件提取.docx,64,3,3,1、,coordinate;takeoff_return,起飞点经纬度： E:114°29′29” N:30.42776°,114;29;29;30.42776,°;度,起飞点,E:114°29′29”;N:30.42776,114°;30.42776°,,,,
gcond_44646c3c244a,gcond_44646c3c244a,gctpl_fb441f917f47,gsec_4a86bcef6b7c,qbank_7cb07e6ab374,实操题库_地面站考试条件_2026H1_空域限制或地形限制题型.txt_63,2026H1,2026H1,空域限制或地形限制题型,2026-03-10,湖北04考场,空域限制或地形限制题-考试条件提取.docx,64,4,4,2、,restriction;geometry;takeoff_return,由于空域限制，飞 机不能由起飞点直飞 任务航线的航点1，需 先向S方向平飞100 米，再向W方向平飞 50米进入1号点。,1;100;50;1,S;米,起飞点,,,,,100 米;50米,
gcond_1f519625a454,gcond_1f519625a454,gctpl_1ae610e85d83,gsec_4a86bcef6b7c,qbank_7cb07e6ab374,实操题库_地面站考试条件_2026H1_空域限制或地形限制题型.txt_63,2026H1,2026H1,空域限制或地形限制题型,2026-03-10,湖北04考场,空域限制或地形限制题-考试条件提取.docx,64,5,5,3、,bearing_angle;geometry,航点2-1航向为SW,2;1,S,,,,,,,
gcond_3981bcceed53,gcond_3981bcceed53,gctpl_f86bc51d1b88,gsec_2ecc06dd4dd6,qbank_7cb07e6ab374,实操题库_地面站考试条件_2026H1_空域限制或地形限制题型.txt_64,2026H1,2026H1,空域限制或地形限制题型,2026-03-10,湖北04考场,空域限制或地形限制题-考试条件提取.docx,65,1,1,(一),coordinate;speed_height;turn_hold_loop;bearing_angle;geometry;takeoff_return,"与 的相对方位由委任代表根据 现场环境进行决定。按图于起飞点前规划一个闭合图形并循环执行， 各点之间距离不小于20米，①点相对地面高度为a，②点相对地面 高度为b,③点相对地面高度为c,④点相对地面高度为d，水平速 度为e，垂直速度为f,转弯模式为停止转弯，停留时间不作要求；",20,度;米,起飞点;①;②;③;④,,,,20米,20米,
gcond_76dcf2480ca1,gcond_76dcf2480ca1,gctpl_a4c6f3e32363,gsec_2ecc06dd4dd6,qbank_7cb07e6ab374,实操题库_地面站考试条件_2026H1_空域限制或地形限制题型.txt_64,2026H1,2026H1,空域限制或地形限制题型,2026-03-10,湖北04考场,空域限制或地形限制题-考试条件提取.docx,65,2,2,(二),coordinate;speed_height;bearing_angle,"a值建议为20米，b值建议为25米，c值建议为30m, d值建议为25m,e值建议为2m/s,f值建议为1m/s。(航线 方位及各数值可由委任代表按实际情况进行调整，考题以委任代表规 定数值为准)",20;25;30;25;2;1,m;m/s;米,,,,2m/s;1m/s,,,
gcond_1784f074b132,gcond_1784f074b132,gctpl_0cbcf063f7fe,gsec_2ecc06dd4dd6,qbank_7cb07e6ab374,实操题库_地面站考试条件_2026H1_空域限制或地形限制题型.txt_64,2026H1,2026H1,空域限制或地形限制题型,2026-03-10,湖北04考场,空域限制或地形限制题-考试条件提取.docx,65,3,3,1、,coordinate;takeoff_return,"起飞点经纬度： N:30.42776° E:114°29'29""",30.42776;114;29;29,°;度,起飞点,"N:30.42776;E:114°29'29""",30.42776°;114°,,,,
gcond_f93bfe92a772,gcond_f93bfe92a772,gctpl_e653b70fd160,gsec_2ecc06dd4dd6,qbank_7cb07e6ab374,实操题库_地面站考试条件_2026H1_空域限制或地形限制题型.txt_64,2026H1,2026H1,空域限制或地形限制题型,2026-03-10,湖北04考场,空域限制或地形限制题-考试条件提取.docx,65,4,4,2、,coordinate;restriction;geometry;takeoff_return,由于空域限制，飞 机不能由起飞点直飞 任务航线的航点1，需 先向N方向平飞100 米，再向W方向平飞 50米进入图形点。,1;100;50,米,起飞点,,,,,100 米;50米,
gcond_0f8e63641199,gcond_0f8e63641199,gctpl_ddecac1c2687,gsec_2ecc06dd4dd6,qbank_7cb07e6ab374,实操题库_地面站考试条件_2026H1_空域限制或地形限制题型.txt_64,2026H1,2026H1,空域限制或地形限制题型,2026-03-10,湖北04考场,空域限制或地形限制题-考试条件提取.docx,65,5,5,3、,coordinate;bearing_angle;geometry,航点2-3航向为NW,2;3,,,,,,,,
gcond_799afe89142c,gcond_799afe89142c,gctpl_44a43cc6e3d6,gsec_f4821ef077b7,qbank_7cb07e6ab374,实操题库_地面站考试条件_2026H1_空域限制或地形限制题型.txt_65,2026H1,2026H1,空域限制或地形限制题型,2026-03-10,湖北04考场,空域限制或地形限制题-考试条件提取.docx,66,1,1,(一),coordinate;speed_height;turn_hold_loop;bearing_angle;takeoff_return,"与 的相对方位由委任代表根据 现场环境等情况进行决定。按图于起飞点前规划扫描航线。航线长度 为a,航线间隔为b,航线相对地面高度为c,水平速度为d,垂直 速度为e，转弯模式为停止转弯，停留时间不作要求；",,度,起飞点,,,,,,
gcond_f8e81eb0fa45,gcond_f8e81eb0fa45,gctpl_db6c412a3e39,gsec_f4821ef077b7,qbank_7cb07e6ab374,实操题库_地面站考试条件_2026H1_空域限制或地形限制题型.txt_65,2026H1,2026H1,空域限制或地形限制题型,2026-03-10,湖北04考场,空域限制或地形限制题-考试条件提取.docx,66,2,2,(二),coordinate;speed_height;bearing_angle,"a值建议为30米，b值建议为10米，c值建议为30m, d值建议为3m/s。e值建议为1m/s。(航线方位及各数值可由委 任代表按实际情况进行调整，考题以委任代表规定数值为准)",30;10;30;3;1,m;m/s;米,,,,3m/s;1m/s,,,
gcond_bbf4f8fb0c36,gcond_bbf4f8fb0c36,gctpl_b952f3c9ea25,gsec_f4821ef077b7,qbank_7cb07e6ab374,实操题库_地面站考试条件_2026H1_空域限制或地形限制题型.txt_65,2026H1,2026H1,空域限制或地形限制题型,2026-03-10,湖北04考场,空域限制或地形限制题-考试条件提取.docx,66,3,3,1、,coordinate;takeoff_return,"起飞点经纬度： 7 N:30.42776° E:114°29'29""",7;30.42776;114;29;29,°;度,起飞点;7,"N:30.42776;E:114°29'29""",30.42776°;114°,,,,
gcond_414821b1cf47,gcond_414821b1cf47,gctpl_33b9cec431e4,gsec_f4821ef077b7,qbank_7cb07e6ab374,实操题库_地面站考试条件_2026H1_空域限制或地形限制题型.txt_65,2026H1,2026H1,空域限制或地形限制题型,2026-03-10,湖北04考场,空域限制或地形限制题-考试条件提取.docx,66,4,4,2、,coordinate;bearing_angle;restriction;geometry;takeoff_return,由于空域限制，飞 机不能由起飞点直飞 任务航线的航点1，需 先向NE方向平飞100 米进入图形点。,1;100,米,起飞点,,,,,100 米,
gcond_00ab55317800,gcond_00ab55317800,gctpl_ddecac1c2687,gsec_f4821ef077b7,qbank_7cb07e6ab374,实操题库_地面站考试条件_2026H1_空域限制或地形限制题型.txt_65,2026H1,2026H1,空域限制或地形限制题型,2026-03-10,湖北04考场,空域限制或地形限制题-考试条件提取.docx,66,5,5,3、,coordinate;bearing_angle;geometry,航点2-3航向为NW,2;3,,,,,,,,
gcond_d971c2198813,gcond_d971c2198813,gctpl_590edeaf57b4,gsec_9f95f3899149,qbank_7cb07e6ab374,实操题库_地面站考试条件_2026H1_空域限制或地形限制题型.txt_66,2026H1,2026H1,空域限制或地形限制题型,2026-03-10,湖北04考场,空域限制或地形限制题-考试条件提取.docx,67,1,1,(一),coordinate;speed_height;turn_hold_loop;bearing_angle;geometry;takeoff_return,"与 的相对方位由委任代表根据 现场环境等情况进行决定。于起飞点前规划一个六边形并循环执行， 边长为a,①②③航点相对地面高度为b，④⑤⑥航点相对地面高度 为c,水平速度为d，垂直速度为e,转弯方式为停止转弯，各点停 留时间为f;",,度,起飞点;①;②;③;④;⑤;⑥,,,,,,
gcond_4b3e00b5bae6,gcond_4b3e00b5bae6,gctpl_462deacb4b0f,gsec_9f95f3899149,qbank_7cb07e6ab374,实操题库_地面站考试条件_2026H1_空域限制或地形限制题型.txt_66,2026H1,2026H1,空域限制或地形限制题型,2026-03-10,湖北04考场,空域限制或地形限制题-考试条件提取.docx,67,2,2,(二),coordinate;speed_height;bearing_angle,"a值建议为30米，b值建议为25米，c值建议为30m, d值建议为2m/s,e值建议为1m/s,f值建议为2s。(航线方位 及各数值可由委任代表按实际情况进行调整，考题以委任代表规定数 值为准)",30;25;30;2;1;2,m;m/s;s;米,,,,2m/s;1m/s,,,
gcond_06b53c45f468,gcond_06b53c45f468,gctpl_42f96b253f8e,gsec_9f95f3899149,qbank_7cb07e6ab374,实操题库_地面站考试条件_2026H1_空域限制或地形限制题型.txt_66,2026H1,2026H1,空域限制或地形限制题型,2026-03-10,湖北04考场,空域限制或地形限制题-考试条件提取.docx,67,3,3,1、,coordinate;takeoff_return,起飞点经纬度： E:114°29′29” N:30.42776°,114;29;29;30.42776,°;度,起飞点,E:114°29′29”;N:30.42776,114°;30.42776°,,,,
gcond_266b9551d28a,gcond_266b9551d28a,gctpl_33b9cec431e4,gsec_9f95f3899149,qbank_7cb07e6ab374,实操题库_地面站考试条件_2026H1_空域限制或地形限制题型.txt_66,2026H1,2026H1,空域限制或地形限制题型,2026-03-10,湖北04考场,空域限制或地形限制题-考试条件提取.docx,67,4,4,2、,coordinate;bearing_angle;restriction;geometry;takeoff_return,由于空域限制，飞 机不能由起飞点直飞 任务航线的航点1，需 先向NE方向平飞100 米进入图形点。,1;100,米,起飞点,,,,,100 米,
gcond_dd48a233113d,gcond_dd48a233113d,gctpl_ddecac1c2687,gsec_9f95f3899149,qbank_7cb07e6ab374,实操题库_地面站考试条件_2026H1_空域限制或地形限制题型.txt_66,2026H1,2026H1,空域限制或地形限制题型,2026-03-10,湖北04考场,空域限制或地形限制题-考试条件提取.docx,67,5,5,3、,coordinate;bearing_angle;geometry,航点2-3航向为NW,2;3,,,,,,,,
gcond_c1be72e26fbe,gcond_c1be72e26fbe,gctpl_4574e907cf86,gsec_51790e2b9cd7,qbank_7cb07e6ab374,实操题库_地面站考试条件_2026H1_空域限制或地形限制题型.txt_67,2026H1,2026H1,空域限制或地形限制题型,2026-03-10,湖北04考场,空域限制或地形限制题-考试条件提取.docx,68,1,1,(一),coordinate;speed_height;turn_hold_loop;bearing_angle;geometry;takeoff_return,"与 的相对方位由委任代表根据 现场环境等情况进行决定。按图于起飞点前规划一个五边形并循环执 行，①②边及②③边的边长为a,∠②=∠④=∠①为90°，航线相 对地面高度为b，水平速度为c，垂直速度为d,转弯模式为停止转 弯，各点停留时间为e;",90,°;度,起飞点;①;②;②;③;②;④;①,,90°,,,,
gcond_7a51c27dc226,gcond_7a51c27dc226,gctpl_d4e07382b7ab,gsec_51790e2b9cd7,qbank_7cb07e6ab374,实操题库_地面站考试条件_2026H1_空域限制或地形限制题型.txt_67,2026H1,2026H1,空域限制或地形限制题型,2026-03-10,湖北04考场,空域限制或地形限制题-考试条件提取.docx,68,2,2,(二),coordinate;speed_height;bearing_angle,"a值建议为30米，b值建议为30米，c值建议为 3m/s,d值建议为1m/s,e值建议为2s。(航线方位及各数值可由 委任代表按实际情况进行调整，考题以委任代表规定数值为准) 兰告交与。",30;30;3;1;2,m/s;s;米,,,,3m/s;1m/s,,,
gcond_8b4d5d386643,gcond_8b4d5d386643,gctpl_54a04490e88a,gsec_51790e2b9cd7,qbank_7cb07e6ab374,实操题库_地面站考试条件_2026H1_空域限制或地形限制题型.txt_67,2026H1,2026H1,空域限制或地形限制题型,2026-03-10,湖北04考场,空域限制或地形限制题-考试条件提取.docx,68,3,3,1、,coordinate;takeoff_return,起飞点经纬度： N:114°29′29” N:30.42776°,114;29;29;30.42776,°;度,起飞点,N:114°29′29”;N:30.42776,114°;30.42776°,,,,
gcond_8dcaedee9ce3,gcond_8dcaedee9ce3,gctpl_2a8b1647c7c3,gsec_51790e2b9cd7,qbank_7cb07e6ab374,实操题库_地面站考试条件_2026H1_空域限制或地形限制题型.txt_67,2026H1,2026H1,空域限制或地形限制题型,2026-03-10,湖北04考场,空域限制或地形限制题-考试条件提取.docx,68,4,4,2、,coordinate;bearing_angle;restriction;geometry;takeoff_return,由于空域限制，飞 机不能由起飞点直飞 机不能由起飞点直飞 任务航线的航点1，需 先向N方向平飞100 先向NE方向平飞100 米，再向W方向平飞 米后到达1点。,1;100;100;1,米,起飞点;起飞点,,,,,100 米,
gcond_c63367fe29d7,gcond_c63367fe29d7,gctpl_59a3a5f684e6,gsec_51790e2b9cd7,qbank_7cb07e6ab374,实操题库_地面站考试条件_2026H1_空域限制或地形限制题型.txt_67,2026H1,2026H1,空域限制或地形限制题型,2026-03-10,湖北04考场,空域限制或地形限制题-考试条件提取.docx,68,5,5,3、,coordinate;bearing_angle;geometry,航点2-3航向为SE,2;3,S,,,,,,,
gcond_00a0f6b28b2b,gcond_00a0f6b28b2b,gctpl_a8c841f05566,gsec_24cd867bc8d4,qbank_7cb07e6ab374,实操题库_地面站考试条件_2026H1_空域限制或地形限制题型.txt_68,2026H1,2026H1,空域限制或地形限制题型,2026-03-10,四川01考场,空域限制或地形限制题-考试条件提取.docx,69,1,1,(一),speed_height;turn_hold_loop;bearing_angle;geometry,"与 的相对方位由委任代表根据现场环境 等情况进行决定。规划一个等边三角形，边长为，所有航线相对地面高度为 b，水平速度为c，垂直速度为d,转弯方式为停止转弯，停留时间为5s;",5,s;度,,,,,,,
gcond_e273fc291d6a,gcond_e273fc291d6a,gctpl_e64ce66b5adc,gsec_24cd867bc8d4,qbank_7cb07e6ab374,实操题库_地面站考试条件_2026H1_空域限制或地形限制题型.txt_68,2026H1,2026H1,空域限制或地形限制题型,2026-03-10,四川01考场,空域限制或地形限制题-考试条件提取.docx,69,2,2,(二),speed_height,"a值为50米，b值为50米，c值为3m/s,d值为2m/s",50;50;3;2,m/s;米,,,,3m/s;2m/s,,,
gcond_00470b74242d,gcond_00470b74242d,gctpl_e2c9e5f9ba43,gsec_24cd867bc8d4,qbank_7cb07e6ab374,实操题库_地面站考试条件_2026H1_空域限制或地形限制题型.txt_68,2026H1,2026H1,空域限制或地形限制题型,2026-03-10,四川01考场,空域限制或地形限制题-考试条件提取.docx,69,3,3,1、,coordinate;takeoff_return,"起飞点经纬度： N:28°39'30"" E:115°56'32""",28;39;30;115;56;32,°;度,起飞点,"N:28°39'30"";E:115°56'32""",28°;115°,,,,
gcond_67a7ed139203,gcond_67a7ed139203,gctpl_bf4c67e99b2d,gsec_24cd867bc8d4,qbank_7cb07e6ab374,实操题库_地面站考试条件_2026H1_空域限制或地形限制题型.txt_68,2026H1,2026H1,空域限制或地形限制题型,2026-03-10,四川01考场,空域限制或地形限制题-考试条件提取.docx,69,4,4,2、,coordinate;restriction;geometry;takeoff_return,由于空域限制，飞 机不能由起飞点直飞 任务航线的航点1，需 先向ES方向平飞1000 米，再向W方向平飞 500米，到达任务航线 的航点1。,1;1000;500;1,S;米,起飞点,,,,500米,1000 米;500米,
gcond_79a95f2f7cb8,gcond_79a95f2f7cb8,gctpl_f10df825611e,gsec_24cd867bc8d4,qbank_7cb07e6ab374,实操题库_地面站考试条件_2026H1_空域限制或地形限制题型.txt_68,2026H1,2026H1,空域限制或地形限制题型,2026-03-10,四川01考场,空域限制或地形限制题-考试条件提取.docx,69,5,5,3、,bearing_angle;geometry,航点1-2航向角45。,1;2;45,,,,,,,,
gcond_e2ab20d8e6db,gcond_e2ab20d8e6db,gctpl_6a543db061f5,gsec_eab992c600b6,qbank_7cb07e6ab374,实操题库_地面站考试条件_2026H1_空域限制或地形限制题型.txt_69,2026H1,2026H1,空域限制或地形限制题型,2026-03-07,江西01考场,空域限制或地形限制题-考试条件提取.docx,70,1,1,(一),speed_height;turn_hold_loop;bearing_angle;geometry;takeoff_return,"与 的相对方位由委任代表根据 现场环境等情况进行决定。按图于起飞点前规划一个闭合图形并循环 执行，各点之间距离不小于20米，①点相对于地面高度为a，②点相 对地面高度为b,③点相对地面高度为c,④点相对地面高度为d, 水平速度为f,∠①=∠②=∠③=∠④=45°转弯模式为停止转弯， 停留时间不作要求；",20;45,°;度;米,起飞点;①;②;③;④;①;②;③;④,,45°,,20米,20米,
gcond_86eef2c415d8,gcond_86eef2c415d8,gctpl_89ca33d2124a,gsec_eab992c600b6,qbank_7cb07e6ab374,实操题库_地面站考试条件_2026H1_空域限制或地形限制题型.txt_69,2026H1,2026H1,空域限制或地形限制题型,2026-03-07,江西01考场,空域限制或地形限制题-考试条件提取.docx,70,2,2,(二),speed_height;bearing_angle,"a值为20米，b值为25米，c值为30m,d值为 25m,f值为3m/s。(航线方位及各数值可由委任代表按实际情况 进行调整，考题以委任代表规定数值为准)",20;25;30;25;3,m;m/s;米,,,,3m/s,25m,,
gcond_74bdddd4bd4b,gcond_74bdddd4bd4b,gctpl_e2a82d8f2cb7,gsec_eab992c600b6,qbank_7cb07e6ab374,实操题库_地面站考试条件_2026H1_空域限制或地形限制题型.txt_69,2026H1,2026H1,空域限制或地形限制题型,2026-03-07,江西01考场,空域限制或地形限制题-考试条件提取.docx,70,3,3,1、,coordinate;geometry,航点1经纬度： N:30.456222° 任务航线示意图： E:121.123666°,1;30.456222;121.123666,°;度,,N:30.456222;E:121.123666,30.456222°;121.123666°,,,,
gcond_7fd221039ae5,gcond_7fd221039ae5,gctpl_b238cf0d226a,gsec_eab992c600b6,qbank_7cb07e6ab374,实操题库_地面站考试条件_2026H1_空域限制或地形限制题型.txt_69,2026H1,2026H1,空域限制或地形限制题型,2026-03-07,江西01考场,空域限制或地形限制题-考试条件提取.docx,70,4,4,2、,coordinate;bearing_angle;restriction;geometry,因地形限制，飞机需从起飞 点先向SE飞行200米，再向N 方向飞行50米，到达图形航点1,200;50;1,S;米,,,,,,200米;50米,
gcond_f68849607dbd,gcond_f68849607dbd,gctpl_16cf6fd17bed,gsec_eab992c600b6,qbank_7cb07e6ab374,实操题库_地面站考试条件_2026H1_空域限制或地形限制题型.txt_69,2026H1,2026H1,空域限制或地形限制题型,2026-03-07,江西01考场,空域限制或地形限制题-考试条件提取.docx,70,5,5,3、,bearing_angle;geometry,航点2在航点3的SW方向,2;3,S,,,,,,,
gcond_df0f7ebc04a0,gcond_df0f7ebc04a0,gctpl_a37aa352e6c1,gsec_eab992c600b6,qbank_7cb07e6ab374,实操题库_地面站考试条件_2026H1_空域限制或地形限制题型.txt_69,2026H1,2026H1,空域限制或地形限制题型,2026-03-07,江西01考场,空域限制或地形限制题-考试条件提取.docx,70,6,6,4、,turn_hold_loop,题目如要求闭合需手动闭合,,,,,,,,,
gcond_3190dfbaed74,gcond_3190dfbaed74,gctpl_0a3404857e82,gsec_abe834818c0c,qbank_7cb07e6ab374,实操题库_地面站考试条件_2026H1_空域限制或地形限制题型.txt_70,2026H1,2026H1,空域限制或地形限制题型,2026-03-06,山西O3考场,空域限制或地形限制题-考试条件提取.docx,71,1,1,(一),speed_height;turn_hold_loop;bearing_angle;geometry,"与 的相对方位由委任代表根据现场环境等 情况进行决定。规划一个等边三角形并循环执行，边长为a，所有航线相对地面 高度b，水平速度为c，垂直速度为d,转弯方式为停止转弯，停留时间为5s;",5,s;度,,,,,,,site_uses_letter_O
gcond_72e01cf82923,gcond_72e01cf82923,gctpl_d09c612586db,gsec_abe834818c0c,qbank_7cb07e6ab374,实操题库_地面站考试条件_2026H1_空域限制或地形限制题型.txt_70,2026H1,2026H1,空域限制或地形限制题型,2026-03-06,山西O3考场,空域限制或地形限制题-考试条件提取.docx,71,2,2,(二),speed_height,"a值为50米，b值为30米，c值为3m/s,d值为2m/s。",50;30;3;2,m/s;米,,,,3m/s;2m/s,,,site_uses_letter_O
gcond_f8d089e91c4a,gcond_f8d089e91c4a,gctpl_35075959cd45,gsec_abe834818c0c,qbank_7cb07e6ab374,实操题库_地面站考试条件_2026H1_空域限制或地形限制题型.txt_70,2026H1,2026H1,空域限制或地形限制题型,2026-03-06,山西O3考场,空域限制或地形限制题-考试条件提取.docx,71,3,3,1、,coordinate;takeoff_return,起飞点经纬度： N27°46'19” E:123°12'17”,27;46;19;123;12;17,°;度,起飞点,N27°46'19”;E:123°12'17”,27°;123°,,,,site_uses_letter_O
gcond_cc1cf3dfa61d,gcond_cc1cf3dfa61d,gctpl_4a0b50223f53,gsec_abe834818c0c,qbank_7cb07e6ab374,实操题库_地面站考试条件_2026H1_空域限制或地形限制题型.txt_70,2026H1,2026H1,空域限制或地形限制题型,2026-03-06,山西O3考场,空域限制或地形限制题-考试条件提取.docx,71,4,4,2、,restriction;geometry;takeoff_return,由于地形限制，飞 机不能由起飞点直飞 任务航线的航点1，需 升高120米，再向南平 飞500米规避障碍地形 后，到达任务航线的航 点1。,1;120;500;1,米,起飞点,,,,120米;500米,500米,site_uses_letter_O
gcond_e5e916314726,gcond_e5e916314726,gctpl_f10df825611e,gsec_abe834818c0c,qbank_7cb07e6ab374,实操题库_地面站考试条件_2026H1_空域限制或地形限制题型.txt_70,2026H1,2026H1,空域限制或地形限制题型,2026-03-06,山西O3考场,空域限制或地形限制题-考试条件提取.docx,71,5,5,3、,bearing_angle;geometry,航点1-2航向角45。,1;2;45,,,,,,,,site_uses_letter_O
gcond_a51c01c0c50b,gcond_a51c01c0c50b,gctpl_94311ceb4b1e,gsec_e0655e34dbad,qbank_7cb07e6ab374,实操题库_地面站考试条件_2026H1_空域限制或地形限制题型.txt_71,2026H1,2026H1,空域限制或地形限制题型,2026-03-06,广东03考场,空域限制或地形限制题-考试条件提取.docx,72,1,1,(一),speed_height;turn_hold_loop;bearing_angle;geometry,"与 的相对方位由委任代表根据现场环境等情 况进行决定。规划一个等边三角形并循环执行，边长为a，航线相对地面高度 为b,水平速度为c,垂直速度为d,转弯方式为停止转弯，停留时间5s;",5,s;度,,,,,,,
gcond_c6826c76f8de,gcond_c6826c76f8de,gctpl_401b1e1c6d37,gsec_e0655e34dbad,qbank_7cb07e6ab374,实操题库_地面站考试条件_2026H1_空域限制或地形限制题型.txt_71,2026H1,2026H1,空域限制或地形限制题型,2026-03-06,广东03考场,空域限制或地形限制题-考试条件提取.docx,72,2,2,(二),speed_height,"a值为50米，b值为50米，c值为3m/s,d值为2m/s。",50;50;3;2,m/s;米,,,,3m/s;2m/s,,,
gcond_3a3d2bf4123f,gcond_3a3d2bf4123f,gctpl_a11742905c9c,gsec_e0655e34dbad,qbank_7cb07e6ab374,实操题库_地面站考试条件_2026H1_空域限制或地形限制题型.txt_71,2026H1,2026H1,空域限制或地形限制题型,2026-03-06,广东03考场,空域限制或地形限制题-考试条件提取.docx,72,3,3,1、,coordinate;takeoff_return,"起飞点经纬度： N:27°46′19"" E:123°12'17""",27;46;19;123;12;17,°;度,起飞点,"N:27°46′19"";E:123°12'17""",27°;123°,,,,
gcond_f17bee5a32d5,gcond_f17bee5a32d5,gctpl_4a0b50223f53,gsec_e0655e34dbad,qbank_7cb07e6ab374,实操题库_地面站考试条件_2026H1_空域限制或地形限制题型.txt_71,2026H1,2026H1,空域限制或地形限制题型,2026-03-06,广东03考场,空域限制或地形限制题-考试条件提取.docx,72,4,4,2、,restriction;geometry;takeoff_return,由于地形限制，飞 机不能由起飞点直飞 任务航线的航点1，需 升高120米，再向南平 飞500米规避障碍地形 后，到达任务航线的航 点1。,1;120;500;1,米,起飞点,,,,120米;500米,500米,
gcond_8c2260191427,gcond_8c2260191427,gctpl_38fcf50eb60c,gsec_e0655e34dbad,qbank_7cb07e6ab374,实操题库_地面站考试条件_2026H1_空域限制或地形限制题型.txt_71,2026H1,2026H1,空域限制或地形限制题型,2026-03-06,广东03考场,空域限制或地形限制题-考试条件提取.docx,72,5,5,3、,bearing_angle;geometry,航点1-2航向角459,1;2;459,,,,,,,,
gcond_7c8aa76c34c7,gcond_7c8aa76c34c7,gctpl_3a5874ca88c1,gsec_1ef07ac2250f,qbank_7cb07e6ab374,实操题库_地面站考试条件_2026H1_空域限制或地形限制题型.txt_72,2026H1,2026H1,空域限制或地形限制题型,2026-04-13,山东02考场,空域限制或地形限制题-考试条件提取.docx,73,1,1,(一),coordinate;speed_height;turn_hold_loop;geometry,"规划一个闭合六边形并循环执行，边长为a，①②③航点 相对地面高度为b,④⑤⑥航点相对地面高度为c,水平速度为d, 垂直速度为e,转弯方式为停止转弯，各点停留时间为f;",,度,①;②;③;④;⑤;⑥,,,,,,
gcond_94c622a33814,gcond_94c622a33814,gctpl_d7eaf440dbc8,gsec_1ef07ac2250f,qbank_7cb07e6ab374,实操题库_地面站考试条件_2026H1_空域限制或地形限制题型.txt_72,2026H1,2026H1,空域限制或地形限制题型,2026-04-13,山东02考场,空域限制或地形限制题-考试条件提取.docx,73,2,2,(二),coordinate;speed_height,"a值为300米，b值为30米，c值为25m,d值为4m/s, e值为2m/s,f值为2s。",300;30;25;4;2;2,m;m/s;s;米,,,,4m/s;2m/s,,,
gcond_02ee3c3f2a12,gcond_02ee3c3f2a12,gctpl_4d51387bdf3d,gsec_1ef07ac2250f,qbank_7cb07e6ab374,实操题库_地面站考试条件_2026H1_空域限制或地形限制题型.txt_72,2026H1,2026H1,空域限制或地形限制题型,2026-04-13,山东02考场,空域限制或地形限制题-考试条件提取.docx,73,3,3,一、,coordinate;takeoff_return,起飞点经纬度： N:36.4637° E:114.5342°,36.4637;114.5342,°;度,起飞点,N:36.4637;E:114.5342,36.4637°;114.5342°,,,,
gcond_3f4068c3cc78,gcond_3f4068c3cc78,gctpl_08d311f1bcfb,gsec_1ef07ac2250f,qbank_7cb07e6ab374,实操题库_地面站考试条件_2026H1_空域限制或地形限制题型.txt_72,2026H1,2026H1,空域限制或地形限制题型,2026-04-13,山东02考场,空域限制或地形限制题-考试条件提取.docx,73,4,4,二、,coordinate;bearing_angle;restriction;geometry;takeoff_return,由于空域限制，飞机 不能由起飞点直飞任务 航线的航点1，需先向NE 方向平飞370米，再向NW 方向平飞560米，到达任 务航线的航点1。,1;370;560;1,米,起飞点,,,,560米,370米;560米,
gcond_b95110dfe109,gcond_b95110dfe109,gctpl_365d2eac5929,gsec_1ef07ac2250f,qbank_7cb07e6ab374,实操题库_地面站考试条件_2026H1_空域限制或地形限制题型.txt_72,2026H1,2026H1,空域限制或地形限制题型,2026-04-13,山东02考场,空域限制或地形限制题-考试条件提取.docx,73,5,5,三、,coordinate;bearing_angle;geometry,"当地风向：SE,航点 3→2航向为逆风",3;2,S,3,,,,,,
gcond_74831ec58468,gcond_74831ec58468,gctpl_a5897704705c,gsec_5c4e642a7ce0,qbank_7cb07e6ab374,实操题库_地面站考试条件_2026H1_空域限制或地形限制题型.txt_73,2026H1,2026H1,空域限制或地形限制题型,2026-04-13,山东02考场,空域限制或地形限制题-考试条件提取.docx,74,1,1,(一),coordinate;speed_height;turn_hold_loop;geometry,"按图规划一个闭合的任务航线并循环执行，①③、②③、 ②④、①④边长为300米，①点相对地面高度为a,②点相对地面高 度为b,③点相对地面高度为c,④点相对地面高度为d,水平速度 为e，垂直速度为f，转弯模式为停止转弯，停留时间2s;",300;2,s;度;米,①;③;②;③;②;④;①;④;①;②;③;④,,,,300米,300米,
gcond_58904b0bd472,gcond_58904b0bd472,gctpl_ef11846ede82,gsec_5c4e642a7ce0,qbank_7cb07e6ab374,实操题库_地面站考试条件_2026H1_空域限制或地形限制题型.txt_73,2026H1,2026H1,空域限制或地形限制题型,2026-04-13,山东02考场,空域限制或地形限制题-考试条件提取.docx,74,2,2,(二),coordinate;speed_height,"a值为20米，b值为25米，c值为30m,d值为20m, e值为2m/s,f值为2m/s。",20;25;30;20;2;2,m;m/s;米,,,,2m/s;2m/s,,,
gcond_effe62cd1451,gcond_effe62cd1451,gctpl_4d51387bdf3d,gsec_5c4e642a7ce0,qbank_7cb07e6ab374,实操题库_地面站考试条件_2026H1_空域限制或地形限制题型.txt_73,2026H1,2026H1,空域限制或地形限制题型,2026-04-13,山东02考场,空域限制或地形限制题-考试条件提取.docx,74,3,3,一、,coordinate;takeoff_return,起飞点经纬度： N:36.4637° E:114.5342°,36.4637;114.5342,°;度,起飞点,N:36.4637;E:114.5342,36.4637°;114.5342°,,,,
gcond_32bce0047c16,gcond_32bce0047c16,gctpl_08d311f1bcfb,gsec_5c4e642a7ce0,qbank_7cb07e6ab374,实操题库_地面站考试条件_2026H1_空域限制或地形限制题型.txt_73,2026H1,2026H1,空域限制或地形限制题型,2026-04-13,山东02考场,空域限制或地形限制题-考试条件提取.docx,74,4,4,二、,coordinate;bearing_angle;restriction;geometry;takeoff_return,由于空域限制，飞机 不能由起飞点直飞任务 航线的航点1，需先向NE 方向平飞370米，再向NW 方向平飞560米，到达任 务航线的航点1。,1;370;560;1,米,起飞点,,,,560米,370米;560米,
gcond_78e9f15070ab,gcond_78e9f15070ab,gctpl_365d2eac5929,gsec_5c4e642a7ce0,qbank_7cb07e6ab374,实操题库_地面站考试条件_2026H1_空域限制或地形限制题型.txt_73,2026H1,2026H1,空域限制或地形限制题型,2026-04-13,山东02考场,空域限制或地形限制题-考试条件提取.docx,74,5,5,三、,coordinate;bearing_angle;geometry,"当地风向：SE,航点 3→2航向为逆风",3;2,S,3,,,,,,
gcond_9b4d18a50068,gcond_9b4d18a50068,gctpl_419354b2fa9a,gsec_f1bf864ef437,qbank_7cb07e6ab374,实操题库_地面站考试条件_2026H1_空域限制或地形限制题型.txt_74,2026H1,2026H1,空域限制或地形限制题型,2026-03-06,广东03考场,空域限制或地形限制题-考试条件提取.docx,75,1,1,(一),speed_height;turn_hold_loop;bearing_angle;geometry,"与 的相对方位由委任代表根据现场环境 等情况进行决定。规划一个等腰直角三角形并循环执行，①②边长为a1, ①③边长为a2,∠①为直角，航线相对地面高度b,水平速度为c，垂直速 度为d，转弯方式为停止转弯，停留时间5s;",1;2;5,s;度,①;②;①;③;①,,,,,,
gcond_9acc0960cc15,gcond_9acc0960cc15,gctpl_e2a389225d7c,gsec_f1bf864ef437,qbank_7cb07e6ab374,实操题库_地面站考试条件_2026H1_空域限制或地形限制题型.txt_74,2026H1,2026H1,空域限制或地形限制题型,2026-03-06,广东03考场,空域限制或地形限制题-考试条件提取.docx,75,2,2,(二),speed_height,"a1、a2值为50米，b值为50米，c值为3m/s,d值为2m/s。",1;2;50;50;3;2,m/s;米,,,,3m/s;2m/s,,,
gcond_888551d5f89d,gcond_888551d5f89d,gctpl_47c36fe03aad,gsec_f1bf864ef437,qbank_7cb07e6ab374,实操题库_地面站考试条件_2026H1_空域限制或地形限制题型.txt_74,2026H1,2026H1,空域限制或地形限制题型,2026-03-06,广东03考场,空域限制或地形限制题-考试条件提取.docx,75,3,3,1、,coordinate;geometry;takeoff_return,"起飞点经纬度： N:28°39'30” 任务航线示意图： E:115°56'32""",28;39;30;115;56;32,°;度,起飞点,"N:28°39'30”;E:115°56'32""",28°;115°,,,,
gcond_1f460317a538,gcond_1f460317a538,gctpl_2e009277fbd9,gsec_f1bf864ef437,qbank_7cb07e6ab374,实操题库_地面站考试条件_2026H1_空域限制或地形限制题型.txt_74,2026H1,2026H1,空域限制或地形限制题型,2026-03-06,广东03考场,空域限制或地形限制题-考试条件提取.docx,75,4,4,2、,bearing_angle;restriction;geometry;takeoff_return,由于空域限制，飞 机不能由起飞点直飞 任务航线的航点1，需 先向正东方平飞1000 米，再向南平飞500米， 到达任务航线的航点1。,1;1000;500;1,米,起飞点,,,,500米,1000 米;500米,
gcond_9e5fc481a514,gcond_9e5fc481a514,gctpl_beca0474039c,gsec_f1bf864ef437,qbank_7cb07e6ab374,实操题库_地面站考试条件_2026H1_空域限制或地形限制题型.txt_74,2026H1,2026H1,空域限制或地形限制题型,2026-03-06,广东03考场,空域限制或地形限制题-考试条件提取.docx,75,5,5,3、,bearing_angle;geometry,航点1-2航向角45°,1;2;45,°,,,45°,,,,
gcond_74a8cb8837b0,gcond_74a8cb8837b0,gctpl_70a89c8cfb40,gsec_d1c6da48aacb,qbank_7cb07e6ab374,实操题库_地面站考试条件_2026H1_空域限制或地形限制题型.txt_75,2026H1,2026H1,空域限制或地形限制题型,2026-03-06,广东03考场,空域限制或地形限制题-考试条件提取.docx,76,1,1,(一),coordinate;speed_height;turn_hold_loop;bearing_angle;geometry,"与 的相对方位由委任代表根据现场环境等 情况进行决定。规划一个闭合五边形并循环执行，①②边及②③边的边长为a, ∠②=∠④=∠①为90°，航线相对地面高度为b,水平速度为c,垂直速度为d, 转弯模式为停止转弯，各点停留时间为e;",90,°;度,①;②;②;③;②;④;①,,90°,,,,
gcond_1cec530e7af0,gcond_1cec530e7af0,gctpl_9cb928ca6e6c,gsec_d1c6da48aacb,qbank_7cb07e6ab374,实操题库_地面站考试条件_2026H1_空域限制或地形限制题型.txt_75,2026H1,2026H1,空域限制或地形限制题型,2026-03-06,广东03考场,空域限制或地形限制题-考试条件提取.docx,76,2,2,(二),coordinate;speed_height,"a值建议为50米，b值建议为50米，c值建议为3m/s,d值建议 为2m/s,e值建议为10s。",50;50;3;2;10,m/s;s;米,,,,3m/s;2m/s,,,
gcond_d1a40b94ac84,gcond_d1a40b94ac84,gctpl_681e7796f5a7,gsec_d1c6da48aacb,qbank_7cb07e6ab374,实操题库_地面站考试条件_2026H1_空域限制或地形限制题型.txt_75,2026H1,2026H1,空域限制或地形限制题型,2026-03-06,广东03考场,空域限制或地形限制题-考试条件提取.docx,76,3,3,1、,coordinate;takeoff_return,"起飞点经纬度： N:28°39'30"" E:115°56′32”",28;39;30;115;56;32,°;度,起飞点,"N:28°39'30"";E:115°56′32”",28°;115°,,,,
gcond_1214ee6feaf8,gcond_1214ee6feaf8,gctpl_2e009277fbd9,gsec_d1c6da48aacb,qbank_7cb07e6ab374,实操题库_地面站考试条件_2026H1_空域限制或地形限制题型.txt_75,2026H1,2026H1,空域限制或地形限制题型,2026-03-06,广东03考场,空域限制或地形限制题-考试条件提取.docx,76,4,4,2、,bearing_angle;restriction;geometry;takeoff_return,"由于空域限制，飞 机不能由起飞点直飞 任务航线的航点1，需 先向正东方平飞1000 米，再向南平飞500米 ,到达任务航线的航 点1。",1;1000;500;1,米,起飞点,,,,500米,1000 米;500米,
gcond_6448bcf89515,gcond_6448bcf89515,gctpl_38fcf50eb60c,gsec_d1c6da48aacb,qbank_7cb07e6ab374,实操题库_地面站考试条件_2026H1_空域限制或地形限制题型.txt_75,2026H1,2026H1,空域限制或地形限制题型,2026-03-06,广东03考场,空域限制或地形限制题-考试条件提取.docx,76,5,5,3、,bearing_angle;geometry,航点1-2航向角459,1;2;459,,,,,,,,
gcond_62858f79cf28,gcond_62858f79cf28,gctpl_3a5874ca88c1,gsec_ae4af7bf4fa5,qbank_7cb07e6ab374,实操题库_地面站考试条件_2026H1_空域限制或地形限制题型.txt_76,2026H1,2026H1,空域限制或地形限制题型,2026-04-19,北京01考场,空域限制或地形限制题-考试条件提取.docx,77,1,1,(一),coordinate;speed_height;turn_hold_loop;geometry,"规划一个闭合六边形并循环执行，边长为a,①②③航点 相对地面高度为b,④⑤⑥航点相对地面高度为c，水平速度为d，垂 直速度为e,转弯方式为停止转弯，各点停留时间为f；",,度,①;②;③;④;⑤;⑥,,,,,,
gcond_f8dda9ea8b98,gcond_f8dda9ea8b98,gctpl_4d12cd8bf918,gsec_ae4af7bf4fa5,qbank_7cb07e6ab374,实操题库_地面站考试条件_2026H1_空域限制或地形限制题型.txt_76,2026H1,2026H1,空域限制或地形限制题型,2026-04-19,北京01考场,空域限制或地形限制题-考试条件提取.docx,77,2,2,(二),coordinate;speed_height,"a值为300米，b值为30米，c值为25m,d值为4m/s,e 值为2m/s,f值为2s",300;30;25;4;2;2,m;m/s;s;米,,,,4m/s;2m/s,,,
gcond_4520a08055f2,gcond_4520a08055f2,gctpl_d51030e3faa4,gsec_ae4af7bf4fa5,qbank_7cb07e6ab374,实操题库_地面站考试条件_2026H1_空域限制或地形限制题型.txt_76,2026H1,2026H1,空域限制或地形限制题型,2026-04-19,北京01考场,空域限制或地形限制题-考试条件提取.docx,77,3,3,一、,coordinate;takeoff_return,"起飞点经纬度： N:36°08'19” E:114°21'01""",36;08;19;114;21;01,°;度,起飞点,"N:36°08'19”;E:114°21'01""",36°;114°,,,,
gcond_937dfd43f8fc,gcond_937dfd43f8fc,gctpl_08d311f1bcfb,gsec_ae4af7bf4fa5,qbank_7cb07e6ab374,实操题库_地面站考试条件_2026H1_空域限制或地形限制题型.txt_76,2026H1,2026H1,空域限制或地形限制题型,2026-04-19,北京01考场,空域限制或地形限制题-考试条件提取.docx,77,4,4,二、,coordinate;bearing_angle;restriction;geometry;takeoff_return,由于空域限制，飞机 不能由起飞点直飞任务 航线的航点1，需先向NE 方向平飞370米，再向NW 方向平飞560米，到达任 务航线的航点1。,1;370;560;1,米,起飞点,,,,560米,370米;560米,
gcond_01c4b4a49ba6,gcond_01c4b4a49ba6,gctpl_365d2eac5929,gsec_ae4af7bf4fa5,qbank_7cb07e6ab374,实操题库_地面站考试条件_2026H1_空域限制或地形限制题型.txt_76,2026H1,2026H1,空域限制或地形限制题型,2026-04-19,北京01考场,空域限制或地形限制题-考试条件提取.docx,77,5,5,三、,coordinate;bearing_angle;geometry,"当地风向：SE,航点 3→2航向为逆风",3;2,S,3,,,,,,
gcond_59a588d3fb8e,gcond_59a588d3fb8e,gctpl_a5897704705c,gsec_cfa633d2e75c,qbank_7cb07e6ab374,实操题库_地面站考试条件_2026H1_空域限制或地形限制题型.txt_77,2026H1,2026H1,空域限制或地形限制题型,2026-04-19,北京01考场,空域限制或地形限制题-考试条件提取.docx,78,1,1,(一),coordinate;speed_height;turn_hold_loop;geometry,"按图规划一个闭合的任务航线并循环执行，①③、②③、 ②④、①④边长为300米，①点相对地面高度为a,②点相对地面高度 为b,③点相对地面高度为c,④点相对地面高度为d,水平速度为e, 垂直速度为f，转弯模式为停止转弯，停留时间2s；",300;2,s;度;米,①;③;②;③;②;④;①;④;①;②;③;④,,,,300米,300米,
gcond_1d7c40bbdfd0,gcond_1d7c40bbdfd0,gctpl_ef11846ede82,gsec_cfa633d2e75c,qbank_7cb07e6ab374,实操题库_地面站考试条件_2026H1_空域限制或地形限制题型.txt_77,2026H1,2026H1,空域限制或地形限制题型,2026-04-19,北京01考场,空域限制或地形限制题-考试条件提取.docx,78,2,2,(二),coordinate;speed_height,"a值为20米，b值为25米，c值为30m,d值为20m, e值为2m/s,f值为2m/s。",20;25;30;20;2;2,m;m/s;米,,,,2m/s;2m/s,,,
gcond_f87f44f2a462,gcond_f87f44f2a462,gctpl_adb2afbe7187,gsec_cfa633d2e75c,qbank_7cb07e6ab374,实操题库_地面站考试条件_2026H1_空域限制或地形限制题型.txt_77,2026H1,2026H1,空域限制或地形限制题型,2026-04-19,北京01考场,空域限制或地形限制题-考试条件提取.docx,78,3,3,一、,coordinate;takeoff_return,起飞点经纬度： N:36.2547° E:114.4306°,36.2547;114.4306,°;度,起飞点,N:36.2547;E:114.4306,36.2547°;114.4306°,,,,
gcond_3b948632078d,gcond_3b948632078d,gctpl_aed2eb2d1467,gsec_cfa633d2e75c,qbank_7cb07e6ab374,实操题库_地面站考试条件_2026H1_空域限制或地形限制题型.txt_77,2026H1,2026H1,空域限制或地形限制题型,2026-04-19,北京01考场,空域限制或地形限制题-考试条件提取.docx,78,4,4,二、,coordinate;bearing_angle;restriction;geometry;takeoff_return,由于空域限制，飞机 不能由起飞点直飞任务 航线的航点1，需先向NW 方向平飞560米，再向NE 方向平飞630米，到达任 务航线的航点1。,1;560;630;1,米,起飞点,,,,630米,560米;630米,
gcond_2f8dda9cdbf1,gcond_2f8dda9cdbf1,gctpl_365d2eac5929,gsec_cfa633d2e75c,qbank_7cb07e6ab374,实操题库_地面站考试条件_2026H1_空域限制或地形限制题型.txt_77,2026H1,2026H1,空域限制或地形限制题型,2026-04-19,北京01考场,空域限制或地形限制题-考试条件提取.docx,78,5,5,三、,coordinate;bearing_angle;geometry,"当地风向：SE,航点 3→2航向为逆风",3;2,S,3,,,,,,
gcond_a90430fb0517,gcond_a90430fb0517,gctpl_025ff86e1821,gsec_0b4380bc5197,qbank_7cb07e6ab374,实操题库_地面站考试条件_2026H1_空域限制或地形限制题型.txt_78,2026H1,2026H1,空域限制或地形限制题型,2026-04-20,山东04考场,空域限制或地形限制题-考试条件提取.docx,79,1,1,(一),coordinate;speed_height;turn_hold_loop;geometry,"按图规划一个闭合的任务航线不循环执行，①③、②③、 ②④、①④边长为300米，①点相对地面高度为a,②点相对地面高 度为b，③点相对地面高度为c，④点相对地面高度为d，水平速 度为e，垂直速度为f，转弯模式为停止转弯，停留时间9s;",300;9,s;度;米,①;③;②;③;②;④;①;④;①;②;③;④,,,,300米,300米,
gcond_77e05f4c9fd3,gcond_77e05f4c9fd3,gctpl_7c4d1e8d4865,gsec_0b4380bc5197,qbank_7cb07e6ab374,实操题库_地面站考试条件_2026H1_空域限制或地形限制题型.txt_78,2026H1,2026H1,空域限制或地形限制题型,2026-04-20,山东04考场,空域限制或地形限制题-考试条件提取.docx,79,2,2,(二),coordinate;speed_height,"a值为22米，b值为26米，c值为28m,d值为30m, e值为9m/s,f值为4m/s。",22;26;28;30;9;4,m;m/s;米,,,,9m/s;4m/s,,,
gcond_13e233dba911,gcond_13e233dba911,gctpl_3ec45af7a0b8,gsec_0b4380bc5197,qbank_7cb07e6ab374,实操题库_地面站考试条件_2026H1_空域限制或地形限制题型.txt_78,2026H1,2026H1,空域限制或地形限制题型,2026-04-20,山东04考场,空域限制或地形限制题-考试条件提取.docx,79,3,3,一、,coordinate;takeoff_return,起飞点经纬度： N:28°09'10” E:115°26′52”,28;09;10;115;26;52,°;度,起飞点,N:28°09'10”;E:115°26′52”,28°;115°,,,,
gcond_47ca81394fb0,gcond_47ca81394fb0,gctpl_1a079866ea70,gsec_0b4380bc5197,qbank_7cb07e6ab374,实操题库_地面站考试条件_2026H1_空域限制或地形限制题型.txt_78,2026H1,2026H1,空域限制或地形限制题型,2026-04-20,山东04考场,空域限制或地形限制题-考试条件提取.docx,79,4,4,二：,restriction;geometry;takeoff_return,由于空域限制，飞机不 能由起飞点直飞任务航线的 航点1，需由起飞点起飞先向 东南方向平飞1600米，再向 西南方向平飞700米，到达任 务航线的航点1。,1;1600;700;1,米,起飞点;起飞点,,,,700米,1600米;700米,
gcond_128ebae7ddf6,gcond_128ebae7ddf6,gctpl_9b9026151265,gsec_0b4380bc5197,qbank_7cb07e6ab374,实操题库_地面站考试条件_2026H1_空域限制或地形限制题型.txt_78,2026H1,2026H1,空域限制或地形限制题型,2026-04-20,山东04考场,空域限制或地形限制题-考试条件提取.docx,79,5,5,三：,bearing_angle;geometry,如图所示任务航点1到2 航向西偏南25°,1;2;25,°,,,25°,,,,
gcond_83c44686fe75,gcond_83c44686fe75,gctpl_e9c23db61c0c,gsec_27605ef4849c,qbank_7cb07e6ab374,实操题库_地面站考试条件_2026H1_空域限制或地形限制题型.txt_79,2026H1,2026H1,空域限制或地形限制题型,2026-04-21,广东01考场,空域限制或地形限制题-考试条件提取.docx,80,1,1,(一),speed_height;turn_hold_loop;bearing_angle;geometry,规划一个闭合等腰直角三角形，闭合点高度与①号点保持一致，不 循环执行，①②边长为a1，①③边长为a2，∠①为直角，航点①点相对地 面高度为a2，②点相对地面高度为b，垂直速度为d，转弯方式为停止转 弯，停留时间5S;,1;2;2;5,S;度,①;①;②;①;③;①;航点①;②,,,,,,
gcond_6c00d568cbf0,gcond_6c00d568cbf0,gctpl_12b864817939,gsec_27605ef4849c,qbank_7cb07e6ab374,实操题库_地面站考试条件_2026H1_空域限制或地形限制题型.txt_79,2026H1,2026H1,空域限制或地形限制题型,2026-04-21,广东01考场,空域限制或地形限制题-考试条件提取.docx,80,2,2,(二),speed_height,"a1、a2值为50米，b值为50米，c水平速度为3ms,d值为2m/s。",1;2;50;50;3;2,m;m/s;s;度;米,,,,3ms;2m/s,,,
gcond_ab55c875a812,gcond_ab55c875a812,gctpl_ba5eb3dc33a6,gsec_27605ef4849c,qbank_7cb07e6ab374,实操题库_地面站考试条件_2026H1_空域限制或地形限制题型.txt_79,2026H1,2026H1,空域限制或地形限制题型,2026-04-21,广东01考场,空域限制或地形限制题-考试条件提取.docx,80,3,3,一、,coordinate;takeoff_return,"起飞点经纬度： 3 N:22°19'03"" E:114°1602""",3;22;19;03;114;1602,°;度,起飞点;3,"N:22°19'03"";E:114°1602""",22°;114°,,,,
gcond_8c54d18eed0d,gcond_8c54d18eed0d,gctpl_3aa041bfeedb,gsec_27605ef4849c,qbank_7cb07e6ab374,实操题库_地面站考试条件_2026H1_空域限制或地形限制题型.txt_79,2026H1,2026H1,空域限制或地形限制题型,2026-04-21,广东01考场,空域限制或地形限制题-考试条件提取.docx,80,4,4,二、,coordinate;bearing_angle;restriction;geometry;takeoff_return,由于空域限制， 飞机不能由起飞点直 飞任务航线的航点1， 需先向NE方向平飞 1000米，再向SE方向 平飞500米，到达任务 航线的航点1。,1;1000;500;1,S;米,起飞点,,,,500米,1000米;500米,
gcond_ca645589d9b8,gcond_ca645589d9b8,gctpl_0c462966f7a4,gsec_27605ef4849c,qbank_7cb07e6ab374,实操题库_地面站考试条件_2026H1_空域限制或地形限制题型.txt_79,2026H1,2026H1,空域限制或地形限制题型,2026-04-21,广东01考场,空域限制或地形限制题-考试条件提取.docx,80,5,5,三、,bearing_angle;geometry,航点3-2航向角为 南偏东25°,3;2;25,°,,,25°,,,,
gcond_959afb2413c3,gcond_959afb2413c3,gctpl_025ff86e1821,gsec_724e3e3d459a,qbank_7cb07e6ab374,实操题库_地面站考试条件_2026H1_空域限制或地形限制题型.txt_80,2026H1,2026H1,空域限制或地形限制题型,2026-04-21,广东01考场,空域限制或地形限制题-考试条件提取.docx,81,1,1,(一),coordinate;speed_height;turn_hold_loop;geometry,"按图规划一个闭合的任务航线不循环执行，①③、②③、 ②④、①④边长为300米，①点相对地面高度为a，②点相对地面高 度为b,③点相对地面高度为c，④点相对地面高度为d，水平速 度为e，垂直速度为f，转弯模式为停止转弯，停留时间9s;",300;9,s;度;米,①;③;②;③;②;④;①;④;①;②;③;④,,,,300米,300米,
gcond_9aa2f53e3850,gcond_9aa2f53e3850,gctpl_7c4d1e8d4865,gsec_724e3e3d459a,qbank_7cb07e6ab374,实操题库_地面站考试条件_2026H1_空域限制或地形限制题型.txt_80,2026H1,2026H1,空域限制或地形限制题型,2026-04-21,广东01考场,空域限制或地形限制题-考试条件提取.docx,81,2,2,(二),coordinate;speed_height,"a值为22米，b值为26米，c值为28m,d值为30m, e值为9m/s,f值为4m/s。",22;26;28;30;9;4,m;m/s;米,,,,9m/s;4m/s,,,
gcond_a11fa3914024,gcond_a11fa3914024,gctpl_e0bc960ba09e,gsec_724e3e3d459a,qbank_7cb07e6ab374,实操题库_地面站考试条件_2026H1_空域限制或地形限制题型.txt_80,2026H1,2026H1,空域限制或地形限制题型,2026-04-21,广东01考场,空域限制或地形限制题-考试条件提取.docx,81,3,3,一、,coordinate;takeoff_return,起飞点经纬度： N:28°09′10” E:115°26'52”,28;09;10;115;26;52,°;度,起飞点,N:28°09′10”;E:115°26'52”,28°;115°,,,,
gcond_dd1e048e795e,gcond_dd1e048e795e,gctpl_1a079866ea70,gsec_724e3e3d459a,qbank_7cb07e6ab374,实操题库_地面站考试条件_2026H1_空域限制或地形限制题型.txt_80,2026H1,2026H1,空域限制或地形限制题型,2026-04-21,广东01考场,空域限制或地形限制题-考试条件提取.docx,81,4,4,二、,restriction;geometry;takeoff_return,由于空域限制，飞机不 能由起飞点直飞任务航线的 航点1，需由起飞点起飞先向 东南方向平飞1600米，再向 西南方向平飞700米，到达 任务航线的航点1。,1;1600;700;1,米,起飞点;起飞点,,,,700米,1600米;700米,
gcond_8446cab8ba72,gcond_8446cab8ba72,gctpl_26c578189e3b,gsec_724e3e3d459a,qbank_7cb07e6ab374,实操题库_地面站考试条件_2026H1_空域限制或地形限制题型.txt_80,2026H1,2026H1,空域限制或地形限制题型,2026-04-21,广东01考场,空域限制或地形限制题-考试条件提取.docx,81,5,5,三、,bearing_angle;geometry,如图所以任务航点1到2 航向西偏南25度,1;2;25,度,,,西偏南25度,,,,ocr_possible_typo
gcond_70868b7a2bfc,gcond_70868b7a2bfc,gctpl_54995fc992b0,gsec_a151f5e36e64,qbank_7cb07e6ab374,实操题库_地面站考试条件_2026H1_空域限制或地形限制题型.txt_81,2026H1,2026H1,空域限制或地形限制题型,2026-04-21,广东01考场,空域限制或地形限制题-考试条件提取.docx,82,1,1,(一),coordinate;speed_height;turn_hold_loop;geometry,"按图规划一个闭合的任务航线不循环执行，闭合点高度 与①号点保持一致，①③、②③、②④、①④边长为300米，①点相 对地面高度为a，②点相对地面高度为b，③点相对地面高度为c, ④点相对地面高度为d，水平速度为e，垂直速度为f，转弯模式 为停止转弯，停留时间9s；",300;9,s;度;米,①;①;③;②;③;②;④;①;④;①;②;③;④,,,,300米,300米,
gcond_72d16243aad5,gcond_72d16243aad5,gctpl_f46358155522,gsec_a151f5e36e64,qbank_7cb07e6ab374,实操题库_地面站考试条件_2026H1_空域限制或地形限制题型.txt_81,2026H1,2026H1,空域限制或地形限制题型,2026-04-21,广东01考场,空域限制或地形限制题-考试条件提取.docx,82,2,2,(二),coordinate;speed_height,"a值为30米，b值为35米，c值为40m,d值为25m, e值为2m/s,f值为2m/s。",30;35;40;25;2;2,m;m/s;米,,,,2m/s;2m/s,,,
gcond_ce796e35a206,gcond_ce796e35a206,gctpl_3d7c626efc1b,gsec_a151f5e36e64,qbank_7cb07e6ab374,实操题库_地面站考试条件_2026H1_空域限制或地形限制题型.txt_81,2026H1,2026H1,空域限制或地形限制题型,2026-04-21,广东01考场,空域限制或地形限制题-考试条件提取.docx,82,3,3,一、,coordinate;takeoff_return,"起飞点经纬度： N:22°09'10"" E:114°26'52""",22;09;10;114;26;52,°;度,起飞点,"N:22°09'10"";E:114°26'52""",22°;114°,,,,
gcond_7f7193d6f3be,gcond_7f7193d6f3be,gctpl_8548cfe8813f,gsec_a151f5e36e64,qbank_7cb07e6ab374,实操题库_地面站考试条件_2026H1_空域限制或地形限制题型.txt_81,2026H1,2026H1,空域限制或地形限制题型,2026-04-21,广东01考场,空域限制或地形限制题-考试条件提取.docx,82,4,4,二、,restriction;geometry;takeoff_return,由于空域限制，飞机不 能由起飞点直飞任务航线的 航点1，需由起飞点起飞先向 南方向平飞1000米，再向东 方向平飞300米，到达任务航 线的航点1。,1;1000;300;1,米,起飞点;起飞点,,,,,1000米;300米,
gcond_66f8747122fd,gcond_66f8747122fd,gctpl_c575236181a3,gsec_a151f5e36e64,qbank_7cb07e6ab374,实操题库_地面站考试条件_2026H1_空域限制或地形限制题型.txt_81,2026H1,2026H1,空域限制或地形限制题型,2026-04-21,广东01考场,空域限制或地形限制题-考试条件提取.docx,82,5,5,三、,bearing_angle;geometry,如图所以任务航点4到3 航向角105°,4;3;105,°,,,105°,,,,ocr_possible_typo
gcond_112d4acd7796,gcond_112d4acd7796,gctpl_e5f28e247271,gsec_538b66734762,qbank_7cb07e6ab374,实操题库_地面站考试条件_2026H1_空域限制或地形限制题型.txt_82,2026H1,2026H1,空域限制或地形限制题型,2026-04-21,山西01考场,空域限制或地形限制题-考试条件提取.docx,83,1,1,(一),speed_height;turn_hold_loop;bearing_angle;geometry,"与 的相对方位由委任代表根据现场环境 等情况进行决定。规划一个等边三角形不循环，边长为a，所有航线相对地面 高度为b,水平速度为c,垂直速度为d，转弯方式为停止转弯，停留时间5s;",5,s;度,,,,,,,
gcond_748de98c0356,gcond_748de98c0356,gctpl_401b1e1c6d37,gsec_538b66734762,qbank_7cb07e6ab374,实操题库_地面站考试条件_2026H1_空域限制或地形限制题型.txt_82,2026H1,2026H1,空域限制或地形限制题型,2026-04-21,山西01考场,空域限制或地形限制题-考试条件提取.docx,83,2,2,(二),speed_height,"a值为50米，b值为50米，c值为3m/s,d值为2m/s。",50;50;3;2,m/s;米,,,,3m/s;2m/s,,,
gcond_65be8ece68d0,gcond_65be8ece68d0,gctpl_e643917c978a,gsec_538b66734762,qbank_7cb07e6ab374,实操题库_地面站考试条件_2026H1_空域限制或地形限制题型.txt_82,2026H1,2026H1,空域限制或地形限制题型,2026-04-21,山西01考场,空域限制或地形限制题-考试条件提取.docx,83,3,3,1、,coordinate;takeoff_return,起飞点经纬度： N:25°18′36.36” E:113°12'39.6”,25;18;36.36;113;12;39.6,°;度,起飞点;6,N:25°18′36;E:113°12'39,25°;113°,,,,
gcond_701e65267f22,gcond_701e65267f22,gctpl_4832041ab031,gsec_538b66734762,qbank_7cb07e6ab374,实操题库_地面站考试条件_2026H1_空域限制或地形限制题型.txt_82,2026H1,2026H1,空域限制或地形限制题型,2026-04-21,山西01考场,空域限制或地形限制题-考试条件提取.docx,83,4,4,2、,bearing_angle;restriction;geometry;takeoff_return,由于空域限制，飞 机不能由起飞点直飞 任务航线的航点1，需 先向SW方向平飞1000米 再向北偏西60°方 向平飞500米，到达任 务航线的航点1。,1;1000;60;500;1,S;°;米,起飞点,,60°,,500米,1000米;500米,
gcond_4032273c985b,gcond_4032273c985b,gctpl_e59a74a98fdd,gsec_538b66734762,qbank_7cb07e6ab374,实操题库_地面站考试条件_2026H1_空域限制或地形限制题型.txt_82,2026H1,2026H1,空域限制或地形限制题型,2026-04-21,山西01考场,空域限制或地形限制题-考试条件提取.docx,83,5,5,3、,bearing_angle,2-1航向为135°,2;1;135,°,2,,135°,,,,
gcond_0ced692e348c,gcond_0ced692e348c,gctpl_080c49eab36e,gsec_bba1ac60c485,qbank_7cb07e6ab374,实操题库_地面站考试条件_2026H1_空域限制或地形限制题型.txt_83,2026H1,2026H1,空域限制或地形限制题型,2026-04-21,山西01考场,空域限制或地形限制题-考试条件提取.docx,84,1,1,(一),coordinate;speed_height;turn_hold_loop;bearing_angle;geometry,"与 的相对方位由委任代表根 据现场环境等情况进行决定。按图规划一个闭合的任务航线不循环 执行，①③、②③、②④、①④边长为300米，①点相对地面高度为 a,②点相对地面高度为b,③点相对地面高度为c，④点相对地面 高度为d，水平速度为e，垂直速度为f，转弯模式为停止转弯， 停留时间2s；",300;2,s;度;米,①;③;②;③;②;④;①;④;①;②;③;④,,,,300米,300米,
gcond_f960864edd1a,gcond_f960864edd1a,gctpl_aef5ab1630be,gsec_bba1ac60c485,qbank_7cb07e6ab374,实操题库_地面站考试条件_2026H1_空域限制或地形限制题型.txt_83,2026H1,2026H1,空域限制或地形限制题型,2026-04-21,山西01考场,空域限制或地形限制题-考试条件提取.docx,84,2,2,(二),coordinate;speed_height,"a值为20米，b值为25米，c值为30m,d值为20m, e值为2m/s,f值为2m/so",20;25;30;20;2;2,m;m/s;米,,,,2m/s;2m/s,,,
gcond_f23cf1080e39,gcond_f23cf1080e39,gctpl_40323876b681,gsec_bba1ac60c485,qbank_7cb07e6ab374,实操题库_地面站考试条件_2026H1_空域限制或地形限制题型.txt_83,2026H1,2026H1,空域限制或地形限制题型,2026-04-21,山西01考场,空域限制或地形限制题-考试条件提取.docx,84,3,3,1、,coordinate;takeoff_return,"起飞点经纬度： N:25°29'37.47"" E:105°48′32”",25;29;37.47;105;48;32,°;度,起飞点,N:25°29'37;E:105°48′32”,25°;105°,,,,
gcond_7df8997052a5,gcond_7df8997052a5,gctpl_9e80c4c397cf,gsec_bba1ac60c485,qbank_7cb07e6ab374,实操题库_地面站考试条件_2026H1_空域限制或地形限制题型.txt_83,2026H1,2026H1,空域限制或地形限制题型,2026-04-21,山西01考场,空域限制或地形限制题-考试条件提取.docx,84,4,4,2、,restriction;geometry;takeoff_return,由于空域限制，飞机 不能由起飞点直飞任务 航线的航点1，需由起飞 点起飞先向东偏南10° 方向平飞1200米，再向 西南方向平飞500米，到 达任务航线的航点1。,1;10;1200;500;1,°;米,起飞点,,10°,,500米,1200米;500米,
gcond_b1416efd6689,gcond_b1416efd6689,gctpl_1510cd429bbf,gsec_bba1ac60c485,qbank_7cb07e6ab374,实操题库_地面站考试条件_2026H1_空域限制或地形限制题型.txt_83,2026H1,2026H1,空域限制或地形限制题型,2026-04-21,山西01考场,空域限制或地形限制题-考试条件提取.docx,84,5,5,3、,bearing_angle;geometry,如图所示任务航点3 4航向角225°,3;4;225,°,,,225°,,,,
gcond_b8dad264c9ad,gcond_b8dad264c9ad,gctpl_9d72f0b410a1,gsec_02ff0ad59a23,qbank_7cb07e6ab374,实操题库_地面站考试条件_2026H1_空域限制或地形限制题型.txt_84,2026H1,2026H1,空域限制或地形限制题型,2026-04-22,云南01考场,空域限制或地形限制题-考试条件提取.docx,85,1,1,(一),speed_height;turn_hold_loop;bearing_angle;geometry,"与 的相对方位由委任代表根据 现场环境等情况进行决定。于起飞前规划一个等腰直角三角形并 循环执行，①②边长为a1,①③边长为a2,∠①为直角，航线相对 地面高度b,水平速度为c，垂直速度为d，转弯方式为停止转弯， 停留时间不要求；",1;2,度,①;②;①;③;①,,,,,,
gcond_b7fc4e5ebe1d,gcond_b7fc4e5ebe1d,gctpl_167159c678a0,gsec_02ff0ad59a23,qbank_7cb07e6ab374,实操题库_地面站考试条件_2026H1_空域限制或地形限制题型.txt_84,2026H1,2026H1,空域限制或地形限制题型,2026-04-22,云南01考场,空域限制或地形限制题-考试条件提取.docx,85,2,2,(二),speed_height;bearing_angle,"a1、a2值建议为30米，b值建议为30米，c值建议 为3m/s,d值建议为1m/s。(航线方位及各数值可由委任代表按实 际情况进行调整，考题以委任代表规定数值为准)",1;2;30;30;3;1,m/s;米,,,,3m/s;1m/s,,,
gcond_b6f406d5bf18,gcond_b6f406d5bf18,gctpl_c9081e7f5612,gsec_02ff0ad59a23,qbank_7cb07e6ab374,实操题库_地面站考试条件_2026H1_空域限制或地形限制题型.txt_84,2026H1,2026H1,空域限制或地形限制题型,2026-04-22,云南01考场,空域限制或地形限制题-考试条件提取.docx,85,3,3,1、,restriction,由于空域限制，无人 机需先向东北方向平飞 300米，再向西北方向 平飞600米，到达①点,300;600,米,①,,,,,300米;600米,
gcond_a39499b9311f,gcond_a39499b9311f,gctpl_bb597341a5cc,gsec_02ff0ad59a23,qbank_7cb07e6ab374,实操题库_地面站考试条件_2026H1_空域限制或地形限制题型.txt_84,2026H1,2026H1,空域限制或地形限制题型,2026-04-22,云南01考场,空域限制或地形限制题-考试条件提取.docx,85,4,4,2、,bearing_angle;geometry,③-②航点航向为 西南方向,,,③;②,,,,,,
gcond_03954c5a2f49,gcond_03954c5a2f49,gctpl_f0f125bca1d7,gsec_02ff0ad59a23,qbank_7cb07e6ab374,实操题库_地面站考试条件_2026H1_空域限制或地形限制题型.txt_84,2026H1,2026H1,空域限制或地形限制题型,2026-04-22,云南01考场,空域限制或地形限制题-考试条件提取.docx,85,5,5,3、,coordinate;takeoff_return,起飞点经纬度： N:40°21'33” E:130°21'33”,40;21;33;130;21;33,°;度,起飞点,N:40°21'33”;E:130°21'33”,40°;130°,,,,
gcond_80533435142d,gcond_80533435142d,gctpl_93b4eda8329a,gsec_02ff0ad59a23,qbank_7cb07e6ab374,实操题库_地面站考试条件_2026H1_空域限制或地形限制题型.txt_84,2026H1,2026H1,空域限制或地形限制题型,2026-04-22,云南01考场,空域限制或地形限制题-考试条件提取.docx,85,6,6,4、,speed_height;geometry,"②③航点高度101m, 其余高88m",101;88,m;度,②;③,,,,101m;88m,,
gcond_4f5c4240e542,gcond_4f5c4240e542,gctpl_cf9d7c79344a,gsec_02ff0ad59a23,qbank_7cb07e6ab374,实操题库_地面站考试条件_2026H1_空域限制或地形限制题型.txt_84,2026H1,2026H1,空域限制或地形限制题型,2026-04-22,云南01考场,空域限制或地形限制题-考试条件提取.docx,85,7,7,5、,turn_hold_loop,协调转弯，闭合航线， 循环4次,4,,,,,,,,
gcond_dceb1555ed32,gcond_dceb1555ed32,gctpl_9d72f0b410a1,gsec_ecf377763ec2,qbank_7cb07e6ab374,实操题库_地面站考试条件_2026H1_空域限制或地形限制题型.txt_85,2026H1,2026H1,空域限制或地形限制题型,2026-04-22,云南01考场,空域限制或地形限制题-考试条件提取.docx,86,1,1,(一),speed_height;turn_hold_loop;bearing_angle;geometry,"与 的相对方位由委任代表根据 现场环境等情况进行决定。于起飞前规划一个等腰直角三角形并 循环执行，①②边长为a1,①③边长为a2,∠①为直角，航线相对 地面高度b,水平速度为c，垂直速度为d，转弯方式为停止转弯， 停留时间不要求；",1;2,度,①;②;①;③;①,,,,,,
gcond_9041d6aa4aff,gcond_9041d6aa4aff,gctpl_167159c678a0,gsec_ecf377763ec2,qbank_7cb07e6ab374,实操题库_地面站考试条件_2026H1_空域限制或地形限制题型.txt_85,2026H1,2026H1,空域限制或地形限制题型,2026-04-22,云南01考场,空域限制或地形限制题-考试条件提取.docx,86,2,2,(二),speed_height;bearing_angle,"a1、a2值建议为30米，b值建议为30米，c值建议 为3m/s,d值建议为1m/s。(航线方位及各数值可由委任代表按实 际情况进行调整，考题以委任代表规定数值为准)",1;2;30;30;3;1,m/s;米,,,,3m/s;1m/s,,,
gcond_bcb90358f57d,gcond_bcb90358f57d,gctpl_bceaf53aa835,gsec_ecf377763ec2,qbank_7cb07e6ab374,实操题库_地面站考试条件_2026H1_空域限制或地形限制题型.txt_85,2026H1,2026H1,空域限制或地形限制题型,2026-04-22,云南01考场,空域限制或地形限制题-考试条件提取.docx,86,3,3,1、,restriction,由于空域限制，飞 机需先向东北方向平飞 机需先向东北方向平飞 160米，再向西北方向 100米，再向西北方向 平飞202米，到达①点,160;100;202,米,①,,,,,160米;100米;202米,
gcond_b280cd6d1fdd,gcond_b280cd6d1fdd,gctpl_72660195fd5c,gsec_ecf377763ec2,qbank_7cb07e6ab374,实操题库_地面站考试条件_2026H1_空域限制或地形限制题型.txt_85,2026H1,2026H1,空域限制或地形限制题型,2026-04-22,云南01考场,空域限制或地形限制题-考试条件提取.docx,86,4,4,2、,bearing_angle;geometry,③-②航点航向为东北方向,,,③;②,,,,,,
gcond_afd8bbc3c8ef,gcond_afd8bbc3c8ef,gctpl_1c8da89c8bbb,gsec_ecf377763ec2,qbank_7cb07e6ab374,实操题库_地面站考试条件_2026H1_空域限制或地形限制题型.txt_85,2026H1,2026H1,空域限制或地形限制题型,2026-04-22,云南01考场,空域限制或地形限制题-考试条件提取.docx,86,5,5,3、,coordinate;takeoff_return,"起飞点经纬度： N:30°23′45"" E:100°22'33""",30;23;45;100;22;33,°;度,起飞点,"N:30°23′45"";E:100°22'33""",30°;100°,,,,
gcond_970e5c88c7ba,gcond_970e5c88c7ba,gctpl_f109503c41f2,gsec_ecf377763ec2,qbank_7cb07e6ab374,实操题库_地面站考试条件_2026H1_空域限制或地形限制题型.txt_85,2026H1,2026H1,空域限制或地形限制题型,2026-04-22,云南01考场,空域限制或地形限制题-考试条件提取.docx,86,6,6,4、,turn_hold_loop,闭合航线，循环4次,4,,,,,,,,
gcond_6c0d12a6e85d,gcond_6c0d12a6e85d,gctpl_590edeaf57b4,gsec_e62df894ebdf,qbank_7cb07e6ab374,实操题库_地面站考试条件_2026H1_空域限制或地形限制题型.txt_86,2026H1,2026H1,空域限制或地形限制题型,2026-04-22,云南01考场,空域限制或地形限制题-考试条件提取.docx,87,1,1,(一),coordinate;speed_height;turn_hold_loop;bearing_angle;geometry;takeoff_return,"与 的相对方位由委任代表根据 现场环境等情况进行决定。于起飞点前规划一个六边形并循环执行， 边长为a，①②③航点相对地面高度为b,④⑤⑥航点相对地面高度 为c,水平速度为d,垂直速度为e,转弯方式为停止转弯，各点停 留时间为f;",,度,起飞点;①;②;③;④;⑤;⑥,,,,,,
gcond_173b2dd79ac4,gcond_173b2dd79ac4,gctpl_43beae539f4c,gsec_e62df894ebdf,qbank_7cb07e6ab374,实操题库_地面站考试条件_2026H1_空域限制或地形限制题型.txt_86,2026H1,2026H1,空域限制或地形限制题型,2026-04-22,云南01考场,空域限制或地形限制题-考试条件提取.docx,87,2,2,(二),coordinate;speed_height;bearing_angle,"a值为建议30米（误差≤±3米），b值建议为25米， c值建议为30m,d值建议为2m/s,e值建议为1m/s,f值建议为 2s。(航线方位及各数值可由委任代表按实际情况进行调整，考题以 委任代表规定数值为准)",30;3;25;30;2;1;2,m;m/s;s;米,,,,2m/s;1m/s,,,
gcond_d586c853548c,gcond_d586c853548c,gctpl_5425f2c845b5,gsec_e62df894ebdf,qbank_7cb07e6ab374,实操题库_地面站考试条件_2026H1_空域限制或地形限制题型.txt_86,2026H1,2026H1,空域限制或地形限制题型,2026-04-22,云南01考场,空域限制或地形限制题-考试条件提取.docx,87,3,3,1、,restriction,由于空域限制，飞 机需先向东北方向平飞 160米，再向西北方向 平飞202米，到达①点,160;202,米,①,,,,,160米;202米,
gcond_fca098ddc669,gcond_fca098ddc669,gctpl_72660195fd5c,gsec_e62df894ebdf,qbank_7cb07e6ab374,实操题库_地面站考试条件_2026H1_空域限制或地形限制题型.txt_86,2026H1,2026H1,空域限制或地形限制题型,2026-04-22,云南01考场,空域限制或地形限制题-考试条件提取.docx,87,4,4,2、,bearing_angle;geometry,③-②航点航向为 东北方向,,,③;②,,,,,,
gcond_8574cb148d2d,gcond_8574cb148d2d,gctpl_948026e92926,gsec_e62df894ebdf,qbank_7cb07e6ab374,实操题库_地面站考试条件_2026H1_空域限制或地形限制题型.txt_86,2026H1,2026H1,空域限制或地形限制题型,2026-04-22,云南01考场,空域限制或地形限制题-考试条件提取.docx,87,5,5,3、,coordinate;takeoff_return,"起飞点经纬度： N:30°23'45” E:100°22'33""",30;23;45;100;22;33,°;度,起飞点,"N:30°23'45”;E:100°22'33""",30°;100°,,,,
gcond_23b32be1d4bb,gcond_23b32be1d4bb,gctpl_f109503c41f2,gsec_e62df894ebdf,qbank_7cb07e6ab374,实操题库_地面站考试条件_2026H1_空域限制或地形限制题型.txt_86,2026H1,2026H1,空域限制或地形限制题型,2026-04-22,云南01考场,空域限制或地形限制题-考试条件提取.docx,87,6,6,4、,turn_hold_loop,闭合航线，循环4次,4,,,,,,,,
gcond_ad613a7699c5,gcond_ad613a7699c5,gctpl_44a43cc6e3d6,gsec_c3abc195cd8b,qbank_7cb07e6ab374,实操题库_地面站考试条件_2026H1_空域限制或地形限制题型.txt_87,2026H1,2026H1,空域限制或地形限制题型,2026-04-22,云南01考场,空域限制或地形限制题-考试条件提取.docx,88,1,1,(一),coordinate;speed_height;turn_hold_loop;bearing_angle;takeoff_return,"与 的相对方位由委任代表根据 现场环境等情况进行决定。按图于起飞点前规划扫描航线。航线长度 为a,航线间隔为b,航线相对地面高度为c,水平速度为d,垂直 速度为e，转弯模式为停止转弯，停留时间不作要求；",,度,起飞点,,,,,,
gcond_7c5d76ffd577,gcond_7c5d76ffd577,gctpl_2c73db77e877,gsec_c3abc195cd8b,qbank_7cb07e6ab374,实操题库_地面站考试条件_2026H1_空域限制或地形限制题型.txt_87,2026H1,2026H1,空域限制或地形限制题型,2026-04-22,云南01考场,空域限制或地形限制题-考试条件提取.docx,88,2,2,(二),coordinate;speed_height;bearing_angle,"a值建议为30米（误差≤±3米），b值建议为10米， (误差≤±1米)，c建议为30m,d值建议为3m/s。e值建议 为1m/s。(航线方位及各数值可由委任代表按实际情况进行调整， 考题以委任代表规定数值为准)",30;3;10;1;30;3;1,m;m/s;米,,,,3m/s;1m/s,,,
gcond_027f791ca62e,gcond_027f791ca62e,gctpl_fbe5ce2b9db7,gsec_c3abc195cd8b,qbank_7cb07e6ab374,实操题库_地面站考试条件_2026H1_空域限制或地形限制题型.txt_87,2026H1,2026H1,空域限制或地形限制题型,2026-04-22,云南01考场,空域限制或地形限制题-考试条件提取.docx,88,3,3,1、,restriction,由于空域限制，飞 机需先向东北方向平飞 机需先向东北方向平飞100米，再向西北方向 200米，到达①点,100;200,米,①,,,,,100米;200米,
gcond_c130dd05697f,gcond_c130dd05697f,gctpl_d036853d299d,gsec_c3abc195cd8b,qbank_7cb07e6ab374,实操题库_地面站考试条件_2026H1_空域限制或地形限制题型.txt_87,2026H1,2026H1,空域限制或地形限制题型,2026-04-22,云南01考场,空域限制或地形限制题-考试条件提取.docx,88,4,4,2、,bearing_angle;geometry,①-②航点航向为 西北方向,,,①;②,,,,,,
gcond_c47bf517fcad,gcond_c47bf517fcad,gctpl_7924b84c56d0,gsec_c3abc195cd8b,qbank_7cb07e6ab374,实操题库_地面站考试条件_2026H1_空域限制或地形限制题型.txt_87,2026H1,2026H1,空域限制或地形限制题型,2026-04-22,云南01考场,空域限制或地形限制题-考试条件提取.docx,88,5,5,3、,coordinate;takeoff_return,起飞点经纬度： N:40°12'45 E:130°21'33”,40;12;45;130;21;33,°;度,起飞点,N:40°12'45;E:130°21'33”,40°;130°,,,,
gcond_b51887694298,gcond_b51887694298,gctpl_0f20bdaa12ef,gsec_c3abc195cd8b,qbank_7cb07e6ab374,实操题库_地面站考试条件_2026H1_空域限制或地形限制题型.txt_87,2026H1,2026H1,空域限制或地形限制题型,2026-04-22,云南01考场,空域限制或地形限制题-考试条件提取.docx,88,6,6,4、,turn_hold_loop,闭合航线，循环2次,2,,,,,,,,
gcond_995346f0d9bb,gcond_995346f0d9bb,gctpl_15d07e442f1d,gsec_56b67afed6db,qbank_7cb07e6ab374,实操题库_地面站考试条件_2026H1_空域限制或地形限制题型.txt_88,2026H1,2026H1,空域限制或地形限制题型,2026-04-22,云南01考场,空域限制或地形限制题-考试条件提取.docx,89,1,1,(一),coordinate;speed_height;turn_hold_loop;bearing_angle;takeoff_return,"与 的相对方位由委任代表根据 现场环境等情况进行决定。按图于起飞点前规划扫描航线。航线长度 为a,航线间隔为b,航线相对地面高度为e,水平速度为d,垂直 速度为e，转弯模式为停止转弯，停留时间不作要求；",,度,起飞点,,,,,,
gcond_30e400a823ac,gcond_30e400a823ac,gctpl_0774a4fb0fc0,gsec_56b67afed6db,qbank_7cb07e6ab374,实操题库_地面站考试条件_2026H1_空域限制或地形限制题型.txt_88,2026H1,2026H1,空域限制或地形限制题型,2026-04-22,云南01考场,空域限制或地形限制题-考试条件提取.docx,89,2,2,(二),coordinate;speed_height;bearing_angle,a值建议为30米（误差≤±3米），b值建议为10米， (误差≤士1米)，e建议为30m，d值建议为3m/s。e值建议 为1m/s。(航线方位及各数值可由委任代表按实际情况进行调整， 考题以委任代表规定数值为准),30;3;10;1;30;3;1,m;m/s;米,,,,3m/s;1m/s,,,
gcond_a0f3d17af652,gcond_a0f3d17af652,gctpl_27c05ac9a485,gsec_56b67afed6db,qbank_7cb07e6ab374,实操题库_地面站考试条件_2026H1_空域限制或地形限制题型.txt_88,2026H1,2026H1,空域限制或地形限制题型,2026-04-22,云南01考场,空域限制或地形限制题-考试条件提取.docx,89,3,3,1、,restriction,由于空域限制，飞 机需先向东北方向平飞 300米，再向西北方向 平飞600米，到达①点,300;600,米,①,,,,,300米;600米,
gcond_1aec3fe9d2f2,gcond_1aec3fe9d2f2,gctpl_bb597341a5cc,gsec_56b67afed6db,qbank_7cb07e6ab374,实操题库_地面站考试条件_2026H1_空域限制或地形限制题型.txt_88,2026H1,2026H1,空域限制或地形限制题型,2026-04-22,云南01考场,空域限制或地形限制题-考试条件提取.docx,89,4,4,2、,bearing_angle;geometry,③-②航点航向为 西南方向,,,③;②,,,,,,
gcond_ee8e41a31447,gcond_ee8e41a31447,gctpl_f0f125bca1d7,gsec_56b67afed6db,qbank_7cb07e6ab374,实操题库_地面站考试条件_2026H1_空域限制或地形限制题型.txt_88,2026H1,2026H1,空域限制或地形限制题型,2026-04-22,云南01考场,空域限制或地形限制题-考试条件提取.docx,89,5,5,3、,coordinate;takeoff_return,起飞点经纬度： N:40°21'33” E:130°21'33”,40;21;33;130;21;33,°;度,起飞点,N:40°21'33”;E:130°21'33”,40°;130°,,,,
gcond_14c24a466ba7,gcond_14c24a466ba7,gctpl_b19d05011168,gsec_56b67afed6db,qbank_7cb07e6ab374,实操题库_地面站考试条件_2026H1_空域限制或地形限制题型.txt_88,2026H1,2026H1,空域限制或地形限制题型,2026-04-22,云南01考场,空域限制或地形限制题-考试条件提取.docx,89,6,6,4、,speed_height;geometry,"③④航点高度101m, 其余高88m",101;88,m;度,③;④,,,,101m;88m,,
gcond_b12bbabe5e3d,gcond_b12bbabe5e3d,gctpl_c90f391887ef,gsec_56b67afed6db,qbank_7cb07e6ab374,实操题库_地面站考试条件_2026H1_空域限制或地形限制题型.txt_88,2026H1,2026H1,空域限制或地形限制题型,2026-04-22,云南01考场,空域限制或地形限制题-考试条件提取.docx,89,7,7,5、,turn_hold_loop,协调转弯，闭合航线， 循环3次,3,,,,,,,,
gcond_1b68e65b8c5a,gcond_1b68e65b8c5a,gctpl_9418f6927b2e,gsec_3ef7a24b590f,qbank_7cb07e6ab374,实操题库_地面站考试条件_2026H1_空域限制或地形限制题型.txt_89,2026H1,2026H1,空域限制或地形限制题型,2026-04-22,云南01考场,空域限制或地形限制题-考试条件提取.docx,90,1,1,(一),coordinate;speed_height;turn_hold_loop;bearing_angle;geometry;takeoff_return,"与 的相对方位由委任代表根据 现场环境等情况进行决定。按图于起飞点前规划一个五边形并循环执 行，①②边及②③边的边长为a,∠②=∠④=∠①为90°，航线相 对地面高度为b，一水平速度为c，垂直速度为d，转弯模式为停止 转弯，各点停留时间为e",90,°;度,起飞点;①;②;②;③;②;④;①,,90°,,,,
gcond_68eea6bc3404,gcond_68eea6bc3404,gctpl_28971eadb502,gsec_3ef7a24b590f,qbank_7cb07e6ab374,实操题库_地面站考试条件_2026H1_空域限制或地形限制题型.txt_89,2026H1,2026H1,空域限制或地形限制题型,2026-04-22,云南01考场,空域限制或地形限制题-考试条件提取.docx,90,2,2,(二),coordinate;speed_height;bearing_angle,"a值建议为30米，b值建议为30米，c值建议为 3m/s,d建议为1m/s,e值建议为2s。(航线方位及各数值可由 委任代表按实际情况进行调整，考题以委任代表规定数值为准)",30;30;3;1;2,m/s;s;米,,,,3m/s;1m/s,,,
gcond_fd61305f7d27,gcond_fd61305f7d27,gctpl_c9081e7f5612,gsec_3ef7a24b590f,qbank_7cb07e6ab374,实操题库_地面站考试条件_2026H1_空域限制或地形限制题型.txt_89,2026H1,2026H1,空域限制或地形限制题型,2026-04-22,云南01考场,空域限制或地形限制题-考试条件提取.docx,90,3,3,1、,restriction,由于空域限制，无人 机需先向东北方向平飞 300米，再向西北方向 平飞600米，到达①点,300;600,米,①,,,,,300米;600米,
gcond_7c5838393b2d,gcond_7c5838393b2d,gctpl_bb597341a5cc,gsec_3ef7a24b590f,qbank_7cb07e6ab374,实操题库_地面站考试条件_2026H1_空域限制或地形限制题型.txt_89,2026H1,2026H1,空域限制或地形限制题型,2026-04-22,云南01考场,空域限制或地形限制题-考试条件提取.docx,90,4,4,2、,bearing_angle;geometry,③-②航点航向为 西南方向,,,③;②,,,,,,
gcond_d28a72ef0478,gcond_d28a72ef0478,gctpl_6386af421f0f,gsec_3ef7a24b590f,qbank_7cb07e6ab374,实操题库_地面站考试条件_2026H1_空域限制或地形限制题型.txt_89,2026H1,2026H1,空域限制或地形限制题型,2026-04-22,云南01考场,空域限制或地形限制题-考试条件提取.docx,90,5,5,3、,coordinate;takeoff_return,起飞点经纬度： N:40°21'23” E:130°21'33”,40;21;23;130;21;33,°;度,起飞点,N:40°21'23”;E:130°21'33”,40°;130°,,,,
gcond_0ad13cd82354,gcond_0ad13cd82354,gctpl_b19d05011168,gsec_3ef7a24b590f,qbank_7cb07e6ab374,实操题库_地面站考试条件_2026H1_空域限制或地形限制题型.txt_89,2026H1,2026H1,空域限制或地形限制题型,2026-04-22,云南01考场,空域限制或地形限制题-考试条件提取.docx,90,6,6,4、,speed_height;geometry,"③④航点高度101m, 其余高88m",101;88,m;度,③;④,,,,101m;88m,,
gcond_db81b206ceb9,gcond_db81b206ceb9,gctpl_c90f391887ef,gsec_3ef7a24b590f,qbank_7cb07e6ab374,实操题库_地面站考试条件_2026H1_空域限制或地形限制题型.txt_89,2026H1,2026H1,空域限制或地形限制题型,2026-04-22,云南01考场,空域限制或地形限制题-考试条件提取.docx,90,7,7,5、,turn_hold_loop,协调转弯，闭合航线， 循环3次,3,,,,,,,,
gcond_e6f924d8c7ab,gcond_e6f924d8c7ab,gctpl_0a3404857e82,gsec_dfb3e0fd44b5,qbank_7cb07e6ab374,实操题库_地面站考试条件_2026H1_空域限制或地形限制题型.txt_90,2026H1,2026H1,空域限制或地形限制题型,2026-03-06,山西O3考场,空域限制或地形限制题-考试条件提取.docx,91,1,1,(一),speed_height;turn_hold_loop;bearing_angle;geometry,"与 的相对方位由委任代表根据现场环境等 情况进行决定。规划一个等边三角形并循环执行，边长为a，所有航线相对地面 高度b，水平速度为c，垂直速度为d,转弯方式为停止转弯，停留时间为5s;",5,s;度,,,,,,,site_uses_letter_O
gcond_2a3a61a28988,gcond_2a3a61a28988,gctpl_d09c612586db,gsec_dfb3e0fd44b5,qbank_7cb07e6ab374,实操题库_地面站考试条件_2026H1_空域限制或地形限制题型.txt_90,2026H1,2026H1,空域限制或地形限制题型,2026-03-06,山西O3考场,空域限制或地形限制题-考试条件提取.docx,91,2,2,(二),speed_height,"a值为50米，b值为30米，c值为3m/s,d值为2m/s。",50;30;3;2,m/s;米,,,,3m/s;2m/s,,,site_uses_letter_O
gcond_c5d1d56009d0,gcond_c5d1d56009d0,gctpl_35075959cd45,gsec_dfb3e0fd44b5,qbank_7cb07e6ab374,实操题库_地面站考试条件_2026H1_空域限制或地形限制题型.txt_90,2026H1,2026H1,空域限制或地形限制题型,2026-03-06,山西O3考场,空域限制或地形限制题-考试条件提取.docx,91,3,3,1、,coordinate;takeoff_return,起飞点经纬度： N27°46'19” E:123°12'17”,27;46;19;123;12;17,°;度,起飞点,N27°46'19”;E:123°12'17”,27°;123°,,,,site_uses_letter_O
gcond_eb1ccc1697e4,gcond_eb1ccc1697e4,gctpl_4a0b50223f53,gsec_dfb3e0fd44b5,qbank_7cb07e6ab374,实操题库_地面站考试条件_2026H1_空域限制或地形限制题型.txt_90,2026H1,2026H1,空域限制或地形限制题型,2026-03-06,山西O3考场,空域限制或地形限制题-考试条件提取.docx,91,4,4,2、,restriction;geometry;takeoff_return,由于地形限制，飞 机不能由起飞点直飞 任务航线的航点1，需 升高120米，再向南平 飞500米规避障碍地形 后，到达任务航线的航 点1。,1;120;500;1,米,起飞点,,,,120米;500米,500米,site_uses_letter_O
gcond_4069efe32763,gcond_4069efe32763,gctpl_f10df825611e,gsec_dfb3e0fd44b5,qbank_7cb07e6ab374,实操题库_地面站考试条件_2026H1_空域限制或地形限制题型.txt_90,2026H1,2026H1,空域限制或地形限制题型,2026-03-06,山西O3考场,空域限制或地形限制题-考试条件提取.docx,91,5,5,3、,bearing_angle;geometry,航点1-2航向角45。,1;2;45,,,,,,,,site_uses_letter_O
gcond_7713b87c8517,gcond_7713b87c8517,gctpl_94311ceb4b1e,gsec_9559d506a4a1,qbank_7cb07e6ab374,实操题库_地面站考试条件_2026H1_空域限制或地形限制题型.txt_91,2026H1,2026H1,空域限制或地形限制题型,2026-03-06,广东03考场,空域限制或地形限制题-考试条件提取.docx,92,1,1,(一),speed_height;turn_hold_loop;bearing_angle;geometry,"与 的相对方位由委任代表根据现场环境等情 况进行决定。规划一个等边三角形并循环执行，边长为a，航线相对地面高度 为b,水平速度为c,垂直速度为d,转弯方式为停止转弯，停留时间5s;",5,s;度,,,,,,,
gcond_3b361a9922fb,gcond_3b361a9922fb,gctpl_401b1e1c6d37,gsec_9559d506a4a1,qbank_7cb07e6ab374,实操题库_地面站考试条件_2026H1_空域限制或地形限制题型.txt_91,2026H1,2026H1,空域限制或地形限制题型,2026-03-06,广东03考场,空域限制或地形限制题-考试条件提取.docx,92,2,2,(二),speed_height,"a值为50米，b值为50米，c值为3m/s,d值为2m/s。",50;50;3;2,m/s;米,,,,3m/s;2m/s,,,
gcond_2e494edc51d6,gcond_2e494edc51d6,gctpl_a11742905c9c,gsec_9559d506a4a1,qbank_7cb07e6ab374,实操题库_地面站考试条件_2026H1_空域限制或地形限制题型.txt_91,2026H1,2026H1,空域限制或地形限制题型,2026-03-06,广东03考场,空域限制或地形限制题-考试条件提取.docx,92,3,3,1、,coordinate;takeoff_return,"起飞点经纬度： N:27°46′19"" E:123°12'17""",27;46;19;123;12;17,°;度,起飞点,"N:27°46′19"";E:123°12'17""",27°;123°,,,,
gcond_18b678cd8e0f,gcond_18b678cd8e0f,gctpl_4a0b50223f53,gsec_9559d506a4a1,qbank_7cb07e6ab374,实操题库_地面站考试条件_2026H1_空域限制或地形限制题型.txt_91,2026H1,2026H1,空域限制或地形限制题型,2026-03-06,广东03考场,空域限制或地形限制题-考试条件提取.docx,92,4,4,2、,restriction;geometry;takeoff_return,由于地形限制，飞 机不能由起飞点直飞 任务航线的航点1，需 升高120米，再向南平 飞500米规避障碍地形 后，到达任务航线的航 点1。,1;120;500;1,米,起飞点,,,,120米;500米,500米,
gcond_1577b8d43cf0,gcond_1577b8d43cf0,gctpl_38fcf50eb60c,gsec_9559d506a4a1,qbank_7cb07e6ab374,实操题库_地面站考试条件_2026H1_空域限制或地形限制题型.txt_91,2026H1,2026H1,空域限制或地形限制题型,2026-03-06,广东03考场,空域限制或地形限制题-考试条件提取.docx,92,5,5,3、,bearing_angle;geometry,航点1-2航向角459,1;2;459,,,,,,,,
gcond_a98a7e163877,gcond_a98a7e163877,gctpl_3a5874ca88c1,gsec_85afcdec8dd8,qbank_7cb07e6ab374,实操题库_地面站考试条件_2026H1_空域限制或地形限制题型.txt_92,2026H1,2026H1,空域限制或地形限制题型,2026-04-13,山东02考场,空域限制或地形限制题-考试条件提取.docx,93,1,1,(一),coordinate;speed_height;turn_hold_loop;geometry,"规划一个闭合六边形并循环执行，边长为a，①②③航点 相对地面高度为b,④⑤⑥航点相对地面高度为c,水平速度为d, 垂直速度为e,转弯方式为停止转弯，各点停留时间为f;",,度,①;②;③;④;⑤;⑥,,,,,,
gcond_2df38e0a2b0f,gcond_2df38e0a2b0f,gctpl_d7eaf440dbc8,gsec_85afcdec8dd8,qbank_7cb07e6ab374,实操题库_地面站考试条件_2026H1_空域限制或地形限制题型.txt_92,2026H1,2026H1,空域限制或地形限制题型,2026-04-13,山东02考场,空域限制或地形限制题-考试条件提取.docx,93,2,2,(二),coordinate;speed_height,"a值为300米，b值为30米，c值为25m,d值为4m/s, e值为2m/s,f值为2s。",300;30;25;4;2;2,m;m/s;s;米,,,,4m/s;2m/s,,,
gcond_156dd5dda03e,gcond_156dd5dda03e,gctpl_4d51387bdf3d,gsec_85afcdec8dd8,qbank_7cb07e6ab374,实操题库_地面站考试条件_2026H1_空域限制或地形限制题型.txt_92,2026H1,2026H1,空域限制或地形限制题型,2026-04-13,山东02考场,空域限制或地形限制题-考试条件提取.docx,93,3,3,一、,coordinate;takeoff_return,起飞点经纬度： N:36.4637° E:114.5342°,36.4637;114.5342,°;度,起飞点,N:36.4637;E:114.5342,36.4637°;114.5342°,,,,
gcond_64153ff5ad6c,gcond_64153ff5ad6c,gctpl_08d311f1bcfb,gsec_85afcdec8dd8,qbank_7cb07e6ab374,实操题库_地面站考试条件_2026H1_空域限制或地形限制题型.txt_92,2026H1,2026H1,空域限制或地形限制题型,2026-04-13,山东02考场,空域限制或地形限制题-考试条件提取.docx,93,4,4,二、,coordinate;bearing_angle;restriction;geometry;takeoff_return,由于空域限制，飞机 不能由起飞点直飞任务 航线的航点1，需先向NE 方向平飞370米，再向NW 方向平飞560米，到达任 务航线的航点1。,1;370;560;1,米,起飞点,,,,560米,370米;560米,
gcond_7bbcf003ff96,gcond_7bbcf003ff96,gctpl_365d2eac5929,gsec_85afcdec8dd8,qbank_7cb07e6ab374,实操题库_地面站考试条件_2026H1_空域限制或地形限制题型.txt_92,2026H1,2026H1,空域限制或地形限制题型,2026-04-13,山东02考场,空域限制或地形限制题-考试条件提取.docx,93,5,5,三、,coordinate;bearing_angle;geometry,"当地风向：SE,航点 3→2航向为逆风",3;2,S,3,,,,,,
gcond_549d0ac96881,gcond_549d0ac96881,gctpl_a5897704705c,gsec_1fe041fe3891,qbank_7cb07e6ab374,实操题库_地面站考试条件_2026H1_空域限制或地形限制题型.txt_93,2026H1,2026H1,空域限制或地形限制题型,2026-04-13,山东02考场,空域限制或地形限制题-考试条件提取.docx,94,1,1,(一),coordinate;speed_height;turn_hold_loop;geometry,"按图规划一个闭合的任务航线并循环执行，①③、②③、 ②④、①④边长为300米，①点相对地面高度为a,②点相对地面高 度为b,③点相对地面高度为c,④点相对地面高度为d,水平速度 为e，垂直速度为f，转弯模式为停止转弯，停留时间2s;",300;2,s;度;米,①;③;②;③;②;④;①;④;①;②;③;④,,,,300米,300米,
gcond_f041bde0ee68,gcond_f041bde0ee68,gctpl_ef11846ede82,gsec_1fe041fe3891,qbank_7cb07e6ab374,实操题库_地面站考试条件_2026H1_空域限制或地形限制题型.txt_93,2026H1,2026H1,空域限制或地形限制题型,2026-04-13,山东02考场,空域限制或地形限制题-考试条件提取.docx,94,2,2,(二),coordinate;speed_height,"a值为20米，b值为25米，c值为30m,d值为20m, e值为2m/s,f值为2m/s。",20;25;30;20;2;2,m;m/s;米,,,,2m/s;2m/s,,,
gcond_234fd35cb551,gcond_234fd35cb551,gctpl_4d51387bdf3d,gsec_1fe041fe3891,qbank_7cb07e6ab374,实操题库_地面站考试条件_2026H1_空域限制或地形限制题型.txt_93,2026H1,2026H1,空域限制或地形限制题型,2026-04-13,山东02考场,空域限制或地形限制题-考试条件提取.docx,94,3,3,一、,coordinate;takeoff_return,起飞点经纬度： N:36.4637° E:114.5342°,36.4637;114.5342,°;度,起飞点,N:36.4637;E:114.5342,36.4637°;114.5342°,,,,
gcond_6efed036bb03,gcond_6efed036bb03,gctpl_08d311f1bcfb,gsec_1fe041fe3891,qbank_7cb07e6ab374,实操题库_地面站考试条件_2026H1_空域限制或地形限制题型.txt_93,2026H1,2026H1,空域限制或地形限制题型,2026-04-13,山东02考场,空域限制或地形限制题-考试条件提取.docx,94,4,4,二、,coordinate;bearing_angle;restriction;geometry;takeoff_return,由于空域限制，飞机 不能由起飞点直飞任务 航线的航点1，需先向NE 方向平飞370米，再向NW 方向平飞560米，到达任 务航线的航点1。,1;370;560;1,米,起飞点,,,,560米,370米;560米,
gcond_f4a14a8e1383,gcond_f4a14a8e1383,gctpl_365d2eac5929,gsec_1fe041fe3891,qbank_7cb07e6ab374,实操题库_地面站考试条件_2026H1_空域限制或地形限制题型.txt_93,2026H1,2026H1,空域限制或地形限制题型,2026-04-13,山东02考场,空域限制或地形限制题-考试条件提取.docx,94,5,5,三、,coordinate;bearing_angle;geometry,"当地风向：SE,航点 3→2航向为逆风",3;2,S,3,,,,,,
gcond_87555ef7319d,gcond_87555ef7319d,gctpl_419354b2fa9a,gsec_2f161611cd37,qbank_7cb07e6ab374,实操题库_地面站考试条件_2026H1_空域限制或地形限制题型.txt_94,2026H1,2026H1,空域限制或地形限制题型,2026-03-06,广东03考场,空域限制或地形限制题-考试条件提取.docx,95,1,1,(一),speed_height;turn_hold_loop;bearing_angle;geometry,"与 的相对方位由委任代表根据现场环境 等情况进行决定。规划一个等腰直角三角形并循环执行，①②边长为a1, ①③边长为a2,∠①为直角，航线相对地面高度b,水平速度为c，垂直速 度为d，转弯方式为停止转弯，停留时间5s;",1;2;5,s;度,①;②;①;③;①,,,,,,
gcond_b312566e032b,gcond_b312566e032b,gctpl_e2a389225d7c,gsec_2f161611cd37,qbank_7cb07e6ab374,实操题库_地面站考试条件_2026H1_空域限制或地形限制题型.txt_94,2026H1,2026H1,空域限制或地形限制题型,2026-03-06,广东03考场,空域限制或地形限制题-考试条件提取.docx,95,2,2,(二),speed_height,"a1、a2值为50米，b值为50米，c值为3m/s,d值为2m/s。",1;2;50;50;3;2,m/s;米,,,,3m/s;2m/s,,,
gcond_f6eb7ecd693f,gcond_f6eb7ecd693f,gctpl_47c36fe03aad,gsec_2f161611cd37,qbank_7cb07e6ab374,实操题库_地面站考试条件_2026H1_空域限制或地形限制题型.txt_94,2026H1,2026H1,空域限制或地形限制题型,2026-03-06,广东03考场,空域限制或地形限制题-考试条件提取.docx,95,3,3,1、,coordinate;geometry;takeoff_return,"起飞点经纬度： N:28°39'30” 任务航线示意图： E:115°56'32""",28;39;30;115;56;32,°;度,起飞点,"N:28°39'30”;E:115°56'32""",28°;115°,,,,
gcond_ba81461bb1c7,gcond_ba81461bb1c7,gctpl_2e009277fbd9,gsec_2f161611cd37,qbank_7cb07e6ab374,实操题库_地面站考试条件_2026H1_空域限制或地形限制题型.txt_94,2026H1,2026H1,空域限制或地形限制题型,2026-03-06,广东03考场,空域限制或地形限制题-考试条件提取.docx,95,4,4,2、,bearing_angle;restriction;geometry;takeoff_return,由于空域限制，飞 机不能由起飞点直飞 任务航线的航点1，需 先向正东方平飞1000 米，再向南平飞500米， 到达任务航线的航点1。,1;1000;500;1,米,起飞点,,,,500米,1000 米;500米,
gcond_9403ab57d347,gcond_9403ab57d347,gctpl_beca0474039c,gsec_2f161611cd37,qbank_7cb07e6ab374,实操题库_地面站考试条件_2026H1_空域限制或地形限制题型.txt_94,2026H1,2026H1,空域限制或地形限制题型,2026-03-06,广东03考场,空域限制或地形限制题-考试条件提取.docx,95,5,5,3、,bearing_angle;geometry,航点1-2航向角45°,1;2;45,°,,,45°,,,,
gcond_175fe1bf4253,gcond_175fe1bf4253,gctpl_70a89c8cfb40,gsec_51aeb9e5f695,qbank_7cb07e6ab374,实操题库_地面站考试条件_2026H1_空域限制或地形限制题型.txt_95,2026H1,2026H1,空域限制或地形限制题型,2026-03-06,广东03考场,空域限制或地形限制题-考试条件提取.docx,96,1,1,(一),coordinate;speed_height;turn_hold_loop;bearing_angle;geometry,"与 的相对方位由委任代表根据现场环境等 情况进行决定。规划一个闭合五边形并循环执行，①②边及②③边的边长为a, ∠②=∠④=∠①为90°，航线相对地面高度为b,水平速度为c,垂直速度为d, 转弯模式为停止转弯，各点停留时间为e;",90,°;度,①;②;②;③;②;④;①,,90°,,,,
gcond_dbdf5cd79af8,gcond_dbdf5cd79af8,gctpl_9cb928ca6e6c,gsec_51aeb9e5f695,qbank_7cb07e6ab374,实操题库_地面站考试条件_2026H1_空域限制或地形限制题型.txt_95,2026H1,2026H1,空域限制或地形限制题型,2026-03-06,广东03考场,空域限制或地形限制题-考试条件提取.docx,96,2,2,(二),coordinate;speed_height,"a值建议为50米，b值建议为50米，c值建议为3m/s,d值建议 为2m/s,e值建议为10s。",50;50;3;2;10,m/s;s;米,,,,3m/s;2m/s,,,
gcond_f0a98fb46847,gcond_f0a98fb46847,gctpl_681e7796f5a7,gsec_51aeb9e5f695,qbank_7cb07e6ab374,实操题库_地面站考试条件_2026H1_空域限制或地形限制题型.txt_95,2026H1,2026H1,空域限制或地形限制题型,2026-03-06,广东03考场,空域限制或地形限制题-考试条件提取.docx,96,3,3,1、,coordinate;takeoff_return,"起飞点经纬度： N:28°39'30"" E:115°56′32”",28;39;30;115;56;32,°;度,起飞点,"N:28°39'30"";E:115°56′32”",28°;115°,,,,
gcond_e8ebf56d7534,gcond_e8ebf56d7534,gctpl_2e009277fbd9,gsec_51aeb9e5f695,qbank_7cb07e6ab374,实操题库_地面站考试条件_2026H1_空域限制或地形限制题型.txt_95,2026H1,2026H1,空域限制或地形限制题型,2026-03-06,广东03考场,空域限制或地形限制题-考试条件提取.docx,96,4,4,2、,bearing_angle;restriction;geometry;takeoff_return,"由于空域限制，飞 机不能由起飞点直飞 任务航线的航点1，需 先向正东方平飞1000 米，再向南平飞500米 ,到达任务航线的航 点1。",1;1000;500;1,米,起飞点,,,,500米,1000 米;500米,
gcond_397b1a50dea2,gcond_397b1a50dea2,gctpl_beca0474039c,gsec_51aeb9e5f695,qbank_7cb07e6ab374,实操题库_地面站考试条件_2026H1_空域限制或地形限制题型.txt_95,2026H1,2026H1,空域限制或地形限制题型,2026-03-06,广东03考场,空域限制或地形限制题-考试条件提取.docx,96,5,5,3、,bearing_angle;geometry,航点1-2航向角45°,1;2;45,°,,,45°,,,,
gcond_72c38aed515b,gcond_72c38aed515b,gctpl_3a5874ca88c1,gsec_7a605ac1adcd,qbank_7cb07e6ab374,实操题库_地面站考试条件_2026H1_空域限制或地形限制题型.txt_96,2026H1,2026H1,空域限制或地形限制题型,2026-04-19,北京01考场,空域限制或地形限制题-考试条件提取.docx,97,1,1,(一),coordinate;speed_height;turn_hold_loop;geometry,"规划一个闭合六边形并循环执行，边长为a,①②③航点 相对地面高度为b,④⑤⑥航点相对地面高度为c，水平速度为d，垂 直速度为e,转弯方式为停止转弯，各点停留时间为f；",,度,①;②;③;④;⑤;⑥,,,,,,
gcond_e46a0c5cb57b,gcond_e46a0c5cb57b,gctpl_4d12cd8bf918,gsec_7a605ac1adcd,qbank_7cb07e6ab374,实操题库_地面站考试条件_2026H1_空域限制或地形限制题型.txt_96,2026H1,2026H1,空域限制或地形限制题型,2026-04-19,北京01考场,空域限制或地形限制题-考试条件提取.docx,97,2,2,(二),coordinate;speed_height,"a值为300米，b值为30米，c值为25m,d值为4m/s,e 值为2m/s,f值为2s",300;30;25;4;2;2,m;m/s;s;米,,,,4m/s;2m/s,,,
gcond_efd53a24542d,gcond_efd53a24542d,gctpl_d51030e3faa4,gsec_7a605ac1adcd,qbank_7cb07e6ab374,实操题库_地面站考试条件_2026H1_空域限制或地形限制题型.txt_96,2026H1,2026H1,空域限制或地形限制题型,2026-04-19,北京01考场,空域限制或地形限制题-考试条件提取.docx,97,3,3,一、,coordinate;takeoff_return,"起飞点经纬度： N:36°08'19” E:114°21'01""",36;08;19;114;21;01,°;度,起飞点,"N:36°08'19”;E:114°21'01""",36°;114°,,,,
gcond_8acbcd7035b8,gcond_8acbcd7035b8,gctpl_08d311f1bcfb,gsec_7a605ac1adcd,qbank_7cb07e6ab374,实操题库_地面站考试条件_2026H1_空域限制或地形限制题型.txt_96,2026H1,2026H1,空域限制或地形限制题型,2026-04-19,北京01考场,空域限制或地形限制题-考试条件提取.docx,97,4,4,二、,coordinate;bearing_angle;restriction;geometry;takeoff_return,由于空域限制，飞机 不能由起飞点直飞任务 航线的航点1，需先向NE 方向平飞370米，再向NW 方向平飞560米，到达任 务航线的航点1。,1;370;560;1,米,起飞点,,,,560米,370米;560米,
gcond_19bebf351b3a,gcond_19bebf351b3a,gctpl_365d2eac5929,gsec_7a605ac1adcd,qbank_7cb07e6ab374,实操题库_地面站考试条件_2026H1_空域限制或地形限制题型.txt_96,2026H1,2026H1,空域限制或地形限制题型,2026-04-19,北京01考场,空域限制或地形限制题-考试条件提取.docx,97,5,5,三、,coordinate;bearing_angle;geometry,"当地风向：SE,航点 3→2航向为逆风",3;2,S,3,,,,,,
gcond_edeab9c726e1,gcond_edeab9c726e1,gctpl_a5897704705c,gsec_141287832ade,qbank_7cb07e6ab374,实操题库_地面站考试条件_2026H1_空域限制或地形限制题型.txt_97,2026H1,2026H1,空域限制或地形限制题型,2026-04-19,北京01考场,空域限制或地形限制题-考试条件提取.docx,98,1,1,(一),coordinate;speed_height;turn_hold_loop;geometry,"按图规划一个闭合的任务航线并循环执行，①③、②③、 ②④、①④边长为300米，①点相对地面高度为a,②点相对地面高度 为b,③点相对地面高度为c,④点相对地面高度为d,水平速度为e, 垂直速度为f，转弯模式为停止转弯，停留时间2s；",300;2,s;度;米,①;③;②;③;②;④;①;④;①;②;③;④,,,,300米,300米,
gcond_ff47bd22f641,gcond_ff47bd22f641,gctpl_ef11846ede82,gsec_141287832ade,qbank_7cb07e6ab374,实操题库_地面站考试条件_2026H1_空域限制或地形限制题型.txt_97,2026H1,2026H1,空域限制或地形限制题型,2026-04-19,北京01考场,空域限制或地形限制题-考试条件提取.docx,98,2,2,(二),coordinate;speed_height,"a值为20米，b值为25米，c值为30m,d值为20m, e值为2m/s,f值为2m/s。",20;25;30;20;2;2,m;m/s;米,,,,2m/s;2m/s,,,
gcond_72f5117df9b1,gcond_72f5117df9b1,gctpl_adb2afbe7187,gsec_141287832ade,qbank_7cb07e6ab374,实操题库_地面站考试条件_2026H1_空域限制或地形限制题型.txt_97,2026H1,2026H1,空域限制或地形限制题型,2026-04-19,北京01考场,空域限制或地形限制题-考试条件提取.docx,98,3,3,一、,coordinate;takeoff_return,起飞点经纬度： N:36.2547° E:114.4306°,36.2547;114.4306,°;度,起飞点,N:36.2547;E:114.4306,36.2547°;114.4306°,,,,
gcond_c9bdb7ece6e0,gcond_c9bdb7ece6e0,gctpl_aed2eb2d1467,gsec_141287832ade,qbank_7cb07e6ab374,实操题库_地面站考试条件_2026H1_空域限制或地形限制题型.txt_97,2026H1,2026H1,空域限制或地形限制题型,2026-04-19,北京01考场,空域限制或地形限制题-考试条件提取.docx,98,4,4,二、,coordinate;bearing_angle;restriction;geometry;takeoff_return,由于空域限制，飞机 不能由起飞点直飞任务 航线的航点1，需先向NW 方向平飞560米，再向NE 方向平飞630米，到达任 务航线的航点1。,1;560;630;1,米,起飞点,,,,630米,560米;630米,
gcond_29bbe4f4de7b,gcond_29bbe4f4de7b,gctpl_365d2eac5929,gsec_141287832ade,qbank_7cb07e6ab374,实操题库_地面站考试条件_2026H1_空域限制或地形限制题型.txt_97,2026H1,2026H1,空域限制或地形限制题型,2026-04-19,北京01考场,空域限制或地形限制题-考试条件提取.docx,98,5,5,三、,coordinate;bearing_angle;geometry,"当地风向：SE,航点 3→2航向为逆风",3;2,S,3,,,,,,
gcond_8cdaf953d4c3,gcond_8cdaf953d4c3,gctpl_025ff86e1821,gsec_ea6d3062e383,qbank_7cb07e6ab374,实操题库_地面站考试条件_2026H1_空域限制或地形限制题型.txt_98,2026H1,2026H1,空域限制或地形限制题型,2026-04-20,山东04考场,空域限制或地形限制题-考试条件提取.docx,99,1,1,(一),coordinate;speed_height;turn_hold_loop;geometry,"按图规划一个闭合的任务航线不循环执行，①③、②③、 ②④、①④边长为300米，①点相对地面高度为a,②点相对地面高 度为b，③点相对地面高度为c，④点相对地面高度为d，水平速 度为e，垂直速度为f，转弯模式为停止转弯，停留时间9s;",300;9,s;度;米,①;③;②;③;②;④;①;④;①;②;③;④,,,,300米,300米,
gcond_6c3dd1bd3d55,gcond_6c3dd1bd3d55,gctpl_7c4d1e8d4865,gsec_ea6d3062e383,qbank_7cb07e6ab374,实操题库_地面站考试条件_2026H1_空域限制或地形限制题型.txt_98,2026H1,2026H1,空域限制或地形限制题型,2026-04-20,山东04考场,空域限制或地形限制题-考试条件提取.docx,99,2,2,(二),coordinate;speed_height,"a值为22米，b值为26米，c值为28m,d值为30m, e值为9m/s,f值为4m/s。",22;26;28;30;9;4,m;m/s;米,,,,9m/s;4m/s,,,
gcond_4fe28faebc50,gcond_4fe28faebc50,gctpl_3ec45af7a0b8,gsec_ea6d3062e383,qbank_7cb07e6ab374,实操题库_地面站考试条件_2026H1_空域限制或地形限制题型.txt_98,2026H1,2026H1,空域限制或地形限制题型,2026-04-20,山东04考场,空域限制或地形限制题-考试条件提取.docx,99,3,3,一、,coordinate;takeoff_return,起飞点经纬度： N:28°09'10” E:115°26′52”,28;09;10;115;26;52,°;度,起飞点,N:28°09'10”;E:115°26′52”,28°;115°,,,,
gcond_e60b29d19f25,gcond_e60b29d19f25,gctpl_1a079866ea70,gsec_ea6d3062e383,qbank_7cb07e6ab374,实操题库_地面站考试条件_2026H1_空域限制或地形限制题型.txt_98,2026H1,2026H1,空域限制或地形限制题型,2026-04-20,山东04考场,空域限制或地形限制题-考试条件提取.docx,99,4,4,二：,restriction;geometry;takeoff_return,由于空域限制，飞机不 能由起飞点直飞任务航线的 航点1，需由起飞点起飞先向 东南方向平飞1600米，再向 西南方向平飞700米，到达任 务航线的航点1。,1;1600;700;1,米,起飞点;起飞点,,,,700米,1600米;700米,
gcond_66630815022a,gcond_66630815022a,gctpl_9b9026151265,gsec_ea6d3062e383,qbank_7cb07e6ab374,实操题库_地面站考试条件_2026H1_空域限制或地形限制题型.txt_98,2026H1,2026H1,空域限制或地形限制题型,2026-04-20,山东04考场,空域限制或地形限制题-考试条件提取.docx,99,5,5,三：,bearing_angle;geometry,如图所示任务航点1到2 航向西偏南25°,1;2;25,°,,,25°,,,,
gcond_fb40fe15191d,gcond_fb40fe15191d,gctpl_e9c23db61c0c,gsec_d0a5e5277497,qbank_7cb07e6ab374,实操题库_地面站考试条件_2026H1_空域限制或地形限制题型.txt_99,2026H1,2026H1,空域限制或地形限制题型,2026-04-21,广东01考场,空域限制或地形限制题-考试条件提取.docx,100,1,1,(一),speed_height;turn_hold_loop;bearing_angle;geometry,规划一个闭合等腰直角三角形，闭合点高度与①号点保持一致，不 循环执行，①②边长为a1，①③边长为a2，∠①为直角，航点①点相对地 面高度为a2，②点相对地面高度为b，垂直速度为d，转弯方式为停止转 弯，停留时间5S;,1;2;2;5,S;度,①;①;②;①;③;①;航点①;②,,,,,,
gcond_85e557887d33,gcond_85e557887d33,gctpl_12b864817939,gsec_d0a5e5277497,qbank_7cb07e6ab374,实操题库_地面站考试条件_2026H1_空域限制或地形限制题型.txt_99,2026H1,2026H1,空域限制或地形限制题型,2026-04-21,广东01考场,空域限制或地形限制题-考试条件提取.docx,100,2,2,(二),speed_height,"a1、a2值为50米，b值为50米，c水平速度为3ms,d值为2m/s。",1;2;50;50;3;2,m;m/s;s;度;米,,,,3ms;2m/s,,,
gcond_812170cd7411,gcond_812170cd7411,gctpl_ba5eb3dc33a6,gsec_d0a5e5277497,qbank_7cb07e6ab374,实操题库_地面站考试条件_2026H1_空域限制或地形限制题型.txt_99,2026H1,2026H1,空域限制或地形限制题型,2026-04-21,广东01考场,空域限制或地形限制题-考试条件提取.docx,100,3,3,一、,coordinate;takeoff_return,"起飞点经纬度： 3 N:22°19'03"" E:114°1602""",3;22;19;03;114;1602,°;度,起飞点;3,"N:22°19'03"";E:114°1602""",22°;114°,,,,
gcond_8aca31968f7b,gcond_8aca31968f7b,gctpl_3aa041bfeedb,gsec_d0a5e5277497,qbank_7cb07e6ab374,实操题库_地面站考试条件_2026H1_空域限制或地形限制题型.txt_99,2026H1,2026H1,空域限制或地形限制题型,2026-04-21,广东01考场,空域限制或地形限制题-考试条件提取.docx,100,4,4,二、,coordinate;bearing_angle;restriction;geometry;takeoff_return,由于空域限制， 飞机不能由起飞点直 飞任务航线的航点1， 需先向NE方向平飞 1000米，再向SE方向 平飞500米，到达任务 航线的航点1。,1;1000;500;1,S;米,起飞点,,,,500米,1000米;500米,
gcond_ca507e5773f5,gcond_ca507e5773f5,gctpl_0c462966f7a4,gsec_d0a5e5277497,qbank_7cb07e6ab374,实操题库_地面站考试条件_2026H1_空域限制或地形限制题型.txt_99,2026H1,2026H1,空域限制或地形限制题型,2026-04-21,广东01考场,空域限制或地形限制题-考试条件提取.docx,100,5,5,三、,bearing_angle;geometry,航点3-2航向角为 南偏东25°,3;2;25,°,,,25°,,,,
gcond_e8a3ffc34e04,gcond_e8a3ffc34e04,gctpl_025ff86e1821,gsec_2cf642d71e19,qbank_7cb07e6ab374,实操题库_地面站考试条件_2026H1_空域限制或地形限制题型.txt_100,2026H1,2026H1,空域限制或地形限制题型,2026-04-21,广东01考场,空域限制或地形限制题-考试条件提取.docx,101,1,1,(一),coordinate;speed_height;turn_hold_loop;geometry,"按图规划一个闭合的任务航线不循环执行，①③、②③、 ②④、①④边长为300米，①点相对地面高度为a，②点相对地面高 度为b,③点相对地面高度为c，④点相对地面高度为d，水平速 度为e，垂直速度为f，转弯模式为停止转弯，停留时间9s;",300;9,s;度;米,①;③;②;③;②;④;①;④;①;②;③;④,,,,300米,300米,
gcond_e86b4d496e9a,gcond_e86b4d496e9a,gctpl_7c4d1e8d4865,gsec_2cf642d71e19,qbank_7cb07e6ab374,实操题库_地面站考试条件_2026H1_空域限制或地形限制题型.txt_100,2026H1,2026H1,空域限制或地形限制题型,2026-04-21,广东01考场,空域限制或地形限制题-考试条件提取.docx,101,2,2,(二),coordinate;speed_height,"a值为22米，b值为26米，c值为28m,d值为30m, e值为9m/s,f值为4m/s。",22;26;28;30;9;4,m;m/s;米,,,,9m/s;4m/s,,,
gcond_79a8960b1913,gcond_79a8960b1913,gctpl_e0bc960ba09e,gsec_2cf642d71e19,qbank_7cb07e6ab374,实操题库_地面站考试条件_2026H1_空域限制或地形限制题型.txt_100,2026H1,2026H1,空域限制或地形限制题型,2026-04-21,广东01考场,空域限制或地形限制题-考试条件提取.docx,101,3,3,一、,coordinate;takeoff_return,起飞点经纬度： N:28°09′10” E:115°26'52”,28;09;10;115;26;52,°;度,起飞点,N:28°09′10”;E:115°26'52”,28°;115°,,,,
gcond_355b7b520aeb,gcond_355b7b520aeb,gctpl_1a079866ea70,gsec_2cf642d71e19,qbank_7cb07e6ab374,实操题库_地面站考试条件_2026H1_空域限制或地形限制题型.txt_100,2026H1,2026H1,空域限制或地形限制题型,2026-04-21,广东01考场,空域限制或地形限制题-考试条件提取.docx,101,4,4,二、,restriction;geometry;takeoff_return,由于空域限制，飞机不 能由起飞点直飞任务航线的 航点1，需由起飞点起飞先向 东南方向平飞1600米，再向 西南方向平飞700米，到达 任务航线的航点1。,1;1600;700;1,米,起飞点;起飞点,,,,700米,1600米;700米,
gcond_8119d03afb72,gcond_8119d03afb72,gctpl_26c578189e3b,gsec_2cf642d71e19,qbank_7cb07e6ab374,实操题库_地面站考试条件_2026H1_空域限制或地形限制题型.txt_100,2026H1,2026H1,空域限制或地形限制题型,2026-04-21,广东01考场,空域限制或地形限制题-考试条件提取.docx,101,5,5,三、,bearing_angle;geometry,如图所以任务航点1到2 航向西偏南25度,1;2;25,度,,,西偏南25度,,,,ocr_possible_typo
gcond_0e6681e14b09,gcond_0e6681e14b09,gctpl_54995fc992b0,gsec_bea7c0b63797,qbank_7cb07e6ab374,实操题库_地面站考试条件_2026H1_空域限制或地形限制题型.txt_101,2026H1,2026H1,空域限制或地形限制题型,2026-04-21,广东01考场,空域限制或地形限制题-考试条件提取.docx,102,1,1,(一),coordinate;speed_height;turn_hold_loop;geometry,"按图规划一个闭合的任务航线不循环执行，闭合点高度 与①号点保持一致，①③、②③、②④、①④边长为300米，①点相 对地面高度为a，②点相对地面高度为b，③点相对地面高度为c, ④点相对地面高度为d，水平速度为e，垂直速度为f，转弯模式 为停止转弯，停留时间9s；",300;9,s;度;米,①;①;③;②;③;②;④;①;④;①;②;③;④,,,,300米,300米,
gcond_8fb610025422,gcond_8fb610025422,gctpl_f46358155522,gsec_bea7c0b63797,qbank_7cb07e6ab374,实操题库_地面站考试条件_2026H1_空域限制或地形限制题型.txt_101,2026H1,2026H1,空域限制或地形限制题型,2026-04-21,广东01考场,空域限制或地形限制题-考试条件提取.docx,102,2,2,(二),coordinate;speed_height,"a值为30米，b值为35米，c值为40m,d值为25m, e值为2m/s,f值为2m/s。",30;35;40;25;2;2,m;m/s;米,,,,2m/s;2m/s,,,
gcond_789a8e96f99f,gcond_789a8e96f99f,gctpl_3d7c626efc1b,gsec_bea7c0b63797,qbank_7cb07e6ab374,实操题库_地面站考试条件_2026H1_空域限制或地形限制题型.txt_101,2026H1,2026H1,空域限制或地形限制题型,2026-04-21,广东01考场,空域限制或地形限制题-考试条件提取.docx,102,3,3,一、,coordinate;takeoff_return,"起飞点经纬度： N:22°09'10"" E:114°26'52""",22;09;10;114;26;52,°;度,起飞点,"N:22°09'10"";E:114°26'52""",22°;114°,,,,
gcond_3a47fcc2ea34,gcond_3a47fcc2ea34,gctpl_8548cfe8813f,gsec_bea7c0b63797,qbank_7cb07e6ab374,实操题库_地面站考试条件_2026H1_空域限制或地形限制题型.txt_101,2026H1,2026H1,空域限制或地形限制题型,2026-04-21,广东01考场,空域限制或地形限制题-考试条件提取.docx,102,4,4,二、,restriction;geometry;takeoff_return,由于空域限制，飞机不 能由起飞点直飞任务航线的 航点1，需由起飞点起飞先向 南方向平飞1000米，再向东 方向平飞300米，到达任务航 线的航点1。,1;1000;300;1,米,起飞点;起飞点,,,,,1000米;300米,
gcond_d06671d743fe,gcond_d06671d743fe,gctpl_c575236181a3,gsec_bea7c0b63797,qbank_7cb07e6ab374,实操题库_地面站考试条件_2026H1_空域限制或地形限制题型.txt_101,2026H1,2026H1,空域限制或地形限制题型,2026-04-21,广东01考场,空域限制或地形限制题-考试条件提取.docx,102,5,5,三、,bearing_angle;geometry,如图所以任务航点4到3 航向角105°,4;3;105,°,,,105°,,,,ocr_possible_typo
gcond_5c8b69364445,gcond_5c8b69364445,gctpl_e5f28e247271,gsec_51737fcdefeb,qbank_7cb07e6ab374,实操题库_地面站考试条件_2026H1_空域限制或地形限制题型.txt_102,2026H1,2026H1,空域限制或地形限制题型,2026-04-21,山西01考场,空域限制或地形限制题-考试条件提取.docx,103,1,1,(一),speed_height;turn_hold_loop;bearing_angle;geometry,"与 的相对方位由委任代表根据现场环境 等情况进行决定。规划一个等边三角形不循环，边长为a，所有航线相对地面 高度为b,水平速度为c,垂直速度为d，转弯方式为停止转弯，停留时间5s;",5,s;度,,,,,,,
gcond_02254321dec9,gcond_02254321dec9,gctpl_401b1e1c6d37,gsec_51737fcdefeb,qbank_7cb07e6ab374,实操题库_地面站考试条件_2026H1_空域限制或地形限制题型.txt_102,2026H1,2026H1,空域限制或地形限制题型,2026-04-21,山西01考场,空域限制或地形限制题-考试条件提取.docx,103,2,2,(二),speed_height,"a值为50米，b值为50米，c值为3m/s,d值为2m/s。",50;50;3;2,m/s;米,,,,3m/s;2m/s,,,
gcond_1ff330186c51,gcond_1ff330186c51,gctpl_e643917c978a,gsec_51737fcdefeb,qbank_7cb07e6ab374,实操题库_地面站考试条件_2026H1_空域限制或地形限制题型.txt_102,2026H1,2026H1,空域限制或地形限制题型,2026-04-21,山西01考场,空域限制或地形限制题-考试条件提取.docx,103,3,3,1、,coordinate;takeoff_return,起飞点经纬度： N:25°18′36.36” E:113°12'39.6”,25;18;36.36;113;12;39.6,°;度,起飞点;6,N:25°18′36;E:113°12'39,25°;113°,,,,
gcond_e0b7dbdff2ef,gcond_e0b7dbdff2ef,gctpl_4832041ab031,gsec_51737fcdefeb,qbank_7cb07e6ab374,实操题库_地面站考试条件_2026H1_空域限制或地形限制题型.txt_102,2026H1,2026H1,空域限制或地形限制题型,2026-04-21,山西01考场,空域限制或地形限制题-考试条件提取.docx,103,4,4,2、,bearing_angle;restriction;geometry;takeoff_return,由于空域限制，飞 机不能由起飞点直飞 任务航线的航点1，需 先向SW方向平飞1000米 再向北偏西60°方 向平飞500米，到达任 务航线的航点1。,1;1000;60;500;1,S;°;米,起飞点,,60°,,500米,1000米;500米,
gcond_3eeba849aad5,gcond_3eeba849aad5,gctpl_e59a74a98fdd,gsec_51737fcdefeb,qbank_7cb07e6ab374,实操题库_地面站考试条件_2026H1_空域限制或地形限制题型.txt_102,2026H1,2026H1,空域限制或地形限制题型,2026-04-21,山西01考场,空域限制或地形限制题-考试条件提取.docx,103,5,5,3、,bearing_angle,2-1航向为135°,2;1;135,°,2,,135°,,,,
gcond_e11eff7cff1c,gcond_e11eff7cff1c,gctpl_080c49eab36e,gsec_b91e2f27ced8,qbank_7cb07e6ab374,实操题库_地面站考试条件_2026H1_空域限制或地形限制题型.txt_103,2026H1,2026H1,空域限制或地形限制题型,2026-04-21,山西01考场,空域限制或地形限制题-考试条件提取.docx,104,1,1,(一),coordinate;speed_height;turn_hold_loop;bearing_angle;geometry,"与 的相对方位由委任代表根 据现场环境等情况进行决定。按图规划一个闭合的任务航线不循环 执行，①③、②③、②④、①④边长为300米，①点相对地面高度为 a,②点相对地面高度为b,③点相对地面高度为c，④点相对地面 高度为d，水平速度为e，垂直速度为f，转弯模式为停止转弯， 停留时间2s；",300;2,s;度;米,①;③;②;③;②;④;①;④;①;②;③;④,,,,300米,300米,
gcond_d2218aec48fc,gcond_d2218aec48fc,gctpl_28c5ff68b543,gsec_b91e2f27ced8,qbank_7cb07e6ab374,实操题库_地面站考试条件_2026H1_空域限制或地形限制题型.txt_103,2026H1,2026H1,空域限制或地形限制题型,2026-04-21,山西01考场,空域限制或地形限制题-考试条件提取.docx,104,2,2,(二),coordinate;speed_height,"a值为20米，b值为25米，c值为30m,d值为20m, e值为2m/s,f值为2m/s",20;25;30;20;2;2,m;m/s;米,,,,2m/s;2m/s,,,
gcond_9361b0e6b2f8,gcond_9361b0e6b2f8,gctpl_40323876b681,gsec_b91e2f27ced8,qbank_7cb07e6ab374,实操题库_地面站考试条件_2026H1_空域限制或地形限制题型.txt_103,2026H1,2026H1,空域限制或地形限制题型,2026-04-21,山西01考场,空域限制或地形限制题-考试条件提取.docx,104,3,3,1、,coordinate;takeoff_return,"起飞点经纬度： N:25°29'37.47"" E:105°48′32”",25;29;37.47;105;48;32,°;度,起飞点,N:25°29'37;E:105°48′32”,25°;105°,,,,
gcond_2a494b592ef2,gcond_2a494b592ef2,gctpl_9e80c4c397cf,gsec_b91e2f27ced8,qbank_7cb07e6ab374,实操题库_地面站考试条件_2026H1_空域限制或地形限制题型.txt_103,2026H1,2026H1,空域限制或地形限制题型,2026-04-21,山西01考场,空域限制或地形限制题-考试条件提取.docx,104,4,4,2、,restriction;geometry;takeoff_return,由于空域限制，飞机 不能由起飞点直飞任务 航线的航点1，需由起飞 点起飞先向东偏南10° 方向平飞1200米，再向 西南方向平飞500米，到 达任务航线的航点1。,1;10;1200;500;1,°;米,起飞点,,10°,,500米,1200米;500米,
gcond_b375b90f301c,gcond_b375b90f301c,gctpl_1510cd429bbf,gsec_b91e2f27ced8,qbank_7cb07e6ab374,实操题库_地面站考试条件_2026H1_空域限制或地形限制题型.txt_103,2026H1,2026H1,空域限制或地形限制题型,2026-04-21,山西01考场,空域限制或地形限制题-考试条件提取.docx,104,5,5,3、,bearing_angle;geometry,如图所示任务航点3 4航向角225°,3;4;225,°,,,225°,,,,
gcond_de036faffd3d,gcond_de036faffd3d,gctpl_9d72f0b410a1,gsec_3f9a812f992e,qbank_7cb07e6ab374,实操题库_地面站考试条件_2026H1_空域限制或地形限制题型.txt_104,2026H1,2026H1,空域限制或地形限制题型,2026-04-22,云南01考场,空域限制或地形限制题-考试条件提取.docx,105,1,1,(一),speed_height;turn_hold_loop;bearing_angle;geometry,"与 的相对方位由委任代表根据 现场环境等情况进行决定。于起飞前规划一个等腰直角三角形并 循环执行，①②边长为a1,①③边长为a2,∠①为直角，航线相对 地面高度b,水平速度为c，垂直速度为d，转弯方式为停止转弯， 停留时间不要求；",1;2,度,①;②;①;③;①,,,,,,
gcond_8a7543e61665,gcond_8a7543e61665,gctpl_167159c678a0,gsec_3f9a812f992e,qbank_7cb07e6ab374,实操题库_地面站考试条件_2026H1_空域限制或地形限制题型.txt_104,2026H1,2026H1,空域限制或地形限制题型,2026-04-22,云南01考场,空域限制或地形限制题-考试条件提取.docx,105,2,2,(二),speed_height;bearing_angle,"a1、a2值建议为30米，b值建议为30米，c值建议 为3m/s,d值建议为1m/s。(航线方位及各数值可由委任代表按实 际情况进行调整，考题以委任代表规定数值为准)",1;2;30;30;3;1,m/s;米,,,,3m/s;1m/s,,,
gcond_3749ce40b648,gcond_3749ce40b648,gctpl_c9081e7f5612,gsec_3f9a812f992e,qbank_7cb07e6ab374,实操题库_地面站考试条件_2026H1_空域限制或地形限制题型.txt_104,2026H1,2026H1,空域限制或地形限制题型,2026-04-22,云南01考场,空域限制或地形限制题-考试条件提取.docx,105,3,3,1、,restriction,由于空域限制，无人 机需先向东北方向平飞 300米，再向西北方向 平飞600米，到达①点,300;600,米,①,,,,,300米;600米,
gcond_b47b2c69e483,gcond_b47b2c69e483,gctpl_bb597341a5cc,gsec_3f9a812f992e,qbank_7cb07e6ab374,实操题库_地面站考试条件_2026H1_空域限制或地形限制题型.txt_104,2026H1,2026H1,空域限制或地形限制题型,2026-04-22,云南01考场,空域限制或地形限制题-考试条件提取.docx,105,4,4,2、,bearing_angle;geometry,③-②航点航向为 西南方向,,,③;②,,,,,,
gcond_483b0140ef4c,gcond_483b0140ef4c,gctpl_f0f125bca1d7,gsec_3f9a812f992e,qbank_7cb07e6ab374,实操题库_地面站考试条件_2026H1_空域限制或地形限制题型.txt_104,2026H1,2026H1,空域限制或地形限制题型,2026-04-22,云南01考场,空域限制或地形限制题-考试条件提取.docx,105,5,5,3、,coordinate;takeoff_return,起飞点经纬度： N:40°21'33” E:130°21'33”,40;21;33;130;21;33,°;度,起飞点,N:40°21'33”;E:130°21'33”,40°;130°,,,,
gcond_940c0053d704,gcond_940c0053d704,gctpl_93b4eda8329a,gsec_3f9a812f992e,qbank_7cb07e6ab374,实操题库_地面站考试条件_2026H1_空域限制或地形限制题型.txt_104,2026H1,2026H1,空域限制或地形限制题型,2026-04-22,云南01考场,空域限制或地形限制题-考试条件提取.docx,105,6,6,4、,speed_height;geometry,"②③航点高度101m, 其余高88m",101;88,m;度,②;③,,,,101m;88m,,
gcond_4b8bf7d43a8d,gcond_4b8bf7d43a8d,gctpl_cf9d7c79344a,gsec_3f9a812f992e,qbank_7cb07e6ab374,实操题库_地面站考试条件_2026H1_空域限制或地形限制题型.txt_104,2026H1,2026H1,空域限制或地形限制题型,2026-04-22,云南01考场,空域限制或地形限制题-考试条件提取.docx,105,7,7,5、,turn_hold_loop,协调转弯，闭合航线， 循环4次,4,,,,,,,,
gcond_3794c40f0d56,gcond_3794c40f0d56,gctpl_9d72f0b410a1,gsec_66637e62bbb4,qbank_7cb07e6ab374,实操题库_地面站考试条件_2026H1_空域限制或地形限制题型.txt_105,2026H1,2026H1,空域限制或地形限制题型,2026-04-22,云南01考场,空域限制或地形限制题-考试条件提取.docx,106,1,1,(一),speed_height;turn_hold_loop;bearing_angle;geometry,"与 的相对方位由委任代表根据 现场环境等情况进行决定。于起飞前规划一个等腰直角三角形并 循环执行，①②边长为a1,①③边长为a2,∠①为直角，航线相对 地面高度b,水平速度为c，垂直速度为d，转弯方式为停止转弯， 停留时间不要求；",1;2,度,①;②;①;③;①,,,,,,
gcond_5d73705d7d58,gcond_5d73705d7d58,gctpl_167159c678a0,gsec_66637e62bbb4,qbank_7cb07e6ab374,实操题库_地面站考试条件_2026H1_空域限制或地形限制题型.txt_105,2026H1,2026H1,空域限制或地形限制题型,2026-04-22,云南01考场,空域限制或地形限制题-考试条件提取.docx,106,2,2,(二),speed_height;bearing_angle,"a1、a2值建议为30米，b值建议为30米，c值建议 为3m/s,d值建议为1m/s。(航线方位及各数值可由委任代表按实 际情况进行调整，考题以委任代表规定数值为准)",1;2;30;30;3;1,m/s;米,,,,3m/s;1m/s,,,
gcond_0295f6cbdaa9,gcond_0295f6cbdaa9,gctpl_d3b3640dbe84,gsec_66637e62bbb4,qbank_7cb07e6ab374,实操题库_地面站考试条件_2026H1_空域限制或地形限制题型.txt_105,2026H1,2026H1,空域限制或地形限制题型,2026-04-22,云南01考场,空域限制或地形限制题-考试条件提取.docx,106,3,3,1、,restriction,由于空域限制，飞 机需先向东北方向平飞 机需先向东北方向平飞 160米，再向西北方向 平飞202米，到达①点,160;202,米,①,,,,,160米;202米,
gcond_b23a0d622798,gcond_b23a0d622798,gctpl_72660195fd5c,gsec_66637e62bbb4,qbank_7cb07e6ab374,实操题库_地面站考试条件_2026H1_空域限制或地形限制题型.txt_105,2026H1,2026H1,空域限制或地形限制题型,2026-04-22,云南01考场,空域限制或地形限制题-考试条件提取.docx,106,4,4,2、,bearing_angle;geometry,③-②航点航向为东北方向,,,③;②,,,,,,
gcond_148d5b5c50d5,gcond_148d5b5c50d5,gctpl_1187daf03a34,gsec_66637e62bbb4,qbank_7cb07e6ab374,实操题库_地面站考试条件_2026H1_空域限制或地形限制题型.txt_105,2026H1,2026H1,空域限制或地形限制题型,2026-04-22,云南01考场,空域限制或地形限制题-考试条件提取.docx,106,5,5,3、,coordinate;takeoff_return,"起飞点经纬度： N:40°12'45” E:100°22'33""",40;12;45;100;22;33,°;度,起飞点,"N:40°12'45”;E:100°22'33""",40°;100°,,,,
gcond_b581783e3c79,gcond_b581783e3c79,gctpl_f109503c41f2,gsec_66637e62bbb4,qbank_7cb07e6ab374,实操题库_地面站考试条件_2026H1_空域限制或地形限制题型.txt_105,2026H1,2026H1,空域限制或地形限制题型,2026-04-22,云南01考场,空域限制或地形限制题-考试条件提取.docx,106,6,6,4、,turn_hold_loop,闭合航线，循环4次,4,,,,,,,,
gcond_655c8d9f0831,gcond_655c8d9f0831,gctpl_590edeaf57b4,gsec_62bdab774f19,qbank_7cb07e6ab374,实操题库_地面站考试条件_2026H1_空域限制或地形限制题型.txt_106,2026H1,2026H1,空域限制或地形限制题型,2026-04-22,云南01考场,空域限制或地形限制题-考试条件提取.docx,107,1,1,(一),coordinate;speed_height;turn_hold_loop;bearing_angle;geometry;takeoff_return,"与 的相对方位由委任代表根据 现场环境等情况进行决定。于起飞点前规划一个六边形并循环执行， 边长为a，①②③航点相对地面高度为b,④⑤⑥航点相对地面高度 为c,水平速度为d,垂直速度为e,转弯方式为停止转弯，各点停 留时间为f;",,度,起飞点;①;②;③;④;⑤;⑥,,,,,,
gcond_cf0ce03a2196,gcond_cf0ce03a2196,gctpl_43beae539f4c,gsec_62bdab774f19,qbank_7cb07e6ab374,实操题库_地面站考试条件_2026H1_空域限制或地形限制题型.txt_106,2026H1,2026H1,空域限制或地形限制题型,2026-04-22,云南01考场,空域限制或地形限制题-考试条件提取.docx,107,2,2,(二),coordinate;speed_height;bearing_angle,"a值为建议30米（误差≤±3米），b值建议为25米， c值建议为30m,d值建议为2m/s,e值建议为1m/s,f值建议为 2s。(航线方位及各数值可由委任代表按实际情况进行调整，考题以 委任代表规定数值为准)",30;3;25;30;2;1;2,m;m/s;s;米,,,,2m/s;1m/s,,,
gcond_7333b63536ea,gcond_7333b63536ea,gctpl_5425f2c845b5,gsec_62bdab774f19,qbank_7cb07e6ab374,实操题库_地面站考试条件_2026H1_空域限制或地形限制题型.txt_106,2026H1,2026H1,空域限制或地形限制题型,2026-04-22,云南01考场,空域限制或地形限制题-考试条件提取.docx,107,3,3,1、,restriction,由于空域限制，飞 机需先向东北方向平飞 160米，再向西北方向 平飞202米，到达①点,160;202,米,①,,,,,160米;202米,
gcond_bfd7431b64db,gcond_bfd7431b64db,gctpl_72660195fd5c,gsec_62bdab774f19,qbank_7cb07e6ab374,实操题库_地面站考试条件_2026H1_空域限制或地形限制题型.txt_106,2026H1,2026H1,空域限制或地形限制题型,2026-04-22,云南01考场,空域限制或地形限制题-考试条件提取.docx,107,4,4,2、,bearing_angle;geometry,③-②航点航向为 东北方向,,,③;②,,,,,,
gcond_9a369f4d65fa,gcond_9a369f4d65fa,gctpl_948026e92926,gsec_62bdab774f19,qbank_7cb07e6ab374,实操题库_地面站考试条件_2026H1_空域限制或地形限制题型.txt_106,2026H1,2026H1,空域限制或地形限制题型,2026-04-22,云南01考场,空域限制或地形限制题-考试条件提取.docx,107,5,5,3、,coordinate;takeoff_return,"起飞点经纬度： N:30°23'45” E:100°22'33""",30;23;45;100;22;33,°;度,起飞点,"N:30°23'45”;E:100°22'33""",30°;100°,,,,
gcond_8e4460a64dcc,gcond_8e4460a64dcc,gctpl_f109503c41f2,gsec_62bdab774f19,qbank_7cb07e6ab374,实操题库_地面站考试条件_2026H1_空域限制或地形限制题型.txt_106,2026H1,2026H1,空域限制或地形限制题型,2026-04-22,云南01考场,空域限制或地形限制题-考试条件提取.docx,107,6,6,4、,turn_hold_loop,闭合航线，循环4次,4,,,,,,,,
gcond_f4c2d49ed62e,gcond_f4c2d49ed62e,gctpl_44a43cc6e3d6,gsec_dda6c256bba4,qbank_7cb07e6ab374,实操题库_地面站考试条件_2026H1_空域限制或地形限制题型.txt_107,2026H1,2026H1,空域限制或地形限制题型,2026-04-22,云南01考场,空域限制或地形限制题-考试条件提取.docx,108,1,1,(一),coordinate;speed_height;turn_hold_loop;bearing_angle;takeoff_return,"与 的相对方位由委任代表根据 现场环境等情况进行决定。按图于起飞点前规划扫描航线。航线长度 为a,航线间隔为b,航线相对地面高度为c,水平速度为d,垂直 速度为e，转弯模式为停止转弯，停留时间不作要求；",,度,起飞点,,,,,,
gcond_c75fc10bfe14,gcond_c75fc10bfe14,gctpl_2c73db77e877,gsec_dda6c256bba4,qbank_7cb07e6ab374,实操题库_地面站考试条件_2026H1_空域限制或地形限制题型.txt_107,2026H1,2026H1,空域限制或地形限制题型,2026-04-22,云南01考场,空域限制或地形限制题-考试条件提取.docx,108,2,2,(二),coordinate;speed_height;bearing_angle,"a值建议为30米（误差≤±3米），b值建议为10米， (误差≤±1米)，c建议为30m,d值建议为3m/s。e值建议 为1m/s。(航线方位及各数值可由委任代表按实际情况进行调整， 考题以委任代表规定数值为准)",30;3;10;1;30;3;1,m;m/s;米,,,,3m/s;1m/s,,,
gcond_297d59b034eb,gcond_297d59b034eb,gctpl_6f261f07da13,gsec_dda6c256bba4,qbank_7cb07e6ab374,实操题库_地面站考试条件_2026H1_空域限制或地形限制题型.txt_107,2026H1,2026H1,空域限制或地形限制题型,2026-04-22,云南01考场,空域限制或地形限制题-考试条件提取.docx,108,3,3,1、,restriction,由于空域限制，飞 机需先向东北方向平飞 机需先向东北方向平飞 100米再向西北方向 平飞200米，到达①点,100;200,米,①,,,,,100米;200米,
gcond_094c1375427e,gcond_094c1375427e,gctpl_ef6d9cfb3a79,gsec_dda6c256bba4,qbank_7cb07e6ab374,实操题库_地面站考试条件_2026H1_空域限制或地形限制题型.txt_107,2026H1,2026H1,空域限制或地形限制题型,2026-04-22,云南01考场,空域限制或地形限制题-考试条件提取.docx,108,4,4,2、,bearing_angle;geometry,③-②航点航向为西北方向,,,③;②,,,,,,
gcond_a2cd26d8d4ed,gcond_a2cd26d8d4ed,gctpl_7924b84c56d0,gsec_dda6c256bba4,qbank_7cb07e6ab374,实操题库_地面站考试条件_2026H1_空域限制或地形限制题型.txt_107,2026H1,2026H1,空域限制或地形限制题型,2026-04-22,云南01考场,空域限制或地形限制题-考试条件提取.docx,108,5,5,3、,coordinate;takeoff_return,起飞点经纬度： N:40°12'45 E:130°21'33”,40;12;45;130;21;33,°;度,起飞点,N:40°12'45;E:130°21'33”,40°;130°,,,,
gcond_a016d6709d36,gcond_a016d6709d36,gctpl_15d07e442f1d,gsec_bf3948593ab0,qbank_7cb07e6ab374,实操题库_地面站考试条件_2026H1_空域限制或地形限制题型.txt_108,2026H1,2026H1,空域限制或地形限制题型,2026-04-22,云南01考场,空域限制或地形限制题-考试条件提取.docx,109,1,1,(一),coordinate;speed_height;turn_hold_loop;bearing_angle;takeoff_return,"与 的相对方位由委任代表根据 现场环境等情况进行决定。按图于起飞点前规划扫描航线。航线长度 为a,航线间隔为b,航线相对地面高度为e,水平速度为d,垂直 速度为e，转弯模式为停止转弯，停留时间不作要求；",,度,起飞点,,,,,,
gcond_a02847c514cf,gcond_a02847c514cf,gctpl_0774a4fb0fc0,gsec_bf3948593ab0,qbank_7cb07e6ab374,实操题库_地面站考试条件_2026H1_空域限制或地形限制题型.txt_108,2026H1,2026H1,空域限制或地形限制题型,2026-04-22,云南01考场,空域限制或地形限制题-考试条件提取.docx,109,2,2,(二),coordinate;speed_height;bearing_angle,a值建议为30米（误差≤±3米），b值建议为10米， (误差≤士1米)，e建议为30m，d值建议为3m/s。e值建议 为1m/s。(航线方位及各数值可由委任代表按实际情况进行调整， 考题以委任代表规定数值为准),30;3;10;1;30;3;1,m;m/s;米,,,,3m/s;1m/s,,,
gcond_5f9ae5e87152,gcond_5f9ae5e87152,gctpl_27c05ac9a485,gsec_bf3948593ab0,qbank_7cb07e6ab374,实操题库_地面站考试条件_2026H1_空域限制或地形限制题型.txt_108,2026H1,2026H1,空域限制或地形限制题型,2026-04-22,云南01考场,空域限制或地形限制题-考试条件提取.docx,109,3,3,1、,restriction,由于空域限制，飞 机需先向东北方向平飞 300米，再向西北方向 平飞600米，到达①点,300;600,米,①,,,,,300米;600米,
gcond_f8832d6a5e75,gcond_f8832d6a5e75,gctpl_bb597341a5cc,gsec_bf3948593ab0,qbank_7cb07e6ab374,实操题库_地面站考试条件_2026H1_空域限制或地形限制题型.txt_108,2026H1,2026H1,空域限制或地形限制题型,2026-04-22,云南01考场,空域限制或地形限制题-考试条件提取.docx,109,4,4,2、,bearing_angle;geometry,③-②航点航向为 西南方向,,,③;②,,,,,,
gcond_82b4badfea2c,gcond_82b4badfea2c,gctpl_f0f125bca1d7,gsec_bf3948593ab0,qbank_7cb07e6ab374,实操题库_地面站考试条件_2026H1_空域限制或地形限制题型.txt_108,2026H1,2026H1,空域限制或地形限制题型,2026-04-22,云南01考场,空域限制或地形限制题-考试条件提取.docx,109,5,5,3、,coordinate;takeoff_return,起飞点经纬度： N:40°21'33” E:130°21'33”,40;21;33;130;21;33,°;度,起飞点,N:40°21'33”;E:130°21'33”,40°;130°,,,,
gcond_d8cb52c13341,gcond_d8cb52c13341,gctpl_b19d05011168,gsec_bf3948593ab0,qbank_7cb07e6ab374,实操题库_地面站考试条件_2026H1_空域限制或地形限制题型.txt_108,2026H1,2026H1,空域限制或地形限制题型,2026-04-22,云南01考场,空域限制或地形限制题-考试条件提取.docx,109,6,6,4、,speed_height;geometry,"③④航点高度101m, 其余高88m",101;88,m;度,③;④,,,,101m;88m,,
gcond_aa268f762745,gcond_aa268f762745,gctpl_c90f391887ef,gsec_bf3948593ab0,qbank_7cb07e6ab374,实操题库_地面站考试条件_2026H1_空域限制或地形限制题型.txt_108,2026H1,2026H1,空域限制或地形限制题型,2026-04-22,云南01考场,空域限制或地形限制题-考试条件提取.docx,109,7,7,5、,turn_hold_loop,协调转弯，闭合航线， 循环3次,3,,,,,,,,
gcond_7a63fd1b35fd,gcond_7a63fd1b35fd,gctpl_f41f7f4a6acb,gsec_6d996cd209a5,qbank_7cb07e6ab374,实操题库_地面站考试条件_2026H1_空域限制或地形限制题型.txt_109,2026H1,2026H1,空域限制或地形限制题型,2026-04-22,云南01考场,空域限制或地形限制题-考试条件提取.docx,110,1,1,(一),coordinate;speed_height;turn_hold_loop;bearing_angle;geometry;takeoff_return,"与 的相对方位由委任代表根据 现场环境等情况进行决定。按图于起飞点前规划一个五边形并循环执 行，①②边及②③边的边长为a,∠②=∠④=∠①为90°，航线相 对地面高度为b，一水平速度为c，垂直速度为d，转弯模式为停止 转弯，各点停留时间为e÷",90,°;度,起飞点;①;②;②;③;②;④;①,,90°,,,,
gcond_d09818e98d65,gcond_d09818e98d65,gctpl_28971eadb502,gsec_6d996cd209a5,qbank_7cb07e6ab374,实操题库_地面站考试条件_2026H1_空域限制或地形限制题型.txt_109,2026H1,2026H1,空域限制或地形限制题型,2026-04-22,云南01考场,空域限制或地形限制题-考试条件提取.docx,110,2,2,(二),coordinate;speed_height;bearing_angle,"a值建议为30米，b值建议为30米，c值建议为 3m/s,d建议为1m/s,e值建议为2s。(航线方位及各数值可由 委任代表按实际情况进行调整，考题以委任代表规定数值为准)",30;30;3;1;2,m/s;s;米,,,,3m/s;1m/s,,,
gcond_6526a7f43e32,gcond_6526a7f43e32,gctpl_c9081e7f5612,gsec_6d996cd209a5,qbank_7cb07e6ab374,实操题库_地面站考试条件_2026H1_空域限制或地形限制题型.txt_109,2026H1,2026H1,空域限制或地形限制题型,2026-04-22,云南01考场,空域限制或地形限制题-考试条件提取.docx,110,3,3,1、,restriction,由于空域限制，无人 机需先向东北方向平飞 300米，再向西北方向 平飞600米，到达①点,300;600,米,①,,,,,300米;600米,
gcond_3196965bea47,gcond_3196965bea47,gctpl_bb597341a5cc,gsec_6d996cd209a5,qbank_7cb07e6ab374,实操题库_地面站考试条件_2026H1_空域限制或地形限制题型.txt_109,2026H1,2026H1,空域限制或地形限制题型,2026-04-22,云南01考场,空域限制或地形限制题-考试条件提取.docx,110,4,4,2、,bearing_angle;geometry,③-②航点航向为 西南方向,,,③;②,,,,,,
gcond_6e6ca2e9a6b1,gcond_6e6ca2e9a6b1,gctpl_6386af421f0f,gsec_6d996cd209a5,qbank_7cb07e6ab374,实操题库_地面站考试条件_2026H1_空域限制或地形限制题型.txt_109,2026H1,2026H1,空域限制或地形限制题型,2026-04-22,云南01考场,空域限制或地形限制题-考试条件提取.docx,110,5,5,3、,coordinate;takeoff_return,起飞点经纬度： N:40°21'23” E:130°21'33”,40;21;23;130;21;33,°;度,起飞点,N:40°21'23”;E:130°21'33”,40°;130°,,,,
gcond_18d3fb5b47e0,gcond_18d3fb5b47e0,gctpl_b19d05011168,gsec_6d996cd209a5,qbank_7cb07e6ab374,实操题库_地面站考试条件_2026H1_空域限制或地形限制题型.txt_109,2026H1,2026H1,空域限制或地形限制题型,2026-04-22,云南01考场,空域限制或地形限制题-考试条件提取.docx,110,6,6,4、,speed_height;geometry,"③④航点高度101m, 其余高88m",101;88,m;度,③;④,,,,101m;88m,,
gcond_200aad95b6e6,gcond_200aad95b6e6,gctpl_c90f391887ef,gsec_6d996cd209a5,qbank_7cb07e6ab374,实操题库_地面站考试条件_2026H1_空域限制或地形限制题型.txt_109,2026H1,2026H1,空域限制或地形限制题型,2026-04-22,云南01考场,空域限制或地形限制题-考试条件提取.docx,110,7,7,5、,turn_hold_loop,协调转弯，闭合航线， 循环3次,3,,,,,,,,
gcond_a63a6c7996c5,gcond_a63a6c7996c5,gctpl_4574e907cf86,gsec_c02967e75bcb,qbank_7cb07e6ab374,实操题库_地面站考试条件_2026H1_空域限制或地形限制题型.txt_110,2026H1,2026H1,空域限制或地形限制题型,2026-04-22,云南01考场,空域限制或地形限制题-考试条件提取.docx,111,1,1,(一),coordinate;speed_height;turn_hold_loop;bearing_angle;geometry;takeoff_return,"与 的相对方位由委任代表根据 现场环境等情况进行决定。按图于起飞点前规划一个五边形并循环执 行，①②边及②③边的边长为a,∠②=∠④=∠①为90°，航线相 对地面高度为b，水平速度为c，垂直速度为d，转弯模式为停止 转弯，各点停留时间为e；",90,°;度,起飞点;①;②;②;③;②;④;①,,90°,,,,
gcond_4fccd09d8c80,gcond_4fccd09d8c80,gctpl_28971eadb502,gsec_c02967e75bcb,qbank_7cb07e6ab374,实操题库_地面站考试条件_2026H1_空域限制或地形限制题型.txt_110,2026H1,2026H1,空域限制或地形限制题型,2026-04-22,云南01考场,空域限制或地形限制题-考试条件提取.docx,111,2,2,(二),coordinate;speed_height;bearing_angle,"a值建议为30米，b值建议为30米，c值建议为 3m/s,d建议为1m/s,e值建议为2s。(航线方位及各数值可由 委任代表按实际情况进行调整，考题以委任代表规定数值为准)",30;30;3;1;2,m/s;s;米,,,,3m/s;1m/s,,,
gcond_9852048133f0,gcond_9852048133f0,gctpl_18ee7079eef5,gsec_c02967e75bcb,qbank_7cb07e6ab374,实操题库_地面站考试条件_2026H1_空域限制或地形限制题型.txt_110,2026H1,2026H1,空域限制或地形限制题型,2026-04-22,云南01考场,空域限制或地形限制题-考试条件提取.docx,111,3,3,1、,restriction,由于空域限制，无人 机需先向东北方向平飞 160米，再向西北方向 平飞202米，到达①点,160;202,米,①,,,,,160米;202米,
gcond_ced93c7415c1,gcond_ced93c7415c1,gctpl_72660195fd5c,gsec_c02967e75bcb,qbank_7cb07e6ab374,实操题库_地面站考试条件_2026H1_空域限制或地形限制题型.txt_110,2026H1,2026H1,空域限制或地形限制题型,2026-04-22,云南01考场,空域限制或地形限制题-考试条件提取.docx,111,4,4,2、,bearing_angle;geometry,③-②航点航向为 东北方向,,,③;②,,,,,,
gcond_87df11e4bebe,gcond_87df11e4bebe,gctpl_49fb338696f9,gsec_c02967e75bcb,qbank_7cb07e6ab374,实操题库_地面站考试条件_2026H1_空域限制或地形限制题型.txt_110,2026H1,2026H1,空域限制或地形限制题型,2026-04-22,云南01考场,空域限制或地形限制题-考试条件提取.docx,111,5,5,3、,coordinate;takeoff_return,"起飞点经纬度： N:30°23′45” E:100°22'33""",30;23;45;100;22;33,°;度,起飞点,"N:30°23′45”;E:100°22'33""",30°;100°,,,,
gcond_ef6445d15e88,gcond_ef6445d15e88,gctpl_f109503c41f2,gsec_c02967e75bcb,qbank_7cb07e6ab374,实操题库_地面站考试条件_2026H1_空域限制或地形限制题型.txt_110,2026H1,2026H1,空域限制或地形限制题型,2026-04-22,云南01考场,空域限制或地形限制题-考试条件提取.docx,111,6,6,4、,turn_hold_loop,闭合航线，循环4次,4,,,,,,,,
gcond_204182e1d30a,gcond_204182e1d30a,gctpl_eafd492b105d,gsec_f9a3d2d432c0,qbank_7cb07e6ab374,实操题库_地面站考试条件_2026H1_空域限制或地形限制题型.txt_111,2026H1,2026H1,空域限制或地形限制题型,2026-04-22,云南01考场,空域限制或地形限制题-考试条件提取.docx,113,1,1,(一),speed_height;turn_hold_loop;bearing_angle;geometry;takeoff_return,"与 的相对方位由委任代表根据 现场环境等情况进行决定。按图于起飞点前规划一个闭合图形并循环 执行，各点之间距离不小于20米，④点相对手地面高度为a，②点相 对地面高度为b,③点相对地面高度为€，④点相对地面高度为， 水平速度为，垂直速度为f，转弯模式为停止转弯，停留时闻不作 要求",20,度;米,起飞点;④;②;③;④,,,,20米,20米,
gcond_5f83f76f0105,gcond_5f83f76f0105,gctpl_a4c6f3e32363,gsec_f9a3d2d432c0,qbank_7cb07e6ab374,实操题库_地面站考试条件_2026H1_空域限制或地形限制题型.txt_111,2026H1,2026H1,空域限制或地形限制题型,2026-04-22,云南01考场,空域限制或地形限制题-考试条件提取.docx,113,2,2,(二),coordinate;speed_height;bearing_angle,"a值建议为20米，b值建议为25米，c值建议为30m, d值建议为25m,e值建议为2m/s,f值建议为1m/s。(航线方位 及各数值可由委任代表按实际情况进行调整，考题以委任代表规定数 值为准)",20;25;30;25;2;1,m;m/s;米,,,,2m/s;1m/s,,,
gcond_175ff0c55f5a,gcond_175ff0c55f5a,gctpl_27c05ac9a485,gsec_f9a3d2d432c0,qbank_7cb07e6ab374,实操题库_地面站考试条件_2026H1_空域限制或地形限制题型.txt_111,2026H1,2026H1,空域限制或地形限制题型,2026-04-22,云南01考场,空域限制或地形限制题-考试条件提取.docx,113,3,3,1、,restriction,由于空域限制，飞 机需先向东北方向平飞 300米，再向西北方向 平飞600米，到达①点,300;600,米,①,,,,,300米;600米,
gcond_267922aa4397,gcond_267922aa4397,gctpl_bb597341a5cc,gsec_f9a3d2d432c0,qbank_7cb07e6ab374,实操题库_地面站考试条件_2026H1_空域限制或地形限制题型.txt_111,2026H1,2026H1,空域限制或地形限制题型,2026-04-22,云南01考场,空域限制或地形限制题-考试条件提取.docx,113,4,4,2、,bearing_angle;geometry,③-②航点航向为 西南方向,,,③;②,,,,,,
gcond_dbabe38a7ed6,gcond_dbabe38a7ed6,gctpl_f0f125bca1d7,gsec_f9a3d2d432c0,qbank_7cb07e6ab374,实操题库_地面站考试条件_2026H1_空域限制或地形限制题型.txt_111,2026H1,2026H1,空域限制或地形限制题型,2026-04-22,云南01考场,空域限制或地形限制题-考试条件提取.docx,113,5,5,3、,coordinate;takeoff_return,起飞点经纬度： N:40°21'33” E:130°21'33”,40;21;33;130;21;33,°;度,起飞点,N:40°21'33”;E:130°21'33”,40°;130°,,,,
gcond_a3281dbe07fa,gcond_a3281dbe07fa,gctpl_4ec37152e7df,gsec_f9a3d2d432c0,qbank_7cb07e6ab374,实操题库_地面站考试条件_2026H1_空域限制或地形限制题型.txt_111,2026H1,2026H1,空域限制或地形限制题型,2026-04-22,云南01考场,空域限制或地形限制题-考试条件提取.docx,113,6,6,4、,speed_height;geometry,"③④航点高度101m, ①②高度88m",101;88,m;度,③;④;①;②,,,,101m;88m,,
gcond_b3ccdd760088,gcond_b3ccdd760088,gctpl_c90f391887ef,gsec_f9a3d2d432c0,qbank_7cb07e6ab374,实操题库_地面站考试条件_2026H1_空域限制或地形限制题型.txt_111,2026H1,2026H1,空域限制或地形限制题型,2026-04-22,云南01考场,空域限制或地形限制题-考试条件提取.docx,113,7,7,5、,turn_hold_loop,协调转弯，闭合航线， 循环3次,3,,,,,,,,
gcond_6694af9b0589,gcond_6694af9b0589,gctpl_ac226bc82e91,gsec_bfc69a05405f,qbank_7cb07e6ab374,实操题库_地面站考试条件_2026H1_空域限制或地形限制题型.txt_112,2026H1,2026H1,空域限制或地形限制题型,2026-04-17,河南01考场,空域限制或地形限制题-考试条件提取.docx,114,1,1,(一),coordinate;speed_height;turn_hold_loop;geometry,"按图规划一个闭合的任务航线不循环执行，①③、②③、 ②④、①④边长为300米，①点相对地面高度为a,②点相对地面高 度为b，③点相对地面高度为c，④点相对地面高度为d，水平速 度为e，垂直速度为f，转弯模式为协调转弯；",300,度;米,①;③;②;③;②;④;①;④;①;②;③;④,,,,300米,300米,
gcond_0d3c0a84992a,gcond_0d3c0a84992a,gctpl_7e76ac68f1fc,gsec_bfc69a05405f,qbank_7cb07e6ab374,实操题库_地面站考试条件_2026H1_空域限制或地形限制题型.txt_112,2026H1,2026H1,空域限制或地形限制题型,2026-04-17,河南01考场,空域限制或地形限制题-考试条件提取.docx,114,2,2,(二),coordinate;speed_height,"a值为20米，b值为25米，c值为30m,d值为20m, e值为4m/s,f值为2m/s。",20;25;30;20;4;2,m;m/s;米,,,,4m/s;2m/s,,,
gcond_f26b6747442e,gcond_f26b6747442e,gctpl_ca202bc61a22,gsec_bfc69a05405f,qbank_7cb07e6ab374,实操题库_地面站考试条件_2026H1_空域限制或地形限制题型.txt_112,2026H1,2026H1,空域限制或地形限制题型,2026-04-17,河南01考场,空域限制或地形限制题-考试条件提取.docx,114,3,3,一、,coordinate;takeoff_return,"起飞点经纬度： N:27°10'19” E:113°24'51""",27;10;19;113;24;51,°;度,起飞点,"N:27°10'19”;E:113°24'51""",27°;113°,,,,
gcond_24846a96bb29,gcond_24846a96bb29,gctpl_84d9776b3914,gsec_bfc69a05405f,qbank_7cb07e6ab374,实操题库_地面站考试条件_2026H1_空域限制或地形限制题型.txt_112,2026H1,2026H1,空域限制或地形限制题型,2026-04-17,河南01考场,空域限制或地形限制题-考试条件提取.docx,114,4,4,二：,restriction;geometry;takeoff_return,由于空域限制，飞机不 能由起飞点直飞任务航线的 航点1，需由起飞点起飞先向 西南方向平飞1200米，再向 东南方向平飞500米，到达任 务航线的航点1。,1;1200;500;1,米,起飞点;起飞点,,,,500米,1200米;500米,
gcond_c5de973e1f54,gcond_c5de973e1f54,gctpl_981c2c772845,gsec_bfc69a05405f,qbank_7cb07e6ab374,实操题库_地面站考试条件_2026H1_空域限制或地形限制题型.txt_112,2026H1,2026H1,空域限制或地形限制题型,2026-04-17,河南01考场,空域限制或地形限制题-考试条件提取.docx,114,5,5,三：,bearing_angle;geometry,如图所示任务航点1到2 航向角35°,1;2;35,°,,,35°,,,,
gcond_78dfd30bf2a8,gcond_78dfd30bf2a8,gctpl_3bf656dbe4d9,gsec_e90948a0836c,qbank_7cb07e6ab374,实操题库_地面站考试条件_2026H1_空域限制或地形限制题型.txt_113,2026H1,2026H1,空域限制或地形限制题型,2026-04-22,江苏01考场,空域限制或地形限制题-考试条件提取.docx,115,1,1,(一),speed_height;turn_hold_loop;bearing_angle;geometry;takeoff_return,"与 的相对方位由委任代表根据 现场环境等情况进行决定。于起飞点前规划一个等腰直角三角形并循 环执行，①②边长为a1,①③边长为a2,∠①为直角，航线相对地 面高度b，水平速度为℃，转弯方式为停止转弯，停留时间不作 要求；",1;2,度,起飞点;①;②;①;③;①,,,,,,
gcond_d8595bd189a3,gcond_d8595bd189a3,gctpl_3d78338a6bfd,gsec_e90948a0836c,qbank_7cb07e6ab374,实操题库_地面站考试条件_2026H1_空域限制或地形限制题型.txt_113,2026H1,2026H1,空域限制或地形限制题型,2026-04-22,江苏01考场,空域限制或地形限制题-考试条件提取.docx,115,2,2,(二),speed_height;bearing_angle,a1、a2值为30米，b值为30米，c值为3m/s。 (航线方位及各数值可由委任代表按实际情况进行调整，考题以 委任代表规定数值为准),1;2;30;30;3,m/s;米,,,,3m/s,,,
gcond_5882754bfafa,gcond_5882754bfafa,gctpl_429fcab54ae4,gsec_e90948a0836c,qbank_7cb07e6ab374,实操题库_地面站考试条件_2026H1_空域限制或地形限制题型.txt_113,2026H1,2026H1,空域限制或地形限制题型,2026-04-22,江苏01考场,空域限制或地形限制题-考试条件提取.docx,115,3,3,1、,coordinate;takeoff_return,起飞点经纬度： N:36.1217° E:114.3247°,36.1217;114.3247,°;度,起飞点,N:36.1217;E:114.3247,36.1217°;114.3247°,,,,
gcond_dd0102fab919,gcond_dd0102fab919,gctpl_58956777c501,gsec_e90948a0836c,qbank_7cb07e6ab374,实操题库_地面站考试条件_2026H1_空域限制或地形限制题型.txt_113,2026H1,2026H1,空域限制或地形限制题型,2026-04-22,江苏01考场,空域限制或地形限制题-考试条件提取.docx,115,4,4,2、,coordinate;bearing_angle,无人机起飞先向NW飞 300米，再向SW飞500米 达到①点,300;500,S;米,①,,,,,,
gcond_0a821d9f9269,gcond_0a821d9f9269,gctpl_83fec9397101,gsec_e90948a0836c,qbank_7cb07e6ab374,实操题库_地面站考试条件_2026H1_空域限制或地形限制题型.txt_113,2026H1,2026H1,空域限制或地形限制题型,2026-04-22,江苏01考场,空域限制或地形限制题-考试条件提取.docx,115,5,5,3、,other,③点位于②点西偏南 20°,20,°,③;②,,20°,,,,
gcond_20b0d767a4de,gcond_20b0d767a4de,gctpl_9fb7798370e6,gsec_58db7799672a,qbank_7cb07e6ab374,实操题库_地面站考试条件_2026H1_空域限制或地形限制题型.txt_114,2026H1,2026H1,空域限制或地形限制题型,2026-04-22,江苏01考场,空域限制或地形限制题-考试条件提取.docx,116,1,1,(一),speed_height;turn_hold_loop;bearing_angle;geometry;takeoff_return,与 的相对方位由委任代表根据 现场环境等情况进行决定。于起飞点前规划一个等边三角形并循环执 行，边长为a，航线相对地面高度为b，转弯方式为停止转弯，停 留时间不作要求；,,度,起飞点,,,,,,
gcond_8410e56b5e30,gcond_8410e56b5e30,gctpl_75783575b479,gsec_58db7799672a,qbank_7cb07e6ab374,实操题库_地面站考试条件_2026H1_空域限制或地形限制题型.txt_114,2026H1,2026H1,空域限制或地形限制题型,2026-04-22,江苏01考场,空域限制或地形限制题-考试条件提取.docx,116,2,2,(二),bearing_angle,a值为30米，b值为30米。（航线方位及各数值可由 委任代表按实际情况进行调整，考题以委任代表规定数值为准),30;30,米,,,,,30米;30米,,
gcond_0be1f18e6ef5,gcond_0be1f18e6ef5,gctpl_429fcab54ae4,gsec_58db7799672a,qbank_7cb07e6ab374,实操题库_地面站考试条件_2026H1_空域限制或地形限制题型.txt_114,2026H1,2026H1,空域限制或地形限制题型,2026-04-22,江苏01考场,空域限制或地形限制题-考试条件提取.docx,116,3,3,1、,coordinate;takeoff_return,起飞点经纬度： N:36.1217° E:114.3247°,36.1217;114.3247,°;度,起飞点,N:36.1217;E:114.3247,36.1217°;114.3247°,,,,
gcond_dfe87eb3737c,gcond_dfe87eb3737c,gctpl_58956777c501,gsec_58db7799672a,qbank_7cb07e6ab374,实操题库_地面站考试条件_2026H1_空域限制或地形限制题型.txt_114,2026H1,2026H1,空域限制或地形限制题型,2026-04-22,江苏01考场,空域限制或地形限制题-考试条件提取.docx,116,4,4,2、,coordinate;bearing_angle,无人机起飞先向NW飞 300米，再向SW飞500米 达到①点,300;500,S;米,①,,,,,,
gcond_41f673e734a0,gcond_41f673e734a0,gctpl_83fec9397101,gsec_58db7799672a,qbank_7cb07e6ab374,实操题库_地面站考试条件_2026H1_空域限制或地形限制题型.txt_114,2026H1,2026H1,空域限制或地形限制题型,2026-04-22,江苏01考场,空域限制或地形限制题-考试条件提取.docx,116,5,5,3、,other,③点位于②点西偏南 20°,20,°,③;②,,20°,,,,
gcond_c6024c9fac4f,gcond_c6024c9fac4f,gctpl_6c91b6e1d3b4,gsec_e282b515fff7,qbank_7cb07e6ab374,实操题库_地面站考试条件_2026H1_空域限制或地形限制题型.txt_115,2026H1,2026H1,空域限制或地形限制题型,2026-04-22,江苏01考场,空域限制或地形限制题-考试条件提取.docx,117,1,1,(一),speed_height;turn_hold_loop;bearing_angle;takeoff_return,"与 的相对方位由委任代表根据 现场环境等情况进行决定。按图于起飞点前规划扫描航线。航线长度 为a,航线间隔为b,航线相对地面高度为c,水平速度为d,转弯 模式为停止转弯，停留时间不作要求；",,度,起飞点,,,,,,
gcond_fac4714b168c,gcond_fac4714b168c,gctpl_bc812ccab840,gsec_e282b515fff7,qbank_7cb07e6ab374,实操题库_地面站考试条件_2026H1_空域限制或地形限制题型.txt_115,2026H1,2026H1,空域限制或地形限制题型,2026-04-22,江苏01考场,空域限制或地形限制题-考试条件提取.docx,117,2,2,(二),speed_height;bearing_angle,"a值为30米（误差≤±3米），b值为10米，（误差 ≤±1米)，c为30m,d值为3m/s。 (航线方位及各数值 可由变任代表按实际情况进行调整，考题以委任代表规定数值为准)",30;3;10;1;30;3,m;m/s;米,,,,3m/s,,,
gcond_2a33bd0c404a,gcond_2a33bd0c404a,gctpl_431b2041a019,gsec_e282b515fff7,qbank_7cb07e6ab374,实操题库_地面站考试条件_2026H1_空域限制或地形限制题型.txt_115,2026H1,2026H1,空域限制或地形限制题型,2026-04-22,江苏01考场,空域限制或地形限制题-考试条件提取.docx,117,3,3,1、,coordinate;takeoff_return,起飞点经纬度： N:28°39'23” E:115°56'32”,28;39;23;115;56;32,°;度,起飞点,N:28°39'23”;E:115°56'32”,28°;115°,,,,
gcond_c29f652f57e2,gcond_c29f652f57e2,gctpl_c9fabc602d40,gsec_e282b515fff7,qbank_7cb07e6ab374,实操题库_地面站考试条件_2026H1_空域限制或地形限制题型.txt_115,2026H1,2026H1,空域限制或地形限制题型,2026-04-22,江苏01考场,空域限制或地形限制题-考试条件提取.docx,117,4,4,2、,coordinate;bearing_angle,无人机起飞先向 NE飞360米，再向SE 飞680米，达到①点,360;680,S;米,①,,,,,,
gcond_a2eec4e91ff7,gcond_a2eec4e91ff7,gctpl_d027b19ac2a4,gsec_933faa2d3761,qbank_7cb07e6ab374,实操题库_地面站考试条件_2026H1_空域限制或地形限制题型.txt_116,2026H1,2026H1,空域限制或地形限制题型,2026-04-22,江苏01考场,空域限制或地形限制题-考试条件提取.docx,118,1,1,(一),coordinate;speed_height;turn_hold_loop;bearing_angle;geometry;takeoff_return,"与 的相对方位由委任代表根据 现场环境等情况进行决定。按图于起飞点前规划一个五边形并循环执 行，①②边及②③边的边长为a,∠②=∠④=∠①为90°，航线相 对地面高度为b，水平速度为c，转弯模式为停止转弯，各点停留 时间为e;",90,°;度,起飞点;①;②;②;③;②;④;①,,90°,,,,
gcond_9308f3e2b191,gcond_9308f3e2b191,gctpl_2dc5b9c4bd68,gsec_933faa2d3761,qbank_7cb07e6ab374,实操题库_地面站考试条件_2026H1_空域限制或地形限制题型.txt_116,2026H1,2026H1,空域限制或地形限制题型,2026-04-22,江苏01考场,空域限制或地形限制题-考试条件提取.docx,118,2,2,(二),coordinate;speed_height;bearing_angle,"a值为30米，b值为30米，c值为3m/s,e值 为2s。 (航线方位及各数值可由委任代表按实际情况进行调整， 考题以委任代表规定数值为准)",30;30;3;2,m/s;s;米,,,,3m/s,,,
gcond_a150b6a269a1,gcond_a150b6a269a1,gctpl_619995bdcad0,gsec_933faa2d3761,qbank_7cb07e6ab374,实操题库_地面站考试条件_2026H1_空域限制或地形限制题型.txt_116,2026H1,2026H1,空域限制或地形限制题型,2026-04-22,江苏01考场,空域限制或地形限制题-考试条件提取.docx,118,3,3,1、,coordinate;takeoff_return,"起飞点经纬度： N:28°39′23” E:115°5632""",28;39;23;115;5632,°;度,起飞点,"N:28°39′23”;E:115°5632""",28°;115°,,,,
gcond_c733cb29b12a,gcond_c733cb29b12a,gctpl_28732ac58b08,gsec_933faa2d3761,qbank_7cb07e6ab374,实操题库_地面站考试条件_2026H1_空域限制或地形限制题型.txt_116,2026H1,2026H1,空域限制或地形限制题型,2026-04-22,江苏01考场,空域限制或地形限制题-考试条件提取.docx,118,4,4,2、,coordinate;bearing_angle,无人机起飞先向NE飞 360米，再向SE飞680米 达到①点 SW,360;680,S;米,①,,,,,,
gcond_41c3203a3c7c,gcond_41c3203a3c7c,gctpl_6c6f242c9a00,gsec_991eea46fc58,qbank_7cb07e6ab374,实操题库_地面站考试条件_2026H1_空域限制或地形限制题型.txt_117,2026H1,2026H1,空域限制或地形限制题型,2026-04-23,江西02考场,空域限制或地形限制题-考试条件提取.docx,119,1,1,(一）,speed_height;turn_hold_loop;bearing_angle;geometry,"规划一个闭合等腰直角三角形，闭合点高度与①号点保持一致，不 循环执行，①②边长为a1，①③边长为a2,∠①为直角，航点相对地面高度为 b,水平速度为c,垂直速度为d，转弯方式为停止转弯，停留时间5S;",1;2;5,S;度,①;①;②;①;③;①,,,,,,
gcond_31f8af1bba00,gcond_31f8af1bba00,gctpl_e2a389225d7c,gsec_991eea46fc58,qbank_7cb07e6ab374,实操题库_地面站考试条件_2026H1_空域限制或地形限制题型.txt_117,2026H1,2026H1,空域限制或地形限制题型,2026-04-23,江西02考场,空域限制或地形限制题-考试条件提取.docx,119,2,2,(二),speed_height,"a1、a2值为50米，b值为50米，c值为3m/s,d值为2m/s。",1;2;50;50;3;2,m/s;米,,,,3m/s;2m/s,,,
gcond_2246558f49e6,gcond_2246558f49e6,gctpl_e8d3d8af3327,gsec_991eea46fc58,qbank_7cb07e6ab374,实操题库_地面站考试条件_2026H1_空域限制或地形限制题型.txt_117,2026H1,2026H1,空域限制或地形限制题型,2026-04-23,江西02考场,空域限制或地形限制题-考试条件提取.docx,119,3,3,一、,coordinate;takeoff_return,起飞点经纬度： N:22°19′03” E:114°16'02”,22;19;03;114;16;02,°;度,起飞点,N:22°19′03”;E:114°16'02”,22°;114°,,,,
gcond_3a11a2499466,gcond_3a11a2499466,gctpl_3aa041bfeedb,gsec_991eea46fc58,qbank_7cb07e6ab374,实操题库_地面站考试条件_2026H1_空域限制或地形限制题型.txt_117,2026H1,2026H1,空域限制或地形限制题型,2026-04-23,江西02考场,空域限制或地形限制题-考试条件提取.docx,119,4,4,二、,coordinate;bearing_angle;restriction;geometry;takeoff_return,由于空域限制， 飞机不能由起飞点直 飞任务航线的航点1， 需先向NE方向平飞 1000米，再向SE方向 平飞500米，到达任务 航线的航点1。,1;1000;500;1,S;米,起飞点,,,,500米,1000米;500米,
gcond_12fa417ccc1e,gcond_12fa417ccc1e,gctpl_67ce111396cb,gsec_991eea46fc58,qbank_7cb07e6ab374,实操题库_地面站考试条件_2026H1_空域限制或地形限制题型.txt_117,2026H1,2026H1,空域限制或地形限制题型,2026-04-23,江西02考场,空域限制或地形限制题-考试条件提取.docx,119,5,5,三、,geometry,航点3位于航点2 南偏东25°,3;2;25,°,,,25°,,,,
gcond_3e437e8f8ba8,gcond_3e437e8f8ba8,gctpl_7d6edadb9d3a,gsec_f0d0b3783fb0,qbank_7cb07e6ab374,实操题库_地面站考试条件_2026H1_空域限制或地形限制题型.txt_118,2026H1,2026H1,空域限制或地形限制题型,2026-04-23,江西02考场,空域限制或地形限制题-考试条件提取.docx,120,1,1,(一),coordinate;speed_height;turn_hold_loop;geometry,"按图规划一个闭合的任务航线不循环执行，闭合点高度 与①号点保持一致，①③、②③、②④、①④边长为300米，①点相 对地面高度为a，②点相对地面高度为b,③点相对地面高度为c, ④点相对地面高度为d，水平速度为e，垂直速度为f，转弯模式 为停止转弯，停留时间4s;",300;4,s;度;米,①;①;③;②;③;②;④;①;④;①;②;③;④,,,,300米,300米,
gcond_b6ecd2085042,gcond_b6ecd2085042,gctpl_f46358155522,gsec_f0d0b3783fb0,qbank_7cb07e6ab374,实操题库_地面站考试条件_2026H1_空域限制或地形限制题型.txt_118,2026H1,2026H1,空域限制或地形限制题型,2026-04-23,江西02考场,空域限制或地形限制题-考试条件提取.docx,120,2,2,(二),coordinate;speed_height,"a值为30米，b值为35米，c值为40m,d值为25m, e值为2m/s,f值为2m/s。",30;35;40;25;2;2,m;m/s;米,,,,2m/s;2m/s,,,
gcond_7182d0fcfbb6,gcond_7182d0fcfbb6,gctpl_ee567ded0174,gsec_f0d0b3783fb0,qbank_7cb07e6ab374,实操题库_地面站考试条件_2026H1_空域限制或地形限制题型.txt_118,2026H1,2026H1,空域限制或地形限制题型,2026-04-23,江西02考场,空域限制或地形限制题-考试条件提取.docx,120,3,3,一、,coordinate;takeoff_return,起飞点经纬度： N:22°09'10” E:114°26′52”,22;09;10;114;26;52,°;度,起飞点,N:22°09'10”;E:114°26′52”,22°;114°,,,,
gcond_f377e6fea11d,gcond_f377e6fea11d,gctpl_c7e62f8d6974,gsec_f0d0b3783fb0,qbank_7cb07e6ab374,实操题库_地面站考试条件_2026H1_空域限制或地形限制题型.txt_118,2026H1,2026H1,空域限制或地形限制题型,2026-04-23,江西02考场,空域限制或地形限制题-考试条件提取.docx,120,4,4,二、,restriction;geometry;takeoff_return,由于空域限制，飞机不 能由起飞点直飞任务航线的 航点1，需由起飞点起飞先向 南方向平飞800米，再向西方 向平飞400米，到达任务航线 的航点1。,1;800;400;1,米,起飞点;起飞点,,,,400米,800米;400米,
gcond_1fb833b51ada,gcond_1fb833b51ada,gctpl_95645d8784b9,gsec_f0d0b3783fb0,qbank_7cb07e6ab374,实操题库_地面站考试条件_2026H1_空域限制或地形限制题型.txt_118,2026H1,2026H1,空域限制或地形限制题型,2026-04-23,江西02考场,空域限制或地形限制题-考试条件提取.docx,120,5,5,三、,geometry,如图所以任务航点2位于 航点1南偏西15°,2;1;15,°,,,15°,,,,ocr_possible_typo
gcond_cf96cbfd59bf,gcond_cf96cbfd59bf,gctpl_e9a68c2bb231,gsec_e5ce363af461,qbank_7cb07e6ab374,实操题库_地面站考试条件_2026H1_空域限制或地形限制题型.txt_119,2026H1,2026H1,空域限制或地形限制题型,2026-04-25,重床02考场,空域限制或地形限制题-考试条件提取.docx,121,1,1,(一),coordinate;speed_height;turn_hold_loop;geometry,"规划一个闭合六边形并循环执行，边长为a,①②③航点 相对地面高度为b，④⑤⑥航点相对地面高度为c，水平速度为d, 垂直速度为e,转弯方式为协调转弯；",,度,①;②;③;④;⑤;⑥,,,,,,
gcond_30adee0f7780,gcond_30adee0f7780,gctpl_5ffcb69297e9,gsec_e5ce363af461,qbank_7cb07e6ab374,实操题库_地面站考试条件_2026H1_空域限制或地形限制题型.txt_119,2026H1,2026H1,空域限制或地形限制题型,2026-04-25,重床02考场,空域限制或地形限制题-考试条件提取.docx,121,2,2,(二),coordinate;speed_height,"a值为500米，b值为30米，c值为25m,d值为4m/s, e值为2m/s。",500;30;25;4;2,m;m/s;米,,,,4m/s;2m/s,,,
gcond_7f80808c15e0,gcond_7f80808c15e0,gctpl_129363c2f195,gsec_e5ce363af461,qbank_7cb07e6ab374,实操题库_地面站考试条件_2026H1_空域限制或地形限制题型.txt_119,2026H1,2026H1,空域限制或地形限制题型,2026-04-25,重床02考场,空域限制或地形限制题-考试条件提取.docx,121,3,3,一、,coordinate;takeoff_return,"起飞点经纬度： N:31°09′16”E:111°20'03""",31;09;16;111;20;03,°;度,起飞点,"N:31°09′16”;E:111°20'03""",31°;111°,,,,
gcond_5a0fac6dc34a,gcond_5a0fac6dc34a,gctpl_725434e71e68,gsec_e5ce363af461,qbank_7cb07e6ab374,实操题库_地面站考试条件_2026H1_空域限制或地形限制题型.txt_119,2026H1,2026H1,空域限制或地形限制题型,2026-04-25,重床02考场,空域限制或地形限制题-考试条件提取.docx,121,4,4,二、,coordinate;bearing_angle;restriction;geometry;takeoff_return,由于空域限制，飞 机不能由起飞点直飞任务航线的航点1，需先向 NE方向平飞370米，再 向NW方向平飞560米，到达任务航线的航点1,1;370;560;1,米,起飞点,,,,560米,370米;560米,
gcond_eb03d22f691f,gcond_eb03d22f691f,gctpl_f5919aa345ff,gsec_e5ce363af461,qbank_7cb07e6ab374,实操题库_地面站考试条件_2026H1_空域限制或地形限制题型.txt_119,2026H1,2026H1,空域限制或地形限制题型,2026-04-25,重床02考场,空域限制或地形限制题-考试条件提取.docx,121,5,5,三、,bearing_angle,"当地风向：SW,航 点3→2航向为逆风",3;2,S,,,,,,,
gcond_fe3e11017ed0,gcond_fe3e11017ed0,gctpl_c0e3f2dcf8a5,gsec_7595bb39b6a3,qbank_7cb07e6ab374,实操题库_地面站考试条件_2026H1_空域限制或地形限制题型.txt_120,2026H1,2026H1,空域限制或地形限制题型,2026-04-25,重庆02考场,空域限制或地形限制题-考试条件提取.docx,122,1,1,(一),coordinate;speed_height;turn_hold_loop;geometry,"按图规划一个闭合的任务航线并循环执行，①③、②③、 ②④、①④边长为300米，①点相对地面高度为a,②点相对地面高 度为b，③点相对地面高度为c，④点相对地面高度为d，水平速 度为e,垂直速度为f，转弯模式为停止转弯，停留时间6s(或13s)；",300;6;13,s;度;米,①;③;②;③;②;④;①;④;①;②;③;④,,,,300米,300米,
gcond_4a6e68fc3871,gcond_4a6e68fc3871,gctpl_43a21f5f565c,gsec_7595bb39b6a3,qbank_7cb07e6ab374,实操题库_地面站考试条件_2026H1_空域限制或地形限制题型.txt_120,2026H1,2026H1,空域限制或地形限制题型,2026-04-25,重庆02考场,空域限制或地形限制题-考试条件提取.docx,122,2,2,(二),coordinate;speed_height,"a值为21米，b值为23米，c值为25m,d值为27m, e值为6m/s,f值为3m/s。",21;23;25;27;6;3,m;m/s;米,,,,6m/s;3m/s,,,
gcond_14f3d2046fc0,gcond_14f3d2046fc0,gctpl_1a7f8db4427f,gsec_7595bb39b6a3,qbank_7cb07e6ab374,实操题库_地面站考试条件_2026H1_空域限制或地形限制题型.txt_120,2026H1,2026H1,空域限制或地形限制题型,2026-04-25,重庆02考场,空域限制或地形限制题-考试条件提取.docx,122,3,3,一、,coordinate;takeoff_return,起飞点经纬度： N:35.6344° E:106.6752°,35.6344;106.6752,°;度,起飞点,N:35.6344;E:106.6752,35.6344°;106.6752°,,,,
gcond_6b21b78505e0,gcond_6b21b78505e0,gctpl_6ee096652f86,gsec_7595bb39b6a3,qbank_7cb07e6ab374,实操题库_地面站考试条件_2026H1_空域限制或地形限制题型.txt_120,2026H1,2026H1,空域限制或地形限制题型,2026-04-25,重庆02考场,空域限制或地形限制题-考试条件提取.docx,122,4,4,二：,coordinate;bearing_angle;restriction;geometry;takeoff_return,由于空域限制，飞 机不能由起飞点直飞任 务航线的航点1，需先向 务航线的航点1，需先向 SW方向平飞480米，再 向 NW方向平飞660米， 到达任务航线的航点1,1;1;480;660;1,S;米,起飞点,,,,660米,480米;660米,
gcond_9e7ab83588e3,gcond_9e7ab83588e3,gctpl_95175f565d01,gsec_7595bb39b6a3,qbank_7cb07e6ab374,实操题库_地面站考试条件_2026H1_空域限制或地形限制题型.txt_120,2026H1,2026H1,空域限制或地形限制题型,2026-04-25,重庆02考场,空域限制或地形限制题-考试条件提取.docx,122,5,5,三：,coordinate;bearing_angle,"当地风向：SE,航 点3→2航向为顺风",3;2,S,,,,,,,
gcond_72499c6d5264,gcond_72499c6d5264,gctpl_bfb6f90eb9eb,gsec_3da3008f791e,qbank_7cb07e6ab374,实操题库_地面站考试条件_2026H1_空域限制或地形限制题型.txt_121,2026H1,2026H1,空域限制或地形限制题型,2026-04-25,河北04考场,空域限制或地形限制题-考试条件提取.docx,123,1,1,(一),speed_height;turn_hold_loop;bearing_angle;geometry,规划一个闭合等边三角形并循环执行，边长为，所有航线相对地 面高度为b，水平速度为c，垂直速度为d，转弯方式为停止转弯，停留时间 为f;,,度,,,,,,,
gcond_ad47cfaf0d90,gcond_ad47cfaf0d90,gctpl_ac70c2444f71,gsec_3da3008f791e,qbank_7cb07e6ab374,实操题库_地面站考试条件_2026H1_空域限制或地形限制题型.txt_121,2026H1,2026H1,空域限制或地形限制题型,2026-04-25,河北04考场,空域限制或地形限制题-考试条件提取.docx,123,2,2,(二),speed_height,"a值为100米，b值为50米，c值为5m/s,d值为2m/s,f值为 8So",100;50;5;2;8,S;m/s;米,,,,5m/s;2m/s,,,
gcond_3a4b164f645d,gcond_3a4b164f645d,gctpl_406ff6a4a09e,gsec_3da3008f791e,qbank_7cb07e6ab374,实操题库_地面站考试条件_2026H1_空域限制或地形限制题型.txt_121,2026H1,2026H1,空域限制或地形限制题型,2026-04-25,河北04考场,空域限制或地形限制题-考试条件提取.docx,123,3,3,一、,coordinate,A点经纬度： N:28°19'03” E:115°16′02”,28;19;03;115;16;02,°;度,,N:28°19'03”;E:115°16′02”,28°;115°,,,,
gcond_ff00fd7f1a44,gcond_ff00fd7f1a44,gctpl_a9cb32c81afc,gsec_3da3008f791e,qbank_7cb07e6ab374,实操题库_地面站考试条件_2026H1_空域限制或地形限制题型.txt_121,2026H1,2026H1,空域限制或地形限制题型,2026-04-25,河北04考场,空域限制或地形限制题-考试条件提取.docx,123,4,4,二、,coordinate;bearing_angle;restriction;geometry;takeoff_return,由于空域限制，飞 机不能由起飞点直飞任 务航线的航点1，需先向 SE方向平飞1000米到达 A航点，再向SW方向平 飞500米，到达任务航线 的航点1。,1;1000;500;1,S;米,起飞点,,,,500米,1000米;500米,
gcond_74ff7f5cefc8,gcond_74ff7f5cefc8,gctpl_0ad5eede98e4,gsec_3da3008f791e,qbank_7cb07e6ab374,实操题库_地面站考试条件_2026H1_空域限制或地形限制题型.txt_121,2026H1,2026H1,空域限制或地形限制题型,2026-04-25,河北04考场,空域限制或地形限制题-考试条件提取.docx,123,5,5,三、,geometry,航点3位于航点2南 偏西25,3;2;25,,,,,,,,
gcond_76aa176e5b38,gcond_76aa176e5b38,gctpl_4bf536fffd45,gsec_3d16797c18ea,qbank_7cb07e6ab374,实操题库_地面站考试条件_2026H1_空域限制或地形限制题型.txt_122,2026H1,2026H1,空域限制或地形限制题型,2026-04-25,河北04考场,空域限制或地形限制题-考试条件提取.docx,124,1,1,(一),coordinate;speed_height;turn_hold_loop;geometry,"按图规划一个闭合的任务航线不循环执行，①③、②③、 ②④、①④边长为300米，①点相对地面高度为a,②点相对地面高 度为b，③点相对地面高度为c,④点相对地面高度为d，水平速 度为e，垂直速度为f，转弯模式为停止转弯，停留时间4s;",300;4,s;度;米,①;③;②;③;②;④;①;④;①;②;③;④,,,,300米,300米,
gcond_a78d9bb474f0,gcond_a78d9bb474f0,gctpl_f46358155522,gsec_3d16797c18ea,qbank_7cb07e6ab374,实操题库_地面站考试条件_2026H1_空域限制或地形限制题型.txt_122,2026H1,2026H1,空域限制或地形限制题型,2026-04-25,河北04考场,空域限制或地形限制题-考试条件提取.docx,124,2,2,(二),coordinate;speed_height,"a值为30米，b值为35米，c值为40m,d值为25m, e值为2m/s,f值为2m/s。",30;35;40;25;2;2,m;m/s;米,,,,2m/s;2m/s,,,
gcond_fa131147b87e,gcond_fa131147b87e,gctpl_73db8608d2b1,gsec_3d16797c18ea,qbank_7cb07e6ab374,实操题库_地面站考试条件_2026H1_空域限制或地形限制题型.txt_122,2026H1,2026H1,空域限制或地形限制题型,2026-04-25,河北04考场,空域限制或地形限制题-考试条件提取.docx,124,3,3,一、,coordinate;takeoff_return,"起飞点经纬度： N:28°09'10"" E:115°26′52”",28;09;10;115;26;52,°;度,起飞点,"N:28°09'10"";E:115°26′52”",28°;115°,,,,
gcond_33cff363ccf7,gcond_33cff363ccf7,gctpl_84d9776b3914,gsec_3d16797c18ea,qbank_7cb07e6ab374,实操题库_地面站考试条件_2026H1_空域限制或地形限制题型.txt_122,2026H1,2026H1,空域限制或地形限制题型,2026-04-25,河北04考场,空域限制或地形限制题-考试条件提取.docx,124,4,4,二：,restriction;geometry;takeoff_return,由于空域限制，飞机不 能由起飞点直飞任务航线的 航点1，需由起飞点起飞先向 西南方向平飞1200米，再向 东南方向平飞500米，到达任 务航线的航点1。,1;1200;500;1,米,起飞点;起飞点,,,,500米,1200米;500米,
gcond_2a629b803826,gcond_2a629b803826,gctpl_cf70e58a77b8,gsec_3d16797c18ea,qbank_7cb07e6ab374,实操题库_地面站考试条件_2026H1_空域限制或地形限制题型.txt_122,2026H1,2026H1,空域限制或地形限制题型,2026-04-25,河北04考场,空域限制或地形限制题-考试条件提取.docx,124,5,5,三：,bearing_angle;geometry,如图所示任务航点4到3 航向角北偏东25°,4;3;25,°,,,25°,,,,
gcond_ad2c22dee536,gcond_ad2c22dee536,gctpl_3a5874ca88c1,gsec_2f9aac3ec542,qbank_7cb07e6ab374,实操题库_地面站考试条件_2026H1_空域限制或地形限制题型.txt_123,2026H1,2026H1,空域限制或地形限制题型,2026-04-26,湖北01考场,空域限制或地形限制题-考试条件提取.docx,125,1,1,(一),coordinate;speed_height;turn_hold_loop;geometry,"规划一个闭合六边形并循环执行，边长为a,①②③航点 相对地面高度为b,④⑤⑥航点相对地面高度为c，水平速度为d, 垂直速度为e,转弯方式为停止转弯，各点停留时间为f;",,度,①;②;③;④;⑤;⑥,,,,,,
gcond_67653cc1067a,gcond_67653cc1067a,gctpl_d7eaf440dbc8,gsec_2f9aac3ec542,qbank_7cb07e6ab374,实操题库_地面站考试条件_2026H1_空域限制或地形限制题型.txt_123,2026H1,2026H1,空域限制或地形限制题型,2026-04-26,湖北01考场,空域限制或地形限制题-考试条件提取.docx,125,2,2,(二),coordinate;speed_height,"a值为300米，b值为30米，c值为25m,d值为4m/s, e值为2m/s,f值为2s。",300;30;25;4;2;2,m;m/s;s;米,,,,4m/s;2m/s,,,
gcond_97d73f3cc569,gcond_97d73f3cc569,gctpl_a5175f8689b2,gsec_2f9aac3ec542,qbank_7cb07e6ab374,实操题库_地面站考试条件_2026H1_空域限制或地形限制题型.txt_123,2026H1,2026H1,空域限制或地形限制题型,2026-04-26,湖北01考场,空域限制或地形限制题-考试条件提取.docx,125,3,3,1、,coordinate;takeoff_return,起飞点经纬度： N:27°46′36” E:123°12'17”,27;46;36;123;12;17,°;度,起飞点,N:27°46′36”;E:123°12'17”,27°;123°,,,,
gcond_5c6f31356ac6,gcond_5c6f31356ac6,gctpl_c77ec93787f5,gsec_2f9aac3ec542,qbank_7cb07e6ab374,实操题库_地面站考试条件_2026H1_空域限制或地形限制题型.txt_123,2026H1,2026H1,空域限制或地形限制题型,2026-04-26,湖北01考场,空域限制或地形限制题-考试条件提取.docx,125,4,4,2、,coordinate;bearing_angle;restriction;geometry,空域限制：起飞后需向SW 方向平飞600米，再向SE方向 平飞800米，到达任务航点1。,600;800;1,S;米,,,,,,600米;800米,
gcond_2fab4da2fcc3,gcond_2fab4da2fcc3,gctpl_599b82e3e081,gsec_e393fe5c4395,qbank_7cb07e6ab374,实操题库_地面站考试条件_2026H1_空域限制或地形限制题型.txt_124,2026H1,2026H1,空域限制或地形限制题型,2026-04-27,贵州01考场,空域限制或地形限制题-考试条件提取.docx,126,1,1,(一),coordinate;speed_height;turn_hold_loop;geometry,"按图规划一个闭合的任务航线单次任务，①③、②③、 ②④、①④边长为300米，①点相对地面高度为a,②点相对地面高 度为b,③点相对地面高度为c，④点相对地面高度为d，水平速 度为e，垂直速度为f，转弯模式为协调转弯；",300,度;米,①;③;②;③;②;④;①;④;①;②;③;④,,,,300米,300米,
gcond_1502cc12d914,gcond_1502cc12d914,gctpl_373c4721fecb,gsec_e393fe5c4395,qbank_7cb07e6ab374,实操题库_地面站考试条件_2026H1_空域限制或地形限制题型.txt_124,2026H1,2026H1,空域限制或地形限制题型,2026-04-27,贵州01考场,空域限制或地形限制题-考试条件提取.docx,126,2,2,(二),coordinate;speed_height,"a值为23米，b值为26米，c值为25m,d值为24m, e值为4m/s,f值为2m/s。",23;26;25;24;4;2,m;m/s;米,,,,4m/s;2m/s,,,
gcond_1762f8d0364f,gcond_1762f8d0364f,gctpl_ecbdcfa70d8d,gsec_e393fe5c4395,qbank_7cb07e6ab374,实操题库_地面站考试条件_2026H1_空域限制或地形限制题型.txt_124,2026H1,2026H1,空域限制或地形限制题型,2026-04-27,贵州01考场,空域限制或地形限制题-考试条件提取.docx,126,3,3,一、,coordinate;takeoff_return,"起飞点经纬度： N:21°42'19"" E:118°33'51""",21;42;19;118;33;51,°;度,起飞点,"N:21°42'19"";E:118°33'51""",21°;118°,,,,
gcond_931c25250ff4,gcond_931c25250ff4,gctpl_9d6d17e47102,gsec_e393fe5c4395,qbank_7cb07e6ab374,实操题库_地面站考试条件_2026H1_空域限制或地形限制题型.txt_124,2026H1,2026H1,空域限制或地形限制题型,2026-04-27,贵州01考场,空域限制或地形限制题-考试条件提取.docx,126,4,4,二：,coordinate;bearing_angle;restriction;geometry;takeoff_return,由于空域限制，飞机不 能由起飞点直飞任务航线的 第一个航点，需由起飞点起 飞先向SW方向平飞1900米， 再向N方向平飞500米，到 达任务航线的第一个航点。,1900;500,S;米,起飞点;起飞点,,,,500米,1900米;500米,
gcond_c4e91a20e9c6,gcond_c4e91a20e9c6,gctpl_11e0f6d33713,gsec_e393fe5c4395,qbank_7cb07e6ab374,实操题库_地面站考试条件_2026H1_空域限制或地形限制题型.txt_124,2026H1,2026H1,空域限制或地形限制题型,2026-04-27,贵州01考场,空域限制或地形限制题-考试条件提取.docx,126,5,5,三：,bearing_angle;geometry,如图所示任务航点的第1 个航点到任务航线的第2个航 点航向角45°,1;2;45,°,,,45°,,,,
gcond_64e78bae59b6,gcond_64e78bae59b6,gctpl_a723a432c3ce,gsec_08e3050c4885,qbank_7cb07e6ab374,实操题库_地面站考试条件_2026H1_空域限制或地形限制题型.txt_125,2026H1,2026H1,空域限制或地形限制题型,2026-04-27,广西01考场,空域限制或地形限制题-考试条件提取.docx,127,1,1,(一),speed_height;turn_hold_loop;bearing_angle;geometry;takeoff_return,"与 的相对方位由委任代表根据 现场环境等情况进行决定。于起飞点前规划一个等边三角形并循环执 行，边长为a，航线相对地面高度为b，水平速度为c,垂直速度为 d,转弯方式为停止转弯，停留时间5s;",5,s;度,起飞点,,,,,,
gcond_3b68bb7c7167,gcond_3b68bb7c7167,gctpl_305e9e1e4b2f,gsec_08e3050c4885,qbank_7cb07e6ab374,实操题库_地面站考试条件_2026H1_空域限制或地形限制题型.txt_125,2026H1,2026H1,空域限制或地形限制题型,2026-04-27,广西01考场,空域限制或地形限制题-考试条件提取.docx,127,2,2,(二),speed_height;bearing_angle,"a值建议为50米，b值建议为50米，c值建议为3m/s, d值建议为2m/s。(航线方位及各数值可由委任代表按实际情况进 行调整，考题以委任代表规定数值为准)",50;50;3;2,m/s;米,,,,3m/s;2m/s,,,
gcond_91af5fe55c52,gcond_91af5fe55c52,gctpl_591e7d4c9bea,gsec_08e3050c4885,qbank_7cb07e6ab374,实操题库_地面站考试条件_2026H1_空域限制或地形限制题型.txt_125,2026H1,2026H1,空域限制或地形限制题型,2026-04-27,广西01考场,空域限制或地形限制题-考试条件提取.docx,127,3,3,1、,coordinate;takeoff_return,"起飞点经纬度： N:22°57'53"" E:108°25′38""",22;57;53;108;25;38,°;度,起飞点,"N:22°57'53"";E:108°25′38""",22°;108°,,,,
gcond_f464a9fc4141,gcond_f464a9fc4141,gctpl_37ca264dc44e,gsec_08e3050c4885,qbank_7cb07e6ab374,实操题库_地面站考试条件_2026H1_空域限制或地形限制题型.txt_125,2026H1,2026H1,空域限制或地形限制题型,2026-04-27,广西01考场,空域限制或地形限制题-考试条件提取.docx,127,4,4,2、,restriction;geometry;takeoff_return,由于空域限制，飞机不 能由起飞点直飞任务航线的 航点1，需由起飞点起飞先向 W方向平飞600米，再向S 方向平飞300米，到达图形1 号点。,1;600;300;1,S;米,起飞点;起飞点,,,,,600米;300米,
gcond_b9286818b4dd,gcond_b9286818b4dd,gctpl_e4d10b9cfc13,gsec_08e3050c4885,qbank_7cb07e6ab374,实操题库_地面站考试条件_2026H1_空域限制或地形限制题型.txt_125,2026H1,2026H1,空域限制或地形限制题型,2026-04-27,广西01考场,空域限制或地形限制题-考试条件提取.docx,127,5,5,3、,geometry,图形中③到②为顺风 本场风向南偏东10°,10,°,③;②,,10°,,,,
gcond_4c7b27cfc5fa,gcond_4c7b27cfc5fa,gctpl_f08c35076b3c,gsec_80dcbed277b0,qbank_7cb07e6ab374,实操题库_地面站考试条件_2026H1_空域限制或地形限制题型.txt_126,2026H1,2026H1,空域限制或地形限制题型,2026-04-27,广西01考场,空域限制或地形限制题-考试条件提取.docx,128,1,1,(一),coordinate;speed_height;turn_hold_loop;bearing_angle;geometry;takeoff_return,与 的相对方位由委任代表根据 现场环境等情况进行决定。按图于起飞点前规划一个四边形并循环执 行，①②边、②③边边长为a，③④边边长为b，∠②=∠③=90 航线相对地面高度为c，水平速度为d，垂直速度为e，转弯模式为 停止转弯，停留时间5S;,90;5,S;度,起飞点;①;②;②;③;③;④;②;③,,,,,,
gcond_eae7b4854a0f,gcond_eae7b4854a0f,gctpl_3bd8528ac2ff,gsec_80dcbed277b0,qbank_7cb07e6ab374,实操题库_地面站考试条件_2026H1_空域限制或地形限制题型.txt_126,2026H1,2026H1,空域限制或地形限制题型,2026-04-27,广西01考场,空域限制或地形限制题-考试条件提取.docx,128,2,2,(二),coordinate;speed_height;bearing_angle,"a值建议为200米，b值建议为300米，c值建议为300m, d值建议为3m/s,e值建议为2m/s。(航线方位及各数值可由委 任代表按实际情况进行调整，考题以委任代表规定数值为准)",200;300;300;3;2,m;m/s;米,,,,3m/s;2m/s,,,
gcond_db9638390762,gcond_db9638390762,gctpl_2cb4c436917b,gsec_80dcbed277b0,qbank_7cb07e6ab374,实操题库_地面站考试条件_2026H1_空域限制或地形限制题型.txt_126,2026H1,2026H1,空域限制或地形限制题型,2026-04-27,广西01考场,空域限制或地形限制题-考试条件提取.docx,128,3,3,1、,coordinate;takeoff_return,"起飞点经纬度： N:22°57'53” E:108°25′38""",22;57;53;108;25;38,°;度,起飞点,"N:22°57'53”;E:108°25′38""",22°;108°,,,,
gcond_7921fb108079,gcond_7921fb108079,gctpl_37ca264dc44e,gsec_80dcbed277b0,qbank_7cb07e6ab374,实操题库_地面站考试条件_2026H1_空域限制或地形限制题型.txt_126,2026H1,2026H1,空域限制或地形限制题型,2026-04-27,广西01考场,空域限制或地形限制题-考试条件提取.docx,128,4,4,2、,restriction;geometry;takeoff_return,由于空域限制，飞机不 能由起飞点直飞任务航线的 航点1，需由起飞点起飞先向 W方向平飞600米，再向S 方向平飞300米，到达图形1 号点。,1;600;300;1,S;米,起飞点;起飞点,,,,,600米;300米,
gcond_1576dd24798d,gcond_1576dd24798d,gctpl_e4d10b9cfc13,gsec_80dcbed277b0,qbank_7cb07e6ab374,实操题库_地面站考试条件_2026H1_空域限制或地形限制题型.txt_126,2026H1,2026H1,空域限制或地形限制题型,2026-04-27,广西01考场,空域限制或地形限制题-考试条件提取.docx,128,5,5,3、,geometry,图形中3到2为顺风 本场风向南偏东10°,3;2;10,°,,,10°,,,,
gcond_5984f3a07125,gcond_5984f3a07125,gctpl_39e47f66da01,gsec_c3ff9ea29d3a,qbank_7cb07e6ab374,实操题库_地面站考试条件_2026H1_空域限制或地形限制题型.txt_127,2026H1,2026H1,空域限制或地形限制题型,2026-04-27,广西01考场,空域限制或地形限制题-考试条件提取.docx,129,1,1,(一),coordinate;speed_height;turn_hold_loop;bearing_angle;geometry;takeoff_return,"与 的相对方位由委任代表根据 现场环境等情况进行决定。按图于起飞点前规划一个闭合图形并循环 执行，各点之间距离不小于50米，①点相对于地面高度为a,②点相 对地面高度为b,③点相对地面高度为c,④点相对地面高度为d, 水平速度为e，垂直速度为f，转弯模式为停止转弯，停留时间2s;",50;2,s;度;米,起飞点;①;②;③;④,,,,50米,50米,
gcond_c2a7feeb39ed,gcond_c2a7feeb39ed,gctpl_b0a1a79403e8,gsec_c3ff9ea29d3a,qbank_7cb07e6ab374,实操题库_地面站考试条件_2026H1_空域限制或地形限制题型.txt_127,2026H1,2026H1,空域限制或地形限制题型,2026-04-27,广西01考场,空域限制或地形限制题-考试条件提取.docx,129,2,2,(二),coordinate;speed_height;bearing_angle,"a值建议为20米，b值建议为25米，c值建议为30m, d值建议为20m，e值建议为2m/s,f值建议为2m/s。(航线方位 及各数值可由委任代表按实际情况进行调整，考题以委任代表规定数 值为准)",20;25;30;20;2;2,m;m/s;米,,,,2m/s;2m/s,,,
gcond_a571bcd9db23,gcond_a571bcd9db23,gctpl_31c951322418,gsec_c3ff9ea29d3a,qbank_7cb07e6ab374,实操题库_地面站考试条件_2026H1_空域限制或地形限制题型.txt_127,2026H1,2026H1,空域限制或地形限制题型,2026-04-27,广西01考场,空域限制或地形限制题-考试条件提取.docx,129,3,3,1、,coordinate;takeoff_return,起飞点经纬度： N:22°57'53” E:108°25'38”,22;57;53;108;25;38,°;度,起飞点,N:22°57'53”;E:108°25'38”,22°;108°,,,,
gcond_ee2613feccae,gcond_ee2613feccae,gctpl_37ca264dc44e,gsec_c3ff9ea29d3a,qbank_7cb07e6ab374,实操题库_地面站考试条件_2026H1_空域限制或地形限制题型.txt_127,2026H1,2026H1,空域限制或地形限制题型,2026-04-27,广西01考场,空域限制或地形限制题-考试条件提取.docx,129,4,4,2、,restriction;geometry;takeoff_return,由于空域限制，飞机不 能由起飞点直飞任务航线的 航点1，需由起飞点起飞先向 W方向平飞600米，再向S 方向平飞300米，到达图形1 号点。,1;600;300;1,S;米,起飞点;起飞点,,,,,600米;300米,
gcond_5203dadc329f,gcond_5203dadc329f,gctpl_e4d10b9cfc13,gsec_c3ff9ea29d3a,qbank_7cb07e6ab374,实操题库_地面站考试条件_2026H1_空域限制或地形限制题型.txt_127,2026H1,2026H1,空域限制或地形限制题型,2026-04-27,广西01考场,空域限制或地形限制题-考试条件提取.docx,129,5,5,3、,geometry,图形中③到②为顺风 本场风向南偏东10°,10,°,③;②,,10°,,,,
gcond_ae041b221992,gcond_ae041b221992,gctpl_4d6ec7aa9cb5,gsec_0e71203002fc,qbank_7cb07e6ab374,实操题库_地面站考试条件_2026H1_空域限制或地形限制题型.txt_128,2026H1,2026H1,空域限制或地形限制题型,2026-04-28,安徽01考场,空域限制或地形限制题-考试条件提取.docx,130,1,1,(一),coordinate;speed_height;turn_hold_loop;bearing_angle;geometry,"与 的相对方位由委任代表根 据现场环境等情况进行决定。按图规划一个闭合的任务航线不循环 执行，①③、②③、②④、①④边长为100米，①点相对地面高度为 a,②点相对地面高度为b,③点相对地面高度为c，④点相对地面 高度为d，水平速度为e，垂直速度为f，转弯模式为停止转弯， 停留时间2s;",100;2,s;度;米,①;③;②;③;②;④;①;④;①;②;③;④,,,,100米,100米,
gcond_ac56c1cc6bd3,gcond_ac56c1cc6bd3,gctpl_6b14f38128be,gsec_0e71203002fc,qbank_7cb07e6ab374,实操题库_地面站考试条件_2026H1_空域限制或地形限制题型.txt_128,2026H1,2026H1,空域限制或地形限制题型,2026-04-28,安徽01考场,空域限制或地形限制题-考试条件提取.docx,130,2,2,(二),coordinate;speed_height,"a值为50米，b值为40米，c值为30m,d值为20m, e值为5m/s,f值为3m/s。",50;40;30;20;5;3,m;m/s;米,,,,5m/s;3m/s,,,
gcond_60dd3e2b7444,gcond_60dd3e2b7444,gctpl_1e5a30a83e33,gsec_0e71203002fc,qbank_7cb07e6ab374,实操题库_地面站考试条件_2026H1_空域限制或地形限制题型.txt_128,2026H1,2026H1,空域限制或地形限制题型,2026-04-28,安徽01考场,空域限制或地形限制题-考试条件提取.docx,130,3,3,1、,coordinate;takeoff_return,起飞点经纬度： N:28°38'38” E:118°58′38”,28;38;38;118;58;38,°;度,起飞点,N:28°38'38”;E:118°58′38”,28°;118°,,,,
gcond_4a07448b61ce,gcond_4a07448b61ce,gctpl_917fcccf565d,gsec_0e71203002fc,qbank_7cb07e6ab374,实操题库_地面站考试条件_2026H1_空域限制或地形限制题型.txt_128,2026H1,2026H1,空域限制或地形限制题型,2026-04-28,安徽01考场,空域限制或地形限制题-考试条件提取.docx,130,4,4,2、,restriction;geometry;takeoff_return,由于空域限制，飞机 不能由起飞点直飞任务 航线的航点1，需由起飞 点起飞先向北偏西15 方向平飞200米，再向东 方向平飞300米，到达任 务航线的航点1。,1;15;200;300;1,米,起飞点,,,,300米,200米;300米,
gcond_1a27e870401a,gcond_1a27e870401a,gctpl_30be3cc9a629,gsec_0e71203002fc,qbank_7cb07e6ab374,实操题库_地面站考试条件_2026H1_空域限制或地形限制题型.txt_128,2026H1,2026H1,空域限制或地形限制题型,2026-04-28,安徽01考场,空域限制或地形限制题-考试条件提取.docx,130,5,5,3、,bearing_angle;geometry,如图所示任务航点3-4 航向角55°,3;4;55,°,4,,55°,,,,
gcond_4fc49b46cc9c,gcond_4fc49b46cc9c,gctpl_9e7f707b6288,gsec_f1d3b602007c,qbank_7cb07e6ab374,实操题库_地面站考试条件_2026H1_空域限制或地形限制题型.txt_129,2026H1,2026H1,空域限制或地形限制题型,2026-04-29,甘肃01考场,空域限制或地形限制题-考试条件提取.docx,131,1,1,(一),speed_height;turn_hold_loop;bearing_angle;geometry,规划一个闭合等边三角形并循环执行，边长为a，所有航线相对地 面高度为b，水平速度为c，垂直速度为d，转弯方式为停止转弯，停留时间 为5S;,5,S;度,,,,,,,
gcond_4dff6080b201,gcond_4dff6080b201,gctpl_3fb861878c22,gsec_f1d3b602007c,qbank_7cb07e6ab374,实操题库_地面站考试条件_2026H1_空域限制或地形限制题型.txt_129,2026H1,2026H1,空域限制或地形限制题型,2026-04-29,甘肃01考场,空域限制或地形限制题-考试条件提取.docx,131,2,2,(二),other,"a值为50米，b值为50米，c值为3ms,d值为2ms。",50;50;3;2,m;s;米,,,,3ms;2ms,,,
gcond_a009dbd8ef54,gcond_a009dbd8ef54,gctpl_429fcab54ae4,gsec_f1d3b602007c,qbank_7cb07e6ab374,实操题库_地面站考试条件_2026H1_空域限制或地形限制题型.txt_129,2026H1,2026H1,空域限制或地形限制题型,2026-04-29,甘肃01考场,空域限制或地形限制题-考试条件提取.docx,131,3,3,一、,coordinate;takeoff_return,起飞点经纬度： N:36.1217° E:114.3247°,36.1217;114.3247,°;度,起飞点,N:36.1217;E:114.3247,36.1217°;114.3247°,,,,
gcond_7990208a9f44,gcond_7990208a9f44,gctpl_e07447a824d4,gsec_f1d3b602007c,qbank_7cb07e6ab374,实操题库_地面站考试条件_2026H1_空域限制或地形限制题型.txt_129,2026H1,2026H1,空域限制或地形限制题型,2026-04-29,甘肃01考场,空域限制或地形限制题-考试条件提取.docx,131,4,4,二、,coordinate;bearing_angle;restriction;geometry;takeoff_return,由于空域限制， 飞机不能由起飞点直 飞任务航线的航点1， 需先向NW方向平飞 300米，再向SW方向 平飞500米，到达任务 航线的航点1。,1;300;500;1,S;米,起飞点,,,,500米,300米;500米,
gcond_c918785c60e2,gcond_c918785c60e2,gctpl_95175f565d01,gsec_f1d3b602007c,qbank_7cb07e6ab374,实操题库_地面站考试条件_2026H1_空域限制或地形限制题型.txt_129,2026H1,2026H1,空域限制或地形限制题型,2026-04-29,甘肃01考场,空域限制或地形限制题-考试条件提取.docx,131,5,5,三、,coordinate;bearing_angle;geometry,"当地风向：SE, 航点3→2航向为顺风",3;2,S,,,,,,,
gcond_fab79ff6e67c,gcond_fab79ff6e67c,gctpl_e9a68c2bb231,gsec_14804bb6cad5,qbank_7cb07e6ab374,实操题库_地面站考试条件_2026H1_空域限制或地形限制题型.txt_130,2026H1,2026H1,空域限制或地形限制题型,2026-04-29,甘肃01考场,空域限制或地形限制题-考试条件提取.docx,132,1,1,(一),coordinate;speed_height;turn_hold_loop;geometry,"规划一个闭合六边形并循环执行，边长为a,①②③航点 相对地面高度为b，④⑤⑥航点相对地面高度为c，水平速度为d, 垂直速度为e,转弯方式为协调转弯；",,度,①;②;③;④;⑤;⑥,,,,,,
gcond_352aac65a854,gcond_352aac65a854,gctpl_a7e051e4a68a,gsec_14804bb6cad5,qbank_7cb07e6ab374,实操题库_地面站考试条件_2026H1_空域限制或地形限制题型.txt_130,2026H1,2026H1,空域限制或地形限制题型,2026-04-29,甘肃01考场,空域限制或地形限制题-考试条件提取.docx,132,2,2,(二),coordinate;speed_height,"a值为300米，b值为30米，c值为25m,d值为5m/s, e值为3m/s。",300;30;25;5;3,m;m/s;米,,,,5m/s;3m/s,,,
gcond_fd8470ad8cd3,gcond_fd8470ad8cd3,gctpl_830382417d96,gsec_14804bb6cad5,qbank_7cb07e6ab374,实操题库_地面站考试条件_2026H1_空域限制或地形限制题型.txt_130,2026H1,2026H1,空域限制或地形限制题型,2026-04-29,甘肃01考场,空域限制或地形限制题-考试条件提取.docx,132,3,3,一、,coordinate;takeoff_return,起飞点经纬度： 4 N:36.2547° 5 E:114.4306°,4;36.2547;5;114.4306,°;度,起飞点;4;5,N:36.2547;E:114.4306,36.2547°;114.4306°,,,,
gcond_c32fb9846c61,gcond_c32fb9846c61,gctpl_671a83ee9a16,gsec_14804bb6cad5,qbank_7cb07e6ab374,实操题库_地面站考试条件_2026H1_空域限制或地形限制题型.txt_130,2026H1,2026H1,空域限制或地形限制题型,2026-04-29,甘肃01考场,空域限制或地形限制题-考试条件提取.docx,132,4,4,二、,coordinate;bearing_angle;restriction;geometry;takeoff_return,由于空域限制，飞 6 机不能由起飞点直飞任 务航线的航点1，需先向 SW方向平飞580米，再 向NW方向平飞610米， 到达任务航线的航点1。,6;1;580;610;1,S;米,6;起飞点,,,,610米,580米;610米,
gcond_da3cb51530e7,gcond_da3cb51530e7,gctpl_04ec6cdb1279,gsec_14804bb6cad5,qbank_7cb07e6ab374,实操题库_地面站考试条件_2026H1_空域限制或地形限制题型.txt_130,2026H1,2026H1,空域限制或地形限制题型,2026-04-29,甘肃01考场,空域限制或地形限制题-考试条件提取.docx,132,5,5,三、,coordinate;bearing_angle,"当地风向：NW,航 点3→2航向为顺风",3;2,,,,,,,,
gcond_d367dc174d5f,gcond_d367dc174d5f,gctpl_17f10d206588,gsec_bec203a5b72e,qbank_7cb07e6ab374,实操题库_地面站考试条件_2026H1_空域限制或地形限制题型.txt_131,2026H1,2026H1,空域限制或地形限制题型,2026-04-29,甘肃01考场,空域限制或地形限制题-考试条件提取.docx,133,1,1,(一),coordinate;speed_height;turn_hold_loop;geometry,"按图规划一个闭合的任务航线并循环执行(7次)，①③、② ③、②④、①④边长为300米，①点相对地面高度为a,②点相对地 面高度为b,③点相对地面高度为c，④点相对地面高度为d，水 平速度为e，垂直速度为f，转弯模式为停止转弯，停留时间13s;",7;300;13,s;度;米,①;③;②;③;②;④;①;④;①;②;③;④,,,,300米,300米,
gcond_73b38ed9122c,gcond_73b38ed9122c,gctpl_28ca84d9345d,gsec_bec203a5b72e,qbank_7cb07e6ab374,实操题库_地面站考试条件_2026H1_空域限制或地形限制题型.txt_131,2026H1,2026H1,空域限制或地形限制题型,2026-04-29,甘肃01考场,空域限制或地形限制题-考试条件提取.docx,133,2,2,(二),coordinate;speed_height,"a值为20米，b值为25米，c值为30m,d值为25m, e值为6m/s,f值为3m/s。",20;25;30;25;6;3,m;m/s;米,,,,6m/s;3m/s,,,
gcond_6510a0229a0e,gcond_6510a0229a0e,gctpl_1a7f8db4427f,gsec_bec203a5b72e,qbank_7cb07e6ab374,实操题库_地面站考试条件_2026H1_空域限制或地形限制题型.txt_131,2026H1,2026H1,空域限制或地形限制题型,2026-04-29,甘肃01考场,空域限制或地形限制题-考试条件提取.docx,133,3,3,一、,coordinate;takeoff_return,起飞点经纬度： N:35.6344° E:106.6752°,35.6344;106.6752,°;度,起飞点,N:35.6344;E:106.6752,35.6344°;106.6752°,,,,
gcond_0e39301f3972,gcond_0e39301f3972,gctpl_13bb42f81be3,gsec_bec203a5b72e,qbank_7cb07e6ab374,实操题库_地面站考试条件_2026H1_空域限制或地形限制题型.txt_131,2026H1,2026H1,空域限制或地形限制题型,2026-04-29,甘肃01考场,空域限制或地形限制题-考试条件提取.docx,133,4,4,二、,coordinate;bearing_angle;restriction;geometry;takeoff_return,由于空域限制，飞 机不能由起飞点直飞任 务航线的航点1，需先向 NE方向平飞580米，再 向SE方向平飞680米， 到达任务航线的航点1。,1;580;680;1,S;米,起飞点,,,,680米,580米;680米,
gcond_a483807390e0,gcond_a483807390e0,gctpl_365d2eac5929,gsec_bec203a5b72e,qbank_7cb07e6ab374,实操题库_地面站考试条件_2026H1_空域限制或地形限制题型.txt_131,2026H1,2026H1,空域限制或地形限制题型,2026-04-29,甘肃01考场,空域限制或地形限制题-考试条件提取.docx,133,5,5,三、,coordinate;bearing_angle,"当地风向：SE,航 点3→2航向为逆风",3;2,S,,,,,,,
gcond_2adb512d4bb0,gcond_2adb512d4bb0,gctpl_1584e88d54ae,gsec_c4838ad7e90d,qbank_7cb07e6ab374,实操题库_地面站考试条件_2026H1_空域限制或地形限制题型.txt_132,2026H1,2026H1,空域限制或地形限制题型,2026-05-10,河北03考场,空域限制或地形限制题-考试条件提取.docx,134,1,1,(一),coordinate;speed_height;turn_hold_loop;geometry,"规划一个闭合正六边形并循环执行，边长为a,①②③航 点相对地面高度为b，④⑤⑥航点相对地面高度为c,水平速度为d, 垂直速度为e,转弯方式为停止转弯，各点停留时间为f;",,度,①;②;③;④;⑤;⑥,,,,,,
gcond_5c1627328393,gcond_5c1627328393,gctpl_d7eaf440dbc8,gsec_c4838ad7e90d,qbank_7cb07e6ab374,实操题库_地面站考试条件_2026H1_空域限制或地形限制题型.txt_132,2026H1,2026H1,空域限制或地形限制题型,2026-05-10,河北03考场,空域限制或地形限制题-考试条件提取.docx,134,2,2,(二),coordinate;speed_height,"a值为300米，b值为30米，c值为25m,d值为4m/s, e值为2m/s,f值为2s。",300;30;25;4;2;2,m;m/s;s;米,,,,4m/s;2m/s,,,
gcond_bcb3fedb0a69,gcond_bcb3fedb0a69,gctpl_adb2afbe7187,gsec_c4838ad7e90d,qbank_7cb07e6ab374,实操题库_地面站考试条件_2026H1_空域限制或地形限制题型.txt_132,2026H1,2026H1,空域限制或地形限制题型,2026-05-10,河北03考场,空域限制或地形限制题-考试条件提取.docx,134,3,3,一、,coordinate;takeoff_return,起飞点经纬度： N:36.2547° E:114.4306°,36.2547;114.4306,°;度,起飞点,N:36.2547;E:114.4306,36.2547°;114.4306°,,,,
gcond_ccc902fa52a1,gcond_ccc902fa52a1,gctpl_a653d9359806,gsec_c4838ad7e90d,qbank_7cb07e6ab374,实操题库_地面站考试条件_2026H1_空域限制或地形限制题型.txt_132,2026H1,2026H1,空域限制或地形限制题型,2026-05-10,河北03考场,空域限制或地形限制题-考试条件提取.docx,134,4,4,二、,coordinate;bearing_angle;restriction;geometry;takeoff_return,由于空城限制，飞 6 机不能由起飞点直飞任 务航线的航点1，需先向 NE方向平飞460米，再 向NW方向平飞570米。 到达任务航线的航点1。,6;1;460;570;1,米,6;起飞点,,,,570米,460米;570米,
gcond_dd7116be498b,gcond_dd7116be498b,gctpl_0fd69f876963,gsec_c4838ad7e90d,qbank_7cb07e6ab374,实操题库_地面站考试条件_2026H1_空域限制或地形限制题型.txt_132,2026H1,2026H1,空域限制或地形限制题型,2026-05-10,河北03考场,空域限制或地形限制题-考试条件提取.docx,134,5,5,三、,coordinate;bearing_angle,"当地风向：NE,航 点3-2航向为顺风",3;2,,,,,,,,
gcond_e5e8106dbabd,gcond_e5e8106dbabd,gctpl_077c208417d4,gsec_f3eb751d9dfa,qbank_7cb07e6ab374,实操题库_地面站考试条件_2026H1_空域限制或地形限制题型.txt_133,2026H1,2026H1,空域限制或地形限制题型,2026-05-08,江西01考场,空域限制或地形限制题-考试条件提取.docx,135,1,1,(一),coordinate;speed_height;turn_hold_loop;bearing_angle;geometry;takeoff_return,"与 的相对方位由委任代表根据 现场环境等情况进行决定。按图于起飞点前规划一个五边形并循环执 行，①②边及②③边的边长为a,∠②=∠④=∠①为90'，航线相 对地面高度为b，水平速度为℃，转弯模式为停止转弯，各点停留 时间为e;",90,度,起飞点;①;②;②;③;②;④;①,,,,,,
gcond_de406d1797f0,gcond_de406d1797f0,gctpl_9bce87b9ab23,gsec_f3eb751d9dfa,qbank_7cb07e6ab374,实操题库_地面站考试条件_2026H1_空域限制或地形限制题型.txt_133,2026H1,2026H1,空域限制或地形限制题型,2026-05-08,江西01考场,空域限制或地形限制题-考试条件提取.docx,135,2,2,(二),coordinate;speed_height;bearing_angle,"a值为30米，b值为30米，c值为3m/s,e值为2s。 (航线方位及各数值可由委任代表按实际情况进行调整，考题以委任代 表规定数值为准)》",30;30;3;2,m/s;s;米,,,,3m/s,,,
gcond_7f9c031f1b14,gcond_7f9c031f1b14,gctpl_481986f2bfdc,gsec_f3eb751d9dfa,qbank_7cb07e6ab374,实操题库_地面站考试条件_2026H1_空域限制或地形限制题型.txt_133,2026H1,2026H1,空域限制或地形限制题型,2026-05-08,江西01考场,空域限制或地形限制题-考试条件提取.docx,135,3,3,一、,coordinate;takeoff_return,起飞点经纬度： N:33°22'26 E:102°31'41,33;22;26;102;31;41,°;度,起飞点,N:33°22'26;E:102°31'41,33°;102°,,,,
gcond_074c06958b81,gcond_074c06958b81,gctpl_cae37f3d4da7,gsec_f3eb751d9dfa,qbank_7cb07e6ab374,实操题库_地面站考试条件_2026H1_空域限制或地形限制题型.txt_133,2026H1,2026H1,空域限制或地形限制题型,2026-05-08,江西01考场,空域限制或地形限制题-考试条件提取.docx,135,4,4,二、,restriction;geometry;takeoff_return,由于空域限制， 飞机不能由起飞点直 飞任务航线的航点1， 需先向东北方向平飞 182米，再向西北方向 平飞123米，到达任务 航线的航点1。,1;182;123;1,米,起飞点,,,,123米,182米;123米,
gcond_fa42b491092b,gcond_fa42b491092b,gctpl_fb2701877111,gsec_f3eb751d9dfa,qbank_7cb07e6ab374,实操题库_地面站考试条件_2026H1_空域限制或地形限制题型.txt_133,2026H1,2026H1,空域限制或地形限制题型,2026-05-08,江西01考场,空域限制或地形限制题-考试条件提取.docx,135,5,5,三、,bearing_angle,3-2航向东南方向,3;2,,3,,,,,,
gcond_f46da20820bd,gcond_f46da20820bd,gctpl_66a3c4151904,gsec_f3eb751d9dfa,qbank_7cb07e6ab374,实操题库_地面站考试条件_2026H1_空域限制或地形限制题型.txt_133,2026H1,2026H1,空域限制或地形限制题型,2026-05-08,江西01考场,空域限制或地形限制题-考试条件提取.docx,135,6,6,四、,turn_hold_loop,闭合循环5次,5,,,,,,,,
gcond_72f139d831b4,gcond_72f139d831b4,gctpl_c5d1046358e4,gsec_1118383198b5,qbank_7cb07e6ab374,实操题库_地面站考试条件_2026H1_空域限制或地形限制题型.txt_134,2026H1,2026H1,空域限制或地形限制题型,2026-05-08,江西01考场,空域限制或地形限制题-考试条件提取.docx,136,1,1,(一),speed_height;turn_hold_loop;bearing_angle;geometry;takeoff_return,"与 的相对方位由委任代表根据 现场环境等情况进行决定。按图于起飞点前规划一个四边形并循环执 行，①②边、②③边边长为a，③④边边长为b,∠②=∠③=90 航线相对地面高度为c，水平速度为，转弯模式为停止转弯，停留 时间不做要求：",90,度,起飞点;①;②;②;③;③;④;②;③,,,,,,
gcond_5cedf1a1d151,gcond_5cedf1a1d151,gctpl_67781dcde064,gsec_1118383198b5,qbank_7cb07e6ab374,实操题库_地面站考试条件_2026H1_空域限制或地形限制题型.txt_134,2026H1,2026H1,空域限制或地形限制题型,2026-05-08,江西01考场,空域限制或地形限制题-考试条件提取.docx,136,2,2,(二),speed_height;bearing_angle,"a值为20米，b值为30米，c值为30m,d值为 3m/s,(航线方位及各数值可由委任代表按实际情况进行调整，考题 以委任代表规定数值为准)",20;30;30;3,m;m/s;米,,,,3m/s,,,
gcond_eeb71f093cbd,gcond_eeb71f093cbd,gctpl_45b4b1db4a97,gsec_1118383198b5,qbank_7cb07e6ab374,实操题库_地面站考试条件_2026H1_空域限制或地形限制题型.txt_134,2026H1,2026H1,空域限制或地形限制题型,2026-05-08,江西01考场,空域限制或地形限制题-考试条件提取.docx,136,3,3,1、,coordinate;takeoff_return,"起飞点经纬度： N:33°22'26 E:102°31'41""",33;22;26;102;31;41,°;度,起飞点,"N:33°22'26;E:102°31'41""",33°;102°,,,,
gcond_de69c826b1c3,gcond_de69c826b1c3,gctpl_f6961fc1ce0d,gsec_1118383198b5,qbank_7cb07e6ab374,实操题库_地面站考试条件_2026H1_空域限制或地形限制题型.txt_134,2026H1,2026H1,空域限制或地形限制题型,2026-05-08,江西01考场,空域限制或地形限制题-考试条件提取.docx,136,4,4,2、,restriction;geometry;takeoff_return,由于地形限制，飞 机不能由起飞点直飞 任务航线的航点1，需 向东北方向平飞182米， 再向西北方向平飞123米 到达任务航线的航点1。,1;182;123;1,米,起飞点,,,,123米,182米;123米,
gcond_e4d1a31152ec,gcond_e4d1a31152ec,gctpl_6189a311d8ec,gsec_1118383198b5,qbank_7cb07e6ab374,实操题库_地面站考试条件_2026H1_空域限制或地形限制题型.txt_134,2026H1,2026H1,空域限制或地形限制题型,2026-05-08,江西01考场,空域限制或地形限制题-考试条件提取.docx,136,5,5,3、,bearing_angle;geometry,3-2航点航向东南方向,3;2,,3,,,,,,
gcond_c4d5badfc9fb,gcond_c4d5badfc9fb,gctpl_66d91f5d2672,gsec_1118383198b5,qbank_7cb07e6ab374,实操题库_地面站考试条件_2026H1_空域限制或地形限制题型.txt_134,2026H1,2026H1,空域限制或地形限制题型,2026-05-08,江西01考场,空域限制或地形限制题-考试条件提取.docx,136,6,6,4、,turn_hold_loop,闭合航线，循环5次,5,,,,,,,,
gcond_c5d4ec42a374,gcond_c5d4ec42a374,gctpl_f6721cad7381,gsec_73b3562b9954,qbank_7cb07e6ab374,实操题库_地面站考试条件_2026H1_空域限制或地形限制题型.txt_135,2026H1,2026H1,空域限制或地形限制题型,2026-05-08,江西01考场,空域限制或地形限制题-考试条件提取.docx,137,1,1,(一),speed_height;turn_hold_loop;bearing_angle;geometry;takeoff_return,"与 的相对方位由委任代表根据 现场环境等情况进行决定。按图于起飞点前规划一个闭合图形并循环 执行，各点之间距离不小于20米，①点相对地面高度为a,，②点相 对地面高度为b,③点相对地面高度为c,④点相对地面高度为d, 水平速度为f,∠①=∠②=∠③=∠④=45·转弯模式为停止转弯， 停留时间不作要求；",20;45,度;米,起飞点;①;②;③;④;①;②;③;④,,,,20米,20米,
gcond_40b984103770,gcond_40b984103770,gctpl_89ca33d2124a,gsec_73b3562b9954,qbank_7cb07e6ab374,实操题库_地面站考试条件_2026H1_空域限制或地形限制题型.txt_135,2026H1,2026H1,空域限制或地形限制题型,2026-05-08,江西01考场,空域限制或地形限制题-考试条件提取.docx,137,2,2,(二),speed_height;bearing_angle,"a值为20米，b值为25米，c值为30m,d值为25m, f值为3m/s。(航线方位及各数值可由委任代表按实际情况进行 调整，考题以委任代表规定数值为准)",20;25;30;25;3,m;m/s;米,,,,3m/s,,,
gcond_ca4b5550f927,gcond_ca4b5550f927,gctpl_8a5bea8d9d2b,gsec_73b3562b9954,qbank_7cb07e6ab374,实操题库_地面站考试条件_2026H1_空域限制或地形限制题型.txt_135,2026H1,2026H1,空域限制或地形限制题型,2026-05-08,江西01考场,空域限制或地形限制题-考试条件提取.docx,137,3,3,1、,coordinate;takeoff_return,"起飞点经纬度： N:33°22'26"" E:102°31'41",33;22;26;102;31;41,°;度,起飞点,"N:33°22'26"";E:102°31'41",33°;102°,,,,
gcond_4ad38b7e0980,gcond_4ad38b7e0980,gctpl_77659677d908,gsec_73b3562b9954,qbank_7cb07e6ab374,实操题库_地面站考试条件_2026H1_空域限制或地形限制题型.txt_135,2026H1,2026H1,空域限制或地形限制题型,2026-05-08,江西01考场,空域限制或地形限制题-考试条件提取.docx,137,4,4,2、,restriction;geometry;takeoff_return,由于空域限制，飞机 不能由起飞点直飞任务 航线的航点1，需由起飞 点先向西北方向平飞113 米，再向西南平飞82米到 达任务航线的航点1。,1;113;82;1,米,起飞点,,,,82米,113 米;82米,
gcond_369076d435bd,gcond_369076d435bd,gctpl_cc18a46d56c8,gsec_73b3562b9954,qbank_7cb07e6ab374,实操题库_地面站考试条件_2026H1_空域限制或地形限制题型.txt_135,2026H1,2026H1,空域限制或地形限制题型,2026-05-08,江西01考场,空域限制或地形限制题-考试条件提取.docx,137,5,5,3、,bearing_angle,3-2航向东北方向,3;2,,3,,,,,,
gcond_25be340ae3b7,gcond_25be340ae3b7,gctpl_911e5c13f38f,gsec_73b3562b9954,qbank_7cb07e6ab374,实操题库_地面站考试条件_2026H1_空域限制或地形限制题型.txt_135,2026H1,2026H1,空域限制或地形限制题型,2026-05-08,江西01考场,空域限制或地形限制题-考试条件提取.docx,137,6,6,4、,turn_hold_loop,闭合循环3次,3,,,,,,,,
gcond_db3c5abaf9f7,gcond_db3c5abaf9f7,gctpl_854e333f0500,gsec_8f88a3beea32,qbank_7cb07e6ab374,实操题库_地面站考试条件_2026H1_空域限制或地形限制题型.txt_136,2026H1,2026H1,空域限制或地形限制题型,2026-05-08,江西01考场,空域限制或地形限制题-考试条件提取.docx,138,1,1,(一),speed_height;turn_hold_loop;bearing_angle;takeoff_return,"与 的相对方位由委任代表根据 现场环境等情况进行决定。按图于起飞点前规划扫描航线，航线长度 为a,航线间隔为b,航线相对地面高度为c,水平速度为d,转弯 模式为停止转弯，停留时间不作要求；",,度,起飞点,,,,,,
gcond_030b74e0d9d9,gcond_030b74e0d9d9,gctpl_869f2c640b03,gsec_8f88a3beea32,qbank_7cb07e6ab374,实操题库_地面站考试条件_2026H1_空域限制或地形限制题型.txt_136,2026H1,2026H1,空域限制或地形限制题型,2026-05-08,江西01考场,空域限制或地形限制题-考试条件提取.docx,138,2,2,(二),speed_height;bearing_angle,"a值为30米（误差云±3米），b值为10米（误差 ≤±1米)，c值为30m,d值为3m/s。 (航线方位及各数值 可由委任代表按实际情况进行调整，考题以委任代表规定数值为准)",30;3;10;1;30;3,m;m/s;米,,,,3m/s,,,
gcond_3db3b4620c46,gcond_3db3b4620c46,gctpl_45b4b1db4a97,gsec_8f88a3beea32,qbank_7cb07e6ab374,实操题库_地面站考试条件_2026H1_空域限制或地形限制题型.txt_136,2026H1,2026H1,空域限制或地形限制题型,2026-05-08,江西01考场,空域限制或地形限制题-考试条件提取.docx,138,3,3,1、,coordinate;takeoff_return,"起飞点经纬度： N:33°22'26 E:102°31'41""",33;22;26;102;31;41,°;度,起飞点,"N:33°22'26;E:102°31'41""",33°;102°,,,,
gcond_b84ed246c801,gcond_b84ed246c801,gctpl_5a82e6c816fc,gsec_8f88a3beea32,qbank_7cb07e6ab374,实操题库_地面站考试条件_2026H1_空域限制或地形限制题型.txt_136,2026H1,2026H1,空域限制或地形限制题型,2026-05-08,江西01考场,空域限制或地形限制题-考试条件提取.docx,138,4,4,2、,bearing_angle;restriction;geometry;takeoff_return,由于空域限制，飞机 不能由起点直飞任务 航线的航点1，需由起飞点 先向东北方向平飞182米， 再向西北方向平飞123米 到达任务航向点的航点1。,1;182;123;1,米,起飞点,,,,,182米;123米,
gcond_ca46aeedbdaa,gcond_ca46aeedbdaa,gctpl_fb2701877111,gsec_8f88a3beea32,qbank_7cb07e6ab374,实操题库_地面站考试条件_2026H1_空域限制或地形限制题型.txt_136,2026H1,2026H1,空域限制或地形限制题型,2026-05-08,江西01考场,空域限制或地形限制题-考试条件提取.docx,138,5,5,3、,bearing_angle,3-2航向东南方向,3;2,,3,,,,,,
gcond_fe03e9462aad,gcond_fe03e9462aad,gctpl_66a3c4151904,gsec_8f88a3beea32,qbank_7cb07e6ab374,实操题库_地面站考试条件_2026H1_空域限制或地形限制题型.txt_136,2026H1,2026H1,空域限制或地形限制题型,2026-05-08,江西01考场,空域限制或地形限制题-考试条件提取.docx,138,6,6,4、,turn_hold_loop,闭合循环5次,5,,,,,,,,
gcond_cdce18ffaf6c,gcond_cdce18ffaf6c,gctpl_9e92b1ea75bd,gsec_c639235f31ea,qbank_7cb07e6ab374,实操题库_地面站考试条件_2026H1_空域限制或地形限制题型.txt_137,2026H1,2026H1,空域限制或地形限制题型,2026-05-08,江西01考场,空域限制或地形限制题-考试条件提取.docx,139,1,1,(一),coordinate;speed_height;turn_hold_loop;bearing_angle;geometry,"与 的相对方位由委任代表根据 现场环境等情况进行决定。规划一个六边形并循环执行，边长为a, ①②③航点相对地面高度为b,④⑤⑥航点相对地面高度为c,水平 速度为d,垂直速度为e,转弯方式为停止转弯，各点停留时间为f;",,度,①;②;③;④;⑤;⑥,,,,,,
gcond_64195233c9a2,gcond_64195233c9a2,gctpl_d9c2047b6265,gsec_c639235f31ea,qbank_7cb07e6ab374,实操题库_地面站考试条件_2026H1_空域限制或地形限制题型.txt_137,2026H1,2026H1,空域限制或地形限制题型,2026-05-08,江西01考场,空域限制或地形限制题-考试条件提取.docx,139,2,2,(二),speed_height;bearing_angle,"a值为30米（误差云±3米），b值为25米，c值 为30m,d值为2m/s,f值为2s。(航线方位及各数值可由委任代表 按实际情况进行调整，考题以委任代表规定数值为准)",30;3;25;30;2;2,m;m/s;s;米,,,,2m/s,,,
gcond_ae507b271530,gcond_ae507b271530,gctpl_8a5bea8d9d2b,gsec_c639235f31ea,qbank_7cb07e6ab374,实操题库_地面站考试条件_2026H1_空域限制或地形限制题型.txt_137,2026H1,2026H1,空域限制或地形限制题型,2026-05-08,江西01考场,空域限制或地形限制题-考试条件提取.docx,139,3,3,1、,coordinate;takeoff_return,"起飞点经纬度： N:33°22'26"" E:102°31'41",33;22;26;102;31;41,°;度,起飞点,"N:33°22'26"";E:102°31'41",33°;102°,,,,
gcond_ab9fc6f2f3f1,gcond_ab9fc6f2f3f1,gctpl_f6961fc1ce0d,gsec_c639235f31ea,qbank_7cb07e6ab374,实操题库_地面站考试条件_2026H1_空域限制或地形限制题型.txt_137,2026H1,2026H1,空域限制或地形限制题型,2026-05-08,江西01考场,空域限制或地形限制题-考试条件提取.docx,139,4,4,2、,restriction;geometry;takeoff_return,由于地形限制，飞 机不能由起飞点直飞 任务航线的航点1，需 向东北方向平飞182米， 再向西北方向平飞123米 到达任务航线的航点1。,1;182;123;1,米,起飞点,,,,123米,182米;123米,
gcond_7ca7f362d732,gcond_7ca7f362d732,gctpl_6189a311d8ec,gsec_c639235f31ea,qbank_7cb07e6ab374,实操题库_地面站考试条件_2026H1_空域限制或地形限制题型.txt_137,2026H1,2026H1,空域限制或地形限制题型,2026-05-08,江西01考场,空域限制或地形限制题-考试条件提取.docx,139,5,5,3、,bearing_angle;geometry,3-2航点航向东南方向,3;2,,3,,,,,,
gcond_6a76b2fbc4e9,gcond_6a76b2fbc4e9,gctpl_66d91f5d2672,gsec_c639235f31ea,qbank_7cb07e6ab374,实操题库_地面站考试条件_2026H1_空域限制或地形限制题型.txt_137,2026H1,2026H1,空域限制或地形限制题型,2026-05-08,江西01考场,空域限制或地形限制题-考试条件提取.docx,139,6,6,4、,turn_hold_loop,闭合航线，循环5次,5,,,,,,,,
gcond_10da15463ef9,gcond_10da15463ef9,gctpl_064a645354b2,gsec_2ef5394b211e,qbank_7cb07e6ab374,实操题库_地面站考试条件_2026H1_空域限制或地形限制题型.txt_138,2026H1,2026H1,空域限制或地形限制题型,2026-05-08,广东02考场,空域限制或地形限制题-考试条件提取.docx,140,1,1,(一),speed_height;bearing_angle;takeoff_return,"与 的相对方位由委任代表根据 现场环境等情况进行决定。按图于起飞点前规划扫描航线，航线长度 为a,航线间隔为b,航线相对地面高度为c;",,度,起飞点,,,,,,
gcond_1ff5d7a0e658,gcond_1ff5d7a0e658,gctpl_a8098195434e,gsec_2ef5394b211e,qbank_7cb07e6ab374,实操题库_地面站考试条件_2026H1_空域限制或地形限制题型.txt_138,2026H1,2026H1,空域限制或地形限制题型,2026-05-08,广东02考场,空域限制或地形限制题-考试条件提取.docx,140,2,2,(二),bearing_angle,a值建议为200米（误差云±20米），b值建议为80米 (误差云±8米)，c值建议为150m(航线方位及各数值可由变任代表 按实际情况进行调整，考题以委任代表规定数值为准) 考育签字： 时间：,200;20;80;8;150,m;米,,,,,150m,,
gcond_46d8073f6e8c,gcond_46d8073f6e8c,gctpl_b8e8a6b4262e,gsec_2ef5394b211e,qbank_7cb07e6ab374,实操题库_地面站考试条件_2026H1_空域限制或地形限制题型.txt_138,2026H1,2026H1,空域限制或地形限制题型,2026-05-08,广东02考场,空域限制或地形限制题-考试条件提取.docx,140,3,3,二：,coordinate;bearing_angle;restriction;geometry;takeoff_return,由于空域限制，飞机不能由 起飞点直飞任务航线的航点1 ，需先向NE方向平飞300米， 再向NW方向平飞500米，到 达任务航线的航点1。,1;300;500;1,米,起飞点,,,,500米,300米;500米,
gcond_019044709aec,gcond_019044709aec,gctpl_ddedbffb9338,gsec_2ef5394b211e,qbank_7cb07e6ab374,实操题库_地面站考试条件_2026H1_空域限制或地形限制题型.txt_138,2026H1,2026H1,空域限制或地形限制题型,2026-05-08,广东02考场,空域限制或地形限制题-考试条件提取.docx,140,4,4,三：,bearing_angle;geometry,图形中2到1航向东偏北20 度,2;1;20,度,,,20 度,,,,
gcond_6e0bb740a20d,gcond_6e0bb740a20d,gctpl_51c416ba6f1e,gsec_6b0e920c49df,qbank_7cb07e6ab374,实操题库_地面站考试条件_2026H1_空域限制或地形限制题型.txt_139,2026H1,2026H1,空域限制或地形限制题型,2026-05-06,广东03考场,空域限制或地形限制题-考试条件提取.docx,141,1,1,(一),speed_height;turn_hold_loop;bearing_angle;geometry,"规划一个闭合等边三角形并循环执行，边长为a，所有航线相对地 面高度为b,水平速度为℃，垂直速度为d，转弯方式为停止转弯，停留时间 为f;",,度,,,,,,,
gcond_ad2ce13127be,gcond_ad2ce13127be,gctpl_ec4f7a26cca2,gsec_6b0e920c49df,qbank_7cb07e6ab374,实操题库_地面站考试条件_2026H1_空域限制或地形限制题型.txt_139,2026H1,2026H1,空域限制或地形限制题型,2026-05-06,广东03考场,空域限制或地形限制题-考试条件提取.docx,141,2,2,(二),coordinate;speed_height;bearing_angle,"a值为100米，b值为50米，c值为5m/s,d值为2m/s,f值为 8se",100;50;5;2;8,m/s;s;米,,,,5m/s;2m/s,,,
gcond_4fd2a5bc8c14,gcond_4fd2a5bc8c14,gctpl_af4876b3410f,gsec_6b0e920c49df,qbank_7cb07e6ab374,实操题库_地面站考试条件_2026H1_空域限制或地形限制题型.txt_139,2026H1,2026H1,空域限制或地形限制题型,2026-05-06,广东03考场,空域限制或地形限制题-考试条件提取.docx,141,3,3,一、,coordinate;takeoff_return,"起飞点经纬度： N:28°19'03"" E:115°16'02",28;19;03;115;16;02,°;度,起飞点,"N:28°19'03"";E:115°16'02",28°;115°,,,,
gcond_98fdd14e63c7,gcond_98fdd14e63c7,gctpl_b8b68c2c0850,gsec_6b0e920c49df,qbank_7cb07e6ab374,实操题库_地面站考试条件_2026H1_空域限制或地形限制题型.txt_139,2026H1,2026H1,空域限制或地形限制题型,2026-05-06,广东03考场,空域限制或地形限制题-考试条件提取.docx,141,4,4,二、,coordinate;bearing_angle;restriction;geometry;takeoff_return,由于空城限制， 飞机不能由起飞点直 飞任务航线的航点1， 需先向SE方向平飞 1300米，再向SW方向 平飞600米，到达任务 航线的航点1。,1;1300;600;1,S;米,起飞点,,,,600米,1300米;600米,
gcond_799aaf3c6ef5,gcond_799aaf3c6ef5,gctpl_7bcaea81cd49,gsec_6b0e920c49df,qbank_7cb07e6ab374,实操题库_地面站考试条件_2026H1_空域限制或地形限制题型.txt_139,2026H1,2026H1,空域限制或地形限制题型,2026-05-06,广东03考场,空域限制或地形限制题-考试条件提取.docx,141,5,5,三、,bearing_angle;geometry,航点3-2航向角为 南偏西15°,3;2;15,°,,,15°,,,,
gcond_b04644928424,gcond_b04644928424,gctpl_5b5a35ca02f5,gsec_08a3f19d606c,qbank_7cb07e6ab374,实操题库_地面站考试条件_2026H1_空域限制或地形限制题型.txt_140,2026H1,2026H1,空域限制或地形限制题型,2026-05-17,河南01考场,空域限制或地形限制题-考试条件提取.docx,142,1,1,(一),coordinate;speed_height;turn_hold_loop;bearing_angle;geometry,"按图规划一个闭合四边形，①②边、②③边边长为a,① ④边边长为b,∠①=∠②=90·航线循环执行，相对地面高度为c, 水平速度为d，垂直速度为e,转弯模式为停止转弯，停留时间7s;",90;7,s;度,①;②;②;③;①;④;①;②,,,,,,
gcond_b921f326e9a4,gcond_b921f326e9a4,gctpl_76b4d0cef2e8,gsec_08a3f19d606c,qbank_7cb07e6ab374,实操题库_地面站考试条件_2026H1_空域限制或地形限制题型.txt_140,2026H1,2026H1,空域限制或地形限制题型,2026-05-17,河南01考场,空域限制或地形限制题-考试条件提取.docx,142,2,2,(二),coordinate;speed_height,"a值为200米，b值为400米，c值为300m,d值为 8m/s,e值为5m/s。",200;400;300;8;5,m;m/s;米,,,,8m/s;5m/s,,,
gcond_66afadaf14f3,gcond_66afadaf14f3,gctpl_bbfb1b96aaa1,gsec_08a3f19d606c,qbank_7cb07e6ab374,实操题库_地面站考试条件_2026H1_空域限制或地形限制题型.txt_140,2026H1,2026H1,空域限制或地形限制题型,2026-05-17,河南01考场,空域限制或地形限制题-考试条件提取.docx,142,3,3,一：,coordinate;takeoff_return,"起飞点经纬度： N:34°51'26"" E:113°15′33""",34;51;26;113;15;33,°;度,起飞点,"N:34°51'26"";E:113°15′33""",34°;113°,,,,
gcond_9884b484d029,gcond_9884b484d029,gctpl_405a13a720a6,gsec_08a3f19d606c,qbank_7cb07e6ab374,实操题库_地面站考试条件_2026H1_空域限制或地形限制题型.txt_140,2026H1,2026H1,空域限制或地形限制题型,2026-05-17,河南01考场,空域限制或地形限制题-考试条件提取.docx,142,4,4,二：,restriction;geometry;takeoff_return,由于空域限制，飞机 不能由起飞点直飞任务航 线的航点1，需由起飞点 起飞先向西北方向平飞12 00米，再向东南方向平飞 500米，到达任务航线的 航点1,1;12;00;500;1,米,起飞点;起飞点,,,,500米,00米;500米,
gcond_af3fbae04604,gcond_af3fbae04604,gctpl_f524342344b8,gsec_08a3f19d606c,qbank_7cb07e6ab374,实操题库_地面站考试条件_2026H1_空域限制或地形限制题型.txt_140,2026H1,2026H1,空域限制或地形限制题型,2026-05-17,河南01考场,空域限制或地形限制题-考试条件提取.docx,142,5,5,三：,coordinate;bearing_angle;geometry,当地风向：SE 航线要求： 航点2到航点3的航向为逆风,2;3,S,,,,,,,
gcond_c3d299f31039,gcond_c3d299f31039,gctpl_3a5874ca88c1,gsec_4c73db87d95f,qbank_7cb07e6ab374,实操题库_地面站考试条件_2026H1_空域限制或地形限制题型.txt_141,2026H1,2026H1,空域限制或地形限制题型,2026-05-22,云南01考场,空域限制或地形限制题-考试条件提取.docx,143,1,1,(一),coordinate;speed_height;turn_hold_loop;geometry,"规划一个闭合六边形并循环执行，边长为a,①②③航点 相对地面高度为b，④⑤⑥航点相对地面高度为c，水平速度为d, 垂直速度为e,转弯方式为停止转弯，各点停留时间为f;",,度,①;②;③;④;⑤;⑥,,,,,,
gcond_ee3cf80a5482,gcond_ee3cf80a5482,gctpl_960db856eccd,gsec_4c73db87d95f,qbank_7cb07e6ab374,实操题库_地面站考试条件_2026H1_空域限制或地形限制题型.txt_141,2026H1,2026H1,空域限制或地形限制题型,2026-05-22,云南01考场,空域限制或地形限制题-考试条件提取.docx,143,2,2,(二),coordinate;speed_height,"a值为350米，b值为30米，c值为20m,d值为4m/s, e值为2m/s,f值为2s。",350;30;20;4;2;2,m;m/s;s;米,,,,4m/s;2m/s,,,
gcond_9e422235edf8,gcond_9e422235edf8,gctpl_7db10e47242b,gsec_4c73db87d95f,qbank_7cb07e6ab374,实操题库_地面站考试条件_2026H1_空域限制或地形限制题型.txt_141,2026H1,2026H1,空域限制或地形限制题型,2026-05-22,云南01考场,空域限制或地形限制题-考试条件提取.docx,143,3,3,一、,coordinate;geometry,题卡图形③号点经纬度： N:30°30'35 E:115°12'12,30;30;35;115;12;12,°;度,③,N:30°30'35;E:115°12'12,30°;115°,,,,
gcond_8aaa05aa991f,gcond_8aaa05aa991f,gctpl_5e3e2178d3aa,gsec_4c73db87d95f,qbank_7cb07e6ab374,实操题库_地面站考试条件_2026H1_空域限制或地形限制题型.txt_141,2026H1,2026H1,空域限制或地形限制题型,2026-05-22,云南01考场,空域限制或地形限制题-考试条件提取.docx,143,4,4,二、,coordinate;bearing_angle;restriction,"由于空域限制：起飞后 需向SE方向飞行50M,到达""” 避让点”再执行航线任务。",50,M;S,,,,,,50M,
gcond_a81896eef489,gcond_a81896eef489,gctpl_38f13e72ce67,gsec_4c73db87d95f,qbank_7cb07e6ab374,实操题库_地面站考试条件_2026H1_空域限制或地形限制题型.txt_141,2026H1,2026H1,空域限制或地形限制题型,2026-05-22,云南01考场,空域限制或地形限制题-考试条件提取.docx,143,5,5,三、,coordinate;bearing_angle;restriction;geometry,题卡图形1号点位于“ 避让点”NE方向，距离35M。 2一3为东偏南35°,1;35;2;3;35,M;°,,,35°,,,35M,
gcond_e8dd0e3924f4,gcond_e8dd0e3924f4,gctpl_24a33992a4f1,gsec_566418e0873d,qbank_7cb07e6ab374,实操题库_地面站考试条件_2026H1_空域限制或地形限制题型.txt_142,2026H1,2026H1,空域限制或地形限制题型,2026-05-23,新疆01考场,空域限制或地形限制题-考试条件提取.docx,144,1,1,(一),speed_height;turn_hold_loop;bearing_angle;geometry;takeoff_return,"于起飞点前规划一个等边三角形，边长为a，所有航线相对地面高 度为b,水平速度为c,垂直速度为d，转弯方式为停止转弯，停留时间不作 要求；",,度,起飞点,,,,,,
gcond_58bf0457538a,gcond_58bf0457538a,gctpl_8356d88d305b,gsec_566418e0873d,qbank_7cb07e6ab374,实操题库_地面站考试条件_2026H1_空域限制或地形限制题型.txt_142,2026H1,2026H1,空域限制或地形限制题型,2026-05-23,新疆01考场,空域限制或地形限制题-考试条件提取.docx,144,2,2,(二),speed_height,"a值为30米，b值为30米，c值为3m/s,d值为1m/s,f值为 8so",30;30;3;1;8,m/s;s;米,,,,3m/s;1m/s,,,
gcond_31289e96250e,gcond_31289e96250e,gctpl_a08c6ff02b8f,gsec_566418e0873d,qbank_7cb07e6ab374,实操题库_地面站考试条件_2026H1_空域限制或地形限制题型.txt_142,2026H1,2026H1,空域限制或地形限制题型,2026-05-23,新疆01考场,空域限制或地形限制题-考试条件提取.docx,144,3,3,二、,other,由于天气原因，无人 机起飞后先向西偏南20° 方向飞行50m后，再向西 北方向飞行100m后到达 测区,20;50;100,m;°,,,20°,,,100m,
gcond_a35434d39df9,gcond_a35434d39df9,gctpl_d83e0c5f7793,gsec_566418e0873d,qbank_7cb07e6ab374,实操题库_地面站考试条件_2026H1_空域限制或地形限制题型.txt_142,2026H1,2026H1,空域限制或地形限制题型,2026-05-23,新疆01考场,空域限制或地形限制题-考试条件提取.docx,144,4,4,三、,bearing_angle,③点位于②点的正东 面,,,③;②,,,,,,
gcond_c9ea9cffa74e,gcond_c9ea9cffa74e,gctpl_824fa22912ce,gsec_f3ed9a6ed5ce,qbank_7cb07e6ab374,实操题库_地面站考试条件_2026H1_空域限制或地形限制题型.txt_143,2026H1,2026H1,空域限制或地形限制题型,2026-05-28,山东03考场,空域限制或地形限制题-考试条件提取.docx,145,1,1,1、,bearing_angle;geometry,图形如下，图中所标注的锐角角度均为45°，各航点间的距离不小于20米，,45;20,°;度;米,,,45°,,,20米,
gcond_f77e49ac2763,gcond_f77e49ac2763,gctpl_0968b9c29034,gsec_f3ed9a6ed5ce,qbank_7cb07e6ab374,实操题库_地面站考试条件_2026H1_空域限制或地形限制题型.txt_143,2026H1,2026H1,空域限制或地形限制题型,2026-05-28,山东03考场,空域限制或地形限制题-考试条件提取.docx,145,2,2,2、,coordinate;bearing_angle;geometry;takeoff_return,H(起飞点)需要向SE方向平飞200米，再向N方向平飞50米达到图形1点； (保留飞行轨迹),200;50;1,S;米,起飞点,,,,,200米;50米,
gcond_cbb71ad125d8,gcond_cbb71ad125d8,gctpl_11089b7d0673,gsec_f3ed9a6ed5ce,qbank_7cb07e6ab374,实操题库_地面站考试条件_2026H1_空域限制或地形限制题型.txt_143,2026H1,2026H1,空域限制或地形限制题型,2026-05-28,山东03考场,空域限制或地形限制题-考试条件提取.docx,145,3,3,3、,speed_height,"航线高度为60m,水平速度为4ms,垂直速度为2ms;",60;4;2,m;s;度,,,,4ms;2ms,60m,,
gcond_ec9400f75714,gcond_ec9400f75714,gctpl_45002d60331a,gsec_f3ed9a6ed5ce,qbank_7cb07e6ab374,实操题库_地面站考试条件_2026H1_空域限制或地形限制题型.txt_143,2026H1,2026H1,空域限制或地形限制题型,2026-05-28,山东03考场,空域限制或地形限制题-考试条件提取.docx,145,4,4,4、,turn_hold_loop,转弯模式为：定点转弯，停留时间=3s,3,s,,,,,,,
gcond_44094ec381a9,gcond_44094ec381a9,gctpl_095d09e35127,gsec_f3ed9a6ed5ce,qbank_7cb07e6ab374,实操题库_地面站考试条件_2026H1_空域限制或地形限制题型.txt_143,2026H1,2026H1,空域限制或地形限制题型,2026-05-28,山东03考场,空域限制或地形限制题-考试条件提取.docx,145,5,5,5、,turn_hold_loop;geometry,图形循环模式为：闭合航线,,,,,,,,,
gcond_956ea81f88f1,gcond_956ea81f88f1,gctpl_cb16b13f7ff9,gsec_f3ed9a6ed5ce,qbank_7cb07e6ab374,实操题库_地面站考试条件_2026H1_空域限制或地形限制题型.txt_143,2026H1,2026H1,空域限制或地形限制题型,2026-05-28,山东03考场,空域限制或地形限制题-考试条件提取.docx,145,6,6,6、,bearing_angle,2点到3点的航向为SW,2;3,S,,,,,,,
gcond_45c4bdc9e072,gcond_45c4bdc9e072,gctpl_a88641f20cc0,gsec_dedf78742614,qbank_7cb07e6ab374,实操题库_地面站考试条件_2026H1_空域限制或地形限制题型.txt_144,2026H1,2026H1,空域限制或地形限制题型,2026-05-29,甘肃01考场,空域限制或地形限制题-考试条件提取.docx,146,1,1,(一),speed_height;turn_hold_loop;bearing_angle;geometry,"规划一个等腰直角三角形，并循环执行，边长为a,所有航线相对地 面高度为b,水平速度为c,垂直速度为d,转弯方式为停止转弯，停留时间为 5s;",5,s;度,,,,,,,
gcond_6abcb19433dc,gcond_6abcb19433dc,gctpl_c0d67656f3ba,gsec_dedf78742614,qbank_7cb07e6ab374,实操题库_地面站考试条件_2026H1_空域限制或地形限制题型.txt_144,2026H1,2026H1,空域限制或地形限制题型,2026-05-29,甘肃01考场,空域限制或地形限制题-考试条件提取.docx,146,2,2,(二),speed_height,"a值为40米，b值为40米，c值为5m/s,d值为2m/s。",40;40;5;2,m/s;米,,,,5m/s;2m/s,,,
gcond_692bb86fa9f0,gcond_692bb86fa9f0,gctpl_b8ae13070413,gsec_dedf78742614,qbank_7cb07e6ab374,实操题库_地面站考试条件_2026H1_空域限制或地形限制题型.txt_144,2026H1,2026H1,空域限制或地形限制题型,2026-05-29,甘肃01考场,空域限制或地形限制题-考试条件提取.docx,146,3,3,一：,coordinate;takeoff_return,"起飞点经纬度： N:39°15′58"" E:76°50'27",39;15;58;76;50;27,°;度,起飞点,"N:39°15′58"";E:76°50'27",39°;76°,,,,
gcond_ad8b311ff860,gcond_ad8b311ff860,gctpl_91aa4938a3c9,gsec_dedf78742614,qbank_7cb07e6ab374,实操题库_地面站考试条件_2026H1_空域限制或地形限制题型.txt_144,2026H1,2026H1,空域限制或地形限制题型,2026-05-29,甘肃01考场,空域限制或地形限制题-考试条件提取.docx,146,4,4,二：,coordinate;bearing_angle;restriction;geometry;takeoff_return,由于空域限制，飞机 不能由起飞点直飞任务航 线的航点1，需先向NW方 平飞300米，再向南平飞 600米到达任务题卡图航线 的航点1,1;300;600;1,米,起飞点,,,,600米,300米;600米,
gcond_fd013ef4e629,gcond_fd013ef4e629,gctpl_508276177a71,gsec_dedf78742614,qbank_7cb07e6ab374,实操题库_地面站考试条件_2026H1_空域限制或地形限制题型.txt_144,2026H1,2026H1,空域限制或地形限制题型,2026-05-29,甘肃01考场,空域限制或地形限制题-考试条件提取.docx,146,5,5,三：,bearing_angle;geometry,任务航线图形中3-2点 航向为逆风，风向：正东，,3;2,,,,,,,,
gcond_6a5397af347f,gcond_6a5397af347f,gctpl_e5b896dc844a,gsec_596b91c86eea,qbank_7cb07e6ab374,实操题库_地面站考试条件_2026H1_空域限制或地形限制题型.txt_145,2026H1,2026H1,空域限制或地形限制题型,2026-06-01,山东02考场,空域限制或地形限制题-考试条件提取.docx,147,1,1,(一),coordinate;speed_height;turn_hold_loop;geometry,"按图规划一个闭合的任务航线并循环执行，①③、②③、 ②④、①④边长为300米，①点相对地面高度为a,②点相对地面高度 为b,③点相对地面高度为c,④点相对地面高度为d,水平速度为e ，垂直速度为f,转弯模式为停止转弯，停留时间2s:",300;2,s;度;米,①;③;②;③;②;④;①;④;①;②;③;④,,,,300米,300米,
gcond_af275d9b0398,gcond_af275d9b0398,gctpl_ef11846ede82,gsec_596b91c86eea,qbank_7cb07e6ab374,实操题库_地面站考试条件_2026H1_空域限制或地形限制题型.txt_145,2026H1,2026H1,空域限制或地形限制题型,2026-06-01,山东02考场,空域限制或地形限制题-考试条件提取.docx,147,2,2,(二),coordinate;speed_height,"a值为20米，b值为25米，c值为30m,d值为20m, e值为2m/s,f值为2m/s。",20;25;30;20;2;2,m;m/s;米,,,,2m/s;2m/s,,,
gcond_78cd96c5a687,gcond_78cd96c5a687,gctpl_e6a1ba2c420b,gsec_596b91c86eea,qbank_7cb07e6ab374,实操题库_地面站考试条件_2026H1_空域限制或地形限制题型.txt_145,2026H1,2026H1,空域限制或地形限制题型,2026-06-01,山东02考场,空域限制或地形限制题-考试条件提取.docx,147,3,3,一、,coordinate;takeoff_return,"起飞点经纬度： N:36.1217° E:114.3247""",36.1217;114.3247,°;度,起飞点,"N:36.1217;E:114.3247""",36.1217°,,,,
gcond_329cc4d2913a,gcond_329cc4d2913a,gctpl_2bb0a7124514,gsec_596b91c86eea,qbank_7cb07e6ab374,实操题库_地面站考试条件_2026H1_空域限制或地形限制题型.txt_145,2026H1,2026H1,空域限制或地形限制题型,2026-06-01,山东02考场,空域限制或地形限制题-考试条件提取.docx,147,4,4,二：,coordinate;bearing_angle;restriction;geometry;takeoff_return,"由于空域限制，飞机不能 任务航线示意图： 由起飞点直飞任务航线的航点 1,需先向NW方向平飞570米 再向SW方向平飞530米，到达",1;570;530,S;米,起飞点;1,,,,,570米;530米,
gcond_c30248455aa0,gcond_c30248455aa0,gctpl_58d202508227,gsec_596b91c86eea,qbank_7cb07e6ab374,实操题库_地面站考试条件_2026H1_空域限制或地形限制题型.txt_145,2026H1,2026H1,空域限制或地形限制题型,2026-06-01,山东02考场,空域限制或地形限制题-考试条件提取.docx,147,5,5,三：,coordinate;bearing_angle;geometry,"当地风向：SE,航点3-2航 向为逆风",3;2,S,,,,,,,
gcond_e99df7d84069,gcond_e99df7d84069,gctpl_de81fb8e5c9c,gsec_37499c01930c,qbank_7cb07e6ab374,实操题库_地面站考试条件_2026H1_空域限制或地形限制题型.txt_146,2026H1,2026H1,空域限制或地形限制题型,2026-05-15,江西03考场,空域限制或地形限制题-考试条件提取.docx,148,1,1,(一),speed_height;turn_hold_loop;bearing_angle;geometry,"规划一个闭合等边三角形并循环执行，边长为a，所有航线相对地 面高度为b，水平速度为c,垂直速度为d，转弯方式为停止转弯，停留时间 为f;",,度,,,,,,,
gcond_e45c4c5faf4e,gcond_e45c4c5faf4e,gctpl_7405ac5960df,gsec_37499c01930c,qbank_7cb07e6ab374,实操题库_地面站考试条件_2026H1_空域限制或地形限制题型.txt_146,2026H1,2026H1,空域限制或地形限制题型,2026-05-15,江西03考场,空域限制或地形限制题-考试条件提取.docx,148,2,2,(二),speed_height,"a值为100米，b值为50米，c值为5m/s,d值为2m/s,f值为 8s8",100;50;5;2;8;8,m/s;s;米,,,,5m/s;2m/s,,,
gcond_43f8b5f2f38f,gcond_43f8b5f2f38f,gctpl_3e268f226ac0,gsec_37499c01930c,qbank_7cb07e6ab374,实操题库_地面站考试条件_2026H1_空域限制或地形限制题型.txt_146,2026H1,2026H1,空域限制或地形限制题型,2026-05-15,江西03考场,空域限制或地形限制题-考试条件提取.docx,148,3,3,一、,coordinate;takeoff_return,"起飞点经纬度： N:34°14'35.85 E:117°10'26.91""",34;14;35.85;117;10;26.91,°;度,起飞点,N:34°14'35;E:117°10'26,34°;117°,,,,
gcond_fa90628a701e,gcond_fa90628a701e,gctpl_d7523450a0d6,gsec_37499c01930c,qbank_7cb07e6ab374,实操题库_地面站考试条件_2026H1_空域限制或地形限制题型.txt_146,2026H1,2026H1,空域限制或地形限制题型,2026-05-15,江西03考场,空域限制或地形限制题-考试条件提取.docx,148,4,4,二、,coordinate;bearing_angle;restriction;geometry;takeoff_return,由于空域限制， 飞机不能由起飞点直 飞任务航线的航点1， 需先向SE方向平飞 1000米，再向SW方向 平飞500米，到达任务 航线的航点1。,1;1000;500;1,S;米,起飞点,,,,500米,1000米;500米,
gcond_d4fb2a9dfb44,gcond_d4fb2a9dfb44,gctpl_7bcaea81cd49,gsec_37499c01930c,qbank_7cb07e6ab374,实操题库_地面站考试条件_2026H1_空域限制或地形限制题型.txt_146,2026H1,2026H1,空域限制或地形限制题型,2026-05-15,江西03考场,空域限制或地形限制题-考试条件提取.docx,148,5,5,三、,bearing_angle;geometry,航点3-2航向角为 南偏西15°,3;2;15,°,,,15°,,,,
gcond_efe01676444e,gcond_efe01676444e,gctpl_3a5874ca88c1,gsec_63758092c12a,qbank_7cb07e6ab374,实操题库_地面站考试条件_2026H1_空域限制或地形限制题型.txt_147,2026H1,2026H1,空域限制或地形限制题型,2026-06-01,山东02考场,空域限制或地形限制题-考试条件提取.docx,149,1,1,(一),coordinate;speed_height;turn_hold_loop;geometry,"规划一个闭合六边形并循环执行，边长为a,①②③航点 相对地面高度为b,④⑤⑥航点相对地面高度为c,水平速度为d, 垂直速度为e,转弯方式为停止转弯，各点停留时间为f；",,度,①;②;③;④;⑤;⑥,,,,,,
gcond_04f0a9570a43,gcond_04f0a9570a43,gctpl_d7eaf440dbc8,gsec_63758092c12a,qbank_7cb07e6ab374,实操题库_地面站考试条件_2026H1_空域限制或地形限制题型.txt_147,2026H1,2026H1,空域限制或地形限制题型,2026-06-01,山东02考场,空域限制或地形限制题-考试条件提取.docx,149,2,2,(二),coordinate;speed_height,"a值为300米，b值为30米，c值为25m,d值为4m/s, e值为2m/s,f值为2s。",300;30;25;4;2;2,m;m/s;s;米,,,,4m/s;2m/s,,,
gcond_ea824a73a38d,gcond_ea824a73a38d,gctpl_06858d6425d5,gsec_63758092c12a,qbank_7cb07e6ab374,实操题库_地面站考试条件_2026H1_空域限制或地形限制题型.txt_147,2026H1,2026H1,空域限制或地形限制题型,2026-06-01,山东02考场,空域限制或地形限制题-考试条件提取.docx,149,3,3,一、,coordinate;takeoff_return,起飞点经纬度： 3 N:36.2547° E:114.4306°,3;36.2547;114.4306,°;度,起飞点;3,N:36.2547;E:114.4306,36.2547°;114.4306°,,,,
gcond_80615cb246a5,gcond_80615cb246a5,gctpl_8c0239ebe0a4,gsec_63758092c12a,qbank_7cb07e6ab374,实操题库_地面站考试条件_2026H1_空域限制或地形限制题型.txt_147,2026H1,2026H1,空域限制或地形限制题型,2026-06-01,山东02考场,空域限制或地形限制题-考试条件提取.docx,149,4,4,二：,coordinate;bearing_angle;restriction;geometry;takeoff_return,由于空城限制，飞机 6 不能由起飞点直飞任务航 线的航点1，需先向SW方 向平飞650米，再向SE方 向平飞570米。到达任务 航线的航点1。,6;1;650;570;1,S;米,6;起飞点,,,,570米,650米;570米,
gcond_be5e0eb2c68d,gcond_be5e0eb2c68d,gctpl_6b28407d8fc6,gsec_63758092c12a,qbank_7cb07e6ab374,实操题库_地面站考试条件_2026H1_空域限制或地形限制题型.txt_147,2026H1,2026H1,空域限制或地形限制题型,2026-06-01,山东02考场,空域限制或地形限制题-考试条件提取.docx,149,5,5,三、,coordinate;bearing_angle;geometry,"当地风向：NE,航点 3-2航向为顺风。",3;2,,3,,,,,,
gcond_8a6120f8bb14,gcond_8a6120f8bb14,gctpl_3447e97be40e,gsec_f05a69e9d94f,qbank_7cb07e6ab374,实操题库_地面站考试条件_2026H1_空域限制或地形限制题型.txt_148,2026H1,2026H1,空域限制或地形限制题型,2026-06-06,四川02考场,空域限制或地形限制题-考试条件提取.docx,150,1,1,1、,bearing_angle;geometry,图形如下，图中所标注的锐角角度均为45°，∠413=90°，14=150m;,45;413;90;14;150,m;°;度,,,45°;90°,,,,
gcond_1d2afb6b69cf,gcond_1d2afb6b69cf,gctpl_0968b9c29034,gsec_f05a69e9d94f,qbank_7cb07e6ab374,实操题库_地面站考试条件_2026H1_空域限制或地形限制题型.txt_148,2026H1,2026H1,空域限制或地形限制题型,2026-06-06,四川02考场,空域限制或地形限制题-考试条件提取.docx,150,2,2,2、,coordinate;bearing_angle;geometry;takeoff_return,H(起飞点)需要向SE方向平飞200米，再向N方向平飞50米达到图形1点； (保留飞行轨迹),200;50;1,S;米,起飞点,,,,,200米;50米,
gcond_76502184ec8e,gcond_76502184ec8e,gctpl_de29ad39a70a,gsec_f05a69e9d94f,qbank_7cb07e6ab374,实操题库_地面站考试条件_2026H1_空域限制或地形限制题型.txt_148,2026H1,2026H1,空域限制或地形限制题型,2026-06-06,四川02考场,空域限制或地形限制题-考试条件提取.docx,150,3,3,3、,speed_height,"航线高度为60m,水平速度为4ms,垂直速度为2mls",60;4;2,m;s;度,,,,4ms,60m,,
gcond_ff1dc1cb57fe,gcond_ff1dc1cb57fe,gctpl_45002d60331a,gsec_f05a69e9d94f,qbank_7cb07e6ab374,实操题库_地面站考试条件_2026H1_空域限制或地形限制题型.txt_148,2026H1,2026H1,空域限制或地形限制题型,2026-06-06,四川02考场,空域限制或地形限制题-考试条件提取.docx,150,4,4,4、,turn_hold_loop,转弯模式为：定点转弯，停留时间=3s,3,s,,,,,,,
gcond_d18cbe268e0d,gcond_d18cbe268e0d,gctpl_095d09e35127,gsec_f05a69e9d94f,qbank_7cb07e6ab374,实操题库_地面站考试条件_2026H1_空域限制或地形限制题型.txt_148,2026H1,2026H1,空域限制或地形限制题型,2026-06-06,四川02考场,空域限制或地形限制题-考试条件提取.docx,150,5,5,5、,turn_hold_loop;geometry,图形循环模式为：闭合航线,,,,,,,,,
gcond_72f18f21f885,gcond_72f18f21f885,gctpl_e697915f953d,gsec_f05a69e9d94f,qbank_7cb07e6ab374,实操题库_地面站考试条件_2026H1_空域限制或地形限制题型.txt_148,2026H1,2026H1,空域限制或地形限制题型,2026-06-06,四川02考场,空域限制或地形限制题-考试条件提取.docx,150,6,6,6、,bearing_angle;geometry,图形2点到3点的航向为Sw,2;3,S,,,,,,,
gcond_a00ef65daed0,gcond_a00ef65daed0,gctpl_1dd2fdb9b568,gsec_f05a69e9d94f,qbank_7cb07e6ab374,实操题库_地面站考试条件_2026H1_空域限制或地形限制题型.txt_148,2026H1,2026H1,空域限制或地形限制题型,2026-06-06,四川02考场,空域限制或地形限制题-考试条件提取.docx,150,7,7,7、,coordinate;geometry,图形2点的坐标为E95°20'24”N31°15′36”（零误差）,2;95;20;24;31;15;36,°,,E95°20'24”;N31°15′36”,95°;31°,,,,
gcond_106f99627f69,gcond_106f99627f69,gctpl_1b597a90fa19,gsec_00bf99d3c2be,qbank_7cb07e6ab374,实操题库_地面站考试条件_2026H1_空域限制或地形限制题型.txt_149,2026H1,2026H1,空域限制或地形限制题型,2026-05-17,河南01考场,空域限制或地形限制题-考试条件提取.docx,151,1,1,(一),coordinate;speed_height;turn_hold_loop;geometry,"按图规划一个闭合的任务航线不循环执行，①③、②③、 ②④、①④边长为300米，①点相对地面高度为a,②点相对地面高 度为b,③点相对地面高度为c，④点相对地面高度为d，水平速 度为e,垂直速度为f，转弯模式为停止转弯，停留时间6s;",300;6,s;度;米,①;③;②;③;②;④;①;④;①;②;③;④,,,,300米,300米,
gcond_51389be7c30c,gcond_51389be7c30c,gctpl_57403cfa38fc,gsec_00bf99d3c2be,qbank_7cb07e6ab374,实操题库_地面站考试条件_2026H1_空域限制或地形限制题型.txt_149,2026H1,2026H1,空域限制或地形限制题型,2026-05-17,河南01考场,空域限制或地形限制题-考试条件提取.docx,151,2,2,(二),coordinate;speed_height,"a值为30米，b值为35米，c值为40m,d值为25m, e值为5m/s,f值为3m/s。",30;35;40;25;5;3,m;m/s;米,,,,5m/s;3m/s,,,
gcond_5fa8892994bf,gcond_5fa8892994bf,gctpl_f7ab6ee78ac6,gsec_00bf99d3c2be,qbank_7cb07e6ab374,实操题库_地面站考试条件_2026H1_空域限制或地形限制题型.txt_149,2026H1,2026H1,空域限制或地形限制题型,2026-05-17,河南01考场,空域限制或地形限制题-考试条件提取.docx,151,3,3,一、,coordinate;takeoff_return,"起飞点经纬度： N:34°51'27 E:113°16'33""",34;51;27;113;16;33,°;度,起飞点,"N:34°51'27;E:113°16'33""",34°;113°,,,,
gcond_f71889308da6,gcond_f71889308da6,gctpl_e53b008af1d5,gsec_00bf99d3c2be,qbank_7cb07e6ab374,实操题库_地面站考试条件_2026H1_空域限制或地形限制题型.txt_149,2026H1,2026H1,空域限制或地形限制题型,2026-05-17,河南01考场,空域限制或地形限制题-考试条件提取.docx,151,4,4,二、,restriction;geometry;takeoff_return,由于空域限制，飞 机不能由起飞点直飞任 务航线的航点1，需由起飞 点先向西南方向平飞1000 米，再向东南方向平飞3 00米，到达任务航线的 航点1。,1;1000;3;00;1,米,起飞点,,,,00米,1000 米;00米,
gcond_29a21b90ffb0,gcond_29a21b90ffb0,gctpl_d00cb5abe368,gsec_00bf99d3c2be,qbank_7cb07e6ab374,实操题库_地面站考试条件_2026H1_空域限制或地形限制题型.txt_149,2026H1,2026H1,空域限制或地形限制题型,2026-05-17,河南01考场,空域限制或地形限制题-考试条件提取.docx,151,5,5,三、,bearing_angle;geometry,"当地风向：WS, 航点2到航点1的航向为逆",2;1,S,,,,,,,
gcond_98a19e482f47,gcond_98a19e482f47,gctpl_9cbda884fa2b,gsec_f4ef1a6596d5,qbank_7cb07e6ab374,实操题库_地面站考试条件_2026H1_空域限制或地形限制题型.txt_150,2026H1,2026H1,空域限制或地形限制题型,2026-06-08,河北04考场,空域限制或地形限制题-考试条件提取.docx,152,1,1,(一),coordinate;speed_height;turn_hold_loop;geometry,"按图规划一个闭合的任务航线并循环执行，①③、②③、 ②④、①④边长为300米，①点相对地面高度为a,②点相对地面高度 为b，③点相对地面高度为c，④点相对地面高度为d，水平速度为 e，垂直速度为f,转弯模式为停止转弯，停留时间25s;",300;25,s;度;米,①;③;②;③;②;④;①;④;①;②;③;④,,,,300米,300米,
gcond_d333efff5b7e,gcond_d333efff5b7e,gctpl_d8cdc862ecfe,gsec_f4ef1a6596d5,qbank_7cb07e6ab374,实操题库_地面站考试条件_2026H1_空域限制或地形限制题型.txt_150,2026H1,2026H1,空域限制或地形限制题型,2026-06-08,河北04考场,空域限制或地形限制题-考试条件提取.docx,152,2,2,(二),coordinate;speed_height,"a值为20米，b值为25米，c值为30m,d值为25m, e值为5m/s,f值为3m/s。",20;25;30;25;5;3,m;m/s;米,,,,5m/s;3m/s,,,
gcond_27dfeecf4ace,gcond_27dfeecf4ace,gctpl_5545219fcdf6,gsec_f4ef1a6596d5,qbank_7cb07e6ab374,实操题库_地面站考试条件_2026H1_空域限制或地形限制题型.txt_150,2026H1,2026H1,空域限制或地形限制题型,2026-06-08,河北04考场,空域限制或地形限制题-考试条件提取.docx,152,3,3,一、,coordinate;takeoff_return,"起飞点经纬度： N:41°30'02 E:35°06'01""",41;30;02;35;06;01,°;度,起飞点,"N:41°30'02;E:35°06'01""",41°;35°,,,,
gcond_399908169d8d,gcond_399908169d8d,gctpl_b7a15dced554,gsec_f4ef1a6596d5,qbank_7cb07e6ab374,实操题库_地面站考试条件_2026H1_空域限制或地形限制题型.txt_150,2026H1,2026H1,空域限制或地形限制题型,2026-06-08,河北04考场,空域限制或地形限制题-考试条件提取.docx,152,4,4,二：,coordinate;bearing_angle;restriction;geometry;takeoff_return,由于空域限制，飞机不 能由起飞点直飞任务航线的 航点1，需先向NW方向平飞 630米，再向NW方向平飞 720米，到达任务航线的航 点1。,1;630;720;1,米,起飞点,,,,720米,630米;720米,
gcond_e7b63c52c157,gcond_e7b63c52c157,gctpl_05365bb2fb1e,gsec_f4ef1a6596d5,qbank_7cb07e6ab374,实操题库_地面站考试条件_2026H1_空域限制或地形限制题型.txt_150,2026H1,2026H1,空域限制或地形限制题型,2026-06-08,河北04考场,空域限制或地形限制题-考试条件提取.docx,152,5,5,三：,coordinate;bearing_angle;geometry,"当地风向：SE, 航点3→2航向为顺风。",3;2,S,,,,,,,
gcond_cb2a00839a54,gcond_cb2a00839a54,gctpl_ebbb2e247c3c,gsec_dab1dee7b610,qbank_7cb07e6ab374,实操题库_地面站考试条件_2026H1_空域限制或地形限制题型.txt_151,2026H1,2026H1,空域限制或地形限制题型,2026-06-10,湖北04考场,空域限制或地形限制题-考试条件提取.docx,153,1,1,(一),speed_height;turn_hold_loop;bearing_angle;geometry,"规划一个闭合等边三角形并循环执行，边长为a,所有航线相对地面 高度为b,水平速度为c,垂直速度为d,转弯方式为停止转弯，停留时间5s;",5,s;度,,,,,,,
gcond_b28b89b52a88,gcond_b28b89b52a88,gctpl_401b1e1c6d37,gsec_dab1dee7b610,qbank_7cb07e6ab374,实操题库_地面站考试条件_2026H1_空域限制或地形限制题型.txt_151,2026H1,2026H1,空域限制或地形限制题型,2026-06-10,湖北04考场,空域限制或地形限制题-考试条件提取.docx,153,2,2,(二),speed_height,"a值为50米，b值为50米，c值为3m/s,d值为2m/s。",50;50;3;2,m/s;米,,,,3m/s;2m/s,,,
gcond_d033b755c221,gcond_d033b755c221,gctpl_616c25101c45,gsec_dab1dee7b610,qbank_7cb07e6ab374,实操题库_地面站考试条件_2026H1_空域限制或地形限制题型.txt_151,2026H1,2026H1,空域限制或地形限制题型,2026-06-10,湖北04考场,空域限制或地形限制题-考试条件提取.docx,153,3,3,一、,coordinate;geometry,"左图中航点1经纬度： N:28°28'03"" E:115°26'02”",1;28;28;03;115;26;02,°;度,,"N:28°28'03"";E:115°26'02”",28°;115°,,,,
gcond_f9d760b9d7e0,gcond_f9d760b9d7e0,gctpl_0f9d5f2f60ef,gsec_dab1dee7b610,qbank_7cb07e6ab374,实操题库_地面站考试条件_2026H1_空域限制或地形限制题型.txt_151,2026H1,2026H1,空域限制或地形限制题型,2026-06-10,湖北04考场,空域限制或地形限制题-考试条件提取.docx,153,4,4,二、,coordinate;bearing_angle;restriction;geometry;takeoff_return,由于空域限制，飞机 不能由起飞点直飞任务航 线的航点1，需先向SE方 向平飞100米，再向SW方 向平飞50米，到达任务航 线的航点1。,1;100;50;1,S;米,起飞点,,,,,100米;50米,
gcond_aae65eb9af4b,gcond_aae65eb9af4b,gctpl_e4bb5d392cde,gsec_dab1dee7b610,qbank_7cb07e6ab374,实操题库_地面站考试条件_2026H1_空域限制或地形限制题型.txt_151,2026H1,2026H1,空域限制或地形限制题型,2026-06-10,湖北04考场,空域限制或地形限制题-考试条件提取.docx,153,5,5,三、,bearing_angle;geometry,航点3-2航向角北偏西 25°,3;2;25,°,,,25°,,,,
gcond_660aaf6c817b,gcond_660aaf6c817b,gctpl_5ddab4fba00b,gsec_85e428426ce0,qbank_7cb07e6ab374,实操题库_地面站考试条件_2026H1_空域限制或地形限制题型.txt_152,2026H1,2026H1,空域限制或地形限制题型,2026-06-10,湖北04考场,空域限制或地形限制题-考试条件提取.docx,154,1,1,(一),coordinate;speed_height;turn_hold_loop;geometry,"按图规划一个闭合的任务航线并循环执行，①③、②③、 ②④、①④边长为300米，①点相对地面高度为，②点相对地面高度 为b,③点相对地面高度为c,④点相对地面高度为d,水平速度为e, 垂直速度为f,转弯模式为停止转弯，停留时间2s;",300;2,s;度;米,①;③;②;③;②;④;①;④;①;②;③;④,,,,300米,300米,
gcond_bc9eafabe5da,gcond_bc9eafabe5da,gctpl_ef11846ede82,gsec_85e428426ce0,qbank_7cb07e6ab374,实操题库_地面站考试条件_2026H1_空域限制或地形限制题型.txt_152,2026H1,2026H1,空域限制或地形限制题型,2026-06-10,湖北04考场,空域限制或地形限制题-考试条件提取.docx,154,2,2,(二),coordinate;speed_height,"a值为20米，b值为25米，c值为30m,d值为20m, e值为2m/s,f值为2m/s。",20;25;30;20;2;2,m;m/s;米,,,,2m/s;2m/s,,,
gcond_c0366c9ab618,gcond_c0366c9ab618,gctpl_6ed040052f76,gsec_85e428426ce0,qbank_7cb07e6ab374,实操题库_地面站考试条件_2026H1_空域限制或地形限制题型.txt_152,2026H1,2026H1,空域限制或地形限制题型,2026-06-10,湖北04考场,空域限制或地形限制题-考试条件提取.docx,154,3,3,一、,coordinate;takeoff_return,起飞点经纬度： N:32.1219° E:118.3246,32.1219;118.3246,°;度,起飞点,N:32.1219;E:118.3246,32.1219°,,,,
gcond_dd2149504aaa,gcond_dd2149504aaa,gctpl_63881d5f61d4,gsec_85e428426ce0,qbank_7cb07e6ab374,实操题库_地面站考试条件_2026H1_空域限制或地形限制题型.txt_152,2026H1,2026H1,空域限制或地形限制题型,2026-06-10,湖北04考场,空域限制或地形限制题-考试条件提取.docx,154,4,4,二、,coordinate;bearing_angle;restriction;geometry;takeoff_return,由于空域限制，飞机不能由 起飞点直飞任务航线的航点1， 需先向SE方向平飞330米，再向 SW方向平飞660米，到达任务 航线的航点1。,1;330;660;1,S;米,起飞点,,,,660米,330米;660米,
gcond_1ee445929db0,gcond_1ee445929db0,gctpl_a780aa08a625,gsec_85e428426ce0,qbank_7cb07e6ab374,实操题库_地面站考试条件_2026H1_空域限制或地形限制题型.txt_152,2026H1,2026H1,空域限制或地形限制题型,2026-06-10,湖北04考场,空域限制或地形限制题-考试条件提取.docx,154,5,5,三、,coordinate;bearing_angle;geometry,"当地风向：SE,航点2→3 航向为顺风",2;3,S,3,,,,,,
gcond_5d33374b2e18,gcond_5d33374b2e18,gctpl_5ba57d464819,gsec_48aa0c29a858,qbank_7cb07e6ab374,实操题库_地面站考试条件_2026H1_空域限制或地形限制题型.txt_153,2026H1,2026H1,空域限制或地形限制题型,2026-06-17,,空域限制或地形限制题-考试条件提取.docx,155,1,1,(一),speed_height;turn_hold_loop;bearing_angle;geometry,"规划一个手动闭合等边三角形，任务执行次数大于2次， 边长为a,航线相对地面高度为b,水平速度为c,垂直速度为d,转 弯方式为停止转弯，停留时间4s;",2;4,s;度,,,,,,,
gcond_3a9afb2f73b0,gcond_3a9afb2f73b0,gctpl_26ef1d551670,gsec_48aa0c29a858,qbank_7cb07e6ab374,实操题库_地面站考试条件_2026H1_空域限制或地形限制题型.txt_153,2026H1,2026H1,空域限制或地形限制题型,2026-06-17,,空域限制或地形限制题-考试条件提取.docx,155,2,2,(二),speed_height,"a值为300米，b值为80米，c值为5m/s,d值为2m/s。",300;80;5;2,m/s;米,,,,5m/s;2m/s,,,
gcond_825955996093,gcond_825955996093,gctpl_7d23d347f45e,gsec_48aa0c29a858,qbank_7cb07e6ab374,实操题库_地面站考试条件_2026H1_空域限制或地形限制题型.txt_153,2026H1,2026H1,空域限制或地形限制题型,2026-06-17,,空域限制或地形限制题-考试条件提取.docx,155,3,3,1、,coordinate,"②点经纬度E:44°19'02”， N:34°16'02""",44;19;02;34;16;02,°;度,②,"E:44°19'02”;N:34°16'02""",44°;34°,,,,
gcond_41192659df62,gcond_41192659df62,gctpl_68df62ee6f11,gsec_48aa0c29a858,qbank_7cb07e6ab374,实操题库_地面站考试条件_2026H1_空域限制或地形限制题型.txt_153,2026H1,2026H1,空域限制或地形限制题型,2026-06-17,,空域限制或地形限制题-考试条件提取.docx,155,4,4,2、,coordinate;speed_height;bearing_angle;restriction;geometry;takeoff_return,由于空域限制，无人机不能从起飞点 直飞任务航线航点①，需向NE方向保持 100米高度平飞300米，再向SW方向平飞 300米抵达任务航线航点①,100;300;300,S;度;米,起飞点;航点①;航点①,,,,100米;300米;300米,100米;300米;300米,
gcond_7c80cf8a8a20,gcond_7c80cf8a8a20,gctpl_d5e7a2909515,gsec_48aa0c29a858,qbank_7cb07e6ab374,实操题库_地面站考试条件_2026H1_空域限制或地形限制题型.txt_153,2026H1,2026H1,空域限制或地形限制题型,2026-06-17,,空域限制或地形限制题-考试条件提取.docx,155,5,5,3、,bearing_angle;geometry,航点③到航点②的航向为南偏西20°,20,°,航点③;航点②,,20°,,,,
gcond_3322fae0249b,gcond_3322fae0249b,gctpl_c5d1046358e4,gsec_17c86f08c323,qbank_7cb07e6ab374,实操题库_地面站考试条件_2026H1_空域限制或地形限制题型.txt_154,2026H1,2026H1,空域限制或地形限制题型,2026-05-08,江西01考场,空域限制或地形限制题-考试条件提取.docx,156,1,1,(一),speed_height;turn_hold_loop;bearing_angle;geometry;takeoff_return,"与 的相对方位由委任代表根据 现场环境等情况进行决定。按图于起飞点前规划一个四边形并循环执 行，①②边、②③边边长为a，③④边边长为b,∠②=∠③=90 航线相对地面高度为c，水平速度为，转弯模式为停止转弯，停留 时间不做要求：",90,度,起飞点;①;②;②;③;③;④;②;③,,,,,,
gcond_3be7ec311535,gcond_3be7ec311535,gctpl_67781dcde064,gsec_17c86f08c323,qbank_7cb07e6ab374,实操题库_地面站考试条件_2026H1_空域限制或地形限制题型.txt_154,2026H1,2026H1,空域限制或地形限制题型,2026-05-08,江西01考场,空域限制或地形限制题-考试条件提取.docx,156,2,2,(二),speed_height;bearing_angle,"a值为20米，b值为30米，c值为30m,d值为 3m/s,(航线方位及各数值可由委任代表按实际情况进行调整，考题 以委任代表规定数值为准)",20;30;30;3,m;m/s;米,,,,3m/s,,,
gcond_00d0aec4e379,gcond_00d0aec4e379,gctpl_45b4b1db4a97,gsec_17c86f08c323,qbank_7cb07e6ab374,实操题库_地面站考试条件_2026H1_空域限制或地形限制题型.txt_154,2026H1,2026H1,空域限制或地形限制题型,2026-05-08,江西01考场,空域限制或地形限制题-考试条件提取.docx,156,3,3,1、,coordinate;takeoff_return,"起飞点经纬度： N:33°22'26 E:102°31'41""",33;22;26;102;31;41,°;度,起飞点,"N:33°22'26;E:102°31'41""",33°;102°,,,,
gcond_69f25c22b546,gcond_69f25c22b546,gctpl_f6961fc1ce0d,gsec_17c86f08c323,qbank_7cb07e6ab374,实操题库_地面站考试条件_2026H1_空域限制或地形限制题型.txt_154,2026H1,2026H1,空域限制或地形限制题型,2026-05-08,江西01考场,空域限制或地形限制题-考试条件提取.docx,156,4,4,2、,restriction;geometry;takeoff_return,由于地形限制，飞 机不能由起飞点直飞 任务航线的航点1，需 向东北方向平飞182米， 再向西北方向平飞123米 到达任务航线的航点1。,1;182;123;1,米,起飞点,,,,123米,182米;123米,
gcond_4d2ee961927b,gcond_4d2ee961927b,gctpl_6189a311d8ec,gsec_17c86f08c323,qbank_7cb07e6ab374,实操题库_地面站考试条件_2026H1_空域限制或地形限制题型.txt_154,2026H1,2026H1,空域限制或地形限制题型,2026-05-08,江西01考场,空域限制或地形限制题-考试条件提取.docx,156,5,5,3、,bearing_angle;geometry,3-2航点航向东南方向,3;2,,3,,,,,,
gcond_3ec5e73b257c,gcond_3ec5e73b257c,gctpl_66d91f5d2672,gsec_17c86f08c323,qbank_7cb07e6ab374,实操题库_地面站考试条件_2026H1_空域限制或地形限制题型.txt_154,2026H1,2026H1,空域限制或地形限制题型,2026-05-08,江西01考场,空域限制或地形限制题-考试条件提取.docx,156,6,6,4、,turn_hold_loop,闭合航线，循环5次,5,,,,,,,,
gcond_ed965d987df0,gcond_ed965d987df0,gctpl_f6721cad7381,gsec_5009b6df36dc,qbank_7cb07e6ab374,实操题库_地面站考试条件_2026H1_空域限制或地形限制题型.txt_155,2026H1,2026H1,空域限制或地形限制题型,2026-05-08,江西01考场,空域限制或地形限制题-考试条件提取.docx,157,1,1,(一),speed_height;turn_hold_loop;bearing_angle;geometry;takeoff_return,"与 的相对方位由委任代表根据 现场环境等情况进行决定。按图于起飞点前规划一个闭合图形并循环 执行，各点之间距离不小于20米，①点相对地面高度为a,，②点相 对地面高度为b,③点相对地面高度为c,④点相对地面高度为d, 水平速度为f,∠①=∠②=∠③=∠④=45·转弯模式为停止转弯， 停留时间不作要求；",20;45,度;米,起飞点;①;②;③;④;①;②;③;④,,,,20米,20米,
gcond_a25658e21306,gcond_a25658e21306,gctpl_89ca33d2124a,gsec_5009b6df36dc,qbank_7cb07e6ab374,实操题库_地面站考试条件_2026H1_空域限制或地形限制题型.txt_155,2026H1,2026H1,空域限制或地形限制题型,2026-05-08,江西01考场,空域限制或地形限制题-考试条件提取.docx,157,2,2,(二),speed_height;bearing_angle,"a值为20米，b值为25米，c值为30m,d值为25m, f值为3m/s。(航线方位及各数值可由委任代表按实际情况进行 调整，考题以委任代表规定数值为准)",20;25;30;25;3,m;m/s;米,,,,3m/s,,,
gcond_fca611584c6b,gcond_fca611584c6b,gctpl_8a5bea8d9d2b,gsec_5009b6df36dc,qbank_7cb07e6ab374,实操题库_地面站考试条件_2026H1_空域限制或地形限制题型.txt_155,2026H1,2026H1,空域限制或地形限制题型,2026-05-08,江西01考场,空域限制或地形限制题-考试条件提取.docx,157,3,3,1、,coordinate;takeoff_return,"起飞点经纬度： N:33°22'26"" E:102°31'41",33;22;26;102;31;41,°;度,起飞点,"N:33°22'26"";E:102°31'41",33°;102°,,,,
gcond_cc36990bf758,gcond_cc36990bf758,gctpl_77659677d908,gsec_5009b6df36dc,qbank_7cb07e6ab374,实操题库_地面站考试条件_2026H1_空域限制或地形限制题型.txt_155,2026H1,2026H1,空域限制或地形限制题型,2026-05-08,江西01考场,空域限制或地形限制题-考试条件提取.docx,157,4,4,2、,restriction;geometry;takeoff_return,由于空域限制，飞机 不能由起飞点直飞任务 航线的航点1，需由起飞 点先向西北方向平飞113 米，再向西南平飞82米到 达任务航线的航点1。,1;113;82;1,米,起飞点,,,,82米,113 米;82米,
gcond_097704c7bcb7,gcond_097704c7bcb7,gctpl_cc18a46d56c8,gsec_5009b6df36dc,qbank_7cb07e6ab374,实操题库_地面站考试条件_2026H1_空域限制或地形限制题型.txt_155,2026H1,2026H1,空域限制或地形限制题型,2026-05-08,江西01考场,空域限制或地形限制题-考试条件提取.docx,157,5,5,3、,bearing_angle,3-2航向东北方向,3;2,,3,,,,,,
gcond_d5d5bbf19b8d,gcond_d5d5bbf19b8d,gctpl_911e5c13f38f,gsec_5009b6df36dc,qbank_7cb07e6ab374,实操题库_地面站考试条件_2026H1_空域限制或地形限制题型.txt_155,2026H1,2026H1,空域限制或地形限制题型,2026-05-08,江西01考场,空域限制或地形限制题-考试条件提取.docx,157,6,6,4、,turn_hold_loop,闭合循环3次,3,,,,,,,,
gcond_7e57cab3c47f,gcond_7e57cab3c47f,gctpl_854e333f0500,gsec_95385d67e2f7,qbank_7cb07e6ab374,实操题库_地面站考试条件_2026H1_空域限制或地形限制题型.txt_156,2026H1,2026H1,空域限制或地形限制题型,2026-05-08,江西01考场,空域限制或地形限制题-考试条件提取.docx,158,1,1,(一),speed_height;turn_hold_loop;bearing_angle;takeoff_return,"与 的相对方位由委任代表根据 现场环境等情况进行决定。按图于起飞点前规划扫描航线，航线长度 为a,航线间隔为b,航线相对地面高度为c,水平速度为d,转弯 模式为停止转弯，停留时间不作要求；",,度,起飞点,,,,,,
gcond_b0e2af0efa27,gcond_b0e2af0efa27,gctpl_869f2c640b03,gsec_95385d67e2f7,qbank_7cb07e6ab374,实操题库_地面站考试条件_2026H1_空域限制或地形限制题型.txt_156,2026H1,2026H1,空域限制或地形限制题型,2026-05-08,江西01考场,空域限制或地形限制题-考试条件提取.docx,158,2,2,(二),speed_height;bearing_angle,"a值为30米（误差云±3米），b值为10米（误差 ≤±1米)，c值为30m,d值为3m/s。 (航线方位及各数值 可由委任代表按实际情况进行调整，考题以委任代表规定数值为准)",30;3;10;1;30;3,m;m/s;米,,,,3m/s,,,
gcond_ffaf0cf1ce50,gcond_ffaf0cf1ce50,gctpl_45b4b1db4a97,gsec_95385d67e2f7,qbank_7cb07e6ab374,实操题库_地面站考试条件_2026H1_空域限制或地形限制题型.txt_156,2026H1,2026H1,空域限制或地形限制题型,2026-05-08,江西01考场,空域限制或地形限制题-考试条件提取.docx,158,3,3,1、,coordinate;takeoff_return,"起飞点经纬度： N:33°22'26 E:102°31'41""",33;22;26;102;31;41,°;度,起飞点,"N:33°22'26;E:102°31'41""",33°;102°,,,,
gcond_b51513f990e2,gcond_b51513f990e2,gctpl_5a82e6c816fc,gsec_95385d67e2f7,qbank_7cb07e6ab374,实操题库_地面站考试条件_2026H1_空域限制或地形限制题型.txt_156,2026H1,2026H1,空域限制或地形限制题型,2026-05-08,江西01考场,空域限制或地形限制题-考试条件提取.docx,158,4,4,2、,bearing_angle;restriction;geometry;takeoff_return,由于空域限制，飞机 不能由起点直飞任务 航线的航点1，需由起飞点 先向东北方向平飞182米， 再向西北方向平飞123米 到达任务航向点的航点1。,1;182;123;1,米,起飞点,,,,,182米;123米,
gcond_5fa942f738a9,gcond_5fa942f738a9,gctpl_fb2701877111,gsec_95385d67e2f7,qbank_7cb07e6ab374,实操题库_地面站考试条件_2026H1_空域限制或地形限制题型.txt_156,2026H1,2026H1,空域限制或地形限制题型,2026-05-08,江西01考场,空域限制或地形限制题-考试条件提取.docx,158,5,5,3、,bearing_angle,3-2航向东南方向,3;2,,3,,,,,,
gcond_5fcd995a4dc8,gcond_5fcd995a4dc8,gctpl_66a3c4151904,gsec_95385d67e2f7,qbank_7cb07e6ab374,实操题库_地面站考试条件_2026H1_空域限制或地形限制题型.txt_156,2026H1,2026H1,空域限制或地形限制题型,2026-05-08,江西01考场,空域限制或地形限制题-考试条件提取.docx,158,6,6,4、,turn_hold_loop,闭合循环5次,5,,,,,,,,
gcond_ffdeb92e71f7,gcond_ffdeb92e71f7,gctpl_9e92b1ea75bd,gsec_6e53d3a9b93c,qbank_7cb07e6ab374,实操题库_地面站考试条件_2026H1_空域限制或地形限制题型.txt_157,2026H1,2026H1,空域限制或地形限制题型,2026-05-08,江西01考场,空域限制或地形限制题-考试条件提取.docx,159,1,1,(一),coordinate;speed_height;turn_hold_loop;bearing_angle;geometry,"与 的相对方位由委任代表根据 现场环境等情况进行决定。规划一个六边形并循环执行，边长为a, ①②③航点相对地面高度为b,④⑤⑥航点相对地面高度为c,水平 速度为d,垂直速度为e,转弯方式为停止转弯，各点停留时间为f;",,度,①;②;③;④;⑤;⑥,,,,,,
gcond_0466e406c904,gcond_0466e406c904,gctpl_d9c2047b6265,gsec_6e53d3a9b93c,qbank_7cb07e6ab374,实操题库_地面站考试条件_2026H1_空域限制或地形限制题型.txt_157,2026H1,2026H1,空域限制或地形限制题型,2026-05-08,江西01考场,空域限制或地形限制题-考试条件提取.docx,159,2,2,(二),speed_height;bearing_angle,"a值为30米（误差云±3米），b值为25米，c值 为30m,d值为2m/s,f值为2s。(航线方位及各数值可由委任代表 按实际情况进行调整，考题以委任代表规定数值为准)",30;3;25;30;2;2,m;m/s;s;米,,,,2m/s,,,
gcond_4004696e30df,gcond_4004696e30df,gctpl_8a5bea8d9d2b,gsec_6e53d3a9b93c,qbank_7cb07e6ab374,实操题库_地面站考试条件_2026H1_空域限制或地形限制题型.txt_157,2026H1,2026H1,空域限制或地形限制题型,2026-05-08,江西01考场,空域限制或地形限制题-考试条件提取.docx,159,3,3,1、,coordinate;takeoff_return,"起飞点经纬度： N:33°22'26"" E:102°31'41",33;22;26;102;31;41,°;度,起飞点,"N:33°22'26"";E:102°31'41",33°;102°,,,,
gcond_bd76721a1058,gcond_bd76721a1058,gctpl_f6961fc1ce0d,gsec_6e53d3a9b93c,qbank_7cb07e6ab374,实操题库_地面站考试条件_2026H1_空域限制或地形限制题型.txt_157,2026H1,2026H1,空域限制或地形限制题型,2026-05-08,江西01考场,空域限制或地形限制题-考试条件提取.docx,159,4,4,2、,restriction;geometry;takeoff_return,由于地形限制，飞 机不能由起飞点直飞 任务航线的航点1，需 向东北方向平飞182米， 再向西北方向平飞123米 到达任务航线的航点1。,1;182;123;1,米,起飞点,,,,123米,182米;123米,
gcond_93838465c2c1,gcond_93838465c2c1,gctpl_6189a311d8ec,gsec_6e53d3a9b93c,qbank_7cb07e6ab374,实操题库_地面站考试条件_2026H1_空域限制或地形限制题型.txt_157,2026H1,2026H1,空域限制或地形限制题型,2026-05-08,江西01考场,空域限制或地形限制题-考试条件提取.docx,159,5,5,3、,bearing_angle;geometry,3-2航点航向东南方向,3;2,,3,,,,,,
gcond_781e6b8fafe5,gcond_781e6b8fafe5,gctpl_66d91f5d2672,gsec_6e53d3a9b93c,qbank_7cb07e6ab374,实操题库_地面站考试条件_2026H1_空域限制或地形限制题型.txt_157,2026H1,2026H1,空域限制或地形限制题型,2026-05-08,江西01考场,空域限制或地形限制题-考试条件提取.docx,159,6,6,4、,turn_hold_loop,闭合航线，循环5次,5,,,,,,,,
gcond_b76893ff5a86,gcond_b76893ff5a86,gctpl_064a645354b2,gsec_c6f743d07bc5,qbank_7cb07e6ab374,实操题库_地面站考试条件_2026H1_空域限制或地形限制题型.txt_158,2026H1,2026H1,空域限制或地形限制题型,2026-05-08,广东02考场,空域限制或地形限制题-考试条件提取.docx,160,1,1,(一),speed_height;bearing_angle;takeoff_return,"与 的相对方位由委任代表根据 现场环境等情况进行决定。按图于起飞点前规划扫描航线，航线长度 为a,航线间隔为b,航线相对地面高度为c;",,度,起飞点,,,,,,
gcond_a76ab588cec1,gcond_a76ab588cec1,gctpl_a8098195434e,gsec_c6f743d07bc5,qbank_7cb07e6ab374,实操题库_地面站考试条件_2026H1_空域限制或地形限制题型.txt_158,2026H1,2026H1,空域限制或地形限制题型,2026-05-08,广东02考场,空域限制或地形限制题-考试条件提取.docx,160,2,2,(二),bearing_angle,a值建议为200米（误差云±20米），b值建议为80米 (误差云±8米)，c值建议为150m(航线方位及各数值可由变任代表 按实际情况进行调整，考题以委任代表规定数值为准) 考育签字： 时间：,200;20;80;8;150,m;米,,,,,150m,,
gcond_52505d0744d8,gcond_52505d0744d8,gctpl_b8e8a6b4262e,gsec_c6f743d07bc5,qbank_7cb07e6ab374,实操题库_地面站考试条件_2026H1_空域限制或地形限制题型.txt_158,2026H1,2026H1,空域限制或地形限制题型,2026-05-08,广东02考场,空域限制或地形限制题-考试条件提取.docx,160,3,3,二：,coordinate;bearing_angle;restriction;geometry;takeoff_return,由于空域限制，飞机不能由 起飞点直飞任务航线的航点1 ，需先向NE方向平飞300米， 再向NW方向平飞500米，到 达任务航线的航点1。,1;300;500;1,米,起飞点,,,,500米,300米;500米,
gcond_2c35b27e0a5d,gcond_2c35b27e0a5d,gctpl_ddedbffb9338,gsec_c6f743d07bc5,qbank_7cb07e6ab374,实操题库_地面站考试条件_2026H1_空域限制或地形限制题型.txt_158,2026H1,2026H1,空域限制或地形限制题型,2026-05-08,广东02考场,空域限制或地形限制题-考试条件提取.docx,160,4,4,三：,bearing_angle;geometry,图形中2到1航向东偏北20 度,2;1;20,度,,,20 度,,,,
gcond_df9b233e0593,gcond_df9b233e0593,gctpl_51c416ba6f1e,gsec_863545596be7,qbank_7cb07e6ab374,实操题库_地面站考试条件_2026H1_空域限制或地形限制题型.txt_159,2026H1,2026H1,空域限制或地形限制题型,2026-05-06,广东03考场,空域限制或地形限制题-考试条件提取.docx,161,1,1,(一),speed_height;turn_hold_loop;bearing_angle;geometry,"规划一个闭合等边三角形并循环执行，边长为a，所有航线相对地 面高度为b,水平速度为℃，垂直速度为d，转弯方式为停止转弯，停留时间 为f;",,度,,,,,,,
gcond_b469bf25614f,gcond_b469bf25614f,gctpl_ec4f7a26cca2,gsec_863545596be7,qbank_7cb07e6ab374,实操题库_地面站考试条件_2026H1_空域限制或地形限制题型.txt_159,2026H1,2026H1,空域限制或地形限制题型,2026-05-06,广东03考场,空域限制或地形限制题-考试条件提取.docx,161,2,2,(二),coordinate;speed_height;bearing_angle,"a值为100米，b值为50米，c值为5m/s,d值为2m/s,f值为 8se",100;50;5;2;8,m/s;s;米,,,,5m/s;2m/s,,,
gcond_e1962bb530d4,gcond_e1962bb530d4,gctpl_af4876b3410f,gsec_863545596be7,qbank_7cb07e6ab374,实操题库_地面站考试条件_2026H1_空域限制或地形限制题型.txt_159,2026H1,2026H1,空域限制或地形限制题型,2026-05-06,广东03考场,空域限制或地形限制题-考试条件提取.docx,161,3,3,一、,coordinate;takeoff_return,"起飞点经纬度： N:28°19'03"" E:115°16'02",28;19;03;115;16;02,°;度,起飞点,"N:28°19'03"";E:115°16'02",28°;115°,,,,
gcond_22b060766ce1,gcond_22b060766ce1,gctpl_b8b68c2c0850,gsec_863545596be7,qbank_7cb07e6ab374,实操题库_地面站考试条件_2026H1_空域限制或地形限制题型.txt_159,2026H1,2026H1,空域限制或地形限制题型,2026-05-06,广东03考场,空域限制或地形限制题-考试条件提取.docx,161,4,4,二、,coordinate;bearing_angle;restriction;geometry;takeoff_return,由于空城限制， 飞机不能由起飞点直 飞任务航线的航点1， 需先向SE方向平飞 1300米，再向SW方向 平飞600米，到达任务 航线的航点1。,1;1300;600;1,S;米,起飞点,,,,600米,1300米;600米,
gcond_d3ed5b3c3085,gcond_d3ed5b3c3085,gctpl_7bcaea81cd49,gsec_863545596be7,qbank_7cb07e6ab374,实操题库_地面站考试条件_2026H1_空域限制或地形限制题型.txt_159,2026H1,2026H1,空域限制或地形限制题型,2026-05-06,广东03考场,空域限制或地形限制题-考试条件提取.docx,161,5,5,三、,bearing_angle;geometry,航点3-2航向角为 南偏西15°,3;2;15,°,,,15°,,,,
gcond_7ba51c3e1103,gcond_7ba51c3e1103,gctpl_5b5a35ca02f5,gsec_db4de292475b,qbank_7cb07e6ab374,实操题库_地面站考试条件_2026H1_空域限制或地形限制题型.txt_160,2026H1,2026H1,空域限制或地形限制题型,2026-05-17,河南01考场,空域限制或地形限制题-考试条件提取.docx,162,1,1,(一),coordinate;speed_height;turn_hold_loop;bearing_angle;geometry,"按图规划一个闭合四边形，①②边、②③边边长为a,① ④边边长为b,∠①=∠②=90·航线循环执行，相对地面高度为c, 水平速度为d，垂直速度为e,转弯模式为停止转弯，停留时间7s;",90;7,s;度,①;②;②;③;①;④;①;②,,,,,,
gcond_9656b9d24cb1,gcond_9656b9d24cb1,gctpl_76b4d0cef2e8,gsec_db4de292475b,qbank_7cb07e6ab374,实操题库_地面站考试条件_2026H1_空域限制或地形限制题型.txt_160,2026H1,2026H1,空域限制或地形限制题型,2026-05-17,河南01考场,空域限制或地形限制题-考试条件提取.docx,162,2,2,(二),coordinate;speed_height,"a值为200米，b值为400米，c值为300m,d值为 8m/s,e值为5m/s。",200;400;300;8;5,m;m/s;米,,,,8m/s;5m/s,,,
gcond_a017e20d82dd,gcond_a017e20d82dd,gctpl_bbfb1b96aaa1,gsec_db4de292475b,qbank_7cb07e6ab374,实操题库_地面站考试条件_2026H1_空域限制或地形限制题型.txt_160,2026H1,2026H1,空域限制或地形限制题型,2026-05-17,河南01考场,空域限制或地形限制题-考试条件提取.docx,162,3,3,一：,coordinate;takeoff_return,"起飞点经纬度： N:34°51'26"" E:113°15′33""",34;51;26;113;15;33,°;度,起飞点,"N:34°51'26"";E:113°15′33""",34°;113°,,,,
gcond_58b255c99e8a,gcond_58b255c99e8a,gctpl_405a13a720a6,gsec_db4de292475b,qbank_7cb07e6ab374,实操题库_地面站考试条件_2026H1_空域限制或地形限制题型.txt_160,2026H1,2026H1,空域限制或地形限制题型,2026-05-17,河南01考场,空域限制或地形限制题-考试条件提取.docx,162,4,4,二：,restriction;geometry;takeoff_return,由于空域限制，飞机 不能由起飞点直飞任务航 线的航点1，需由起飞点 起飞先向西北方向平飞12 00米，再向东南方向平飞 500米，到达任务航线的 航点1,1;12;00;500;1,米,起飞点;起飞点,,,,500米,00米;500米,
gcond_4e0293e37911,gcond_4e0293e37911,gctpl_f524342344b8,gsec_db4de292475b,qbank_7cb07e6ab374,实操题库_地面站考试条件_2026H1_空域限制或地形限制题型.txt_160,2026H1,2026H1,空域限制或地形限制题型,2026-05-17,河南01考场,空域限制或地形限制题-考试条件提取.docx,162,5,5,三：,coordinate;bearing_angle;geometry,当地风向：SE 航线要求： 航点2到航点3的航向为逆风,2;3,S,,,,,,,
gcond_dd4327ca5410,gcond_dd4327ca5410,gctpl_3a5874ca88c1,gsec_22325b0d82c5,qbank_7cb07e6ab374,实操题库_地面站考试条件_2026H1_空域限制或地形限制题型.txt_161,2026H1,2026H1,空域限制或地形限制题型,2026-05-22,云南01考场,空域限制或地形限制题-考试条件提取.docx,163,1,1,(一),coordinate;speed_height;turn_hold_loop;geometry,"规划一个闭合六边形并循环执行，边长为a,①②③航点 相对地面高度为b，④⑤⑥航点相对地面高度为c，水平速度为d, 垂直速度为e,转弯方式为停止转弯，各点停留时间为f;",,度,①;②;③;④;⑤;⑥,,,,,,
gcond_650261d88e5a,gcond_650261d88e5a,gctpl_960db856eccd,gsec_22325b0d82c5,qbank_7cb07e6ab374,实操题库_地面站考试条件_2026H1_空域限制或地形限制题型.txt_161,2026H1,2026H1,空域限制或地形限制题型,2026-05-22,云南01考场,空域限制或地形限制题-考试条件提取.docx,163,2,2,(二),coordinate;speed_height,"a值为350米，b值为30米，c值为20m,d值为4m/s, e值为2m/s,f值为2s。",350;30;20;4;2;2,m;m/s;s;米,,,,4m/s;2m/s,,,
gcond_a8966ce6e05a,gcond_a8966ce6e05a,gctpl_7db10e47242b,gsec_22325b0d82c5,qbank_7cb07e6ab374,实操题库_地面站考试条件_2026H1_空域限制或地形限制题型.txt_161,2026H1,2026H1,空域限制或地形限制题型,2026-05-22,云南01考场,空域限制或地形限制题-考试条件提取.docx,163,3,3,一、,coordinate;geometry,题卡图形③号点经纬度： N:30°30'35 E:115°12'12,30;30;35;115;12;12,°;度,③,N:30°30'35;E:115°12'12,30°;115°,,,,
gcond_3e02ef411936,gcond_3e02ef411936,gctpl_5e3e2178d3aa,gsec_22325b0d82c5,qbank_7cb07e6ab374,实操题库_地面站考试条件_2026H1_空域限制或地形限制题型.txt_161,2026H1,2026H1,空域限制或地形限制题型,2026-05-22,云南01考场,空域限制或地形限制题-考试条件提取.docx,163,4,4,二、,coordinate;bearing_angle;restriction,"由于空域限制：起飞后 需向SE方向飞行50M,到达""” 避让点”再执行航线任务。",50,M;S,,,,,,50M,
gcond_6df286e255b0,gcond_6df286e255b0,gctpl_38f13e72ce67,gsec_22325b0d82c5,qbank_7cb07e6ab374,实操题库_地面站考试条件_2026H1_空域限制或地形限制题型.txt_161,2026H1,2026H1,空域限制或地形限制题型,2026-05-22,云南01考场,空域限制或地形限制题-考试条件提取.docx,163,5,5,三、,coordinate;bearing_angle;restriction;geometry,题卡图形1号点位于“ 避让点”NE方向，距离35M。 2一3为东偏南35°,1;35;2;3;35,M;°,,,35°,,,35M,
gcond_6bb1cf164a73,gcond_6bb1cf164a73,gctpl_24a33992a4f1,gsec_c233a7bfb2e5,qbank_7cb07e6ab374,实操题库_地面站考试条件_2026H1_空域限制或地形限制题型.txt_162,2026H1,2026H1,空域限制或地形限制题型,2026-05-23,新疆01考场,空域限制或地形限制题-考试条件提取.docx,164,1,1,(一),speed_height;turn_hold_loop;bearing_angle;geometry;takeoff_return,"于起飞点前规划一个等边三角形，边长为a，所有航线相对地面高 度为b,水平速度为c,垂直速度为d，转弯方式为停止转弯，停留时间不作 要求；",,度,起飞点,,,,,,
gcond_94b1703ccbc5,gcond_94b1703ccbc5,gctpl_8356d88d305b,gsec_c233a7bfb2e5,qbank_7cb07e6ab374,实操题库_地面站考试条件_2026H1_空域限制或地形限制题型.txt_162,2026H1,2026H1,空域限制或地形限制题型,2026-05-23,新疆01考场,空域限制或地形限制题-考试条件提取.docx,164,2,2,(二),speed_height,"a值为30米，b值为30米，c值为3m/s,d值为1m/s,f值为 8so",30;30;3;1;8,m/s;s;米,,,,3m/s;1m/s,,,
gcond_31d4f2ce29ca,gcond_31d4f2ce29ca,gctpl_a08c6ff02b8f,gsec_c233a7bfb2e5,qbank_7cb07e6ab374,实操题库_地面站考试条件_2026H1_空域限制或地形限制题型.txt_162,2026H1,2026H1,空域限制或地形限制题型,2026-05-23,新疆01考场,空域限制或地形限制题-考试条件提取.docx,164,3,3,二、,other,由于天气原因，无人 机起飞后先向西偏南20° 方向飞行50m后，再向西 北方向飞行100m后到达 测区,20;50;100,m;°,,,20°,,,100m,
gcond_7d7f2023cb27,gcond_7d7f2023cb27,gctpl_d83e0c5f7793,gsec_c233a7bfb2e5,qbank_7cb07e6ab374,实操题库_地面站考试条件_2026H1_空域限制或地形限制题型.txt_162,2026H1,2026H1,空域限制或地形限制题型,2026-05-23,新疆01考场,空域限制或地形限制题-考试条件提取.docx,164,4,4,三、,bearing_angle,③点位于②点的正东 面,,,③;②,,,,,,
gcond_26928acb5c52,gcond_26928acb5c52,gctpl_824fa22912ce,gsec_4c128dc19973,qbank_7cb07e6ab374,实操题库_地面站考试条件_2026H1_空域限制或地形限制题型.txt_163,2026H1,2026H1,空域限制或地形限制题型,2026-05-28,山东03考场,空域限制或地形限制题-考试条件提取.docx,165,1,1,1、,bearing_angle;geometry,图形如下，图中所标注的锐角角度均为45°，各航点间的距离不小于20米，,45;20,°;度;米,,,45°,,,20米,
gcond_73b06984749d,gcond_73b06984749d,gctpl_0968b9c29034,gsec_4c128dc19973,qbank_7cb07e6ab374,实操题库_地面站考试条件_2026H1_空域限制或地形限制题型.txt_163,2026H1,2026H1,空域限制或地形限制题型,2026-05-28,山东03考场,空域限制或地形限制题-考试条件提取.docx,165,2,2,2、,coordinate;bearing_angle;geometry;takeoff_return,H(起飞点)需要向SE方向平飞200米，再向N方向平飞50米达到图形1点； (保留飞行轨迹),200;50;1,S;米,起飞点,,,,,200米;50米,
gcond_09284fd2a383,gcond_09284fd2a383,gctpl_11089b7d0673,gsec_4c128dc19973,qbank_7cb07e6ab374,实操题库_地面站考试条件_2026H1_空域限制或地形限制题型.txt_163,2026H1,2026H1,空域限制或地形限制题型,2026-05-28,山东03考场,空域限制或地形限制题-考试条件提取.docx,165,3,3,3、,speed_height,"航线高度为60m,水平速度为4ms,垂直速度为2ms;",60;4;2,m;s;度,,,,4ms;2ms,60m,,
gcond_2cb92cf54843,gcond_2cb92cf54843,gctpl_45002d60331a,gsec_4c128dc19973,qbank_7cb07e6ab374,实操题库_地面站考试条件_2026H1_空域限制或地形限制题型.txt_163,2026H1,2026H1,空域限制或地形限制题型,2026-05-28,山东03考场,空域限制或地形限制题-考试条件提取.docx,165,4,4,4、,turn_hold_loop,转弯模式为：定点转弯，停留时间=3s,3,s,,,,,,,
gcond_01c29846a8b0,gcond_01c29846a8b0,gctpl_095d09e35127,gsec_4c128dc19973,qbank_7cb07e6ab374,实操题库_地面站考试条件_2026H1_空域限制或地形限制题型.txt_163,2026H1,2026H1,空域限制或地形限制题型,2026-05-28,山东03考场,空域限制或地形限制题-考试条件提取.docx,165,5,5,5、,turn_hold_loop;geometry,图形循环模式为：闭合航线,,,,,,,,,
gcond_1e39d424f515,gcond_1e39d424f515,gctpl_cb16b13f7ff9,gsec_4c128dc19973,qbank_7cb07e6ab374,实操题库_地面站考试条件_2026H1_空域限制或地形限制题型.txt_163,2026H1,2026H1,空域限制或地形限制题型,2026-05-28,山东03考场,空域限制或地形限制题-考试条件提取.docx,165,6,6,6、,bearing_angle,2点到3点的航向为SW,2;3,S,,,,,,,
gcond_f768bdad380d,gcond_f768bdad380d,gctpl_a88641f20cc0,gsec_eab9f8f48c73,qbank_7cb07e6ab374,实操题库_地面站考试条件_2026H1_空域限制或地形限制题型.txt_164,2026H1,2026H1,空域限制或地形限制题型,2026-05-29,甘肃01考场,空域限制或地形限制题-考试条件提取.docx,166,1,1,(一),speed_height;turn_hold_loop;bearing_angle;geometry,"规划一个等腰直角三角形，并循环执行，边长为a,所有航线相对地 面高度为b,水平速度为c,垂直速度为d,转弯方式为停止转弯，停留时间为 5s;",5,s;度,,,,,,,
gcond_d8ad55bbbf4d,gcond_d8ad55bbbf4d,gctpl_c0d67656f3ba,gsec_eab9f8f48c73,qbank_7cb07e6ab374,实操题库_地面站考试条件_2026H1_空域限制或地形限制题型.txt_164,2026H1,2026H1,空域限制或地形限制题型,2026-05-29,甘肃01考场,空域限制或地形限制题-考试条件提取.docx,166,2,2,(二),speed_height,"a值为40米，b值为40米，c值为5m/s,d值为2m/s。",40;40;5;2,m/s;米,,,,5m/s;2m/s,,,
gcond_477ae73aafba,gcond_477ae73aafba,gctpl_b8ae13070413,gsec_eab9f8f48c73,qbank_7cb07e6ab374,实操题库_地面站考试条件_2026H1_空域限制或地形限制题型.txt_164,2026H1,2026H1,空域限制或地形限制题型,2026-05-29,甘肃01考场,空域限制或地形限制题-考试条件提取.docx,166,3,3,一：,coordinate;takeoff_return,"起飞点经纬度： N:39°15′58"" E:76°50'27",39;15;58;76;50;27,°;度,起飞点,"N:39°15′58"";E:76°50'27",39°;76°,,,,
gcond_a50c4475aff1,gcond_a50c4475aff1,gctpl_91aa4938a3c9,gsec_eab9f8f48c73,qbank_7cb07e6ab374,实操题库_地面站考试条件_2026H1_空域限制或地形限制题型.txt_164,2026H1,2026H1,空域限制或地形限制题型,2026-05-29,甘肃01考场,空域限制或地形限制题-考试条件提取.docx,166,4,4,二：,coordinate;bearing_angle;restriction;geometry;takeoff_return,由于空域限制，飞机 不能由起飞点直飞任务航 线的航点1，需先向NW方 平飞300米，再向南平飞 600米到达任务题卡图航线 的航点1,1;300;600;1,米,起飞点,,,,600米,300米;600米,
gcond_8ce7f2869989,gcond_8ce7f2869989,gctpl_508276177a71,gsec_eab9f8f48c73,qbank_7cb07e6ab374,实操题库_地面站考试条件_2026H1_空域限制或地形限制题型.txt_164,2026H1,2026H1,空域限制或地形限制题型,2026-05-29,甘肃01考场,空域限制或地形限制题-考试条件提取.docx,166,5,5,三：,bearing_angle;geometry,任务航线图形中3-2点 航向为逆风，风向：正东，,3;2,,,,,,,,
gcond_fbdaebebed60,gcond_fbdaebebed60,gctpl_e5b896dc844a,gsec_19ecdb418296,qbank_7cb07e6ab374,实操题库_地面站考试条件_2026H1_空域限制或地形限制题型.txt_165,2026H1,2026H1,空域限制或地形限制题型,2026-06-01,山东02考场,空域限制或地形限制题-考试条件提取.docx,167,1,1,(一),coordinate;speed_height;turn_hold_loop;geometry,"按图规划一个闭合的任务航线并循环执行，①③、②③、 ②④、①④边长为300米，①点相对地面高度为a,②点相对地面高度 为b,③点相对地面高度为c,④点相对地面高度为d,水平速度为e ，垂直速度为f,转弯模式为停止转弯，停留时间2s:",300;2,s;度;米,①;③;②;③;②;④;①;④;①;②;③;④,,,,300米,300米,
gcond_508467245d3c,gcond_508467245d3c,gctpl_ef11846ede82,gsec_19ecdb418296,qbank_7cb07e6ab374,实操题库_地面站考试条件_2026H1_空域限制或地形限制题型.txt_165,2026H1,2026H1,空域限制或地形限制题型,2026-06-01,山东02考场,空域限制或地形限制题-考试条件提取.docx,167,2,2,(二),coordinate;speed_height,"a值为20米，b值为25米，c值为30m,d值为20m, e值为2m/s,f值为2m/s。",20;25;30;20;2;2,m;m/s;米,,,,2m/s;2m/s,,,
gcond_a1a01e9d9a27,gcond_a1a01e9d9a27,gctpl_e6a1ba2c420b,gsec_19ecdb418296,qbank_7cb07e6ab374,实操题库_地面站考试条件_2026H1_空域限制或地形限制题型.txt_165,2026H1,2026H1,空域限制或地形限制题型,2026-06-01,山东02考场,空域限制或地形限制题-考试条件提取.docx,167,3,3,一、,coordinate;takeoff_return,"起飞点经纬度： N:36.1217° E:114.3247""",36.1217;114.3247,°;度,起飞点,"N:36.1217;E:114.3247""",36.1217°,,,,
gcond_3fec3ede62e8,gcond_3fec3ede62e8,gctpl_2bb0a7124514,gsec_19ecdb418296,qbank_7cb07e6ab374,实操题库_地面站考试条件_2026H1_空域限制或地形限制题型.txt_165,2026H1,2026H1,空域限制或地形限制题型,2026-06-01,山东02考场,空域限制或地形限制题-考试条件提取.docx,167,4,4,二：,coordinate;bearing_angle;restriction;geometry;takeoff_return,"由于空域限制，飞机不能 任务航线示意图： 由起飞点直飞任务航线的航点 1,需先向NW方向平飞570米 再向SW方向平飞530米，到达",1;570;530,S;米,起飞点;1,,,,,570米;530米,
gcond_5c10d0f99fbc,gcond_5c10d0f99fbc,gctpl_58d202508227,gsec_19ecdb418296,qbank_7cb07e6ab374,实操题库_地面站考试条件_2026H1_空域限制或地形限制题型.txt_165,2026H1,2026H1,空域限制或地形限制题型,2026-06-01,山东02考场,空域限制或地形限制题-考试条件提取.docx,167,5,5,三：,coordinate;bearing_angle;geometry,"当地风向：SE,航点3-2航 向为逆风",3;2,S,,,,,,,
gcond_725186d4e0ee,gcond_725186d4e0ee,gctpl_de81fb8e5c9c,gsec_e23e5fd52110,qbank_7cb07e6ab374,实操题库_地面站考试条件_2026H1_空域限制或地形限制题型.txt_166,2026H1,2026H1,空域限制或地形限制题型,2026-05-15,江西03考场,空域限制或地形限制题-考试条件提取.docx,168,1,1,(一),speed_height;turn_hold_loop;bearing_angle;geometry,"规划一个闭合等边三角形并循环执行，边长为a，所有航线相对地 面高度为b，水平速度为c,垂直速度为d，转弯方式为停止转弯，停留时间 为f;",,度,,,,,,,
gcond_a8d2030895d8,gcond_a8d2030895d8,gctpl_7405ac5960df,gsec_e23e5fd52110,qbank_7cb07e6ab374,实操题库_地面站考试条件_2026H1_空域限制或地形限制题型.txt_166,2026H1,2026H1,空域限制或地形限制题型,2026-05-15,江西03考场,空域限制或地形限制题-考试条件提取.docx,168,2,2,(二),speed_height,"a值为100米，b值为50米，c值为5m/s,d值为2m/s,f值为 8s8",100;50;5;2;8;8,m/s;s;米,,,,5m/s;2m/s,,,
gcond_d0063eb153e0,gcond_d0063eb153e0,gctpl_3e268f226ac0,gsec_e23e5fd52110,qbank_7cb07e6ab374,实操题库_地面站考试条件_2026H1_空域限制或地形限制题型.txt_166,2026H1,2026H1,空域限制或地形限制题型,2026-05-15,江西03考场,空域限制或地形限制题-考试条件提取.docx,168,3,3,一、,coordinate;takeoff_return,"起飞点经纬度： N:34°14'35.85 E:117°10'26.91""",34;14;35.85;117;10;26.91,°;度,起飞点,N:34°14'35;E:117°10'26,34°;117°,,,,
gcond_74b668093729,gcond_74b668093729,gctpl_d7523450a0d6,gsec_e23e5fd52110,qbank_7cb07e6ab374,实操题库_地面站考试条件_2026H1_空域限制或地形限制题型.txt_166,2026H1,2026H1,空域限制或地形限制题型,2026-05-15,江西03考场,空域限制或地形限制题-考试条件提取.docx,168,4,4,二、,coordinate;bearing_angle;restriction;geometry;takeoff_return,由于空域限制， 飞机不能由起飞点直 飞任务航线的航点1， 需先向SE方向平飞 1000米，再向SW方向 平飞500米，到达任务 航线的航点1。,1;1000;500;1,S;米,起飞点,,,,500米,1000米;500米,
gcond_9f476c47ee27,gcond_9f476c47ee27,gctpl_7bcaea81cd49,gsec_e23e5fd52110,qbank_7cb07e6ab374,实操题库_地面站考试条件_2026H1_空域限制或地形限制题型.txt_166,2026H1,2026H1,空域限制或地形限制题型,2026-05-15,江西03考场,空域限制或地形限制题-考试条件提取.docx,168,5,5,三、,bearing_angle;geometry,航点3-2航向角为 南偏西15°,3;2;15,°,,,15°,,,,
gcond_16312008028f,gcond_16312008028f,gctpl_3a5874ca88c1,gsec_1f5361ea2bc0,qbank_7cb07e6ab374,实操题库_地面站考试条件_2026H1_空域限制或地形限制题型.txt_167,2026H1,2026H1,空域限制或地形限制题型,2026-06-01,山东02考场,空域限制或地形限制题-考试条件提取.docx,169,1,1,(一),coordinate;speed_height;turn_hold_loop;geometry,"规划一个闭合六边形并循环执行，边长为a,①②③航点 相对地面高度为b,④⑤⑥航点相对地面高度为c,水平速度为d, 垂直速度为e,转弯方式为停止转弯，各点停留时间为f；",,度,①;②;③;④;⑤;⑥,,,,,,
gcond_1b970b1f7368,gcond_1b970b1f7368,gctpl_d7eaf440dbc8,gsec_1f5361ea2bc0,qbank_7cb07e6ab374,实操题库_地面站考试条件_2026H1_空域限制或地形限制题型.txt_167,2026H1,2026H1,空域限制或地形限制题型,2026-06-01,山东02考场,空域限制或地形限制题-考试条件提取.docx,169,2,2,(二),coordinate;speed_height,"a值为300米，b值为30米，c值为25m,d值为4m/s, e值为2m/s,f值为2s。",300;30;25;4;2;2,m;m/s;s;米,,,,4m/s;2m/s,,,
gcond_ae05e745913d,gcond_ae05e745913d,gctpl_06858d6425d5,gsec_1f5361ea2bc0,qbank_7cb07e6ab374,实操题库_地面站考试条件_2026H1_空域限制或地形限制题型.txt_167,2026H1,2026H1,空域限制或地形限制题型,2026-06-01,山东02考场,空域限制或地形限制题-考试条件提取.docx,169,3,3,一、,coordinate;takeoff_return,起飞点经纬度： 3 N:36.2547° E:114.4306°,3;36.2547;114.4306,°;度,起飞点;3,N:36.2547;E:114.4306,36.2547°;114.4306°,,,,
gcond_73867f7f8472,gcond_73867f7f8472,gctpl_8c0239ebe0a4,gsec_1f5361ea2bc0,qbank_7cb07e6ab374,实操题库_地面站考试条件_2026H1_空域限制或地形限制题型.txt_167,2026H1,2026H1,空域限制或地形限制题型,2026-06-01,山东02考场,空域限制或地形限制题-考试条件提取.docx,169,4,4,二：,coordinate;bearing_angle;restriction;geometry;takeoff_return,由于空城限制，飞机 6 不能由起飞点直飞任务航 线的航点1，需先向SW方 向平飞650米，再向SE方 向平飞570米。到达任务 航线的航点1。,6;1;650;570;1,S;米,6;起飞点,,,,570米,650米;570米,
gcond_df4aadb0aaac,gcond_df4aadb0aaac,gctpl_6b28407d8fc6,gsec_1f5361ea2bc0,qbank_7cb07e6ab374,实操题库_地面站考试条件_2026H1_空域限制或地形限制题型.txt_167,2026H1,2026H1,空域限制或地形限制题型,2026-06-01,山东02考场,空域限制或地形限制题-考试条件提取.docx,169,5,5,三、,coordinate;bearing_angle;geometry,"当地风向：NE,航点 3-2航向为顺风。",3;2,,3,,,,,,
gcond_6499a61c73a0,gcond_6499a61c73a0,gctpl_3447e97be40e,gsec_d2ff41489333,qbank_7cb07e6ab374,实操题库_地面站考试条件_2026H1_空域限制或地形限制题型.txt_168,2026H1,2026H1,空域限制或地形限制题型,2026-06-06,四川02考场,空域限制或地形限制题-考试条件提取.docx,170,1,1,1、,bearing_angle;geometry,图形如下，图中所标注的锐角角度均为45°，∠413=90°，14=150m;,45;413;90;14;150,m;°;度,,,45°;90°,,,,
gcond_2561336ca537,gcond_2561336ca537,gctpl_0968b9c29034,gsec_d2ff41489333,qbank_7cb07e6ab374,实操题库_地面站考试条件_2026H1_空域限制或地形限制题型.txt_168,2026H1,2026H1,空域限制或地形限制题型,2026-06-06,四川02考场,空域限制或地形限制题-考试条件提取.docx,170,2,2,2、,coordinate;bearing_angle;geometry;takeoff_return,H(起飞点)需要向SE方向平飞200米，再向N方向平飞50米达到图形1点； (保留飞行轨迹),200;50;1,S;米,起飞点,,,,,200米;50米,
gcond_eeef874612ce,gcond_eeef874612ce,gctpl_de29ad39a70a,gsec_d2ff41489333,qbank_7cb07e6ab374,实操题库_地面站考试条件_2026H1_空域限制或地形限制题型.txt_168,2026H1,2026H1,空域限制或地形限制题型,2026-06-06,四川02考场,空域限制或地形限制题-考试条件提取.docx,170,3,3,3、,speed_height,"航线高度为60m,水平速度为4ms,垂直速度为2mls",60;4;2,m;s;度,,,,4ms,60m,,
gcond_3a5a7f8ec940,gcond_3a5a7f8ec940,gctpl_45002d60331a,gsec_d2ff41489333,qbank_7cb07e6ab374,实操题库_地面站考试条件_2026H1_空域限制或地形限制题型.txt_168,2026H1,2026H1,空域限制或地形限制题型,2026-06-06,四川02考场,空域限制或地形限制题-考试条件提取.docx,170,4,4,4、,turn_hold_loop,转弯模式为：定点转弯，停留时间=3s,3,s,,,,,,,
gcond_633f0b888110,gcond_633f0b888110,gctpl_095d09e35127,gsec_d2ff41489333,qbank_7cb07e6ab374,实操题库_地面站考试条件_2026H1_空域限制或地形限制题型.txt_168,2026H1,2026H1,空域限制或地形限制题型,2026-06-06,四川02考场,空域限制或地形限制题-考试条件提取.docx,170,5,5,5、,turn_hold_loop;geometry,图形循环模式为：闭合航线,,,,,,,,,
gcond_0ea3c4416303,gcond_0ea3c4416303,gctpl_e697915f953d,gsec_d2ff41489333,qbank_7cb07e6ab374,实操题库_地面站考试条件_2026H1_空域限制或地形限制题型.txt_168,2026H1,2026H1,空域限制或地形限制题型,2026-06-06,四川02考场,空域限制或地形限制题-考试条件提取.docx,170,6,6,6、,bearing_angle;geometry,图形2点到3点的航向为Sw,2;3,S,,,,,,,
gcond_2d74c04b78a0,gcond_2d74c04b78a0,gctpl_1dd2fdb9b568,gsec_d2ff41489333,qbank_7cb07e6ab374,实操题库_地面站考试条件_2026H1_空域限制或地形限制题型.txt_168,2026H1,2026H1,空域限制或地形限制题型,2026-06-06,四川02考场,空域限制或地形限制题-考试条件提取.docx,170,7,7,7、,coordinate;geometry,图形2点的坐标为E95°20'24”N31°15′36”（零误差）,2;95;20;24;31;15;36,°,,E95°20'24”;N31°15′36”,95°;31°,,,,
gcond_610928acb9ae,gcond_610928acb9ae,gctpl_1b597a90fa19,gsec_7f0dbb3fec37,qbank_7cb07e6ab374,实操题库_地面站考试条件_2026H1_空域限制或地形限制题型.txt_169,2026H1,2026H1,空域限制或地形限制题型,2026-05-17,河南01考场,空域限制或地形限制题-考试条件提取.docx,171,1,1,(一),coordinate;speed_height;turn_hold_loop;geometry,"按图规划一个闭合的任务航线不循环执行，①③、②③、 ②④、①④边长为300米，①点相对地面高度为a,②点相对地面高 度为b,③点相对地面高度为c，④点相对地面高度为d，水平速 度为e,垂直速度为f，转弯模式为停止转弯，停留时间6s;",300;6,s;度;米,①;③;②;③;②;④;①;④;①;②;③;④,,,,300米,300米,
gcond_27424ea26814,gcond_27424ea26814,gctpl_57403cfa38fc,gsec_7f0dbb3fec37,qbank_7cb07e6ab374,实操题库_地面站考试条件_2026H1_空域限制或地形限制题型.txt_169,2026H1,2026H1,空域限制或地形限制题型,2026-05-17,河南01考场,空域限制或地形限制题-考试条件提取.docx,171,2,2,(二),coordinate;speed_height,"a值为30米，b值为35米，c值为40m,d值为25m, e值为5m/s,f值为3m/s。",30;35;40;25;5;3,m;m/s;米,,,,5m/s;3m/s,,,
gcond_be06918d847f,gcond_be06918d847f,gctpl_f7ab6ee78ac6,gsec_7f0dbb3fec37,qbank_7cb07e6ab374,实操题库_地面站考试条件_2026H1_空域限制或地形限制题型.txt_169,2026H1,2026H1,空域限制或地形限制题型,2026-05-17,河南01考场,空域限制或地形限制题-考试条件提取.docx,171,3,3,一、,coordinate;takeoff_return,"起飞点经纬度： N:34°51'27 E:113°16'33""",34;51;27;113;16;33,°;度,起飞点,"N:34°51'27;E:113°16'33""",34°;113°,,,,
gcond_da7055268380,gcond_da7055268380,gctpl_e53b008af1d5,gsec_7f0dbb3fec37,qbank_7cb07e6ab374,实操题库_地面站考试条件_2026H1_空域限制或地形限制题型.txt_169,2026H1,2026H1,空域限制或地形限制题型,2026-05-17,河南01考场,空域限制或地形限制题-考试条件提取.docx,171,4,4,二、,restriction;geometry;takeoff_return,由于空域限制，飞 机不能由起飞点直飞任 务航线的航点1，需由起飞 点先向西南方向平飞1000 米，再向东南方向平飞3 00米，到达任务航线的 航点1。,1;1000;3;00;1,米,起飞点,,,,00米,1000 米;00米,
gcond_d800b3a21bd3,gcond_d800b3a21bd3,gctpl_7a09f3a2fdf6,gsec_7f0dbb3fec37,qbank_7cb07e6ab374,实操题库_地面站考试条件_2026H1_空域限制或地形限制题型.txt_169,2026H1,2026H1,空域限制或地形限制题型,2026-05-17,河南01考场,空域限制或地形限制题-考试条件提取.docx,171,5,5,三、,bearing_angle;geometry,"当地风向：WS, 航点2到航点1的航向为逆风",2;1,S,,,,,,,
gcond_19dd9a55d10f,gcond_19dd9a55d10f,gctpl_9cbda884fa2b,gsec_27c585707495,qbank_7cb07e6ab374,实操题库_地面站考试条件_2026H1_空域限制或地形限制题型.txt_170,2026H1,2026H1,空域限制或地形限制题型,2026-06-08,河北04考场,空域限制或地形限制题-考试条件提取.docx,172,1,1,(一),coordinate;speed_height;turn_hold_loop;geometry,"按图规划一个闭合的任务航线并循环执行，①③、②③、 ②④、①④边长为300米，①点相对地面高度为a,②点相对地面高度 为b，③点相对地面高度为c，④点相对地面高度为d，水平速度为 e，垂直速度为f,转弯模式为停止转弯，停留时间25s;",300;25,s;度;米,①;③;②;③;②;④;①;④;①;②;③;④,,,,300米,300米,
gcond_c7b35eaf35c1,gcond_c7b35eaf35c1,gctpl_d8cdc862ecfe,gsec_27c585707495,qbank_7cb07e6ab374,实操题库_地面站考试条件_2026H1_空域限制或地形限制题型.txt_170,2026H1,2026H1,空域限制或地形限制题型,2026-06-08,河北04考场,空域限制或地形限制题-考试条件提取.docx,172,2,2,(二),coordinate;speed_height,"a值为20米，b值为25米，c值为30m,d值为25m, e值为5m/s,f值为3m/s。",20;25;30;25;5;3,m;m/s;米,,,,5m/s;3m/s,,,
gcond_85552f554f1b,gcond_85552f554f1b,gctpl_5545219fcdf6,gsec_27c585707495,qbank_7cb07e6ab374,实操题库_地面站考试条件_2026H1_空域限制或地形限制题型.txt_170,2026H1,2026H1,空域限制或地形限制题型,2026-06-08,河北04考场,空域限制或地形限制题-考试条件提取.docx,172,3,3,一、,coordinate;takeoff_return,"起飞点经纬度： N:41°30'02 E:35°06'01""",41;30;02;35;06;01,°;度,起飞点,"N:41°30'02;E:35°06'01""",41°;35°,,,,
gcond_fe7036be9706,gcond_fe7036be9706,gctpl_b7a15dced554,gsec_27c585707495,qbank_7cb07e6ab374,实操题库_地面站考试条件_2026H1_空域限制或地形限制题型.txt_170,2026H1,2026H1,空域限制或地形限制题型,2026-06-08,河北04考场,空域限制或地形限制题-考试条件提取.docx,172,4,4,二：,coordinate;bearing_angle;restriction;geometry;takeoff_return,由于空域限制，飞机不 能由起飞点直飞任务航线的 航点1，需先向NW方向平飞 630米，再向NW方向平飞 720米，到达任务航线的航 点1。,1;630;720;1,米,起飞点,,,,720米,630米;720米,
gcond_162d047fa5f7,gcond_162d047fa5f7,gctpl_05365bb2fb1e,gsec_27c585707495,qbank_7cb07e6ab374,实操题库_地面站考试条件_2026H1_空域限制或地形限制题型.txt_170,2026H1,2026H1,空域限制或地形限制题型,2026-06-08,河北04考场,空域限制或地形限制题-考试条件提取.docx,172,5,5,三：,coordinate;bearing_angle;geometry,"当地风向：SE, 航点3→2航向为顺风。",3;2,S,,,,,,,
gcond_f27a62837e2a,gcond_f27a62837e2a,gctpl_ebbb2e247c3c,gsec_8070ffb032e1,qbank_7cb07e6ab374,实操题库_地面站考试条件_2026H1_空域限制或地形限制题型.txt_171,2026H1,2026H1,空域限制或地形限制题型,2026-06-10,湖北04考场,空域限制或地形限制题-考试条件提取.docx,173,1,1,(一),speed_height;turn_hold_loop;bearing_angle;geometry,"规划一个闭合等边三角形并循环执行，边长为a,所有航线相对地面 高度为b,水平速度为c,垂直速度为d,转弯方式为停止转弯，停留时间5s;",5,s;度,,,,,,,
gcond_3c7c2358c318,gcond_3c7c2358c318,gctpl_401b1e1c6d37,gsec_8070ffb032e1,qbank_7cb07e6ab374,实操题库_地面站考试条件_2026H1_空域限制或地形限制题型.txt_171,2026H1,2026H1,空域限制或地形限制题型,2026-06-10,湖北04考场,空域限制或地形限制题-考试条件提取.docx,173,2,2,(二),speed_height,"a值为50米，b值为50米，c值为3m/s,d值为2m/s。",50;50;3;2,m/s;米,,,,3m/s;2m/s,,,
gcond_c90efbba9df4,gcond_c90efbba9df4,gctpl_616c25101c45,gsec_8070ffb032e1,qbank_7cb07e6ab374,实操题库_地面站考试条件_2026H1_空域限制或地形限制题型.txt_171,2026H1,2026H1,空域限制或地形限制题型,2026-06-10,湖北04考场,空域限制或地形限制题-考试条件提取.docx,173,3,3,一、,coordinate;geometry,"左图中航点1经纬度： N:28°28'03"" E:115°26'02”",1;28;28;03;115;26;02,°;度,,"N:28°28'03"";E:115°26'02”",28°;115°,,,,
gcond_ac438efb4df3,gcond_ac438efb4df3,gctpl_0f9d5f2f60ef,gsec_8070ffb032e1,qbank_7cb07e6ab374,实操题库_地面站考试条件_2026H1_空域限制或地形限制题型.txt_171,2026H1,2026H1,空域限制或地形限制题型,2026-06-10,湖北04考场,空域限制或地形限制题-考试条件提取.docx,173,4,4,二、,coordinate;bearing_angle;restriction;geometry;takeoff_return,由于空域限制，飞机 不能由起飞点直飞任务航 线的航点1，需先向SE方 向平飞100米，再向SW方 向平飞50米，到达任务航 线的航点1。,1;100;50;1,S;米,起飞点,,,,,100米;50米,
gcond_da374efa9e0b,gcond_da374efa9e0b,gctpl_e4bb5d392cde,gsec_8070ffb032e1,qbank_7cb07e6ab374,实操题库_地面站考试条件_2026H1_空域限制或地形限制题型.txt_171,2026H1,2026H1,空域限制或地形限制题型,2026-06-10,湖北04考场,空域限制或地形限制题-考试条件提取.docx,173,5,5,三、,bearing_angle;geometry,航点3-2航向角北偏西 25°,3;2;25,°,,,25°,,,,
gcond_5be052521642,gcond_5be052521642,gctpl_5ddab4fba00b,gsec_1764da395ff0,qbank_7cb07e6ab374,实操题库_地面站考试条件_2026H1_空域限制或地形限制题型.txt_172,2026H1,2026H1,空域限制或地形限制题型,2026-06-10,湖北04考场,空域限制或地形限制题-考试条件提取.docx,174,1,1,(一),coordinate;speed_height;turn_hold_loop;geometry,"按图规划一个闭合的任务航线并循环执行，①③、②③、 ②④、①④边长为300米，①点相对地面高度为，②点相对地面高度 为b,③点相对地面高度为c,④点相对地面高度为d,水平速度为e, 垂直速度为f,转弯模式为停止转弯，停留时间2s;",300;2,s;度;米,①;③;②;③;②;④;①;④;①;②;③;④,,,,300米,300米,
gcond_0a51cf741b8e,gcond_0a51cf741b8e,gctpl_ef11846ede82,gsec_1764da395ff0,qbank_7cb07e6ab374,实操题库_地面站考试条件_2026H1_空域限制或地形限制题型.txt_172,2026H1,2026H1,空域限制或地形限制题型,2026-06-10,湖北04考场,空域限制或地形限制题-考试条件提取.docx,174,2,2,(二),coordinate;speed_height,"a值为20米，b值为25米，c值为30m,d值为20m, e值为2m/s,f值为2m/s。",20;25;30;20;2;2,m;m/s;米,,,,2m/s;2m/s,,,
gcond_b692d3e233a5,gcond_b692d3e233a5,gctpl_6ed040052f76,gsec_1764da395ff0,qbank_7cb07e6ab374,实操题库_地面站考试条件_2026H1_空域限制或地形限制题型.txt_172,2026H1,2026H1,空域限制或地形限制题型,2026-06-10,湖北04考场,空域限制或地形限制题-考试条件提取.docx,174,3,3,一、,coordinate;takeoff_return,起飞点经纬度： N:32.1219° E:118.3246,32.1219;118.3246,°;度,起飞点,N:32.1219;E:118.3246,32.1219°,,,,
gcond_355e2b04e6e2,gcond_355e2b04e6e2,gctpl_63881d5f61d4,gsec_1764da395ff0,qbank_7cb07e6ab374,实操题库_地面站考试条件_2026H1_空域限制或地形限制题型.txt_172,2026H1,2026H1,空域限制或地形限制题型,2026-06-10,湖北04考场,空域限制或地形限制题-考试条件提取.docx,174,4,4,二、,coordinate;bearing_angle;restriction;geometry;takeoff_return,由于空域限制，飞机不能由 起飞点直飞任务航线的航点1， 需先向SE方向平飞330米，再向 SW方向平飞660米，到达任务 航线的航点1。,1;330;660;1,S;米,起飞点,,,,660米,330米;660米,
gcond_a9e0f6bd9f9a,gcond_a9e0f6bd9f9a,gctpl_a780aa08a625,gsec_1764da395ff0,qbank_7cb07e6ab374,实操题库_地面站考试条件_2026H1_空域限制或地形限制题型.txt_172,2026H1,2026H1,空域限制或地形限制题型,2026-06-10,湖北04考场,空域限制或地形限制题-考试条件提取.docx,174,5,5,三、,coordinate;bearing_angle;geometry,"当地风向：SE,航点2→3 航向为顺风",2;3,S,3,,,,,,
gcond_82cce9ac0696,gcond_82cce9ac0696,gctpl_5ba57d464819,gsec_31f78cc6506a,qbank_7cb07e6ab374,实操题库_地面站考试条件_2026H1_空域限制或地形限制题型.txt_173,2026H1,2026H1,空域限制或地形限制题型,2026-06-17,,空域限制或地形限制题-考试条件提取.docx,175,1,1,(一),speed_height;turn_hold_loop;bearing_angle;geometry,"规划一个手动闭合等边三角形，任务执行次数大于2次， 边长为a,航线相对地面高度为b,水平速度为c,垂直速度为d,转 弯方式为停止转弯，停留时间4s;",2;4,s;度,,,,,,,
gcond_891c13d23ac4,gcond_891c13d23ac4,gctpl_26ef1d551670,gsec_31f78cc6506a,qbank_7cb07e6ab374,实操题库_地面站考试条件_2026H1_空域限制或地形限制题型.txt_173,2026H1,2026H1,空域限制或地形限制题型,2026-06-17,,空域限制或地形限制题-考试条件提取.docx,175,2,2,(二),speed_height,"a值为300米，b值为80米，c值为5m/s,d值为2m/s。",300;80;5;2,m/s;米,,,,5m/s;2m/s,,,
gcond_7aaaf6fd2555,gcond_7aaaf6fd2555,gctpl_7d23d347f45e,gsec_31f78cc6506a,qbank_7cb07e6ab374,实操题库_地面站考试条件_2026H1_空域限制或地形限制题型.txt_173,2026H1,2026H1,空域限制或地形限制题型,2026-06-17,,空域限制或地形限制题-考试条件提取.docx,175,3,3,1、,coordinate,"②点经纬度E:44°19'02”， N:34°16'02""",44;19;02;34;16;02,°;度,②,"E:44°19'02”;N:34°16'02""",44°;34°,,,,
gcond_d994c3282ee7,gcond_d994c3282ee7,gctpl_68df62ee6f11,gsec_31f78cc6506a,qbank_7cb07e6ab374,实操题库_地面站考试条件_2026H1_空域限制或地形限制题型.txt_173,2026H1,2026H1,空域限制或地形限制题型,2026-06-17,,空域限制或地形限制题-考试条件提取.docx,175,4,4,2、,coordinate;speed_height;bearing_angle;restriction;geometry;takeoff_return,由于空域限制，无人机不能从起飞点 直飞任务航线航点①，需向NE方向保持 100米高度平飞300米，再向SW方向平飞 300米抵达任务航线航点①,100;300;300,S;度;米,起飞点;航点①;航点①,,,,100米;300米;300米,100米;300米;300米,
gcond_4b19f80fe7aa,gcond_4b19f80fe7aa,gctpl_d5e7a2909515,gsec_31f78cc6506a,qbank_7cb07e6ab374,实操题库_地面站考试条件_2026H1_空域限制或地形限制题型.txt_173,2026H1,2026H1,空域限制或地形限制题型,2026-06-17,,空域限制或地形限制题-考试条件提取.docx,175,5,5,3、,bearing_angle;geometry,航点③到航点②的航向为南偏西20°,20,°,航点③;航点②,,20°,,,,
gcond_df51d8143be7,gcond_df51d8143be7,gctpl_9d72f0b410a1,gsec_92264f7bef41,qbank_6fefd796641a,实操题库_地面站考试条件_2026H1_罗盘双坐标题型.txt_0,2026H1,2026H1,罗盘双坐标题型,2026-04-10,河北03考场,罗盘双坐标题型-考试条件提取.docx,1,1,1,(一),speed_height;turn_hold_loop;bearing_angle;geometry,"与 的相对方位由委任代表根据 现场环境等情况进行决定。于起飞前规划一个等腰直角三角形并 循环执行，①②边长为a1,①③边长为a2,∠①为直角，航线相对 地面高度b，水平速度为c，垂直速度为d，转弯方式为停止转弯， 停留时间不要求；",1;2,度,①;②;①;③;①,,,,,,
gcond_0c0b6ff58897,gcond_0c0b6ff58897,gctpl_c5cebd5c8417,gsec_92264f7bef41,qbank_6fefd796641a,实操题库_地面站考试条件_2026H1_罗盘双坐标题型.txt_0,2026H1,2026H1,罗盘双坐标题型,2026-04-10,河北03考场,罗盘双坐标题型-考试条件提取.docx,1,2,2,(二),speed_height;bearing_angle,"al、a2值建议为30米，b值建议为30米，c值建议 为3m/s,d值建议为1m/s。(航线方位及各数值可由委任代表按实 际情况进行调整，考题以委任代表规定数值为准)",2;30;30;3;1,m/s;米,,,,3m/s;1m/s,,,
gcond_a4fa6f952008,gcond_a4fa6f952008,gctpl_00b9d67c0e9c,gsec_92264f7bef41,qbank_6fefd796641a,实操题库_地面站考试条件_2026H1_罗盘双坐标题型.txt_0,2026H1,2026H1,罗盘双坐标题型,2026-04-10,河北03考场,罗盘双坐标题型-考试条件提取.docx,1,3,3,附加条件,coordinate;bearing_angle,整体航线坐标（罗盘）：SW（225°） 标注尖指向纸面右下,225,S;°,,,225°,,,,
gcond_55be553a4f69,gcond_55be553a4f69,gctpl_dde3f04ea241,gsec_92264f7bef41,qbank_6fefd796641a,实操题库_地面站考试条件_2026H1_罗盘双坐标题型.txt_0,2026H1,2026H1,罗盘双坐标题型,2026-04-10,河北03考场,罗盘双坐标题型-考试条件提取.docx,1,4,4,1、,coordinate;takeoff_return,起飞点经纬度： N:27°46'36” E:123°12'17”,27;46;36;123;12;17,°;度,起飞点,N:27°46'36”;E:123°12'17”,27°;123°,,,,
gcond_8694fc62a752,gcond_8694fc62a752,gctpl_9cc1cf756a7e,gsec_92264f7bef41,qbank_6fefd796641a,实操题库_地面站考试条件_2026H1_罗盘双坐标题型.txt_0,2026H1,2026H1,罗盘双坐标题型,2026-04-10,河北03考场,罗盘双坐标题型-考试条件提取.docx,1,5,5,2、,coordinate,2点经纬度： N:27°46′19” E:123°12'27”,2;27;46;19;123;12;27,°;度,,N:27°46′19”;E:123°12'27”,27°;123°,,,,
gcond_f48e2e7d559b,gcond_f48e2e7d559b,gctpl_fc036beaff39,gsec_c1d645617fe0,qbank_6fefd796641a,实操题库_地面站考试条件_2026H1_罗盘双坐标题型.txt_1,2026H1,2026H1,罗盘双坐标题型,2026-04-12,山东05考场,罗盘双坐标题型-考试条件提取.docx,2,1,1,(一),speed_height;turn_hold_loop;bearing_angle;geometry,与 的相对方位由委任代表根据现场环境 等情况进行决定。规划一个等边三角形并循环执行，边长为a，所有航线相对 地面高度为b，水平速度为c，垂直速度为，转弯方式为停止转弯，停留时 间5s;,5,s;度,,,,,,,
gcond_fb34679fa3f6,gcond_fb34679fa3f6,gctpl_401b1e1c6d37,gsec_c1d645617fe0,qbank_6fefd796641a,实操题库_地面站考试条件_2026H1_罗盘双坐标题型.txt_1,2026H1,2026H1,罗盘双坐标题型,2026-04-12,山东05考场,罗盘双坐标题型-考试条件提取.docx,2,2,2,(二),speed_height,"a值为50米，b值为50米，c值为3m/s,d值为2m/s。",50;50;3;2,m/s;米,,,,3m/s;2m/s,,,
gcond_7faef5d7a22c,gcond_7faef5d7a22c,gctpl_00b9d67c0e9c,gsec_c1d645617fe0,qbank_6fefd796641a,实操题库_地面站考试条件_2026H1_罗盘双坐标题型.txt_1,2026H1,2026H1,罗盘双坐标题型,2026-04-12,山东05考场,罗盘双坐标题型-考试条件提取.docx,2,3,3,附加条件,coordinate;bearing_angle,整体航线坐标（罗盘）：SW（225°） 标注尖指向纸面右下,225,S;°,,,225°,,,,
gcond_1af19ae5a890,gcond_1af19ae5a890,gctpl_c91bd9007ae0,gsec_c1d645617fe0,qbank_6fefd796641a,实操题库_地面站考试条件_2026H1_罗盘双坐标题型.txt_1,2026H1,2026H1,罗盘双坐标题型,2026-04-12,山东05考场,罗盘双坐标题型-考试条件提取.docx,2,4,4,1、,coordinate;takeoff_return,起飞点经纬度： :27°46′36” 2 E:123°12'17”,27;46;36;2;123;12;17,°;度,起飞点;2,E:123°12'17”,27°;123°,,,,possible_incomplete_latlon_pair
gcond_df3e5905df34,gcond_df3e5905df34,gctpl_02503ec49e95,gsec_c1d645617fe0,qbank_6fefd796641a,实操题库_地面站考试条件_2026H1_罗盘双坐标题型.txt_1,2026H1,2026H1,罗盘双坐标题型,2026-04-12,山东05考场,罗盘双坐标题型-考试条件提取.docx,2,5,5,1、,coordinate,"2点经纬度： N:27°46'19"" E:123°12'27”",2;27;46;19;123;12;27,°;度,,"N:27°46'19"";E:123°12'27”",27°;123°,,,,
gcond_e5f308417346,gcond_e5f308417346,gctpl_9f2d6ccb85b5,gsec_a82da208fa69,qbank_6fefd796641a,实操题库_地面站考试条件_2026H1_罗盘双坐标题型.txt_2,2026H1,2026H1,罗盘双坐标题型,2026-04-15,上海01考场,罗盘双坐标题型-考试条件提取.docx,3,1,1,(一),coordinate;speed_height;turn_hold_loop;bearing_angle;geometry;takeoff_return,"与 的相对方位由委任代表根据 现场环境等情况进行决定。按图于起飞点前规划一个四边形并循环执 行。①②边、②③边边长为a,③④边边长为b,∠②=∠③=90° 航线相对地面高度为c，水平速度为d，垂直速度为e，转弯模式为 停止转弯，停留时间不作要求；",90,°;度,起飞点;①;②;②;③;③;④;②;③,,90°,,,,
gcond_3a879f6a1b51,gcond_3a879f6a1b51,gctpl_7cfd7700519f,gsec_a82da208fa69,qbank_6fefd796641a,实操题库_地面站考试条件_2026H1_罗盘双坐标题型.txt_2,2026H1,2026H1,罗盘双坐标题型,2026-04-15,上海01考场,罗盘双坐标题型-考试条件提取.docx,3,2,2,(二),coordinate;speed_height;bearing_angle,"a值建议为20米，b值建议为30米，c值建议为30m, d值建议为3m/s,e值建议为2m/s。(航线方位及各数值可由委任 代表按实际情况进行调整，考题以委任代表规定数值为准)",20;30;30;3;2,m;m/s;米,,,,3m/s;2m/s,,,
gcond_150a87804d2b,gcond_150a87804d2b,gctpl_00b9d67c0e9c,gsec_a82da208fa69,qbank_6fefd796641a,实操题库_地面站考试条件_2026H1_罗盘双坐标题型.txt_2,2026H1,2026H1,罗盘双坐标题型,2026-04-15,上海01考场,罗盘双坐标题型-考试条件提取.docx,3,3,3,附加条件,coordinate;bearing_angle,整体航线坐标（罗盘）：SW（225°） 标注尖指向纸面右下,225,S;°,,,225°,,,,
gcond_9dba264c20b2,gcond_9dba264c20b2,gctpl_34e09ab5f8ff,gsec_a82da208fa69,qbank_6fefd796641a,实操题库_地面站考试条件_2026H1_罗盘双坐标题型.txt_2,2026H1,2026H1,罗盘双坐标题型,2026-04-15,上海01考场,罗盘双坐标题型-考试条件提取.docx,3,4,4,1、,coordinate;takeoff_return,起飞点经纬度： N:26°12'36” E:112°46′12”,26;12;36;112;46;12,°;度,起飞点,N:26°12'36”;E:112°46′12”,26°;112°,,,,
gcond_307250bd29bc,gcond_307250bd29bc,gctpl_2eb7b32b9e6b,gsec_a82da208fa69,qbank_6fefd796641a,实操题库_地面站考试条件_2026H1_罗盘双坐标题型.txt_2,2026H1,2026H1,罗盘双坐标题型,2026-04-15,上海01考场,罗盘双坐标题型-考试条件提取.docx,3,5,5,2、,coordinate,2点经纬度： N: 26°12'12” E:112°46′36”,2;26;12;12;112;46;36,°;度,,N: 26°12'12”;E:112°46′36”,26°;112°,,,,
gcond_579581a50ac5,gcond_579581a50ac5,gctpl_f0371f2d4e42,gsec_1b5a135f1499,qbank_6fefd796641a,实操题库_地面站考试条件_2026H1_罗盘双坐标题型.txt_3,2026H1,2026H1,罗盘双坐标题型,2026-04-15,上海01考场,罗盘双坐标题型-考试条件提取.docx,4,1,1,(一),coordinate;speed_height;turn_hold_loop;bearing_angle;geometry;takeoff_return,"与 的相对方位由委任代表根据 现场环境等情况进行决定。按图于起飞点前规划一个闭合图形并循环 执行，各点之间距离不小于20米，①点相对于地面高度为a,②点相 对地面高度为b,③点相对地面高度为c,④点相对地面高度为d, 水平速度为e，垂直速度为f，转弯模式为停止转弯，停留时间不作 要求；",20,度;米,起飞点;①;②;③;④,,,,20米,20米,
gcond_5fddc40a796c,gcond_5fddc40a796c,gctpl_a4c6f3e32363,gsec_1b5a135f1499,qbank_6fefd796641a,实操题库_地面站考试条件_2026H1_罗盘双坐标题型.txt_3,2026H1,2026H1,罗盘双坐标题型,2026-04-15,上海01考场,罗盘双坐标题型-考试条件提取.docx,4,2,2,(二),coordinate;speed_height;bearing_angle,"a值建议为20米，b值建议为25米，c值建议为30m, d值建议为25m,e值建议为2m/s,f值建议为1m/s。(航线方位 及各数值可由委任代表按实际情况进行调整，考题以委任代表规定数 值为准)",20;25;30;25;2;1,m;m/s;米,,,,2m/s;1m/s,,,
gcond_68e560fb7926,gcond_68e560fb7926,gctpl_00b9d67c0e9c,gsec_1b5a135f1499,qbank_6fefd796641a,实操题库_地面站考试条件_2026H1_罗盘双坐标题型.txt_3,2026H1,2026H1,罗盘双坐标题型,2026-04-15,上海01考场,罗盘双坐标题型-考试条件提取.docx,4,3,3,附加条件,coordinate;bearing_angle,整体航线坐标（罗盘）：SW（225°） 标注尖指向纸面右下,225,S;°,,,225°,,,,
gcond_7836b122382c,gcond_7836b122382c,gctpl_2ee3c66a26a5,gsec_1b5a135f1499,qbank_6fefd796641a,实操题库_地面站考试条件_2026H1_罗盘双坐标题型.txt_3,2026H1,2026H1,罗盘双坐标题型,2026-04-15,上海01考场,罗盘双坐标题型-考试条件提取.docx,4,4,4,1、,coordinate;takeoff_return,起飞点经纬度： N:27°46'36 E:123°12'17”,27;46;36;123;12;17,°;度,起飞点,N:27°46'36;E:123°12'17”,27°;123°,,,,
gcond_e85184fd04fb,gcond_e85184fd04fb,gctpl_83dce72d109a,gsec_1b5a135f1499,qbank_6fefd796641a,实操题库_地面站考试条件_2026H1_罗盘双坐标题型.txt_3,2026H1,2026H1,罗盘双坐标题型,2026-04-15,上海01考场,罗盘双坐标题型-考试条件提取.docx,4,5,5,2、,coordinate,2点经纬度： :27°46′19” E:123°12'27”,2;27;46;19;123;12;27,°;度,,E:123°12'27”,27°;123°,,,,possible_incomplete_latlon_pair
gcond_0c8b29130243,gcond_0c8b29130243,gctpl_268dcb7481be,gsec_5ac52d59fbfa,qbank_6fefd796641a,实操题库_地面站考试条件_2026H1_罗盘双坐标题型.txt_4,2026H1,2026H1,罗盘双坐标题型,2026-04-12,山东05考场,罗盘双坐标题型-考试条件提取.docx,5,1,1,(一),speed_height;turn_hold_loop;bearing_angle;geometry,"与 的相对方位由委任代表根据现场环境等 情况进行决定。规划一个五边形并循环执行，①②边及②③边的边长为a, ∠②=∠④=∠①为90°，航线相对地面高度为b,水平速度为c,垂直速度为d, 转弯模式为协调转弯；",90,°;度,①;②;②;③;②;④;①,,90°,,,,
gcond_a46b44405e3d,gcond_a46b44405e3d,gctpl_9cb928ca6e6c,gsec_5ac52d59fbfa,qbank_6fefd796641a,实操题库_地面站考试条件_2026H1_罗盘双坐标题型.txt_4,2026H1,2026H1,罗盘双坐标题型,2026-04-12,山东05考场,罗盘双坐标题型-考试条件提取.docx,5,2,2,(二),coordinate;speed_height,"a值建议为50米，b值建议为50米，c值建议为3m/s,d值建议 为2m/s,e值建议为10s。",50;50;3;2;10,m/s;s;米,,,,3m/s;2m/s,,,
gcond_3e958b6ffbab,gcond_3e958b6ffbab,gctpl_00b9d67c0e9c,gsec_5ac52d59fbfa,qbank_6fefd796641a,实操题库_地面站考试条件_2026H1_罗盘双坐标题型.txt_4,2026H1,2026H1,罗盘双坐标题型,2026-04-12,山东05考场,罗盘双坐标题型-考试条件提取.docx,5,3,3,附加条件,coordinate;bearing_angle,整体航线坐标（罗盘）：SW（225°） 标注尖指向纸面右下,225,S;°,,,225°,,,,
gcond_b69798c35181,gcond_b69798c35181,gctpl_520b1df9817f,gsec_5ac52d59fbfa,qbank_6fefd796641a,实操题库_地面站考试条件_2026H1_罗盘双坐标题型.txt_4,2026H1,2026H1,罗盘双坐标题型,2026-04-12,山东05考场,罗盘双坐标题型-考试条件提取.docx,5,4,4,1、,coordinate;takeoff_return,"起飞点经纬度： N:25°46′12"" E:126°12'18”",25;46;12;126;12;18,°;度,起飞点,"N:25°46′12"";E:126°12'18”",25°;126°,,,,
gcond_7032c794d555,gcond_7032c794d555,gctpl_81d755110958,gsec_5ac52d59fbfa,qbank_6fefd796641a,实操题库_地面站考试条件_2026H1_罗盘双坐标题型.txt_4,2026H1,2026H1,罗盘双坐标题型,2026-04-12,山东05考场,罗盘双坐标题型-考试条件提取.docx,5,5,5,2、,coordinate,2点经纬度： N: 25°46'12” E:126°12'16”,2;25;46;12;126;12;16,°;度,,N: 25°46'12”;E:126°12'16”,25°;126°,,,,
gcond_498cefd612e1,gcond_498cefd612e1,gctpl_ad37fa51fe5b,gsec_db451dcb0664,qbank_6fefd796641a,实操题库_地面站考试条件_2026H1_罗盘双坐标题型.txt_5,2026H1,2026H1,罗盘双坐标题型,2026-04-19,北京01考场,罗盘双坐标题型-考试条件提取.docx,6,1,1,(一),coordinate;speed_height;turn_hold_loop;geometry,"规划一个闭合六边形并循环执行，边长为a,①②③航点 相对地面高度为b，④⑤⑥航点相对地面高度为℃，水平速度为d, 垂直速度为e,转弯方式为停止转弯，各点停留时间为f；",,度,①;②;③;④;⑤;⑥,,,,,,
gcond_0a18433af1eb,gcond_0a18433af1eb,gctpl_4d12cd8bf918,gsec_db451dcb0664,qbank_6fefd796641a,实操题库_地面站考试条件_2026H1_罗盘双坐标题型.txt_5,2026H1,2026H1,罗盘双坐标题型,2026-04-19,北京01考场,罗盘双坐标题型-考试条件提取.docx,6,2,2,(二),coordinate;speed_height,"a值为300米，b值为30米，c值为25m,d值为4m/s, e值为2m/s,f值为2s",300;30;25;4;2;2,m;m/s;s;米,,,,4m/s;2m/s,,,
gcond_c1b94f4cb8d2,gcond_c1b94f4cb8d2,gctpl_00b9d67c0e9c,gsec_db451dcb0664,qbank_6fefd796641a,实操题库_地面站考试条件_2026H1_罗盘双坐标题型.txt_5,2026H1,2026H1,罗盘双坐标题型,2026-04-19,北京01考场,罗盘双坐标题型-考试条件提取.docx,6,3,3,附加条件,coordinate;bearing_angle,整体航线坐标（罗盘）：SW（225°） 标注尖指向纸面右下,225,S;°,,,225°,,,,
gcond_3ac0ad60d0cb,gcond_3ac0ad60d0cb,gctpl_d8cd33bf0cfb,gsec_db451dcb0664,qbank_6fefd796641a,实操题库_地面站考试条件_2026H1_罗盘双坐标题型.txt_5,2026H1,2026H1,罗盘双坐标题型,2026-04-19,北京01考场,罗盘双坐标题型-考试条件提取.docx,6,4,4,1、,coordinate;takeoff_return,起飞点经纬度： N:27°46′36 E:123°12'17,27;46;36;123;12;17,°;度,起飞点,N:27°46′36;E:123°12'17,27°;123°,,,,
gcond_88ac94e3e783,gcond_88ac94e3e783,gctpl_b4e64a185704,gsec_db451dcb0664,qbank_6fefd796641a,实操题库_地面站考试条件_2026H1_罗盘双坐标题型.txt_5,2026H1,2026H1,罗盘双坐标题型,2026-04-19,北京01考场,罗盘双坐标题型-考试条件提取.docx,6,5,5,2、,coordinate,2点经纬度： N: 27°46′19” E:123°12′27”,2;27;46;19;123;12;27,°;度,,N: 27°46′19”;E:123°12′27”,27°;123°,,,,
gcond_3fbceb17e8ff,gcond_3fbceb17e8ff,gctpl_d027b19ac2a4,gsec_fc0660d3af0f,qbank_6fefd796641a,实操题库_地面站考试条件_2026H1_罗盘双坐标题型.txt_6,2026H1,2026H1,罗盘双坐标题型,2026-04-22,江苏01考场,罗盘双坐标题型-考试条件提取.docx,7,1,1,(一),coordinate;speed_height;turn_hold_loop;bearing_angle;geometry;takeoff_return,"与 的相对方位由委任代表根据 现场环境等情况进行决定。按图于起飞点前规划一个五边形并循环执 行，①②边及②③边的边长为a,∠②=∠④=∠①为90°，航线相 对地面高度为b，水平速度为c，转弯模式为停止转弯，各点停留 时间为e;",90,°;度,起飞点;①;②;②;③;②;④;①,,90°,,,,
gcond_7ec54d9b30bd,gcond_7ec54d9b30bd,gctpl_ea5322f976f7,gsec_fc0660d3af0f,qbank_6fefd796641a,实操题库_地面站考试条件_2026H1_罗盘双坐标题型.txt_6,2026H1,2026H1,罗盘双坐标题型,2026-04-22,江苏01考场,罗盘双坐标题型-考试条件提取.docx,7,2,2,(二),coordinate;speed_height;bearing_angle,"a值为30米，b值为30米，c值为3m/s,e值 为2s。 (航线方位及各数值可由委任代表按实际情况进行调整， 考题以委任代表规定数值为准) 老吉效空， 口组，",30;30;3;2,m/s;s;米,,,,3m/s,,,
gcond_6c9e477787c8,gcond_6c9e477787c8,gctpl_a68e8f29bb12,gsec_fc0660d3af0f,qbank_6fefd796641a,实操题库_地面站考试条件_2026H1_罗盘双坐标题型.txt_6,2026H1,2026H1,罗盘双坐标题型,2026-04-22,江苏01考场,罗盘双坐标题型-考试条件提取.docx,7,3,3,附加条件,coordinate;bearing_angle,整体航线坐标（罗盘）：SW（225°） 标注尖指向纸面左上,225,S;°,,,225°,,,,
gcond_97790c0bd34e,gcond_97790c0bd34e,gctpl_a2f5f9712022,gsec_fc0660d3af0f,qbank_6fefd796641a,实操题库_地面站考试条件_2026H1_罗盘双坐标题型.txt_6,2026H1,2026H1,罗盘双坐标题型,2026-04-22,江苏01考场,罗盘双坐标题型-考试条件提取.docx,7,4,4,1、,coordinate;takeoff_return,"起飞点经纬度： N:28°39'23"" E:115°56′32”",28;39;23;115;56;32,°;度,起飞点,"N:28°39'23"";E:115°56′32”",28°;115°,,,,
gcond_1316ce74c461,gcond_1316ce74c461,gctpl_699a26d8d806,gsec_fc0660d3af0f,qbank_6fefd796641a,实操题库_地面站考试条件_2026H1_罗盘双坐标题型.txt_6,2026H1,2026H1,罗盘双坐标题型,2026-04-22,江苏01考场,罗盘双坐标题型-考试条件提取.docx,7,5,5,2、,coordinate,3点经纬度： N:28°39′36” E:115°56'42”,3;28;39;36;115;56;42,°;度,,N:28°39′36”;E:115°56'42”,28°;115°,,,,
gcond_195d02d7ffca,gcond_195d02d7ffca,gctpl_3a5874ca88c1,gsec_10b5e82a1ca3,qbank_6fefd796641a,实操题库_地面站考试条件_2026H1_罗盘双坐标题型.txt_7,2026H1,2026H1,罗盘双坐标题型,2026-04-26,湖北01考场,罗盘双坐标题型-考试条件提取.docx,8,1,1,(一),coordinate;speed_height;turn_hold_loop;geometry,"规划一个闭合六边形并循环执行，边长为a,①②③航点 相对地面高度为b,④⑤⑥航点相对地面高度为c,水平速度为d, 垂直速度为e,转弯方式为停止转弯，各点停留时间为f;",,度,①;②;③;④;⑤;⑥,,,,,,
gcond_47e003e76899,gcond_47e003e76899,gctpl_d7eaf440dbc8,gsec_10b5e82a1ca3,qbank_6fefd796641a,实操题库_地面站考试条件_2026H1_罗盘双坐标题型.txt_7,2026H1,2026H1,罗盘双坐标题型,2026-04-26,湖北01考场,罗盘双坐标题型-考试条件提取.docx,8,2,2,(二),coordinate;speed_height,"a值为300米，b值为30米，c值为25m,d值为4m/s, e值为2m/s,f值为2s。",300;30;25;4;2;2,m;m/s;s;米,,,,4m/s;2m/s,,,
gcond_0f327617f037,gcond_0f327617f037,gctpl_00b9d67c0e9c,gsec_10b5e82a1ca3,qbank_6fefd796641a,实操题库_地面站考试条件_2026H1_罗盘双坐标题型.txt_7,2026H1,2026H1,罗盘双坐标题型,2026-04-26,湖北01考场,罗盘双坐标题型-考试条件提取.docx,8,3,3,附加条件,coordinate;bearing_angle,整体航线坐标（罗盘）：SW（225°） 标注尖指向纸面右下,225,S;°,,,225°,,,,
gcond_611f49841946,gcond_611f49841946,gctpl_185a7146413c,gsec_10b5e82a1ca3,qbank_6fefd796641a,实操题库_地面站考试条件_2026H1_罗盘双坐标题型.txt_7,2026H1,2026H1,罗盘双坐标题型,2026-04-26,湖北01考场,罗盘双坐标题型-考试条件提取.docx,8,4,4,1、,coordinate;takeoff_return,"起飞点经纬度： N:27°46′36” E:123°12'17""",27;46;36;123;12;17,°;度,起飞点,"N:27°46′36”;E:123°12'17""",27°;123°,,,,
gcond_f613372da180,gcond_f613372da180,gctpl_10aefd53fa8c,gsec_10b5e82a1ca3,qbank_6fefd796641a,实操题库_地面站考试条件_2026H1_罗盘双坐标题型.txt_7,2026H1,2026H1,罗盘双坐标题型,2026-04-26,湖北01考场,罗盘双坐标题型-考试条件提取.docx,8,5,5,2、,coordinate,"2点经纬度： N:27°46'19” E:123°12'27""",2;27;46;19;123;12;27,°;度,,"N:27°46'19”;E:123°12'27""",27°;123°,,,,
gcond_034d3c86c72f,gcond_034d3c86c72f,gctpl_fec5a1049e15,gsec_de4e4207cce7,qbank_6fefd796641a,实操题库_地面站考试条件_2026H1_罗盘双坐标题型.txt_8,2026H1,2026H1,罗盘双坐标题型,2026-04-26,湖北01考场,罗盘双坐标题型-考试条件提取.docx,9,1,1,(一),coordinate;speed_height;turn_hold_loop,"规划扫描航线要求不闭合不循环，航线长度为a,航线间隔 为b,航线相对地面高度为c,水平速度为d,垂直速度为e,转弯模式 为停止转弯，各点停留时间为f;",,度,,,,,,,
gcond_251cf0d23288,gcond_251cf0d23288,gctpl_597225872e79,gsec_de4e4207cce7,qbank_6fefd796641a,实操题库_地面站考试条件_2026H1_罗盘双坐标题型.txt_8,2026H1,2026H1,罗盘双坐标题型,2026-04-26,湖北01考场,罗盘双坐标题型-考试条件提取.docx,9,2,2,(二),coordinate;speed_height,"a值为300米，b值为100米，c值为300m,d值为3m/s, e值为2m/s,f值为10s。",300;100;300;3;2;10,m;m/s;s;米,,,,3m/s;2m/s,,,
gcond_5d476748352b,gcond_5d476748352b,gctpl_00b9d67c0e9c,gsec_de4e4207cce7,qbank_6fefd796641a,实操题库_地面站考试条件_2026H1_罗盘双坐标题型.txt_8,2026H1,2026H1,罗盘双坐标题型,2026-04-26,湖北01考场,罗盘双坐标题型-考试条件提取.docx,9,3,3,附加条件,coordinate;bearing_angle,整体航线坐标（罗盘）：SW（225°） 标注尖指向纸面右下,225,S;°,,,225°,,,,
gcond_b442118cd291,gcond_b442118cd291,gctpl_b837d8fde6bc,gsec_de4e4207cce7,qbank_6fefd796641a,实操题库_地面站考试条件_2026H1_罗盘双坐标题型.txt_8,2026H1,2026H1,罗盘双坐标题型,2026-04-26,湖北01考场,罗盘双坐标题型-考试条件提取.docx,9,4,4,1、,coordinate;takeoff_return,起飞点经纬度： N:27°46'36” E:123°12'17,27;46;36;123;12;17,°;度,起飞点,N:27°46'36”;E:123°12'17,27°;123°,,,,
gcond_fc820d4da5db,gcond_fc820d4da5db,gctpl_10aefd53fa8c,gsec_de4e4207cce7,qbank_6fefd796641a,实操题库_地面站考试条件_2026H1_罗盘双坐标题型.txt_8,2026H1,2026H1,罗盘双坐标题型,2026-04-26,湖北01考场,罗盘双坐标题型-考试条件提取.docx,9,5,5,2、,coordinate,"2点经纬度： N:27°46'19” E:123°12'27""",2;27;46;19;123;12;27,°;度,,"N:27°46'19”;E:123°12'27""",27°;123°,,,,
gcond_5743f3736f8c,gcond_5743f3736f8c,gctpl_33e64814125a,gsec_07a77d9edbd0,qbank_6fefd796641a,实操题库_地面站考试条件_2026H1_罗盘双坐标题型.txt_9,2026H1,2026H1,罗盘双坐标题型,2026-04-26,湖北01考场,罗盘双坐标题型-考试条件提取.docx,10,1,1,(一),coordinate;speed_height;turn_hold_loop;bearing_angle;geometry,"按图规划一个闭合四边形并循环执行，①②边、②③边边长 为a,①④边边长为b,∠②=∠①=90°航线相对地面高度为c,水 平速度为d，垂直速度为e,转弯模式为停止转弯，停留时间5s；",90;5,s;°;度,①;②;②;③;①;④;②;①,,90°,,,,
gcond_7c69dd352cfc,gcond_7c69dd352cfc,gctpl_0c10b202a24e,gsec_07a77d9edbd0,qbank_6fefd796641a,实操题库_地面站考试条件_2026H1_罗盘双坐标题型.txt_9,2026H1,2026H1,罗盘双坐标题型,2026-04-26,湖北01考场,罗盘双坐标题型-考试条件提取.docx,10,2,2,(二),coordinate;speed_height,"a值为200米，b值为300米，c值为300m,d值为 3m/s,e值为2m/s。",200;300;300;3;2,m;m/s;米,,,,3m/s;2m/s,,,
gcond_8ef53691d2fb,gcond_8ef53691d2fb,gctpl_00b9d67c0e9c,gsec_07a77d9edbd0,qbank_6fefd796641a,实操题库_地面站考试条件_2026H1_罗盘双坐标题型.txt_9,2026H1,2026H1,罗盘双坐标题型,2026-04-26,湖北01考场,罗盘双坐标题型-考试条件提取.docx,10,3,3,附加条件,coordinate;bearing_angle,整体航线坐标（罗盘）：SW（225°） 标注尖指向纸面右下,225,S;°,,,225°,,,,
gcond_62987deda94d,gcond_62987deda94d,gctpl_dde3f04ea241,gsec_07a77d9edbd0,qbank_6fefd796641a,实操题库_地面站考试条件_2026H1_罗盘双坐标题型.txt_9,2026H1,2026H1,罗盘双坐标题型,2026-04-26,湖北01考场,罗盘双坐标题型-考试条件提取.docx,10,4,4,1、,coordinate;takeoff_return,起飞点经纬度： N:27°46'36” E:123°12'17”,27;46;36;123;12;17,°;度,起飞点,N:27°46'36”;E:123°12'17”,27°;123°,,,,
gcond_684022aff6e9,gcond_684022aff6e9,gctpl_c6dd10b001f1,gsec_07a77d9edbd0,qbank_6fefd796641a,实操题库_地面站考试条件_2026H1_罗盘双坐标题型.txt_9,2026H1,2026H1,罗盘双坐标题型,2026-04-26,湖北01考场,罗盘双坐标题型-考试条件提取.docx,10,5,5,2、,coordinate,2点经纬度： N:27°46'19” E:123°12'27”,2;27;46;19;123;12;27,°;度,,N:27°46'19”;E:123°12'27”,27°;123°,,,,
gcond_2c543a619bf1,gcond_2c543a619bf1,gctpl_a5897704705c,gsec_fdbebd995cc6,qbank_6fefd796641a,实操题库_地面站考试条件_2026H1_罗盘双坐标题型.txt_10,2026H1,2026H1,罗盘双坐标题型,2026-04-26,湖北01考场,罗盘双坐标题型-考试条件提取.docx,11,1,1,(一),coordinate;speed_height;turn_hold_loop;geometry,"按图规划一个闭合的任务航线并循环执行，①③、②③、 ②④、①④边长为300米，①点相对地面高度为a,②点相对地面高度 为b,③点相对地面高度为c,④点相对地面高度为d,水平速度为e, 垂直速度为f，转弯模式为停止转弯，停留时间2s;",300;2,s;度;米,①;③;②;③;②;④;①;④;①;②;③;④,,,,300米,300米,
gcond_a8c99254f08c,gcond_a8c99254f08c,gctpl_ef11846ede82,gsec_fdbebd995cc6,qbank_6fefd796641a,实操题库_地面站考试条件_2026H1_罗盘双坐标题型.txt_10,2026H1,2026H1,罗盘双坐标题型,2026-04-26,湖北01考场,罗盘双坐标题型-考试条件提取.docx,11,2,2,(二),coordinate;speed_height,"a值为20米，b值为25米，c值为30m,d值为20m, e值为2m/s,f值为2m/s。",20;25;30;20;2;2,m;m/s;米,,,,2m/s;2m/s,,,
gcond_d1e4afbe7442,gcond_d1e4afbe7442,gctpl_00b9d67c0e9c,gsec_fdbebd995cc6,qbank_6fefd796641a,实操题库_地面站考试条件_2026H1_罗盘双坐标题型.txt_10,2026H1,2026H1,罗盘双坐标题型,2026-04-26,湖北01考场,罗盘双坐标题型-考试条件提取.docx,11,3,3,附加条件,coordinate;bearing_angle,整体航线坐标（罗盘）：SW（225°） 标注尖指向纸面右下,225,S;°,,,225°,,,,
gcond_0ece1606eace,gcond_0ece1606eace,gctpl_dde3f04ea241,gsec_fdbebd995cc6,qbank_6fefd796641a,实操题库_地面站考试条件_2026H1_罗盘双坐标题型.txt_10,2026H1,2026H1,罗盘双坐标题型,2026-04-26,湖北01考场,罗盘双坐标题型-考试条件提取.docx,11,4,4,1、,coordinate;takeoff_return,起飞点经纬度： N:27°46'36” E:123°12'17”,27;46;36;123;12;17,°;度,起飞点,N:27°46'36”;E:123°12'17”,27°;123°,,,,
gcond_eb1c87640286,gcond_eb1c87640286,gctpl_c7edee0789f4,gsec_fdbebd995cc6,qbank_6fefd796641a,实操题库_地面站考试条件_2026H1_罗盘双坐标题型.txt_10,2026H1,2026H1,罗盘双坐标题型,2026-04-26,湖北01考场,罗盘双坐标题型-考试条件提取.docx,11,5,5,2、,coordinate,2点经纬度： N: 27°46'194 E:123°12'27”,2;27;46;194;123;12;27,°;度,,N: 27°46'194;E:123°12'27”,27°;123°,,,,
gcond_d5193a698078,gcond_d5193a698078,gctpl_590edeaf57b4,gsec_e416111c8b02,qbank_6fefd796641a,实操题库_地面站考试条件_2026H1_罗盘双坐标题型.txt_11,2026H1,2026H1,罗盘双坐标题型,2026-04-13,山东02考场,罗盘双坐标题型-考试条件提取.docx,12,1,1,(一),coordinate;speed_height;turn_hold_loop;bearing_angle;geometry;takeoff_return,"与 的相对方位由委任代表根据 现场环境等情况进行决定。于起飞点前规划一个六边形并循环执行，边 长为a,①②③航点相对地面高度为b,④⑤⑥航点相对地面高度为c, 水平速度为d,垂直速度为e,转弯方式为停止转弯，各点停留时间为 f;",,度,起飞点;①;②;③;④;⑤;⑥,,,,,,
gcond_0ceb505ed9cf,gcond_0ceb505ed9cf,gctpl_43beae539f4c,gsec_e416111c8b02,qbank_6fefd796641a,实操题库_地面站考试条件_2026H1_罗盘双坐标题型.txt_11,2026H1,2026H1,罗盘双坐标题型,2026-04-13,山东02考场,罗盘双坐标题型-考试条件提取.docx,12,2,2,(二),coordinate;speed_height;bearing_angle,"a值为建议30米（误差≤±3米），b值建议为25米， c值建议为30m,d值建议为2m/s,e值建议为1m/s,f值建议为 2s。(航线方位及各数值可由委任代表按实际情况进行调整，考题以委 任代表规定数值为准)",30;3;25;30;2;1;2,m;m/s;s;米,,,,2m/s;1m/s,,,
gcond_8f347b8f2210,gcond_8f347b8f2210,gctpl_00b9d67c0e9c,gsec_e416111c8b02,qbank_6fefd796641a,实操题库_地面站考试条件_2026H1_罗盘双坐标题型.txt_11,2026H1,2026H1,罗盘双坐标题型,2026-04-13,山东02考场,罗盘双坐标题型-考试条件提取.docx,12,3,3,附加条件,coordinate;bearing_angle,整体航线坐标（罗盘）：SW（225°） 标注尖指向纸面右下,225,S;°,,,225°,,,,
gcond_813fc56902ca,gcond_813fc56902ca,gctpl_40a1a4d0704d,gsec_e416111c8b02,qbank_6fefd796641a,实操题库_地面站考试条件_2026H1_罗盘双坐标题型.txt_11,2026H1,2026H1,罗盘双坐标题型,2026-04-13,山东02考场,罗盘双坐标题型-考试条件提取.docx,12,4,4,1、,coordinate;takeoff_return,"起飞点经纬度： N28°39′23” E:115°56'32""",28;39;23;115;56;32,°;度,起飞点,"N28°39′23”;E:115°56'32""",28°;115°,,,,
gcond_76d50b6c1619,gcond_76d50b6c1619,gctpl_892f658014e0,gsec_e416111c8b02,qbank_6fefd796641a,实操题库_地面站考试条件_2026H1_罗盘双坐标题型.txt_11,2026H1,2026H1,罗盘双坐标题型,2026-04-13,山东02考场,罗盘双坐标题型-考试条件提取.docx,12,5,5,2、,coordinate,"2点经纬度： N28°39′13"" E:115°56'36”",2;28;39;13;115;56;36,°;度,,"N28°39′13"";E:115°56'36”",28°;115°,,,,
gcond_0b73ac0c1449,gcond_0b73ac0c1449,gctpl_44a43cc6e3d6,gsec_8f89a7dd1bdf,qbank_6fefd796641a,实操题库_地面站考试条件_2026H1_罗盘双坐标题型.txt_12,2026H1,2026H1,罗盘双坐标题型,2026-04-10,河北03考场,罗盘双坐标题型-考试条件提取.docx,13,1,1,(一),coordinate;speed_height;turn_hold_loop;bearing_angle;takeoff_return,"与 的相对方位由委任代表根据 现场环境等情况进行决定。按图于起飞点前规划扫描航线。航线长度 为a,航线间隔为b,航线相对地面高度为c,水平速度为d,垂直 速度为e，转弯模式为停止转弯，停留时间不作要求；",,度,起飞点,,,,,,
gcond_c705e0410a90,gcond_c705e0410a90,gctpl_2c73db77e877,gsec_8f89a7dd1bdf,qbank_6fefd796641a,实操题库_地面站考试条件_2026H1_罗盘双坐标题型.txt_12,2026H1,2026H1,罗盘双坐标题型,2026-04-10,河北03考场,罗盘双坐标题型-考试条件提取.docx,13,2,2,(二),coordinate;speed_height;bearing_angle,"a值建议为30米（误差≤±3米），b值建议为10米， (误差≤±1米)，c建议为30m,d值建议为3m/s。e值建议 为1m/s。(航线方位及各数值可由委任代表按实际情况进行调整， 考题以委任代表规定数值为准)",30;3;10;1;30;3;1,m;m/s;米,,,,3m/s;1m/s,,,
gcond_dc321f207578,gcond_dc321f207578,gctpl_00b9d67c0e9c,gsec_8f89a7dd1bdf,qbank_6fefd796641a,实操题库_地面站考试条件_2026H1_罗盘双坐标题型.txt_12,2026H1,2026H1,罗盘双坐标题型,2026-04-10,河北03考场,罗盘双坐标题型-考试条件提取.docx,13,3,3,附加条件,coordinate;bearing_angle,整体航线坐标（罗盘）：SW（225°） 标注尖指向纸面右下,225,S;°,,,225°,,,,
gcond_acfbd4e69699,gcond_acfbd4e69699,gctpl_8d6916f9b7e2,gsec_8f89a7dd1bdf,qbank_6fefd796641a,实操题库_地面站考试条件_2026H1_罗盘双坐标题型.txt_12,2026H1,2026H1,罗盘双坐标题型,2026-04-10,河北03考场,罗盘双坐标题型-考试条件提取.docx,13,4,4,1、,coordinate;takeoff_return,起飞点经纬度： N:27°46′36” E:123°12'17,27;46;36;123;12;17,°;度,起飞点,N:27°46′36”;E:123°12'17,27°;123°,,,,
gcond_c56b18d5fcf7,gcond_c56b18d5fcf7,gctpl_4bab6b0d6a6e,gsec_8f89a7dd1bdf,qbank_6fefd796641a,实操题库_地面站考试条件_2026H1_罗盘双坐标题型.txt_12,2026H1,2026H1,罗盘双坐标题型,2026-04-10,河北03考场,罗盘双坐标题型-考试条件提取.docx,13,5,5,2、,coordinate,"2点经纬度： N:27°46′19"" E:123°12′27",2;27;46;19;123;12;27,°;度,,"N:27°46′19"";E:123°12′27",27°;123°,,,,
gcond_8542655821f0,gcond_8542655821f0,gctpl_f0f8eec7f716,gsec_864b51c731d3,qbank_6fefd796641a,实操题库_地面站考试条件_2026H1_罗盘双坐标题型.txt_13,2026H1,2026H1,罗盘双坐标题型,2026-06-02,天津03考场,罗盘双坐标题型-考试条件提取.docx,14,1,1,1.,speed_height;geometry,该任务航线为如图五边形，航线高度为65M,65,M;度,,,,,65M,,
gcond_fcd597ddb681,gcond_fcd597ddb681,gctpl_ad1a88728858,gsec_864b51c731d3,qbank_6fefd796641a,实操题库_地面站考试条件_2026H1_罗盘双坐标题型.txt_13,2026H1,2026H1,罗盘双坐标题型,2026-06-02,天津03考场,罗盘双坐标题型-考试条件提取.docx,14,2,2,2.,geometry,该图形航线长度为 任务航线每条边长为300米处,300,度;米,,,,,300米,300米,
gcond_2cb751c963d6,gcond_2cb751c963d6,gctpl_a8481265cf3c,gsec_864b51c731d3,qbank_6fefd796641a,实操题库_地面站考试条件_2026H1_罗盘双坐标题型.txt_13,2026H1,2026H1,罗盘双坐标题型,2026-06-02,天津03考场,罗盘双坐标题型-考试条件提取.docx,14,3,3,3.,bearing_angle;geometry;takeoff_return,起飞点/返航点要求 起飞点位于③号点正南方向300M,300,M,起飞点;返航点;起飞点;③,,,,,300M,
gcond_18d80c154d09,gcond_18d80c154d09,gctpl_17a85131661d,gsec_864b51c731d3,qbank_6fefd796641a,实操题库_地面站考试条件_2026H1_罗盘双坐标题型.txt_13,2026H1,2026H1,罗盘双坐标题型,2026-06-02,天津03考场,罗盘双坐标题型-考试条件提取.docx,14,4,4,4.,speed_height,水平速度 14.4km/h,14.4,km/h;度,,,,14.4km/h,,,
gcond_d0ff023e9f60,gcond_d0ff023e9f60,gctpl_98109ba72541,gsec_864b51c731d3,qbank_6fefd796641a,实操题库_地面站考试条件_2026H1_罗盘双坐标题型.txt_13,2026H1,2026H1,罗盘双坐标题型,2026-06-02,天津03考场,罗盘双坐标题型-考试条件提取.docx,14,5,5,5.,speed_height,垂直速度 7.2 km/h,7.2,km/h;度,7;2,,,7.2 km/h,,,
gcond_f3b1aeaec222,gcond_f3b1aeaec222,gctpl_e89183239534,gsec_864b51c731d3,qbank_6fefd796641a,实操题库_地面站考试条件_2026H1_罗盘双坐标题型.txt_13,2026H1,2026H1,罗盘双坐标题型,2026-06-02,天津03考场,罗盘双坐标题型-考试条件提取.docx,14,6,6,6.,bearing_angle,航向（或位置要求） ⑤点到③点航向角为1：30分 (时针与分针夹角),1;30,,⑤;③,,,,,,
gcond_ed7552936ba7,gcond_ed7552936ba7,gctpl_a4c65ba77019,gsec_864b51c731d3,qbank_6fefd796641a,实操题库_地面站考试条件_2026H1_罗盘双坐标题型.txt_13,2026H1,2026H1,罗盘双坐标题型,2026-06-02,天津03考场,罗盘双坐标题型-考试条件提取.docx,14,7,7,7.,turn_hold_loop,转弯模式为 停止转弯、③点和⑤点停留5秒、 ☆ 其余各点协调转弯,5,秒,③;⑤,,,,,,
gcond_87244a342648,gcond_87244a342648,gctpl_a0970eb569df,gsec_864b51c731d3,qbank_6fefd796641a,实操题库_地面站考试条件_2026H1_罗盘双坐标题型.txt_13,2026H1,2026H1,罗盘双坐标题型,2026-06-02,天津03考场,罗盘双坐标题型-考试条件提取.docx,14,8,8,8.,turn_hold_loop;takeoff_return,航线要求 手动闭合，任务完成后返回起飞点,,,起飞点,,,,,,
gcond_a0f4232b253e,gcond_a0f4232b253e,gctpl_aa69da122b8f,gsec_864b51c731d3,qbank_6fefd796641a,实操题库_地面站考试条件_2026H1_罗盘双坐标题型.txt_13,2026H1,2026H1,罗盘双坐标题型,2026-06-02,天津03考场,罗盘双坐标题型-考试条件提取.docx,14,9,9,9.,coordinate;takeoff_return,起飞点经纬度：E112°29′25”，N37°46'40”,112;29;25;37;46;40,°;度,起飞点,E112°29′25”;N37°46'40”,112°;37°,,,,
gcond_5c63becb3f3c,gcond_5c63becb3f3c,gctpl_9b6e825aa008,gsec_864b51c731d3,qbank_6fefd796641a,实操题库_地面站考试条件_2026H1_罗盘双坐标题型.txt_13,2026H1,2026H1,罗盘双坐标题型,2026-06-02,天津03考场,罗盘双坐标题型-考试条件提取.docx,14,10,10,10.,speed_height;takeoff_return,起飞点高度比航线高度高30M,30,M;度,起飞点,,,,30M,,
gcond_7022b2f2a6c6,gcond_7022b2f2a6c6,gctpl_a39256e09f51,gsec_4d15d2062c3c,qbank_6fefd796641a,实操题库_地面站考试条件_2026H1_罗盘双坐标题型.txt_14,2026H1,2026H1,罗盘双坐标题型,2026-06-09,,罗盘双坐标题型-考试条件提取.docx,15,1,1,1、,bearing_angle;geometry;takeoff_return,起飞点/返航点要求：H-①=H-④，∠H ①②=∠H④③=105°,105,°,起飞点;返航点;①;④;①;②;④;③,,105°,,,,
gcond_d9a7238a84c0,gcond_d9a7238a84c0,gctpl_b8d5ef742080,gsec_4d15d2062c3c,qbank_6fefd796641a,实操题库_地面站考试条件_2026H1_罗盘双坐标题型.txt_14,2026H1,2026H1,罗盘双坐标题型,2026-06-09,,罗盘双坐标题型-考试条件提取.docx,15,2,2,2、,bearing_angle,航向（或位置要求）：②-③的航向为2 点30分，时针与分针的夹角。,2;30,,②;③,,,,,,
gcond_1506640f7ef8,gcond_1506640f7ef8,gctpl_cdd5fdf40aea,gsec_4d15d2062c3c,qbank_6fefd796641a,实操题库_地面站考试条件_2026H1_罗盘双坐标题型.txt_14,2026H1,2026H1,罗盘双坐标题型,2026-06-09,,罗盘双坐标题型-考试条件提取.docx,15,3,3,3、,coordinate;takeoff_return,起飞点经纬度：E:104.4615°，N30.86 97°,104.4615;30.86;97,°;度,起飞点,E:104.4615;N30.86,104.4615°;97°,,,,
gcond_f8c75ca5e45f,gcond_f8c75ca5e45f,gctpl_c8230b195683,gsec_4d15d2062c3c,qbank_6fefd796641a,实操题库_地面站考试条件_2026H1_罗盘双坐标题型.txt_14,2026H1,2026H1,罗盘双坐标题型,2026-06-09,,罗盘双坐标题型-考试条件提取.docx,15,4,4,4、,speed_height;takeoff_return,起飞点高度为航线高度。,,度,起飞点,,,,,,
gcond_8f5f9eb0d2e4,gcond_8f5f9eb0d2e4,gctpl_c6e5ec83e7de,gsec_4d15d2062c3c,qbank_6fefd796641a,实操题库_地面站考试条件_2026H1_罗盘双坐标题型.txt_14,2026H1,2026H1,罗盘双坐标题型,2026-06-09,,罗盘双坐标题型-考试条件提取.docx,15,5,5,1、,speed_height;geometry,该任务航线为如图四边形，航线高度为100m。,100,m;度,,,,,100m,,
gcond_d28ca2de0c87,gcond_d28ca2de0c87,gctpl_54e3bc7e859c,gsec_4d15d2062c3c,qbank_6fefd796641a,实操题库_地面站考试条件_2026H1_罗盘双坐标题型.txt_14,2026H1,2026H1,罗盘双坐标题型,2026-06-09,,罗盘双坐标题型-考试条件提取.docx,15,6,6,2、,geometry,该图形航线长度：①③②④为正方形，边长120m。,120,m;度,①;③;②;④,,,,,120m,
gcond_304a2eb2a666,gcond_304a2eb2a666,gctpl_6a910387f0bc,gsec_4d15d2062c3c,qbank_6fefd796641a,实操题库_地面站考试条件_2026H1_罗盘双坐标题型.txt_14,2026H1,2026H1,罗盘双坐标题型,2026-06-09,,罗盘双坐标题型-考试条件提取.docx,15,7,7,3、,speed_height,"水平速度为5m/s,垂直速度为2m/s。",5;2,m/s;度,,,,5m/s;2m/s,,,
gcond_bb72e90d4051,gcond_bb72e90d4051,gctpl_088607f434d9,gsec_4d15d2062c3c,qbank_6fefd796641a,实操题库_地面站考试条件_2026H1_罗盘双坐标题型.txt_14,2026H1,2026H1,罗盘双坐标题型,2026-06-09,,罗盘双坐标题型-考试条件提取.docx,15,8,8,4、,turn_hold_loop,转弯模式：定点转弯，各点停留时间2秒。,2,秒,,,,,,,
gcond_28165091fe9b,gcond_28165091fe9b,gctpl_757ec0791882,gsec_4d15d2062c3c,qbank_6fefd796641a,实操题库_地面站考试条件_2026H1_罗盘双坐标题型.txt_14,2026H1,2026H1,罗盘双坐标题型,2026-06-09,,罗盘双坐标题型-考试条件提取.docx,15,9,9,5、,turn_hold_loop;geometry,是否循环执行：任务航线闭合循环，任务完成后返航悬停。,,,,,,,,,
gcond_7dbabd15faf9,gcond_7dbabd15faf9,gctpl_5b719ffabea2,gsec_2193fcc3febe,qbank_6fefd796641a,实操题库_地面站考试条件_2026H1_罗盘双坐标题型.txt_15,2026H1,2026H1,罗盘双坐标题型,2026-05-27,河南03考场,罗盘双坐标题型-考试条件提取.docx,16,1,1,1、,geometry,"图形如下，任务航线如图所示，边长1-4=2-3=80m,1-2=160m;",1;4;2;3;80;1;2;160,m,4;2;3;1;2,,,,,80m,
gcond_35ba3c5a332b,gcond_35ba3c5a332b,gctpl_734d12517290,gsec_2193fcc3febe,qbank_6fefd796641a,实操题库_地面站考试条件_2026H1_罗盘双坐标题型.txt_15,2026H1,2026H1,罗盘双坐标题型,2026-05-27,河南03考场,罗盘双坐标题型-考试条件提取.docx,16,2,2,2、,bearing_angle;takeoff_return,起飞点到1点航向角为135°，起飞点到2点距离80m;,1;135;2;80,m;°,起飞点;起飞点,,135°,,,80m,
gcond_c90be13f84f2,gcond_c90be13f84f2,gctpl_faea301d691e,gsec_2193fcc3febe,qbank_6fefd796641a,实操题库_地面站考试条件_2026H1_罗盘双坐标题型.txt_15,2026H1,2026H1,罗盘双坐标题型,2026-05-27,河南03考场,罗盘双坐标题型-考试条件提取.docx,16,3,3,3、,speed_height,"航线高度为50m,水平速度为4ms,垂直速度为1ms:",50;4;1,m;s;度,,,,4ms;1ms,50m,,
gcond_d9bf3e4fdf56,gcond_d9bf3e4fdf56,gctpl_03d3ef303f53,gsec_2193fcc3febe,qbank_6fefd796641a,实操题库_地面站考试条件_2026H1_罗盘双坐标题型.txt_15,2026H1,2026H1,罗盘双坐标题型,2026-05-27,河南03考场,罗盘双坐标题型-考试条件提取.docx,16,4,4,4、,turn_hold_loop,转弯模式为：定点转弯，各点停留时间3s,3,s,,,,,,,
gcond_a58ad4ac1b4a,gcond_a58ad4ac1b4a,gctpl_44f4c30e1a0b,gsec_2193fcc3febe,qbank_6fefd796641a,实操题库_地面站考试条件_2026H1_罗盘双坐标题型.txt_15,2026H1,2026H1,罗盘双坐标题型,2026-05-27,河南03考场,罗盘双坐标题型-考试条件提取.docx,16,5,5,5、,turn_hold_loop;geometry,图形循环模式为：闭合循环3圈,3,,,,,,,,
gcond_664e57df1e3a,gcond_664e57df1e3a,gctpl_8f9a8f8a475b,gsec_2193fcc3febe,qbank_6fefd796641a,实操题库_地面站考试条件_2026H1_罗盘双坐标题型.txt_15,2026H1,2026H1,罗盘双坐标题型,2026-05-27,河南03考场,罗盘双坐标题型-考试条件提取.docx,16,6,6,6、,bearing_angle,1到2的航向角为300°,1;2;300,°,,,300°,,,,
gcond_62bd68fef9e5,gcond_62bd68fef9e5,gctpl_815734579b2f,gsec_2193fcc3febe,qbank_6fefd796641a,实操题库_地面站考试条件_2026H1_罗盘双坐标题型.txt_15,2026H1,2026H1,罗盘双坐标题型,2026-05-27,河南03考场,罗盘双坐标题型-考试条件提取.docx,16,7,7,7、,coordinate,"1点的经纬度坐标为N33°37′48”E115°13’28""（要求零误差）",1;33;37;48;115;13;28,°;度,,"N33°37′48”;E115°13’28""",33°;115°,,,,
gcond_eeb91661d7de,gcond_eeb91661d7de,gctpl_a063f05861f8,gsec_e363fb713f4d,qbank_6fefd796641a,实操题库_地面站考试条件_2026H1_罗盘双坐标题型.txt_16,2026H1,2026H1,罗盘双坐标题型,2026-05-23,新疆01考场,罗盘双坐标题型-考试条件提取.docx,17,1,1,(一),speed_height;turn_hold_loop;bearing_angle;geometry;takeoff_return,"于起飞点前规划一个等腰直角三角形，①②边长为a1,①③边 长为a2,∠①为直角，航线相对地面高度b,水平速度为c,垂直速度为d, 转弯方式为停止转弯，停留时间不作要求；",1;2,度,起飞点;①;②;①;③;①,,,,,,
gcond_8fb50e54be9a,gcond_8fb50e54be9a,gctpl_de35786ee832,gsec_e363fb713f4d,qbank_6fefd796641a,实操题库_地面站考试条件_2026H1_罗盘双坐标题型.txt_16,2026H1,2026H1,罗盘双坐标题型,2026-05-23,新疆01考场,罗盘双坐标题型-考试条件提取.docx,17,2,2,(二),speed_height,"al、a2值为30米，b值为30米，c值为3m/5,d值为1m/s。",2;30;30;3;5;1,m;m/s;米,5,,,1m/s,,,
gcond_0588794e56aa,gcond_0588794e56aa,gctpl_82e5c4808ad2,gsec_e363fb713f4d,qbank_6fefd796641a,实操题库_地面站考试条件_2026H1_罗盘双坐标题型.txt_16,2026H1,2026H1,罗盘双坐标题型,2026-05-23,新疆01考场,罗盘双坐标题型-考试条件提取.docx,17,3,3,一：,coordinate,②点经纬度： N:24.9435° E:102°42'30.44,24.9435;102;42;30.44,°;度,②,N:24.9435;E:102°42'30,24.9435°;102°,,,,
gcond_e773ccc8fec3,gcond_e773ccc8fec3,gctpl_93151b326f55,gsec_e363fb713f4d,qbank_6fefd796641a,实操题库_地面站考试条件_2026H1_罗盘双坐标题型.txt_16,2026H1,2026H1,罗盘双坐标题型,2026-05-23,新疆01考场,罗盘双坐标题型-考试条件提取.docx,17,4,4,二：,takeoff_return,H点位置在①②边的 延长线上，但不与①②边 重叠，H→③点长度为50 米。,50,度;米,H点;①;②;①;②;③,,,,,50 米,
gcond_c8c8b1e54751,gcond_c8c8b1e54751,gctpl_d83e0c5f7793,gsec_e363fb713f4d,qbank_6fefd796641a,实操题库_地面站考试条件_2026H1_罗盘双坐标题型.txt_16,2026H1,2026H1,罗盘双坐标题型,2026-05-23,新疆01考场,罗盘双坐标题型-考试条件提取.docx,17,5,5,三：,bearing_angle,③点位于②点的正东 面,,,③;②,,,,,,
gcond_0888e0876e4a,gcond_0888e0876e4a,gctpl_4574e907cf86,gsec_0e50dbd33882,qbank_7f9e06c80aa9,实操题库_地面站考试条件_2026H1_航向相同相反题型.txt_0,2026H1,2026H1,航向相同相反题型,2026-04-05,江苏03考场,航向相同相反题型-考试条件提取.docx,1,1,1,(一),coordinate;speed_height;turn_hold_loop;bearing_angle;geometry;takeoff_return,"与 的相对方位由委任代表根据 现场环境等情况进行决定。按图于起飞点前规划一个五边形并循环执 行，①②边及②③边的边长为a,∠②=∠④=∠①为90°，航线相 对地面高度为b,水平速度为c，垂直速度为d，转弯模式为停止 转弯，各点停留时间为e;",90,°;度,起飞点;①;②;②;③;②;④;①,,90°,,,,
gcond_02f806f697d2,gcond_02f806f697d2,gctpl_bd59e130e5e5,gsec_0e50dbd33882,qbank_7f9e06c80aa9,实操题库_地面站考试条件_2026H1_航向相同相反题型.txt_0,2026H1,2026H1,航向相同相反题型,2026-04-05,江苏03考场,航向相同相反题型-考试条件提取.docx,1,2,2,(二),coordinate;speed_height;bearing_angle,"a值建议为30米，b值建议为30米，c值建议为 3m/s,d建议为1m/s,e值建议为2s。(航线方位及各数值可由 委任代表按实际情况进行调整，考题以委任代表规定数值为准) 。",30;30;3;1;2,m/s;s;米,,,,3m/s;1m/s,,,
gcond_25f2102da7e5,gcond_25f2102da7e5,gctpl_3fb1d0bed504,gsec_0e50dbd33882,qbank_7f9e06c80aa9,实操题库_地面站考试条件_2026H1_航向相同相反题型.txt_0,2026H1,2026H1,航向相同相反题型,2026-04-05,江苏03考场,航向相同相反题型-考试条件提取.docx,1,3,3,1、,coordinate;takeoff_return,"起飞点经纬度： N:28°08'10"" E:115°16′02”",28;08;10;115;16;02,°;度,起飞点,"N:28°08'10"";E:115°16′02”",28°;115°,,,,
gcond_033e692e9892,gcond_033e692e9892,gctpl_934b15740fed,gsec_0e50dbd33882,qbank_7f9e06c80aa9,实操题库_地面站考试条件_2026H1_航向相同相反题型.txt_0,2026H1,2026H1,航向相同相反题型,2026-04-05,江苏03考场,航向相同相反题型-考试条件提取.docx,1,4,4,2、,other,当地风向：东南风 H-1为逆风,1,,,,,,,,
gcond_d5e7a9c285e9,gcond_d5e7a9c285e9,gctpl_caa799c5982f,gsec_0e50dbd33882,qbank_7f9e06c80aa9,实操题库_地面站考试条件_2026H1_航向相同相反题型.txt_0,2026H1,2026H1,航向相同相反题型,2026-04-05,江苏03考场,航向相同相反题型-考试条件提取.docx,1,5,5,3、,bearing_angle,3-2与H-1相向航向,3;2;1,,3,,,,,,
gcond_578e62bfb727,gcond_578e62bfb727,gctpl_dfa94fb54cfe,gsec_0e50dbd33882,qbank_7f9e06c80aa9,实操题库_地面站考试条件_2026H1_航向相同相反题型.txt_0,2026H1,2026H1,航向相同相反题型,2026-04-05,江苏03考场,航向相同相反题型-考试条件提取.docx,1,6,6,4、,other,H-1距离120米,1;120,米,,,,,,120米,
gcond_23cb4e33d5d0,gcond_23cb4e33d5d0,gctpl_ba6fe462af6a,gsec_5e043e46440c,qbank_7f9e06c80aa9,实操题库_地面站考试条件_2026H1_航向相同相反题型.txt_1,2026H1,2026H1,航向相同相反题型,2026-04-05,江苏03考场,航向相同相反题型-考试条件提取.docx,2,1,1,(一),coordinate;speed_height;turn_hold_loop;bearing_angle;geometry;takeoff_return,"与 的相对方位由委任代表根据 现场环境等情况进行决定。按图于起飞点前规划一个四边形并循环执 行，①②边、②③边边长为a,③④边边长为b,∠②=∠③=90 航线相对地面高度为c，水平速度为d，垂直速度为e，转弯模式为 停止转弯，停留时间不作要求；",90,度,起飞点;①;②;②;③;③;④;②;③,,,,,,
gcond_06107bdaa2eb,gcond_06107bdaa2eb,gctpl_7cfd7700519f,gsec_5e043e46440c,qbank_7f9e06c80aa9,实操题库_地面站考试条件_2026H1_航向相同相反题型.txt_1,2026H1,2026H1,航向相同相反题型,2026-04-05,江苏03考场,航向相同相反题型-考试条件提取.docx,2,2,2,(二),coordinate;speed_height;bearing_angle,"a值建议为20米，b值建议为30米，c值建议为30m, d值建议为3m/s,e值建议为2m/s。(航线方位及各数值可由委任 代表按实际情况进行调整，考题以委任代表规定数值为准)",20;30;30;3;2,m;m/s;米,,,,3m/s;2m/s,,,
gcond_458236dedbc6,gcond_458236dedbc6,gctpl_5afba7c84589,gsec_5e043e46440c,qbank_7f9e06c80aa9,实操题库_地面站考试条件_2026H1_航向相同相反题型.txt_1,2026H1,2026H1,航向相同相反题型,2026-04-05,江苏03考场,航向相同相反题型-考试条件提取.docx,2,3,3,1、,coordinate;takeoff_return,"起飞点经纬度： N:28°39′32” E:115°3612""",28;39;32;115;3612,°;度,起飞点,"N:28°39′32”;E:115°3612""",28°;115°,,,,
gcond_ec3262e5ce49,gcond_ec3262e5ce49,gctpl_3f01209684e0,gsec_5e043e46440c,qbank_7f9e06c80aa9,实操题库_地面站考试条件_2026H1_航向相同相反题型.txt_1,2026H1,2026H1,航向相同相反题型,2026-04-05,江苏03考场,航向相同相反题型-考试条件提取.docx,2,4,4,2、,other,H到2距离100米,2;100,米,,,,,,100米,
gcond_7a024cff5e71,gcond_7a024cff5e71,gctpl_7ad65d38624b,gsec_5e043e46440c,qbank_7f9e06c80aa9,实操题库_地面站考试条件_2026H1_航向相同相反题型.txt_1,2026H1,2026H1,航向相同相反题型,2026-04-05,江苏03考场,航向相同相反题型-考试条件提取.docx,2,5,5,3、,bearing_angle,H-2与与2-3航向相反,2;2;3,,,,,,,,
gcond_cbc5ad89ec4b,gcond_cbc5ad89ec4b,gctpl_c1c765d22667,gsec_5e043e46440c,qbank_7f9e06c80aa9,实操题库_地面站考试条件_2026H1_航向相同相反题型.txt_1,2026H1,2026H1,航向相同相反题型,2026-04-05,江苏03考场,航向相同相反题型-考试条件提取.docx,2,6,6,4、,other,2位于H西偏南30,2;30,,,,,,,,
gcond_091f794386b0,gcond_091f794386b0,gctpl_8b02a94fa7d2,gsec_59ba7c2bfafb,qbank_7f9e06c80aa9,实操题库_地面站考试条件_2026H1_航向相同相反题型.txt_2,2026H1,2026H1,航向相同相反题型,2026-04-06,山西03考场,航向相同相反题型-考试条件提取.docx,3,1,1,(一),coordinate;speed_height;turn_hold_loop;bearing_angle,"与 的相对方位由委任代表根据 现场环境等情况进行决定。规划扫描航线要求不闭合不循环，航线长 度为a,航线间隔为b,航线相对地面高度为c,水平速度为d,垂 直速度为e，转弯模式为停止转弯，停留时间不作要求；",,度,,,,,,,
gcond_67bed6817420,gcond_67bed6817420,gctpl_eb14ee22a11e,gsec_59ba7c2bfafb,qbank_7f9e06c80aa9,实操题库_地面站考试条件_2026H1_航向相同相反题型.txt_2,2026H1,2026H1,航向相同相反题型,2026-04-06,山西03考场,航向相同相反题型-考试条件提取.docx,3,2,2,(二),coordinate;speed_height,"a值为300米，b值为100米，c值为300m,d值为3m/s, e值为2m/s。",300;100;300;3;2,m;m/s;米,,,,3m/s;2m/s,,,
gcond_0e3d64d9be44,gcond_0e3d64d9be44,gctpl_622a7baf545f,gsec_59ba7c2bfafb,qbank_7f9e06c80aa9,实操题库_地面站考试条件_2026H1_航向相同相反题型.txt_2,2026H1,2026H1,航向相同相反题型,2026-04-06,山西03考场,航向相同相反题型-考试条件提取.docx,3,3,3,1、,coordinate;takeoff_return,起飞点经纬度： N:27°46'19” E:123°12'17”,27;46;19;123;12;17,°;度,起飞点,N:27°46'19”;E:123°12'17”,27°;123°,,,,
gcond_d69f3ef6575f,gcond_d69f3ef6575f,gctpl_8fb94be5942b,gsec_59ba7c2bfafb,qbank_7f9e06c80aa9,实操题库_地面站考试条件_2026H1_航向相同相反题型.txt_2,2026H1,2026H1,航向相同相反题型,2026-04-06,山西03考场,航向相同相反题型-考试条件提取.docx,3,4,4,2、,bearing_angle;takeoff_return,起飞点到任务航 线3点的距离是200 米。 起飞点-2点和6点-7 点航向相同。,3;200;2;6;7,米,起飞点;起飞点;7,,,,,200 米,
gcond_7a5062c35d87,gcond_7a5062c35d87,gctpl_8ea391422386,gsec_59ba7c2bfafb,qbank_7f9e06c80aa9,实操题库_地面站考试条件_2026H1_航向相同相反题型.txt_2,2026H1,2026H1,航向相同相反题型,2026-04-06,山西03考场,航向相同相反题型-考试条件提取.docx,3,5,5,3、,coordinate;bearing_angle,3号点位于起飞 点NE方向,3,,,,,,,,
gcond_a4f0037672e6,gcond_a4f0037672e6,gctpl_dca392bd5fae,gsec_d657d11a1f17,qbank_7f9e06c80aa9,实操题库_地面站考试条件_2026H1_航向相同相反题型.txt_3,2026H1,2026H1,航向相同相反题型,2026-04-06,山西03考场,航向相同相反题型-考试条件提取.docx,4,1,1,(一),coordinate;speed_height;turn_hold_loop;bearing_angle;geometry,"与 的相对方位由委任代表根据现场环境等 情况进行决定。规划一个五边形并循环执行，①②边及②③边的边长为a, ∠②=∠④=∠①为90°，航线相对地面高度为b,水平速度为c,垂直速度为d, 转弯模式为停止转弯，各点停留时间为e;",90,°;度,①;②;②;③;②;④;①,,90°,,,,
gcond_8c35139ed210,gcond_8c35139ed210,gctpl_d76713969545,gsec_d657d11a1f17,qbank_7f9e06c80aa9,实操题库_地面站考试条件_2026H1_航向相同相反题型.txt_3,2026H1,2026H1,航向相同相反题型,2026-04-06,山西03考场,航向相同相反题型-考试条件提取.docx,4,2,2,(二),coordinate;speed_height,"a值建议为30米，b值建议为30米，c值建议为3m/s，d值建议 为1m/s,e值建议为2s。",30;30;3;1;2,m/s;s;米,,,,3m/s;1m/s,,,
gcond_9f3a278a3136,gcond_9f3a278a3136,gctpl_a11742905c9c,gsec_d657d11a1f17,qbank_7f9e06c80aa9,实操题库_地面站考试条件_2026H1_航向相同相反题型.txt_3,2026H1,2026H1,航向相同相反题型,2026-04-06,山西03考场,航向相同相反题型-考试条件提取.docx,4,3,3,1、,coordinate;takeoff_return,"起飞点经纬度： N:27°46′19"" E:123°12'17""",27;46;19;123;12;17,°;度,起飞点,"N:27°46′19"";E:123°12'17""",27°;123°,,,,
gcond_c72746d0fde9,gcond_c72746d0fde9,gctpl_0c39739a9d0b,gsec_d657d11a1f17,qbank_7f9e06c80aa9,实操题库_地面站考试条件_2026H1_航向相同相反题型.txt_3,2026H1,2026H1,航向相同相反题型,2026-04-06,山西03考场,航向相同相反题型-考试条件提取.docx,4,4,4,2、,geometry;takeoff_return,起飞点到任务航线2 点的距离是100米。 起飞点-2点和1点-2点航 5 向相反。,2;100;2;1;2;5,米,起飞点;起飞点;5,,,,100米,100米,
gcond_a64eba366d93,gcond_a64eba366d93,gctpl_cdfefaaad2f4,gsec_d657d11a1f17,qbank_7f9e06c80aa9,实操题库_地面站考试条件_2026H1_航向相同相反题型.txt_3,2026H1,2026H1,航向相同相反题型,2026-04-06,山西03考场,航向相同相反题型-考试条件提取.docx,4,5,5,3、,coordinate;bearing_angle;takeoff_return,1号点位于起飞点SE 方位。,1,S,起飞点,,,,,,
gcond_aa4a4ac389a7,gcond_aa4a4ac389a7,gctpl_298e9ecacc90,gsec_226772f6a2a7,qbank_7f9e06c80aa9,实操题库_地面站考试条件_2026H1_航向相同相反题型.txt_4,2026H1,2026H1,航向相同相反题型,2026-04-06,山西03考场,航向相同相反题型-考试条件提取.docx,5,1,1,(一),coordinate;speed_height;turn_hold_loop;bearing_angle;geometry,与 的相对方位由委任代表根据 现场环境等情况进行决定。按图规划一个四边形并循环执行，①②边、 ②③边边长为a，③④边边长为b，∠②=∠③=90°，航线相对地 面高度为c，水平速度为d，垂直速度为e，转弯模式为停止转弯， 停留时间5s;,90;5,s;°;度,①;②;②;③;③;④;②;③,,90°,,,,
gcond_8113b927df26,gcond_8113b927df26,gctpl_0c10b202a24e,gsec_226772f6a2a7,qbank_7f9e06c80aa9,实操题库_地面站考试条件_2026H1_航向相同相反题型.txt_4,2026H1,2026H1,航向相同相反题型,2026-04-06,山西03考场,航向相同相反题型-考试条件提取.docx,5,2,2,(二),coordinate;speed_height,"a值为200米，b值为300米，c值为300m,d值为 3m/s,e值为2m/s。",200;300;300;3;2,m;m/s;米,,,,3m/s;2m/s,,,
gcond_14c83d151677,gcond_14c83d151677,gctpl_1e9ed38105e7,gsec_226772f6a2a7,qbank_7f9e06c80aa9,实操题库_地面站考试条件_2026H1_航向相同相反题型.txt_4,2026H1,2026H1,航向相同相反题型,2026-04-06,山西03考场,航向相同相反题型-考试条件提取.docx,5,3,3,1、,coordinate;takeoff_return,起飞点经纬度： N:27°46′19” E:123°12'17”,27;46;19;123;12;17,°;度,起飞点,N:27°46′19”;E:123°12'17”,27°;123°,,,,
gcond_4007d91b4a6c,gcond_4007d91b4a6c,gctpl_889812009f53,gsec_226772f6a2a7,qbank_7f9e06c80aa9,实操题库_地面站考试条件_2026H1_航向相同相反题型.txt_4,2026H1,2026H1,航向相同相反题型,2026-04-06,山西03考场,航向相同相反题型-考试条件提取.docx,5,4,4,2、,bearing_angle;geometry;takeoff_return,起飞点到任务航线1点 的距离是100米。 起飞点-1点和2点-3点航向 相同。,1;100;1;2;3,米,起飞点;起飞点,,,,100米,100米,
gcond_f01f0d57e16d,gcond_f01f0d57e16d,gctpl_cdfefaaad2f4,gsec_226772f6a2a7,qbank_7f9e06c80aa9,实操题库_地面站考试条件_2026H1_航向相同相反题型.txt_4,2026H1,2026H1,航向相同相反题型,2026-04-06,山西03考场,航向相同相反题型-考试条件提取.docx,5,5,5,3、,coordinate;bearing_angle;takeoff_return,1号点位于起飞点SE方 位。,1,S,起飞点,,,,,,
gcond_3edd081eb838,gcond_3edd081eb838,gctpl_419354b2fa9a,gsec_097d896268fa,qbank_7f9e06c80aa9,实操题库_地面站考试条件_2026H1_航向相同相反题型.txt_5,2026H1,2026H1,航向相同相反题型,2026-04-08,吉林01考场,航向相同相反题型-考试条件提取.docx,6,1,1,(一),speed_height;turn_hold_loop;bearing_angle;geometry,"与 的相对方位由委任代表根据 现场环境等情况进行决定。规划一个等腰直角三角形并循环执行， ①②边长为a1,①③边长为a2,∠①为直角，航线相对地面高度b, 水平速度为c，垂直速度为d，转弯方式为停止转弯，停留时间5s;",1;2;5,s;度,①;②;①;③;①,,,,,,
gcond_b2e281bb0cc4,gcond_b2e281bb0cc4,gctpl_b4070149d2b1,gsec_097d896268fa,qbank_7f9e06c80aa9,实操题库_地面站考试条件_2026H1_航向相同相反题型.txt_5,2026H1,2026H1,航向相同相反题型,2026-04-08,吉林01考场,航向相同相反题型-考试条件提取.docx,6,2,2,(二),speed_height,"a1、a2值为30米，b值为30米，c值为3m/s,d 值为2m/s。",1;2;30;30;3;2,m/s;米,,,,3m/s;2m/s,,,
gcond_0e48778a9b53,gcond_0e48778a9b53,gctpl_6f0c31702333,gsec_097d896268fa,qbank_7f9e06c80aa9,实操题库_地面站考试条件_2026H1_航向相同相反题型.txt_5,2026H1,2026H1,航向相同相反题型,2026-04-08,吉林01考场,航向相同相反题型-考试条件提取.docx,6,3,3,1、,coordinate;takeoff_return,"起飞点经纬度： N:28°39'30"" E:115°58'54""",28;39;30;115;58;54,°;度,起飞点,"N:28°39'30"";E:115°58'54""",28°;115°,,,,
gcond_1fb54efdceb1,gcond_1fb54efdceb1,gctpl_b68c49dae71e,gsec_097d896268fa,qbank_7f9e06c80aa9,实操题库_地面站考试条件_2026H1_航向相同相反题型.txt_5,2026H1,2026H1,航向相同相反题型,2026-04-08,吉林01考场,航向相同相反题型-考试条件提取.docx,6,4,4,2、,takeoff_return,当地风向：西北风H-1 逆风飞行，H点距离1点 120米。,1;1;120,米,1;H点,,,,,120米,
gcond_afe1b22c882b,gcond_afe1b22c882b,gctpl_91018c233401,gsec_097d896268fa,qbank_7f9e06c80aa9,实操题库_地面站考试条件_2026H1_航向相同相反题型.txt_5,2026H1,2026H1,航向相同相反题型,2026-04-08,吉林01考场,航向相同相反题型-考试条件提取.docx,6,5,5,3、,bearing_angle,2-3的航向和H-1的航 向相反。,2;3;1,,2,,,,,,
gcond_871eb40d8000,gcond_871eb40d8000,gctpl_8b02a94fa7d2,gsec_efe133d60f3d,qbank_7f9e06c80aa9,实操题库_地面站考试条件_2026H1_航向相同相反题型.txt_6,2026H1,2026H1,航向相同相反题型,2026-04-08,吉林01考场,航向相同相反题型-考试条件提取.docx,7,1,1,(一),coordinate;speed_height;turn_hold_loop;bearing_angle,"与 的相对方位由委任代表根据 现场环境等情况进行决定。规划扫描航线要求不闭合不循环，航线长 度为a,航线间隔为b,航线相对地面高度为c,水平速度为d,垂 直速度为e，转弯模式为停止转弯，停留时间不作要求；",,度,,,,,,,
gcond_69505fe1c2c6,gcond_69505fe1c2c6,gctpl_eb14ee22a11e,gsec_efe133d60f3d,qbank_7f9e06c80aa9,实操题库_地面站考试条件_2026H1_航向相同相反题型.txt_6,2026H1,2026H1,航向相同相反题型,2026-04-08,吉林01考场,航向相同相反题型-考试条件提取.docx,7,2,2,(二),coordinate;speed_height,"a值为300米，b值为100米，c值为300m,d值为3m/s, e值为2m/s。",300;100;300;3;2,m;m/s;米,,,,3m/s;2m/s,,,
gcond_e44a2896b931,gcond_e44a2896b931,gctpl_50278efceb7c,gsec_efe133d60f3d,qbank_7f9e06c80aa9,实操题库_地面站考试条件_2026H1_航向相同相反题型.txt_6,2026H1,2026H1,航向相同相反题型,2026-04-08,吉林01考场,航向相同相反题型-考试条件提取.docx,7,3,3,1、,coordinate;takeoff_return,"起飞点经纬度： N:28°39′30"" 8 E:115°58'54”",28;39;30;8;115;58;54,°;度,起飞点;8,"N:28°39′30"";E:115°58'54”",28°;115°,,,,
gcond_743df27f1605,gcond_743df27f1605,gctpl_502f96d341b5,gsec_efe133d60f3d,qbank_7f9e06c80aa9,实操题库_地面站考试条件_2026H1_航向相同相反题型.txt_6,2026H1,2026H1,航向相同相反题型,2026-04-08,吉林01考场,航向相同相反题型-考试条件提取.docx,7,4,4,2、,bearing_angle;geometry;takeoff_return,起飞点到任务航线2点 的距离是100米。 起飞点-2点和2点-3点航向 相同。,2;100;2;2;3,米,起飞点;起飞点,,,,100米,100米,
gcond_4ec3c373dd96,gcond_4ec3c373dd96,gctpl_bef9083e6f3c,gsec_efe133d60f3d,qbank_7f9e06c80aa9,实操题库_地面站考试条件_2026H1_航向相同相反题型.txt_6,2026H1,2026H1,航向相同相反题型,2026-04-08,吉林01考场,航向相同相反题型-考试条件提取.docx,7,5,5,3、,coordinate;bearing_angle;takeoff_return,3号点位于起飞点SE 方位,3,S,起飞点,,,,,,
gcond_9b02d8e476b1,gcond_9b02d8e476b1,gctpl_dca392bd5fae,gsec_e25a30436d71,qbank_7f9e06c80aa9,实操题库_地面站考试条件_2026H1_航向相同相反题型.txt_7,2026H1,2026H1,航向相同相反题型,2026-04-08,吉林01考场,航向相同相反题型-考试条件提取.docx,8,1,1,(一),coordinate;speed_height;turn_hold_loop;bearing_angle;geometry,"与 的相对方位由委任代表根据 现场环境等情况进行决定。规划一个五边形并循环执行，①②边及 ②③边的边长为a,∠②=∠④=∠①为90°，航线相对地面高度为 b，水平速度为c，垂直速度为d，转弯模式为停止转弯，各点停 留时间为e;",90,°;度,①;②;②;③;②;④;①,,90°,,,,
gcond_e89d21120369,gcond_e89d21120369,gctpl_44777be3025a,gsec_e25a30436d71,qbank_7f9e06c80aa9,实操题库_地面站考试条件_2026H1_航向相同相反题型.txt_7,2026H1,2026H1,航向相同相反题型,2026-04-08,吉林01考场,航向相同相反题型-考试条件提取.docx,8,2,2,(二),coordinate;speed_height,"a值为50米，b值为50米，c值为3m/s,d为2m/s, e值为10s。",50;50;3;2;10,m/s;s;米,,,,3m/s;2m/s,,,
gcond_5f30d059c5e8,gcond_5f30d059c5e8,gctpl_77a5e52f4702,gsec_e25a30436d71,qbank_7f9e06c80aa9,实操题库_地面站考试条件_2026H1_航向相同相反题型.txt_7,2026H1,2026H1,航向相同相反题型,2026-04-08,吉林01考场,航向相同相反题型-考试条件提取.docx,8,3,3,1、,coordinate;takeoff_return,"起飞点经纬度： N:28°39'30"" 4 E:115°58′54”",28;39;30;4;115;58;54,°;度,起飞点;4,"N:28°39'30"";E:115°58′54”",28°;115°,,,,
gcond_40e01bdc5532,gcond_40e01bdc5532,gctpl_01a470e67117,gsec_e25a30436d71,qbank_7f9e06c80aa9,实操题库_地面站考试条件_2026H1_航向相同相反题型.txt_7,2026H1,2026H1,航向相同相反题型,2026-04-08,吉林01考场,航向相同相反题型-考试条件提取.docx,8,4,4,2、,bearing_angle;geometry;takeoff_return,起飞点到任务航线2点 的距离是100米。 起飞点-2点和1点-2点航向 相反。,2;100;2;1;2,米,起飞点;起飞点,,,,100米,100米,
gcond_11d96180f195,gcond_11d96180f195,gctpl_d0086de47134,gsec_e25a30436d71,qbank_7f9e06c80aa9,实操题库_地面站考试条件_2026H1_航向相同相反题型.txt_7,2026H1,2026H1,航向相同相反题型,2026-04-08,吉林01考场,航向相同相反题型-考试条件提取.docx,8,5,5,3、,bearing_angle;takeoff_return,1号点位于起飞点SW 方位,1,S,起飞点,,,,,,
gcond_54ab37e1f68c,gcond_54ab37e1f68c,gctpl_298e9ecacc90,gsec_c1b642a9e754,qbank_7f9e06c80aa9,实操题库_地面站考试条件_2026H1_航向相同相反题型.txt_8,2026H1,2026H1,航向相同相反题型,2026-04-08,吉林01考场,航向相同相反题型-考试条件提取.docx,9,1,1,(一),coordinate;speed_height;turn_hold_loop;bearing_angle;geometry,与 的相对方位由委任代表根据 现场环境等情况进行决定。按图规划一个四边形并循环执行，①②边、 ②③边边长为a，③④边边长为b，∠②=∠③=90°，航线相对地 面高度为c，水平速度为d，垂直速度为e，转弯模式为停止转弯， 停留时间5s;,90;5,s;°;度,①;②;②;③;③;④;②;③,,90°,,,,
gcond_98f207028790,gcond_98f207028790,gctpl_0c10b202a24e,gsec_c1b642a9e754,qbank_7f9e06c80aa9,实操题库_地面站考试条件_2026H1_航向相同相反题型.txt_8,2026H1,2026H1,航向相同相反题型,2026-04-08,吉林01考场,航向相同相反题型-考试条件提取.docx,9,2,2,(二),coordinate;speed_height,"a值为200米，b值为300米，c值为300m,d值为 3m/s,e值为2m/s。",200;300;300;3;2,m;m/s;米,,,,3m/s;2m/s,,,
gcond_2e0b5199e53a,gcond_2e0b5199e53a,gctpl_31d251b12605,gsec_c1b642a9e754,qbank_7f9e06c80aa9,实操题库_地面站考试条件_2026H1_航向相同相反题型.txt_8,2026H1,2026H1,航向相同相反题型,2026-04-08,吉林01考场,航向相同相反题型-考试条件提取.docx,9,3,3,1、,coordinate;takeoff_return,"起飞点经纬度： N:28°39′30"" E:115°58′54""",28;39;30;115;58;54,°;度,起飞点,"N:28°39′30"";E:115°58′54""",28°;115°,,,,
gcond_269644e3b1db,gcond_269644e3b1db,gctpl_878db08c733d,gsec_c1b642a9e754,qbank_7f9e06c80aa9,实操题库_地面站考试条件_2026H1_航向相同相反题型.txt_8,2026H1,2026H1,航向相同相反题型,2026-04-08,吉林01考场,航向相同相反题型-考试条件提取.docx,9,4,4,2、,bearing_angle;geometry;takeoff_return,起飞点到任务航线2点 的距离是100米。 起飞点-1点和2点-1点航向 相同。,2;100;1;2;1,米,起飞点;起飞点,,,,100米,100米,
gcond_68a4de1f6c83,gcond_68a4de1f6c83,gctpl_278725a59548,gsec_c1b642a9e754,qbank_7f9e06c80aa9,实操题库_地面站考试条件_2026H1_航向相同相反题型.txt_8,2026H1,2026H1,航向相同相反题型,2026-04-08,吉林01考场,航向相同相反题型-考试条件提取.docx,9,5,5,3、,coordinate;bearing_angle;takeoff_return,1号点位于起飞点SE 方位,1,S,起飞点,,,,,,
gcond_8f174b665ca4,gcond_8f174b665ca4,gctpl_078eb3b73eee,gsec_bfbbf05bca5c,qbank_7f9e06c80aa9,实操题库_地面站考试条件_2026H1_航向相同相反题型.txt_9,2026H1,2026H1,航向相同相反题型,2026-04-08,广东02考场,航向相同相反题型-考试条件提取.docx,10,1,1,(一),coordinate;speed_height;turn_hold_loop;bearing_angle;geometry,"规划一个闭合五边形并循环执行，①②、②③、③④、④⑤、①⑤边 的边长为a,∠②=∠①为90°，航线相对地面高度为b,水平速度为c，垂直 速度为d,转弯模式为停止转弯，各点停留时间为e;",90,°;度,①;②;②;③;③;④;④;⑤;①;⑤;②;①,,90°,,,,
gcond_3cd23e2b2969,gcond_3cd23e2b2969,gctpl_6d764b822bd5,gsec_bfbbf05bca5c,qbank_7f9e06c80aa9,实操题库_地面站考试条件_2026H1_航向相同相反题型.txt_9,2026H1,2026H1,航向相同相反题型,2026-04-08,广东02考场,航向相同相反题型-考试条件提取.docx,10,2,2,(二),coordinate;speed_height,"a值为50米，b值为50米，c值为3m/s,d值为2m/s,e值为 10so",50;50;3;2;10,m/s;s;米,,,,3m/s;2m/s,,,
gcond_1ea443c169ef,gcond_1ea443c169ef,gctpl_a1f148c68ccd,gsec_bfbbf05bca5c,qbank_7f9e06c80aa9,实操题库_地面站考试条件_2026H1_航向相同相反题型.txt_9,2026H1,2026H1,航向相同相反题型,2026-04-08,广东02考场,航向相同相反题型-考试条件提取.docx,10,3,3,一：,coordinate;takeoff_return,"起飞点经纬度： N:28°00'12"" E:115°0632”",28;00;12;115;0632,°;度,起飞点,"N:28°00'12"";E:115°0632”",28°;115°,,,,
gcond_f391102cb760,gcond_f391102cb760,gctpl_e6528ffb119e,gsec_bfbbf05bca5c,qbank_7f9e06c80aa9,实操题库_地面站考试条件_2026H1_航向相同相反题型.txt_9,2026H1,2026H1,航向相同相反题型,2026-04-08,广东02考场,航向相同相反题型-考试条件提取.docx,10,4,4,二：,bearing_angle;geometry;takeoff_return,起飞点到任务航线 1点的距离是100米。 起飞点到1和4点到5点 航向相同。,1;100;1;4;5,米,起飞点;起飞点,,,,100米,100米,
gcond_b76ea706c477,gcond_b76ea706c477,gctpl_416b0b072fca,gsec_bfbbf05bca5c,qbank_7f9e06c80aa9,实操题库_地面站考试条件_2026H1_航向相同相反题型.txt_9,2026H1,2026H1,航向相同相反题型,2026-04-08,广东02考场,航向相同相反题型-考试条件提取.docx,10,5,5,三：,takeoff_return,1号点位于起飞点 南偏东25°,1;25,°,起飞点,,25°,,,,
gcond_2d2795ccaf50,gcond_2d2795ccaf50,gctpl_c7a8ed63fa17,gsec_5c08a652a3ed,qbank_7f9e06c80aa9,实操题库_地面站考试条件_2026H1_航向相同相反题型.txt_10,2026H1,2026H1,航向相同相反题型,2026-04-08,广东02考场,航向相同相反题型-考试条件提取.docx,11,1,1,(一),coordinate;speed_height;turn_hold_loop;bearing_angle;geometry,"按图规划一个闭合四边形并循环执行，①②边、②③边边 长为a,①④边边长为b,∠①=∠②=90°航线相对地面高度为c, 水平速度为d，垂直速度为e,转弯模式为停止转弯，停留时间5s；",90;5,s;°;度,①;②;②;③;①;④;①;②,,90°,,,,
gcond_6f1693730fc4,gcond_6f1693730fc4,gctpl_5d31f8e63ce0,gsec_5c08a652a3ed,qbank_7f9e06c80aa9,实操题库_地面站考试条件_2026H1_航向相同相反题型.txt_10,2026H1,2026H1,航向相同相反题型,2026-04-08,广东02考场,航向相同相反题型-考试条件提取.docx,11,2,2,(二),coordinate;speed_height,"a值为200米，b值为400米，c值为300m,d值为 3m/s,e值为2m/s。",200;400;300;3;2,m;m/s;米,,,,3m/s;2m/s,,,
gcond_aeb92f810ca2,gcond_aeb92f810ca2,gctpl_c6e0b275ac23,gsec_5c08a652a3ed,qbank_7f9e06c80aa9,实操题库_地面站考试条件_2026H1_航向相同相反题型.txt_10,2026H1,2026H1,航向相同相反题型,2026-04-08,广东02考场,航向相同相反题型-考试条件提取.docx,11,3,3,一：,coordinate;takeoff_return,"起飞点经纬度： N:28°39'30” E:115°56'32""",28;39;30;115;56;32,°;度,起飞点,"N:28°39'30”;E:115°56'32""",28°;115°,,,,
gcond_4ea31fc7f1db,gcond_4ea31fc7f1db,gctpl_f93337a1188c,gsec_5c08a652a3ed,qbank_7f9e06c80aa9,实操题库_地面站考试条件_2026H1_航向相同相反题型.txt_10,2026H1,2026H1,航向相同相反题型,2026-04-08,广东02考场,航向相同相反题型-考试条件提取.docx,11,4,4,二：,bearing_angle;geometry;takeoff_return,起飞点到任务航线1 点的距离是100米。 起飞点到1点和4点3点 航向相同。,1;100;1;4;3,米,起飞点;起飞点,,,,100米,100米,
gcond_e4107d2de185,gcond_e4107d2de185,gctpl_dbe02821bc4c,gsec_5c08a652a3ed,qbank_7f9e06c80aa9,实操题库_地面站考试条件_2026H1_航向相同相反题型.txt_10,2026H1,2026H1,航向相同相反题型,2026-04-08,广东02考场,航向相同相反题型-考试条件提取.docx,11,5,5,三：,other,3号点位于4点 西偏北15°。,3;4;15,°,,,15°,,,,
gcond_e49d2693b226,gcond_e49d2693b226,gctpl_03b52a31c489,gsec_4fabc63ee718,qbank_7f9e06c80aa9,实操题库_地面站考试条件_2026H1_航向相同相反题型.txt_11,2026H1,2026H1,航向相同相反题型,2026-04-10,四川01考场,航向相同相反题型-考试条件提取.docx,12,1,1,(一),coordinate;speed_height;turn_hold_loop;bearing_angle;geometry,"规划一个闭合五边形并循环执行，①②、②③、①⑤边的边长为a, ∠②=∠①为90°，航线相对地面高度为b，水平速度为c，垂直速度为d,转 弯模式为停止转弯，各点停留时间为e;",90,°;度,①;②;②;③;①;⑤;②;①,,90°,,,,
gcond_1dd2b5d1353b,gcond_1dd2b5d1353b,gctpl_2bc8221e4589,gsec_4fabc63ee718,qbank_7f9e06c80aa9,实操题库_地面站考试条件_2026H1_航向相同相反题型.txt_11,2026H1,2026H1,航向相同相反题型,2026-04-10,四川01考场,航向相同相反题型-考试条件提取.docx,12,2,2,(二),coordinate;speed_height,"a值为50米，b值为50米，c值为3m/s,d值为2m/s,e值为 10s。",50;50;3;2;10,m/s;s;米,,,,3m/s;2m/s,,,
gcond_89650519f00f,gcond_89650519f00f,gctpl_d17136bd308d,gsec_4fabc63ee718,qbank_7f9e06c80aa9,实操题库_地面站考试条件_2026H1_航向相同相反题型.txt_11,2026H1,2026H1,航向相同相反题型,2026-04-10,四川01考场,航向相同相反题型-考试条件提取.docx,12,3,3,一：,coordinate;takeoff_return,"起飞点经纬度： N28°03′11"" E:115°0933”",28;03;11;115;0933,°;度,起飞点,"N28°03′11"";E:115°0933”",28°;115°,,,,
gcond_bb667dff1029,gcond_bb667dff1029,gctpl_15f09f9a2f66,gsec_4fabc63ee718,qbank_7f9e06c80aa9,实操题库_地面站考试条件_2026H1_航向相同相反题型.txt_11,2026H1,2026H1,航向相同相反题型,2026-04-10,四川01考场,航向相同相反题型-考试条件提取.docx,12,4,4,二：,bearing_angle;geometry;takeoff_return,起飞点到任务航线 1点的距离是200米。 起飞点到1点和4点到5 点航向相同。 A,1;200;1;4;5,米,起飞点;起飞点,,,,200米,200米,
gcond_3a0b344862bc,gcond_3a0b344862bc,gctpl_d297978cb1b2,gsec_4fabc63ee718,qbank_7f9e06c80aa9,实操题库_地面站考试条件_2026H1_航向相同相反题型.txt_11,2026H1,2026H1,航向相同相反题型,2026-04-10,四川01考场,航向相同相反题型-考试条件提取.docx,12,5,5,三：,takeoff_return,1号点位于起飞点 南偏东35,1;35,,起飞点,,,,,,
gcond_d55377f9e442,gcond_d55377f9e442,gctpl_73296124ed7e,gsec_e41d0781db4b,qbank_7f9e06c80aa9,实操题库_地面站考试条件_2026H1_航向相同相反题型.txt_12,2026H1,2026H1,航向相同相反题型,2026-04-10,四川01考场,航向相同相反题型-考试条件提取.docx,13,1,1,(一),coordinate;speed_height;turn_hold_loop;bearing_angle;geometry,"按图规划一个闭合四边形并循环执行，①②边、②③边边 长为a,①④边边长为b,∠①=∠②=90°∠④=45°，航线相对地 面高度为c，水平速度为d，垂直速度为e,转弯模式为停止转弯， 停留时间5s；",90;45;5,s;°;度,①;②;②;③;①;④;①;②;④,,90°;45°,,,,
gcond_4ee1af1c42d5,gcond_4ee1af1c42d5,gctpl_93446f124ab9,gsec_e41d0781db4b,qbank_7f9e06c80aa9,实操题库_地面站考试条件_2026H1_航向相同相反题型.txt_12,2026H1,2026H1,航向相同相反题型,2026-04-10,四川01考场,航向相同相反题型-考试条件提取.docx,13,2,2,(二),coordinate;speed_height,"a值为200米，b值为400米，c值为300m,d值为 3m/s,e值为2m/s",200;400;300;3;2,m;m/s;米,,,,3m/s;2m/s,,,
gcond_4945f78cb97d,gcond_4945f78cb97d,gctpl_f78e01dc0307,gsec_e41d0781db4b,qbank_7f9e06c80aa9,实操题库_地面站考试条件_2026H1_航向相同相反题型.txt_12,2026H1,2026H1,航向相同相反题型,2026-04-10,四川01考场,航向相同相反题型-考试条件提取.docx,13,3,3,一：,coordinate;takeoff_return,"起飞点经纬度： N:23°31'04"" E:117°52'01""",23;31;04;117;52;01,°;度,起飞点,"N:23°31'04"";E:117°52'01""",23°;117°,,,,
gcond_6277a081e0e6,gcond_6277a081e0e6,gctpl_6e3cc31daa0f,gsec_e41d0781db4b,qbank_7f9e06c80aa9,实操题库_地面站考试条件_2026H1_航向相同相反题型.txt_12,2026H1,2026H1,航向相同相反题型,2026-04-10,四川01考场,航向相同相反题型-考试条件提取.docx,13,4,4,二：,bearing_angle;geometry;takeoff_return,起飞点到任务航线1 点的距离是100米。 起飞点到1点和4点到3 点航向相同。,1;100;1;4;3,米,起飞点;起飞点,,,,100米,100米,
gcond_3ddd0747d1a5,gcond_3ddd0747d1a5,gctpl_38fb7a102f7d,gsec_e41d0781db4b,qbank_7f9e06c80aa9,实操题库_地面站考试条件_2026H1_航向相同相反题型.txt_12,2026H1,2026H1,航向相同相反题型,2026-04-10,四川01考场,航向相同相反题型-考试条件提取.docx,13,5,5,三：,other,3号点位于4点东偏 南15°。,3;4;15,°,,,15°,,,,
gcond_5a72939ab8d8,gcond_5a72939ab8d8,gctpl_de81fb8e5c9c,gsec_4f429b03a7a8,qbank_7f9e06c80aa9,实操题库_地面站考试条件_2026H1_航向相同相反题型.txt_13,2026H1,2026H1,航向相同相反题型,2026-04-10,湖北04考场,航向相同相反题型-考试条件提取.docx,14,1,1,(一),speed_height;turn_hold_loop;bearing_angle;geometry,规划一个闭合等边三角形并循环执行，边长为a，所有航线相对地 面高度为b，水平速度为c，垂直速度为d，转弯方式为停止转弯，停留时间 为f;,,度,,,,,,,
gcond_b81194833e9a,gcond_b81194833e9a,gctpl_c48cd59aea08,gsec_4f429b03a7a8,qbank_7f9e06c80aa9,实操题库_地面站考试条件_2026H1_航向相同相反题型.txt_13,2026H1,2026H1,航向相同相反题型,2026-04-10,湖北04考场,航向相同相反题型-考试条件提取.docx,14,2,2,(二),other,"a值为100米，b值为50米，c值为5ms,d值为2ms,f值为 8so",100;50;5;2;8,m;s;米,,,,5ms;2ms,,,
gcond_b377b5cf85ae,gcond_b377b5cf85ae,gctpl_ee12aeb98bc8,gsec_4f429b03a7a8,qbank_7f9e06c80aa9,实操题库_地面站考试条件_2026H1_航向相同相反题型.txt_13,2026H1,2026H1,航向相同相反题型,2026-04-10,湖北04考场,航向相同相反题型-考试条件提取.docx,14,3,3,1、,coordinate;geometry;takeoff_return,起飞点经纬度： 任务航线示意图： N:28°09′03” E:115°16'32”,28;09;03;115;16;32,°;度,起飞点,N:28°09′03”;E:115°16'32”,28°;115°,,,,
gcond_bb5ad55c69cc,gcond_bb5ad55c69cc,gctpl_8affa65fe216,gsec_4f429b03a7a8,qbank_7f9e06c80aa9,实操题库_地面站考试条件_2026H1_航向相同相反题型.txt_13,2026H1,2026H1,航向相同相反题型,2026-04-10,湖北04考场,航向相同相反题型-考试条件提取.docx,14,4,4,2、,bearing_angle;geometry;takeoff_return,起飞点到任务航线1点 的距离是100米。 起飞点到1点和2点到3点 航向相同。,1;100;1;2;3,米,起飞点;起飞点,,,,100米,100米,
gcond_e902a23113a7,gcond_e902a23113a7,gctpl_664a1b108fb0,gsec_4f429b03a7a8,qbank_7f9e06c80aa9,实操题库_地面站考试条件_2026H1_航向相同相反题型.txt_13,2026H1,2026H1,航向相同相反题型,2026-04-10,湖北04考场,航向相同相反题型-考试条件提取.docx,14,5,5,3、,other,3点位于2点西偏南15°,3;2;15,°,,,15°,,,,
gcond_5c975cf8d2d6,gcond_5c975cf8d2d6,gctpl_078eb3b73eee,gsec_e4e48ce31b53,qbank_7f9e06c80aa9,实操题库_地面站考试条件_2026H1_航向相同相反题型.txt_14,2026H1,2026H1,航向相同相反题型,2026-04-10,湖北04考场,航向相同相反题型-考试条件提取.docx,15,1,1,(一),coordinate;speed_height;turn_hold_loop;bearing_angle;geometry,"规划一个闭合五边形并循环执行，①②、②③、③④、④⑤、①⑤边 的边长为a,∠②=∠①为90°，航线相对地面高度为b,水平速度为c，垂直 速度为d,转弯模式为停止转弯，各点停留时间为e；",90,°;度,①;②;②;③;③;④;④;⑤;①;⑤;②;①,,90°,,,,
gcond_17fc651955f0,gcond_17fc651955f0,gctpl_2bc8221e4589,gsec_e4e48ce31b53,qbank_7f9e06c80aa9,实操题库_地面站考试条件_2026H1_航向相同相反题型.txt_14,2026H1,2026H1,航向相同相反题型,2026-04-10,湖北04考场,航向相同相反题型-考试条件提取.docx,15,2,2,(二),coordinate;speed_height,"a值为50米，b值为50米，c值为3m/s,d值为2m/s,e值为 10s。",50;50;3;2;10,m/s;s;米,,,,3m/s;2m/s,,,
gcond_eab736f4414a,gcond_eab736f4414a,gctpl_9211243ec7d5,gsec_e4e48ce31b53,qbank_7f9e06c80aa9,实操题库_地面站考试条件_2026H1_航向相同相反题型.txt_14,2026H1,2026H1,航向相同相反题型,2026-04-10,湖北04考场,航向相同相反题型-考试条件提取.docx,15,3,3,一：,coordinate;takeoff_return,起飞点经纬度： 3 N:28°09'30” E:115°06'12”,3;28;09;30;115;06;12,°;度,起飞点;3,N:28°09'30”;E:115°06'12”,28°;115°,,,,
gcond_bdcd8af51ac1,gcond_bdcd8af51ac1,gctpl_1a8a42e1b1a1,gsec_e4e48ce31b53,qbank_7f9e06c80aa9,实操题库_地面站考试条件_2026H1_航向相同相反题型.txt_14,2026H1,2026H1,航向相同相反题型,2026-04-10,湖北04考场,航向相同相反题型-考试条件提取.docx,15,4,4,二：,bearing_angle;geometry;takeoff_return,起飞点到任务航线 1点的距离是200米。 起飞点到1点和4点到3点 航向相同。,1;200;1;4;3,米,起飞点;起飞点,,,,200米,200米,
gcond_7ad4c86c8ffa,gcond_7ad4c86c8ffa,gctpl_85b7a187c2f1,gsec_e4e48ce31b53,qbank_7f9e06c80aa9,实操题库_地面站考试条件_2026H1_航向相同相反题型.txt_14,2026H1,2026H1,航向相同相反题型,2026-04-10,湖北04考场,航向相同相反题型-考试条件提取.docx,15,5,5,三：,other,3号点位于4号点 西偏南15°,3;4;15,°,,,15°,,,,
gcond_9e10b91ff0fb,gcond_9e10b91ff0fb,gctpl_27efa74f99ab,gsec_944ec91c46b9,qbank_7f9e06c80aa9,实操题库_地面站考试条件_2026H1_航向相同相反题型.txt_15,2026H1,2026H1,航向相同相反题型,2026-04-12,山东05考场,航向相同相反题型-考试条件提取.docx,16,1,1,(一),coordinate;speed_height;turn_hold_loop;bearing_angle,"与 的相对方位由委任代表根据 现场环境等情况进行决定。规划扫描航线要求不闭合不循环，航线长 度为a,航线间隔为b,航线相对地面高度为c,水平速度为d,垂 直速度为e,转弯方式为停止转弯，停留时间2s；",2,s;度,,,,,,,
gcond_1ecaeb3dc81d,gcond_1ecaeb3dc81d,gctpl_4170c72dd491,gsec_944ec91c46b9,qbank_7f9e06c80aa9,实操题库_地面站考试条件_2026H1_航向相同相反题型.txt_15,2026H1,2026H1,航向相同相反题型,2026-04-12,山东05考场,航向相同相反题型-考试条件提取.docx,16,2,2,(二),coordinate;speed_height,"a值为300米，b值为100米，c值为300m,d值为3m/s, e值为2m/s",300;100;300;3;2,m;m/s;米,,,,3m/s;2m/s,,,
gcond_f5ee57d3a461,gcond_f5ee57d3a461,gctpl_adbd99e0ff38,gsec_944ec91c46b9,qbank_7f9e06c80aa9,实操题库_地面站考试条件_2026H1_航向相同相反题型.txt_15,2026H1,2026H1,航向相同相反题型,2026-04-12,山东05考场,航向相同相反题型-考试条件提取.docx,16,3,3,1、,coordinate;takeoff_return,"起飞点经纬度： 10 9 N:26°46′12” E:125°11'10""",10;9;26;46;12;125;11;10,°;度,起飞点;9,"N:26°46′12”;E:125°11'10""",26°;125°,,,,
gcond_874a50ef5ced,gcond_874a50ef5ced,gctpl_e05d77b71e2b,gsec_944ec91c46b9,qbank_7f9e06c80aa9,实操题库_地面站考试条件_2026H1_航向相同相反题型.txt_15,2026H1,2026H1,航向相同相反题型,2026-04-12,山东05考场,航向相同相反题型-考试条件提取.docx,16,4,4,2、,bearing_angle;takeoff_return,起飞点到任务航 线3点的距离是200 米。 起飞点-2和6点-7 点航向相同。,3;200;2;6;7,米,起飞点;起飞点;7,,,,,200 米,
gcond_701fadf39d80,gcond_701fadf39d80,gctpl_ce53a3a4200a,gsec_944ec91c46b9,qbank_7f9e06c80aa9,实操题库_地面站考试条件_2026H1_航向相同相反题型.txt_15,2026H1,2026H1,航向相同相反题型,2026-04-12,山东05考场,航向相同相反题型-考试条件提取.docx,16,5,5,3、,coordinate;bearing_angle,3号点位于起飞 点NE方位。,3,,,,,,,,
gcond_a1b034d32bb6,gcond_a1b034d32bb6,gctpl_dca392bd5fae,gsec_b79464f4c8eb,qbank_7f9e06c80aa9,实操题库_地面站考试条件_2026H1_航向相同相反题型.txt_16,2026H1,2026H1,航向相同相反题型,2026-04-12,山东05考场,航向相同相反题型-考试条件提取.docx,17,1,1,(一),coordinate;speed_height;turn_hold_loop;bearing_angle;geometry,"与 的相对方位由委任代表根据现场环境等 情况进行决定。规划一个五边形并循环执行，①②边及②③边的边长为a, ∠②=∠④=∠①为90°，航线相对地面高度为b,水平速度为c,垂直速度为d, 转弯模式为停止转弯，各点停留时间为e;",90,°;度,①;②;②;③;②;④;①,,90°,,,,
gcond_b76d398b3d89,gcond_b76d398b3d89,gctpl_9cb928ca6e6c,gsec_b79464f4c8eb,qbank_7f9e06c80aa9,实操题库_地面站考试条件_2026H1_航向相同相反题型.txt_16,2026H1,2026H1,航向相同相反题型,2026-04-12,山东05考场,航向相同相反题型-考试条件提取.docx,17,2,2,(二),coordinate;speed_height,"a值建议为50米，b值建议为50米，c值建议为3m/s,d值建议 为2m/s,e值建议为10s。",50;50;3;2;10,m/s;s;米,,,,3m/s;2m/s,,,
gcond_799767a1656c,gcond_799767a1656c,gctpl_e82d4b8ad490,gsec_b79464f4c8eb,qbank_7f9e06c80aa9,实操题库_地面站考试条件_2026H1_航向相同相反题型.txt_16,2026H1,2026H1,航向相同相反题型,2026-04-12,山东05考场,航向相同相反题型-考试条件提取.docx,17,3,3,1、,coordinate;takeoff_return,起飞点经纬度： N:22°31'16” E:126°13′16”,22;31;16;126;13;16,°;度,起飞点,N:22°31'16”;E:126°13′16”,22°;126°,,,,
gcond_658ef5c2262a,gcond_658ef5c2262a,gctpl_dfb5274e8421,gsec_b79464f4c8eb,qbank_7f9e06c80aa9,实操题库_地面站考试条件_2026H1_航向相同相反题型.txt_16,2026H1,2026H1,航向相同相反题型,2026-04-12,山东05考场,航向相同相反题型-考试条件提取.docx,17,4,4,2、,bearing_angle;geometry;takeoff_return,起飞点到任务航线2 点的距离是100米。 起飞点到2点和1点到2 点航向相反。,2;100;2;1;2,米,起飞点;起飞点,,,,100米,100米,
gcond_862c0427d033,gcond_862c0427d033,gctpl_d0086de47134,gsec_b79464f4c8eb,qbank_7f9e06c80aa9,实操题库_地面站考试条件_2026H1_航向相同相反题型.txt_16,2026H1,2026H1,航向相同相反题型,2026-04-12,山东05考场,航向相同相反题型-考试条件提取.docx,17,5,5,3、,bearing_angle;takeoff_return,1号点位于起飞点 SW方位,1,S,起飞点,,,,,,
gcond_a6e60f9f11e1,gcond_a6e60f9f11e1,gctpl_dca392bd5fae,gsec_c70877038fbc,qbank_7f9e06c80aa9,实操题库_地面站考试条件_2026H1_航向相同相反题型.txt_17,2026H1,2026H1,航向相同相反题型,2026-03-19,北京01考场,航向相同相反题型-考试条件提取.docx,18,1,1,(一),coordinate;speed_height;turn_hold_loop;bearing_angle;geometry,"与 的相对方位由委任代表根据现场环境等 情况进行决定。规划一个五边形并循环执行，①②边及②③边的边长为a, ∠②=∠④=∠①为90°，航线相对地面高度为b,水平速度为c，垂直速度为d, 转弯模式为停止转弯，各点停留时间为e;",90,°;度,①;②;②;③;②;④;①,,90°,,,,
gcond_1eb6df4a128c,gcond_1eb6df4a128c,gctpl_9cb928ca6e6c,gsec_c70877038fbc,qbank_7f9e06c80aa9,实操题库_地面站考试条件_2026H1_航向相同相反题型.txt_17,2026H1,2026H1,航向相同相反题型,2026-03-19,北京01考场,航向相同相反题型-考试条件提取.docx,18,2,2,(二),coordinate;speed_height,"a值建议为50米，b值建议为50米，c值建议为3m/s,d值建议 为2m/s,e值建议为10s。",50;50;3;2;10,m/s;s;米,,,,3m/s;2m/s,,,
gcond_bc18c5146203,gcond_bc18c5146203,gctpl_7d0497f2ac37,gsec_c70877038fbc,qbank_7f9e06c80aa9,实操题库_地面站考试条件_2026H1_航向相同相反题型.txt_17,2026H1,2026H1,航向相同相反题型,2026-03-19,北京01考场,航向相同相反题型-考试条件提取.docx,18,3,3,1、,coordinate;takeoff_return,起飞点经纬度： N:27°46'19” E:123°12′17”,27;46;19;123;12;17,°;度,起飞点,N:27°46'19”;E:123°12′17”,27°;123°,,,,
gcond_4235e76658f3,gcond_4235e76658f3,gctpl_01a470e67117,gsec_c70877038fbc,qbank_7f9e06c80aa9,实操题库_地面站考试条件_2026H1_航向相同相反题型.txt_17,2026H1,2026H1,航向相同相反题型,2026-03-19,北京01考场,航向相同相反题型-考试条件提取.docx,18,4,4,2、,geometry;takeoff_return,起飞点到任务航线2 点的距离是100米。 起飞点-2点和1点-2点航 向相反。,2;100;2;1;2,米,起飞点;起飞点,,,,100米,100米,
gcond_421886774c22,gcond_421886774c22,gctpl_cdfefaaad2f4,gsec_c70877038fbc,qbank_7f9e06c80aa9,实操题库_地面站考试条件_2026H1_航向相同相反题型.txt_17,2026H1,2026H1,航向相同相反题型,2026-03-19,北京01考场,航向相同相反题型-考试条件提取.docx,18,5,5,3、,coordinate;bearing_angle;takeoff_return,1号点位于起飞点SE 方位。,1,S,起飞点,,,,,,
gcond_3a0081bab796,gcond_3a0081bab796,gctpl_fec5a1049e15,gsec_7d7596f120c5,qbank_7f9e06c80aa9,实操题库_地面站考试条件_2026H1_航向相同相反题型.txt_18,2026H1,2026H1,航向相同相反题型,2026-03-23,江西02考场,航向相同相反题型-考试条件提取.docx,19,1,1,(一),coordinate;speed_height;turn_hold_loop,"规划扫描航线要求不闭合不循环，航线长度为a,航线间 隔为b,航线相对地面高度为c,水平速度为d,垂直速度为e,转弯 模式为停止转弯，各点停留时间为f;",,度,,,,,,,
gcond_b479bfad7fc6,gcond_b479bfad7fc6,gctpl_889f71640972,gsec_7d7596f120c5,qbank_7f9e06c80aa9,实操题库_地面站考试条件_2026H1_航向相同相反题型.txt_18,2026H1,2026H1,航向相同相反题型,2026-03-23,江西02考场,航向相同相反题型-考试条件提取.docx,19,2,2,(二),coordinate;speed_height,"a值为350米，b值为150米，c值为300m,d值为5m/s, e值为2m/s,f值为10s。",350;150;300;5;2;10,m;m/s;s;米,,,,5m/s;2m/s,,,
gcond_6aeedfb81f9b,gcond_6aeedfb81f9b,gctpl_7b1541b12643,gsec_7d7596f120c5,qbank_7f9e06c80aa9,实操题库_地面站考试条件_2026H1_航向相同相反题型.txt_18,2026H1,2026H1,航向相同相反题型,2026-03-23,江西02考场,航向相同相反题型-考试条件提取.docx,19,3,3,一：,coordinate;takeoff_return,起飞点经纬度： N:28°39′30” E:115°56′32”,28;39;30;115;56;32,°;度,起飞点,N:28°39′30”;E:115°56′32”,28°;115°,,,,
gcond_8328ee08fdd3,gcond_8328ee08fdd3,gctpl_e9ddf4c11e3e,gsec_7d7596f120c5,qbank_7f9e06c80aa9,实操题库_地面站考试条件_2026H1_航向相同相反题型.txt_18,2026H1,2026H1,航向相同相反题型,2026-03-23,江西02考场,航向相同相反题型-考试条件提取.docx,19,4,4,二：,bearing_angle;takeoff_return,起飞点到任务 航线2点的距离是 5 100米。 起飞点-2和2点-3点 航向相同。,2;5;100;2;2;3,米,起飞点;5;起飞点,,,,100米,100米,
gcond_89590e1663d1,gcond_89590e1663d1,gctpl_ae43eff6c5b8,gsec_7d7596f120c5,qbank_7f9e06c80aa9,实操题库_地面站考试条件_2026H1_航向相同相反题型.txt_18,2026H1,2026H1,航向相同相反题型,2026-03-23,江西02考场,航向相同相反题型-考试条件提取.docx,19,5,5,三：,other,3号点位于起飞 点西偏北15°,3;15,°,,,15°,,,,
gcond_c96d4193fde3,gcond_c96d4193fde3,gctpl_078eb3b73eee,gsec_1c6a9280f016,qbank_7f9e06c80aa9,实操题库_地面站考试条件_2026H1_航向相同相反题型.txt_19,2026H1,2026H1,航向相同相反题型,2026-03-23,江西02考场,航向相同相反题型-考试条件提取.docx,20,1,1,(一),coordinate;speed_height;turn_hold_loop;bearing_angle;geometry,"规划一个闭合五边形并循环执行，①②、②③、③④、④⑤、①⑤边 的边长为a，∠②=∠①为90°，航线相对地面高度为b,水平速度为c，垂直 速度为d,转弯模式为停止转弯，各点停留时间为e;",90,°;度,①;②;②;③;③;④;④;⑤;①;⑤;②;①,,90°,,,,
gcond_6712bf40b67b,gcond_6712bf40b67b,gctpl_2bc8221e4589,gsec_1c6a9280f016,qbank_7f9e06c80aa9,实操题库_地面站考试条件_2026H1_航向相同相反题型.txt_19,2026H1,2026H1,航向相同相反题型,2026-03-23,江西02考场,航向相同相反题型-考试条件提取.docx,20,2,2,(二),coordinate;speed_height,"a值为50米，b值为50米，c值为3m/s,d值为2m/s,e值为 10s。",50;50;3;2;10,m/s;s;米,,,,3m/s;2m/s,,,
gcond_5099deedad22,gcond_5099deedad22,gctpl_e4432da73819,gsec_1c6a9280f016,qbank_7f9e06c80aa9,实操题库_地面站考试条件_2026H1_航向相同相反题型.txt_19,2026H1,2026H1,航向相同相反题型,2026-03-23,江西02考场,航向相同相反题型-考试条件提取.docx,20,3,3,一：,coordinate;takeoff_return,"起飞点经纬度： N:28°30'32"" E:115°06'32”",28;30;32;115;06;32,°;度,起飞点,"N:28°30'32"";E:115°06'32”",28°;115°,,,,
gcond_9eac60f239fb,gcond_9eac60f239fb,gctpl_93e432d34b60,gsec_1c6a9280f016,qbank_7f9e06c80aa9,实操题库_地面站考试条件_2026H1_航向相同相反题型.txt_19,2026H1,2026H1,航向相同相反题型,2026-03-23,江西02考场,航向相同相反题型-考试条件提取.docx,20,4,4,二：,geometry;takeoff_return,起飞点到任务航线 1点的距离是100米。 起飞点-1点和4点-5点航 向相同。,1;100;1;4;5,米,起飞点;起飞点,,,,100米,100米,
gcond_f9bc0b658a28,gcond_f9bc0b658a28,gctpl_416b0b072fca,gsec_1c6a9280f016,qbank_7f9e06c80aa9,实操题库_地面站考试条件_2026H1_航向相同相反题型.txt_19,2026H1,2026H1,航向相同相反题型,2026-03-23,江西02考场,航向相同相反题型-考试条件提取.docx,20,5,5,三：,takeoff_return,1号点位于起飞点 南偏东25°,1;25,°,起飞点,,25°,,,,
gcond_fc32ca2c2af5,gcond_fc32ca2c2af5,gctpl_b4e7457d8939,gsec_0df8e29ba10c,qbank_7f9e06c80aa9,实操题库_地面站考试条件_2026H1_航向相同相反题型.txt_20,2026H1,2026H1,航向相同相反题型,2026-03-23,江西02考场,航向相同相反题型-考试条件提取.docx,21,1,1,(一),coordinate;speed_height;turn_hold_loop;bearing_angle;geometry,"按图规划一个闭合四边形并循环执行，①②边、②③边边 长为a,③④边边长为b,∠②=∠③=90°航线相对地面高度为c, 水平速度为d，垂直速度为e,转弯模式为停止转弯，停留时间5s；",90;5,s;°;度,①;②;②;③;③;④;②;③,,90°,,,,
gcond_dd0fa86ef2e5,gcond_dd0fa86ef2e5,gctpl_b4df299d127e,gsec_0df8e29ba10c,qbank_7f9e06c80aa9,实操题库_地面站考试条件_2026H1_航向相同相反题型.txt_20,2026H1,2026H1,航向相同相反题型,2026-03-23,江西02考场,航向相同相反题型-考试条件提取.docx,21,2,2,(二),coordinate;speed_height,"a值为200米，b值为300米，c值为300m,d值为 3m/s,e值为2m/s。 后可川生。 十 比吉在身。",200;300;300;3;2,m;m/s;米,,,,3m/s;2m/s,,,
gcond_dfdf90dcc77d,gcond_dfdf90dcc77d,gctpl_a1379cafbbdd,gsec_0df8e29ba10c,qbank_7f9e06c80aa9,实操题库_地面站考试条件_2026H1_航向相同相反题型.txt_20,2026H1,2026H1,航向相同相反题型,2026-03-23,江西02考场,航向相同相反题型-考试条件提取.docx,21,3,3,一：,coordinate;takeoff_return,"起飞点经纬度： N:28°39′30"" E:115°56'32”",28;39;30;115;56;32,°;度,起飞点,"N:28°39′30"";E:115°56'32”",28°;115°,,,,
gcond_f00c24687bba,gcond_f00c24687bba,gctpl_151301f8b70a,gsec_0df8e29ba10c,qbank_7f9e06c80aa9,实操题库_地面站考试条件_2026H1_航向相同相反题型.txt_20,2026H1,2026H1,航向相同相反题型,2026-03-23,江西02考场,航向相同相反题型-考试条件提取.docx,21,4,4,二：,geometry;takeoff_return,起飞点到任务航线1 点的距离是100米。 起飞点-1点和2点-3点航 向相反。,1;100;1;2;3,米,起飞点;起飞点,,,,100米,100米,
gcond_98553d61dcce,gcond_98553d61dcce,gctpl_2bb2b1cb8d7c,gsec_0df8e29ba10c,qbank_7f9e06c80aa9,实操题库_地面站考试条件_2026H1_航向相同相反题型.txt_20,2026H1,2026H1,航向相同相反题型,2026-03-23,江西02考场,航向相同相反题型-考试条件提取.docx,21,5,5,三：,takeoff_return,起飞点位于1号点 南偏西32°,1;32,°,起飞点,,32°,,,,
gcond_44e2d803375a,gcond_44e2d803375a,gctpl_fe8067fc39e7,gsec_171b7ba82c14,qbank_7f9e06c80aa9,实操题库_地面站考试条件_2026H1_航向相同相反题型.txt_21,2026H1,2026H1,航向相同相反题型,2026-03-24,黑龙江01考场,航向相同相反题型-考试条件提取.docx,22,1,1,(一),coordinate;speed_height;turn_hold_loop;bearing_angle,"与 的相对方位由委任代表根据 现场环境等情况进行决定。规划扫描航线要求不闭合不循环。航线长 度为a,航线间隔为b,航线相对地面高度为c,水平速度为d,垂 直速度为e，转弯模式为停止转弯，停留时间不作要求；",,度,,,,,,,
gcond_b4de40762e9f,gcond_b4de40762e9f,gctpl_b16ecd037ae4,gsec_171b7ba82c14,qbank_7f9e06c80aa9,实操题库_地面站考试条件_2026H1_航向相同相反题型.txt_21,2026H1,2026H1,航向相同相反题型,2026-03-24,黑龙江01考场,航向相同相反题型-考试条件提取.docx,22,2,2,(二),coordinate;speed_height,"a值为300米，b值为100米，c值为80m,d值为5m/s, e值为2m/s。",300;100;80;5;2,m;m/s;米,,,,5m/s;2m/s,,,
gcond_ec646616bf80,gcond_ec646616bf80,gctpl_d63a600f57c6,gsec_171b7ba82c14,qbank_7f9e06c80aa9,实操题库_地面站考试条件_2026H1_航向相同相反题型.txt_21,2026H1,2026H1,航向相同相反题型,2026-03-24,黑龙江01考场,航向相同相反题型-考试条件提取.docx,22,3,3,1、,coordinate;takeoff_return,"起飞点经纬度： N:43°7'24” E:125°34'4""",43;7;24;125;34;4,°;度,起飞点;7;4,"N:43°7'24”;E:125°34'4""",43°;125°,,,,
gcond_575c97d76be3,gcond_575c97d76be3,gctpl_ebf25353f7d4,gsec_171b7ba82c14,qbank_7f9e06c80aa9,实操题库_地面站考试条件_2026H1_航向相同相反题型.txt_21,2026H1,2026H1,航向相同相反题型,2026-03-24,黑龙江01考场,航向相同相反题型-考试条件提取.docx,22,4,4,2、,bearing_angle;geometry;takeoff_return,起飞点到任务航 任务航线示意图： 线2点的距离是100 米。 起飞点-2点和2点-3 点航向相同。,2;100;2;2;3,米,起飞点;起飞点;3,,,,,100 米,
gcond_e09aa66a5baf,gcond_e09aa66a5baf,gctpl_b31e5a957c74,gsec_171b7ba82c14,qbank_7f9e06c80aa9,实操题库_地面站考试条件_2026H1_航向相同相反题型.txt_21,2026H1,2026H1,航向相同相反题型,2026-03-24,黑龙江01考场,航向相同相反题型-考试条件提取.docx,22,5,5,3、,coordinate;bearing_angle,3号点位于起飞 点SE方位。,3,S,,,,,,,
gcond_c03937f1b9b3,gcond_c03937f1b9b3,gctpl_8b02a94fa7d2,gsec_469162ed4ec2,qbank_7f9e06c80aa9,实操题库_地面站考试条件_2026H1_航向相同相反题型.txt_22,2026H1,2026H1,航向相同相反题型,2026-03-25,重庆02考场,航向相同相反题型-考试条件提取.docx,23,1,1,(一),coordinate;speed_height;turn_hold_loop;bearing_angle,"与 的相对方位由委任代表根据 现场环境等情况进行决定。规划扫描航线要求不闭合不循环，航线长 度为a,航线间隔为b，航线相对地面高度为c,水平速度为d,垂 直速度为e,转弯模式为停止转弯，停留时间不作要求；",,度,,,,,,,
gcond_0887fe8ee145,gcond_0887fe8ee145,gctpl_9bc5c361fea5,gsec_469162ed4ec2,qbank_7f9e06c80aa9,实操题库_地面站考试条件_2026H1_航向相同相反题型.txt_22,2026H1,2026H1,航向相同相反题型,2026-03-25,重庆02考场,航向相同相反题型-考试条件提取.docx,23,2,2,(二),coordinate;speed_height,"a值为300米，b值为100米，c值为300m,d值为5m/s, e值为4m/s",300;100;300;5;4,m;m/s;米,,,,5m/s;4m/s,,,
gcond_64d84b9f3338,gcond_64d84b9f3338,gctpl_ea4407a9546a,gsec_469162ed4ec2,qbank_7f9e06c80aa9,实操题库_地面站考试条件_2026H1_航向相同相反题型.txt_22,2026H1,2026H1,航向相同相反题型,2026-03-25,重庆02考场,航向相同相反题型-考试条件提取.docx,23,3,3,1、,coordinate;takeoff_return,起飞点经纬度： N:36°36′52” 7 E:110°38′24”,36;36;52;7;110;38;24,°;度,起飞点;7,N:36°36′52”;E:110°38′24”,36°;110°,,,,
gcond_e3b637944698,gcond_e3b637944698,gctpl_5d1b8e9b7a4e,gsec_469162ed4ec2,qbank_7f9e06c80aa9,实操题库_地面站考试条件_2026H1_航向相同相反题型.txt_22,2026H1,2026H1,航向相同相反题型,2026-03-25,重庆02考场,航向相同相反题型-考试条件提取.docx,23,4,4,2、,bearing_angle;geometry;takeoff_return,起飞点到任务航线 2点的距离是100米。 起飞点到2点和2点到3点 1 航向相同。,2;100;2;2;3;1,米,起飞点;起飞点;1,,,,100米,100米,
gcond_ffb89fc49a97,gcond_ffb89fc49a97,gctpl_b31e5a957c74,gsec_469162ed4ec2,qbank_7f9e06c80aa9,实操题库_地面站考试条件_2026H1_航向相同相反题型.txt_22,2026H1,2026H1,航向相同相反题型,2026-03-25,重庆02考场,航向相同相反题型-考试条件提取.docx,23,5,5,3、,coordinate;bearing_angle;takeoff_return,3号点位于起飞点SE 方位。,3,S,起飞点,,,,,,
gcond_98b640c65fdd,gcond_98b640c65fdd,gctpl_68ca3d53fab8,gsec_c2754c70ce4f,qbank_7f9e06c80aa9,实操题库_地面站考试条件_2026H1_航向相同相反题型.txt_23,2026H1,2026H1,航向相同相反题型,2026-03-25,重庆02考场,航向相同相反题型-考试条件提取.docx,24,1,1,(一),coordinate;speed_height;turn_hold_loop;bearing_angle;geometry,"与 的相对方位由委任代表根据 现场环境等情况进行决定。按图规划一个四边形并循环执行，①②边 ②③边边长为a,③④边边长为b，∠②=∠③=90°航线相对地 面高度为c，水平速度为d，垂直速度为e,转弯模式为停止转弯， 停留时间8s;",90;8,s;°;度,①;②;②;③;③;④;②;③,,90°,,,,
gcond_73f99278374e,gcond_73f99278374e,gctpl_679eda2ea43b,gsec_c2754c70ce4f,qbank_7f9e06c80aa9,实操题库_地面站考试条件_2026H1_航向相同相反题型.txt_23,2026H1,2026H1,航向相同相反题型,2026-03-25,重庆02考场,航向相同相反题型-考试条件提取.docx,24,2,2,(二),coordinate;speed_height,"a值为200米，b值为300米，c值为300m,d值为 4m/s,e值为3m/s。",200;300;300;4;3,m;m/s;米,,,,4m/s;3m/s,,,
gcond_8a4aba47ba43,gcond_8a4aba47ba43,gctpl_6625ff2fd071,gsec_c2754c70ce4f,qbank_7f9e06c80aa9,实操题库_地面站考试条件_2026H1_航向相同相反题型.txt_23,2026H1,2026H1,航向相同相反题型,2026-03-25,重庆02考场,航向相同相反题型-考试条件提取.docx,24,3,3,1、,coordinate;geometry;takeoff_return,"起飞点经纬度： N:26°37′40” 任务航线示意图： E:118°55′31""",26;37;40;118;55;31,°;度,起飞点,"N:26°37′40”;E:118°55′31""",26°;118°,,,,
gcond_949bf822b631,gcond_949bf822b631,gctpl_587d1814b3aa,gsec_c2754c70ce4f,qbank_7f9e06c80aa9,实操题库_地面站考试条件_2026H1_航向相同相反题型.txt_23,2026H1,2026H1,航向相同相反题型,2026-03-25,重庆02考场,航向相同相反题型-考试条件提取.docx,24,4,4,2、,geometry;takeoff_return,起飞点到任务航线2点 的距离是100米。 起飞点1点和2点到1点航 向相同。,2;100;1;2;1,米,起飞点;起飞点,,,,100米,100米,
gcond_66360c06f9ac,gcond_66360c06f9ac,gctpl_cdfefaaad2f4,gsec_c2754c70ce4f,qbank_7f9e06c80aa9,实操题库_地面站考试条件_2026H1_航向相同相反题型.txt_23,2026H1,2026H1,航向相同相反题型,2026-03-25,重庆02考场,航向相同相反题型-考试条件提取.docx,24,5,5,3、,coordinate;bearing_angle;takeoff_return,1号点位于起飞点SE方 位。,1,S,起飞点,,,,,,
gcond_d3298574de80,gcond_d3298574de80,gctpl_a723a432c3ce,gsec_139b346556e3,qbank_7f9e06c80aa9,实操题库_地面站考试条件_2026H1_航向相同相反题型.txt_24,2026H1,2026H1,航向相同相反题型,2026-03-27,广西01考场,航向相同相反题型-考试条件提取.docx,25,1,1,(一),speed_height;turn_hold_loop;bearing_angle;geometry;takeoff_return,"与 的相对方位由委任代表根据 现场环境等情况进行决定。于起飞点前规划一个等边三角形并循环执 行，边长为a，航线相对地面高度为b，水平速度为c,垂直速度为 d,转弯方式为停止转弯，停留时间5s；",5,s;度,起飞点,,,,,,
gcond_3a8b3a9d6ee8,gcond_3a8b3a9d6ee8,gctpl_80f14f31a725,gsec_139b346556e3,qbank_7f9e06c80aa9,实操题库_地面站考试条件_2026H1_航向相同相反题型.txt_24,2026H1,2026H1,航向相同相反题型,2026-03-27,广西01考场,航向相同相反题型-考试条件提取.docx,25,2,2,(二),speed_height;bearing_angle,"a值建议为50米，b值建议为50米，c值建议为3m/s, d值为2m/s。(航线方位及各数值可由委任代表按实际情况进行调整， 考题以委任代表规定数值为准)",50;50;3;2,m/s;米,,,,3m/s;2m/s,,,
gcond_f5304b44c75a,gcond_f5304b44c75a,gctpl_7b1541b12643,gsec_139b346556e3,qbank_7f9e06c80aa9,实操题库_地面站考试条件_2026H1_航向相同相反题型.txt_24,2026H1,2026H1,航向相同相反题型,2026-03-27,广西01考场,航向相同相反题型-考试条件提取.docx,25,3,3,一：,coordinate;takeoff_return,起飞点经纬度： N:28°39′30” E:115°56′32”,28;39;30;115;56;32,°;度,起飞点,N:28°39′30”;E:115°56′32”,28°;115°,,,,
gcond_338935ebda75,gcond_338935ebda75,gctpl_27f320c7e0b4,gsec_139b346556e3,qbank_7f9e06c80aa9,实操题库_地面站考试条件_2026H1_航向相同相反题型.txt_24,2026H1,2026H1,航向相同相反题型,2026-03-27,广西01考场,航向相同相反题型-考试条件提取.docx,25,4,4,二：,bearing_angle;takeoff_return,本场风向：西北风， 起飞点到①点航向为逆 风，起飞点距离①点120 米。,120,米,起飞点;①;起飞点;①,,,,,120 米,
gcond_bdf7a16e1d27,gcond_bdf7a16e1d27,gctpl_28bde3fde6f9,gsec_139b346556e3,qbank_7f9e06c80aa9,实操题库_地面站考试条件_2026H1_航向相同相反题型.txt_24,2026H1,2026H1,航向相同相反题型,2026-03-27,广西01考场,航向相同相反题型-考试条件提取.docx,25,5,5,三：,bearing_angle,②→③的航向和起飞 点到①点的航向相同。,,,②;③;①,,,,,,
gcond_44ffb339dffe,gcond_44ffb339dffe,gctpl_9d72f0b410a1,gsec_055f9ff14e17,qbank_7f9e06c80aa9,实操题库_地面站考试条件_2026H1_航向相同相反题型.txt_25,2026H1,2026H1,航向相同相反题型,2026-03-27,广西01考场,航向相同相反题型-考试条件提取.docx,26,1,1,(一),speed_height;turn_hold_loop;bearing_angle;geometry,"与 的相对方位由委任代表根据 现场环境等情况进行决定。于起飞前规划一个等腰直角三角形并 循环执行，①②边长为a1,①③边长为a2,∠①为直角，航线相对 地面高度b，水平速度为c，垂直速度为d，转弯方式为停止转弯， 停留时间不要求；",1;2,度,①;②;①;③;①,,,,,,
gcond_b6025ce5aa68,gcond_b6025ce5aa68,gctpl_167159c678a0,gsec_055f9ff14e17,qbank_7f9e06c80aa9,实操题库_地面站考试条件_2026H1_航向相同相反题型.txt_25,2026H1,2026H1,航向相同相反题型,2026-03-27,广西01考场,航向相同相反题型-考试条件提取.docx,26,2,2,(二),speed_height;bearing_angle,"a1、a2值建议为30米，b值建议为30米，c值建议 为3m/s,d值建议为1m/s。(航线方位及各数值可由委任代表按实 际情况进行调整，考题以委任代表规定数值为准)",1;2;30;30;3;1,m/s;米,,,,3m/s;1m/s,,,
gcond_795b638752fa,gcond_795b638752fa,gctpl_a1379cafbbdd,gsec_055f9ff14e17,qbank_7f9e06c80aa9,实操题库_地面站考试条件_2026H1_航向相同相反题型.txt_25,2026H1,2026H1,航向相同相反题型,2026-03-27,广西01考场,航向相同相反题型-考试条件提取.docx,26,3,3,一：,coordinate;takeoff_return,"起飞点经纬度： N:28°39′30"" E:115°56'32”",28;39;30;115;56;32,°;度,起飞点,"N:28°39′30"";E:115°56'32”",28°;115°,,,,
gcond_756b9a4b19c9,gcond_756b9a4b19c9,gctpl_27f320c7e0b4,gsec_055f9ff14e17,qbank_7f9e06c80aa9,实操题库_地面站考试条件_2026H1_航向相同相反题型.txt_25,2026H1,2026H1,航向相同相反题型,2026-03-27,广西01考场,航向相同相反题型-考试条件提取.docx,26,4,4,二：,bearing_angle;takeoff_return,本场风向：西北风， 起飞点到①点航向为逆 风，起飞点距离①点120 米。,120,米,起飞点;①;起飞点;①,,,,,120 米,
gcond_027ef8a0f012,gcond_027ef8a0f012,gctpl_28bde3fde6f9,gsec_055f9ff14e17,qbank_7f9e06c80aa9,实操题库_地面站考试条件_2026H1_航向相同相反题型.txt_25,2026H1,2026H1,航向相同相反题型,2026-03-27,广西01考场,航向相同相反题型-考试条件提取.docx,26,5,5,三：,bearing_angle,②→③的航向和起飞 点到①点的航向相同。,,,②;③;①,,,,,,
gcond_7c97a84b64e2,gcond_7c97a84b64e2,gctpl_9322e71b378d,gsec_22e8afac8554,qbank_7f9e06c80aa9,实操题库_地面站考试条件_2026H1_航向相同相反题型.txt_26,2026H1,2026H1,航向相同相反题型,2026-03-27,贵州01考场,航向相同相反题型-考试条件提取.docx,27,1,1,(一),speed_height;turn_hold_loop;bearing_angle;geometry,"与 的相对方位由委任代表根据现场环境 等情况进行决定。规划一个等腰直角三角形并循环执行，①②边长为a1，①③ 边长为a2,∠①为直角，航线相对地面高度b,水平速度为c,垂直速度为d, 转弯方式为停止转弯，停留时间5$。",1;2;5,度,①;②;①;③;①,,,,,,
gcond_2841390f6c15,gcond_2841390f6c15,gctpl_95026e165c32,gsec_22e8afac8554,qbank_7f9e06c80aa9,实操题库_地面站考试条件_2026H1_航向相同相反题型.txt_26,2026H1,2026H1,航向相同相反题型,2026-03-27,贵州01考场,航向相同相反题型-考试条件提取.docx,27,2,2,(二),speed_height,a1、a2值为50米，b值为50米，c值为3m/s。d值为2m/s。,1;2;50;50;3;2,m/s;米,,,,3m/s;2m/s,,,
gcond_f5023a7b4a2b,gcond_f5023a7b4a2b,gctpl_e71ab1a7326b,gsec_22e8afac8554,qbank_7f9e06c80aa9,实操题库_地面站考试条件_2026H1_航向相同相反题型.txt_26,2026H1,2026H1,航向相同相反题型,2026-03-27,贵州01考场,航向相同相反题型-考试条件提取.docx,27,3,3,1、,coordinate;geometry;takeoff_return,"起飞点经纬度： N:28°39'30” 任务航线示意图： E:115°56′32""",28;39;30;115;56;32,°;度,起飞点,"N:28°39'30”;E:115°56′32""",28°;115°,,,,
gcond_2e388b05e352,gcond_2e388b05e352,gctpl_0e32faa7fa35,gsec_22e8afac8554,qbank_7f9e06c80aa9,实操题库_地面站考试条件_2026H1_航向相同相反题型.txt_26,2026H1,2026H1,航向相同相反题型,2026-03-27,贵州01考场,航向相同相反题型-考试条件提取.docx,27,4,4,2、,other,当地风向：西北风 H-1逆风飞行，H距离1 点120米。,1;1;120,米,,,,,,120米,
gcond_c8095fc052a1,gcond_c8095fc052a1,gctpl_91018c233401,gsec_22e8afac8554,qbank_7f9e06c80aa9,实操题库_地面站考试条件_2026H1_航向相同相反题型.txt_26,2026H1,2026H1,航向相同相反题型,2026-03-27,贵州01考场,航向相同相反题型-考试条件提取.docx,27,5,5,3、,bearing_angle,2-3的航向和H-1的航 向相反。,2;3;1,,2,,,,,,
gcond_8498e942d5b5,gcond_8498e942d5b5,gctpl_3139d832addf,gsec_9810902d29c0,qbank_7f9e06c80aa9,实操题库_地面站考试条件_2026H1_航向相同相反题型.txt_27,2026H1,2026H1,航向相同相反题型,2026-03-27,浙江01考场,航向相同相反题型-考试条件提取.docx,28,1,1,(一),speed_height;turn_hold_loop;bearing_angle;geometry,"与 的相对方位由委任代表根据现场环境 等情况进行决定。规划一个闭合等边三角形并循环执行，边长为a,所有航线 相对地面高度为b，水平速度为c,垂直速度为d，转弯方式为停止转弯，停 留时间5s;",5,s;度,,,,,,,
gcond_3b0f20cd63b7,gcond_3b0f20cd63b7,gctpl_401b1e1c6d37,gsec_9810902d29c0,qbank_7f9e06c80aa9,实操题库_地面站考试条件_2026H1_航向相同相反题型.txt_27,2026H1,2026H1,航向相同相反题型,2026-03-27,浙江01考场,航向相同相反题型-考试条件提取.docx,28,2,2,(二),speed_height,"a值为50米，b值为50米，c值为3m/s,d值为2m/s。",50;50;3;2,m/s;米,,,,3m/s;2m/s,,,
gcond_6396e2d86ef1,gcond_6396e2d86ef1,gctpl_e3933a5ede0b,gsec_9810902d29c0,qbank_7f9e06c80aa9,实操题库_地面站考试条件_2026H1_航向相同相反题型.txt_27,2026H1,2026H1,航向相同相反题型,2026-03-27,浙江01考场,航向相同相反题型-考试条件提取.docx,28,3,3,一：,coordinate;takeoff_return,"起飞点经纬度： E:119°59′59"" N:30°11'49""",119;59;59;30;11;49,°;度,起飞点,"E:119°59′59"";N:30°11'49""",119°;30°,,,,
gcond_d0a4f0f4f83b,gcond_d0a4f0f4f83b,gctpl_3d990f724db3,gsec_9810902d29c0,qbank_7f9e06c80aa9,实操题库_地面站考试条件_2026H1_航向相同相反题型.txt_27,2026H1,2026H1,航向相同相反题型,2026-03-27,浙江01考场,航向相同相反题型-考试条件提取.docx,28,4,4,二：,other,本场风向：西北风， H到①点逆风， H距离②点120米。,120,米,①;②,,,,,120米,
gcond_7d0fbfcddbba,gcond_7d0fbfcddbba,gctpl_43fcd4b47b5d,gsec_9810902d29c0,qbank_7f9e06c80aa9,实操题库_地面站考试条件_2026H1_航向相同相反题型.txt_27,2026H1,2026H1,航向相同相反题型,2026-03-27,浙江01考场,航向相同相反题型-考试条件提取.docx,28,5,5,三：,bearing_angle,H-②的航向和②-①的 航向相反。,,,②;②;①,,,,,,
gcond_4bf37c72905f,gcond_4bf37c72905f,gctpl_c5af63cf46bd,gsec_e82c1c09fc9b,qbank_7f9e06c80aa9,实操题库_地面站考试条件_2026H1_航向相同相反题型.txt_28,2026H1,2026H1,航向相同相反题型,2026-03-27,浙江01考场,航向相同相反题型-考试条件提取.docx,29,1,1,(一),speed_height;turn_hold_loop;bearing_angle;geometry,"与 的相对方位由委任代表根据现场环境 等情况进行决定。规划一个闭合等腰直角三角形并循环执行，①②边长为al, ①③边长为a2,∠①为直角，航线相对地面高度b，水平速度为c,垂直速 度为d，转弯方式为停止转弯，停留时间5S;",2;5,S;度,①;②;①;③;①,,,,,,
gcond_0e1cb55098f0,gcond_0e1cb55098f0,gctpl_95026e165c32,gsec_e82c1c09fc9b,qbank_7f9e06c80aa9,实操题库_地面站考试条件_2026H1_航向相同相反题型.txt_28,2026H1,2026H1,航向相同相反题型,2026-03-27,浙江01考场,航向相同相反题型-考试条件提取.docx,29,2,2,(二),speed_height,a1、a2值为50米，b值为50米，c值为3m/s。d值为2m/s。,1;2;50;50;3;2,m/s;米,,,,3m/s;2m/s,,,
gcond_93fd0aa12f23,gcond_93fd0aa12f23,gctpl_02e8fd64fa36,gsec_e82c1c09fc9b,qbank_7f9e06c80aa9,实操题库_地面站考试条件_2026H1_航向相同相反题型.txt_28,2026H1,2026H1,航向相同相反题型,2026-03-27,浙江01考场,航向相同相反题型-考试条件提取.docx,29,3,3,一：,coordinate;takeoff_return,"起飞点经纬度： E:119°59'59"" N:30°11'49”",119;59;59;30;11;49,°;度,起飞点,"E:119°59'59"";N:30°11'49”",119°;30°,,,,
gcond_40317bbd0457,gcond_40317bbd0457,gctpl_3d990f724db3,gsec_e82c1c09fc9b,qbank_7f9e06c80aa9,实操题库_地面站考试条件_2026H1_航向相同相反题型.txt_28,2026H1,2026H1,航向相同相反题型,2026-03-27,浙江01考场,航向相同相反题型-考试条件提取.docx,29,4,4,二：,other,本场风向：西北风， H到①点逆风， H距离②点120米。,120,米,①;②,,,,,120米,
gcond_7eb2da6d685f,gcond_7eb2da6d685f,gctpl_43fcd4b47b5d,gsec_e82c1c09fc9b,qbank_7f9e06c80aa9,实操题库_地面站考试条件_2026H1_航向相同相反题型.txt_28,2026H1,2026H1,航向相同相反题型,2026-03-27,浙江01考场,航向相同相反题型-考试条件提取.docx,29,5,5,三：,bearing_angle,H-②的航向和②-①的 航向相反。,,,②;②;①,,,,,,
gcond_d412ec3df251,gcond_d412ec3df251,gctpl_fe8067fc39e7,gsec_12c00725c299,qbank_7f9e06c80aa9,实操题库_地面站考试条件_2026H1_航向相同相反题型.txt_29,2026H1,2026H1,航向相同相反题型,2026-03-27,浙江01考场,航向相同相反题型-考试条件提取.docx,30,1,1,(一),coordinate;speed_height;turn_hold_loop;bearing_angle,"与 的相对方位由委任代表根据 现场环境等情况进行决定。规划扫描航线要求不闭合不循环。航线长 度为a,航线间隔为b,航线相对地面高度为c,水平速度为d,垂 直速度为e，转弯模式为停止转弯，停留时间不作要求；",,度,,,,,,,
gcond_066cf2f35240,gcond_066cf2f35240,gctpl_eb14ee22a11e,gsec_12c00725c299,qbank_7f9e06c80aa9,实操题库_地面站考试条件_2026H1_航向相同相反题型.txt_29,2026H1,2026H1,航向相同相反题型,2026-03-27,浙江01考场,航向相同相反题型-考试条件提取.docx,30,2,2,(二),coordinate;speed_height,"a值为300米，b值为100米，c值为300m,d值为3m/s, e值为2m/s。",300;100;300;3;2,m;m/s;米,,,,3m/s;2m/s,,,
gcond_e048cdbcd1d9,gcond_e048cdbcd1d9,gctpl_9e75c473404b,gsec_12c00725c299,qbank_7f9e06c80aa9,实操题库_地面站考试条件_2026H1_航向相同相反题型.txt_29,2026H1,2026H1,航向相同相反题型,2026-03-27,浙江01考场,航向相同相反题型-考试条件提取.docx,30,3,3,一：,coordinate;takeoff_return,"起飞点经纬度： 9 E:114°59′59"" N:30°11'49”",9;114;59;59;30;11;49,°;度,起飞点;9,"E:114°59′59"";N:30°11'49”",114°;30°,,,,
gcond_81d4b0c0dee1,gcond_81d4b0c0dee1,gctpl_169fb97a6874,gsec_12c00725c299,qbank_7f9e06c80aa9,实操题库_地面站考试条件_2026H1_航向相同相反题型.txt_29,2026H1,2026H1,航向相同相反题型,2026-03-27,浙江01考场,航向相同相反题型-考试条件提取.docx,30,4,4,二：,geometry,本场风向：西南风， 任务航线示意图 H到①点逆风， H距离②点120米。,120,米,①;②,,,,,120米,
gcond_32634235e2de,gcond_32634235e2de,gctpl_43fcd4b47b5d,gsec_12c00725c299,qbank_7f9e06c80aa9,实操题库_地面站考试条件_2026H1_航向相同相反题型.txt_29,2026H1,2026H1,航向相同相反题型,2026-03-27,浙江01考场,航向相同相反题型-考试条件提取.docx,30,5,5,三：,bearing_angle,H-②的航向和②-①的 航向相反。,,,②;②;①,,,,,,
gcond_5c2e116c58eb,gcond_5c2e116c58eb,gctpl_d027b19ac2a4,gsec_75268d887784,qbank_7f9e06c80aa9,实操题库_地面站考试条件_2026H1_航向相同相反题型.txt_30,2026H1,2026H1,航向相同相反题型,2026-03-28,福建02考场,航向相同相反题型-考试条件提取.docx,31,1,1,(一),coordinate;speed_height;turn_hold_loop;bearing_angle;geometry;takeoff_return,"与 的相对方位由委任代表根据 现场环境等情况进行决定。按图于起飞点前规划一个五边形并循环执 行，①②边及②③边的边长为a,∠②=∠④=∠①为90°，航线相 对地面高度为b，水平速度为c，转弯模式为停止转弯，各点停留 时间为e;",90,°;度,起飞点;①;②;②;③;②;④;①,,90°,,,,
gcond_949d418f0809,gcond_949d418f0809,gctpl_2dc5b9c4bd68,gsec_75268d887784,qbank_7f9e06c80aa9,实操题库_地面站考试条件_2026H1_航向相同相反题型.txt_30,2026H1,2026H1,航向相同相反题型,2026-03-28,福建02考场,航向相同相反题型-考试条件提取.docx,31,2,2,(二),coordinate;speed_height;bearing_angle,"a值为30米，b值为30米，c值为3m/s,e值 为2s。 (航线方位及各数值可由委任代表按实际情况进行调整，考 题以委任代表规定数值为准)",30;30;3;2,m/s;s;米,,,,3m/s,,,
gcond_200b26e2bc7c,gcond_200b26e2bc7c,gctpl_57b605cad871,gsec_75268d887784,qbank_7f9e06c80aa9,实操题库_地面站考试条件_2026H1_航向相同相反题型.txt_30,2026H1,2026H1,航向相同相反题型,2026-03-28,福建02考场,航向相同相反题型-考试条件提取.docx,31,3,3,1、,coordinate,"②点坐标： E:112°42'36"" N:25°12'18""",112;42;36;25;12;18,°,②,"E:112°42'36"";N:25°12'18""",112°;25°,,,,
gcond_186c4e1496a2,gcond_186c4e1496a2,gctpl_0cd60efcab52,gsec_75268d887784,qbank_7f9e06c80aa9,实操题库_地面站考试条件_2026H1_航向相同相反题型.txt_30,2026H1,2026H1,航向相同相反题型,2026-03-28,福建02考场,航向相同相反题型-考试条件提取.docx,31,4,4,2、,bearing_angle,H到①点距离50米 H-②点航向于②-①点 航向相反,50,米,①;②;②;①,,,,,50米,
gcond_563f023f22a4,gcond_563f023f22a4,gctpl_e2aa2bed87ca,gsec_75268d887784,qbank_7f9e06c80aa9,实操题库_地面站考试条件_2026H1_航向相同相反题型.txt_30,2026H1,2026H1,航向相同相反题型,2026-03-28,福建02考场,航向相同相反题型-考试条件提取.docx,31,5,5,3、,other,②点位于H西偏北30°,30,°,②,,30°,,,,
gcond_3350972d2102,gcond_3350972d2102,gctpl_94ace34b940b,gsec_0092b34a2746,qbank_7f9e06c80aa9,实操题库_地面站考试条件_2026H1_航向相同相反题型.txt_31,2026H1,2026H1,航向相同相反题型,2026-03-28,安徽01考场,航向相同相反题型-考试条件提取.docx,32,1,1,(一),speed_height;turn_hold_loop;bearing_angle;geometry,"规划一个闭合等腰直角三角形并循环执行，①②边长为a1,①③边 长为a2,∠①为直角，航线相对地面高度b,水平速度为c,垂直速度为d, 转弯方式为停止转弯，停留时间为5S；",1;2;5,S;度,①;②;①;③;①,,,,,,
gcond_ea789ec56f5f,gcond_ea789ec56f5f,gctpl_e2a389225d7c,gsec_0092b34a2746,qbank_7f9e06c80aa9,实操题库_地面站考试条件_2026H1_航向相同相反题型.txt_31,2026H1,2026H1,航向相同相反题型,2026-03-28,安徽01考场,航向相同相反题型-考试条件提取.docx,32,2,2,(二),speed_height,"a1、a2值为50米，b值为50米，c值为3m/s,d值为2m/s。",1;2;50;50;3;2,m/s;米,,,,3m/s;2m/s,,,
gcond_0530cc9bd137,gcond_0530cc9bd137,gctpl_7ead678e5e55,gsec_0092b34a2746,qbank_7f9e06c80aa9,实操题库_地面站考试条件_2026H1_航向相同相反题型.txt_31,2026H1,2026H1,航向相同相反题型,2026-03-28,安徽01考场,航向相同相反题型-考试条件提取.docx,32,3,3,二：,bearing_angle;geometry;takeoff_return,起飞点到任务航线2点 的距离是100米。 起飞点到2点和2点到3点的 航向相反,2;100;2;2;3,米,起飞点;起飞点,,,,100米,100米,
gcond_165cf939fe3d,gcond_165cf939fe3d,gctpl_9317c7ddde04,gsec_0092b34a2746,qbank_7f9e06c80aa9,实操题库_地面站考试条件_2026H1_航向相同相反题型.txt_31,2026H1,2026H1,航向相同相反题型,2026-03-28,安徽01考场,航向相同相反题型-考试条件提取.docx,32,4,4,三：,takeoff_return,2号点位于起飞点 西偏南15°,2;15,°,起飞点,,15°,,,,
gcond_b0372fb0a280,gcond_b0372fb0a280,gctpl_406af964d318,gsec_b0445e980e6a,qbank_7f9e06c80aa9,实操题库_地面站考试条件_2026H1_航向相同相反题型.txt_32,2026H1,2026H1,航向相同相反题型,2026-03-28,安徽01考场,航向相同相反题型-考试条件提取.docx,33,1,1,(一),coordinate;speed_height;turn_hold_loop;bearing_angle;geometry,"按图规划一个闭合四边形并循环执行，①②边、②③边边 长为a,③④边边长为b,∠①=∠②=90°航线相对地面高度为c, 水平速度为d，垂直速度为e,转弯模式为停止转弯，停留时间5s；",90;5,s;°;度,①;②;②;③;③;④;①;②,,90°,,,,
gcond_63adfbdacdcd,gcond_63adfbdacdcd,gctpl_5d31f8e63ce0,gsec_b0445e980e6a,qbank_7f9e06c80aa9,实操题库_地面站考试条件_2026H1_航向相同相反题型.txt_32,2026H1,2026H1,航向相同相反题型,2026-03-28,安徽01考场,航向相同相反题型-考试条件提取.docx,33,2,2,(二),coordinate;speed_height,"a值为200米，b值为400米，c值为300m,d值为 3m/s,e值为2m/s。",200;400;300;3;2,m;m/s;米,,,,3m/s;2m/s,,,
gcond_8c3737a9c36e,gcond_8c3737a9c36e,gctpl_a328ef5c3949,gsec_b0445e980e6a,qbank_7f9e06c80aa9,实操题库_地面站考试条件_2026H1_航向相同相反题型.txt_32,2026H1,2026H1,航向相同相反题型,2026-03-28,安徽01考场,航向相同相反题型-考试条件提取.docx,33,3,3,一：,coordinate;takeoff_return,起飞点经纬度： N:28°39′30” E:115°56'32”,28;39;30;115;56;32,°;度,起飞点,N:28°39′30”;E:115°56'32”,28°;115°,,,,
gcond_e504e231e814,gcond_e504e231e814,gctpl_6e3cc31daa0f,gsec_b0445e980e6a,qbank_7f9e06c80aa9,实操题库_地面站考试条件_2026H1_航向相同相反题型.txt_32,2026H1,2026H1,航向相同相反题型,2026-03-28,安徽01考场,航向相同相反题型-考试条件提取.docx,33,4,4,二：,bearing_angle;geometry;takeoff_return,起飞点到任务航线1 点的距离是100米。 起飞点到1点和4点到3 点航向相同。,1;100;1;4;3,米,起飞点;起飞点,,,,100米,100米,
gcond_82528889d2d7,gcond_82528889d2d7,gctpl_ced1fcb89b3a,gsec_b0445e980e6a,qbank_7f9e06c80aa9,实操题库_地面站考试条件_2026H1_航向相同相反题型.txt_32,2026H1,2026H1,航向相同相反题型,2026-03-28,安徽01考场,航向相同相反题型-考试条件提取.docx,33,5,5,三：,other,3号点位于4号点 西偏北15°,3;4;15,°,,,15°,,,,
gcond_f7ba3d8ae501,gcond_f7ba3d8ae501,gctpl_bec64a4aa15d,gsec_7c3da5c6fed3,qbank_7f9e06c80aa9,实操题库_地面站考试条件_2026H1_航向相同相反题型.txt_33,2026H1,2026H1,航向相同相反题型,2026-03-29,甘肃01考场,航向相同相反题型-考试条件提取.docx,34,1,1,(一),speed_height;turn_hold_loop;bearing_angle;geometry;takeoff_return,"与 的相对方位由委任代表根据 现场环境等情况进行决定。按图于起飞点前规划一个闭合图形并循环 执行，各点之间距离不小于20米，①点相对地面高度为a,②点相 对地面高度为b，③点相对地面高度为c，④点相对地面高度为d, 水平速度为f,∠①=∠②=∠③=∠④=45°转弯模式为停止转弯， 停留时间不作要求；",20;45,°;度;米,起飞点;①;②;③;④;①;②;③;④,,45°,,20米,20米,
gcond_ea4f411fc8c9,gcond_ea4f411fc8c9,gctpl_89ca33d2124a,gsec_7c3da5c6fed3,qbank_7f9e06c80aa9,实操题库_地面站考试条件_2026H1_航向相同相反题型.txt_33,2026H1,2026H1,航向相同相反题型,2026-03-29,甘肃01考场,航向相同相反题型-考试条件提取.docx,34,2,2,(二),speed_height;bearing_angle,"a值为20米，b值为25米，c值为30m,d值为25m, f值为3m/s。(航线方位及各数值可由委任代表按实际情况进行调 整，考题以委任代表规定数值为准)",20;25;30;25;3,m;m/s;米,,,,3m/s,,,
gcond_bb5121b34179,gcond_bb5121b34179,gctpl_7992a7671a81,gsec_7c3da5c6fed3,qbank_7f9e06c80aa9,实操题库_地面站考试条件_2026H1_航向相同相反题型.txt_33,2026H1,2026H1,航向相同相反题型,2026-03-29,甘肃01考场,航向相同相反题型-考试条件提取.docx,34,3,3,1、,coordinate;takeoff_return,"起飞点经纬度： N:28°23'37” E:113°46′33""",28;23;37;113;46;33,°;度,起飞点,"N:28°23'37”;E:113°46′33""",28°;113°,,,,
gcond_85d81bf0a00b,gcond_85d81bf0a00b,gctpl_71a647454c46,gsec_7c3da5c6fed3,qbank_7f9e06c80aa9,实操题库_地面站考试条件_2026H1_航向相同相反题型.txt_33,2026H1,2026H1,航向相同相反题型,2026-03-29,甘肃01考场,航向相同相反题型-考试条件提取.docx,34,4,4,2、,bearing_angle,"H-2点距离180m,H-2的航向 和1-2的航向相反",2;180;2;1;2,m,,,,,,180m,
gcond_1e05f06d58f9,gcond_1e05f06d58f9,gctpl_767514510c0a,gsec_7c3da5c6fed3,qbank_7f9e06c80aa9,实操题库_地面站考试条件_2026H1_航向相同相反题型.txt_33,2026H1,2026H1,航向相同相反题型,2026-03-29,甘肃01考场,航向相同相反题型-考试条件提取.docx,34,5,5,3、,takeoff_return,任务1点位于H点的南偏西 20°方向,1;20,°,H点,,20°,,,,
gcond_1dde55527604,gcond_1dde55527604,gctpl_df7d4968000b,gsec_9676349967f0,qbank_7f9e06c80aa9,实操题库_地面站考试条件_2026H1_航向相同相反题型.txt_34,2026H1,2026H1,航向相同相反题型,2026-03-29,甘肃01考场,航向相同相反题型-考试条件提取.docx,35,1,1,(一),speed_height;turn_hold_loop;bearing_angle;geometry;takeoff_return,"与 的相对方位由委任代表根据 现场环境等情况进行决定。于起飞点前规划一个六边形并循环执行， 边长为a，①②③航点相对地面高度为b,④⑤⑥航点相对地面高度 为c，水平速度为d，转弯方式为停止转弯，各点停留时间为f;",,度,起飞点;①;②;③;④;⑤;⑥,,,,,,
gcond_59bd1678bb99,gcond_59bd1678bb99,gctpl_da649a3d8102,gsec_9676349967f0,qbank_7f9e06c80aa9,实操题库_地面站考试条件_2026H1_航向相同相反题型.txt_34,2026H1,2026H1,航向相同相反题型,2026-03-29,甘肃01考场,航向相同相反题型-考试条件提取.docx,35,2,2,(二),speed_height;bearing_angle,"a值为30米（误差≤±3米），b值为25米，c值 为30m,d值为2m/s,f值为2s。(航线方位及各数值可由委任代 表按实际情况进行调整，考题以委任代表规定数值为准)",30;3;25;30;2;2,m;m/s;s;米,,,,2m/s,,,
gcond_d85916500052,gcond_d85916500052,gctpl_d441c5f944f4,gsec_9676349967f0,qbank_7f9e06c80aa9,实操题库_地面站考试条件_2026H1_航向相同相反题型.txt_34,2026H1,2026H1,航向相同相反题型,2026-03-29,甘肃01考场,航向相同相反题型-考试条件提取.docx,35,3,3,1、,coordinate;takeoff_return,"起飞点经纬度： :28°23′37"" E:113°46′33”",28;23;37;113;46;33,°;度,起飞点,E:113°46′33”,28°;113°,,,,possible_incomplete_latlon_pair
gcond_442b58afa184,gcond_442b58afa184,gctpl_71a647454c46,gsec_9676349967f0,qbank_7f9e06c80aa9,实操题库_地面站考试条件_2026H1_航向相同相反题型.txt_34,2026H1,2026H1,航向相同相反题型,2026-03-29,甘肃01考场,航向相同相反题型-考试条件提取.docx,35,4,4,2、,bearing_angle,"H-2点距离180m,H-2的航向 和1-2的航向相反",2;180;2;1;2,m,,,,,,180m,
gcond_0045a8d83701,gcond_0045a8d83701,gctpl_7c29f1b56546,gsec_9676349967f0,qbank_7f9e06c80aa9,实操题库_地面站考试条件_2026H1_航向相同相反题型.txt_34,2026H1,2026H1,航向相同相反题型,2026-03-29,甘肃01考场,航向相同相反题型-考试条件提取.docx,35,5,5,3、,takeoff_return,任务1点位于H点的南偏西 ☆： 20°方向,1;20,°,H点,,20°,,,,
gcond_746644e72ad8,gcond_746644e72ad8,gctpl_1f2f1eb0a4e6,gsec_d9d9cfd89561,qbank_7f9e06c80aa9,实操题库_地面站考试条件_2026H1_航向相同相反题型.txt_35,2026H1,2026H1,航向相同相反题型,2026-03-29,甘肃01考场,航向相同相反题型-考试条件提取.docx,36,1,1,(一),speed_height;turn_hold_loop;bearing_angle;takeoff_return,"与 的相对方位由委任代表根据 现场环境等情况进行决定。按图于起飞点前规划扫描航线，航线长度 为a,航线间隔为b,航线相对地面高度为c,水平速度为d,转弯 模式为停止转弯，各点停留时间不作要求；",,度,起飞点,,,,,,
gcond_6a45548482fb,gcond_6a45548482fb,gctpl_97520118456f,gsec_d9d9cfd89561,qbank_7f9e06c80aa9,实操题库_地面站考试条件_2026H1_航向相同相反题型.txt_35,2026H1,2026H1,航向相同相反题型,2026-03-29,甘肃01考场,航向相同相反题型-考试条件提取.docx,36,2,2,(二),speed_height;bearing_angle,"a值为30米（误差≤±3米），b值为10米（误差 ≤±1米)，c值为30m,d值为3m/s。 (航线方位及各数值 可由委任代表按实际情况进行调整，考题以委任代表规定数值为准)",30;3;10;1;30;3,m;m/s;米,,,,3m/s,,,
gcond_9a88d1d4d884,gcond_9a88d1d4d884,gctpl_f8416290d338,gsec_d9d9cfd89561,qbank_7f9e06c80aa9,实操题库_地面站考试条件_2026H1_航向相同相反题型.txt_35,2026H1,2026H1,航向相同相反题型,2026-03-29,甘肃01考场,航向相同相反题型-考试条件提取.docx,36,3,3,1、,coordinate;takeoff_return,起飞点经纬度： N:28°23′37” E:113°46′33”,28;23;37;113;46;33,°;度,起飞点,N:28°23′37”;E:113°46′33”,28°;113°,,,,
gcond_b26959a5f404,gcond_b26959a5f404,gctpl_71a647454c46,gsec_d9d9cfd89561,qbank_7f9e06c80aa9,实操题库_地面站考试条件_2026H1_航向相同相反题型.txt_35,2026H1,2026H1,航向相同相反题型,2026-03-29,甘肃01考场,航向相同相反题型-考试条件提取.docx,36,4,4,2、,bearing_angle,"H-2点距离180m,H-2的航向 和1-2的航向相反",2;180;2;1;2,m,,,,,,180m,
gcond_36a786a2c30d,gcond_36a786a2c30d,gctpl_767514510c0a,gsec_d9d9cfd89561,qbank_7f9e06c80aa9,实操题库_地面站考试条件_2026H1_航向相同相反题型.txt_35,2026H1,2026H1,航向相同相反题型,2026-03-29,甘肃01考场,航向相同相反题型-考试条件提取.docx,36,5,5,3、,takeoff_return,任务1点位于H点的南偏西 20°方向,1;20,°,H点,,20°,,,,
gcond_e3f9eec9bcfb,gcond_e3f9eec9bcfb,gctpl_c1eba186ba74,gsec_467c41f7145a,qbank_7f9e06c80aa9,实操题库_地面站考试条件_2026H1_航向相同相反题型.txt_36,2026H1,2026H1,航向相同相反题型,2026-03-29,甘肃01考场,航向相同相反题型-考试条件提取.docx,37,1,1,(一),coordinate;speed_height;turn_hold_loop;bearing_angle;geometry;takeoff_return,"与 的相对方位由委任代表根据 现场环境等情况进行决定。按图于起飞点前规划一个五边形并循环执 行，①②边及②③边的边长为a,∠②=∠④=∠①为90°，航线相 对地面高度为b，水平速度为℃，转弯模式为停止转弯，各点停留 时间为e;",90,°;度,起飞点;①;②;②;③;②;④;①,,90°,,,,
gcond_f34e45554c09,gcond_f34e45554c09,gctpl_2dc5b9c4bd68,gsec_467c41f7145a,qbank_7f9e06c80aa9,实操题库_地面站考试条件_2026H1_航向相同相反题型.txt_36,2026H1,2026H1,航向相同相反题型,2026-03-29,甘肃01考场,航向相同相反题型-考试条件提取.docx,37,2,2,(二),coordinate;speed_height;bearing_angle,"a值为30米，b值为30米，c值为3m/s,e 值为2s。(航线方位及各数值可由委任代表按实际情况进行调整， 考题以委任代表规定数值为准)",30;30;3;2,m/s;s;米,,,,3m/s,,,
gcond_c2e83cf9050c,gcond_c2e83cf9050c,gctpl_5c56c1a0b1ea,gsec_467c41f7145a,qbank_7f9e06c80aa9,实操题库_地面站考试条件_2026H1_航向相同相反题型.txt_36,2026H1,2026H1,航向相同相反题型,2026-03-29,甘肃01考场,航向相同相反题型-考试条件提取.docx,37,3,3,1、,coordinate;takeoff_return,"起飞点经纬度： N:28°23'37"" E:113°46′33”",28;23;37;113;46;33,°;度,起飞点,"N:28°23'37"";E:113°46′33”",28°;113°,,,,
gcond_85075b0f261b,gcond_85075b0f261b,gctpl_bac2c4dd1b3c,gsec_467c41f7145a,qbank_7f9e06c80aa9,实操题库_地面站考试条件_2026H1_航向相同相反题型.txt_36,2026H1,2026H1,航向相同相反题型,2026-03-29,甘肃01考场,航向相同相反题型-考试条件提取.docx,37,4,4,2、,bearing_angle,"H-2点距离180m,H-2的航向 1 和1-2的航向相反",2;180;2;1;1;2,m,1,,,,,180m,
gcond_b1cb35a59e9c,gcond_b1cb35a59e9c,gctpl_767514510c0a,gsec_467c41f7145a,qbank_7f9e06c80aa9,实操题库_地面站考试条件_2026H1_航向相同相反题型.txt_36,2026H1,2026H1,航向相同相反题型,2026-03-29,甘肃01考场,航向相同相反题型-考试条件提取.docx,37,5,5,3、,takeoff_return,任务1点位于H点的南偏西 20°方向,1;20,°,H点,,20°,,,,
gcond_33bc1f246d53,gcond_33bc1f246d53,gctpl_0b610eb7ae87,gsec_69a83576b9b7,qbank_7f9e06c80aa9,实操题库_地面站考试条件_2026H1_航向相同相反题型.txt_37,2026H1,2026H1,航向相同相反题型,2026-03-21,广东01考场,航向相同相反题型-考试条件提取.docx,38,1,1,(一),coordinate;speed_height;turn_hold_loop,"规划扫描航线要求不闭合不循环，航线长度为a,航线间 隔为b,航线相对地面高度为c,水平速度为d,垂直速度为e,转弯 方式为停止转弯，各点停留时间为f；",,度,,,,,,,
gcond_b22a629d6a40,gcond_b22a629d6a40,gctpl_597225872e79,gsec_69a83576b9b7,qbank_7f9e06c80aa9,实操题库_地面站考试条件_2026H1_航向相同相反题型.txt_37,2026H1,2026H1,航向相同相反题型,2026-03-21,广东01考场,航向相同相反题型-考试条件提取.docx,38,2,2,(二),coordinate;speed_height,"a值为300米，b值为100米，c值为300m,d值为3m/s, e值为2m/s,f值为10s。",300;100;300;3;2;10,m;m/s;s;米,,,,3m/s;2m/s,,,
gcond_b472a752a4df,gcond_b472a752a4df,gctpl_c37828c1a885,gsec_69a83576b9b7,qbank_7f9e06c80aa9,实操题库_地面站考试条件_2026H1_航向相同相反题型.txt_37,2026H1,2026H1,航向相同相反题型,2026-03-21,广东01考场,航向相同相反题型-考试条件提取.docx,38,3,3,二：,bearing_angle;geometry;takeoff_return,起飞点到任务 任务航线示意图： 航线2点的距离是 100米。 4 起飞点-2和2点-3点 航向相同。,2;100;4;2;2;3,米,起飞点;4;起飞点,,,,100米,100米,
gcond_5ea6a3eaa40e,gcond_5ea6a3eaa40e,gctpl_ae43eff6c5b8,gsec_69a83576b9b7,qbank_7f9e06c80aa9,实操题库_地面站考试条件_2026H1_航向相同相反题型.txt_37,2026H1,2026H1,航向相同相反题型,2026-03-21,广东01考场,航向相同相反题型-考试条件提取.docx,38,4,4,三：,other,3号点位于起飞 点西偏北15°,3;15,°,,,15°,,,,
gcond_53d3b2c10a2f,gcond_53d3b2c10a2f,gctpl_b1264bc94a0f,gsec_abe735962451,qbank_7f9e06c80aa9,实操题库_地面站考试条件_2026H1_航向相同相反题型.txt_38,2026H1,2026H1,航向相同相反题型,2026-03-21,广东01考场,航向相同相反题型-考试条件提取.docx,39,1,1,(一),coordinate;speed_height;turn_hold_loop;bearing_angle;geometry,"规划一个闭合五边形并循环执行，①②、②③、③④、④⑤、①⑤边 的边长为a,∠②=∠①为90°，航线相对地面高度为b，,水平速度为c,垂直 速度为d,转弯模式为停止转弯，各点停留时间为e；",90,°;度,①;②;②;③;③;④;④;⑤;①;⑤;②;①,,90°,,,,
gcond_f915463c995e,gcond_f915463c995e,gctpl_9200d81162f9,gsec_abe735962451,qbank_7f9e06c80aa9,实操题库_地面站考试条件_2026H1_航向相同相反题型.txt_38,2026H1,2026H1,航向相同相反题型,2026-03-21,广东01考场,航向相同相反题型-考试条件提取.docx,39,2,2,(二),coordinate;speed_height,"a值为50米，b值为50米，c值为3m/s,d值为2ms,e值为 10s。",50;50;3;2;10,m;m/s;s;米,,,,3m/s;2ms,,,
gcond_42ed68ca26bc,gcond_42ed68ca26bc,gctpl_8b5217b2412a,gsec_abe735962451,qbank_7f9e06c80aa9,实操题库_地面站考试条件_2026H1_航向相同相反题型.txt_38,2026H1,2026H1,航向相同相反题型,2026-03-21,广东01考场,航向相同相反题型-考试条件提取.docx,39,3,3,二：,geometry;takeoff_return,起飞点到任务航线 1点的距离是100米。 起飞点-1和1点-2点航 向相反。,1;100;1;1;2,米,起飞点;起飞点,,,,100米,100米,
gcond_bc96f52afeab,gcond_bc96f52afeab,gctpl_416b0b072fca,gsec_abe735962451,qbank_7f9e06c80aa9,实操题库_地面站考试条件_2026H1_航向相同相反题型.txt_38,2026H1,2026H1,航向相同相反题型,2026-03-21,广东01考场,航向相同相反题型-考试条件提取.docx,39,4,4,三：,takeoff_return,1号点位于起飞点 南偏东25°,1;25,°,起飞点,,25°,,,,
gcond_23a0c885b556,gcond_23a0c885b556,gctpl_b4e7457d8939,gsec_6042e726a747,qbank_7f9e06c80aa9,实操题库_地面站考试条件_2026H1_航向相同相反题型.txt_39,2026H1,2026H1,航向相同相反题型,2026-03-21,广东01考场,航向相同相反题型-考试条件提取.docx,40,1,1,(一),coordinate;speed_height;turn_hold_loop;bearing_angle;geometry,"按图规划一个闭合四边形并循环执行，①②边、②③边边 长为a,③④边边长为b,∠②=∠③=90°航线相对地面高度为c, 水平速度为d，垂直速度为e,转弯模式为停止转弯，停留时间5s；",90;5,s;°;度,①;②;②;③;③;④;②;③,,90°,,,,
gcond_738265a93f63,gcond_738265a93f63,gctpl_0c10b202a24e,gsec_6042e726a747,qbank_7f9e06c80aa9,实操题库_地面站考试条件_2026H1_航向相同相反题型.txt_39,2026H1,2026H1,航向相同相反题型,2026-03-21,广东01考场,航向相同相反题型-考试条件提取.docx,40,2,2,(二),coordinate;speed_height,"a值为200米，b值为300米，c值为300m,d值为 3m/s,e值为2m/s。",200;300;300;3;2,m;m/s;米,,,,3m/s;2m/s,,,
gcond_8d8bd0f6e832,gcond_8d8bd0f6e832,gctpl_c6e0b275ac23,gsec_6042e726a747,qbank_7f9e06c80aa9,实操题库_地面站考试条件_2026H1_航向相同相反题型.txt_39,2026H1,2026H1,航向相同相反题型,2026-03-21,广东01考场,航向相同相反题型-考试条件提取.docx,40,3,3,一：,coordinate;takeoff_return,"起飞点经纬度： N:28°39'30” E:115°56'32""",28;39;30;115;56;32,°;度,起飞点,"N:28°39'30”;E:115°56'32""",28°;115°,,,,
gcond_31f012684609,gcond_31f012684609,gctpl_878db08c733d,gsec_6042e726a747,qbank_7f9e06c80aa9,实操题库_地面站考试条件_2026H1_航向相同相反题型.txt_39,2026H1,2026H1,航向相同相反题型,2026-03-21,广东01考场,航向相同相反题型-考试条件提取.docx,40,4,4,二：,geometry;takeoff_return,起飞点到任务航线2 点的距离是100米。 起飞点-1点和2点-1点航 向相同。,2;100;1;2;1,米,起飞点;起飞点,,,,100米,100米,
gcond_621e5578c87f,gcond_621e5578c87f,gctpl_0214b8664d22,gsec_6042e726a747,qbank_7f9e06c80aa9,实操题库_地面站考试条件_2026H1_航向相同相反题型.txt_39,2026H1,2026H1,航向相同相反题型,2026-03-21,广东01考场,航向相同相反题型-考试条件提取.docx,40,5,5,三：,bearing_angle;takeoff_return,1点位于起飞点 SW方位。,1,S,起飞点,,,,,,
gcond_34c982303214,gcond_34c982303214,gctpl_dca392bd5fae,gsec_b92d8388f9ac,qbank_7f9e06c80aa9,实操题库_地面站考试条件_2026H1_航向相同相反题型.txt_40,2026H1,2026H1,航向相同相反题型,2026-03-16,宁夏02考场,航向相同相反题型-考试条件提取.docx,41,1,1,(一),coordinate;speed_height;turn_hold_loop;bearing_angle;geometry,"与 的相对方位由委任代表根据现场环境等 情况进行决定。规划一个五边形并循环执行，①②边及②③边的边长为a, ∠②=∠④=∠①为90°，航线相对地面高度为b,水平速度为c,垂直速度 为d,转弯模式为停止转弯，各点停留时间为e；",90,°;度,①;②;②;③;②;④;①,,90°,,,,
gcond_30b4e04826db,gcond_30b4e04826db,gctpl_1b5439d59cb7,gsec_b92d8388f9ac,qbank_7f9e06c80aa9,实操题库_地面站考试条件_2026H1_航向相同相反题型.txt_40,2026H1,2026H1,航向相同相反题型,2026-03-16,宁夏02考场,航向相同相反题型-考试条件提取.docx,41,2,2,(二),coordinate;speed_height,"a值建议为50米，b值建议为50米，c值建议为3ms,d值建议 为2m/s,e值建议为10s。",50;50;3;2;10,m;m/s;s;米,,,,3ms;2m/s,,,
gcond_e2b8f7b998b5,gcond_e2b8f7b998b5,gctpl_f8416290d338,gsec_b92d8388f9ac,qbank_7f9e06c80aa9,实操题库_地面站考试条件_2026H1_航向相同相反题型.txt_40,2026H1,2026H1,航向相同相反题型,2026-03-16,宁夏02考场,航向相同相反题型-考试条件提取.docx,41,3,3,1、,coordinate;takeoff_return,起飞点经纬度： N:28°23′37” E:113°46′33”,28;23;37;113;46;33,°;度,起飞点,N:28°23′37”;E:113°46′33”,28°;113°,,,,
gcond_7726960984c7,gcond_7726960984c7,gctpl_b41a839f062c,gsec_b92d8388f9ac,qbank_7f9e06c80aa9,实操题库_地面站考试条件_2026H1_航向相同相反题型.txt_40,2026H1,2026H1,航向相同相反题型,2026-03-16,宁夏02考场,航向相同相反题型-考试条件提取.docx,41,4,4,2、,geometry;takeoff_return,起飞点到任务航线2 点的距离是180米。 起飞点-2和1点-2点航 向相反。,2;180;2;1;2,米,起飞点;起飞点,,,,180米,180米,
gcond_9c309407833d,gcond_9c309407833d,gctpl_a0409d99d434,gsec_b92d8388f9ac,qbank_7f9e06c80aa9,实操题库_地面站考试条件_2026H1_航向相同相反题型.txt_40,2026H1,2026H1,航向相同相反题型,2026-03-16,宁夏02考场,航向相同相反题型-考试条件提取.docx,41,5,5,3、,coordinate;bearing_angle;takeoff_return,1号点位于起飞点 NW方位。,1,,起飞点,,,,,,
gcond_6a52e4e35539,gcond_6a52e4e35539,gctpl_df28aa6e43fe,gsec_b9b0d729c3bb,qbank_7f9e06c80aa9,实操题库_地面站考试条件_2026H1_航向相同相反题型.txt_41,2026H1,2026H1,航向相同相反题型,2026-03-16,宁夏02考场,航向相同相反题型-考试条件提取.docx,42,1,1,(一),coordinate;speed_height;turn_hold_loop;bearing_angle;geometry,"与 的相对方位由委任代表根据 现场环境等情况进行决定。按图规划一个四边形并循环执行，①②边 ②③边边长为a,③④边边长为b,∠②=∠③=90°航线相对地 面高度为c，水平速度为d，垂直速度为e，转弯模式为停止转弯， 停留时间5s;",90;5,s;°;度,①;②;②;③;③;④;②;③,,90°,,,,
gcond_35acefc65da4,gcond_35acefc65da4,gctpl_c98a9717b4e0,gsec_b9b0d729c3bb,qbank_7f9e06c80aa9,实操题库_地面站考试条件_2026H1_航向相同相反题型.txt_41,2026H1,2026H1,航向相同相反题型,2026-03-16,宁夏02考场,航向相同相反题型-考试条件提取.docx,42,2,2,(二),coordinate;speed_height,"a值为200米，b值为300米，c值为300m,d值为 3m/s,e值为2ml/s。",200;300;300;3;2,m;m/s;s;米,,,,3m/s,,,
gcond_9ac6b4363935,gcond_9ac6b4363935,gctpl_c6e0b275ac23,gsec_b9b0d729c3bb,qbank_7f9e06c80aa9,实操题库_地面站考试条件_2026H1_航向相同相反题型.txt_41,2026H1,2026H1,航向相同相反题型,2026-03-16,宁夏02考场,航向相同相反题型-考试条件提取.docx,42,3,3,1、,coordinate;takeoff_return,"起飞点经纬度： N:28°39'30” E:115°56'32""",28;39;30;115;56;32,°;度,起飞点,"N:28°39'30”;E:115°56'32""",28°;115°,,,,
gcond_4669b0094c10,gcond_4669b0094c10,gctpl_2f8db09cf3c9,gsec_b9b0d729c3bb,qbank_7f9e06c80aa9,实操题库_地面站考试条件_2026H1_航向相同相反题型.txt_41,2026H1,2026H1,航向相同相反题型,2026-03-16,宁夏02考场,航向相同相反题型-考试条件提取.docx,42,4,4,2、,geometry;takeoff_return,起飞点到任务航线2 点的距离是100米。 起飞点-1和2点-1点航 向相同。,2;100;1;2;1,米,起飞点;起飞点,,,,100米,100米,
gcond_a1be204991cf,gcond_a1be204991cf,gctpl_3524959836b4,gsec_b9b0d729c3bb,qbank_7f9e06c80aa9,实操题库_地面站考试条件_2026H1_航向相同相反题型.txt_41,2026H1,2026H1,航向相同相反题型,2026-03-16,宁夏02考场,航向相同相反题型-考试条件提取.docx,42,5,5,3、,bearing_angle;takeoff_return,1号点位于起飞点 SW方位。,1,S,起飞点,,,,,,
gcond_14a2296044e5,gcond_14a2296044e5,gctpl_8b02a94fa7d2,gsec_ed745598ecb9,qbank_7f9e06c80aa9,实操题库_地面站考试条件_2026H1_航向相同相反题型.txt_42,2026H1,2026H1,航向相同相反题型,2026-03-16,宁夏02考场,航向相同相反题型-考试条件提取.docx,43,1,1,(一),coordinate;speed_height;turn_hold_loop;bearing_angle,"与 的相对方位由委任代表根据 现场环境等情况进行决定。规划扫描航线要求不闭合不循环，航线长 度为a,航线间隔为b,航线相对地面高度为c,水平速度为d,垂 直速度为e，转弯模式为停止转弯，停留时间不作要求；",,度,,,,,,,
gcond_3c9b1f8ea753,gcond_3c9b1f8ea753,gctpl_eb14ee22a11e,gsec_ed745598ecb9,qbank_7f9e06c80aa9,实操题库_地面站考试条件_2026H1_航向相同相反题型.txt_42,2026H1,2026H1,航向相同相反题型,2026-03-16,宁夏02考场,航向相同相反题型-考试条件提取.docx,43,2,2,(二),coordinate;speed_height,"a值为300米，b值为100米，c值为300m,d值为 3m/s,e值为2m/s。",300;100;300;3;2,m;m/s;米,,,,3m/s;2m/s,,,
gcond_9977e3a42e4d,gcond_9977e3a42e4d,gctpl_4a11faedb6c4,gsec_ed745598ecb9,qbank_7f9e06c80aa9,实操题库_地面站考试条件_2026H1_航向相同相反题型.txt_42,2026H1,2026H1,航向相同相反题型,2026-03-16,宁夏02考场,航向相同相反题型-考试条件提取.docx,43,3,3,1、,coordinate;takeoff_return,"起飞点经纬度： N:28°39'30” E:115°56′32""",28;39;30;115;56;32,°;度,起飞点,"N:28°39'30”;E:115°56′32""",28°;115°,,,,
gcond_c94b5864fa67,gcond_c94b5864fa67,gctpl_d9f5d80bb4d1,gsec_ed745598ecb9,qbank_7f9e06c80aa9,实操题库_地面站考试条件_2026H1_航向相同相反题型.txt_42,2026H1,2026H1,航向相同相反题型,2026-03-16,宁夏02考场,航向相同相反题型-考试条件提取.docx,43,4,4,2、,geometry;takeoff_return,起飞点到任务航线2 点的距离是100米。 起飞点-2和2点-3点航 向相同。,2;100;2;2;3,米,起飞点;起飞点,,,,100米,100米,
gcond_a6eba8d6067d,gcond_a6eba8d6067d,gctpl_ce53a3a4200a,gsec_ed745598ecb9,qbank_7f9e06c80aa9,实操题库_地面站考试条件_2026H1_航向相同相反题型.txt_42,2026H1,2026H1,航向相同相反题型,2026-03-16,宁夏02考场,航向相同相反题型-考试条件提取.docx,43,5,5,3、,coordinate;bearing_angle;takeoff_return,3号点位于起飞点 NE方位。,3,,起飞点,,,,,,
gcond_aec1de0d4346,gcond_aec1de0d4346,gctpl_493617f73a35,gsec_05439af2d697,qbank_7f9e06c80aa9,实操题库_地面站考试条件_2026H1_航向相同相反题型.txt_43,2026H1,2026H1,航向相同相反题型,2026-03-15,上海01考场,航向相同相反题型-考试条件提取.docx,44,1,1,(一),speed_height;turn_hold_loop;bearing_angle;geometry;takeoff_return,"与 的相对方位由委任代表根据 现场环境等情况进行决定。于起飞点前规划一个等边三角形并循环执 行，边长为a，航线相对地面高度b,水平速度为c,垂直速度为 d,转弯方式为停止转弯，停留时间不作要求；",,度,起飞点,,,,,,
gcond_8f9210d83073,gcond_8f9210d83073,gctpl_e98248ae6ea8,gsec_05439af2d697,qbank_7f9e06c80aa9,实操题库_地面站考试条件_2026H1_航向相同相反题型.txt_43,2026H1,2026H1,航向相同相反题型,2026-03-15,上海01考场,航向相同相反题型-考试条件提取.docx,44,2,2,(二),speed_height;bearing_angle,"a值建议为30米，b值建议为30米，c值建议为3m/s, d值建议为1ms。（航线方位及各数值可由委任代表按实际情况进 行调整，考题以委任代表规定数值为准)",30;30;3;1,m;m/s;s;米,,,,3m/s;1ms,,,
gcond_e75183d8d551,gcond_e75183d8d551,gctpl_905b52be7be0,gsec_05439af2d697,qbank_7f9e06c80aa9,实操题库_地面站考试条件_2026H1_航向相同相反题型.txt_43,2026H1,2026H1,航向相同相反题型,2026-03-15,上海01考场,航向相同相反题型-考试条件提取.docx,44,3,3,1、,coordinate;takeoff_return,起飞点经纬度： E:112°12'36” N:23°42'18”,112;12;36;23;42;18,°;度,起飞点,E:112°12'36”;N:23°42'18”,112°;23°,,,,
gcond_819b0b9eea0c,gcond_819b0b9eea0c,gctpl_b340bcb2166d,gsec_05439af2d697,qbank_7f9e06c80aa9,实操题库_地面站考试条件_2026H1_航向相同相反题型.txt_43,2026H1,2026H1,航向相同相反题型,2026-03-15,上海01考场,航向相同相反题型-考试条件提取.docx,44,4,4,2、,other,H到1距离为50米 H位于1点西偏南30°,1;50;1;30,°;米,,,30°,,,50米,
gcond_a16b8d10eb99,gcond_a16b8d10eb99,gctpl_8fed74aa25f1,gsec_05439af2d697,qbank_7f9e06c80aa9,实操题库_地面站考试条件_2026H1_航向相同相反题型.txt_43,2026H1,2026H1,航向相同相反题型,2026-03-15,上海01考场,航向相同相反题型-考试条件提取.docx,44,5,5,3、,bearing_angle,H到1的航向与2-3的 航向相反。,1;2;3,,,,,,,,
gcond_f7b03f970300,gcond_f7b03f970300,gctpl_44a43cc6e3d6,gsec_d19a0c8ff2e5,qbank_7f9e06c80aa9,实操题库_地面站考试条件_2026H1_航向相同相反题型.txt_44,2026H1,2026H1,航向相同相反题型,2026-03-15,上海01考场,航向相同相反题型-考试条件提取.docx,45,1,1,(一),coordinate;speed_height;turn_hold_loop;bearing_angle;takeoff_return,"与 的相对方位由委任代表根据 现场环境等情况进行决定。按图于起飞点前规划扫描航线。航线长度 为a,航线间隔为b,航线相对地面高度为c,水平速度为d,垂直 速度为e，转弯模式为停止转弯，停留时间不作要求；",,度,起飞点,,,,,,
gcond_09598c3888ba,gcond_09598c3888ba,gctpl_88897bed5813,gsec_d19a0c8ff2e5,qbank_7f9e06c80aa9,实操题库_地面站考试条件_2026H1_航向相同相反题型.txt_44,2026H1,2026H1,航向相同相反题型,2026-03-15,上海01考场,航向相同相反题型-考试条件提取.docx,45,2,2,(二),coordinate;speed_height;bearing_angle,"a值建议为30米（误差≤±3米），b值建议为10米， (误差≤±1米)，c建议为30m,d值建议为3m/s。e值建议 为1m/s。 (航线方位及各数值可由变任代表按实际情况进行调整， 考题以委任代表规定数值为准)",30;3;10;1;30;3;1,m;m/s;米,,,,3m/s;1m/s,,,
gcond_92607e648706,gcond_92607e648706,gctpl_d0e30797b6c8,gsec_d19a0c8ff2e5,qbank_7f9e06c80aa9,实操题库_地面站考试条件_2026H1_航向相同相反题型.txt_44,2026H1,2026H1,航向相同相反题型,2026-03-15,上海01考场,航向相同相反题型-考试条件提取.docx,45,3,3,1、,coordinate;takeoff_return,"起飞点经纬度： E:112°12'36” N:23°42'18""",112;12;36;23;42;18,°;度,起飞点,"E:112°12'36”;N:23°42'18""",112°;23°,,,,
gcond_e35e759f78f1,gcond_e35e759f78f1,gctpl_b340bcb2166d,gsec_d19a0c8ff2e5,qbank_7f9e06c80aa9,实操题库_地面站考试条件_2026H1_航向相同相反题型.txt_44,2026H1,2026H1,航向相同相反题型,2026-03-15,上海01考场,航向相同相反题型-考试条件提取.docx,45,4,4,2、,other,H到1距离为50米 H位于1点西偏南30°,1;50;1;30,°;米,,,30°,,,50米,
gcond_2408b7a3d9d9,gcond_2408b7a3d9d9,gctpl_8fed74aa25f1,gsec_d19a0c8ff2e5,qbank_7f9e06c80aa9,实操题库_地面站考试条件_2026H1_航向相同相反题型.txt_44,2026H1,2026H1,航向相同相反题型,2026-03-15,上海01考场,航向相同相反题型-考试条件提取.docx,45,5,5,3、,bearing_angle,H到1的航向与2-3的 航向相反。,1;2;3,,,,,,,,
gcond_b6afbd9ef31e,gcond_b6afbd9ef31e,gctpl_590edeaf57b4,gsec_4f45f5e4d1af,qbank_7f9e06c80aa9,实操题库_地面站考试条件_2026H1_航向相同相反题型.txt_45,2026H1,2026H1,航向相同相反题型,2026-03-15,上海01考场,航向相同相反题型-考试条件提取.docx,46,1,1,(一),coordinate;speed_height;turn_hold_loop;bearing_angle;geometry;takeoff_return,"与 的相对方位由委任代表根据 现场环境等情况进行决定。于起飞点前规划一个六边形并循环执行， 边长为a，①②③航点相对地面高度为b,④⑤⑥航点相对地面高度 为c，水平速度为d，垂直速度为e,转弯方式为停止转弯，各点停 留时间为f;",,度,起飞点;①;②;③;④;⑤;⑥,,,,,,
gcond_f134213c25e0,gcond_f134213c25e0,gctpl_ebc721c831e0,gsec_4f45f5e4d1af,qbank_7f9e06c80aa9,实操题库_地面站考试条件_2026H1_航向相同相反题型.txt_45,2026H1,2026H1,航向相同相反题型,2026-03-15,上海01考场,航向相同相反题型-考试条件提取.docx,46,2,2,(二),coordinate;speed_height;bearing_angle,"a值建议为30米（误差≤±3米），b值建议为25米， c建议为30m,d值建议为2m/s。e值建议为1m/s,f值建议为 2S。 (航线方位及各数值可由变任代表按实际情况进行调整，考题以 委任代表规定数值为准)",30;3;25;30;2;1;2,S;m;m/s;米,,,,2m/s;1m/s,,,
gcond_030a1bdbac27,gcond_030a1bdbac27,gctpl_905b52be7be0,gsec_4f45f5e4d1af,qbank_7f9e06c80aa9,实操题库_地面站考试条件_2026H1_航向相同相反题型.txt_45,2026H1,2026H1,航向相同相反题型,2026-03-15,上海01考场,航向相同相反题型-考试条件提取.docx,46,3,3,1、,coordinate;takeoff_return,起飞点经纬度： E:112°12'36” N:23°42'18”,112;12;36;23;42;18,°;度,起飞点,E:112°12'36”;N:23°42'18”,112°;23°,,,,
gcond_ff6c8e08fd46,gcond_ff6c8e08fd46,gctpl_0dcb07c3c659,gsec_4f45f5e4d1af,qbank_7f9e06c80aa9,实操题库_地面站考试条件_2026H1_航向相同相反题型.txt_45,2026H1,2026H1,航向相同相反题型,2026-03-15,上海01考场,航向相同相反题型-考试条件提取.docx,46,4,4,2、,other,"H到1距离为50m, H位于1号点西偏北60°",1;50;1;60,m;°,,,60°,,,50m,
gcond_dbc8aa9d434c,gcond_dbc8aa9d434c,gctpl_1ac499e17741,gsec_4f45f5e4d1af,qbank_7f9e06c80aa9,实操题库_地面站考试条件_2026H1_航向相同相反题型.txt_45,2026H1,2026H1,航向相同相反题型,2026-03-15,上海01考场,航向相同相反题型-考试条件提取.docx,46,5,5,3、,bearing_angle,H-①航向于③-② 航向相反,,,①;③;②,,,,,,
gcond_6181aa789b8b,gcond_6181aa789b8b,gctpl_906cd14b9d9b,gsec_f1335e84945b,qbank_7f9e06c80aa9,实操题库_地面站考试条件_2026H1_航向相同相反题型.txt_46,2026H1,2026H1,航向相同相反题型,2026-03-13,山东02考场,航向相同相反题型-考试条件提取.docx,47,1,1,(一),coordinate;speed_height;turn_hold_loop;bearing_angle,与 的相对方位由委任代表根 据现场环境等情况进行决定。规划扫描航线要求不闭合不循环，航线长 度为a，航线间隔为b，航线相对地面高度为c，水平速度为d，垂 直速度为e，转弯模式为停止转弯，停留时间不做要求；,,度,,,,,,,
gcond_4d93381f7dda,gcond_4d93381f7dda,gctpl_f03e954743f3,gsec_f1335e84945b,qbank_7f9e06c80aa9,实操题库_地面站考试条件_2026H1_航向相同相反题型.txt_46,2026H1,2026H1,航向相同相反题型,2026-03-13,山东02考场,航向相同相反题型-考试条件提取.docx,47,2,2,(二),coordinate;speed_height,"a值为300米，b值为100米，c值为300m,d值为3m/s e值为2m/s。",300;100;300;3;2,m;m/s;米,,,,3m/s;2m/s,,,
gcond_164ce7d8043a,gcond_164ce7d8043a,gctpl_7b1541b12643,gsec_f1335e84945b,qbank_7f9e06c80aa9,实操题库_地面站考试条件_2026H1_航向相同相反题型.txt_46,2026H1,2026H1,航向相同相反题型,2026-03-13,山东02考场,航向相同相反题型-考试条件提取.docx,47,3,3,1、,coordinate;takeoff_return,起飞点经纬度： N:28°39′30” E:115°56′32”,28;39;30;115;56;32,°;度,起飞点,N:28°39′30”;E:115°56′32”,28°;115°,,,,
gcond_fd1dfbdbd387,gcond_fd1dfbdbd387,gctpl_502f96d341b5,gsec_f1335e84945b,qbank_7f9e06c80aa9,实操题库_地面站考试条件_2026H1_航向相同相反题型.txt_46,2026H1,2026H1,航向相同相反题型,2026-03-13,山东02考场,航向相同相反题型-考试条件提取.docx,47,4,4,2、,bearing_angle;geometry;takeoff_return,起飞点到任务航线2点的距离是100 米。 起飞点-2点和2点-3 点航向相同。,2;100;2;2;3,米,起飞点;起飞点;3,,,,100 米,100 米,
gcond_8d63ea683b2f,gcond_8d63ea683b2f,gctpl_ce53a3a4200a,gsec_f1335e84945b,qbank_7f9e06c80aa9,实操题库_地面站考试条件_2026H1_航向相同相反题型.txt_46,2026H1,2026H1,航向相同相反题型,2026-03-13,山东02考场,航向相同相反题型-考试条件提取.docx,47,5,5,3、,coordinate;bearing_angle,3号点位于起飞 点NE方位。,3,,,,,,,,
gcond_12333354c34b,gcond_12333354c34b,gctpl_2f16a2ffa904,gsec_5f90583e2df1,qbank_7f9e06c80aa9,实操题库_地面站考试条件_2026H1_航向相同相反题型.txt_47,2026H1,2026H1,航向相同相反题型,2026-03-12,山东05考场,航向相同相反题型-考试条件提取.docx,48,1,1,(一),coordinate;speed_height;turn_hold_loop;bearing_angle,"与 的相对方位由委任代表根据 现场环境等情况进行决定。规划扫描航线要求不闭合不循环，航线长 度为a,航线间隔为b,航线相对地面高度为c,水平速度为d,垂 直速度为e,转弯方式为停止转弯，停留时间不作要求；",,度,,,,,,,
gcond_ba9c9f0706db,gcond_ba9c9f0706db,gctpl_4170c72dd491,gsec_5f90583e2df1,qbank_7f9e06c80aa9,实操题库_地面站考试条件_2026H1_航向相同相反题型.txt_47,2026H1,2026H1,航向相同相反题型,2026-03-12,山东05考场,航向相同相反题型-考试条件提取.docx,48,2,2,(二),coordinate;speed_height,"a值为300米，b值为100米，c值为300m,d值为3m/s, e值为2m/s",300;100;300;3;2,m;m/s;米,,,,3m/s;2m/s,,,
gcond_060a1b4be8f0,gcond_060a1b4be8f0,gctpl_a328ef5c3949,gsec_5f90583e2df1,qbank_7f9e06c80aa9,实操题库_地面站考试条件_2026H1_航向相同相反题型.txt_47,2026H1,2026H1,航向相同相反题型,2026-03-12,山东05考场,航向相同相反题型-考试条件提取.docx,48,3,3,1、,coordinate;takeoff_return,起飞点经纬度： N:28°39′30” E:115°56'32”,28;39;30;115;56;32,°;度,起飞点,N:28°39′30”;E:115°56'32”,28°;115°,,,,
gcond_1ee7cfd188df,gcond_1ee7cfd188df,gctpl_d9f5d80bb4d1,gsec_5f90583e2df1,qbank_7f9e06c80aa9,实操题库_地面站考试条件_2026H1_航向相同相反题型.txt_47,2026H1,2026H1,航向相同相反题型,2026-03-12,山东05考场,航向相同相反题型-考试条件提取.docx,48,4,4,2、,geometry;takeoff_return,起飞点到任务航线 2点的距离是100米。 起飞点-2和2点-3点航 向相同。,2;100;2;2;3,米,起飞点;起飞点,,,,100米,100米,
gcond_542912b80079,gcond_542912b80079,gctpl_ce53a3a4200a,gsec_5f90583e2df1,qbank_7f9e06c80aa9,实操题库_地面站考试条件_2026H1_航向相同相反题型.txt_47,2026H1,2026H1,航向相同相反题型,2026-03-12,山东05考场,航向相同相反题型-考试条件提取.docx,48,5,5,3、,coordinate;bearing_angle;takeoff_return,3号点位于起飞点NE 方位。,3,,起飞点,,,,,,
gcond_2a84ff9bd9f9,gcond_2a84ff9bd9f9,gctpl_dca392bd5fae,gsec_b8930c7a3451,qbank_7f9e06c80aa9,实操题库_地面站考试条件_2026H1_航向相同相反题型.txt_48,2026H1,2026H1,航向相同相反题型,2026-03-12,山东05考场,航向相同相反题型-考试条件提取.docx,49,1,1,(一),coordinate;speed_height;turn_hold_loop;bearing_angle;geometry,"与 的相对方位由委任代表根据现场环境等 情况进行决定。规划一个五边形并循环执行，①②边及②③边的边长为a, ∠②=∠④=∠①为90°，航线相对地面高度为b,水平速度为c,垂直速度 为d,转弯模式为停止转弯，各点停留时间为e；",90,°;度,①;②;②;③;②;④;①,,90°,,,,
gcond_f92c14a20c39,gcond_f92c14a20c39,gctpl_1b5439d59cb7,gsec_b8930c7a3451,qbank_7f9e06c80aa9,实操题库_地面站考试条件_2026H1_航向相同相反题型.txt_48,2026H1,2026H1,航向相同相反题型,2026-03-12,山东05考场,航向相同相反题型-考试条件提取.docx,49,2,2,(二),coordinate;speed_height,"a值建议为50米，b值建议为50米，c值建议为3ms,d值建议 为2m/s,e值建议为10s。",50;50;3;2;10,m;m/s;s;米,,,,3ms;2m/s,,,
gcond_fbcee26d5606,gcond_fbcee26d5606,gctpl_7b1541b12643,gsec_b8930c7a3451,qbank_7f9e06c80aa9,实操题库_地面站考试条件_2026H1_航向相同相反题型.txt_48,2026H1,2026H1,航向相同相反题型,2026-03-12,山东05考场,航向相同相反题型-考试条件提取.docx,49,3,3,1、,coordinate;takeoff_return,起飞点经纬度： N:28°39′30” E:115°56′32”,28;39;30;115;56;32,°;度,起飞点,N:28°39′30”;E:115°56′32”,28°;115°,,,,
gcond_5a8d99216d80,gcond_5a8d99216d80,gctpl_19e5a56407e1,gsec_b8930c7a3451,qbank_7f9e06c80aa9,实操题库_地面站考试条件_2026H1_航向相同相反题型.txt_48,2026H1,2026H1,航向相同相反题型,2026-03-12,山东05考场,航向相同相反题型-考试条件提取.docx,49,4,4,2、,geometry;takeoff_return,起飞点到任务航线2 点的距离是100米。 起飞点-2和1点-2点航 向相同。,2;100;2;1;2,米,起飞点;起飞点,,,,100米,100米,
gcond_dc4dd8c09607,gcond_dc4dd8c09607,gctpl_cdfefaaad2f4,gsec_b8930c7a3451,qbank_7f9e06c80aa9,实操题库_地面站考试条件_2026H1_航向相同相反题型.txt_48,2026H1,2026H1,航向相同相反题型,2026-03-12,山东05考场,航向相同相反题型-考试条件提取.docx,49,5,5,3、,coordinate;bearing_angle;takeoff_return,1号点位于起飞点SE 方位。,1,S,起飞点,,,,,,
gcond_0c0af852c3bd,gcond_0c0af852c3bd,gctpl_b6610c355204,gsec_e10ac1a5bb84,qbank_7f9e06c80aa9,实操题库_地面站考试条件_2026H1_航向相同相反题型.txt_49,2026H1,2026H1,航向相同相反题型,2026-03-12,山东05考场,航向相同相反题型-考试条件提取.docx,50,1,1,(一),speed_height;turn_hold_loop;bearing_angle;geometry,"与 的相对方位由委任代表根据现场环境 等情况进行决定。规划一个等腰直角三角形并循环执行，①②边长为1，①③ 边长为a2，∠①为直角，航线相对地面高度b，水平速度为c,垂直速度为 d,转弯方式为停止转弯，停留时间为5s;",1;2;5,s;度,①;②;①;③;①,,,,,,
gcond_8f0f72254a85,gcond_8f0f72254a85,gctpl_e2a389225d7c,gsec_e10ac1a5bb84,qbank_7f9e06c80aa9,实操题库_地面站考试条件_2026H1_航向相同相反题型.txt_49,2026H1,2026H1,航向相同相反题型,2026-03-12,山东05考场,航向相同相反题型-考试条件提取.docx,50,2,2,(二),speed_height,"a1、a2值为50米，b值为50米，c值为3m/s,d值为2m/s。",1;2;50;50;3;2,m/s;米,,,,3m/s;2m/s,,,
gcond_b881e59420fe,gcond_b881e59420fe,gctpl_81cafdb2e88d,gsec_e10ac1a5bb84,qbank_7f9e06c80aa9,实操题库_地面站考试条件_2026H1_航向相同相反题型.txt_49,2026H1,2026H1,航向相同相反题型,2026-03-12,山东05考场,航向相同相反题型-考试条件提取.docx,50,3,3,1、,coordinate;geometry;takeoff_return,"起飞点经纬度： N28°39'30” 任务航线示意图： E:115°56'32""",28;39;30;115;56;32,°;度,起飞点,"N28°39'30”;E:115°56'32""",28°;115°,,,,
gcond_00bd1aa7033b,gcond_00bd1aa7033b,gctpl_c5f78d97981b,gsec_e10ac1a5bb84,qbank_7f9e06c80aa9,实操题库_地面站考试条件_2026H1_航向相同相反题型.txt_49,2026H1,2026H1,航向相同相反题型,2026-03-12,山东05考场,航向相同相反题型-考试条件提取.docx,50,4,4,2、,other,当地风向：西北风 H到1逆风飞行，H距离1 点120米。,1;1;120,米,,,,,,120米,
gcond_98c0ffea2272,gcond_98c0ffea2272,gctpl_91018c233401,gsec_e10ac1a5bb84,qbank_7f9e06c80aa9,实操题库_地面站考试条件_2026H1_航向相同相反题型.txt_49,2026H1,2026H1,航向相同相反题型,2026-03-12,山东05考场,航向相同相反题型-考试条件提取.docx,50,5,5,3、,bearing_angle,2-3的航向和H-1的航 向相反。,2;3;1,,2,,,,,,
gcond_d4ed57116cc7,gcond_d4ed57116cc7,gctpl_c1eba186ba74,gsec_f20e9a2f6e80,qbank_7f9e06c80aa9,实操题库_地面站考试条件_2026H1_航向相同相反题型.txt_50,2026H1,2026H1,航向相同相反题型,2026-03-07,江西01考场,航向相同相反题型-考试条件提取.docx,51,1,1,(一),coordinate;speed_height;turn_hold_loop;bearing_angle;geometry;takeoff_return,"与 的相对方位由委任代表根据 现场环境等情况进行决定。按图于起飞点前规划一个五边形并循环执 行，①②边及②③边的边长为a,∠②=∠④=∠①为90°，航线相 对地面高度为b，水平速度为℃，转弯模式为停止转弯，各点停留 时间为e;",90,°;度,起飞点;①;②;②;③;②;④;①,,90°,,,,
gcond_0941ef5e9d1a,gcond_0941ef5e9d1a,gctpl_2dc5b9c4bd68,gsec_f20e9a2f6e80,qbank_7f9e06c80aa9,实操题库_地面站考试条件_2026H1_航向相同相反题型.txt_50,2026H1,2026H1,航向相同相反题型,2026-03-07,江西01考场,航向相同相反题型-考试条件提取.docx,51,2,2,(二),coordinate;speed_height;bearing_angle,"a值为30米，b值为30米，c值为3m/s,e 值为2s。(航线方位及各数值可由委任代表按实际情况进行调整， 考题以委任代表规定数值为准)",30;30;3;2,m/s;s;米,,,,3m/s,,,
gcond_6d10fc2d0307,gcond_6d10fc2d0307,gctpl_4b8daf02c877,gsec_f20e9a2f6e80,qbank_7f9e06c80aa9,实操题库_地面站考试条件_2026H1_航向相同相反题型.txt_50,2026H1,2026H1,航向相同相反题型,2026-03-07,江西01考场,航向相同相反题型-考试条件提取.docx,51,3,3,1、,coordinate;geometry;takeoff_return,"起飞点经纬度： N:30°15′20” 任务航线示意图： E:120°04'33""",30;15;20;120;04;33,°;度,起飞点,"N:30°15′20”;E:120°04'33""",30°;120°,,,,
gcond_9406b189151a,gcond_9406b189151a,gctpl_12e19c866ab5,gsec_f20e9a2f6e80,qbank_7f9e06c80aa9,实操题库_地面站考试条件_2026H1_航向相同相反题型.txt_50,2026H1,2026H1,航向相同相反题型,2026-03-07,江西01考场,航向相同相反题型-考试条件提取.docx,51,4,4,2、,other,"1到H80m,",1;80,m,,,,,,,
gcond_044c37f53641,gcond_044c37f53641,gctpl_d6590321679b,gsec_f20e9a2f6e80,qbank_7f9e06c80aa9,实操题库_地面站考试条件_2026H1_航向相同相反题型.txt_50,2026H1,2026H1,航向相同相反题型,2026-03-07,江西01考场,航向相同相反题型-考试条件提取.docx,51,5,5,3、,bearing_angle,H-1航向与2-1航向相反,1;2;1,,,,,,,,
gcond_d0186d39da96,gcond_d0186d39da96,gctpl_272a2c062f41,gsec_f20e9a2f6e80,qbank_7f9e06c80aa9,实操题库_地面站考试条件_2026H1_航向相同相反题型.txt_50,2026H1,2026H1,航向相同相反题型,2026-03-07,江西01考场,航向相同相反题型-考试条件提取.docx,51,6,6,4、,bearing_angle,1-H方向为SW,1,S,1,,,,,,
gcond_ae7a6d10a6aa,gcond_ae7a6d10a6aa,gctpl_d027b19ac2a4,gsec_767749f23ebf,qbank_7f9e06c80aa9,实操题库_地面站考试条件_2026H1_航向相同相反题型.txt_51,2026H1,2026H1,航向相同相反题型,2026-03-07,江西01考场,航向相同相反题型-考试条件提取.docx,52,1,1,(一),coordinate;speed_height;turn_hold_loop;bearing_angle;geometry;takeoff_return,"与 的相对方位由委任代表根据 现场环境等情况进行决定。按图于起飞点前规划一个五边形并循环执 行，①②边及②③边的边长为a,∠②=∠④=∠①为90°，航线相 对地面高度为b，水平速度为c，转弯模式为停止转弯，各点停留 时间为e；",90,°;度,起飞点;①;②;②;③;②;④;①,,90°,,,,
gcond_99c5f289b735,gcond_99c5f289b735,gctpl_2dc5b9c4bd68,gsec_767749f23ebf,qbank_7f9e06c80aa9,实操题库_地面站考试条件_2026H1_航向相同相反题型.txt_51,2026H1,2026H1,航向相同相反题型,2026-03-07,江西01考场,航向相同相反题型-考试条件提取.docx,52,2,2,(二),coordinate;speed_height;bearing_angle,"a值为30米，b值为30米，c值为3m/s,e 值为2s。(航线方位及各数值可由委任代表按实际情况进行调整， 考题以委任代表规定数值为准)",30;30;3;2,m/s;s;米,,,,3m/s,,,
gcond_a1bd5a944849,gcond_a1bd5a944849,gctpl_13180095e6cb,gsec_767749f23ebf,qbank_7f9e06c80aa9,实操题库_地面站考试条件_2026H1_航向相同相反题型.txt_51,2026H1,2026H1,航向相同相反题型,2026-03-07,江西01考场,航向相同相反题型-考试条件提取.docx,52,3,3,1、,coordinate;takeoff_return,"起飞点经纬度： E:112°12'36” N:23°24'18""",112;12;36;23;24;18,°;度,起飞点,"E:112°12'36”;N:23°24'18""",112°;23°,,,,
gcond_f0a4f49f533b,gcond_f0a4f49f533b,gctpl_d951804b26cc,gsec_767749f23ebf,qbank_7f9e06c80aa9,实操题库_地面站考试条件_2026H1_航向相同相反题型.txt_51,2026H1,2026H1,航向相同相反题型,2026-03-07,江西01考场,航向相同相反题型-考试条件提取.docx,52,4,4,2、,other,"H到1距离50m,",1;50,m,,,,,,50m,
gcond_ccecb3a809f7,gcond_ccecb3a809f7,gctpl_aca97aadc835,gsec_767749f23ebf,qbank_7f9e06c80aa9,实操题库_地面站考试条件_2026H1_航向相同相反题型.txt_51,2026H1,2026H1,航向相同相反题型,2026-03-07,江西01考场,航向相同相反题型-考试条件提取.docx,52,5,5,3、,bearing_angle,H-1航向与1-2航向相同,1;1;2,,,,,,,,
gcond_e62f8a2d6aed,gcond_e62f8a2d6aed,gctpl_0a34783ed2e4,gsec_767749f23ebf,qbank_7f9e06c80aa9,实操题库_地面站考试条件_2026H1_航向相同相反题型.txt_51,2026H1,2026H1,航向相同相反题型,2026-03-07,江西01考场,航向相同相反题型-考试条件提取.docx,52,6,6,4、,other,2点位于3点西偏南60°,2;3;60,°,,,60°,,,,
gcond_a055005c49c1,gcond_a055005c49c1,gctpl_6a543db061f5,gsec_686188edbc90,qbank_7f9e06c80aa9,实操题库_地面站考试条件_2026H1_航向相同相反题型.txt_52,2026H1,2026H1,航向相同相反题型,2026-03-07,江西01考场,航向相同相反题型-考试条件提取.docx,53,1,1,(一),speed_height;turn_hold_loop;bearing_angle;geometry;takeoff_return,"与 的相对方位由委任代表根据 现场环境等情况进行决定。按图于起飞点前规划一个闭合图形并循环 执行，各点之间距离不小于20米，①点相对于地面高度为a，②点相 对地面高度为b,③点相对地面高度为c,④点相对地面高度为d, 水平速度为f,∠①=∠②=∠③=∠④=45°转弯模式为停止转弯， 停留时间不作要求；",20;45,°;度;米,起飞点;①;②;③;④;①;②;③;④,,45°,,20米,20米,
gcond_3aea3f1c679d,gcond_3aea3f1c679d,gctpl_89ca33d2124a,gsec_686188edbc90,qbank_7f9e06c80aa9,实操题库_地面站考试条件_2026H1_航向相同相反题型.txt_52,2026H1,2026H1,航向相同相反题型,2026-03-07,江西01考场,航向相同相反题型-考试条件提取.docx,53,2,2,(二),speed_height;bearing_angle,"a值为20米，b值为25米，c值为30m,d值为 25m,f值为3m/s。(航线方位及各数值可由委任代表按实际情况 进行调整，考题以委任代表规定数值为准)",20;25;30;25;3,m;m/s;米,,,,3m/s,25m,,
gcond_ee4e6195d0fe,gcond_ee4e6195d0fe,gctpl_992ec7211cac,gsec_686188edbc90,qbank_7f9e06c80aa9,实操题库_地面站考试条件_2026H1_航向相同相反题型.txt_52,2026H1,2026H1,航向相同相反题型,2026-03-07,江西01考场,航向相同相反题型-考试条件提取.docx,53,3,3,1、,coordinate;geometry;takeoff_return,"起飞点经纬度： 任务航线示意图： E:112°12'36 N:23°24'18""",112;12;36;23;24;18,°;度,起飞点,"E:112°12'36;N:23°24'18""",112°;23°,,,,
gcond_e7619d643db4,gcond_e7619d643db4,gctpl_d951804b26cc,gsec_686188edbc90,qbank_7f9e06c80aa9,实操题库_地面站考试条件_2026H1_航向相同相反题型.txt_52,2026H1,2026H1,航向相同相反题型,2026-03-07,江西01考场,航向相同相反题型-考试条件提取.docx,53,4,4,2、,other,"H到1距离50m,",1;50,m,,,,,,50m,
gcond_fe8a491b82fb,gcond_fe8a491b82fb,gctpl_aca97aadc835,gsec_686188edbc90,qbank_7f9e06c80aa9,实操题库_地面站考试条件_2026H1_航向相同相反题型.txt_52,2026H1,2026H1,航向相同相反题型,2026-03-07,江西01考场,航向相同相反题型-考试条件提取.docx,53,5,5,3、,bearing_angle,H-1航向与1-2航向相同,1;1;2,,,,,,,,
gcond_f5aae3aca57f,gcond_f5aae3aca57f,gctpl_0a34783ed2e4,gsec_686188edbc90,qbank_7f9e06c80aa9,实操题库_地面站考试条件_2026H1_航向相同相反题型.txt_52,2026H1,2026H1,航向相同相反题型,2026-03-07,江西01考场,航向相同相反题型-考试条件提取.docx,53,6,6,4、,other,2点位于3点西偏南60°,2;3;60,°,,,60°,,,,
gcond_f9b959b24988,gcond_f9b959b24988,gctpl_f1573cff4286,gsec_00807212ea55,qbank_7f9e06c80aa9,实操题库_地面站考试条件_2026H1_航向相同相反题型.txt_53,2026H1,2026H1,航向相同相反题型,2026-03-07,江西01考场,航向相同相反题型-考试条件提取.docx,54,1,1,(一),speed_height;turn_hold_loop;bearing_angle;geometry;takeoff_return,"与 的相对方位由委任代表根据 现场环境等情况进行决定。于起飞点前规划一个等边三角形并循环执 行。边长为a,航线相对地面高度为b，转弯方式为停止转弯，停留 时间不作要求；",,度,起飞点,,,,,,
gcond_2e02530dbef3,gcond_2e02530dbef3,gctpl_75783575b479,gsec_00807212ea55,qbank_7f9e06c80aa9,实操题库_地面站考试条件_2026H1_航向相同相反题型.txt_53,2026H1,2026H1,航向相同相反题型,2026-03-07,江西01考场,航向相同相反题型-考试条件提取.docx,54,2,2,(二),bearing_angle,a值为30米，b值为30米。（航线方位及各数值可由 委任代表按实际情况进行调整，考题以委任代表规定数值为准),30;30,米,,,,,30米;30米,,
gcond_205f4b37859f,gcond_205f4b37859f,gctpl_882c1bbf4dd5,gsec_00807212ea55,qbank_7f9e06c80aa9,实操题库_地面站考试条件_2026H1_航向相同相反题型.txt_53,2026H1,2026H1,航向相同相反题型,2026-03-07,江西01考场,航向相同相反题型-考试条件提取.docx,54,3,3,1、,coordinate;takeoff_return,起飞点经纬度： E:112°12'36” N:23°24'18”,112;12;36;23;24;18,°;度,起飞点,E:112°12'36”;N:23°24'18”,112°;23°,,,,
gcond_79f2b65b10c8,gcond_79f2b65b10c8,gctpl_56bef665eba4,gsec_00807212ea55,qbank_7f9e06c80aa9,实操题库_地面站考试条件_2026H1_航向相同相反题型.txt_53,2026H1,2026H1,航向相同相反题型,2026-03-07,江西01考场,航向相同相反题型-考试条件提取.docx,54,4,4,2、,bearing_angle,"H到1距离50m, H-1航向与1-2航向相同",1;50;1;1;2,m,,,,,,50m,
gcond_791ffa689ad8,gcond_791ffa689ad8,gctpl_0a34783ed2e4,gsec_00807212ea55,qbank_7f9e06c80aa9,实操题库_地面站考试条件_2026H1_航向相同相反题型.txt_53,2026H1,2026H1,航向相同相反题型,2026-03-07,江西01考场,航向相同相反题型-考试条件提取.docx,54,5,5,3、,other,2点位于3点西偏南60°,2;3;60,°,,,60°,,,,
gcond_32db0668ec7d,gcond_32db0668ec7d,gctpl_6c91b6e1d3b4,gsec_8a9936d2b003,qbank_7f9e06c80aa9,实操题库_地面站考试条件_2026H1_航向相同相反题型.txt_54,2026H1,2026H1,航向相同相反题型,2026-03-07,江西01考场,航向相同相反题型-考试条件提取.docx,55,1,1,(一),speed_height;turn_hold_loop;bearing_angle;takeoff_return,"与 的相对方位由委任代表根据 现场环境等情况进行决定。按图于起飞点前规划扫描航线。航线长度 为a,航线间隔为b,航线相对地面高度为c,水平速度为d,转弯 模式为停止转弯，停留时间不作要求；",,度,起飞点,,,,,,
gcond_be01cf432ae6,gcond_be01cf432ae6,gctpl_4835177f496e,gsec_8a9936d2b003,qbank_7f9e06c80aa9,实操题库_地面站考试条件_2026H1_航向相同相反题型.txt_54,2026H1,2026H1,航向相同相反题型,2026-03-07,江西01考场,航向相同相反题型-考试条件提取.docx,55,2,2,(二),speed_height;bearing_angle,"a值为30米（误差≤±3米），b值为10米（误差 ≤±1米)，c为30m,d值建议为3m/s。(航线方位及各数值 可由变任代表按实际情况进行调整，考题以委任代表规定数值为准)",30;3;10;1;30;3,m;m/s;米,,,,3m/s,,,
gcond_db0ff95398fe,gcond_db0ff95398fe,gctpl_ab742843610b,gsec_8a9936d2b003,qbank_7f9e06c80aa9,实操题库_地面站考试条件_2026H1_航向相同相反题型.txt_54,2026H1,2026H1,航向相同相反题型,2026-03-07,江西01考场,航向相同相反题型-考试条件提取.docx,55,3,3,1、,coordinate;takeoff_return,起飞点经纬度： N:30°15′20” E:120°04′33”,30;15;20;120;04;33,°;度,起飞点,N:30°15′20”;E:120°04′33”,30°;120°,,,,
gcond_2ace99db594e,gcond_2ace99db594e,gctpl_427529659188,gsec_8a9936d2b003,qbank_7f9e06c80aa9,实操题库_地面站考试条件_2026H1_航向相同相反题型.txt_54,2026H1,2026H1,航向相同相反题型,2026-03-07,江西01考场,航向相同相反题型-考试条件提取.docx,55,4,4,2、,other,起点倒180m,180,m,,,,,,,
gcond_8ab2adb9c099,gcond_8ab2adb9c099,gctpl_d6590321679b,gsec_8a9936d2b003,qbank_7f9e06c80aa9,实操题库_地面站考试条件_2026H1_航向相同相反题型.txt_54,2026H1,2026H1,航向相同相反题型,2026-03-07,江西01考场,航向相同相反题型-考试条件提取.docx,55,5,5,3、,bearing_angle,H-1航向与2-1航向相反,1;2;1,,,,,,,,
gcond_4ba73cae0740,gcond_4ba73cae0740,gctpl_bc118db1ce82,gsec_8a9936d2b003,qbank_7f9e06c80aa9,实操题库_地面站考试条件_2026H1_航向相同相反题型.txt_54,2026H1,2026H1,航向相同相反题型,2026-03-07,江西01考场,航向相同相反题型-考试条件提取.docx,55,6,6,4、,bearing_angle,起点位于1点SW方向,1,S,,,,,,,
gcond_13b693d8028e,gcond_13b693d8028e,gctpl_9f440957b90c,gsec_697160d294ab,qbank_7f9e06c80aa9,实操题库_地面站考试条件_2026H1_航向相同相反题型.txt_55,2026H1,2026H1,航向相同相反题型,2026-03-05,江苏03考场,航向相同相反题型-考试条件提取.docx,56,1,1,(一),coordinate;speed_height;turn_hold_loop;bearing_angle;geometry;takeoff_return,"与 的相对方位由委任代表根据 现场环境等情况进行决定。按图于起飞点前规划一个五边形并循环执 行，①②边及②③边的边长为a,∠②=∠④=∠①为90°，航线相 对地面高度为b，水平速度为c，垂直速度为4，转弯模式为停止 转弯，各点停留时间为e;",90;4,°;度,起飞点;①;②;②;③;②;④;①,,90°,,,,
gcond_72417dd594db,gcond_72417dd594db,gctpl_7c48f40d8435,gsec_697160d294ab,qbank_7f9e06c80aa9,实操题库_地面站考试条件_2026H1_航向相同相反题型.txt_55,2026H1,2026H1,航向相同相反题型,2026-03-05,江苏03考场,航向相同相反题型-考试条件提取.docx,56,2,2,(二),coordinate;speed_height;bearing_angle,"a值建议为30米，b值建议为30米，c值建议为 3m/s,d值建议为1ms,e值建议为2s。(航线方位及各数值可由 委任代表按实际情况进行调整，考题以委任代表规定数值为准)",30;30;3;1;2,m;m/s;s;米,,,,3m/s;1ms,,,
gcond_92dc08af1422,gcond_92dc08af1422,gctpl_4fb0fb9c1b43,gsec_697160d294ab,qbank_7f9e06c80aa9,实操题库_地面站考试条件_2026H1_航向相同相反题型.txt_55,2026H1,2026H1,航向相同相反题型,2026-03-05,江苏03考场,航向相同相反题型-考试条件提取.docx,56,3,3,1、,coordinate;geometry;takeoff_return,起飞点经纬度： E:112°12'36” 任务航线示意图： N:23°42'18”,112;12;36;23;42;18,°;度,起飞点,E:112°12'36”;N:23°42'18”,112°;23°,,,,
gcond_a574d98ff0de,gcond_a574d98ff0de,gctpl_ed53d96c8530,gsec_697160d294ab,qbank_7f9e06c80aa9,实操题库_地面站考试条件_2026H1_航向相同相反题型.txt_55,2026H1,2026H1,航向相同相反题型,2026-03-05,江苏03考场,航向相同相反题型-考试条件提取.docx,56,4,4,2、,bearing_angle,"H-1距离50m, H-1与2-1航向相反；",1;50;1;2;1,m,,,,,,50m,
gcond_91a6dcb8e765,gcond_91a6dcb8e765,gctpl_afcd8ccbebd7,gsec_697160d294ab,qbank_7f9e06c80aa9,实操题库_地面站考试条件_2026H1_航向相同相反题型.txt_55,2026H1,2026H1,航向相同相反题型,2026-03-05,江苏03考场,航向相同相反题型-考试条件提取.docx,56,5,5,3、,other,③号点位于②号点 西偏北30°,30,°,③;②,,30°,,,,
gcond_f87bc759f89c,gcond_f87bc759f89c,gctpl_f0371f2d4e42,gsec_48a1a54521fc,qbank_7f9e06c80aa9,实操题库_地面站考试条件_2026H1_航向相同相反题型.txt_56,2026H1,2026H1,航向相同相反题型,2026-03-05,江苏03考场,航向相同相反题型-考试条件提取.docx,57,1,1,(一),coordinate;speed_height;turn_hold_loop;bearing_angle;geometry;takeoff_return,"与 的相对方位由委任代表根据 现场环境等情况进行决定。按图于起飞点前规划一个闭合图形并循环 执行，各点之间距离不小于20米，①点相对于地面高度为a，②点相 对地面高度为b,③点相对地面高度为c,④点相对地面高度为d, 水平速度为e，垂直速度为f，转弯模式为停止转弯，停留时间不作 要求；",20,度;米,起飞点;①;②;③;④,,,,20米,20米,
gcond_562330543f0b,gcond_562330543f0b,gctpl_a4c6f3e32363,gsec_48a1a54521fc,qbank_7f9e06c80aa9,实操题库_地面站考试条件_2026H1_航向相同相反题型.txt_56,2026H1,2026H1,航向相同相反题型,2026-03-05,江苏03考场,航向相同相反题型-考试条件提取.docx,57,2,2,(二),coordinate;speed_height;bearing_angle,"a值建议为20米，b值建议为25米，c值建议为30m, d值建议为25m，e值建议为2m/s,f值建议为1m/s。(航线方位 及各数值可由委任代表按实际情况进行调整，考题以委任代表规定数 值为准)",20;25;30;25;2;1,m;m/s;米,,,,2m/s;1m/s,,,
gcond_0a43e66903ed,gcond_0a43e66903ed,gctpl_905b52be7be0,gsec_48a1a54521fc,qbank_7f9e06c80aa9,实操题库_地面站考试条件_2026H1_航向相同相反题型.txt_56,2026H1,2026H1,航向相同相反题型,2026-03-05,江苏03考场,航向相同相反题型-考试条件提取.docx,57,3,3,1、,coordinate;takeoff_return,起飞点经纬度： E:112°12'36” N:23°42'18”,112;12;36;23;42;18,°;度,起飞点,E:112°12'36”;N:23°42'18”,112°;23°,,,,
gcond_dff3b7afea2f,gcond_dff3b7afea2f,gctpl_ed53d96c8530,gsec_48a1a54521fc,qbank_7f9e06c80aa9,实操题库_地面站考试条件_2026H1_航向相同相反题型.txt_56,2026H1,2026H1,航向相同相反题型,2026-03-05,江苏03考场,航向相同相反题型-考试条件提取.docx,57,4,4,2、,bearing_angle,"H-1距离50m, H-1与2-1航向相反；",1;50;1;2;1,m,,,,,,50m,
gcond_c7a84ce33de7,gcond_c7a84ce33de7,gctpl_2cd6638ab543,gsec_48a1a54521fc,qbank_7f9e06c80aa9,实操题库_地面站考试条件_2026H1_航向相同相反题型.txt_56,2026H1,2026H1,航向相同相反题型,2026-03-05,江苏03考场,航向相同相反题型-考试条件提取.docx,57,5,5,3、,other,3位于2西偏北30°,3;2;30,°,,,30°,,,,
gcond_1b3395686148,gcond_1b3395686148,gctpl_493617f73a35,gsec_c8bc7b8cc2ad,qbank_7f9e06c80aa9,实操题库_地面站考试条件_2026H1_航向相同相反题型.txt_57,2026H1,2026H1,航向相同相反题型,2026-03-05,江苏03考场,航向相同相反题型-考试条件提取.docx,58,1,1,(一),speed_height;turn_hold_loop;bearing_angle;geometry;takeoff_return,"与 的相对方位由委任代表根据 现场环境等情况进行决定。于起飞点前规划一个等边三角形并循环执 行，边长为a，航线相对地面高度b，水平速度为c，垂直速度为 d,转弯方式为停止转弯，停留时间不作要求；",,度,起飞点,,,,,,
gcond_fb5fe3bc6731,gcond_fb5fe3bc6731,gctpl_312bdb8dd8f4,gsec_c8bc7b8cc2ad,qbank_7f9e06c80aa9,实操题库_地面站考试条件_2026H1_航向相同相反题型.txt_57,2026H1,2026H1,航向相同相反题型,2026-03-05,江苏03考场,航向相同相反题型-考试条件提取.docx,58,2,2,(二),speed_height;bearing_angle,"a值建议为30米，b值建议为30米，c值建议为3m/s, d值建议为1m/s。(航线方位及各数值可由委任代表按实际情况进 行调整，考题以委任代表规定数值为准)",30;30;3;1,m/s;米,,,,3m/s;1m/s,,,
gcond_e8b113566513,gcond_e8b113566513,gctpl_47fdf1d82584,gsec_c8bc7b8cc2ad,qbank_7f9e06c80aa9,实操题库_地面站考试条件_2026H1_航向相同相反题型.txt_57,2026H1,2026H1,航向相同相反题型,2026-03-05,江苏03考场,航向相同相反题型-考试条件提取.docx,58,3,3,1、,coordinate;takeoff_return,起飞点经纬度： N:23°42'18” E:112°12'36”,23;42;18;112;12;36,°;度,起飞点,N:23°42'18”;E:112°12'36”,23°;112°,,,,
gcond_c53a76e47ccd,gcond_c53a76e47ccd,gctpl_1bc79ce10322,gsec_c8bc7b8cc2ad,qbank_7f9e06c80aa9,实操题库_地面站考试条件_2026H1_航向相同相反题型.txt_57,2026H1,2026H1,航向相同相反题型,2026-03-05,江苏03考场,航向相同相反题型-考试条件提取.docx,58,4,4,2、,bearing_angle,"H-1距离50m, H-1与2-1航向相反：",1;50;1;2;1,m,,,,,,50m,
gcond_fe5281ae90f1,gcond_fe5281ae90f1,gctpl_2cd6638ab543,gsec_c8bc7b8cc2ad,qbank_7f9e06c80aa9,实操题库_地面站考试条件_2026H1_航向相同相反题型.txt_57,2026H1,2026H1,航向相同相反题型,2026-03-05,江苏03考场,航向相同相反题型-考试条件提取.docx,58,5,5,3、,other,3位于2西偏北30°,3;2;30,°,,,30°,,,,
gcond_717372a9c6bd,gcond_717372a9c6bd,gctpl_ba6fe462af6a,gsec_77c92723d01f,qbank_7f9e06c80aa9,实操题库_地面站考试条件_2026H1_航向相同相反题型.txt_58,2026H1,2026H1,航向相同相反题型,2026-03-05,江苏03考场,航向相同相反题型-考试条件提取.docx,59,1,1,(一),coordinate;speed_height;turn_hold_loop;bearing_angle;geometry;takeoff_return,"与 的相对方位由委任代表根据 现场环境等情况进行决定。按图于起飞点前规划一个四边形并循环执 行，①②边、②③边边长为a，③④边边长为b,∠②=∠③=90 航线相对地面高度为c，水平速度为d,垂直速度为e，转弯模式为 停止转弯，停留时间不作要求；",90,度,起飞点;①;②;②;③;③;④;②;③,,,,,,
gcond_49d7c720a2b1,gcond_49d7c720a2b1,gctpl_7cfd7700519f,gsec_77c92723d01f,qbank_7f9e06c80aa9,实操题库_地面站考试条件_2026H1_航向相同相反题型.txt_58,2026H1,2026H1,航向相同相反题型,2026-03-05,江苏03考场,航向相同相反题型-考试条件提取.docx,59,2,2,(二),coordinate;speed_height;bearing_angle,"a值建议为20米，b值建议为30米，c值建议为30m, d值建议为3m/s,e值建议为2m/s。(航线方位及各数值可由委任 代表按实际情况进行调整，考题以委任代表规定数值为准)",20;30;30;3;2,m;m/s;米,,,,3m/s;2m/s,,,
gcond_748172399f95,gcond_748172399f95,gctpl_905b52be7be0,gsec_77c92723d01f,qbank_7f9e06c80aa9,实操题库_地面站考试条件_2026H1_航向相同相反题型.txt_58,2026H1,2026H1,航向相同相反题型,2026-03-05,江苏03考场,航向相同相反题型-考试条件提取.docx,59,3,3,1、,coordinate;takeoff_return,起飞点经纬度： E:112°12'36” N:23°42'18”,112;12;36;23;42;18,°;度,起飞点,E:112°12'36”;N:23°42'18”,112°;23°,,,,
gcond_21683a2b007a,gcond_21683a2b007a,gctpl_ed53d96c8530,gsec_77c92723d01f,qbank_7f9e06c80aa9,实操题库_地面站考试条件_2026H1_航向相同相反题型.txt_58,2026H1,2026H1,航向相同相反题型,2026-03-05,江苏03考场,航向相同相反题型-考试条件提取.docx,59,4,4,2、,bearing_angle,"H-1距离50m, H-1与2-1航向相反；",1;50;1;2;1,m,,,,,,50m,
gcond_f43b0d3cb5f7,gcond_f43b0d3cb5f7,gctpl_2cd6638ab543,gsec_77c92723d01f,qbank_7f9e06c80aa9,实操题库_地面站考试条件_2026H1_航向相同相反题型.txt_58,2026H1,2026H1,航向相同相反题型,2026-03-05,江苏03考场,航向相同相反题型-考试条件提取.docx,59,5,5,3、,other,3位于2西偏北30°,3;2;30,°,,,30°,,,,
gcond_bbba1d7d7877,gcond_bbba1d7d7877,gctpl_d51877e4950f,gsec_243c97e4cf83,qbank_7f9e06c80aa9,实操题库_地面站考试条件_2026H1_航向相同相反题型.txt_59,2026H1,2026H1,航向相同相反题型,2026-03-06,山西O3考场,航向相同相反题型-考试条件提取.docx,60,1,1,(一),speed_height;turn_hold_loop;bearing_angle;geometry,"与 的相对方位由委任代表根据现场环境等情况 进行决定。规划一个等腰直角三角形并循环执行，①②边长为a1，①③边长为a2, ∠①为直角，航线相对地面高度b，水平速度为c，垂直速度为d，转弯方式为停 止转弯，停留时间为5s；",1;2;5,s;度,①;②;①;③;①,,,,,,site_uses_letter_O
gcond_9ae5420af380,gcond_9ae5420af380,gctpl_e2a389225d7c,gsec_243c97e4cf83,qbank_7f9e06c80aa9,实操题库_地面站考试条件_2026H1_航向相同相反题型.txt_59,2026H1,2026H1,航向相同相反题型,2026-03-06,山西O3考场,航向相同相反题型-考试条件提取.docx,60,2,2,(二),speed_height,"a1、a2值为50米，b值为50米，c值为3m/s,d值为2m/s。",1;2;50;50;3;2,m/s;米,,,,3m/s;2m/s,,,site_uses_letter_O
gcond_aac4b030a845,gcond_aac4b030a845,gctpl_622a7baf545f,gsec_243c97e4cf83,qbank_7f9e06c80aa9,实操题库_地面站考试条件_2026H1_航向相同相反题型.txt_59,2026H1,2026H1,航向相同相反题型,2026-03-06,山西O3考场,航向相同相反题型-考试条件提取.docx,60,3,3,1、,coordinate;takeoff_return,起飞点经纬度： N:27°46'19” E:123°12'17”,27;46;19;123;12;17,°;度,起飞点,N:27°46'19”;E:123°12'17”,27°;123°,,,,site_uses_letter_O
gcond_14515d54c424,gcond_14515d54c424,gctpl_ba1131992bb4,gsec_243c97e4cf83,qbank_7f9e06c80aa9,实操题库_地面站考试条件_2026H1_航向相同相反题型.txt_59,2026H1,2026H1,航向相同相反题型,2026-03-06,山西O3考场,航向相同相反题型-考试条件提取.docx,60,4,4,2、,other,当地风向：西北风 2-1逆风飞行，H距离1点 120米。,2;1;1;120,米,2,,,,,120米,site_uses_letter_O
gcond_f8d2b946ad02,gcond_f8d2b946ad02,gctpl_91018c233401,gsec_243c97e4cf83,qbank_7f9e06c80aa9,实操题库_地面站考试条件_2026H1_航向相同相反题型.txt_59,2026H1,2026H1,航向相同相反题型,2026-03-06,山西O3考场,航向相同相反题型-考试条件提取.docx,60,5,5,3、,bearing_angle,2-3的航向和H-1的航 向相反。,2;3;1,,2,,,,,,site_uses_letter_O
gcond_1e8fec673afa,gcond_1e8fec673afa,gctpl_eeefc6615b66,gsec_6a3ae98afbc1,qbank_7f9e06c80aa9,实操题库_地面站考试条件_2026H1_航向相同相反题型.txt_60,2026H1,2026H1,航向相同相反题型,2026-03-06,广东03考场,航向相同相反题型-考试条件提取.docx,61,1,1,(一),speed_height;turn_hold_loop;bearing_angle;geometry;takeoff_return,"与 的相对方位由委任代表根据 现场环境等情况进行决定。于起飞点前规划一个等边三角形并循环执 行，边长为a，航线相对地面高度为b,水平速度为c,垂直速度为 d，转弯方式为停止转弯，停留时间不作要求；",,度,起飞点,,,,,,
gcond_f948d07847d5,gcond_f948d07847d5,gctpl_312bdb8dd8f4,gsec_6a3ae98afbc1,qbank_7f9e06c80aa9,实操题库_地面站考试条件_2026H1_航向相同相反题型.txt_60,2026H1,2026H1,航向相同相反题型,2026-03-06,广东03考场,航向相同相反题型-考试条件提取.docx,61,2,2,(二),speed_height;bearing_angle,"a值建议为30米，b值建议为30米，c值建议为3m/s, d值建议为1m/s。 (航线方位及各数值可由委任代表按实际情况进 行调整，考题以委任代表规定数值为准)",30;30;3;1,m/s;米,,,,3m/s;1m/s,,,
gcond_bd266b1acbf2,gcond_bd266b1acbf2,gctpl_1639ef868d50,gsec_6a3ae98afbc1,qbank_7f9e06c80aa9,实操题库_地面站考试条件_2026H1_航向相同相反题型.txt_60,2026H1,2026H1,航向相同相反题型,2026-03-06,广东03考场,航向相同相反题型-考试条件提取.docx,61,3,3,1、,coordinate;takeoff_return,"起飞点经纬度： N:22°38'51"" E:114°06'33""",22;38;51;114;06;33,°;度,起飞点,"N:22°38'51"";E:114°06'33""",22°;114°,,,,
gcond_0fb97dc8591c,gcond_0fb97dc8591c,gctpl_1e34feae806c,gsec_6a3ae98afbc1,qbank_7f9e06c80aa9,实操题库_地面站考试条件_2026H1_航向相同相反题型.txt_60,2026H1,2026H1,航向相同相反题型,2026-03-06,广东03考场,航向相同相反题型-考试条件提取.docx,61,4,4,2、,other,当地风向为：西南风 1→H为顺风，距离120m,1;120,m,1,,,,,120m,
gcond_d259fb17604d,gcond_d259fb17604d,gctpl_bd34ca87c4ec,gsec_6a3ae98afbc1,qbank_7f9e06c80aa9,实操题库_地面站考试条件_2026H1_航向相同相反题型.txt_60,2026H1,2026H1,航向相同相反题型,2026-03-06,广东03考场,航向相同相反题型-考试条件提取.docx,61,5,5,3、,bearing_angle,2→3与1→H航向相同,2;3;1,,2,,,,,,
gcond_e3f644c1473d,gcond_e3f644c1473d,gctpl_8b02a94fa7d2,gsec_621b577dc4b3,qbank_7f9e06c80aa9,实操题库_地面站考试条件_2026H1_航向相同相反题型.txt_61,2026H1,2026H1,航向相同相反题型,2026-03-06,广东03考场,航向相同相反题型-考试条件提取.docx,62,1,1,(一),coordinate;speed_height;turn_hold_loop;bearing_angle,"与 的相对方位由委任代表根据 现场环境等情况进行决定。规划扫描航线要求不闭合不循环，航线长 度为a,航线间隔为b,航线相对地面高度为c,水平速度为d，垂 直速度为e，转弯模式为停止转弯，停留时间不作要求；",,度,,,,,,,
gcond_6af48607c793,gcond_6af48607c793,gctpl_a91cd3546c6c,gsec_621b577dc4b3,qbank_7f9e06c80aa9,实操题库_地面站考试条件_2026H1_航向相同相反题型.txt_61,2026H1,2026H1,航向相同相反题型,2026-03-06,广东03考场,航向相同相反题型-考试条件提取.docx,62,2,2,(二),coordinate;speed_height,"a值为300米，b值为100米，c值为300m,d值为3m/s e值为2m/s。 插n别老试成结： ☐通 门不通村 老宣然立：",300;100;300;3;2,m;m/s;米,,,,3m/s;2m/s,,,
gcond_74fddca010b4,gcond_74fddca010b4,gctpl_25b90a70e62b,gsec_621b577dc4b3,qbank_7f9e06c80aa9,实操题库_地面站考试条件_2026H1_航向相同相反题型.txt_61,2026H1,2026H1,航向相同相反题型,2026-03-06,广东03考场,航向相同相反题型-考试条件提取.docx,62,3,3,1、,coordinate;takeoff_return,"起飞点经纬度： N:28°39'30"" E:115°56'32”",28;39;30;115;56;32,°;度,起飞点,"N:28°39'30"";E:115°56'32”",28°;115°,,,,
gcond_19650220dcf2,gcond_19650220dcf2,gctpl_5c52204e2176,gsec_621b577dc4b3,qbank_7f9e06c80aa9,实操题库_地面站考试条件_2026H1_航向相同相反题型.txt_61,2026H1,2026H1,航向相同相反题型,2026-03-06,广东03考场,航向相同相反题型-考试条件提取.docx,62,4,4,2、,bearing_angle;takeoff_return,起飞点到任务 6 航线2点的距离是 100米。 起飞点-1点和2点 1点航向相同。,6;2;100;1;2;1,米,起飞点;6;起飞点,,,,100米,100米,
gcond_be14cc3444d7,gcond_be14cc3444d7,gctpl_e846bd4d1b22,gsec_621b577dc4b3,qbank_7f9e06c80aa9,实操题库_地面站考试条件_2026H1_航向相同相反题型.txt_61,2026H1,2026H1,航向相同相反题型,2026-03-06,广东03考场,航向相同相反题型-考试条件提取.docx,62,5,5,3、,bearing_angle,1号点位于起 飞点SW方向,1,S,,,,,,,
gcond_201d1daa9ab4,gcond_201d1daa9ab4,gctpl_4574e907cf86,gsec_95ea3ae79c22,qbank_7f9e06c80aa9,实操题库_地面站考试条件_2026H1_航向相同相反题型.txt_62,2026H1,2026H1,航向相同相反题型,2026-03-06,广东03考场,航向相同相反题型-考试条件提取.docx,63,1,1,(一),coordinate;speed_height;turn_hold_loop;bearing_angle;geometry;takeoff_return,"与 的相对方位由委任代表根据 现场环境等情况进行决定。按图于起飞点前规划一个五边形并循环执 行，①②边及②③边的边长为a,∠②=∠④=∠①为90°，航线相 对地面高度为b，水平速度为c，垂直速度为d，转弯模式为停止 转弯，各点停留时间为e；",90,°;度,起飞点;①;②;②;③;②;④;①,,90°,,,,
gcond_0cfb86842270,gcond_0cfb86842270,gctpl_28971eadb502,gsec_95ea3ae79c22,qbank_7f9e06c80aa9,实操题库_地面站考试条件_2026H1_航向相同相反题型.txt_62,2026H1,2026H1,航向相同相反题型,2026-03-06,广东03考场,航向相同相反题型-考试条件提取.docx,63,2,2,(二),coordinate;speed_height;bearing_angle,"a值建议为30米，b值建议为30米，c值建议为 3m/s,d建议为1m/s,e值建议为2s。(航线方位及各数值可由 委任代表按实际情况进行调整，考题以委任代表规定数值为准)",30;30;3;1;2,m/s;s;米,,,,3m/s;1m/s,,,
gcond_0558a1972003,gcond_0558a1972003,gctpl_cb28000b0040,gsec_95ea3ae79c22,qbank_7f9e06c80aa9,实操题库_地面站考试条件_2026H1_航向相同相反题型.txt_62,2026H1,2026H1,航向相同相反题型,2026-03-06,广东03考场,航向相同相反题型-考试条件提取.docx,63,3,3,1、,coordinate;takeoff_return,"起飞点经纬度： N:22°38'51"" 4 E:114°06'33""",22;38;51;4;114;06;33,°;度,起飞点;4,"N:22°38'51"";E:114°06'33""",22°;114°,,,,
gcond_4eb6a1574fba,gcond_4eb6a1574fba,gctpl_1e34feae806c,gsec_95ea3ae79c22,qbank_7f9e06c80aa9,实操题库_地面站考试条件_2026H1_航向相同相反题型.txt_62,2026H1,2026H1,航向相同相反题型,2026-03-06,广东03考场,航向相同相反题型-考试条件提取.docx,63,4,4,2、,other,当地风向为：西南风 1→H为顺风，距离120m,1;120,m,1,,,,,120m,
gcond_41e95b673e7a,gcond_41e95b673e7a,gctpl_bd34ca87c4ec,gsec_95ea3ae79c22,qbank_7f9e06c80aa9,实操题库_地面站考试条件_2026H1_航向相同相反题型.txt_62,2026H1,2026H1,航向相同相反题型,2026-03-06,广东03考场,航向相同相反题型-考试条件提取.docx,63,5,5,3、,bearing_angle,2→3与1→H航向相同,2;3;1,,2,,,,,,
gcond_06b0cc8bb7be,gcond_06b0cc8bb7be,gctpl_a6a4be16f88e,gsec_4edd87878cca,qbank_7f9e06c80aa9,实操题库_地面站考试条件_2026H1_航向相同相反题型.txt_63,2026H1,2026H1,航向相同相反题型,2026-04-17,河南01考场,航向相同相反题型-考试条件提取.docx,64,1,1,(一),coordinate;speed_height;turn_hold_loop,"规划扫描航线要求不闭合不循环，航线长度为a,航线间 隔为b,航线相对地面高度为c,水平速度为d,垂直速度为e,转弯 模式为协调转弯；",,度,,,,,,,
gcond_7e05be513831,gcond_7e05be513831,gctpl_18ee2e6b5e5a,gsec_4edd87878cca,qbank_7f9e06c80aa9,实操题库_地面站考试条件_2026H1_航向相同相反题型.txt_63,2026H1,2026H1,航向相同相反题型,2026-04-17,河南01考场,航向相同相反题型-考试条件提取.docx,64,2,2,(二),coordinate;speed_height,"a值为400米，b值为200米，c值为300m,d值为6m/s, e值为4m/s。",400;200;300;6;4,m;m/s;米,,,,6m/s;4m/s,,,
gcond_5f98b0601cb9,gcond_5f98b0601cb9,gctpl_9c88041b72c0,gsec_4edd87878cca,qbank_7f9e06c80aa9,实操题库_地面站考试条件_2026H1_航向相同相反题型.txt_63,2026H1,2026H1,航向相同相反题型,2026-04-17,河南01考场,航向相同相反题型-考试条件提取.docx,64,3,3,一：,coordinate;takeoff_return,"起飞点经纬度： 12 N:23°39′30"" E:111°5632”",12;23;39;30;111;5632,°;度,起飞点,"N:23°39′30"";E:111°5632”",23°;111°,,,,
gcond_a230fefd938d,gcond_a230fefd938d,gctpl_49ace78d4c59,gsec_4edd87878cca,qbank_7f9e06c80aa9,实操题库_地面站考试条件_2026H1_航向相同相反题型.txt_63,2026H1,2026H1,航向相同相反题型,2026-04-17,河南01考场,航向相同相反题型-考试条件提取.docx,64,4,4,二：,bearing_angle;takeoff_return,；起飞点到任务 航线2点的距离是 200米。 起飞点到2点和8点 到9点航向相反。,2;200;2;8;9,米,起飞点;起飞点,,,,200米,200米,
gcond_48775685744c,gcond_48775685744c,gctpl_9317c7ddde04,gsec_4edd87878cca,qbank_7f9e06c80aa9,实操题库_地面站考试条件_2026H1_航向相同相反题型.txt_63,2026H1,2026H1,航向相同相反题型,2026-04-17,河南01考场,航向相同相反题型-考试条件提取.docx,64,5,5,三：,other,2号点位于起飞 点西偏南15°,2;15,°,,,15°,,,,
gcond_b27cdbcf3c3c,gcond_b27cdbcf3c3c,gctpl_078eb3b73eee,gsec_a0e52cbed451,qbank_7f9e06c80aa9,实操题库_地面站考试条件_2026H1_航向相同相反题型.txt_64,2026H1,2026H1,航向相同相反题型,2026-04-17,河南01考场,航向相同相反题型-考试条件提取.docx,65,1,1,(一),coordinate;speed_height;turn_hold_loop;bearing_angle;geometry,"规划一个闭合五边形并循环执行，①②、②③、③④、④⑤、①⑤边 的边长为a,∠②=∠①为90°，航线相对地面高度为b,水平速度为c,垂直 速度为d,转弯模式为停止转弯，各点停留时间为e;",90,°;度,①;②;②;③;③;④;④;⑤;①;⑤;②;①,,90°,,,,
gcond_6bb9d947576d,gcond_6bb9d947576d,gctpl_9065b281cc45,gsec_a0e52cbed451,qbank_7f9e06c80aa9,实操题库_地面站考试条件_2026H1_航向相同相反题型.txt_64,2026H1,2026H1,航向相同相反题型,2026-04-17,河南01考场,航向相同相反题型-考试条件提取.docx,65,2,2,(二),coordinate;speed_height,"a值为50米，b值为50米，c值为3m/s,d值为2ms,e值为 10s",50;50;3;2;10,m;m/s;s;米,,,,3m/s;2ms,,,
gcond_dbde1c794a6f,gcond_dbde1c794a6f,gctpl_c2aabe598edc,gsec_a0e52cbed451,qbank_7f9e06c80aa9,实操题库_地面站考试条件_2026H1_航向相同相反题型.txt_64,2026H1,2026H1,航向相同相反题型,2026-04-17,河南01考场,航向相同相反题型-考试条件提取.docx,65,3,3,一：,coordinate;takeoff_return,起飞点经纬度： N:28°00'12” E:115°06′32”,28;00;12;115;06;32,°;度,起飞点,N:28°00'12”;E:115°06′32”,28°;115°,,,,
gcond_b6a4557d1d04,gcond_b6a4557d1d04,gctpl_e6528ffb119e,gsec_a0e52cbed451,qbank_7f9e06c80aa9,实操题库_地面站考试条件_2026H1_航向相同相反题型.txt_64,2026H1,2026H1,航向相同相反题型,2026-04-17,河南01考场,航向相同相反题型-考试条件提取.docx,65,4,4,二：,bearing_angle;geometry;takeoff_return,起飞点到任务航线 1点的距离是100米。 起飞点到1和4点到5点 航向相同。,1;100;1;4;5,米,起飞点;起飞点,,,,100米,100米,
gcond_b440352e714a,gcond_b440352e714a,gctpl_416b0b072fca,gsec_a0e52cbed451,qbank_7f9e06c80aa9,实操题库_地面站考试条件_2026H1_航向相同相反题型.txt_64,2026H1,2026H1,航向相同相反题型,2026-04-17,河南01考场,航向相同相反题型-考试条件提取.docx,65,5,5,三：,takeoff_return,1号点位于起飞点 南偏东25°,1;25,°,起飞点,,25°,,,,
gcond_c6c378d83308,gcond_c6c378d83308,gctpl_717d2e4d9774,gsec_1203e605f280,qbank_7f9e06c80aa9,实操题库_地面站考试条件_2026H1_航向相同相反题型.txt_65,2026H1,2026H1,航向相同相反题型,2026-04-20,山东04考场,航向相同相反题型-考试条件提取.docx,66,1,1,(一),speed_height;turn_hold_loop;bearing_angle;geometry,"规划一个闭合五边形并循环执行，①②、②③、③④、④⑤、①⑤边 的边长为a,∠②=∠①为90°，航线相对地面高度为b,水平速度为c，垂直 速度为d,转弯模式为协调转弯；",90,°;度,①;②;②;③;③;④;④;⑤;①;⑤;②;①,,90°,,,,
gcond_23331d3e302e,gcond_23331d3e302e,gctpl_c753303c769d,gsec_1203e605f280,qbank_7f9e06c80aa9,实操题库_地面站考试条件_2026H1_航向相同相反题型.txt_65,2026H1,2026H1,航向相同相反题型,2026-04-20,山东04考场,航向相同相反题型-考试条件提取.docx,66,2,2,(二),speed_height,"a值为50米，b值为60米，c值为4m/s,d值为2m/s",50;60;4;2,m/s;米,,,,4m/s;2m/s,,,
gcond_56217ec3733c,gcond_56217ec3733c,gctpl_9b1d2d006f11,gsec_1203e605f280,qbank_7f9e06c80aa9,实操题库_地面站考试条件_2026H1_航向相同相反题型.txt_65,2026H1,2026H1,航向相同相反题型,2026-04-20,山东04考场,航向相同相反题型-考试条件提取.docx,66,3,3,一：,coordinate;takeoff_return,"起飞点经纬度： N:29°01'10” E:113°06′31""”",29;01;10;113;06;31,°;度,起飞点,"N:29°01'10”;E:113°06′31""",29°;113°,,,,
gcond_584b3caabd4a,gcond_584b3caabd4a,gctpl_7bc6d6bfc1f7,gsec_1203e605f280,qbank_7f9e06c80aa9,实操题库_地面站考试条件_2026H1_航向相同相反题型.txt_65,2026H1,2026H1,航向相同相反题型,2026-04-20,山东04考场,航向相同相反题型-考试条件提取.docx,66,4,4,二：,bearing_angle;geometry;takeoff_return,起飞点到任务航线 1点的距离是130米。 起飞点到1和4点到5点 航向相反。,1;130;1;4;5,米,起飞点;起飞点,,,,130米,130米,
gcond_5ae24791ad16,gcond_5ae24791ad16,gctpl_0a9a1ddf40e8,gsec_1203e605f280,qbank_7f9e06c80aa9,实操题库_地面站考试条件_2026H1_航向相同相反题型.txt_65,2026H1,2026H1,航向相同相反题型,2026-04-20,山东04考场,航向相同相反题型-考试条件提取.docx,66,5,5,三：,takeoff_return,1号点位于起飞点 南偏西25°,1;25,°,起飞点,,25°,,,,
gcond_882bee1b3be7,gcond_882bee1b3be7,gctpl_c492e887cfe9,gsec_1c71ddf7f4d6,qbank_7f9e06c80aa9,实操题库_地面站考试条件_2026H1_航向相同相反题型.txt_66,2026H1,2026H1,航向相同相反题型,2026-04-20,山东04考场,航向相同相反题型-考试条件提取.docx,67,1,1,(一),coordinate;speed_height;turn_hold_loop;bearing_angle;geometry,"按图规划一个闭合四边形并循环执行，①②边、②③边边 长为a,①④边边长为b,∠②=∠①=90°航线相对地面高度为c, 水平速度为d，垂直速度为e,转弯模式为协调转弯；",90,°;度,①;②;②;③;①;④;②;①,,90°,,,,
gcond_d70f4d68a892,gcond_d70f4d68a892,gctpl_e157b0c70e9b,gsec_1c71ddf7f4d6,qbank_7f9e06c80aa9,实操题库_地面站考试条件_2026H1_航向相同相反题型.txt_66,2026H1,2026H1,航向相同相反题型,2026-04-20,山东04考场,航向相同相反题型-考试条件提取.docx,67,2,2,(二),coordinate;speed_height,"a值为200米，b值为400米，c值为300m,d值为 6m/s,e值为3m/s。",200;400;300;6;3,m;m/s;米,,,,6m/s;3m/s,,,
gcond_99fd2f415186,gcond_99fd2f415186,gctpl_125d9751a5cd,gsec_1c71ddf7f4d6,qbank_7f9e06c80aa9,实操题库_地面站考试条件_2026H1_航向相同相反题型.txt_66,2026H1,2026H1,航向相同相反题型,2026-04-20,山东04考场,航向相同相反题型-考试条件提取.docx,67,3,3,二：,bearing_angle;geometry;takeoff_return,起飞点到任务航线1 点的距离是150米。 起飞点到1点和3点到2 点航向相同。,1;150;1;3;2,米,起飞点;起飞点,,,,150米,150米,
gcond_fc9b7a80db4a,gcond_fc9b7a80db4a,gctpl_7bb7903d4c8b,gsec_1c71ddf7f4d6,qbank_7f9e06c80aa9,实操题库_地面站考试条件_2026H1_航向相同相反题型.txt_66,2026H1,2026H1,航向相同相反题型,2026-04-20,山东04考场,航向相同相反题型-考试条件提取.docx,67,4,4,三：,other,3号点位于2点东偏 南35°。,3;2;35,°,,,35°,,,,
gcond_b84a715b9dce,gcond_b84a715b9dce,gctpl_f587d9cb49d2,gsec_e03d6bb05506,qbank_7f9e06c80aa9,实操题库_地面站考试条件_2026H1_航向相同相反题型.txt_67,2026H1,2026H1,航向相同相反题型,2026-04-21,广东01考场,航向相同相反题型-考试条件提取.docx,68,1,1,(一),speed_height;turn_hold_loop;bearing_angle;geometry,"规划一个闭合等边三角形并循环执行，闭合点高度与①号点保持一 致，边长为a，所有航线相对地面高度为b，水平速度为c，垂直速度为d, 转弯方式为停止转弯，停留时间为f;",,度,①,,,,,,
gcond_063c2feba55b,gcond_063c2feba55b,gctpl_8dfd6c011ea3,gsec_e03d6bb05506,qbank_7f9e06c80aa9,实操题库_地面站考试条件_2026H1_航向相同相反题型.txt_67,2026H1,2026H1,航向相同相反题型,2026-04-21,广东01考场,航向相同相反题型-考试条件提取.docx,68,2,2,(二),speed_height,"a值为100米，b值为50米，c值为5m/s,d值为2m/s,f值为 8s。",100;50;5;2;8,m/s;s;米,,,,5m/s;2m/s,,,
gcond_3fb57bc52d18,gcond_3fb57bc52d18,gctpl_95b6c3dec5a1,gsec_e03d6bb05506,qbank_7f9e06c80aa9,实操题库_地面站考试条件_2026H1_航向相同相反题型.txt_67,2026H1,2026H1,航向相同相反题型,2026-04-21,广东01考场,航向相同相反题型-考试条件提取.docx,68,3,3,二：,bearing_angle;takeoff_return,起飞点到任 务航线2点的距离 是100米。 起飞点到2点和2 点到3点航向相反。,2;100;2;2;3,米,起飞点;起飞点,,,,100米,100米,
gcond_73a2f9e44378,gcond_73a2f9e44378,gctpl_9317c7ddde04,gsec_e03d6bb05506,qbank_7f9e06c80aa9,实操题库_地面站考试条件_2026H1_航向相同相反题型.txt_67,2026H1,2026H1,航向相同相反题型,2026-04-21,广东01考场,航向相同相反题型-考试条件提取.docx,68,4,4,三：,other,2号点位于起 飞点西偏南15°,2;15,°,,,15°,,,,
gcond_703fef231bd3,gcond_703fef231bd3,gctpl_f587d9cb49d2,gsec_c3abba0c2374,qbank_7f9e06c80aa9,实操题库_地面站考试条件_2026H1_航向相同相反题型.txt_68,2026H1,2026H1,航向相同相反题型,2026-04-21,广东01考场,航向相同相反题型-考试条件提取.docx,69,1,1,(一),speed_height;turn_hold_loop;bearing_angle;geometry,"规划一个闭合等边三角形并循环执行，闭合点高度与①号点保持一 致，边长为a，所有航线相对地面高度为b，水平速度为c，垂直速度为d, 转弯方式为停止转弯，停留时间为f;",,度,①,,,,,,
gcond_624c405b6c53,gcond_624c405b6c53,gctpl_8dfd6c011ea3,gsec_c3abba0c2374,qbank_7f9e06c80aa9,实操题库_地面站考试条件_2026H1_航向相同相反题型.txt_68,2026H1,2026H1,航向相同相反题型,2026-04-21,广东01考场,航向相同相反题型-考试条件提取.docx,69,2,2,(二),speed_height,"a值为100米，b值为50米，c值为5m/s,d值为2m/s,f值为 8s。",100;50;5;2;8,m/s;s;米,,,,5m/s;2m/s,,,
gcond_b2da12255d19,gcond_b2da12255d19,gctpl_bde3cdc8f67e,gsec_c3abba0c2374,qbank_7f9e06c80aa9,实操题库_地面站考试条件_2026H1_航向相同相反题型.txt_68,2026H1,2026H1,航向相同相反题型,2026-04-21,广东01考场,航向相同相反题型-考试条件提取.docx,69,3,3,一：,coordinate;takeoff_return,"起飞点经纬度： N:22°29'30"" E:114°36'22”",22;29;30;114;36;22,°;度,起飞点,"N:22°29'30"";E:114°36'22”",22°;114°,,,,
gcond_4b5786b2a8c7,gcond_4b5786b2a8c7,gctpl_e2b5e2e845de,gsec_c3abba0c2374,qbank_7f9e06c80aa9,实操题库_地面站考试条件_2026H1_航向相同相反题型.txt_68,2026H1,2026H1,航向相同相反题型,2026-04-21,广东01考场,航向相同相反题型-考试条件提取.docx,69,4,4,二：,bearing_angle;takeoff_return,起飞点到任 务航线2点的距离 是200米。 起飞点到2点和2 点到3点航向相同,2;200;2;2;3,米,起飞点;起飞点,,,,200米,200米,
gcond_31d66fa5c08e,gcond_31d66fa5c08e,gctpl_3d2686d833b6,gsec_c3abba0c2374,qbank_7f9e06c80aa9,实操题库_地面站考试条件_2026H1_航向相同相反题型.txt_68,2026H1,2026H1,航向相同相反题型,2026-04-21,广东01考场,航向相同相反题型-考试条件提取.docx,69,5,5,三：,other,2号点位于起 飞点西偏北25°,2;25,°,,,25°,,,,
gcond_17446ac1ec81,gcond_17446ac1ec81,gctpl_0b610eb7ae87,gsec_64b811d833bb,qbank_7f9e06c80aa9,实操题库_地面站考试条件_2026H1_航向相同相反题型.txt_69,2026H1,2026H1,航向相同相反题型,2026-04-21,广东01考场,航向相同相反题型-考试条件提取.docx,70,1,1,(一),coordinate;speed_height;turn_hold_loop,"规划扫描航线要求不闭合不循环，航线长度为a,航线间 隔为b,航线相对地面高度为c,水平速度为d,垂直速度为e,转弯 方式为停止转弯，各点停留时间为f；",,度,,,,,,,
gcond_fb2897045ed2,gcond_fb2897045ed2,gctpl_b6c2a0199c1c,gsec_64b811d833bb,qbank_7f9e06c80aa9,实操题库_地面站考试条件_2026H1_航向相同相反题型.txt_69,2026H1,2026H1,航向相同相反题型,2026-04-21,广东01考场,航向相同相反题型-考试条件提取.docx,70,2,2,(二),coordinate;speed_height,"a值为300米，b值为100米，c值为300m,d值为3m/s, e值为2m/s,f值为10s",300;100;300;3;2;10,m;m/s;s;米,,,,3m/s;2m/s,,,
gcond_0047bdfb1f66,gcond_0047bdfb1f66,gctpl_8cae4b0b1df2,gsec_64b811d833bb,qbank_7f9e06c80aa9,实操题库_地面站考试条件_2026H1_航向相同相反题型.txt_69,2026H1,2026H1,航向相同相反题型,2026-04-21,广东01考场,航向相同相反题型-考试条件提取.docx,70,3,3,一：,coordinate,1号点经纬度： 12 N:28°08′10” E:115°16′02”,1;12;28;08;10;115;16;02,°;度,,N:28°08′10”;E:115°16′02”,28°;115°,,,,
gcond_2f07173a8c12,gcond_2f07173a8c12,gctpl_65afebe4dd4d,gsec_64b811d833bb,qbank_7f9e06c80aa9,实操题库_地面站考试条件_2026H1_航向相同相反题型.txt_69,2026H1,2026H1,航向相同相反题型,2026-04-21,广东01考场,航向相同相反题型-考试条件提取.docx,70,4,4,二：,bearing_angle;takeoff_return,起飞点到任务 航线2点的距离是 100米。 起飞点到2点和6点 到7点航向相同。,2;100;2;6;7,米,起飞点;起飞点,,,,100米,100米,
gcond_a5a6c66c380b,gcond_a5a6c66c380b,gctpl_8d6b85b611bd,gsec_64b811d833bb,qbank_7f9e06c80aa9,实操题库_地面站考试条件_2026H1_航向相同相反题型.txt_69,2026H1,2026H1,航向相同相反题型,2026-04-21,广东01考场,航向相同相反题型-考试条件提取.docx,70,5,5,三：,other,风向：东南风 3-4航线为顺风飞行,3;4,,3,,,,,,
gcond_5ccf306e18a3,gcond_5ccf306e18a3,gctpl_9b3c188d53dd,gsec_5a771384d107,qbank_7f9e06c80aa9,实操题库_地面站考试条件_2026H1_航向相同相反题型.txt_70,2026H1,2026H1,航向相同相反题型,2026-04-21,广东01考场,航向相同相反题型-考试条件提取.docx,71,1,1,(一),coordinate;speed_height;turn_hold_loop;bearing_angle;geometry,"规划一个闭合五边形并循环执行，闭合点高度与①号点保持一致，① ②、②③、③④、④⑤、①⑤边的边长为a,∠②=∠①为90°，航线相对地面 高度为b,水平速度为c,垂直速度为d,转弯模式为停止转弯，各点停留时间为e；",90,°;度,①;①;②;②;③;③;④;④;⑤;①;⑤;②;①,,90°,,,,
gcond_6bb972ba5cbb,gcond_6bb972ba5cbb,gctpl_6039333fd270,gsec_5a771384d107,qbank_7f9e06c80aa9,实操题库_地面站考试条件_2026H1_航向相同相反题型.txt_70,2026H1,2026H1,航向相同相反题型,2026-04-21,广东01考场,航向相同相反题型-考试条件提取.docx,71,2,2,(二),coordinate;speed_height,"a值为50米，b值为50米，c值为3m/s,d值为2m/s,e值为 10s",50;50;3;2;10,m/s;s;米,,,,3m/s;2m/s,,,
gcond_57251b293a91,gcond_57251b293a91,gctpl_7f66627add36,gsec_5a771384d107,qbank_7f9e06c80aa9,实操题库_地面站考试条件_2026H1_航向相同相反题型.txt_70,2026H1,2026H1,航向相同相反题型,2026-04-21,广东01考场,航向相同相反题型-考试条件提取.docx,71,3,3,一：,coordinate;takeoff_return,起飞点经纬度： :22°09'10” E:114°2652”,22;09;10;114;2652,°;度,起飞点,E:114°2652”,22°;114°,,,,possible_incomplete_latlon_pair
gcond_c04eff892140,gcond_c04eff892140,gctpl_ce1ee01bd4b2,gsec_5a771384d107,qbank_7f9e06c80aa9,实操题库_地面站考试条件_2026H1_航向相同相反题型.txt_70,2026H1,2026H1,航向相同相反题型,2026-04-21,广东01考场,航向相同相反题型-考试条件提取.docx,71,4,4,二：,bearing_angle;geometry;takeoff_return,起飞点到任务航线 1点的距离是100米。 起飞点到1和4点到3 点航向相同,1;100;1;4;3,米,起飞点;起飞点,,,,100米,100米,
gcond_69a05426a151,gcond_69a05426a151,gctpl_8fc2d675a4d5,gsec_5a771384d107,qbank_7f9e06c80aa9,实操题库_地面站考试条件_2026H1_航向相同相反题型.txt_70,2026H1,2026H1,航向相同相反题型,2026-04-21,广东01考场,航向相同相反题型-考试条件提取.docx,71,5,5,三：,other,4号点位于5点南偏 东25°,4;5;25,°,,,25°,,,,
gcond_25079dbbc6b4,gcond_25079dbbc6b4,gctpl_e4fa8707ed01,gsec_ad31ed3f69f3,qbank_7f9e06c80aa9,实操题库_地面站考试条件_2026H1_航向相同相反题型.txt_71,2026H1,2026H1,航向相同相反题型,2026-04-21,广东01考场,航向相同相反题型-考试条件提取.docx,72,1,1,(一),coordinate;speed_height;turn_hold_loop;bearing_angle;geometry,"按图规划一个闭合四边形并循环执行，闭合点高度与①号 点保持一致，①②边、②③边边长为a,①④边边长为b,∠①=∠ ②=90°航线相对地面高度为c，水平速度为d，垂直速度为e,转 弯模式为停止转弯，停留时间5s；",90;5,s;°;度,①;①;②;②;③;①;④;①;②,,90°,,,,
gcond_ef49a73e7eba,gcond_ef49a73e7eba,gctpl_93446f124ab9,gsec_ad31ed3f69f3,qbank_7f9e06c80aa9,实操题库_地面站考试条件_2026H1_航向相同相反题型.txt_71,2026H1,2026H1,航向相同相反题型,2026-04-21,广东01考场,航向相同相反题型-考试条件提取.docx,72,2,2,(二),coordinate;speed_height,"a值为200米，b值为400米，c值为300m,d值为 3m/s,e值为2m/s",200;400;300;3;2,m;m/s;米,,,,3m/s;2m/s,,,
gcond_7d7722ef365c,gcond_7d7722ef365c,gctpl_2cfe91bab627,gsec_ad31ed3f69f3,qbank_7f9e06c80aa9,实操题库_地面站考试条件_2026H1_航向相同相反题型.txt_71,2026H1,2026H1,航向相同相反题型,2026-04-21,广东01考场,航向相同相反题型-考试条件提取.docx,72,3,3,一：,coordinate;takeoff_return,起飞点经纬度： N:22°39′30” E:115°56′32”,22;39;30;115;56;32,°;度,起飞点,N:22°39′30”;E:115°56′32”,22°;115°,,,,
gcond_0260df50e5e5,gcond_0260df50e5e5,gctpl_6e3cc31daa0f,gsec_ad31ed3f69f3,qbank_7f9e06c80aa9,实操题库_地面站考试条件_2026H1_航向相同相反题型.txt_71,2026H1,2026H1,航向相同相反题型,2026-04-21,广东01考场,航向相同相反题型-考试条件提取.docx,72,4,4,二：,bearing_angle;geometry;takeoff_return,起飞点到任务航线1 点的距离是100米。 起飞点到1点和4点到3点航向相同。,1;100;1;4;3,米,起飞点;起飞点,,,,100米,100米,
gcond_7d9aa315ec86,gcond_7d9aa315ec86,gctpl_3932942af205,gsec_ad31ed3f69f3,qbank_7f9e06c80aa9,实操题库_地面站考试条件_2026H1_航向相同相反题型.txt_71,2026H1,2026H1,航向相同相反题型,2026-04-21,广东01考场,航向相同相反题型-考试条件提取.docx,72,5,5,三：,other,3号点位于4点西偏南25°,3;4;25,°,,,25°,,,,
gcond_506eded86970,gcond_506eded86970,gctpl_7c6a212b0200,gsec_7c39a3dfd851,qbank_7f9e06c80aa9,实操题库_地面站考试条件_2026H1_航向相同相反题型.txt_72,2026H1,2026H1,航向相同相反题型,2026-04-21,山西01考场,航向相同相反题型-考试条件提取.docx,73,1,1,(一),speed_height;turn_hold_loop;bearing_angle;geometry,"与 的相对方位由委任代表根据现场环境 等情况进行决定。规划一个等腰直角三角形并循环执行，①②边长为a1，①③ 边长为a2,∠①为直角，航线相对地面高度b，水平速度为c，垂直速度为d, 转弯方式为停止转弯，停留时间5$；",1;2;5,度,①;②;①;③;①,,,,,,
gcond_61969b45ee58,gcond_61969b45ee58,gctpl_e2a389225d7c,gsec_7c39a3dfd851,qbank_7f9e06c80aa9,实操题库_地面站考试条件_2026H1_航向相同相反题型.txt_72,2026H1,2026H1,航向相同相反题型,2026-04-21,山西01考场,航向相同相反题型-考试条件提取.docx,73,2,2,(二),speed_height,"a1、a2值为50米，b值为50米，c值为3m/s,d值为2m/s。",1;2;50;50;3;2,m/s;米,,,,3m/s;2m/s,,,
gcond_577c4db1f83d,gcond_577c4db1f83d,gctpl_95569e30111d,gsec_7c39a3dfd851,qbank_7f9e06c80aa9,实操题库_地面站考试条件_2026H1_航向相同相反题型.txt_72,2026H1,2026H1,航向相同相反题型,2026-04-21,山西01考场,航向相同相反题型-考试条件提取.docx,73,3,3,1、,coordinate;takeoff_return,"起飞点经纬度： N:24°29'30” E:115°56'32""",24;29;30;115;56;32,°;度,起飞点,"N:24°29'30”;E:115°56'32""",24°;115°,,,,
gcond_5b8d0bc9094c,gcond_5b8d0bc9094c,gctpl_5a2a789403a1,gsec_7c39a3dfd851,qbank_7f9e06c80aa9,实操题库_地面站考试条件_2026H1_航向相同相反题型.txt_72,2026H1,2026H1,航向相同相反题型,2026-04-21,山西01考场,航向相同相反题型-考试条件提取.docx,73,4,4,2、,other,当地风向：东北风 H1逆风飞行，H距离1 点120米。,1;1;120,米,,,,,,120米,
gcond_0a63f1bd1b86,gcond_0a63f1bd1b86,gctpl_97ccb9fea4e9,gsec_7c39a3dfd851,qbank_7f9e06c80aa9,实操题库_地面站考试条件_2026H1_航向相同相反题型.txt_72,2026H1,2026H1,航向相同相反题型,2026-04-21,山西01考场,航向相同相反题型-考试条件提取.docx,73,5,5,3、,bearing_angle,2-3的航向和H-1的航 向相反,2;3;1,,2,,,,,,
gcond_fb39bb3d77f2,gcond_fb39bb3d77f2,gctpl_f587d9cb49d2,gsec_7a692e3de494,qbank_7f9e06c80aa9,实操题库_地面站考试条件_2026H1_航向相同相反题型.txt_73,2026H1,2026H1,航向相同相反题型,2026-04-23,江西02考场,航向相同相反题型-考试条件提取.docx,74,1,1,(一),speed_height;turn_hold_loop;bearing_angle;geometry,"规划一个闭合等边三角形并循环执行，闭合点高度与①号点保持一 致，边长为a，所有航线相对地面高度为b，水平速度为c，垂直速度为d, 转弯方式为停止转弯，停留时间为f；",,度,①,,,,,,
gcond_a750e83886f1,gcond_a750e83886f1,gctpl_1960c85e9eea,gsec_7a692e3de494,qbank_7f9e06c80aa9,实操题库_地面站考试条件_2026H1_航向相同相反题型.txt_73,2026H1,2026H1,航向相同相反题型,2026-04-23,江西02考场,航向相同相反题型-考试条件提取.docx,74,2,2,(二),speed_height,"a值为100米，b值为50米，c值为5m/s,d值为2m/s,f指为 8S.",100;50;5;2;8,S;m/s;米,,,,5m/s;2m/s,,,
gcond_ae9edcef484a,gcond_ae9edcef484a,gctpl_74db23c145d3,gsec_7a692e3de494,qbank_7f9e06c80aa9,实操题库_地面站考试条件_2026H1_航向相同相反题型.txt_73,2026H1,2026H1,航向相同相反题型,2026-04-23,江西02考场,航向相同相反题型-考试条件提取.docx,74,3,3,一：,coordinate;takeoff_return,"起飞点经纬度： N:22°09'30"" E:114°56'02”",22;09;30;114;56;02,°;度,起飞点,"N:22°09'30"";E:114°56'02”",22°;114°,,,,
gcond_bd847e77bcd7,gcond_bd847e77bcd7,gctpl_c990244228c5,gsec_7a692e3de494,qbank_7f9e06c80aa9,实操题库_地面站考试条件_2026H1_航向相同相反题型.txt_73,2026H1,2026H1,航向相同相反题型,2026-04-23,江西02考场,航向相同相反题型-考试条件提取.docx,74,4,4,二：,bearing_angle;takeoff_return,起飞点到任务 航线3点的距离是 150米。 起飞点到3点和2点 到3点航向相同,3;150;3;2;3,米,起飞点;起飞点,,,,150米,150米,
gcond_28a8f239dac9,gcond_28a8f239dac9,gctpl_2e8ab79ec0b2,gsec_7a692e3de494,qbank_7f9e06c80aa9,实操题库_地面站考试条件_2026H1_航向相同相反题型.txt_73,2026H1,2026H1,航向相同相反题型,2026-04-23,江西02考场,航向相同相反题型-考试条件提取.docx,74,5,5,三：,takeoff_return,3号点位于起飞点西偏南35°,3;35,°,起飞点,,35°,,,,
gcond_60a023900db5,gcond_60a023900db5,gctpl_0b610eb7ae87,gsec_b1cf9c2514e9,qbank_7f9e06c80aa9,实操题库_地面站考试条件_2026H1_航向相同相反题型.txt_74,2026H1,2026H1,航向相同相反题型,2026-04-23,江西02考场,航向相同相反题型-考试条件提取.docx,75,1,1,(一),coordinate;speed_height;turn_hold_loop,"规划扫描航线要求不闭合不循环，航线长度为a，航线间 隔为b,航线相对地面高度为c,水平速度为d,垂直速度为e,转弯 方式为停止转弯，各点停留时间为f；",,度,,,,,,,
gcond_d588c0fbde41,gcond_d588c0fbde41,gctpl_bbc710a9e84c,gsec_b1cf9c2514e9,qbank_7f9e06c80aa9,实操题库_地面站考试条件_2026H1_航向相同相反题型.txt_74,2026H1,2026H1,航向相同相反题型,2026-04-23,江西02考场,航向相同相反题型-考试条件提取.docx,75,2,2,(二),coordinate;speed_height,"a值为300米，b值为100米，c值为300m,d值为8m/s, e值为3m/s,f值为10s。",300;100;300;8;3;10,m;m/s;s;米,,,,8m/s;3m/s,,,
gcond_71f734e9f169,gcond_71f734e9f169,gctpl_3bc41a442cf0,gsec_b1cf9c2514e9,qbank_7f9e06c80aa9,实操题库_地面站考试条件_2026H1_航向相同相反题型.txt_74,2026H1,2026H1,航向相同相反题型,2026-04-23,江西02考场,航向相同相反题型-考试条件提取.docx,75,3,3,一：,coordinate,"1号点经纬度： N:28°08'10"" E:115°16'02""",1;28;08;10;115;16;02,°;度,,"N:28°08'10"";E:115°16'02""",28°;115°,,,,
gcond_7bb267939e26,gcond_7bb267939e26,gctpl_5b291ad032b7,gsec_b1cf9c2514e9,qbank_7f9e06c80aa9,实操题库_地面站考试条件_2026H1_航向相同相反题型.txt_74,2026H1,2026H1,航向相同相反题型,2026-04-23,江西02考场,航向相同相反题型-考试条件提取.docx,75,4,4,二：,bearing_angle;takeoff_return,起飞点到任务 航线2点的距离是310米。 起飞点到1点和7点 到8点航向相反,2;310;1;7;8,米,起飞点;起飞点,,,,310米,310米,
gcond_48b83df17bcd,gcond_48b83df17bcd,gctpl_724210ebabd5,gsec_b1cf9c2514e9,qbank_7f9e06c80aa9,实操题库_地面站考试条件_2026H1_航向相同相反题型.txt_74,2026H1,2026H1,航向相同相反题型,2026-04-23,江西02考场,航向相同相反题型-考试条件提取.docx,75,5,5,三：,other,风向：西北风 1-2航线为顺风飞行,1;2,,1,,,,,,
gcond_5c7e6f5ba0a3,gcond_5c7e6f5ba0a3,gctpl_9b3c188d53dd,gsec_fc0c0893ea20,qbank_7f9e06c80aa9,实操题库_地面站考试条件_2026H1_航向相同相反题型.txt_75,2026H1,2026H1,航向相同相反题型,2026-04-23,江西02考场,航向相同相反题型-考试条件提取.docx,76,1,1,(一),coordinate;speed_height;turn_hold_loop;bearing_angle;geometry,"规划一个闭合五边形并循环执行，闭合点高度与①号点保持一致，① ②、②③、③④、④⑤、①⑤边的边长为a,∠②=∠①为90°，航线相对地面 高度为b,水平速度为c,垂直速度为d,转弯模式为停止转弯，各点停留时间为e;",90,°;度,①;①;②;②;③;③;④;④;⑤;①;⑤;②;①,,90°,,,,
gcond_5ab162b04a13,gcond_5ab162b04a13,gctpl_2bc8221e4589,gsec_fc0c0893ea20,qbank_7f9e06c80aa9,实操题库_地面站考试条件_2026H1_航向相同相反题型.txt_75,2026H1,2026H1,航向相同相反题型,2026-04-23,江西02考场,航向相同相反题型-考试条件提取.docx,76,2,2,(二),coordinate;speed_height,"a值为50米，b值为50米，c值为3m/s,d值为2m/s,e值为 10s。",50;50;3;2;10,m/s;s;米,,,,3m/s;2m/s,,,
gcond_a737995cb1a0,gcond_a737995cb1a0,gctpl_045b31bc8e09,gsec_fc0c0893ea20,qbank_7f9e06c80aa9,实操题库_地面站考试条件_2026H1_航向相同相反题型.txt_75,2026H1,2026H1,航向相同相反题型,2026-04-23,江西02考场,航向相同相反题型-考试条件提取.docx,76,3,3,二：,bearing_angle;geometry;takeoff_return,起飞点到任务航线 1点的距离是100米。 起飞点到1点和4点到3 点航向相反。,1;100;1;4;3,米,起飞点;起飞点,,,,100米,100米,
gcond_bb21aa95ae84,gcond_bb21aa95ae84,gctpl_08b1b4a32fb6,gsec_fc0c0893ea20,qbank_7f9e06c80aa9,实操题库_地面站考试条件_2026H1_航向相同相反题型.txt_75,2026H1,2026H1,航向相同相反题型,2026-04-23,江西02考场,航向相同相反题型-考试条件提取.docx,76,4,4,三：,other,4号点位于3点东偏 南15°,4;3;15,°,,,15°,,,,
gcond_1f76c027422a,gcond_1f76c027422a,gctpl_9b3c188d53dd,gsec_c4e1f97e0944,qbank_7f9e06c80aa9,实操题库_地面站考试条件_2026H1_航向相同相反题型.txt_76,2026H1,2026H1,航向相同相反题型,2026-04-23,江西02考场,航向相同相反题型-考试条件提取.docx,77,1,1,(一),coordinate;speed_height;turn_hold_loop;bearing_angle;geometry,"规划一个闭合五边形并循环执行，闭合点高度与①号点保持一致，① ②、②③、③④、④⑤、①⑤边的边长为a,∠②=∠①为90°，航线相对地面 高度为b,水平速度为c,垂直速度为d,转弯模式为停止转弯，各点停留时间为e;",90,°;度,①;①;②;②;③;③;④;④;⑤;①;⑤;②;①,,90°,,,,
gcond_bcda315b06c3,gcond_bcda315b06c3,gctpl_45b18a1d02c9,gsec_c4e1f97e0944,qbank_7f9e06c80aa9,实操题库_地面站考试条件_2026H1_航向相同相反题型.txt_76,2026H1,2026H1,航向相同相反题型,2026-04-23,江西02考场,航向相同相反题型-考试条件提取.docx,77,2,2,(二),coordinate;speed_height,"a值为60米，b值为80米，c值为5m/s,d值为2ms,e值为 10s。",60;80;5;2;10,m;m/s;s;米,,,,5m/s;2ms,,,
gcond_e149b9237952,gcond_e149b9237952,gctpl_35ad644ced9d,gsec_c4e1f97e0944,qbank_7f9e06c80aa9,实操题库_地面站考试条件_2026H1_航向相同相反题型.txt_76,2026H1,2026H1,航向相同相反题型,2026-04-23,江西02考场,航向相同相反题型-考试条件提取.docx,77,3,3,二：,bearing_angle;geometry;takeoff_return,起飞点到任务航线 1点的距离是50米。 起飞点到1点和5点到4 点航向相反。,1;50;1;5;4,米,起飞点;起飞点,,,,50米,50米,
gcond_1eb8f69d724c,gcond_1eb8f69d724c,gctpl_2b30bffddf8f,gsec_c4e1f97e0944,qbank_7f9e06c80aa9,实操题库_地面站考试条件_2026H1_航向相同相反题型.txt_76,2026H1,2026H1,航向相同相反题型,2026-04-23,江西02考场,航向相同相反题型-考试条件提取.docx,77,4,4,三：,other,5号点位于4点西偏 南18°,5;4;18,°,,,18°,,,,
gcond_7107ea08ff6c,gcond_7107ea08ff6c,gctpl_e4fa8707ed01,gsec_128fa7af72c7,qbank_7f9e06c80aa9,实操题库_地面站考试条件_2026H1_航向相同相反题型.txt_77,2026H1,2026H1,航向相同相反题型,2026-04-23,江西02考场,航向相同相反题型-考试条件提取.docx,78,1,1,(一),coordinate;speed_height;turn_hold_loop;bearing_angle;geometry,"按图规划一个闭合四边形并循环执行，闭合点高度与①号 点保持一致，①②边、②③边边长为a,①④边边长为b,∠①=∠ ②=90°航线相对地面高度为c,水平速度为d,垂直速度为e,转 弯模式为停止转弯，停留时间5s;",90;5,s;°;度,①;①;②;②;③;①;④;①;②,,90°,,,,
gcond_b3db8525fa93,gcond_b3db8525fa93,gctpl_5d31f8e63ce0,gsec_128fa7af72c7,qbank_7f9e06c80aa9,实操题库_地面站考试条件_2026H1_航向相同相反题型.txt_77,2026H1,2026H1,航向相同相反题型,2026-04-23,江西02考场,航向相同相反题型-考试条件提取.docx,78,2,2,(二),coordinate;speed_height,"a值为200米，b值为400米，c值为300m,d值为 3m/s,e值为2m/s。",200;400;300;3;2,m;m/s;米,,,,3m/s;2m/s,,,
gcond_f1368833eca3,gcond_f1368833eca3,gctpl_2c3688e39d82,gsec_128fa7af72c7,qbank_7f9e06c80aa9,实操题库_地面站考试条件_2026H1_航向相同相反题型.txt_77,2026H1,2026H1,航向相同相反题型,2026-04-23,江西02考场,航向相同相反题型-考试条件提取.docx,78,3,3,二：,bearing_angle;geometry;takeoff_return,起飞点到任务航线1 点的距离是100米。 起飞点到1点和3点到4 点航向相反。,1;100;1;3;4,米,起飞点;起飞点,,,,100米,100米,
gcond_f6e728327638,gcond_f6e728327638,gctpl_f23f7cdadae4,gsec_128fa7af72c7,qbank_7f9e06c80aa9,实操题库_地面站考试条件_2026H1_航向相同相反题型.txt_77,2026H1,2026H1,航向相同相反题型,2026-04-23,江西02考场,航向相同相反题型-考试条件提取.docx,78,4,4,三：,other,3号点位于4点东偏 南25°,3;4;25,°,,,25°,,,,
gcond_25fb31e53d99,gcond_25fb31e53d99,gctpl_c0360f5277f1,gsec_31c07a7dc438,qbank_7f9e06c80aa9,实操题库_地面站考试条件_2026H1_航向相同相反题型.txt_78,2026H1,2026H1,航向相同相反题型,2026-04-23,新疆01考场,航向相同相反题型-考试条件提取.docx,79,1,1,(一),coordinate;speed_height;turn_hold_loop;bearing_angle;geometry;takeoff_return,"与 的相对方位由委任代表根据 现场环境等情况进行决定。于起飞点前规划一个六边形并循环执行，边 长为a，①②⑧航点相对地面高度为b,④⑤⑥航点相对地面高度为c, 水平速度为d,垂直速度为e,转弯方式为停止转弯，各点停留时间为 f;",,度,起飞点;①;②;⑧;④;⑤;⑥,,,,,,
gcond_df89edd83395,gcond_df89edd83395,gctpl_43beae539f4c,gsec_31c07a7dc438,qbank_7f9e06c80aa9,实操题库_地面站考试条件_2026H1_航向相同相反题型.txt_78,2026H1,2026H1,航向相同相反题型,2026-04-23,新疆01考场,航向相同相反题型-考试条件提取.docx,79,2,2,(二),coordinate;speed_height;bearing_angle,"a值为建议30米（误差≤±3米），b值建议为25米， c值建议为30m,d值建议为2m/s,e值建议为1m/s,f值建议为 2s。(航线方位及各数值可由委任代表按实际情况进行调整，考题以委 任代表规定数值为准)",30;3;25;30;2;1;2,m;m/s;s;米,,,,2m/s;1m/s,,,
gcond_3abb252b03be,gcond_3abb252b03be,gctpl_d8f9ca71798d,gsec_31c07a7dc438,qbank_7f9e06c80aa9,实操题库_地面站考试条件_2026H1_航向相同相反题型.txt_78,2026H1,2026H1,航向相同相反题型,2026-04-23,新疆01考场,航向相同相反题型-考试条件提取.docx,79,3,3,1、,coordinate,"1点经纬度： 3 N:28.223344° E:113°55′55""",1;3;28.223344;113;55;55,°;度,3,"N:28.223344;E:113°55′55""",28.223344°;113°,,,,
gcond_9edc1eb65780,gcond_9edc1eb65780,gctpl_eed5b976b00a,gsec_31c07a7dc438,qbank_7f9e06c80aa9,实操题库_地面站考试条件_2026H1_航向相同相反题型.txt_78,2026H1,2026H1,航向相同相反题型,2026-04-23,新疆01考场,航向相同相反题型-考试条件提取.docx,79,4,4,2、,coordinate;bearing_angle;takeoff_return,H点位于1点NW 方向，距离100米,1;100,米,H点,,,,,100米,
gcond_3dbd4df3287a,gcond_3dbd4df3287a,gctpl_3cc1a30a6e8c,gsec_31c07a7dc438,qbank_7f9e06c80aa9,实操题库_地面站考试条件_2026H1_航向相同相反题型.txt_78,2026H1,2026H1,航向相同相反题型,2026-04-23,新疆01考场,航向相同相反题型-考试条件提取.docx,79,5,5,3、,other,2-1与H-1方向相反,2;1;1,,2,,,,,,
gcond_1a3170c8cc2d,gcond_1a3170c8cc2d,gctpl_4574e907cf86,gsec_9ef7db53e481,qbank_7f9e06c80aa9,实操题库_地面站考试条件_2026H1_航向相同相反题型.txt_79,2026H1,2026H1,航向相同相反题型,2026-04-23,新疆01考场,航向相同相反题型-考试条件提取.docx,80,1,1,(一),coordinate;speed_height;turn_hold_loop;bearing_angle;geometry;takeoff_return,"与 的相对方位由委任代表根据 现场环境等情况进行决定。按图于起飞点前规划一个五边形并循环执 行，①②边及②③边的边长为a,∠②=∠④=∠①为90°，航线相 对地面高度为b，水平速度为c，垂直速度为d,转弯模式为停止转弯， 各点停留时间为e;",90,°;度,起飞点;①;②;②;③;②;④;①,,90°,,,,
gcond_1efc44b85759,gcond_1efc44b85759,gctpl_28971eadb502,gsec_9ef7db53e481,qbank_7f9e06c80aa9,实操题库_地面站考试条件_2026H1_航向相同相反题型.txt_79,2026H1,2026H1,航向相同相反题型,2026-04-23,新疆01考场,航向相同相反题型-考试条件提取.docx,80,2,2,(二),coordinate;speed_height;bearing_angle,"a值建议为30米，b值建议为30米，c值建议为3m/s, d建议为1m/s,e值建议为2s。(航线方位及各数值可由委任代 表按实际情况进行调整，考题以委任代表规定数值为准)",30;30;3;1;2,m/s;s;米,,,,3m/s;1m/s,,,
gcond_fa9337a1ee32,gcond_fa9337a1ee32,gctpl_1fcc28a2b34c,gsec_9ef7db53e481,qbank_7f9e06c80aa9,实操题库_地面站考试条件_2026H1_航向相同相反题型.txt_79,2026H1,2026H1,航向相同相反题型,2026-04-23,新疆01考场,航向相同相反题型-考试条件提取.docx,80,3,3,1、,coordinate,"1点经纬度： N:28.223344° E:113°55'55""”",1;28.223344;113;55;55,°;度,,"N:28.223344;E:113°55'55""",28.223344°;113°,,,,
gcond_9d32dcac73c1,gcond_9d32dcac73c1,gctpl_eed5b976b00a,gsec_9ef7db53e481,qbank_7f9e06c80aa9,实操题库_地面站考试条件_2026H1_航向相同相反题型.txt_79,2026H1,2026H1,航向相同相反题型,2026-04-23,新疆01考场,航向相同相反题型-考试条件提取.docx,80,4,4,2、,coordinate;bearing_angle;takeoff_return,H点位于1点NW 方向，距离100米,1;100,米,H点,,,,,100米,
gcond_ddd5e4c952e9,gcond_ddd5e4c952e9,gctpl_3cc1a30a6e8c,gsec_9ef7db53e481,qbank_7f9e06c80aa9,实操题库_地面站考试条件_2026H1_航向相同相反题型.txt_79,2026H1,2026H1,航向相同相反题型,2026-04-23,新疆01考场,航向相同相反题型-考试条件提取.docx,80,5,5,3、,other,2-1与H-1方向相反,2;1;1,,2,,,,,,
gcond_dfa9c1296688,gcond_dfa9c1296688,gctpl_6e6a620c2f08,gsec_318ffce13369,qbank_7f9e06c80aa9,实操题库_地面站考试条件_2026H1_航向相同相反题型.txt_80,2026H1,2026H1,航向相同相反题型,2026-04-23,新疆01考场,航向相同相反题型-考试条件提取.docx,81,1,1,(一),coordinate;speed_height;turn_hold_loop;bearing_angle;geometry;takeoff_return,"与 的相对方位由委任代表根据 现场环境等情况进行决定。按图于起飞点前规划一个四边形并循环执 行，①②边、②③边边长为a，③④边边长为b,∠②=∠③=90° 航线相对地面高度为c,水平速度为d,垂直速度为e，转弯模式为停止 转弯，停留时间不作要求；",90,°;度,起飞点;①;②;②;③;③;④;②;③,,90°,,,,
gcond_0df901b4462d,gcond_0df901b4462d,gctpl_7cfd7700519f,gsec_318ffce13369,qbank_7f9e06c80aa9,实操题库_地面站考试条件_2026H1_航向相同相反题型.txt_80,2026H1,2026H1,航向相同相反题型,2026-04-23,新疆01考场,航向相同相反题型-考试条件提取.docx,81,2,2,(二),coordinate;speed_height;bearing_angle,"a值建议为20米，b值建议为30米，c值建议为30m, d值建议为3m/s,e值建议为2m/s。(航线方位及各数值可由委任代 表按实际情况进行调整，考题以委任代表规定数值为准)",20;30;30;3;2,m;m/s;米,,,,3m/s;2m/s,,,
gcond_b4d48370257b,gcond_b4d48370257b,gctpl_1aabd3dbc4ca,gsec_318ffce13369,qbank_7f9e06c80aa9,实操题库_地面站考试条件_2026H1_航向相同相反题型.txt_80,2026H1,2026H1,航向相同相反题型,2026-04-23,新疆01考场,航向相同相反题型-考试条件提取.docx,81,3,3,1、,coordinate,1点经纬度： N:28.223344° E:113°55'55”,1;28.223344;113;55;55,°;度,,N:28.223344;E:113°55'55”,28.223344°;113°,,,,
gcond_e831e3055a9f,gcond_e831e3055a9f,gctpl_eed5b976b00a,gsec_318ffce13369,qbank_7f9e06c80aa9,实操题库_地面站考试条件_2026H1_航向相同相反题型.txt_80,2026H1,2026H1,航向相同相反题型,2026-04-23,新疆01考场,航向相同相反题型-考试条件提取.docx,81,4,4,2、,coordinate;bearing_angle;takeoff_return,H点位于1点NW 方向，距离100米,1;100,米,H点,,,,,100米,
gcond_101fb82c561c,gcond_101fb82c561c,gctpl_3cc1a30a6e8c,gsec_318ffce13369,qbank_7f9e06c80aa9,实操题库_地面站考试条件_2026H1_航向相同相反题型.txt_80,2026H1,2026H1,航向相同相反题型,2026-04-23,新疆01考场,航向相同相反题型-考试条件提取.docx,81,5,5,3、,other,2-1与H-1方向相反,2;1;1,,2,,,,,,
gcond_600369163aaf,gcond_600369163aaf,gctpl_ab5a2f3e8e84,gsec_174164cb9dd1,qbank_7f9e06c80aa9,实操题库_地面站考试条件_2026H1_航向相同相反题型.txt_81,2026H1,2026H1,航向相同相反题型,2026-04-25,重庆02考场,航向相同相反题型-考试条件提取.docx,82,1,1,(一),coordinate;speed_height;turn_hold_loop,"规划扫描航线要求不闭合不循环，航线长度为a,航线间 隔为b，航线相对地面高度为c,水平速度为d,垂直速度为e,转弯 方式为协调转弯；",,度,,,,,,,
gcond_616a45048cb6,gcond_616a45048cb6,gctpl_7a9bc130b6b1,gsec_174164cb9dd1,qbank_7f9e06c80aa9,实操题库_地面站考试条件_2026H1_航向相同相反题型.txt_81,2026H1,2026H1,航向相同相反题型,2026-04-25,重庆02考场,航向相同相反题型-考试条件提取.docx,82,2,2,(二),coordinate;speed_height,"a值为300米，b值为100米，c值为300m,d值为6m/s, e值为4m/s",300;100;300;6;4,m;m/s;米,,,,6m/s;4m/s,,,
gcond_937fae90aece,gcond_937fae90aece,gctpl_2d5420a0cbe6,gsec_174164cb9dd1,qbank_7f9e06c80aa9,实操题库_地面站考试条件_2026H1_航向相同相反题型.txt_81,2026H1,2026H1,航向相同相反题型,2026-04-25,重庆02考场,航向相同相反题型-考试条件提取.docx,82,3,3,二：,bearing_angle;takeoff_return,起飞点到任 务航线2点的距离 是100米。 4 起飞点到2点和6 点到7点航向相反,2;100;4;2;6;7,米,起飞点;4;起飞点,,,,100米,100米,
gcond_80f9951e5c71,gcond_80f9951e5c71,gctpl_b25c8c6c022b,gsec_174164cb9dd1,qbank_7f9e06c80aa9,实操题库_地面站考试条件_2026H1_航向相同相反题型.txt_81,2026H1,2026H1,航向相同相反题型,2026-04-25,重庆02考场,航向相同相反题型-考试条件提取.docx,82,4,4,三：,other,2号点位于起 飞点西偏南15,2;15,,,,,,,,
gcond_ff4e3f903b79,gcond_ff4e3f903b79,gctpl_7f5a4d7ec13c,gsec_5e5858fef7a3,qbank_7f9e06c80aa9,实操题库_地面站考试条件_2026H1_航向相同相反题型.txt_82,2026H1,2026H1,航向相同相反题型,2026-04-25,重庆02考场,航向相同相反题型-考试条件提取.docx,83,1,1,(一),coordinate;speed_height;turn_hold_loop;bearing_angle;geometry,"规划一个闭合五边形并循环执行，①②、②③、③④、④⑤、①⑤边 的边长为a,，∠②=∠①为90°，航线相对地面高度为b,水平速度为c，垂直 速度为d,转弯模式为停止转弯，各点停留时间为e;",90,°;度,①;②;②;③;③;④;④;⑤;①;⑤;②;①,,90°,,,,
gcond_410d14bc78e3,gcond_410d14bc78e3,gctpl_3487b594d631,gsec_5e5858fef7a3,qbank_7f9e06c80aa9,实操题库_地面站考试条件_2026H1_航向相同相反题型.txt_82,2026H1,2026H1,航向相同相反题型,2026-04-25,重庆02考场,航向相同相反题型-考试条件提取.docx,83,2,2,(二),coordinate;speed_height,"a值为50米，b值为50米，c值为3m/s,d值为2m/s,e值为 12s。",50;50;3;2;12,m/s;s;米,,,,3m/s;2m/s,,,
gcond_6166436b1228,gcond_6166436b1228,gctpl_aa0ed8825d4c,gsec_5e5858fef7a3,qbank_7f9e06c80aa9,实操题库_地面站考试条件_2026H1_航向相同相反题型.txt_82,2026H1,2026H1,航向相同相反题型,2026-04-25,重庆02考场,航向相同相反题型-考试条件提取.docx,83,3,3,一：,coordinate;takeoff_return,"起飞点经纬度： N:28°00'12"" E:115°06'32""",28;00;12;115;06;32,°;度,起飞点,"N:28°00'12"";E:115°06'32""",28°;115°,,,,
gcond_346a6f682e62,gcond_346a6f682e62,gctpl_c610367a3dc4,gsec_5e5858fef7a3,qbank_7f9e06c80aa9,实操题库_地面站考试条件_2026H1_航向相同相反题型.txt_82,2026H1,2026H1,航向相同相反题型,2026-04-25,重庆02考场,航向相同相反题型-考试条件提取.docx,83,4,4,二：,bearing_angle;geometry;takeoff_return,起飞点到任务航线 1点的距离是150米。 起飞点到1点和4点到5 点航向相反。,1;150;1;4;5,米,起飞点;起飞点,,,,150米,150米,
gcond_2c1bf9851b92,gcond_2c1bf9851b92,gctpl_416b0b072fca,gsec_5e5858fef7a3,qbank_7f9e06c80aa9,实操题库_地面站考试条件_2026H1_航向相同相反题型.txt_82,2026H1,2026H1,航向相同相反题型,2026-04-25,重庆02考场,航向相同相反题型-考试条件提取.docx,83,5,5,三：,takeoff_return,1号点位于起飞点 南偏东25°,1;25,°,起飞点,,25°,,,,
gcond_0052243c8200,gcond_0052243c8200,gctpl_bd3a0a9b55ed,gsec_e5dda0291591,qbank_7f9e06c80aa9,实操题库_地面站考试条件_2026H1_航向相同相反题型.txt_83,2026H1,2026H1,航向相同相反题型,2026-04-25,重庆02考场,航向相同相反题型-考试条件提取.docx,84,1,1,(一),coordinate;speed_height;turn_hold_loop;bearing_angle;geometry,"按图规划一个闭合四边形并循环执行，①②边、②③边边 长为a,①④边边长为b,∠②=∠①=90°航线相对地面高度为c, 水平速度为d，垂直速度为e,转弯模式为停止转弯，停留时间8s；",90;8,s;°;度,①;②;②;③;①;④;②;①,,90°,,,,
gcond_4a1cb6ce6397,gcond_4a1cb6ce6397,gctpl_721e84b528c5,gsec_e5dda0291591,qbank_7f9e06c80aa9,实操题库_地面站考试条件_2026H1_航向相同相反题型.txt_83,2026H1,2026H1,航向相同相反题型,2026-04-25,重庆02考场,航向相同相反题型-考试条件提取.docx,84,2,2,(二),coordinate;speed_height,"a值为200米，b值为300米，c值为300m,d值为 9m/s,e值为4m/s。",200;300;300;9;4,m;m/s;米,,,,9m/s;4m/s,,,
gcond_70d9d778d4d2,gcond_70d9d778d4d2,gctpl_ba882e604ee4,gsec_e5dda0291591,qbank_7f9e06c80aa9,实操题库_地面站考试条件_2026H1_航向相同相反题型.txt_83,2026H1,2026H1,航向相同相反题型,2026-04-25,重庆02考场,航向相同相反题型-考试条件提取.docx,84,3,3,一：,coordinate;takeoff_return,"起飞点经纬度： N:28°39′30"" E:115°56′32”",28;39;30;115;56;32,°;度,起飞点,"N:28°39′30"";E:115°56′32”",28°;115°,,,,
gcond_87c362ee0d5c,gcond_87c362ee0d5c,gctpl_61431ee922cf,gsec_e5dda0291591,qbank_7f9e06c80aa9,实操题库_地面站考试条件_2026H1_航向相同相反题型.txt_83,2026H1,2026H1,航向相同相反题型,2026-04-25,重庆02考场,航向相同相反题型-考试条件提取.docx,84,4,4,二：,bearing_angle;geometry;takeoff_return,起飞点到任务航线1 点的距离是100米。 起飞点到1点和3点到2 点航向相同。,1;100;1;3;2,米,起飞点;起飞点,,,,100米,100米,
gcond_cc7f5ede22b5,gcond_cc7f5ede22b5,gctpl_2cea3748dd62,gsec_e5dda0291591,qbank_7f9e06c80aa9,实操题库_地面站考试条件_2026H1_航向相同相反题型.txt_83,2026H1,2026H1,航向相同相反题型,2026-04-25,重庆02考场,航向相同相反题型-考试条件提取.docx,84,5,5,三：,other,3号点位于2点南偏 西25°。,3;2;25,°,,,25°,,,,
gcond_5f8598e5246b,gcond_5f8598e5246b,gctpl_94ace34b940b,gsec_b36c006d398f,qbank_7f9e06c80aa9,实操题库_地面站考试条件_2026H1_航向相同相反题型.txt_84,2026H1,2026H1,航向相同相反题型,2026-04-25,河北04考场,航向相同相反题型-考试条件提取.docx,85,1,1,(一),speed_height;turn_hold_loop;bearing_angle;geometry,"规划一个闭合等腰直角三角形并循环执行，①②边长为a1,①③边 长为a2,∠①为直角，航线相对地面高度b,水平速度为c,垂直速度为d, 转弯方式为停止转弯，停留时间为5S；",1;2;5,S;度,①;②;①;③;①,,,,,,
gcond_0867f1fabc0a,gcond_0867f1fabc0a,gctpl_c1edbe51c234,gsec_b36c006d398f,qbank_7f9e06c80aa9,实操题库_地面站考试条件_2026H1_航向相同相反题型.txt_84,2026H1,2026H1,航向相同相反题型,2026-04-25,河北04考场,航向相同相反题型-考试条件提取.docx,85,2,2,(二),speed_height,"al、a2值为50米，b值为50米，c值为3m/s,d值为2m/s",2;50;50;3;2,m/s;米,,,,3m/s;2m/s,,,
gcond_f9d0ce708ab8,gcond_f9d0ce708ab8,gctpl_6a57c78b926a,gsec_b36c006d398f,qbank_7f9e06c80aa9,实操题库_地面站考试条件_2026H1_航向相同相反题型.txt_84,2026H1,2026H1,航向相同相反题型,2026-04-25,河北04考场,航向相同相反题型-考试条件提取.docx,85,3,3,一：,coordinate;geometry,1号航点经纬 度： N:28°39′30” E:115°56′32”,1;28;39;30;115;56;32,°;度,,N:28°39′30”;E:115°56′32”,28°;115°,,,,
gcond_f0d065db6552,gcond_f0d065db6552,gctpl_95b6c3dec5a1,gsec_b36c006d398f,qbank_7f9e06c80aa9,实操题库_地面站考试条件_2026H1_航向相同相反题型.txt_84,2026H1,2026H1,航向相同相反题型,2026-04-25,河北04考场,航向相同相反题型-考试条件提取.docx,85,4,4,二：,bearing_angle;takeoff_return,起飞点到任 务航线2点的距离 是100米。 起飞点到2点和2 点到3点航向相反。,2;100;2;2;3,米,起飞点;起飞点,,,,100米,100米,
gcond_df2825bfa353,gcond_df2825bfa353,gctpl_9317c7ddde04,gsec_b36c006d398f,qbank_7f9e06c80aa9,实操题库_地面站考试条件_2026H1_航向相同相反题型.txt_84,2026H1,2026H1,航向相同相反题型,2026-04-25,河北04考场,航向相同相反题型-考试条件提取.docx,85,5,5,三：,other,2号点位于起 飞点西偏南15°,2;15,°,,,15°,,,,
gcond_4de0f68f46b8,gcond_4de0f68f46b8,gctpl_0b610eb7ae87,gsec_d63b80578ea2,qbank_7f9e06c80aa9,实操题库_地面站考试条件_2026H1_航向相同相反题型.txt_85,2026H1,2026H1,航向相同相反题型,2026-04-25,河北04考场,航向相同相反题型-考试条件提取.docx,86,1,1,(一),coordinate;speed_height;turn_hold_loop,"规划扫描航线要求不闭合不循环，航线长度为a,航线间 隔为b,航线相对地面高度为c,水平速度为d,垂直速度为e,转弯 方式为停止转弯，各点停留时间为f；",,度,,,,,,,
gcond_d9d22238248f,gcond_d9d22238248f,gctpl_597225872e79,gsec_d63b80578ea2,qbank_7f9e06c80aa9,实操题库_地面站考试条件_2026H1_航向相同相反题型.txt_85,2026H1,2026H1,航向相同相反题型,2026-04-25,河北04考场,航向相同相反题型-考试条件提取.docx,86,2,2,(二),coordinate;speed_height,"a值为300米，b值为100米，c值为300m,d值为3m/s, e值为2m/s,f值为10s。",300;100;300;3;2;10,m;m/s;s;米,,,,3m/s;2m/s,,,
gcond_96dcf8c6764d,gcond_96dcf8c6764d,gctpl_f688b64d8e69,gsec_d63b80578ea2,qbank_7f9e06c80aa9,实操题库_地面站考试条件_2026H1_航向相同相反题型.txt_85,2026H1,2026H1,航向相同相反题型,2026-04-25,河北04考场,航向相同相反题型-考试条件提取.docx,86,3,3,一：,coordinate,"1号点经纬度： 12 N:28°08′10"" E:115°16'02”",1;12;28;08;10;115;16;02,°;度,,"N:28°08′10"";E:115°16'02”",28°;115°,,,,
gcond_78d75de09585,gcond_78d75de09585,gctpl_73f874f6cf39,gsec_d63b80578ea2,qbank_7f9e06c80aa9,实操题库_地面站考试条件_2026H1_航向相同相反题型.txt_85,2026H1,2026H1,航向相同相反题型,2026-04-25,河北04考场,航向相同相反题型-考试条件提取.docx,86,4,4,二：,bearing_angle;geometry;takeoff_return,起飞点距1号航 点310米；起飞点到 1号航点的航向与6 号航点到7号航点航 向相反：,1;310;1;6;7,米,起飞点;起飞点,,,,,,
gcond_5afbc0ca18e4,gcond_5afbc0ca18e4,gctpl_702338c5aa68,gsec_d63b80578ea2,qbank_7f9e06c80aa9,实操题库_地面站考试条件_2026H1_航向相同相反题型.txt_85,2026H1,2026H1,航向相同相反题型,2026-04-25,河北04考场,航向相同相反题型-考试条件提取.docx,86,5,5,三：,geometry,5号航点位于4 号航点西偏北20°,5;4;20,°,,,20°,,,,
gcond_d43e818d54c8,gcond_d43e818d54c8,gctpl_717d2e4d9774,gsec_b934e295a6f4,qbank_7f9e06c80aa9,实操题库_地面站考试条件_2026H1_航向相同相反题型.txt_86,2026H1,2026H1,航向相同相反题型,2026-04-25,河北04考场,航向相同相反题型-考试条件提取.docx,87,1,1,(一),speed_height;turn_hold_loop;bearing_angle;geometry,"规划一个闭合五边形并循环执行，①②、②③、③④、④⑤、①⑤边 的边长为a,∠②=∠①为90°，航线相对地面高度为b,水平速度为c，垂直 速度为d,转弯模式为协调转弯；",90,°;度,①;②;②;③;③;④;④;⑤;①;⑤;②;①,,90°,,,,
gcond_25ff25898ff1,gcond_25ff25898ff1,gctpl_8f0eaa78e7c9,gsec_b934e295a6f4,qbank_7f9e06c80aa9,实操题库_地面站考试条件_2026H1_航向相同相反题型.txt_86,2026H1,2026H1,航向相同相反题型,2026-04-25,河北04考场,航向相同相反题型-考试条件提取.docx,87,2,2,(二),speed_height,"a值为50米，b值为50米，c值为4m/s,d值为2m/s",50;50;4;2,m/s;米,,,,4m/s;2m/s,,,
gcond_c5cd741c3cb9,gcond_c5cd741c3cb9,gctpl_424ccf4cda24,gsec_b934e295a6f4,qbank_7f9e06c80aa9,实操题库_地面站考试条件_2026H1_航向相同相反题型.txt_86,2026H1,2026H1,航向相同相反题型,2026-04-25,河北04考场,航向相同相反题型-考试条件提取.docx,87,3,3,一：,coordinate;takeoff_return,"起飞点经纬度： N:28°03′12"" E:115°06'32""",28;03;12;115;06;32,°;度,起飞点,"N:28°03′12"";E:115°06'32""",28°;115°,,,,
gcond_88785778cae8,gcond_88785778cae8,gctpl_fa70c6a52f42,gsec_b934e295a6f4,qbank_7f9e06c80aa9,实操题库_地面站考试条件_2026H1_航向相同相反题型.txt_86,2026H1,2026H1,航向相同相反题型,2026-04-25,河北04考场,航向相同相反题型-考试条件提取.docx,87,4,4,二：,bearing_angle;geometry;takeoff_return,起飞点到任务航线 1点的距离是100米。 起飞点到1点和5点到4 点航向相同。,1;100;1;5;4,米,起飞点;起飞点,,,,100米,100米,
gcond_277c2b28d517,gcond_277c2b28d517,gctpl_416b0b072fca,gsec_b934e295a6f4,qbank_7f9e06c80aa9,实操题库_地面站考试条件_2026H1_航向相同相反题型.txt_86,2026H1,2026H1,航向相同相反题型,2026-04-25,河北04考场,航向相同相反题型-考试条件提取.docx,87,5,5,三：,takeoff_return,1号点位于起飞点 南偏东25°,1;25,°,起飞点,,25°,,,,
gcond_ca8d70cd67a6,gcond_ca8d70cd67a6,gctpl_bfe32f0a122b,gsec_f4c86e378615,qbank_7f9e06c80aa9,实操题库_地面站考试条件_2026H1_航向相同相反题型.txt_87,2026H1,2026H1,航向相同相反题型,2026-04-26,山西02考场,航向相同相反题型-考试条件提取.docx,88,1,1,1.,speed_height;geometry,该图形所有航点高度：100米,100,度;米,,,,,100米,,
gcond_15065ea80cf0,gcond_15065ea80cf0,gctpl_20d7e25bbd46,gsec_f4c86e378615,qbank_7f9e06c80aa9,实操题库_地面站考试条件_2026H1_航向相同相反题型.txt_87,2026H1,2026H1,航向相同相反题型,2026-04-26,山西02考场,航向相同相反题型-考试条件提取.docx,88,2,2,2.,geometry,该图形航线边长：1235为正方形，边长100米。4点位于图形中心。,1235;100;4,米,,,,,,100米,
gcond_b2721a0cd685,gcond_b2721a0cd685,gctpl_88d14f8f6eed,gsec_f4c86e378615,qbank_7f9e06c80aa9,实操题库_地面站考试条件_2026H1_航向相同相反题型.txt_87,2026H1,2026H1,航向相同相反题型,2026-04-26,山西02考场,航向相同相反题型-考试条件提取.docx,88,3,3,3.,bearing_angle;geometry;takeoff_return,起飞点/返航点要求：起飞点到2点的距离200米，起飞点到2点和1点到2点航向相反,2;200;2;1;2,米,起飞点;返航点;起飞点;起飞点,,,,,200米,
gcond_079ef1f35361,gcond_079ef1f35361,gctpl_458b9160db6f,gsec_f4c86e378615,qbank_7f9e06c80aa9,实操题库_地面站考试条件_2026H1_航向相同相反题型.txt_87,2026H1,2026H1,航向相同相反题型,2026-04-26,山西02考场,航向相同相反题型-考试条件提取.docx,88,4,4,4.,bearing_angle,航向或位置要求：本场风向为西南风，飞机在2-3航线时为正右侧来风,2;3,,,,,,,,
gcond_507c79452abb,gcond_507c79452abb,gctpl_0d0066f1803f,gsec_f4c86e378615,qbank_7f9e06c80aa9,实操题库_地面站考试条件_2026H1_航向相同相反题型.txt_87,2026H1,2026H1,航向相同相反题型,2026-04-26,山西02考场,航向相同相反题型-考试条件提取.docx,88,5,5,5.,speed_height,水平速度为：4ms垂直速度为：3m/s,4;3,m;m/s;s;度,,,,4ms;3m/s,,,
gcond_a1c3ace8b0b3,gcond_a1c3ace8b0b3,gctpl_ba023c6b4fa9,gsec_f4c86e378615,qbank_7f9e06c80aa9,实操题库_地面站考试条件_2026H1_航向相同相反题型.txt_87,2026H1,2026H1,航向相同相反题型,2026-04-26,山西02考场,航向相同相反题型-考试条件提取.docx,88,6,6,6.,turn_hold_loop,转弯模式为：定点转弯，各点停留时间6秒,6,秒,,,,,,,
gcond_60454a81c2a7,gcond_60454a81c2a7,gctpl_3cd05c2aa38b,gsec_f4c86e378615,qbank_7f9e06c80aa9,实操题库_地面站考试条件_2026H1_航向相同相反题型.txt_87,2026H1,2026H1,航向相同相反题型,2026-04-26,山西02考场,航向相同相反题型-考试条件提取.docx,88,7,7,7.,turn_hold_loop,是否循环执行：航线闭合循环3圈,3,,,,,,,,
gcond_9cbda0287c57,gcond_9cbda0287c57,gctpl_e027ab313169,gsec_f4c86e378615,qbank_7f9e06c80aa9,实操题库_地面站考试条件_2026H1_航向相同相反题型.txt_87,2026H1,2026H1,航向相同相反题型,2026-04-26,山西02考场,航向相同相反题型-考试条件提取.docx,88,8,8,8.,coordinate;takeoff_return,起飞点的经纬度坐标为：N37°46'40”E112°29′25”,37;46;40;112;29;25,°;度,起飞点,N37°46'40”;E112°29′25”,37°;112°,,,,
gcond_c4edce578db8,gcond_c4edce578db8,gctpl_fec5a1049e15,gsec_2d431a82a4f8,qbank_7f9e06c80aa9,实操题库_地面站考试条件_2026H1_航向相同相反题型.txt_88,2026H1,2026H1,航向相同相反题型,2026-04-27,浙江01考场,航向相同相反题型-考试条件提取.docx,89,1,1,(一),coordinate;speed_height;turn_hold_loop,"规划扫描航线要求不闭合不循环，航线长度为a,航线间 隔为b，航线相对地面高度为c,水平速度为d,垂直速度为e,转弯 模式为停止转弯，各点停留时间为f;",,度,,,,,,,
gcond_af5b289735b3,gcond_af5b289735b3,gctpl_597225872e79,gsec_2d431a82a4f8,qbank_7f9e06c80aa9,实操题库_地面站考试条件_2026H1_航向相同相反题型.txt_88,2026H1,2026H1,航向相同相反题型,2026-04-27,浙江01考场,航向相同相反题型-考试条件提取.docx,89,2,2,(二),coordinate;speed_height,"a值为300米，b值为100米，c值为300m,d值为3m/s, e值为2m/s,f值为10s。",300;100;300;3;2;10,m;m/s;s;米,,,,3m/s;2m/s,,,
gcond_3f677407e286,gcond_3f677407e286,gctpl_1e7e137299b4,gsec_2d431a82a4f8,qbank_7f9e06c80aa9,实操题库_地面站考试条件_2026H1_航向相同相反题型.txt_88,2026H1,2026H1,航向相同相反题型,2026-04-27,浙江01考场,航向相同相反题型-考试条件提取.docx,89,3,3,一：,coordinate,"1号点经纬度： 12 N:17°34'53"" E:139°28′22”",1;12;17;34;53;139;28;22,°;度,,"N:17°34'53"";E:139°28′22”",17°;139°,,,,
gcond_7de8dfd0d13f,gcond_7de8dfd0d13f,gctpl_0c6a640d4342,gsec_2d431a82a4f8,qbank_7f9e06c80aa9,实操题库_地面站考试条件_2026H1_航向相同相反题型.txt_88,2026H1,2026H1,航向相同相反题型,2026-04-27,浙江01考场,航向相同相反题型-考试条件提取.docx,89,4,4,二：,bearing_angle;takeoff_return,起飞点到任务 航战2点的距离是 200米。 起飞点到2点和6点 到7点航向相同。,2;200;2;6;7,米,起飞点;起飞点,,,,,200米,
gcond_df7eb80a96ce,gcond_df7eb80a96ce,gctpl_7a5c49b315b3,gsec_2d431a82a4f8,qbank_7f9e06c80aa9,实操题库_地面站考试条件_2026H1_航向相同相反题型.txt_88,2026H1,2026H1,航向相同相反题型,2026-04-27,浙江01考场,航向相同相反题型-考试条件提取.docx,89,5,5,三：,other,方向：东南风 3-4航线为顺风飞行。,3;4,,3,,,,,,
gcond_21506c7a85d5,gcond_21506c7a85d5,gctpl_078eb3b73eee,gsec_2d2ddddf13f1,qbank_7f9e06c80aa9,实操题库_地面站考试条件_2026H1_航向相同相反题型.txt_89,2026H1,2026H1,航向相同相反题型,2026-04-27,浙江01考场,航向相同相反题型-考试条件提取.docx,90,1,1,(一),coordinate;speed_height;turn_hold_loop;bearing_angle;geometry,"规划一个闭合五边形并循环执行，①②、②③、③④、④⑤、①⑤边 的边长为a,∠②=∠①为90°，航线相对地面高度为b,水平速度为c，垂直 速度为d,转弯模式为停止转弯，各点停留时间为e；",90,°;度,①;②;②;③;③;④;④;⑤;①;⑤;②;①,,90°,,,,
gcond_19ef5d3be7eb,gcond_19ef5d3be7eb,gctpl_629fe053f7cd,gsec_2d2ddddf13f1,qbank_7f9e06c80aa9,实操题库_地面站考试条件_2026H1_航向相同相反题型.txt_89,2026H1,2026H1,航向相同相反题型,2026-04-27,浙江01考场,航向相同相反题型-考试条件提取.docx,90,2,2,(二),coordinate,"a值为300米，b值为60米，c值为4ms,d值为3ms,e值为 17s。",300;60;4;3;17,m;s;米,,,,4ms;3ms,,,
gcond_8454d25f84d4,gcond_8454d25f84d4,gctpl_ae1cb30f01f7,gsec_2d2ddddf13f1,qbank_7f9e06c80aa9,实操题库_地面站考试条件_2026H1_航向相同相反题型.txt_89,2026H1,2026H1,航向相同相反题型,2026-04-27,浙江01考场,航向相同相反题型-考试条件提取.docx,90,3,3,一：,coordinate;takeoff_return,"起飞点经纬度： N:27°16'34"" E:137°45′32”",27;16;34;137;45;32,°;度,起飞点,"N:27°16'34"";E:137°45′32”",27°;137°,,,,
gcond_e4511822152b,gcond_e4511822152b,gctpl_2c08ebc88b1a,gsec_2d2ddddf13f1,qbank_7f9e06c80aa9,实操题库_地面站考试条件_2026H1_航向相同相反题型.txt_89,2026H1,2026H1,航向相同相反题型,2026-04-27,浙江01考场,航向相同相反题型-考试条件提取.docx,90,4,4,二：,bearing_angle;takeoff_return,起飞点到2点和3点到4 点的航向相反。,2;3;4,,起飞点,,,,,,
gcond_4e08dff7df48,gcond_4e08dff7df48,gctpl_85080b6d600b,gsec_2d2ddddf13f1,qbank_7f9e06c80aa9,实操题库_地面站考试条件_2026H1_航向相同相反题型.txt_89,2026H1,2026H1,航向相同相反题型,2026-04-27,浙江01考场,航向相同相反题型-考试条件提取.docx,90,5,5,三：,geometry;takeoff_return,起飞点到任务航线2点 的距离是450米。,2;450,米,起飞点,,,,450米,450米,
gcond_f5d5581e2f06,gcond_f5d5581e2f06,gctpl_078eb3b73eee,gsec_06987e09b898,qbank_7f9e06c80aa9,实操题库_地面站考试条件_2026H1_航向相同相反题型.txt_90,2026H1,2026H1,航向相同相反题型,2026-04-27,浙江01考场,航向相同相反题型-考试条件提取.docx,91,1,1,(一),coordinate;speed_height;turn_hold_loop;bearing_angle;geometry,"规划一个闭合五边形并循环执行，①②、②③、③④、④⑤、①⑤边 的边长为a,∠②=∠①为90°，航线相对地面高度为b,水平速度为c，垂直 速度为d,转弯模式为停止转弯，各点停留时间为e;",90,°;度,①;②;②;③;③;④;④;⑤;①;⑤;②;①,,90°,,,,
gcond_4172a2d056da,gcond_4172a2d056da,gctpl_9200d81162f9,gsec_06987e09b898,qbank_7f9e06c80aa9,实操题库_地面站考试条件_2026H1_航向相同相反题型.txt_90,2026H1,2026H1,航向相同相反题型,2026-04-27,浙江01考场,航向相同相反题型-考试条件提取.docx,91,2,2,(二),coordinate;speed_height,"a值为50米，b值为50米，c值为3m/s,d值为2ms,e值为 10s。",50;50;3;2;10,m;m/s;s;米,,,,3m/s;2ms,,,
gcond_7d94b1676f65,gcond_7d94b1676f65,gctpl_b60fc2676c9a,gsec_06987e09b898,qbank_7f9e06c80aa9,实操题库_地面站考试条件_2026H1_航向相同相反题型.txt_90,2026H1,2026H1,航向相同相反题型,2026-04-27,浙江01考场,航向相同相反题型-考试条件提取.docx,91,3,3,一：,coordinate;takeoff_return,"起飞点经纬度： N:33°16'34"" E:135°37′32”",33;16;34;135;37;32,°;度,起飞点,"N:33°16'34"";E:135°37′32”",33°;135°,,,,
gcond_8300eca17658,gcond_8300eca17658,gctpl_63dbb10de7c0,gsec_06987e09b898,qbank_7f9e06c80aa9,实操题库_地面站考试条件_2026H1_航向相同相反题型.txt_90,2026H1,2026H1,航向相同相反题型,2026-04-27,浙江01考场,航向相同相反题型-考试条件提取.docx,91,4,4,二：,bearing_angle;geometry;takeoff_return,起飞点到任务航线 1点的距离是100米。 起飞点到1点和4点到5 点航向相反。,1;100;1;4;5,米,起飞点;起飞点,,,,100米,100米,
gcond_89891f03938c,gcond_89891f03938c,gctpl_9ab83454ce91,gsec_06987e09b898,qbank_7f9e06c80aa9,实操题库_地面站考试条件_2026H1_航向相同相反题型.txt_90,2026H1,2026H1,航向相同相反题型,2026-04-27,浙江01考场,航向相同相反题型-考试条件提取.docx,91,5,5,三：,takeoff_return,1号点位于起飞点 南偏东35°,1;35,°,起飞点,,35°,,,,
gcond_5028e6b33a91,gcond_5028e6b33a91,gctpl_078eb3b73eee,gsec_5ce8097a4207,qbank_7f9e06c80aa9,实操题库_地面站考试条件_2026H1_航向相同相反题型.txt_91,2026H1,2026H1,航向相同相反题型,2026-04-27,浙江01考场,航向相同相反题型-考试条件提取.docx,92,1,1,(一),coordinate;speed_height;turn_hold_loop;bearing_angle;geometry,"规划一个闭合五边形并循环执行，①②、②③、③④、④⑤、①⑤边 的边长为a,∠②=∠①为90°，航线相对地面高度为b,水平速度为c,垂直 速度为d,转弯模式为停止转弯，各点停留时间为e;",90,°;度,①;②;②;③;③;④;④;⑤;①;⑤;②;①,,90°,,,,
gcond_80146e9c70d4,gcond_80146e9c70d4,gctpl_d18868d6e98e,gsec_5ce8097a4207,qbank_7f9e06c80aa9,实操题库_地面站考试条件_2026H1_航向相同相反题型.txt_91,2026H1,2026H1,航向相同相反题型,2026-04-27,浙江01考场,航向相同相反题型-考试条件提取.docx,92,2,2,(二),coordinate;speed_height,"a值为100米，b值为50米，c值为4m/s,d值为3m/s,e值为 7so",100;50;4;3;7,m/s;s;米,,,,4m/s;3m/s,,,
gcond_511a2953de9a,gcond_511a2953de9a,gctpl_a56f1e00189c,gsec_5ce8097a4207,qbank_7f9e06c80aa9,实操题库_地面站考试条件_2026H1_航向相同相反题型.txt_91,2026H1,2026H1,航向相同相反题型,2026-04-27,浙江01考场,航向相同相反题型-考试条件提取.docx,92,3,3,一：,coordinate;takeoff_return,"起飞点经纬度： N:33°16′34"" E:125°37'32”",33;16;34;125;37;32,°;度,起飞点,"N:33°16′34"";E:125°37'32”",33°;125°,,,,
gcond_59273fc68df0,gcond_59273fc68df0,gctpl_9d04e24cd542,gsec_5ce8097a4207,qbank_7f9e06c80aa9,实操题库_地面站考试条件_2026H1_航向相同相反题型.txt_91,2026H1,2026H1,航向相同相反题型,2026-04-27,浙江01考场,航向相同相反题型-考试条件提取.docx,92,4,4,二：,bearing_angle;geometry;takeoff_return,起飞点到任务航线 1点的距离是300米。 起飞点到1点和4点到5 点航向相同。,1;300;1;4;5,米,起飞点;起飞点,,,,300米,300米,
gcond_f3a165866158,gcond_f3a165866158,gctpl_86df45b6348d,gsec_5ce8097a4207,qbank_7f9e06c80aa9,实操题库_地面站考试条件_2026H1_航向相同相反题型.txt_91,2026H1,2026H1,航向相同相反题型,2026-04-27,浙江01考场,航向相同相反题型-考试条件提取.docx,92,5,5,三：,takeoff_return,1号点位于起飞点 北偏西25°,1;25,°,起飞点,,25°,,,,
gcond_c96b525ae732,gcond_c96b525ae732,gctpl_078eb3b73eee,gsec_9cb7f76d5ec6,qbank_7f9e06c80aa9,实操题库_地面站考试条件_2026H1_航向相同相反题型.txt_92,2026H1,2026H1,航向相同相反题型,2026-04-27,浙江01考场,航向相同相反题型-考试条件提取.docx,93,1,1,(一),coordinate;speed_height;turn_hold_loop;bearing_angle;geometry,"规划一个闭合五边形并循环执行，①②、②③、③④、④⑤、①⑤边 的边长为a,∠②=∠①为90°，航线相对地面高度为b,水平速度为c，垂直 速度为d,转弯模式为停止转弯，各点停留时间为e；",90,°;度,①;②;②;③;③;④;④;⑤;①;⑤;②;①,,90°,,,,
gcond_8bd4ae4be0a7,gcond_8bd4ae4be0a7,gctpl_416a2b03d4b9,gsec_9cb7f76d5ec6,qbank_7f9e06c80aa9,实操题库_地面站考试条件_2026H1_航向相同相反题型.txt_92,2026H1,2026H1,航向相同相反题型,2026-04-27,浙江01考场,航向相同相反题型-考试条件提取.docx,93,2,2,(二),coordinate;speed_height,"a值为200米，b值为70米，c值为3m/s,d值为2ms,e值为 11s。",200;70;3;2;11,m;m/s;s;米,,,,3m/s;2ms,,,
gcond_e2f035830a21,gcond_e2f035830a21,gctpl_6a103f4adc7d,gsec_9cb7f76d5ec6,qbank_7f9e06c80aa9,实操题库_地面站考试条件_2026H1_航向相同相反题型.txt_92,2026H1,2026H1,航向相同相反题型,2026-04-27,浙江01考场,航向相同相反题型-考试条件提取.docx,93,3,3,一：,coordinate;takeoff_return,起飞点经纬度： N:27°16′34” E:137°45′32”,27;16;34;137;45;32,°;度,起飞点,N:27°16′34”;E:137°45′32”,27°;137°,,,,
gcond_b3bd9097cc46,gcond_b3bd9097cc46,gctpl_2800b0f53dc9,gsec_9cb7f76d5ec6,qbank_7f9e06c80aa9,实操题库_地面站考试条件_2026H1_航向相同相反题型.txt_92,2026H1,2026H1,航向相同相反题型,2026-04-27,浙江01考场,航向相同相反题型-考试条件提取.docx,93,4,4,二：,bearing_angle;takeoff_return,起飞点到1点和3点到4 点的航向相反。,1;3;4,,起飞点,,,,,,
gcond_6640583b1341,gcond_6640583b1341,gctpl_25288528ee19,gsec_9cb7f76d5ec6,qbank_7f9e06c80aa9,实操题库_地面站考试条件_2026H1_航向相同相反题型.txt_92,2026H1,2026H1,航向相同相反题型,2026-04-27,浙江01考场,航向相同相反题型-考试条件提取.docx,93,5,5,三：,geometry,飞点到任务航线1点 的距离是300米。,1;300,米,,,,,300米,300米,
gcond_6f21702e6988,gcond_6f21702e6988,gctpl_c7a8ed63fa17,gsec_e1136ab18e7b,qbank_7f9e06c80aa9,实操题库_地面站考试条件_2026H1_航向相同相反题型.txt_93,2026H1,2026H1,航向相同相反题型,2026-04-27,浙江01考场,航向相同相反题型-考试条件提取.docx,94,1,1,(一),coordinate;speed_height;turn_hold_loop;bearing_angle;geometry,"按图规划一个闭合四边形并循环执行，①②边、②③边边 长为a,①④边边长为b，∠①=∠②=90°航线相对地面高度为c, 水平速度为d，垂直速度为e,转弯模式为停止转弯，停留时间5s；",90;5,s;°;度,①;②;②;③;①;④;①;②,,90°,,,,
gcond_c43fc3296ce0,gcond_c43fc3296ce0,gctpl_ee62dbe1fda2,gsec_e1136ab18e7b,qbank_7f9e06c80aa9,实操题库_地面站考试条件_2026H1_航向相同相反题型.txt_93,2026H1,2026H1,航向相同相反题型,2026-04-27,浙江01考场,航向相同相反题型-考试条件提取.docx,94,2,2,(二),coordinate;speed_height,"a值为200米，b值为400米，c值为300m,d值为 4m/s,e值为3m/s。",200;400;300;4;3,m;m/s;米,,,,4m/s;3m/s,,,
gcond_ffc398da205d,gcond_ffc398da205d,gctpl_ba882e604ee4,gsec_e1136ab18e7b,qbank_7f9e06c80aa9,实操题库_地面站考试条件_2026H1_航向相同相反题型.txt_93,2026H1,2026H1,航向相同相反题型,2026-04-27,浙江01考场,航向相同相反题型-考试条件提取.docx,94,3,3,一：,coordinate;takeoff_return,"起飞点经纬度： N:28°39′30"" E:115°56′32”",28;39;30;115;56;32,°;度,起飞点,"N:28°39′30"";E:115°56′32”",28°;115°,,,,
gcond_f9621daba253,gcond_f9621daba253,gctpl_0ea6b9804588,gsec_e1136ab18e7b,qbank_7f9e06c80aa9,实操题库_地面站考试条件_2026H1_航向相同相反题型.txt_93,2026H1,2026H1,航向相同相反题型,2026-04-27,浙江01考场,航向相同相反题型-考试条件提取.docx,94,4,4,二：,bearing_angle;takeoff_return,起飞点到任务航 线2点的距离是180米。 起飞点到2点和1点到2点航向相反。,2;180;2;1;2,米,起飞点;起飞点,,,,,180米,
gcond_f32a3aff731c,gcond_f32a3aff731c,gctpl_b81420db4dde,gsec_e1136ab18e7b,qbank_7f9e06c80aa9,实操题库_地面站考试条件_2026H1_航向相同相反题型.txt_93,2026H1,2026H1,航向相同相反题型,2026-04-27,浙江01考场,航向相同相反题型-考试条件提取.docx,94,5,5,三：,coordinate;bearing_angle,当地风向：SE方向 H→1顺风飞行,1,S,,,,,,,
gcond_453750a72ad5,gcond_453750a72ad5,gctpl_5b68c56611ea,gsec_a7d167f6890c,qbank_7f9e06c80aa9,实操题库_地面站考试条件_2026H1_航向相同相反题型.txt_94,2026H1,2026H1,航向相同相反题型,2026-04-28,安徽01考场,航向相同相反题型-考试条件提取.docx,95,1,1,(一),speed_height;turn_hold_loop;bearing_angle;geometry,"与 的相对方位由委任代表根据现场环境 等情况进行决定。规划一个等腰直角三角形并循环执行，①②边长为1，①③ 边长为a2,∠①为直角，航线相对地面高度b,水平速度为c，垂直速度为d, 转弯方式为停止转弯，停留时间8S;",1;2;8,S;度,①;②;①;③;①,,,,,,
gcond_7bf223c7a58e,gcond_7bf223c7a58e,gctpl_2f2e956a1383,gsec_a7d167f6890c,qbank_7f9e06c80aa9,实操题库_地面站考试条件_2026H1_航向相同相反题型.txt_94,2026H1,2026H1,航向相同相反题型,2026-04-28,安徽01考场,航向相同相反题型-考试条件提取.docx,95,2,2,(二),speed_height,"al、a2值为60米，b值为45米，c值为4m/s,d值为3m/s。",2;60;45;4;3,m/s;米,,,,4m/s;3m/s,,,
gcond_86431bf098f9,gcond_86431bf098f9,gctpl_2a80657f629c,gsec_a7d167f6890c,qbank_7f9e06c80aa9,实操题库_地面站考试条件_2026H1_航向相同相反题型.txt_94,2026H1,2026H1,航向相同相反题型,2026-04-28,安徽01考场,航向相同相反题型-考试条件提取.docx,95,3,3,1、,coordinate;takeoff_return,"起飞点经纬度： N:25°35'35” E:115°55'35""",25;35;35;115;55;35,°;度,起飞点,"N:25°35'35”;E:115°55'35""",25°;115°,,,,
gcond_2609794e6e4b,gcond_2609794e6e4b,gctpl_ae5a942c3940,gsec_a7d167f6890c,qbank_7f9e06c80aa9,实操题库_地面站考试条件_2026H1_航向相同相反题型.txt_94,2026H1,2026H1,航向相同相反题型,2026-04-28,安徽01考场,航向相同相反题型-考试条件提取.docx,95,4,4,2、,speed_height,当地风向为：东北风 阵风14km/h H-1逆风飞行，H距离1 点90米。,14;1;1;90,km/h;米,,,,14km/h,,90米,
gcond_12c81f6e92e4,gcond_12c81f6e92e4,gctpl_97ccb9fea4e9,gsec_a7d167f6890c,qbank_7f9e06c80aa9,实操题库_地面站考试条件_2026H1_航向相同相反题型.txt_94,2026H1,2026H1,航向相同相反题型,2026-04-28,安徽01考场,航向相同相反题型-考试条件提取.docx,95,5,5,3、,bearing_angle,2-3的航向和H-1的航 向相反,2;3;1,,2,,,,,,
gcond_90bfa3606efa,gcond_90bfa3606efa,gctpl_8b02a94fa7d2,gsec_68751afe2afc,qbank_7f9e06c80aa9,实操题库_地面站考试条件_2026H1_航向相同相反题型.txt_95,2026H1,2026H1,航向相同相反题型,2026-04-28,安徽01考场,航向相同相反题型-考试条件提取.docx,96,1,1,(一),coordinate;speed_height;turn_hold_loop;bearing_angle,"与 的相对方位由委任代表根据 现场环境等情况进行决定。规划扫描航线要求不闭合不循环，航线长 度为a,航线间隔为b,航线相对地面高度为c,水平速度为d,垂 直速度为e，转弯模式为停止转弯，停留时间不作要求；",,度,,,,,,,
gcond_561b261a0cd9,gcond_561b261a0cd9,gctpl_e6c855da8186,gsec_68751afe2afc,qbank_7f9e06c80aa9,实操题库_地面站考试条件_2026H1_航向相同相反题型.txt_95,2026H1,2026H1,航向相同相反题型,2026-04-28,安徽01考场,航向相同相反题型-考试条件提取.docx,96,2,2,(二),coordinate;speed_height,"a值为300米，b值为100米，c值为65m,d值为4m/s, e值为3m/s。",300;100;65;4;3,m;m/s;米,,,,4m/s;3m/s,,,
gcond_d7a71f72666f,gcond_d7a71f72666f,gctpl_09b271642385,gsec_68751afe2afc,qbank_7f9e06c80aa9,实操题库_地面站考试条件_2026H1_航向相同相反题型.txt_95,2026H1,2026H1,航向相同相反题型,2026-04-28,安徽01考场,航向相同相反题型-考试条件提取.docx,96,3,3,1、,coordinate;takeoff_return,起飞点经纬度： N:26°36′36” E:116°5636”,26;36;36;116;5636,°;度,起飞点,N:26°36′36”;E:116°5636”,26°;116°,,,,
gcond_8bd018dfade6,gcond_8bd018dfade6,gctpl_766292f31b08,gsec_68751afe2afc,qbank_7f9e06c80aa9,实操题库_地面站考试条件_2026H1_航向相同相反题型.txt_95,2026H1,2026H1,航向相同相反题型,2026-04-28,安徽01考场,航向相同相反题型-考试条件提取.docx,96,4,4,2、,bearing_angle;geometry;takeoff_return,起飞点到任务航 线航点2点的距离是 300米。 起飞点到2点和2点到3 点航向相同。,2;300;2;2;3,米,起飞点;起飞点,,,,,300米,
gcond_2c22dd384caf,gcond_2c22dd384caf,gctpl_278725a59548,gsec_68751afe2afc,qbank_7f9e06c80aa9,实操题库_地面站考试条件_2026H1_航向相同相反题型.txt_95,2026H1,2026H1,航向相同相反题型,2026-04-28,安徽01考场,航向相同相反题型-考试条件提取.docx,96,5,5,3、,coordinate;bearing_angle;takeoff_return,1号点位于起飞点 SE方位,1,S,起飞点,,,,,,
gcond_bf95e7bddf52,gcond_bf95e7bddf52,gctpl_f840aea0b48f,gsec_8a72270d40d3,qbank_7f9e06c80aa9,实操题库_地面站考试条件_2026H1_航向相同相反题型.txt_96,2026H1,2026H1,航向相同相反题型,2026-04-28,安徽01考场,航向相同相反题型-考试条件提取.docx,97,1,1,(一),coordinate;speed_height;turn_hold_loop;bearing_angle;geometry,"与 的相对方位由委任代表根据现场环境等 情况进行决定。规划一个闭合五边形并循环执行，①②边及②③边的边长为， ∠②=∠④=∠①为90°，航线相对地面高度为b,水平速度为c,垂直速度为d, 转弯模式为停止转弯，各点停留时间为e;",90,°;度,①;②;②;③;②;④;①,,90°,,,,
gcond_b0ebd93c5508,gcond_b0ebd93c5508,gctpl_a225140e402e,gsec_8a72270d40d3,qbank_7f9e06c80aa9,实操题库_地面站考试条件_2026H1_航向相同相反题型.txt_96,2026H1,2026H1,航向相同相反题型,2026-04-28,安徽01考场,航向相同相反题型-考试条件提取.docx,97,2,2,(二),coordinate;speed_height,"a值建议为80米，b值建议为60米，c值建议为5m/s,d值建议 为4m/s,e值建议为20s",80;60;5;4;20,m/s;s;米,,,,5m/s;4m/s,,,
gcond_e47133ba69d1,gcond_e47133ba69d1,gctpl_cdcef857e804,gsec_8a72270d40d3,qbank_7f9e06c80aa9,实操题库_地面站考试条件_2026H1_航向相同相反题型.txt_96,2026H1,2026H1,航向相同相反题型,2026-04-28,安徽01考场,航向相同相反题型-考试条件提取.docx,97,3,3,1、,coordinate;takeoff_return,"起飞点经纬度： N:24°34'34"" E:114°54'34”",24;34;34;114;54;34,°;度,起飞点,"N:24°34'34"";E:114°54'34”",24°;114°,,,,
gcond_138bb9184b67,gcond_138bb9184b67,gctpl_77707de937ff,gsec_8a72270d40d3,qbank_7f9e06c80aa9,实操题库_地面站考试条件_2026H1_航向相同相反题型.txt_96,2026H1,2026H1,航向相同相反题型,2026-04-28,安徽01考场,航向相同相反题型-考试条件提取.docx,97,4,4,2、,geometry;takeoff_return,起飞点到任务航线3 点的距离是80米。 起飞点到3点和1点到2点航 向相同。,3;80;3;1;2,米,起飞点;起飞点,,,,80米,80米,
gcond_89000eb6dc1b,gcond_89000eb6dc1b,gctpl_24f22809ef72,gsec_8a72270d40d3,qbank_7f9e06c80aa9,实操题库_地面站考试条件_2026H1_航向相同相反题型.txt_96,2026H1,2026H1,航向相同相反题型,2026-04-28,安徽01考场,航向相同相反题型-考试条件提取.docx,97,5,5,3、,bearing_angle;takeoff_return,1号点位于起飞点北 偏西30°方位,1;30,°,起飞点,,30°,,,,
gcond_0af03b11984c,gcond_0af03b11984c,gctpl_9e71ef4b5b44,gsec_912fdc2d7052,qbank_7f9e06c80aa9,实操题库_地面站考试条件_2026H1_航向相同相反题型.txt_97,2026H1,2026H1,航向相同相反题型,2026-04-29,甘肃01考场,航向相同相反题型-考试条件提取.docx,98,1,1,(一),coordinate;speed_height;turn_hold_loop;bearing_angle;geometry,"规划一个闭合五边形并循环执行6次，①②、②③、③④、④⑤、① ⑤边的边长为a,∠②=∠①为90°，航线相对地面高度为b，水平速度为c, 垂直速度为d,转弯模式为停止转弯，各点停留时间为e;",6;90,°;度,①;②;②;③;③;④;④;⑤;①;⑤;②;①,,90°,,,,
gcond_d8da4fa0f084,gcond_d8da4fa0f084,gctpl_eddfdc46a326,gsec_912fdc2d7052,qbank_7f9e06c80aa9,实操题库_地面站考试条件_2026H1_航向相同相反题型.txt_97,2026H1,2026H1,航向相同相反题型,2026-04-29,甘肃01考场,航向相同相反题型-考试条件提取.docx,98,2,2,(二),coordinate;speed_height,"a值为50米，b值为50米，c值为3m/s,d值为2m/s,e值为12s",50;50;3;2;12,m/s;s;米,,,,3m/s;2m/s,,,
gcond_5d59cdcd9332,gcond_5d59cdcd9332,gctpl_2106bda8e857,gsec_912fdc2d7052,qbank_7f9e06c80aa9,实操题库_地面站考试条件_2026H1_航向相同相反题型.txt_97,2026H1,2026H1,航向相同相反题型,2026-04-29,甘肃01考场,航向相同相反题型-考试条件提取.docx,98,3,3,二：,bearing_angle;geometry;takeoff_return,起飞点到任务航线 1点的距离是150米。 起飞点到1点和4点到5 1 点航向相反。,1;150;1;4;5;1,米,起飞点;起飞点;1,,,,150米,150米,
gcond_46e28ec6cc2b,gcond_46e28ec6cc2b,gctpl_add053402b0d,gsec_912fdc2d7052,qbank_7f9e06c80aa9,实操题库_地面站考试条件_2026H1_航向相同相反题型.txt_97,2026H1,2026H1,航向相同相反题型,2026-04-29,甘肃01考场,航向相同相反题型-考试条件提取.docx,98,4,4,三：,takeoff_return,1号点位于起飞点 东偏北25°,1;25,°,起飞点,,25°,,,,
gcond_a5f54f27a99c,gcond_a5f54f27a99c,gctpl_c3501fe2ddbb,gsec_d9e885180f5c,qbank_7f9e06c80aa9,实操题库_地面站考试条件_2026H1_航向相同相反题型.txt_98,2026H1,2026H1,航向相同相反题型,2026-04-29,甘肃01考场,航向相同相反题型-考试条件提取.docx,99,1,1,(一),coordinate;speed_height;turn_hold_loop;bearing_angle;geometry,"按图规划一个闭合四边形并循环执行7次，①②边、②③ 边边长为a,①④边边长为b,∠②=∠①=90°航线相对地面高度 为c,水平速度为d，垂直速度为e,转弯模式为停止转弯，停留 时间8s;",7;90;8,s;°;度,①;②;②;③;①;④;②;①,,90°,,,,
gcond_361783a69396,gcond_361783a69396,gctpl_bde5455e8d38,gsec_d9e885180f5c,qbank_7f9e06c80aa9,实操题库_地面站考试条件_2026H1_航向相同相反题型.txt_98,2026H1,2026H1,航向相同相反题型,2026-04-29,甘肃01考场,航向相同相反题型-考试条件提取.docx,99,2,2,(二),coordinate;speed_height,"a值为200米，b值为300米，c值为30m,d值为 9m/s,e值为4m/s",200;300;30;9;4,m;m/s;米,,,,9m/s;4m/s,,,
gcond_bd266c44e52f,gcond_bd266c44e52f,gctpl_0c52cb240c0c,gsec_d9e885180f5c,qbank_7f9e06c80aa9,实操题库_地面站考试条件_2026H1_航向相同相反题型.txt_98,2026H1,2026H1,航向相同相反题型,2026-04-29,甘肃01考场,航向相同相反题型-考试条件提取.docx,99,3,3,一：,coordinate;takeoff_return,起飞点经纬度： N:28°39′30” E:125°56'32”,28;39;30;125;56;32,°;度,起飞点,N:28°39′30”;E:125°56'32”,28°;125°,,,,
gcond_cf2f4f9b24ec,gcond_cf2f4f9b24ec,gctpl_61431ee922cf,gsec_d9e885180f5c,qbank_7f9e06c80aa9,实操题库_地面站考试条件_2026H1_航向相同相反题型.txt_98,2026H1,2026H1,航向相同相反题型,2026-04-29,甘肃01考场,航向相同相反题型-考试条件提取.docx,99,4,4,二：,bearing_angle;geometry;takeoff_return,起飞点到任务航线1 点的距离是100米。 起飞点到1点和3点到2点航向相同。,1;100;1;3;2,米,起飞点;起飞点,,,,100米,100米,
gcond_f41e7b5583f8,gcond_f41e7b5583f8,gctpl_e8a22e2ddeb9,gsec_d9e885180f5c,qbank_7f9e06c80aa9,实操题库_地面站考试条件_2026H1_航向相同相反题型.txt_98,2026H1,2026H1,航向相同相反题型,2026-04-29,甘肃01考场,航向相同相反题型-考试条件提取.docx,99,5,5,三：,other,3号点位于2点东偏 南25°。,3;2;25,°,,,25°,,,,
gcond_43f3117e8cd7,gcond_43f3117e8cd7,gctpl_c492e887cfe9,gsec_1e20cd17dde4,qbank_7f9e06c80aa9,实操题库_地面站考试条件_2026H1_航向相同相反题型.txt_99,2026H1,2026H1,航向相同相反题型,2026-04-29,河南02考场,航向相同相反题型-考试条件提取.docx,100,1,1,(一),coordinate;speed_height;turn_hold_loop;bearing_angle;geometry,"按图规划一个闭合四边形并循环执行，①②边、②③边边 长为a,①④边边长为b,∠②=∠①=90°航线相对地面高度为c, 水平速度为d，垂直速度为e,转弯模式为协调转弯；",90,°;度,①;②;②;③;①;④;②;①,,90°,,,,
gcond_1195872c7ac8,gcond_1195872c7ac8,gctpl_0c10b202a24e,gsec_1e20cd17dde4,qbank_7f9e06c80aa9,实操题库_地面站考试条件_2026H1_航向相同相反题型.txt_99,2026H1,2026H1,航向相同相反题型,2026-04-29,河南02考场,航向相同相反题型-考试条件提取.docx,100,2,2,(二),coordinate;speed_height,"a值为200米，b值为300米，c值为300m,d值为 3m/s,e值为2m/s。",200;300;300;3;2,m;m/s;米,,,,3m/s;2m/s,,,
gcond_2935b1c83fe8,gcond_2935b1c83fe8,gctpl_e2c9e5f9ba43,gsec_1e20cd17dde4,qbank_7f9e06c80aa9,实操题库_地面站考试条件_2026H1_航向相同相反题型.txt_99,2026H1,2026H1,航向相同相反题型,2026-04-29,河南02考场,航向相同相反题型-考试条件提取.docx,100,3,3,一：,coordinate;takeoff_return,"起飞点经纬度： N:28°39'30"" E:115°56'32""",28;39;30;115;56;32,°;度,起飞点,"N:28°39'30"";E:115°56'32""",28°;115°,,,,
gcond_4cad0695b0c6,gcond_4cad0695b0c6,gctpl_540b5ca6fbbb,gsec_1e20cd17dde4,qbank_7f9e06c80aa9,实操题库_地面站考试条件_2026H1_航向相同相反题型.txt_99,2026H1,2026H1,航向相同相反题型,2026-04-29,河南02考场,航向相同相反题型-考试条件提取.docx,100,4,4,二：,bearing_angle;geometry;takeoff_return,起飞点到任务航线1 点的距离是100米。 起飞点到1点和3点到2 点航向相反。,1;100;1;3;2,米,起飞点;起飞点,,,,100米,100米,
gcond_cc0ca684ca16,gcond_cc0ca684ca16,gctpl_e5503c4a1760,gsec_1e20cd17dde4,qbank_7f9e06c80aa9,实操题库_地面站考试条件_2026H1_航向相同相反题型.txt_99,2026H1,2026H1,航向相同相反题型,2026-04-29,河南02考场,航向相同相反题型-考试条件提取.docx,100,5,5,三：,other,3号点位于2点西偏 北15°。,3;2;15,°,,,15°,,,,
gcond_f901820ec033,gcond_f901820ec033,gctpl_0cbdbe63db07,gsec_c9e570d1b194,qbank_7f9e06c80aa9,实操题库_地面站考试条件_2026H1_航向相同相反题型.txt_100,2026H1,2026H1,航向相同相反题型,2026-04-10,河北03考场,航向相同相反题型-考试条件提取.docx,101,1,1,(一),coordinate;speed_height;turn_hold_loop;bearing_angle;geometry,"规划一个闭合五边形并循环执行，①②、②③、①⑤边的边长为a, ∠②=∠①为90°，∠④为0°航线相对地面高度为b,水平速度为c，垂直 速度为d,转弯模式为停止转弯，各点停留时间为e;",90;0,°;度,①;②;②;③;①;⑤;②;①;④,,90°;0°,,,,
gcond_02cd2f5d9003,gcond_02cd2f5d9003,gctpl_45d41356b289,gsec_c9e570d1b194,qbank_7f9e06c80aa9,实操题库_地面站考试条件_2026H1_航向相同相反题型.txt_100,2026H1,2026H1,航向相同相反题型,2026-04-10,河北03考场,航向相同相反题型-考试条件提取.docx,101,2,2,(二),coordinate;speed_height,"a值为200米，b值为70米，c值为3m/s,d值为2m/s,e值为 11s",200;70;3;2;11,m/s;s;米,,,,3m/s;2m/s,,,
gcond_d1bf003bc882,gcond_d1bf003bc882,gctpl_789c21654e3c,gsec_c9e570d1b194,qbank_7f9e06c80aa9,实操题库_地面站考试条件_2026H1_航向相同相反题型.txt_100,2026H1,2026H1,航向相同相反题型,2026-04-10,河北03考场,航向相同相反题型-考试条件提取.docx,101,3,3,二：,bearing_angle;geometry;takeoff_return,起飞点到任务航线 1点的距离是300米。 起飞点到1和3点到4点 航向相反。,1;300;1;3;4,米,起飞点;起飞点,,,,300米,300米,
gcond_c5577b82be26,gcond_c5577b82be26,gctpl_02f8ab6d31c3,gsec_c9e570d1b194,qbank_7f9e06c80aa9,实操题库_地面站考试条件_2026H1_航向相同相反题型.txt_100,2026H1,2026H1,航向相同相反题型,2026-04-10,河北03考场,航向相同相反题型-考试条件提取.docx,101,4,4,三：,takeoff_return,起飞点位于1点的 东偏南15°,1;15,°,起飞点,,15°,,,,
gcond_ff2e4efb8f20,gcond_ff2e4efb8f20,gctpl_1ce7045e21d7,gsec_b8c1d25144c5,qbank_7f9e06c80aa9,实操题库_地面站考试条件_2026H1_航向相同相反题型.txt_101,2026H1,2026H1,航向相同相反题型,2026-05-10,河北03考场,航向相同相反题型-考试条件提取.docx,102,1,1,(一),coordinate;speed_height;turn_hold_loop;bearing_angle;geometry,"按图规划一个闭合四边形并循环执行，①②边、②③边边 长为a,①④边边长为b,∠①=∠②=90·航线相对地面高度为c, 水平速度为d，垂直速度为e,转弯模式为停止转弯，停留时间5s；",90;5,s;度,①;②;②;③;①;④;①;②,,,,,,
gcond_203fb8d78b7d,gcond_203fb8d78b7d,gctpl_93446f124ab9,gsec_b8c1d25144c5,qbank_7f9e06c80aa9,实操题库_地面站考试条件_2026H1_航向相同相反题型.txt_101,2026H1,2026H1,航向相同相反题型,2026-05-10,河北03考场,航向相同相反题型-考试条件提取.docx,102,2,2,(二),coordinate;speed_height,"a值为200米，b值为400米，c值为300m,d值为 3m/s,e值为2m/s",200;400;300;3;2,m;m/s;米,,,,3m/s;2m/s,,,
gcond_f04d613c54f0,gcond_f04d613c54f0,gctpl_db8300c247f4,gsec_b8c1d25144c5,qbank_7f9e06c80aa9,实操题库_地面站考试条件_2026H1_航向相同相反题型.txt_101,2026H1,2026H1,航向相同相反题型,2026-05-10,河北03考场,航向相同相反题型-考试条件提取.docx,102,3,3,一：,coordinate;takeoff_return,"起飞点经纬度： N:28°3930 E:115°5632""",28;3930;115;5632,°;度,起飞点,"N:28°3930;E:115°5632""",28°;115°,,,,
gcond_fdde1e06cdd3,gcond_fdde1e06cdd3,gctpl_6e3cc31daa0f,gsec_b8c1d25144c5,qbank_7f9e06c80aa9,实操题库_地面站考试条件_2026H1_航向相同相反题型.txt_101,2026H1,2026H1,航向相同相反题型,2026-05-10,河北03考场,航向相同相反题型-考试条件提取.docx,102,4,4,二：,bearing_angle;geometry;takeoff_return,起飞点到任务航线1 点的距离是100米。 起飞点到1点和4点到3 点航向相同。,1;100;1;4;3,米,起飞点;起飞点,,,,100米,100米,
gcond_97d33ec6a2f7,gcond_97d33ec6a2f7,gctpl_d2239f1be620,gsec_b8c1d25144c5,qbank_7f9e06c80aa9,实操题库_地面站考试条件_2026H1_航向相同相反题型.txt_101,2026H1,2026H1,航向相同相反题型,2026-05-10,河北03考场,航向相同相反题型-考试条件提取.docx,102,5,5,三：,other,3号点位于4点西偏 北25°。,3;4;25,°,,,25°,,,,
gcond_fa7f3af066e9,gcond_fa7f3af066e9,gctpl_97f741ca497c,gsec_9fd7330acb66,qbank_7f9e06c80aa9,实操题库_地面站考试条件_2026H1_航向相同相反题型.txt_102,2026H1,2026H1,航向相同相反题型,2026-05-08,广东02考场,航向相同相反题型-考试条件提取.docx,103,1,1,(一),coordinate;speed_height;turn_hold_loop;bearing_angle;geometry,"规划一个闭合五边形并循环执行，①②、②③、③④、④⑤、①⑤边 的边长为a,∠②=∠①为90°，航线相对地面高度为b,水平速度为c,垂直 速度为d,转弯模式为停止转弯，各点停留时间为e",90,°;度,①;②;②;③;③;④;④;⑤;①;⑤;②;①,,90°,,,,
gcond_f8a75ef77a18,gcond_f8a75ef77a18,gctpl_6039333fd270,gsec_9fd7330acb66,qbank_7f9e06c80aa9,实操题库_地面站考试条件_2026H1_航向相同相反题型.txt_102,2026H1,2026H1,航向相同相反题型,2026-05-08,广东02考场,航向相同相反题型-考试条件提取.docx,103,2,2,(二),coordinate;speed_height,"a值为50米，b值为50米，c值为3m/s,d值为2m/s,e值为 10s",50;50;3;2;10,m/s;s;米,,,,3m/s;2m/s,,,
gcond_4e369fba59be,gcond_4e369fba59be,gctpl_6e4e846c91cf,gsec_9fd7330acb66,qbank_7f9e06c80aa9,实操题库_地面站考试条件_2026H1_航向相同相反题型.txt_102,2026H1,2026H1,航向相同相反题型,2026-05-08,广东02考场,航向相同相反题型-考试条件提取.docx,103,3,3,一：,coordinate;takeoff_return,"起飞点经纬度： N28°00'12"" E:115°0632",28;00;12;115;0632,°;度,起飞点,"N28°00'12"";E:115°0632",28°;115°,,,,
gcond_01f2c0faf912,gcond_01f2c0faf912,gctpl_a5e0e7e70840,gsec_9fd7330acb66,qbank_7f9e06c80aa9,实操题库_地面站考试条件_2026H1_航向相同相反题型.txt_102,2026H1,2026H1,航向相同相反题型,2026-05-08,广东02考场,航向相同相反题型-考试条件提取.docx,103,4,4,二：,bearing_angle;geometry;takeoff_return,起飞点到任务航线 任务航线示意图： 1点的距离是120米 起飞点到1点和4点到5点 航向相同,1;120;1;4;5,米,起飞点;起飞点,,,,,120米,
gcond_3f3885e604d2,gcond_3f3885e604d2,gctpl_ec8d0b670594,gsec_9fd7330acb66,qbank_7f9e06c80aa9,实操题库_地面站考试条件_2026H1_航向相同相反题型.txt_102,2026H1,2026H1,航向相同相反题型,2026-05-08,广东02考场,航向相同相反题型-考试条件提取.docx,103,5,5,三：,takeoff_return,1号点位于起飞点南 偏西25度。,1;25,度,起飞点,,25度,,,,
gcond_2b0a575d290f,gcond_2b0a575d290f,gctpl_fa74dd0f942d,gsec_859d46624c6f,qbank_7f9e06c80aa9,实操题库_地面站考试条件_2026H1_航向相同相反题型.txt_103,2026H1,2026H1,航向相同相反题型,2026-05-10,湖北03考场,航向相同相反题型-考试条件提取.docx,104,1,1,(一),coordinate;speed_height;turn_hold_loop;bearing_angle;geometry,"规划一个闭合五边形并循环执行，①②、②③、①⑤边的边长为a, ∠②=∠①为90°，∠4为90°航线相对地面高度为b,水平速度为c,垂直 速度为d,转弯模式为停止转弯，各点停留时间为e;",90;4;90,°;度,①;②;②;③;①;⑤;②;①,,90°;90°,,,,
gcond_15c6d02ffdfe,gcond_15c6d02ffdfe,gctpl_63e1071f2fc2,gsec_859d46624c6f,qbank_7f9e06c80aa9,实操题库_地面站考试条件_2026H1_航向相同相反题型.txt_103,2026H1,2026H1,航向相同相反题型,2026-05-10,湖北03考场,航向相同相反题型-考试条件提取.docx,104,2,2,(二),coordinate;speed_height,"a值为200米，b值为70米，c值为3m/s,d值为2m/s,e值为 1ls",200;70;3;2;1,m/s;s;米,,,,3m/s;2m/s,,,
gcond_3660b8a4093d,gcond_3660b8a4093d,gctpl_52b5cd8a80ca,gsec_859d46624c6f,qbank_7f9e06c80aa9,实操题库_地面站考试条件_2026H1_航向相同相反题型.txt_103,2026H1,2026H1,航向相同相反题型,2026-05-10,湖北03考场,航向相同相反题型-考试条件提取.docx,104,3,3,一：,coordinate;takeoff_return,"起飞点经纬度： N:33°1634"" E:125°37'32",33;1634;125;37;32,°;度,起飞点,"N:33°1634"";E:125°37'32",33°;125°,,,,
gcond_0a6ffd57ad69,gcond_0a6ffd57ad69,gctpl_b09cb739dd82,gsec_859d46624c6f,qbank_7f9e06c80aa9,实操题库_地面站考试条件_2026H1_航向相同相反题型.txt_103,2026H1,2026H1,航向相同相反题型,2026-05-10,湖北03考场,航向相同相反题型-考试条件提取.docx,104,4,4,二：,bearing_angle;geometry;takeoff_return,起飞点到任务航线1 点的距离是300米 ，起飞点到1点和3点到4点 航向相反,1;300;1;3;4,米,起飞点;起飞点,,,,300米,300米,
gcond_7467c9cd4afc,gcond_7467c9cd4afc,gctpl_02f8ab6d31c3,gsec_859d46624c6f,qbank_7f9e06c80aa9,实操题库_地面站考试条件_2026H1_航向相同相反题型.txt_103,2026H1,2026H1,航向相同相反题型,2026-05-10,湖北03考场,航向相同相反题型-考试条件提取.docx,104,5,5,三：,takeoff_return,起飞点位于1点的东 偏南15°,1;15,°,起飞点,,15°,,,,
gcond_17c7fd9fc853,gcond_17c7fd9fc853,gctpl_43f5f68d690d,gsec_aaa83d4da5e5,qbank_7f9e06c80aa9,实操题库_地面站考试条件_2026H1_航向相同相反题型.txt_104,2026H1,2026H1,航向相同相反题型,2026-05-06,广东03考场,航向相同相反题型-考试条件提取.docx,105,1,1,(一),coordinate;speed_height;turn_hold_loop;geometry,"规划一个闭合六边形并循环执行，边长为a,①②③航点 相对地面高度为b,④⑤⑥航点相对地面高度为c,水平速度为d, 垂直速度为e,转弯方式为协调转弯。",,度,①;②;③;④;⑤;⑥,,,,,,
gcond_1fdfe84d6e89,gcond_1fdfe84d6e89,gctpl_24a66d56fda9,gsec_aaa83d4da5e5,qbank_7f9e06c80aa9,实操题库_地面站考试条件_2026H1_航向相同相反题型.txt_104,2026H1,2026H1,航向相同相反题型,2026-05-06,广东03考场,航向相同相反题型-考试条件提取.docx,105,2,2,(二),coordinate;speed_height,"a值为400米，b值为60米，c值为40m,d值为3m/s, e值为2m/s。",400;60;40;3;2,m;m/s;米,,,,3m/s;2m/s,,,
gcond_da4906d45447,gcond_da4906d45447,gctpl_8f92fef586bf,gsec_aaa83d4da5e5,qbank_7f9e06c80aa9,实操题库_地面站考试条件_2026H1_航向相同相反题型.txt_104,2026H1,2026H1,航向相同相反题型,2026-05-06,广东03考场,航向相同相反题型-考试条件提取.docx,105,3,3,一、,coordinate;takeoff_return,"起飞点经纬度： 3 N:28°39'30 E:115°56′32""",3;28;39;30;115;56;32,°;度,起飞点;3,"N:28°39'30;E:115°56′32""",28°;115°,,,,
gcond_4eece8d16c1f,gcond_4eece8d16c1f,gctpl_dbc475a61c1f,gsec_aaa83d4da5e5,qbank_7f9e06c80aa9,实操题库_地面站考试条件_2026H1_航向相同相反题型.txt_104,2026H1,2026H1,航向相同相反题型,2026-05-06,广东03考场,航向相同相反题型-考试条件提取.docx,105,4,4,二、,bearing_angle;takeoff_return,起飞点到任务航 线2点的距离是150米。 起飞点→1点和2点→1 点航向相同,2;150;1;2;1,米,起飞点;起飞点;1,,,,,150米,
gcond_ba310eb6684a,gcond_ba310eb6684a,gctpl_3574dd78da41,gsec_aaa83d4da5e5,qbank_7f9e06c80aa9,实操题库_地面站考试条件_2026H1_航向相同相反题型.txt_104,2026H1,2026H1,航向相同相反题型,2026-05-06,广东03考场,航向相同相反题型-考试条件提取.docx,105,5,5,三、,coordinate;bearing_angle,当地风向：NW方 向，5-6顺风飞行,5;6,,5,,,,,,
gcond_30de568c6bc1,gcond_30de568c6bc1,gctpl_94ace34b940b,gsec_f48f9a30f930,qbank_7f9e06c80aa9,实操题库_地面站考试条件_2026H1_航向相同相反题型.txt_105,2026H1,2026H1,航向相同相反题型,2026-05-10,湖北04考场,航向相同相反题型-考试条件提取.docx,106,1,1,(一),speed_height;turn_hold_loop;bearing_angle;geometry,"规划一个闭合等腰直角三角形并循环执行，①②边长为a1,①③边 长为a2,∠①为直角，航线相对地面高度b，水平速度为c,垂直速度为d, 转弯方式为停止转弯，停留时间为5S；",1;2;5,S;度,①;②;①;③;①,,,,,,
gcond_b2b10f6e4140,gcond_b2b10f6e4140,gctpl_31bf18a22034,gsec_f48f9a30f930,qbank_7f9e06c80aa9,实操题库_地面站考试条件_2026H1_航向相同相反题型.txt_105,2026H1,2026H1,航向相同相反题型,2026-05-10,湖北04考场,航向相同相反题型-考试条件提取.docx,106,2,2,(二),speed_height,"a1、a2值为50米，b值为50米，c值为3m5,d值为2m/s。",1;2;50;50;3;5;2,m;m/s;米,,,,2m/s,,,
gcond_d46384cb936a,gcond_d46384cb936a,gctpl_648fc8fca50b,gsec_f48f9a30f930,qbank_7f9e06c80aa9,实操题库_地面站考试条件_2026H1_航向相同相反题型.txt_105,2026H1,2026H1,航向相同相反题型,2026-05-10,湖北04考场,航向相同相反题型-考试条件提取.docx,106,3,3,一：,coordinate;takeoff_return,起飞点经纬度： N:30.42575° E:114°29'23,30.42575;114;29;23,°;度,起飞点,N:30.42575;E:114°29'23,30.42575°;114°,,,,
gcond_a09cff62152c,gcond_a09cff62152c,gctpl_8015ed70b6db,gsec_f48f9a30f930,qbank_7f9e06c80aa9,实操题库_地面站考试条件_2026H1_航向相同相反题型.txt_105,2026H1,2026H1,航向相同相反题型,2026-05-10,湖北04考场,航向相同相反题型-考试条件提取.docx,106,4,4,二：,bearing_angle;geometry;takeoff_return,起飞点到任务航线2 点的距离是100米 起飞点到2点和2点到3点 航向相反,2;100;2;2;3,米,起飞点;起飞点,,,,100米,100米,
gcond_cbf28c8d2ef0,gcond_cbf28c8d2ef0,gctpl_874958072141,gsec_f48f9a30f930,qbank_7f9e06c80aa9,实操题库_地面站考试条件_2026H1_航向相同相反题型.txt_105,2026H1,2026H1,航向相同相反题型,2026-05-10,湖北04考场,航向相同相反题型-考试条件提取.docx,106,5,5,三：,takeoff_return,2号点位于起飞点西 偏南15度。,2;15,度,起飞点,,15度,,,,
gcond_9ebdc88f43b3,gcond_9ebdc88f43b3,gctpl_c04755768923,gsec_74aabf70261b,qbank_7f9e06c80aa9,实操题库_地面站考试条件_2026H1_航向相同相反题型.txt_106,2026H1,2026H1,航向相同相反题型,2026-05-06,广东03考场,航向相同相反题型-考试条件提取.docx,107,1,1,(一),coordinate;speed_height;turn_hold_loop,"规划扫描航线要求不闭合不循环，航线长度为a,航线间 隔为b,航线相对地面高度为c,水平速度为d,垂直速度为e,转弯 方式为停止转弯，各点停留时间为f:",,度,,,,,,,
gcond_a536488c1d63,gcond_a536488c1d63,gctpl_0430ef01adfc,gsec_74aabf70261b,qbank_7f9e06c80aa9,实操题库_地面站考试条件_2026H1_航向相同相反题型.txt_106,2026H1,2026H1,航向相同相反题型,2026-05-06,广东03考场,航向相同相反题型-考试条件提取.docx,107,2,2,(二),coordinate;speed_height,"a值为400米，b值为100米，c值为80m,d值为3m/s, e值为2m/s,f值为5s。",400;100;80;3;2;5,m;m/s;s;米,,,,3m/s;2m/s,,,
gcond_0ffd15815b27,gcond_0ffd15815b27,gctpl_352d14e04041,gsec_74aabf70261b,qbank_7f9e06c80aa9,实操题库_地面站考试条件_2026H1_航向相同相反题型.txt_106,2026H1,2026H1,航向相同相反题型,2026-05-06,广东03考场,航向相同相反题型-考试条件提取.docx,107,3,3,一：,coordinate;bearing_angle;geometry;takeoff_return,1号点经纬度： N:33°36'37 E:113°15′27 起飞点到1点和4点到 5点航向相反 起飞点到任务航线1点 的距离是200米。,1;33;36;37;113;15;27;1;4;5;1;200,°;度;米,起飞点;起飞点,N:33°36'37;E:113°15′27,33°;113°,,200米,200米,
gcond_80a2f460a86b,gcond_80a2f460a86b,gctpl_eef3dab16e6d,gsec_d059c8115646,qbank_7f9e06c80aa9,实操题库_地面站考试条件_2026H1_航向相同相反题型.txt_107,2026H1,2026H1,航向相同相反题型,2026-05-06,广东03考场,航向相同相反题型-考试条件提取.docx,108,1,1,(一),speed_height;turn_hold_loop;bearing_angle;geometry,"规划一个闭合等腰直角三角形并循环执行，①②边长为1，①③边 长为a2,∠①为直角，航线相对地面高度b,水平速度为c,垂直速度为d, 转弯方式为停止转弯，停留时间为5S；",1;2;5,S;度,①;②;①;③;①,,,,,,
gcond_eac039044fde,gcond_eac039044fde,gctpl_e2a389225d7c,gsec_d059c8115646,qbank_7f9e06c80aa9,实操题库_地面站考试条件_2026H1_航向相同相反题型.txt_107,2026H1,2026H1,航向相同相反题型,2026-05-06,广东03考场,航向相同相反题型-考试条件提取.docx,108,2,2,(二),speed_height,"a1、a2值为50米，b值为50米，c值为3m/s,d值为2m/s。",1;2;50;50;3;2,m/s;米,,,,3m/s;2m/s,,,
gcond_4e453404b67d,gcond_4e453404b67d,gctpl_f6ef2eb40e8e,gsec_d059c8115646,qbank_7f9e06c80aa9,实操题库_地面站考试条件_2026H1_航向相同相反题型.txt_107,2026H1,2026H1,航向相同相反题型,2026-05-06,广东03考场,航向相同相反题型-考试条件提取.docx,108,3,3,一：,coordinate;takeoff_return,"起飞点经纬度： N28°39′30 E:115°56'32""",28;39;30;115;56;32,°;度,起飞点,"N28°39′30;E:115°56'32""",28°;115°,,,,
gcond_7c7d850fa74d,gcond_7c7d850fa74d,gctpl_8015ed70b6db,gsec_d059c8115646,qbank_7f9e06c80aa9,实操题库_地面站考试条件_2026H1_航向相同相反题型.txt_107,2026H1,2026H1,航向相同相反题型,2026-05-06,广东03考场,航向相同相反题型-考试条件提取.docx,108,4,4,二：,bearing_angle;geometry;takeoff_return,起飞点到任务航线2 点的距离是100米 起飞点到2点和2点到3点 航向相反,2;100;2;2;3,米,起飞点;起飞点,,,,100米,100米,
gcond_8c7dd825793f,gcond_8c7dd825793f,gctpl_98730cfddcba,gsec_d059c8115646,qbank_7f9e06c80aa9,实操题库_地面站考试条件_2026H1_航向相同相反题型.txt_107,2026H1,2026H1,航向相同相反题型,2026-05-06,广东03考场,航向相同相反题型-考试条件提取.docx,108,5,5,三：,takeoff_return,2号点位于起飞点 西偏南15度。。,2;15,度,起飞点,,西偏南15度,,,,
gcond_2a0d03a7a14c,gcond_2a0d03a7a14c,gctpl_38d223d3eb71,gsec_f5aa768c3363,qbank_7f9e06c80aa9,实操题库_地面站考试条件_2026H1_航向相同相反题型.txt_108,2026H1,2026H1,航向相同相反题型,2026-05-15,江西03考场,航向相同相反题型-考试条件提取.docx,109,1,1,(一),coordinate;speed_height;turn_hold_loop;bearing_angle;geometry,"按图规划一个闭合四边形并循环执行，①②边、②③边边 长为a,③④边边长为b,∠①=∠②=90·航线相对地面高度为c, 水平速度为d，垂直速度为e,转弯模式为停止转弯，停留时间5s;",90;5,s;度,①;②;②;③;③;④;①;②,,,,,,
gcond_4cb1464a9be3,gcond_4cb1464a9be3,gctpl_5bf0f6b61578,gsec_f5aa768c3363,qbank_7f9e06c80aa9,实操题库_地面站考试条件_2026H1_航向相同相反题型.txt_108,2026H1,2026H1,航向相同相反题型,2026-05-15,江西03考场,航向相同相反题型-考试条件提取.docx,109,2,2,(二),coordinate;speed_height,"a值为200米，b值为400米，c值为300m,d值为 4m/s,e值为3m/s",200;400;300;4;3,m;m/s;米,,,,4m/s;3m/s,,,
gcond_c57577311b53,gcond_c57577311b53,gctpl_73d279c0387e,gsec_f5aa768c3363,qbank_7f9e06c80aa9,实操题库_地面站考试条件_2026H1_航向相同相反题型.txt_108,2026H1,2026H1,航向相同相反题型,2026-05-15,江西03考场,航向相同相反题型-考试条件提取.docx,109,3,3,一：,coordinate;takeoff_return,"起飞点经纬度： N:30°14'54"" E:114°3′20""""",30;14;54;114;3;20,°;度,起飞点;3,"N:30°14'54"";E:114°3′20""",30°;114°,,,,
gcond_5f0f114b71d8,gcond_5f0f114b71d8,gctpl_bdba823a1b11,gsec_f5aa768c3363,qbank_7f9e06c80aa9,实操题库_地面站考试条件_2026H1_航向相同相反题型.txt_108,2026H1,2026H1,航向相同相反题型,2026-05-15,江西03考场,航向相同相反题型-考试条件提取.docx,109,4,4,二：,bearing_angle;geometry;takeoff_return,起飞点到任务航线2 点的距离是180米。 起飞点→2点和1点→2点 航向相反。,2;180;2;1;2,米,起飞点;起飞点,,,,180米,180米,
gcond_edcdd109a462,gcond_edcdd109a462,gctpl_a1e4395ca394,gsec_f5aa768c3363,qbank_7f9e06c80aa9,实操题库_地面站考试条件_2026H1_航向相同相反题型.txt_108,2026H1,2026H1,航向相同相反题型,2026-05-15,江西03考场,航向相同相反题型-考试条件提取.docx,109,5,5,三：,coordinate;bearing_angle,H-1为方向SE。,1,S,,,,,,,
gcond_6342662ba150,gcond_6342662ba150,gctpl_fa74dd0f942d,gsec_bc52c153cd3e,qbank_7f9e06c80aa9,实操题库_地面站考试条件_2026H1_航向相同相反题型.txt_109,2026H1,2026H1,航向相同相反题型,2026-05-15,江西03考场,航向相同相反题型-考试条件提取.docx,110,1,1,(一),coordinate;speed_height;turn_hold_loop;bearing_angle;geometry,"规划一个闭合五边形并循环执行，①②、②③、①⑤边的边长为a, ∠②=∠①为90°，∠4为90°航线相对地面高度为b,水平速度为c,垂直 速度为d,转弯模式为停止转弯，各点停留时间为e;",90;4;90,°;度,①;②;②;③;①;⑤;②;①,,90°;90°,,,,
gcond_38d15f65cf60,gcond_38d15f65cf60,gctpl_0fb78d3f4fed,gsec_bc52c153cd3e,qbank_7f9e06c80aa9,实操题库_地面站考试条件_2026H1_航向相同相反题型.txt_109,2026H1,2026H1,航向相同相反题型,2026-05-15,江西03考场,航向相同相反题型-考试条件提取.docx,110,2,2,(二),coordinate;speed_height,"a值为200米，b值为70米，c值为3m/s,d值为2m/s,e值为 11s。",200;70;3;2;11,m/s;s;米,,,,3m/s;2m/s,,,
gcond_a9eb35e338f5,gcond_a9eb35e338f5,gctpl_f104bae9825b,gsec_bc52c153cd3e,qbank_7f9e06c80aa9,实操题库_地面站考试条件_2026H1_航向相同相反题型.txt_109,2026H1,2026H1,航向相同相反题型,2026-05-15,江西03考场,航向相同相反题型-考试条件提取.docx,110,3,3,二：,bearing_angle;geometry;takeoff_return,起飞点到任务航线1点 的距离是300米。 起飞点到1点和3点到4点 航向相反,1;300;1;3;4,米,起飞点;起飞点,,,,300米,300米,
gcond_bc5ca5a3732d,gcond_bc5ca5a3732d,gctpl_c7cbb0c28bc4,gsec_bc52c153cd3e,qbank_7f9e06c80aa9,实操题库_地面站考试条件_2026H1_航向相同相反题型.txt_109,2026H1,2026H1,航向相同相反题型,2026-05-15,江西03考场,航向相同相反题型-考试条件提取.docx,110,4,4,三：,takeoff_return,起飞点位于1点的东偏 南45°,1;45,°,起飞点,,45°,,,,
gcond_66432ac09348,gcond_66432ac09348,gctpl_732a24c1a398,gsec_ebd6c6c6b1c1,qbank_7f9e06c80aa9,实操题库_地面站考试条件_2026H1_航向相同相反题型.txt_110,2026H1,2026H1,航向相同相反题型,2026-05-16,宁夏02考场,航向相同相反题型-考试条件提取.docx,111,1,1,(一),coordinate;speed_height;turn_hold_loop;bearing_angle;geometry;takeoff_return,"与 的相对方位由委任代表根据现场环境等情 况进行决定。按图于起飞点前规划一个五边形并循环执行，①②、②③边的边长为 a,∠②=∠④=∠①为90°，航线相对地面高度为b,水平速度为c，垂直速度 为d,转弯模式为停止转弯，各点停留时间为e;",90,°;度,起飞点;①;②;②;③;②;④;①,,90°,,,,
gcond_7fc5995a8a33,gcond_7fc5995a8a33,gctpl_e4e53d35021d,gsec_ebd6c6c6b1c1,qbank_7f9e06c80aa9,实操题库_地面站考试条件_2026H1_航向相同相反题型.txt_110,2026H1,2026H1,航向相同相反题型,2026-05-16,宁夏02考场,航向相同相反题型-考试条件提取.docx,111,2,2,(二),coordinate;speed_height,"a值为30米，b值为30米，c值为5m/s,d值为2m/s,e值为 2s",30;30;5;2;2,m/s;s;米,,,,5m/s;2m/s,,,
gcond_d4a9854c64bf,gcond_d4a9854c64bf,gctpl_cb67a1912739,gsec_ebd6c6c6b1c1,qbank_7f9e06c80aa9,实操题库_地面站考试条件_2026H1_航向相同相反题型.txt_110,2026H1,2026H1,航向相同相反题型,2026-05-16,宁夏02考场,航向相同相反题型-考试条件提取.docx,111,3,3,一：,coordinate;geometry;takeoff_return,题卡图形起飞点经纬 度： :28°39'30 E:115°56'32,28;39;30;115;56;32,°;度,起飞点,E:115°56'32,28°;115°,,,,possible_incomplete_latlon_pair
gcond_a76eb3bf6ca8,gcond_a76eb3bf6ca8,gctpl_5d1a13073b97,gsec_ebd6c6c6b1c1,qbank_7f9e06c80aa9,实操题库_地面站考试条件_2026H1_航向相同相反题型.txt_110,2026H1,2026H1,航向相同相反题型,2026-05-16,宁夏02考场,航向相同相反题型-考试条件提取.docx,111,4,4,二：,bearing_angle;geometry;takeoff_return,起飞点到任务航线2点 的距离是100米。起飞点到 2点和3点到2点航向相反,2;100;2;3;2,米,起飞点;起飞点,,,,100米,100米,
gcond_2f495d2c246a,gcond_2f495d2c246a,gctpl_99653de07732,gsec_ebd6c6c6b1c1,qbank_7f9e06c80aa9,实操题库_地面站考试条件_2026H1_航向相同相反题型.txt_110,2026H1,2026H1,航向相同相反题型,2026-05-16,宁夏02考场,航向相同相反题型-考试条件提取.docx,111,5,5,三：,other,3号点位于2点东偏南 20°,3;2;20,°,,,20°,,,,
gcond_31443af180c4,gcond_31443af180c4,gctpl_59efee065476,gsec_84a2b0ee1a76,qbank_7f9e06c80aa9,实操题库_地面站考试条件_2026H1_航向相同相反题型.txt_111,2026H1,2026H1,航向相同相反题型,2026-05-17,河南01考场,航向相同相反题型-考试条件提取.docx,112,1,1,(一),coordinate;speed_height;turn_hold_loop;bearing_angle;geometry,"规划一个闭合五边形并不循环执行，①②、②③、③④、④⑤、①⑤边 的边长为a,∠②=∠①为90°，航线相对地面高度为b,水平速度为c，垂直 速度为d,转弯模式为停止转弯，各点停留时间为e;",90,°;度,①;②;②;③;③;④;④;⑤;①;⑤;②;①,,90°,,,,
gcond_502d6e7c7d9f,gcond_502d6e7c7d9f,gctpl_377c01c221ec,gsec_84a2b0ee1a76,qbank_7f9e06c80aa9,实操题库_地面站考试条件_2026H1_航向相同相反题型.txt_111,2026H1,2026H1,航向相同相反题型,2026-05-17,河南01考场,航向相同相反题型-考试条件提取.docx,112,2,2,(二),coordinate;speed_height,"a值为50米，b值为50米，c值为5m/s,d值为4m/s,e值为 10s",50;50;5;4;10,m/s;s;米,,,,5m/s;4m/s,,,
gcond_2b534347d1f2,gcond_2b534347d1f2,gctpl_ea2fb90fcf15,gsec_84a2b0ee1a76,qbank_7f9e06c80aa9,实操题库_地面站考试条件_2026H1_航向相同相反题型.txt_111,2026H1,2026H1,航向相同相反题型,2026-05-17,河南01考场,航向相同相反题型-考试条件提取.docx,112,3,3,一：,coordinate;geometry,"题卡图形1号点经纬 度： N:34°51'26 E:113°15′33""",1;34;51;26;113;15;33,°;度,,"N:34°51'26;E:113°15′33""",34°;113°,,,,
gcond_77439cd0a4f6,gcond_77439cd0a4f6,gctpl_2177ebed49b4,gsec_84a2b0ee1a76,qbank_7f9e06c80aa9,实操题库_地面站考试条件_2026H1_航向相同相反题型.txt_111,2026H1,2026H1,航向相同相反题型,2026-05-17,河南01考场,航向相同相反题型-考试条件提取.docx,112,4,4,二：,bearing_angle;geometry;takeoff_return,起飞点到任务航线1点 的距离是100米，起飞点到1 点和4点到5点航向相反,1;100;1;4;5,米,起飞点;起飞点,,,,100米,100米,
gcond_397fe943bd25,gcond_397fe943bd25,gctpl_bdd25cee1d95,gsec_84a2b0ee1a76,qbank_7f9e06c80aa9,实操题库_地面站考试条件_2026H1_航向相同相反题型.txt_111,2026H1,2026H1,航向相同相反题型,2026-05-17,河南01考场,航向相同相反题型-考试条件提取.docx,112,5,5,三：,takeoff_return,起飞点位于1号点北 偏西35°,1;35,°,起飞点,,35°,,,,
gcond_2f37c5194cff,gcond_2f37c5194cff,gctpl_a77b2426e8a8,gsec_0f10fc489b32,qbank_7f9e06c80aa9,实操题库_地面站考试条件_2026H1_航向相同相反题型.txt_112,2026H1,2026H1,航向相同相反题型,2026-05-10,湖北03考场,航向相同相反题型-考试条件提取.docx,113,1,1,(一),speed_height;turn_hold_loop;bearing_angle;geometry,"规划一个闭合等腰直角三角形并循环执行，①②边长为a1,①③边 长为a2,∠①为直角，航线相对地面高度b,水平速度为c,垂直速度为d, 转弯方式为停止转弯，停留时间为5s",1;2;5,s;度,①;②;①;③;①,,,,,,
gcond_8d23dbc49289,gcond_8d23dbc49289,gctpl_e2a389225d7c,gsec_0f10fc489b32,qbank_7f9e06c80aa9,实操题库_地面站考试条件_2026H1_航向相同相反题型.txt_112,2026H1,2026H1,航向相同相反题型,2026-05-10,湖北03考场,航向相同相反题型-考试条件提取.docx,113,2,2,(二),speed_height,"a1、a2值为50米，b值为50米，c值为3m/s,d值为2m/s。",1;2;50;50;3;2,m/s;米,,,,3m/s;2m/s,,,
gcond_d3b56567e742,gcond_d3b56567e742,gctpl_5913797f8326,gsec_0f10fc489b32,qbank_7f9e06c80aa9,实操题库_地面站考试条件_2026H1_航向相同相反题型.txt_112,2026H1,2026H1,航向相同相反题型,2026-05-10,湖北03考场,航向相同相反题型-考试条件提取.docx,113,3,3,一：,coordinate;takeoff_return,"起飞点经纬度： N:30.42575 E:114°29'23""",30.42575;114;29;23,°;度,起飞点,"N:30.42575;E:114°29'23""",114°,,,,
gcond_adcf2ea4afcf,gcond_adcf2ea4afcf,gctpl_cf71207180b3,gsec_0f10fc489b32,qbank_7f9e06c80aa9,实操题库_地面站考试条件_2026H1_航向相同相反题型.txt_112,2026H1,2026H1,航向相同相反题型,2026-05-10,湖北03考场,航向相同相反题型-考试条件提取.docx,113,4,4,二：,bearing_angle;geometry;takeoff_return,起飞点到任务航线2 点的距离是100米， 起飞点到2点和2点到3点 的航向相反。,2;100;2;2;3,米,起飞点;起飞点,,,,100米,100米,
gcond_84a67aef2041,gcond_84a67aef2041,gctpl_e62fefff0ac4,gsec_0f10fc489b32,qbank_7f9e06c80aa9,实操题库_地面站考试条件_2026H1_航向相同相反题型.txt_112,2026H1,2026H1,航向相同相反题型,2026-05-10,湖北03考场,航向相同相反题型-考试条件提取.docx,113,5,5,三：,takeoff_return,2号点位于起飞点西 偏南15°。,2;15,°,起飞点,,15°,,,,
gcond_f8dae903e48d,gcond_f8dae903e48d,gctpl_94ace34b940b,gsec_37ba9ebc9be5,qbank_7f9e06c80aa9,实操题库_地面站考试条件_2026H1_航向相同相反题型.txt_113,2026H1,2026H1,航向相同相反题型,2026-05-22,云南01考场,航向相同相反题型-考试条件提取.docx,114,1,1,(一),speed_height;turn_hold_loop;bearing_angle;geometry,"规划一个闭合等腰直角三角形并循环执行，①②边长为a1,①③边 长为a2,∠①为直角，航线相对地面高度b,水平速度为c,垂直速度为d, 转弯方式为停止转弯，停留时间为5s；",1;2;5,s;度,①;②;①;③;①,,,,,,
gcond_e9de2fed8bd1,gcond_e9de2fed8bd1,gctpl_c1edbe51c234,gsec_37ba9ebc9be5,qbank_7f9e06c80aa9,实操题库_地面站考试条件_2026H1_航向相同相反题型.txt_113,2026H1,2026H1,航向相同相反题型,2026-05-22,云南01考场,航向相同相反题型-考试条件提取.docx,114,2,2,(二),speed_height,"al、a2值为50米，b值为50米，c值为3m/s,d值为2m/s",2;50;50;3;2,m/s;米,,,,3m/s;2m/s,,,
gcond_419a6afc939b,gcond_419a6afc939b,gctpl_9895224f49af,gsec_37ba9ebc9be5,qbank_7f9e06c80aa9,实操题库_地面站考试条件_2026H1_航向相同相反题型.txt_113,2026H1,2026H1,航向相同相反题型,2026-05-22,云南01考场,航向相同相反题型-考试条件提取.docx,114,3,3,一：,coordinate;takeoff_return,"起飞点经纬度： N:28°39′30"" E:115°56'32",28;39;30;115;56;32,°;度,起飞点,"N:28°39′30"";E:115°56'32",28°;115°,,,,
gcond_1fe21b7f483e,gcond_1fe21b7f483e,gctpl_ce6ffd268762,gsec_37ba9ebc9be5,qbank_7f9e06c80aa9,实操题库_地面站考试条件_2026H1_航向相同相反题型.txt_113,2026H1,2026H1,航向相同相反题型,2026-05-22,云南01考场,航向相同相反题型-考试条件提取.docx,114,4,4,二：,bearing_angle;geometry;takeoff_return,起飞点到任务航线2点 的距离是100米，起飞点到2点和2点到3点 航向相反,2;100;2;2;3,米,起飞点;起飞点,,,,100米,100米,
gcond_eb80a8d067ec,gcond_eb80a8d067ec,gctpl_d64ddf184439,gsec_37ba9ebc9be5,qbank_7f9e06c80aa9,实操题库_地面站考试条件_2026H1_航向相同相反题型.txt_113,2026H1,2026H1,航向相同相反题型,2026-05-22,云南01考场,航向相同相反题型-考试条件提取.docx,114,5,5,三：,takeoff_return,2号点位于起飞点的 西偏南15°方向,2;15,°,起飞点,,15°,,,,
gcond_9340361794e7,gcond_9340361794e7,gctpl_078eb3b73eee,gsec_cb3a5c07f96a,qbank_7f9e06c80aa9,实操题库_地面站考试条件_2026H1_航向相同相反题型.txt_114,2026H1,2026H1,航向相同相反题型,2026-05-28,安徽01考场,航向相同相反题型-考试条件提取.docx,115,1,1,(一),coordinate;speed_height;turn_hold_loop;bearing_angle;geometry,"规划一个闭合五边形并循环执行，①②、②③、③④、④⑤、①⑤边 的边长为a,∠②=∠①为90°，航线相对地面高度为b,水平速度为c，垂直 速度为d,转弯模式为停止转弯，各点停留时间为e；",90,°;度,①;②;②;③;③;④;④;⑤;①;⑤;②;①,,90°,,,,
gcond_f8d94bbd94ad,gcond_f8d94bbd94ad,gctpl_2bc8221e4589,gsec_cb3a5c07f96a,qbank_7f9e06c80aa9,实操题库_地面站考试条件_2026H1_航向相同相反题型.txt_114,2026H1,2026H1,航向相同相反题型,2026-05-28,安徽01考场,航向相同相反题型-考试条件提取.docx,115,2,2,(二),coordinate;speed_height,"a值为50米，b值为50米，c值为3m/s,d值为2m/s,e值为 10s。",50;50;3;2;10,m/s;s;米,,,,3m/s;2m/s,,,
gcond_4d00002b6dd1,gcond_4d00002b6dd1,gctpl_eaf7cfdab9b1,gsec_cb3a5c07f96a,qbank_7f9e06c80aa9,实操题库_地面站考试条件_2026H1_航向相同相反题型.txt_114,2026H1,2026H1,航向相同相反题型,2026-05-28,安徽01考场,航向相同相反题型-考试条件提取.docx,115,3,3,一：,coordinate;takeoff_return,起飞点经纬度： N:28°00'12” E:115°06'32”,28;00;12;115;06;32,°;度,起飞点,N:28°00'12”;E:115°06'32”,28°;115°,,,,
gcond_2bfabbe7ff8a,gcond_2bfabbe7ff8a,gctpl_e6528ffb119e,gsec_cb3a5c07f96a,qbank_7f9e06c80aa9,实操题库_地面站考试条件_2026H1_航向相同相反题型.txt_114,2026H1,2026H1,航向相同相反题型,2026-05-28,安徽01考场,航向相同相反题型-考试条件提取.docx,115,4,4,二：,bearing_angle;geometry;takeoff_return,起飞点到任务航线 1点的距离是100米。 起飞点到1和4点到5点 航向相同。,1;100;1;4;5,米,起飞点;起飞点,,,,100米,100米,
gcond_ba1a7f945093,gcond_ba1a7f945093,gctpl_3935f99b0fb7,gsec_cb3a5c07f96a,qbank_7f9e06c80aa9,实操题库_地面站考试条件_2026H1_航向相同相反题型.txt_114,2026H1,2026H1,航向相同相反题型,2026-05-28,安徽01考场,航向相同相反题型-考试条件提取.docx,115,5,5,三：,other,3号点位于4点南偏 东25°,3;4;25,°,,,25°,,,,
gcond_01cdcf4a7331,gcond_01cdcf4a7331,gctpl_404133486f7c,gsec_81bb800c2329,qbank_7f9e06c80aa9,实操题库_地面站考试条件_2026H1_航向相同相反题型.txt_115,2026H1,2026H1,航向相同相反题型,2026-05-28,安徽01考场,航向相同相反题型-考试条件提取.docx,116,1,1,(一),coordinate;speed_height;turn_hold_loop,"规划扫描航线要求不闭合不循环，航线长度为a,航线间 隔为b,航线相对地面高度为c,水平速度为d,垂直速度为e,转弯 模式为停止转弯，停留时间为f;",,度,,,,,,,
gcond_f4170886d4e8,gcond_f4170886d4e8,gctpl_597225872e79,gsec_81bb800c2329,qbank_7f9e06c80aa9,实操题库_地面站考试条件_2026H1_航向相同相反题型.txt_115,2026H1,2026H1,航向相同相反题型,2026-05-28,安徽01考场,航向相同相反题型-考试条件提取.docx,116,2,2,(二),coordinate;speed_height,"a值为300米，b值为100米，c值为300m,d值为3m/s, e值为2m/s,f值为10s。",300;100;300;3;2;10,m;m/s;s;米,,,,3m/s;2m/s,,,
gcond_73965e25e8c4,gcond_73965e25e8c4,gctpl_16b27a0b8686,gsec_81bb800c2329,qbank_7f9e06c80aa9,实操题库_地面站考试条件_2026H1_航向相同相反题型.txt_115,2026H1,2026H1,航向相同相反题型,2026-05-28,安徽01考场,航向相同相反题型-考试条件提取.docx,116,3,3,二：,bearing_angle;geometry;takeoff_return,起飞点到任务航线2 点的距离是100米 ，起飞点到2点和6点到7点 4 航向相同。,2;100;2;6;7;4,米,起飞点;起飞点;4,,,,100米,100米,
gcond_3068339111a3,gcond_3068339111a3,gctpl_e0c630b4e98e,gsec_81bb800c2329,qbank_7f9e06c80aa9,实操题库_地面站考试条件_2026H1_航向相同相反题型.txt_115,2026H1,2026H1,航向相同相反题型,2026-05-28,安徽01考场,航向相同相反题型-考试条件提取.docx,116,4,4,三：,other,风向为东南风， 1到7航线为顺风飞行。,1;7,,,,,,,,
gcond_7307ba3902df,gcond_7307ba3902df,gctpl_a26eee574419,gsec_63b5c714a321,qbank_7f9e06c80aa9,实操题库_地面站考试条件_2026H1_航向相同相反题型.txt_116,2026H1,2026H1,航向相同相反题型,2026-06-04,湖北01考场,航向相同相反题型-考试条件提取.docx,117,1,1,(一),coordinate;speed_height;turn_hold_loop;bearing_angle;geometry,"按图规划一个闭合四边形并循环执行，①②边，②③边边 长为，①④边边长为b,∠②=∠①=90°，航线相对地面高度为c, 水平速度为d，垂直速度为e,转弯模式为停止转弯，停留时间5s；",90;5,s;°;度,①;②;②;③;①;④;②;①,,90°,,,,
gcond_aa417d8f8d27,gcond_aa417d8f8d27,gctpl_ee62dbe1fda2,gsec_63b5c714a321,qbank_7f9e06c80aa9,实操题库_地面站考试条件_2026H1_航向相同相反题型.txt_116,2026H1,2026H1,航向相同相反题型,2026-06-04,湖北01考场,航向相同相反题型-考试条件提取.docx,117,2,2,(二),coordinate;speed_height,"a值为200米，b值为400米，c值为300m,d值为 4m/s,e值为3m/s。",200;400;300;4;3,m;m/s;米,,,,4m/s;3m/s,,,
gcond_1d30b12b36c3,gcond_1d30b12b36c3,gctpl_44e7787f7ef9,gsec_63b5c714a321,qbank_7f9e06c80aa9,实操题库_地面站考试条件_2026H1_航向相同相反题型.txt_116,2026H1,2026H1,航向相同相反题型,2026-06-04,湖北01考场,航向相同相反题型-考试条件提取.docx,117,3,3,一、,bearing_angle;geometry;takeoff_return,起飞点到任务航线 2点的距离是180米。 起飞点到2点和1点到2 点航向相反,2;180;2;1;2,米,起飞点;起飞点,,,,180米,180米,
gcond_6e150123406c,gcond_6e150123406c,gctpl_bae21d511cf7,gsec_63b5c714a321,qbank_7f9e06c80aa9,实操题库_地面站考试条件_2026H1_航向相同相反题型.txt_116,2026H1,2026H1,航向相同相反题型,2026-06-04,湖北01考场,航向相同相反题型-考试条件提取.docx,117,4,4,二、,coordinate;bearing_angle,H到1为方向SE,1,S,,,,,,,
gcond_325c17592274,gcond_325c17592274,gctpl_95526076b38f,gsec_63b5c714a321,qbank_7f9e06c80aa9,实操题库_地面站考试条件_2026H1_航向相同相反题型.txt_116,2026H1,2026H1,航向相同相反题型,2026-06-04,湖北01考场,航向相同相反题型-考试条件提取.docx,117,5,5,三、,coordinate,"题卡中3点经纬度： N:30°14'54” E:114°3′20""",3;30;14;54;114;3;20,°;度,3,"N:30°14'54”;E:114°3′20""",30°;114°,,,,
gcond_b7beafd1af1c,gcond_b7beafd1af1c,gctpl_30fb1254d924,gsec_d1f4875d920c,qbank_7f9e06c80aa9,实操题库_地面站考试条件_2026H1_航向相同相反题型.txt_117,2026H1,2026H1,航向相同相反题型,2026-06-10,湖北04考场,航向相同相反题型-考试条件提取.docx,118,1,1,(一),coordinate;speed_height;turn_hold_loop;bearing_angle;geometry,"按图规划一个闭合四边形并循环执行，①②边、②③边边长 为a,①④边边长为b,∠②=∠①=90°。航线相对地面高度为c,水平速 度为d,垂直速度为e,转弯模式为停止转弯，停留时间5s;",90;5,s;°;度,①;②;②;③;①;④;②;①,,90°,,,,
gcond_b0402c8a691e,gcond_b0402c8a691e,gctpl_8921904e688f,gsec_d1f4875d920c,qbank_7f9e06c80aa9,实操题库_地面站考试条件_2026H1_航向相同相反题型.txt_117,2026H1,2026H1,航向相同相反题型,2026-06-10,湖北04考场,航向相同相反题型-考试条件提取.docx,118,2,2,(二),coordinate;speed_height,"a值为200米，b值为300米，c值为300m,d值为3m/s, e值为2m/s.",200;300;300;3;2,m;m/s;米,,,,3m/s;2m/s,,,
gcond_69c2c5a7cf7a,gcond_69c2c5a7cf7a,gctpl_25b90a70e62b,gsec_d1f4875d920c,qbank_7f9e06c80aa9,实操题库_地面站考试条件_2026H1_航向相同相反题型.txt_117,2026H1,2026H1,航向相同相反题型,2026-06-10,湖北04考场,航向相同相反题型-考试条件提取.docx,118,3,3,一、,coordinate;takeoff_return,"起飞点经纬度： N:28°39'30"" E:115°56'32”",28;39;30;115;56;32,°;度,起飞点,"N:28°39'30"";E:115°56'32”",28°;115°,,,,
gcond_78eee9d879b8,gcond_78eee9d879b8,gctpl_61431ee922cf,gsec_d1f4875d920c,qbank_7f9e06c80aa9,实操题库_地面站考试条件_2026H1_航向相同相反题型.txt_117,2026H1,2026H1,航向相同相反题型,2026-06-10,湖北04考场,航向相同相反题型-考试条件提取.docx,118,4,4,二、,bearing_angle;geometry;takeoff_return,起飞点到任务航线1 点的距离是100米。 起飞点到1点和3点到2 点航向相同。,1;100;1;3;2,米,起飞点;起飞点,,,,100米,100米,
gcond_20ffa475aff2,gcond_20ffa475aff2,gctpl_3e5251078e5a,gsec_d1f4875d920c,qbank_7f9e06c80aa9,实操题库_地面站考试条件_2026H1_航向相同相反题型.txt_117,2026H1,2026H1,航向相同相反题型,2026-06-10,湖北04考场,航向相同相反题型-考试条件提取.docx,118,5,5,三、,other,3号点位于2号点西偏 北15°。,3;2;15,°,,,15°,,,,
