skill_mapping_id,case_id,question_bank_id,chunk_id,batch,source_version,question_type,skill_label,skill_group,evidence_terms,source_table
gskill_056b7d73546b,gsec_b900399bb594,qbank_3963f538d4ec,实操题库_地面站考试条件_2026H1_三角函数题型.txt_0,2026H1,2026H1,三角函数题型,经纬度换算,导航定位,经纬度;坐标;N;E,ground_station_exam_cases.csv
gskill_f022368dffab,gsec_b900399bb594,qbank_3963f538d4ec,实操题库_地面站考试条件_2026H1_三角函数题型.txt_0,2026H1,2026H1,三角函数题型,航向方位判断,导航定位,航向,ground_station_exam_cases.csv
gskill_f8da25f3d2de,gsec_b900399bb594,qbank_3963f538d4ec,实操题库_地面站考试条件_2026H1_三角函数题型.txt_0,2026H1,2026H1,三角函数题型,夹角计算,几何计算,角,ground_station_exam_cases.csv
gskill_94fcdfa98a68,gsec_b900399bb594,qbank_3963f538d4ec,实操题库_地面站考试条件_2026H1_三角函数题型.txt_0,2026H1,2026H1,三角函数题型,速度高度参数设置,参数设置,高度;速度;m/s,ground_station_exam_cases.csv
gskill_cff7fbf41996,gsec_b900399bb594,qbank_3963f538d4ec,实操题库_地面站考试条件_2026H1_三角函数题型.txt_0,2026H1,2026H1,三角函数题型,转弯停留循环设置,参数设置,转弯;停留;循环;闭合,ground_station_exam_cases.csv
gskill_ff29512f3e12,gsec_b900399bb594,qbank_3963f538d4ec,实操题库_地面站考试条件_2026H1_三角函数题型.txt_0,2026H1,2026H1,三角函数题型,几何图形航线规划,几何计算,边长;图形,ground_station_exam_cases.csv
gskill_5a1b22afc6ab,gsec_b900399bb594,qbank_3963f538d4ec,实操题库_地面站考试条件_2026H1_三角函数题型.txt_0,2026H1,2026H1,三角函数题型,起飞返航点定位,导航定位,起飞点,ground_station_exam_cases.csv
gskill_08aba3e9e1d8,gsec_b900399bb594,qbank_3963f538d4ec,实操题库_地面站考试条件_2026H1_三角函数题型.txt_0,2026H1,2026H1,三角函数题型,题型:三角函数,题型,三角函数题型,ground_station_exam_cases.csv
gskill_5ab8872ee635,gsec_f38b9f2de719,qbank_3428e602e4fc,实操题库_地面站考试条件_2026H1_双经纬度题型.txt_0,2026H1,2026H1,双经纬度题型,经纬度换算,导航定位,经纬度;坐标;N;E,ground_station_exam_cases.csv
gskill_72b7cfe632e6,gsec_f38b9f2de719,qbank_3428e602e4fc,实操题库_地面站考试条件_2026H1_双经纬度题型.txt_0,2026H1,2026H1,双经纬度题型,航向方位判断,导航定位,NE,ground_station_exam_cases.csv
gskill_a275ef2c311c,gsec_f38b9f2de719,qbank_3428e602e4fc,实操题库_地面站考试条件_2026H1_双经纬度题型.txt_0,2026H1,2026H1,双经纬度题型,夹角计算,几何计算,角,ground_station_exam_cases.csv
gskill_24354379a564,gsec_f38b9f2de719,qbank_3428e602e4fc,实操题库_地面站考试条件_2026H1_双经纬度题型.txt_0,2026H1,2026H1,双经纬度题型,速度高度参数设置,参数设置,高度;速度,ground_station_exam_cases.csv
gskill_8a23294a7bf0,gsec_f38b9f2de719,qbank_3428e602e4fc,实操题库_地面站考试条件_2026H1_双经纬度题型.txt_0,2026H1,2026H1,双经纬度题型,转弯停留循环设置,参数设置,转弯;停留;循环;闭合;不循环,ground_station_exam_cases.csv
gskill_38fadcc70a0c,gsec_f38b9f2de719,qbank_3428e602e4fc,实操题库_地面站考试条件_2026H1_双经纬度题型.txt_0,2026H1,2026H1,双经纬度题型,几何图形航线规划,几何计算,三角形;图形,ground_station_exam_cases.csv
gskill_fbe1a34d1d71,gsec_f38b9f2de719,qbank_3428e602e4fc,实操题库_地面站考试条件_2026H1_双经纬度题型.txt_0,2026H1,2026H1,双经纬度题型,起飞返航点定位,导航定位,起飞点,ground_station_exam_cases.csv
gskill_adb62e0a9648,gsec_f38b9f2de719,qbank_3428e602e4fc,实操题库_地面站考试条件_2026H1_双经纬度题型.txt_0,2026H1,2026H1,双经纬度题型,题型:双经纬度,题型,双经纬度题型,ground_station_exam_cases.csv
gskill_2058b4a123f3,gsec_2469c0570473,qbank_3428e602e4fc,实操题库_地面站考试条件_2026H1_双经纬度题型.txt_1,2026H1,2026H1,双经纬度题型,经纬度换算,导航定位,经纬度;N:;E:;N;E,ground_station_exam_cases.csv
gskill_b6786a83fea2,gsec_2469c0570473,qbank_3428e602e4fc,实操题库_地面站考试条件_2026H1_双经纬度题型.txt_1,2026H1,2026H1,双经纬度题型,速度高度参数设置,参数设置,高度;速度;m/s,ground_station_exam_cases.csv
gskill_0677276335ee,gsec_2469c0570473,qbank_3428e602e4fc,实操题库_地面站考试条件_2026H1_双经纬度题型.txt_1,2026H1,2026H1,双经纬度题型,转弯停留循环设置,参数设置,转弯;循环;闭合;不循环,ground_station_exam_cases.csv
gskill_82b989c28868,gsec_2469c0570473,qbank_3428e602e4fc,实操题库_地面站考试条件_2026H1_双经纬度题型.txt_1,2026H1,2026H1,双经纬度题型,几何图形航线规划,几何计算,图形,ground_station_exam_cases.csv
gskill_416cc25a95a6,gsec_2469c0570473,qbank_3428e602e4fc,实操题库_地面站考试条件_2026H1_双经纬度题型.txt_1,2026H1,2026H1,双经纬度题型,起飞返航点定位,导航定位,起飞点,ground_station_exam_cases.csv
gskill_b8de6a008b1d,gsec_2469c0570473,qbank_3428e602e4fc,实操题库_地面站考试条件_2026H1_双经纬度题型.txt_1,2026H1,2026H1,双经纬度题型,题型:双经纬度,题型,双经纬度题型,ground_station_exam_cases.csv
gskill_4cfccae1bcf6,gsec_c46278fb271d,qbank_3428e602e4fc,实操题库_地面站考试条件_2026H1_双经纬度题型.txt_2,2026H1,2026H1,双经纬度题型,经纬度换算,导航定位,经纬度;N:;E:;N;E,ground_station_exam_cases.csv
gskill_76ea0e1c3120,gsec_c46278fb271d,qbank_3428e602e4fc,实操题库_地面站考试条件_2026H1_双经纬度题型.txt_2,2026H1,2026H1,双经纬度题型,速度高度参数设置,参数设置,高度;速度;m/s,ground_station_exam_cases.csv
gskill_9a5e4f6bf37b,gsec_c46278fb271d,qbank_3428e602e4fc,实操题库_地面站考试条件_2026H1_双经纬度题型.txt_2,2026H1,2026H1,双经纬度题型,转弯停留循环设置,参数设置,转弯;停留;循环;闭合,ground_station_exam_cases.csv
gskill_330ecbb224cd,gsec_c46278fb271d,qbank_3428e602e4fc,实操题库_地面站考试条件_2026H1_双经纬度题型.txt_2,2026H1,2026H1,双经纬度题型,几何图形航线规划,几何计算,六边形;边长;图形,ground_station_exam_cases.csv
gskill_026d055b63d9,gsec_c46278fb271d,qbank_3428e602e4fc,实操题库_地面站考试条件_2026H1_双经纬度题型.txt_2,2026H1,2026H1,双经纬度题型,起飞返航点定位,导航定位,起飞点,ground_station_exam_cases.csv
gskill_d7193e3ea457,gsec_c46278fb271d,qbank_3428e602e4fc,实操题库_地面站考试条件_2026H1_双经纬度题型.txt_2,2026H1,2026H1,双经纬度题型,题型:双经纬度,题型,双经纬度题型,ground_station_exam_cases.csv
gskill_5f6798543583,gsec_923aed527408,qbank_3428e602e4fc,实操题库_地面站考试条件_2026H1_双经纬度题型.txt_3,2026H1,2026H1,双经纬度题型,经纬度换算,导航定位,经纬度;N:;E:;N;E,ground_station_exam_cases.csv
gskill_aec522956984,gsec_923aed527408,qbank_3428e602e4fc,实操题库_地面站考试条件_2026H1_双经纬度题型.txt_3,2026H1,2026H1,双经纬度题型,夹角计算,几何计算,∠,ground_station_exam_cases.csv
gskill_c994f6054e3b,gsec_923aed527408,qbank_3428e602e4fc,实操题库_地面站考试条件_2026H1_双经纬度题型.txt_3,2026H1,2026H1,双经纬度题型,速度高度参数设置,参数设置,高度;速度;m/s,ground_station_exam_cases.csv
gskill_eb5f914d2b42,gsec_923aed527408,qbank_3428e602e4fc,实操题库_地面站考试条件_2026H1_双经纬度题型.txt_3,2026H1,2026H1,双经纬度题型,转弯停留循环设置,参数设置,转弯;停留;循环,ground_station_exam_cases.csv
gskill_63bf3c032dcc,gsec_923aed527408,qbank_3428e602e4fc,实操题库_地面站考试条件_2026H1_双经纬度题型.txt_3,2026H1,2026H1,双经纬度题型,几何图形航线规划,几何计算,边长,ground_station_exam_cases.csv
gskill_b778da22c244,gsec_923aed527408,qbank_3428e602e4fc,实操题库_地面站考试条件_2026H1_双经纬度题型.txt_3,2026H1,2026H1,双经纬度题型,起飞返航点定位,导航定位,起飞点,ground_station_exam_cases.csv
gskill_7c206a83123f,gsec_923aed527408,qbank_3428e602e4fc,实操题库_地面站考试条件_2026H1_双经纬度题型.txt_3,2026H1,2026H1,双经纬度题型,题型:双经纬度,题型,双经纬度题型,ground_station_exam_cases.csv
gskill_ad22dcb56971,gsec_4ef5c481c291,qbank_3428e602e4fc,实操题库_地面站考试条件_2026H1_双经纬度题型.txt_4,2026H1,2026H1,双经纬度题型,经纬度换算,导航定位,经纬度;N:;E:;N;E,ground_station_exam_cases.csv
gskill_3bfe8dff7f77,gsec_4ef5c481c291,qbank_3428e602e4fc,实操题库_地面站考试条件_2026H1_双经纬度题型.txt_4,2026H1,2026H1,双经纬度题型,速度高度参数设置,参数设置,高度;速度;m/s,ground_station_exam_cases.csv
gskill_e10998ffcbf1,gsec_4ef5c481c291,qbank_3428e602e4fc,实操题库_地面站考试条件_2026H1_双经纬度题型.txt_4,2026H1,2026H1,双经纬度题型,转弯停留循环设置,参数设置,转弯;停留;循环,ground_station_exam_cases.csv
gskill_61d037a4a0a6,gsec_4ef5c481c291,qbank_3428e602e4fc,实操题库_地面站考试条件_2026H1_双经纬度题型.txt_4,2026H1,2026H1,双经纬度题型,几何图形航线规划,几何计算,六边形;边长,ground_station_exam_cases.csv
gskill_01188f229c14,gsec_4ef5c481c291,qbank_3428e602e4fc,实操题库_地面站考试条件_2026H1_双经纬度题型.txt_4,2026H1,2026H1,双经纬度题型,起飞返航点定位,导航定位,起飞点,ground_station_exam_cases.csv
gskill_e8e6dc0285b5,gsec_4ef5c481c291,qbank_3428e602e4fc,实操题库_地面站考试条件_2026H1_双经纬度题型.txt_4,2026H1,2026H1,双经纬度题型,题型:双经纬度,题型,双经纬度题型,ground_station_exam_cases.csv
gskill_f23b244576ca,gsec_e1f68e916907,qbank_3428e602e4fc,实操题库_地面站考试条件_2026H1_双经纬度题型.txt_5,2026H1,2026H1,双经纬度题型,经纬度换算,导航定位,经纬度;N:;E:;N;E,ground_station_exam_cases.csv
gskill_6bb410297309,gsec_e1f68e916907,qbank_3428e602e4fc,实操题库_地面站考试条件_2026H1_双经纬度题型.txt_5,2026H1,2026H1,双经纬度题型,夹角计算,几何计算,∠,ground_station_exam_cases.csv
gskill_2ea614a27558,gsec_e1f68e916907,qbank_3428e602e4fc,实操题库_地面站考试条件_2026H1_双经纬度题型.txt_5,2026H1,2026H1,双经纬度题型,速度高度参数设置,参数设置,高度;速度;m/s,ground_station_exam_cases.csv
gskill_aedc1459abac,gsec_e1f68e916907,qbank_3428e602e4fc,实操题库_地面站考试条件_2026H1_双经纬度题型.txt_5,2026H1,2026H1,双经纬度题型,转弯停留循环设置,参数设置,转弯;停留;循环;闭合,ground_station_exam_cases.csv
gskill_42b574f4a796,gsec_e1f68e916907,qbank_3428e602e4fc,实操题库_地面站考试条件_2026H1_双经纬度题型.txt_5,2026H1,2026H1,双经纬度题型,几何图形航线规划,几何计算,图形,ground_station_exam_cases.csv
gskill_42b609590c61,gsec_e1f68e916907,qbank_3428e602e4fc,实操题库_地面站考试条件_2026H1_双经纬度题型.txt_5,2026H1,2026H1,双经纬度题型,起飞返航点定位,导航定位,起飞点,ground_station_exam_cases.csv
gskill_2de05ddb03e6,gsec_e1f68e916907,qbank_3428e602e4fc,实操题库_地面站考试条件_2026H1_双经纬度题型.txt_5,2026H1,2026H1,双经纬度题型,题型:双经纬度,题型,双经纬度题型,ground_station_exam_cases.csv
gskill_bcf70cfffa0c,gsec_37b932d3cf68,qbank_3428e602e4fc,实操题库_地面站考试条件_2026H1_双经纬度题型.txt_6,2026H1,2026H1,双经纬度题型,经纬度换算,导航定位,经纬度;N:;E:;N;E,ground_station_exam_cases.csv
gskill_ac508c447234,gsec_37b932d3cf68,qbank_3428e602e4fc,实操题库_地面站考试条件_2026H1_双经纬度题型.txt_6,2026H1,2026H1,双经纬度题型,速度高度参数设置,参数设置,高度;速度;m/s,ground_station_exam_cases.csv
gskill_f81da3f30fc5,gsec_37b932d3cf68,qbank_3428e602e4fc,实操题库_地面站考试条件_2026H1_双经纬度题型.txt_6,2026H1,2026H1,双经纬度题型,转弯停留循环设置,参数设置,转弯;停留;循环;闭合;不循环,ground_station_exam_cases.csv
gskill_49c617b67f69,gsec_37b932d3cf68,qbank_3428e602e4fc,实操题库_地面站考试条件_2026H1_双经纬度题型.txt_6,2026H1,2026H1,双经纬度题型,几何图形航线规划,几何计算,边长,ground_station_exam_cases.csv
gskill_738d4eec7763,gsec_37b932d3cf68,qbank_3428e602e4fc,实操题库_地面站考试条件_2026H1_双经纬度题型.txt_6,2026H1,2026H1,双经纬度题型,起飞返航点定位,导航定位,起飞点,ground_station_exam_cases.csv
gskill_12ebfb6ef470,gsec_37b932d3cf68,qbank_3428e602e4fc,实操题库_地面站考试条件_2026H1_双经纬度题型.txt_6,2026H1,2026H1,双经纬度题型,题型:双经纬度,题型,双经纬度题型,ground_station_exam_cases.csv
gskill_f154dd5b219c,gsec_361d923cf669,qbank_3428e602e4fc,实操题库_地面站考试条件_2026H1_双经纬度题型.txt_7,2026H1,2026H1,双经纬度题型,经纬度换算,导航定位,经纬度;N:;E:;N;E,ground_station_exam_cases.csv
gskill_39b3c88e07fb,gsec_361d923cf669,qbank_3428e602e4fc,实操题库_地面站考试条件_2026H1_双经纬度题型.txt_7,2026H1,2026H1,双经纬度题型,夹角计算,几何计算,∠,ground_station_exam_cases.csv
gskill_ac798bd54e70,gsec_361d923cf669,qbank_3428e602e4fc,实操题库_地面站考试条件_2026H1_双经纬度题型.txt_7,2026H1,2026H1,双经纬度题型,速度高度参数设置,参数设置,高度;速度;m/s,ground_station_exam_cases.csv
gskill_d58c3ff2439e,gsec_361d923cf669,qbank_3428e602e4fc,实操题库_地面站考试条件_2026H1_双经纬度题型.txt_7,2026H1,2026H1,双经纬度题型,转弯停留循环设置,参数设置,转弯;停留;循环;闭合,ground_station_exam_cases.csv
gskill_83ec5e46d7d8,gsec_361d923cf669,qbank_3428e602e4fc,实操题库_地面站考试条件_2026H1_双经纬度题型.txt_7,2026H1,2026H1,双经纬度题型,几何图形航线规划,几何计算,边长,ground_station_exam_cases.csv
gskill_575dab64b8da,gsec_361d923cf669,qbank_3428e602e4fc,实操题库_地面站考试条件_2026H1_双经纬度题型.txt_7,2026H1,2026H1,双经纬度题型,起飞返航点定位,导航定位,起飞点,ground_station_exam_cases.csv
gskill_332245698612,gsec_361d923cf669,qbank_3428e602e4fc,实操题库_地面站考试条件_2026H1_双经纬度题型.txt_7,2026H1,2026H1,双经纬度题型,题型:双经纬度,题型,双经纬度题型,ground_station_exam_cases.csv
gskill_b5ebea810242,gsec_bef724d69088,qbank_3428e602e4fc,实操题库_地面站考试条件_2026H1_双经纬度题型.txt_8,2026H1,2026H1,双经纬度题型,经纬度换算,导航定位,经纬度;N:;E:;N;E,ground_station_exam_cases.csv
gskill_10c1841f774b,gsec_bef724d69088,qbank_3428e602e4fc,实操题库_地面站考试条件_2026H1_双经纬度题型.txt_8,2026H1,2026H1,双经纬度题型,速度高度参数设置,参数设置,高度;速度;m/s,ground_station_exam_cases.csv
gskill_87e56172a782,gsec_bef724d69088,qbank_3428e602e4fc,实操题库_地面站考试条件_2026H1_双经纬度题型.txt_8,2026H1,2026H1,双经纬度题型,转弯停留循环设置,参数设置,转弯;停留;循环;闭合;不循环,ground_station_exam_cases.csv
gskill_186a0dd5321c,gsec_bef724d69088,qbank_3428e602e4fc,实操题库_地面站考试条件_2026H1_双经纬度题型.txt_8,2026H1,2026H1,双经纬度题型,几何图形航线规划,几何计算,边长,ground_station_exam_cases.csv
gskill_cad80d3e33b7,gsec_bef724d69088,qbank_3428e602e4fc,实操题库_地面站考试条件_2026H1_双经纬度题型.txt_8,2026H1,2026H1,双经纬度题型,起飞返航点定位,导航定位,起飞点,ground_station_exam_cases.csv
gskill_4f745527b7d8,gsec_bef724d69088,qbank_3428e602e4fc,实操题库_地面站考试条件_2026H1_双经纬度题型.txt_8,2026H1,2026H1,双经纬度题型,题型:双经纬度,题型,双经纬度题型,ground_station_exam_cases.csv
gskill_6167f13829a0,gsec_1fe8dbd6adf5,qbank_3428e602e4fc,实操题库_地面站考试条件_2026H1_双经纬度题型.txt_9,2026H1,2026H1,双经纬度题型,经纬度换算,导航定位,经纬度;N:;E:;N;E,ground_station_exam_cases.csv
gskill_cea47409b10d,gsec_1fe8dbd6adf5,qbank_3428e602e4fc,实操题库_地面站考试条件_2026H1_双经纬度题型.txt_9,2026H1,2026H1,双经纬度题型,夹角计算,几何计算,∠,ground_station_exam_cases.csv
gskill_6804affca68c,gsec_1fe8dbd6adf5,qbank_3428e602e4fc,实操题库_地面站考试条件_2026H1_双经纬度题型.txt_9,2026H1,2026H1,双经纬度题型,速度高度参数设置,参数设置,高度;速度;m/s,ground_station_exam_cases.csv
gskill_0b0563d77992,gsec_1fe8dbd6adf5,qbank_3428e602e4fc,实操题库_地面站考试条件_2026H1_双经纬度题型.txt_9,2026H1,2026H1,双经纬度题型,转弯停留循环设置,参数设置,转弯;停留;循环;闭合,ground_station_exam_cases.csv
gskill_3f9c7596861d,gsec_1fe8dbd6adf5,qbank_3428e602e4fc,实操题库_地面站考试条件_2026H1_双经纬度题型.txt_9,2026H1,2026H1,双经纬度题型,几何图形航线规划,几何计算,边长,ground_station_exam_cases.csv
gskill_4365490b9481,gsec_1fe8dbd6adf5,qbank_3428e602e4fc,实操题库_地面站考试条件_2026H1_双经纬度题型.txt_9,2026H1,2026H1,双经纬度题型,起飞返航点定位,导航定位,起飞点,ground_station_exam_cases.csv
gskill_75c5619c2b80,gsec_1fe8dbd6adf5,qbank_3428e602e4fc,实操题库_地面站考试条件_2026H1_双经纬度题型.txt_9,2026H1,2026H1,双经纬度题型,题型:双经纬度,题型,双经纬度题型,ground_station_exam_cases.csv
gskill_676871026625,gsec_a24b1dd9ebc5,qbank_3428e602e4fc,实操题库_地面站考试条件_2026H1_双经纬度题型.txt_10,2026H1,2026H1,双经纬度题型,经纬度换算,导航定位,N:;E:;N;E,ground_station_exam_cases.csv
gskill_748a125f79d9,gsec_a24b1dd9ebc5,qbank_3428e602e4fc,实操题库_地面站考试条件_2026H1_双经纬度题型.txt_10,2026H1,2026H1,双经纬度题型,航向方位判断,导航定位,航向,ground_station_exam_cases.csv
gskill_0bab73c7f5d8,gsec_a24b1dd9ebc5,qbank_3428e602e4fc,实操题库_地面站考试条件_2026H1_双经纬度题型.txt_10,2026H1,2026H1,双经纬度题型,速度高度参数设置,参数设置,高度;速度,ground_station_exam_cases.csv
gskill_c0d5aa0a60f8,gsec_a24b1dd9ebc5,qbank_3428e602e4fc,实操题库_地面站考试条件_2026H1_双经纬度题型.txt_10,2026H1,2026H1,双经纬度题型,转弯停留循环设置,参数设置,转弯;停留;循环;闭合,ground_station_exam_cases.csv
gskill_904371c5a4d7,gsec_a24b1dd9ebc5,qbank_3428e602e4fc,实操题库_地面站考试条件_2026H1_双经纬度题型.txt_10,2026H1,2026H1,双经纬度题型,几何图形航线规划,几何计算,六边形;边长;图形,ground_station_exam_cases.csv
gskill_8bf40641b9d7,gsec_a24b1dd9ebc5,qbank_3428e602e4fc,实操题库_地面站考试条件_2026H1_双经纬度题型.txt_10,2026H1,2026H1,双经纬度题型,起飞返航点定位,导航定位,起飞点,ground_station_exam_cases.csv
gskill_0e2988abefde,gsec_a24b1dd9ebc5,qbank_3428e602e4fc,实操题库_地面站考试条件_2026H1_双经纬度题型.txt_10,2026H1,2026H1,双经纬度题型,题型:双经纬度,题型,双经纬度题型,ground_station_exam_cases.csv
gskill_b0d8f0d77fe3,gsec_4aabd0978659,qbank_3428e602e4fc,实操题库_地面站考试条件_2026H1_双经纬度题型.txt_11,2026H1,2026H1,双经纬度题型,经纬度换算,导航定位,经纬度;N:;E:;N;E,ground_station_exam_cases.csv
gskill_2d2cf2d1c657,gsec_4aabd0978659,qbank_3428e602e4fc,实操题库_地面站考试条件_2026H1_双经纬度题型.txt_11,2026H1,2026H1,双经纬度题型,航向方位判断,导航定位,航向;方位,ground_station_exam_cases.csv
gskill_02047e2eba7b,gsec_4aabd0978659,qbank_3428e602e4fc,实操题库_地面站考试条件_2026H1_双经纬度题型.txt_11,2026H1,2026H1,双经纬度题型,夹角计算,几何计算,角,ground_station_exam_cases.csv
gskill_3c92df291e81,gsec_4aabd0978659,qbank_3428e602e4fc,实操题库_地面站考试条件_2026H1_双经纬度题型.txt_11,2026H1,2026H1,双经纬度题型,速度高度参数设置,参数设置,高度;速度;m/s,ground_station_exam_cases.csv
gskill_62d31e8f8d3e,gsec_4aabd0978659,qbank_3428e602e4fc,实操题库_地面站考试条件_2026H1_双经纬度题型.txt_11,2026H1,2026H1,双经纬度题型,转弯停留循环设置,参数设置,转弯;循环;闭合,ground_station_exam_cases.csv
gskill_ea79fe693e5e,gsec_4aabd0978659,qbank_3428e602e4fc,实操题库_地面站考试条件_2026H1_双经纬度题型.txt_11,2026H1,2026H1,双经纬度题型,几何图形航线规划,几何计算,三角形;边长,ground_station_exam_cases.csv
gskill_1b6d498ef34d,gsec_4aabd0978659,qbank_3428e602e4fc,实操题库_地面站考试条件_2026H1_双经纬度题型.txt_11,2026H1,2026H1,双经纬度题型,题型:双经纬度,题型,双经纬度题型,ground_station_exam_cases.csv
gskill_10ce2742ed08,gsec_57dc7ccf8e78,qbank_3428e602e4fc,实操题库_地面站考试条件_2026H1_双经纬度题型.txt_12,2026H1,2026H1,双经纬度题型,经纬度换算,导航定位,经纬度;N:;E:;N;E,ground_station_exam_cases.csv
gskill_06352250a408,gsec_57dc7ccf8e78,qbank_3428e602e4fc,实操题库_地面站考试条件_2026H1_双经纬度题型.txt_12,2026H1,2026H1,双经纬度题型,夹角计算,几何计算,∠;角,ground_station_exam_cases.csv
gskill_bd684c8a8051,gsec_57dc7ccf8e78,qbank_3428e602e4fc,实操题库_地面站考试条件_2026H1_双经纬度题型.txt_12,2026H1,2026H1,双经纬度题型,速度高度参数设置,参数设置,高度;速度,ground_station_exam_cases.csv
gskill_84f8cbcecaf8,gsec_57dc7ccf8e78,qbank_3428e602e4fc,实操题库_地面站考试条件_2026H1_双经纬度题型.txt_12,2026H1,2026H1,双经纬度题型,转弯停留循环设置,参数设置,转弯;停留;循环;闭合,ground_station_exam_cases.csv
gskill_e9cb105419c5,gsec_57dc7ccf8e78,qbank_3428e602e4fc,实操题库_地面站考试条件_2026H1_双经纬度题型.txt_12,2026H1,2026H1,双经纬度题型,几何图形航线规划,几何计算,三角形;边长,ground_station_exam_cases.csv
gskill_94aa8ad15152,gsec_57dc7ccf8e78,qbank_3428e602e4fc,实操题库_地面站考试条件_2026H1_双经纬度题型.txt_12,2026H1,2026H1,双经纬度题型,起飞返航点定位,导航定位,起飞点,ground_station_exam_cases.csv
gskill_b4b32e11153f,gsec_57dc7ccf8e78,qbank_3428e602e4fc,实操题库_地面站考试条件_2026H1_双经纬度题型.txt_12,2026H1,2026H1,双经纬度题型,题型:双经纬度,题型,双经纬度题型,ground_station_exam_cases.csv
gskill_24b992cfe144,gsec_a1b9064c89ce,qbank_3428e602e4fc,实操题库_地面站考试条件_2026H1_双经纬度题型.txt_13,2026H1,2026H1,双经纬度题型,经纬度换算,导航定位,经纬度;N:;E:;N;E,ground_station_exam_cases.csv
gskill_31b7ecb7242f,gsec_a1b9064c89ce,qbank_3428e602e4fc,实操题库_地面站考试条件_2026H1_双经纬度题型.txt_13,2026H1,2026H1,双经纬度题型,夹角计算,几何计算,角,ground_station_exam_cases.csv
gskill_f1e134fc0ae9,gsec_a1b9064c89ce,qbank_3428e602e4fc,实操题库_地面站考试条件_2026H1_双经纬度题型.txt_13,2026H1,2026H1,双经纬度题型,速度高度参数设置,参数设置,高度;速度;m/s,ground_station_exam_cases.csv
gskill_9b967a31bb45,gsec_a1b9064c89ce,qbank_3428e602e4fc,实操题库_地面站考试条件_2026H1_双经纬度题型.txt_13,2026H1,2026H1,双经纬度题型,转弯停留循环设置,参数设置,转弯;停留;循环;闭合,ground_station_exam_cases.csv
gskill_e675a933a30a,gsec_a1b9064c89ce,qbank_3428e602e4fc,实操题库_地面站考试条件_2026H1_双经纬度题型.txt_13,2026H1,2026H1,双经纬度题型,几何图形航线规划,几何计算,三角形;边长,ground_station_exam_cases.csv
gskill_ffd6d066ef95,gsec_a1b9064c89ce,qbank_3428e602e4fc,实操题库_地面站考试条件_2026H1_双经纬度题型.txt_13,2026H1,2026H1,双经纬度题型,起飞返航点定位,导航定位,起飞点,ground_station_exam_cases.csv
gskill_5bb9bb2383f3,gsec_a1b9064c89ce,qbank_3428e602e4fc,实操题库_地面站考试条件_2026H1_双经纬度题型.txt_13,2026H1,2026H1,双经纬度题型,题型:双经纬度,题型,双经纬度题型,ground_station_exam_cases.csv
gskill_de3df5e7aeb0,gsec_c539515211a6,qbank_3428e602e4fc,实操题库_地面站考试条件_2026H1_双经纬度题型.txt_14,2026H1,2026H1,双经纬度题型,经纬度换算,导航定位,坐标;N:;E:;N;E,ground_station_exam_cases.csv
gskill_51a92bb087ca,gsec_c539515211a6,qbank_3428e602e4fc,实操题库_地面站考试条件_2026H1_双经纬度题型.txt_14,2026H1,2026H1,双经纬度题型,航向方位判断,导航定位,航向;方位,ground_station_exam_cases.csv
gskill_ff499a1118ef,gsec_c539515211a6,qbank_3428e602e4fc,实操题库_地面站考试条件_2026H1_双经纬度题型.txt_14,2026H1,2026H1,双经纬度题型,夹角计算,几何计算,∠,ground_station_exam_cases.csv
gskill_d7f94ddb6fcb,gsec_c539515211a6,qbank_3428e602e4fc,实操题库_地面站考试条件_2026H1_双经纬度题型.txt_14,2026H1,2026H1,双经纬度题型,速度高度参数设置,参数设置,高度;速度;m/s,ground_station_exam_cases.csv
gskill_446c4ce628ca,gsec_c539515211a6,qbank_3428e602e4fc,实操题库_地面站考试条件_2026H1_双经纬度题型.txt_14,2026H1,2026H1,双经纬度题型,转弯停留循环设置,参数设置,转弯;停留;循环,ground_station_exam_cases.csv
gskill_0d0778928d14,gsec_c539515211a6,qbank_3428e602e4fc,实操题库_地面站考试条件_2026H1_双经纬度题型.txt_14,2026H1,2026H1,双经纬度题型,几何图形航线规划,几何计算,五边形;边长,ground_station_exam_cases.csv
gskill_ff2a4a1ea330,gsec_c539515211a6,qbank_3428e602e4fc,实操题库_地面站考试条件_2026H1_双经纬度题型.txt_14,2026H1,2026H1,双经纬度题型,起飞返航点定位,导航定位,起飞点,ground_station_exam_cases.csv
gskill_c583fb09916a,gsec_c539515211a6,qbank_3428e602e4fc,实操题库_地面站考试条件_2026H1_双经纬度题型.txt_14,2026H1,2026H1,双经纬度题型,题型:双经纬度,题型,双经纬度题型,ground_station_exam_cases.csv
gskill_0c2d9a96406e,gsec_9774ead8dfaa,qbank_3428e602e4fc,实操题库_地面站考试条件_2026H1_双经纬度题型.txt_15,2026H1,2026H1,双经纬度题型,经纬度换算,导航定位,坐标;N:;E:;N;E,ground_station_exam_cases.csv
gskill_cc22cdbb1c61,gsec_9774ead8dfaa,qbank_3428e602e4fc,实操题库_地面站考试条件_2026H1_双经纬度题型.txt_15,2026H1,2026H1,双经纬度题型,航向方位判断,导航定位,航向;方位,ground_station_exam_cases.csv
gskill_3259b712aec8,gsec_9774ead8dfaa,qbank_3428e602e4fc,实操题库_地面站考试条件_2026H1_双经纬度题型.txt_15,2026H1,2026H1,双经纬度题型,夹角计算,几何计算,∠,ground_station_exam_cases.csv
gskill_1a1e0d1e5fa1,gsec_9774ead8dfaa,qbank_3428e602e4fc,实操题库_地面站考试条件_2026H1_双经纬度题型.txt_15,2026H1,2026H1,双经纬度题型,速度高度参数设置,参数设置,高度;速度;m/s,ground_station_exam_cases.csv
gskill_3721b539ee2f,gsec_9774ead8dfaa,qbank_3428e602e4fc,实操题库_地面站考试条件_2026H1_双经纬度题型.txt_15,2026H1,2026H1,双经纬度题型,转弯停留循环设置,参数设置,转弯;停留;循环,ground_station_exam_cases.csv
gskill_282a2613bdfb,gsec_9774ead8dfaa,qbank_3428e602e4fc,实操题库_地面站考试条件_2026H1_双经纬度题型.txt_15,2026H1,2026H1,双经纬度题型,几何图形航线规划,几何计算,边长,ground_station_exam_cases.csv
gskill_170589c40d68,gsec_9774ead8dfaa,qbank_3428e602e4fc,实操题库_地面站考试条件_2026H1_双经纬度题型.txt_15,2026H1,2026H1,双经纬度题型,起飞返航点定位,导航定位,起飞点;H点,ground_station_exam_cases.csv
gskill_fc23abf4a71d,gsec_9774ead8dfaa,qbank_3428e602e4fc,实操题库_地面站考试条件_2026H1_双经纬度题型.txt_15,2026H1,2026H1,双经纬度题型,题型:双经纬度,题型,双经纬度题型,ground_station_exam_cases.csv
gskill_612e6c799ea3,gsec_24742865be92,qbank_3428e602e4fc,实操题库_地面站考试条件_2026H1_双经纬度题型.txt_16,2026H1,2026H1,双经纬度题型,经纬度换算,导航定位,坐标;N:;E:;N;E,ground_station_exam_cases.csv
gskill_cffd45e7b15d,gsec_24742865be92,qbank_3428e602e4fc,实操题库_地面站考试条件_2026H1_双经纬度题型.txt_16,2026H1,2026H1,双经纬度题型,航向方位判断,导航定位,航向;方位,ground_station_exam_cases.csv
gskill_f3cc05a4eb20,gsec_24742865be92,qbank_3428e602e4fc,实操题库_地面站考试条件_2026H1_双经纬度题型.txt_16,2026H1,2026H1,双经纬度题型,速度高度参数设置,参数设置,高度;速度;m/s,ground_station_exam_cases.csv
gskill_50d181d34634,gsec_24742865be92,qbank_3428e602e4fc,实操题库_地面站考试条件_2026H1_双经纬度题型.txt_16,2026H1,2026H1,双经纬度题型,转弯停留循环设置,参数设置,转弯;循环,ground_station_exam_cases.csv
gskill_61146e92b881,gsec_24742865be92,qbank_3428e602e4fc,实操题库_地面站考试条件_2026H1_双经纬度题型.txt_16,2026H1,2026H1,双经纬度题型,几何图形航线规划,几何计算,六边形;边长,ground_station_exam_cases.csv
gskill_4975f6fae3b2,gsec_24742865be92,qbank_3428e602e4fc,实操题库_地面站考试条件_2026H1_双经纬度题型.txt_16,2026H1,2026H1,双经纬度题型,起飞返航点定位,导航定位,起飞点;H点,ground_station_exam_cases.csv
gskill_fe34aba6e959,gsec_24742865be92,qbank_3428e602e4fc,实操题库_地面站考试条件_2026H1_双经纬度题型.txt_16,2026H1,2026H1,双经纬度题型,题型:双经纬度,题型,双经纬度题型,ground_station_exam_cases.csv
gskill_a8d2872d2012,gsec_96c10377e5d5,qbank_3428e602e4fc,实操题库_地面站考试条件_2026H1_双经纬度题型.txt_17,2026H1,2026H1,双经纬度题型,经纬度换算,导航定位,坐标;N:;E:;N;E,ground_station_exam_cases.csv
gskill_75f8bf956e7f,gsec_96c10377e5d5,qbank_3428e602e4fc,实操题库_地面站考试条件_2026H1_双经纬度题型.txt_17,2026H1,2026H1,双经纬度题型,航向方位判断,导航定位,航向;方位,ground_station_exam_cases.csv
gskill_134dcb22da6d,gsec_96c10377e5d5,qbank_3428e602e4fc,实操题库_地面站考试条件_2026H1_双经纬度题型.txt_17,2026H1,2026H1,双经纬度题型,夹角计算,几何计算,∠,ground_station_exam_cases.csv
gskill_881006fe3903,gsec_96c10377e5d5,qbank_3428e602e4fc,实操题库_地面站考试条件_2026H1_双经纬度题型.txt_17,2026H1,2026H1,双经纬度题型,速度高度参数设置,参数设置,高度;速度;m/s,ground_station_exam_cases.csv
gskill_a9d9e38a3a16,gsec_96c10377e5d5,qbank_3428e602e4fc,实操题库_地面站考试条件_2026H1_双经纬度题型.txt_17,2026H1,2026H1,双经纬度题型,转弯停留循环设置,参数设置,转弯;停留;循环,ground_station_exam_cases.csv
gskill_643b6abefb3b,gsec_96c10377e5d5,qbank_3428e602e4fc,实操题库_地面站考试条件_2026H1_双经纬度题型.txt_17,2026H1,2026H1,双经纬度题型,几何图形航线规划,几何计算,五边形;边长,ground_station_exam_cases.csv
gskill_741c38fcdf74,gsec_96c10377e5d5,qbank_3428e602e4fc,实操题库_地面站考试条件_2026H1_双经纬度题型.txt_17,2026H1,2026H1,双经纬度题型,起飞返航点定位,导航定位,起飞点;H点,ground_station_exam_cases.csv
gskill_6cf00d925446,gsec_96c10377e5d5,qbank_3428e602e4fc,实操题库_地面站考试条件_2026H1_双经纬度题型.txt_17,2026H1,2026H1,双经纬度题型,题型:双经纬度,题型,双经纬度题型,ground_station_exam_cases.csv
gskill_fee48124a60f,gsec_5e55e0643993,qbank_3428e602e4fc,实操题库_地面站考试条件_2026H1_双经纬度题型.txt_18,2026H1,2026H1,双经纬度题型,经纬度换算,导航定位,经纬度;N:;E:;N;E,ground_station_exam_cases.csv
gskill_96431c8a6cee,gsec_5e55e0643993,qbank_3428e602e4fc,实操题库_地面站考试条件_2026H1_双经纬度题型.txt_18,2026H1,2026H1,双经纬度题型,航向方位判断,导航定位,航向;方位,ground_station_exam_cases.csv
gskill_52b9101fc9ed,gsec_5e55e0643993,qbank_3428e602e4fc,实操题库_地面站考试条件_2026H1_双经纬度题型.txt_18,2026H1,2026H1,双经纬度题型,速度高度参数设置,参数设置,高度;速度;m/s,ground_station_exam_cases.csv
gskill_1884631d91d6,gsec_5e55e0643993,qbank_3428e602e4fc,实操题库_地面站考试条件_2026H1_双经纬度题型.txt_18,2026H1,2026H1,双经纬度题型,转弯停留循环设置,参数设置,转弯;停留;循环;闭合;不循环,ground_station_exam_cases.csv
gskill_402a43834637,gsec_5e55e0643993,qbank_3428e602e4fc,实操题库_地面站考试条件_2026H1_双经纬度题型.txt_18,2026H1,2026H1,双经纬度题型,几何图形航线规划,几何计算,边长,ground_station_exam_cases.csv
gskill_380d83845e2f,gsec_5e55e0643993,qbank_3428e602e4fc,实操题库_地面站考试条件_2026H1_双经纬度题型.txt_18,2026H1,2026H1,双经纬度题型,起飞返航点定位,导航定位,起飞点,ground_station_exam_cases.csv
gskill_539ccb9af35b,gsec_5e55e0643993,qbank_3428e602e4fc,实操题库_地面站考试条件_2026H1_双经纬度题型.txt_18,2026H1,2026H1,双经纬度题型,题型:双经纬度,题型,双经纬度题型,ground_station_exam_cases.csv
gskill_a3d65813bf9c,gsec_20eedfa4b380,qbank_3428e602e4fc,实操题库_地面站考试条件_2026H1_双经纬度题型.txt_19,2026H1,2026H1,双经纬度题型,经纬度换算,导航定位,经纬度;N:;E:;N;E,ground_station_exam_cases.csv
gskill_0f513594be52,gsec_20eedfa4b380,qbank_3428e602e4fc,实操题库_地面站考试条件_2026H1_双经纬度题型.txt_19,2026H1,2026H1,双经纬度题型,航向方位判断,导航定位,航向;方位,ground_station_exam_cases.csv
gskill_d2cc826c1f81,gsec_20eedfa4b380,qbank_3428e602e4fc,实操题库_地面站考试条件_2026H1_双经纬度题型.txt_19,2026H1,2026H1,双经纬度题型,夹角计算,几何计算,∠,ground_station_exam_cases.csv
gskill_25f34acddd97,gsec_20eedfa4b380,qbank_3428e602e4fc,实操题库_地面站考试条件_2026H1_双经纬度题型.txt_19,2026H1,2026H1,双经纬度题型,速度高度参数设置,参数设置,高度;速度;m/s,ground_station_exam_cases.csv
gskill_d7c0053f07a7,gsec_20eedfa4b380,qbank_3428e602e4fc,实操题库_地面站考试条件_2026H1_双经纬度题型.txt_19,2026H1,2026H1,双经纬度题型,转弯停留循环设置,参数设置,转弯;停留;循环;闭合,ground_station_exam_cases.csv
gskill_6a49fdbe2ee2,gsec_20eedfa4b380,qbank_3428e602e4fc,实操题库_地面站考试条件_2026H1_双经纬度题型.txt_19,2026H1,2026H1,双经纬度题型,几何图形航线规划,几何计算,五边形;边长,ground_station_exam_cases.csv
gskill_9fba78f6083e,gsec_20eedfa4b380,qbank_3428e602e4fc,实操题库_地面站考试条件_2026H1_双经纬度题型.txt_19,2026H1,2026H1,双经纬度题型,起飞返航点定位,导航定位,起飞点,ground_station_exam_cases.csv
gskill_844efbcb7eb3,gsec_20eedfa4b380,qbank_3428e602e4fc,实操题库_地面站考试条件_2026H1_双经纬度题型.txt_19,2026H1,2026H1,双经纬度题型,题型:双经纬度,题型,双经纬度题型,ground_station_exam_cases.csv
gskill_7451aba12024,gsec_f591576e45aa,qbank_3428e602e4fc,实操题库_地面站考试条件_2026H1_双经纬度题型.txt_20,2026H1,2026H1,双经纬度题型,经纬度换算,导航定位,经纬度;N:;E:;N;E,ground_station_exam_cases.csv
gskill_f742cfdad061,gsec_f591576e45aa,qbank_3428e602e4fc,实操题库_地面站考试条件_2026H1_双经纬度题型.txt_20,2026H1,2026H1,双经纬度题型,航向方位判断,导航定位,航向;方位,ground_station_exam_cases.csv
gskill_47f692997ce3,gsec_f591576e45aa,qbank_3428e602e4fc,实操题库_地面站考试条件_2026H1_双经纬度题型.txt_20,2026H1,2026H1,双经纬度题型,速度高度参数设置,参数设置,高度;速度;m/s,ground_station_exam_cases.csv
gskill_1e34e0ed2e97,gsec_f591576e45aa,qbank_3428e602e4fc,实操题库_地面站考试条件_2026H1_双经纬度题型.txt_20,2026H1,2026H1,双经纬度题型,转弯停留循环设置,参数设置,转弯;停留;循环;闭合,ground_station_exam_cases.csv
gskill_aa1fbe91f6af,gsec_f591576e45aa,qbank_3428e602e4fc,实操题库_地面站考试条件_2026H1_双经纬度题型.txt_20,2026H1,2026H1,双经纬度题型,几何图形航线规划,几何计算,六边形;边长,ground_station_exam_cases.csv
gskill_2e3667691a38,gsec_f591576e45aa,qbank_3428e602e4fc,实操题库_地面站考试条件_2026H1_双经纬度题型.txt_20,2026H1,2026H1,双经纬度题型,题型:双经纬度,题型,双经纬度题型,ground_station_exam_cases.csv
gskill_2346de8a809f,gsec_189031021ccd,qbank_289f36425828,实操题库_地面站考试条件_2026H1_双起飞点题型.txt_0,2026H1,2026H1,双起飞点题型,经纬度换算,导航定位,经纬度;N:;E:;N;E,ground_station_exam_cases.csv
gskill_66b14cd2ddb3,gsec_189031021ccd,qbank_289f36425828,实操题库_地面站考试条件_2026H1_双起飞点题型.txt_0,2026H1,2026H1,双起飞点题型,航向方位判断,导航定位,方位,ground_station_exam_cases.csv
gskill_121dad06ed71,gsec_189031021ccd,qbank_289f36425828,实操题库_地面站考试条件_2026H1_双起飞点题型.txt_0,2026H1,2026H1,双起飞点题型,速度高度参数设置,参数设置,高度;速度;m/s,ground_station_exam_cases.csv
gskill_4af3151f2a4f,gsec_189031021ccd,qbank_289f36425828,实操题库_地面站考试条件_2026H1_双起飞点题型.txt_0,2026H1,2026H1,双起飞点题型,转弯停留循环设置,参数设置,转弯;停留;循环,ground_station_exam_cases.csv
gskill_f293b8d6b517,gsec_189031021ccd,qbank_289f36425828,实操题库_地面站考试条件_2026H1_双起飞点题型.txt_0,2026H1,2026H1,双起飞点题型,几何图形航线规划,几何计算,六边形;边长;图形,ground_station_exam_cases.csv
gskill_66388b231e71,gsec_189031021ccd,qbank_289f36425828,实操题库_地面站考试条件_2026H1_双起飞点题型.txt_0,2026H1,2026H1,双起飞点题型,起飞返航点定位,导航定位,起飞点,ground_station_exam_cases.csv
gskill_f738313d21cd,gsec_189031021ccd,qbank_289f36425828,实操题库_地面站考试条件_2026H1_双起飞点题型.txt_0,2026H1,2026H1,双起飞点题型,题型:双起飞点,题型,双起飞点题型,ground_station_exam_cases.csv
gskill_4ec02ffe6aa2,gsec_0d604cf359ca,qbank_289f36425828,实操题库_地面站考试条件_2026H1_双起飞点题型.txt_1,2026H1,2026H1,双起飞点题型,经纬度换算,导航定位,经纬度;N:;E:;N;E,ground_station_exam_cases.csv
gskill_4de9f0536975,gsec_0d604cf359ca,qbank_289f36425828,实操题库_地面站考试条件_2026H1_双起飞点题型.txt_1,2026H1,2026H1,双起飞点题型,速度高度参数设置,参数设置,高度;速度;m/s,ground_station_exam_cases.csv
gskill_9aad8fea193d,gsec_0d604cf359ca,qbank_289f36425828,实操题库_地面站考试条件_2026H1_双起飞点题型.txt_1,2026H1,2026H1,双起飞点题型,转弯停留循环设置,参数设置,转弯;停留;循环;闭合;不循环,ground_station_exam_cases.csv
gskill_f51ca23e3189,gsec_0d604cf359ca,qbank_289f36425828,实操题库_地面站考试条件_2026H1_双起飞点题型.txt_1,2026H1,2026H1,双起飞点题型,几何图形航线规划,几何计算,六边形;边长;图形,ground_station_exam_cases.csv
gskill_b323aa28f7fb,gsec_0d604cf359ca,qbank_289f36425828,实操题库_地面站考试条件_2026H1_双起飞点题型.txt_1,2026H1,2026H1,双起飞点题型,起飞返航点定位,导航定位,起飞点,ground_station_exam_cases.csv
gskill_124577dd81d8,gsec_0d604cf359ca,qbank_289f36425828,实操题库_地面站考试条件_2026H1_双起飞点题型.txt_1,2026H1,2026H1,双起飞点题型,题型:双起飞点,题型,双起飞点题型,ground_station_exam_cases.csv
gskill_32b55a8273cd,gsec_60a662301fc5,qbank_289f36425828,实操题库_地面站考试条件_2026H1_双起飞点题型.txt_2,2026H1,2026H1,双起飞点题型,经纬度换算,导航定位,经纬度;N:;E:;N;E,ground_station_exam_cases.csv
gskill_4ab41c6ae82c,gsec_60a662301fc5,qbank_289f36425828,实操题库_地面站考试条件_2026H1_双起飞点题型.txt_2,2026H1,2026H1,双起飞点题型,航向方位判断,导航定位,方位;SW,ground_station_exam_cases.csv
gskill_a5407ed70521,gsec_60a662301fc5,qbank_289f36425828,实操题库_地面站考试条件_2026H1_双起飞点题型.txt_2,2026H1,2026H1,双起飞点题型,速度高度参数设置,参数设置,高度;速度;m/s,ground_station_exam_cases.csv
gskill_502e5aa9275d,gsec_60a662301fc5,qbank_289f36425828,实操题库_地面站考试条件_2026H1_双起飞点题型.txt_2,2026H1,2026H1,双起飞点题型,转弯停留循环设置,参数设置,转弯;停留;循环,ground_station_exam_cases.csv
gskill_938db7def124,gsec_60a662301fc5,qbank_289f36425828,实操题库_地面站考试条件_2026H1_双起飞点题型.txt_2,2026H1,2026H1,双起飞点题型,几何图形航线规划,几何计算,六边形;边长;图形,ground_station_exam_cases.csv
gskill_d3df9ab9431a,gsec_60a662301fc5,qbank_289f36425828,实操题库_地面站考试条件_2026H1_双起飞点题型.txt_2,2026H1,2026H1,双起飞点题型,起飞返航点定位,导航定位,起飞点,ground_station_exam_cases.csv
gskill_8aa1e2bfd7bf,gsec_60a662301fc5,qbank_289f36425828,实操题库_地面站考试条件_2026H1_双起飞点题型.txt_2,2026H1,2026H1,双起飞点题型,题型:双起飞点,题型,双起飞点题型,ground_station_exam_cases.csv
gskill_b8843808e8fb,gsec_d302bfc3579b,qbank_289f36425828,实操题库_地面站考试条件_2026H1_双起飞点题型.txt_3,2026H1,2026H1,双起飞点题型,经纬度换算,导航定位,经纬度;N:;E:;N;E,ground_station_exam_cases.csv
gskill_3fef6d1c6e58,gsec_d302bfc3579b,qbank_289f36425828,实操题库_地面站考试条件_2026H1_双起飞点题型.txt_3,2026H1,2026H1,双起飞点题型,速度高度参数设置,参数设置,高度;速度;m/s,ground_station_exam_cases.csv
gskill_66f000a04177,gsec_d302bfc3579b,qbank_289f36425828,实操题库_地面站考试条件_2026H1_双起飞点题型.txt_3,2026H1,2026H1,双起飞点题型,转弯停留循环设置,参数设置,转弯;停留;循环;闭合,ground_station_exam_cases.csv
gskill_df65ade08e44,gsec_d302bfc3579b,qbank_289f36425828,实操题库_地面站考试条件_2026H1_双起飞点题型.txt_3,2026H1,2026H1,双起飞点题型,几何图形航线规划,几何计算,六边形;边长;图形,ground_station_exam_cases.csv
gskill_57055aa77f07,gsec_d302bfc3579b,qbank_289f36425828,实操题库_地面站考试条件_2026H1_双起飞点题型.txt_3,2026H1,2026H1,双起飞点题型,起飞返航点定位,导航定位,起飞点,ground_station_exam_cases.csv
gskill_87a34f368edb,gsec_d302bfc3579b,qbank_289f36425828,实操题库_地面站考试条件_2026H1_双起飞点题型.txt_3,2026H1,2026H1,双起飞点题型,题型:双起飞点,题型,双起飞点题型,ground_station_exam_cases.csv
gskill_3dc9c151dbae,gsec_d104c3b0ecd8,qbank_289f36425828,实操题库_地面站考试条件_2026H1_双起飞点题型.txt_4,2026H1,2026H1,双起飞点题型,经纬度换算,导航定位,经纬度;坐标;N;E,ground_station_exam_cases.csv
gskill_a9c525adf923,gsec_d104c3b0ecd8,qbank_289f36425828,实操题库_地面站考试条件_2026H1_双起飞点题型.txt_4,2026H1,2026H1,双起飞点题型,航向方位判断,导航定位,SE,ground_station_exam_cases.csv
gskill_714891b35456,gsec_d104c3b0ecd8,qbank_289f36425828,实操题库_地面站考试条件_2026H1_双起飞点题型.txt_4,2026H1,2026H1,双起飞点题型,速度高度参数设置,参数设置,高度;速度,ground_station_exam_cases.csv
gskill_97588b1e7b09,gsec_d104c3b0ecd8,qbank_289f36425828,实操题库_地面站考试条件_2026H1_双起飞点题型.txt_4,2026H1,2026H1,双起飞点题型,转弯停留循环设置,参数设置,转弯;循环;闭合;不循环,ground_station_exam_cases.csv
gskill_20ceee23c6e7,gsec_d104c3b0ecd8,qbank_289f36425828,实操题库_地面站考试条件_2026H1_双起飞点题型.txt_4,2026H1,2026H1,双起飞点题型,几何图形航线规划,几何计算,图形,ground_station_exam_cases.csv
gskill_5d3b9014dad9,gsec_d104c3b0ecd8,qbank_289f36425828,实操题库_地面站考试条件_2026H1_双起飞点题型.txt_4,2026H1,2026H1,双起飞点题型,起飞返航点定位,导航定位,起飞点,ground_station_exam_cases.csv
gskill_360a71b8698f,gsec_d104c3b0ecd8,qbank_289f36425828,实操题库_地面站考试条件_2026H1_双起飞点题型.txt_4,2026H1,2026H1,双起飞点题型,题型:双起飞点,题型,双起飞点题型,ground_station_exam_cases.csv
gskill_4d638ea993c1,gsec_753acde97f60,qbank_289f36425828,实操题库_地面站考试条件_2026H1_双起飞点题型.txt_5,2026H1,2026H1,双起飞点题型,经纬度换算,导航定位,经纬度;N:;E:;N;E,ground_station_exam_cases.csv
gskill_c5e2b9b13add,gsec_753acde97f60,qbank_289f36425828,实操题库_地面站考试条件_2026H1_双起飞点题型.txt_5,2026H1,2026H1,双起飞点题型,速度高度参数设置,参数设置,高度;速度;m/s,ground_station_exam_cases.csv
gskill_654f53e15a03,gsec_753acde97f60,qbank_289f36425828,实操题库_地面站考试条件_2026H1_双起飞点题型.txt_5,2026H1,2026H1,双起飞点题型,转弯停留循环设置,参数设置,转弯;停留;循环;闭合;不循环,ground_station_exam_cases.csv
gskill_449b485d243f,gsec_753acde97f60,qbank_289f36425828,实操题库_地面站考试条件_2026H1_双起飞点题型.txt_5,2026H1,2026H1,双起飞点题型,几何图形航线规划,几何计算,六边形;边长;图形,ground_station_exam_cases.csv
gskill_d1435380b4a5,gsec_753acde97f60,qbank_289f36425828,实操题库_地面站考试条件_2026H1_双起飞点题型.txt_5,2026H1,2026H1,双起飞点题型,起飞返航点定位,导航定位,起飞点,ground_station_exam_cases.csv
gskill_f7713b3c6260,gsec_753acde97f60,qbank_289f36425828,实操题库_地面站考试条件_2026H1_双起飞点题型.txt_5,2026H1,2026H1,双起飞点题型,题型:双起飞点,题型,双起飞点题型,ground_station_exam_cases.csv
gskill_eadc3e505ad7,gsec_bb64a4b823b2,qbank_289f36425828,实操题库_地面站考试条件_2026H1_双起飞点题型.txt_6,2026H1,2026H1,双起飞点题型,经纬度换算,导航定位,经纬度;N:;E:;N;E,ground_station_exam_cases.csv
gskill_da786775f571,gsec_bb64a4b823b2,qbank_289f36425828,实操题库_地面站考试条件_2026H1_双起飞点题型.txt_6,2026H1,2026H1,双起飞点题型,速度高度参数设置,参数设置,高度;速度;m/s,ground_station_exam_cases.csv
gskill_687a89f96f6c,gsec_bb64a4b823b2,qbank_289f36425828,实操题库_地面站考试条件_2026H1_双起飞点题型.txt_6,2026H1,2026H1,双起飞点题型,转弯停留循环设置,参数设置,转弯;停留;循环;闭合,ground_station_exam_cases.csv
gskill_628883dc4bd7,gsec_bb64a4b823b2,qbank_289f36425828,实操题库_地面站考试条件_2026H1_双起飞点题型.txt_6,2026H1,2026H1,双起飞点题型,几何图形航线规划,几何计算,六边形;边长;图形,ground_station_exam_cases.csv
gskill_42d67b622598,gsec_bb64a4b823b2,qbank_289f36425828,实操题库_地面站考试条件_2026H1_双起飞点题型.txt_6,2026H1,2026H1,双起飞点题型,起飞返航点定位,导航定位,起飞点,ground_station_exam_cases.csv
gskill_31abe717f47f,gsec_bb64a4b823b2,qbank_289f36425828,实操题库_地面站考试条件_2026H1_双起飞点题型.txt_6,2026H1,2026H1,双起飞点题型,题型:双起飞点,题型,双起飞点题型,ground_station_exam_cases.csv
gskill_8b585530e896,gsec_65f90325c151,qbank_289f36425828,实操题库_地面站考试条件_2026H1_双起飞点题型.txt_7,2026H1,2026H1,双起飞点题型,经纬度换算,导航定位,经纬度;N:;E:;N;E,ground_station_exam_cases.csv
gskill_f5a5c9d4e8c4,gsec_65f90325c151,qbank_289f36425828,实操题库_地面站考试条件_2026H1_双起飞点题型.txt_7,2026H1,2026H1,双起飞点题型,速度高度参数设置,参数设置,高度;速度;m/s,ground_station_exam_cases.csv
gskill_f5d71d53cd7a,gsec_65f90325c151,qbank_289f36425828,实操题库_地面站考试条件_2026H1_双起飞点题型.txt_7,2026H1,2026H1,双起飞点题型,转弯停留循环设置,参数设置,转弯;停留;循环;闭合,ground_station_exam_cases.csv
gskill_2ce9ee08ac67,gsec_65f90325c151,qbank_289f36425828,实操题库_地面站考试条件_2026H1_双起飞点题型.txt_7,2026H1,2026H1,双起飞点题型,几何图形航线规划,几何计算,六边形;边长;图形,ground_station_exam_cases.csv
gskill_780f908b00c3,gsec_65f90325c151,qbank_289f36425828,实操题库_地面站考试条件_2026H1_双起飞点题型.txt_7,2026H1,2026H1,双起飞点题型,起飞返航点定位,导航定位,起飞点,ground_station_exam_cases.csv
gskill_c62f345a88fe,gsec_65f90325c151,qbank_289f36425828,实操题库_地面站考试条件_2026H1_双起飞点题型.txt_7,2026H1,2026H1,双起飞点题型,题型:双起飞点,题型,双起飞点题型,ground_station_exam_cases.csv
gskill_7469655abd3e,gsec_35db8108a6ad,qbank_289f36425828,实操题库_地面站考试条件_2026H1_双起飞点题型.txt_8,2026H1,2026H1,双起飞点题型,经纬度换算,导航定位,经纬度;N:;E:;N;E,ground_station_exam_cases.csv
gskill_d1860da7624e,gsec_35db8108a6ad,qbank_289f36425828,实操题库_地面站考试条件_2026H1_双起飞点题型.txt_8,2026H1,2026H1,双起飞点题型,航向方位判断,导航定位,方位,ground_station_exam_cases.csv
gskill_346d9cb5243a,gsec_35db8108a6ad,qbank_289f36425828,实操题库_地面站考试条件_2026H1_双起飞点题型.txt_8,2026H1,2026H1,双起飞点题型,夹角计算,几何计算,∠,ground_station_exam_cases.csv
gskill_e2a28cfbec93,gsec_35db8108a6ad,qbank_289f36425828,实操题库_地面站考试条件_2026H1_双起飞点题型.txt_8,2026H1,2026H1,双起飞点题型,速度高度参数设置,参数设置,高度;速度;m/s,ground_station_exam_cases.csv
gskill_37def4212f32,gsec_35db8108a6ad,qbank_289f36425828,实操题库_地面站考试条件_2026H1_双起飞点题型.txt_8,2026H1,2026H1,双起飞点题型,转弯停留循环设置,参数设置,转弯;停留;循环,ground_station_exam_cases.csv
gskill_a5f7e09c47bd,gsec_35db8108a6ad,qbank_289f36425828,实操题库_地面站考试条件_2026H1_双起飞点题型.txt_8,2026H1,2026H1,双起飞点题型,几何图形航线规划,几何计算,五边形;边长;图形,ground_station_exam_cases.csv
gskill_0c6aa70fc55c,gsec_35db8108a6ad,qbank_289f36425828,实操题库_地面站考试条件_2026H1_双起飞点题型.txt_8,2026H1,2026H1,双起飞点题型,起飞返航点定位,导航定位,起飞点,ground_station_exam_cases.csv
gskill_c98ce766bf5e,gsec_35db8108a6ad,qbank_289f36425828,实操题库_地面站考试条件_2026H1_双起飞点题型.txt_8,2026H1,2026H1,双起飞点题型,题型:双起飞点,题型,双起飞点题型,ground_station_exam_cases.csv
gskill_18ad322238ab,gsec_82ca6a5b4504,qbank_289f36425828,实操题库_地面站考试条件_2026H1_双起飞点题型.txt_9,2026H1,2026H1,双起飞点题型,经纬度换算,导航定位,经纬度;N:;E:;N;E,ground_station_exam_cases.csv
gskill_0a479bf6bc31,gsec_82ca6a5b4504,qbank_289f36425828,实操题库_地面站考试条件_2026H1_双起飞点题型.txt_9,2026H1,2026H1,双起飞点题型,速度高度参数设置,参数设置,高度;速度;m/s,ground_station_exam_cases.csv
gskill_786150509862,gsec_82ca6a5b4504,qbank_289f36425828,实操题库_地面站考试条件_2026H1_双起飞点题型.txt_9,2026H1,2026H1,双起飞点题型,转弯停留循环设置,参数设置,转弯;停留;循环;闭合,ground_station_exam_cases.csv
gskill_22319da94df3,gsec_82ca6a5b4504,qbank_289f36425828,实操题库_地面站考试条件_2026H1_双起飞点题型.txt_9,2026H1,2026H1,双起飞点题型,几何图形航线规划,几何计算,六边形;边长;图形,ground_station_exam_cases.csv
gskill_bd458bdd7d97,gsec_82ca6a5b4504,qbank_289f36425828,实操题库_地面站考试条件_2026H1_双起飞点题型.txt_9,2026H1,2026H1,双起飞点题型,起飞返航点定位,导航定位,起飞点,ground_station_exam_cases.csv
gskill_a981da458fd7,gsec_82ca6a5b4504,qbank_289f36425828,实操题库_地面站考试条件_2026H1_双起飞点题型.txt_9,2026H1,2026H1,双起飞点题型,题型:双起飞点,题型,双起飞点题型,ground_station_exam_cases.csv
gskill_e0a5fee3245a,gsec_8a0ab6572987,qbank_289f36425828,实操题库_地面站考试条件_2026H1_双起飞点题型.txt_10,2026H1,2026H1,双起飞点题型,经纬度换算,导航定位,经纬度;N:;E:;N;E,ground_station_exam_cases.csv
gskill_94e123f94fda,gsec_8a0ab6572987,qbank_289f36425828,实操题库_地面站考试条件_2026H1_双起飞点题型.txt_10,2026H1,2026H1,双起飞点题型,速度高度参数设置,参数设置,高度;速度;m/s,ground_station_exam_cases.csv
gskill_fa14e9a2830c,gsec_8a0ab6572987,qbank_289f36425828,实操题库_地面站考试条件_2026H1_双起飞点题型.txt_10,2026H1,2026H1,双起飞点题型,转弯停留循环设置,参数设置,转弯;停留;循环;闭合,ground_station_exam_cases.csv
gskill_5d67c69b91ad,gsec_8a0ab6572987,qbank_289f36425828,实操题库_地面站考试条件_2026H1_双起飞点题型.txt_10,2026H1,2026H1,双起飞点题型,几何图形航线规划,几何计算,六边形;边长;图形,ground_station_exam_cases.csv
gskill_468bfc10e46b,gsec_8a0ab6572987,qbank_289f36425828,实操题库_地面站考试条件_2026H1_双起飞点题型.txt_10,2026H1,2026H1,双起飞点题型,起飞返航点定位,导航定位,起飞点,ground_station_exam_cases.csv
gskill_bffddcdfbaf0,gsec_8a0ab6572987,qbank_289f36425828,实操题库_地面站考试条件_2026H1_双起飞点题型.txt_10,2026H1,2026H1,双起飞点题型,题型:双起飞点,题型,双起飞点题型,ground_station_exam_cases.csv
gskill_7ffb74404b07,gsec_fa5b2c1d0bad,qbank_289f36425828,实操题库_地面站考试条件_2026H1_双起飞点题型.txt_11,2026H1,2026H1,双起飞点题型,经纬度换算,导航定位,经纬度;N:;E:;N;E,ground_station_exam_cases.csv
gskill_87ce7a6abda4,gsec_fa5b2c1d0bad,qbank_289f36425828,实操题库_地面站考试条件_2026H1_双起飞点题型.txt_11,2026H1,2026H1,双起飞点题型,速度高度参数设置,参数设置,高度;速度;m/s,ground_station_exam_cases.csv
gskill_0ca4ab0608e7,gsec_fa5b2c1d0bad,qbank_289f36425828,实操题库_地面站考试条件_2026H1_双起飞点题型.txt_11,2026H1,2026H1,双起飞点题型,转弯停留循环设置,参数设置,转弯;循环;闭合,ground_station_exam_cases.csv
gskill_cd8f3b778692,gsec_fa5b2c1d0bad,qbank_289f36425828,实操题库_地面站考试条件_2026H1_双起飞点题型.txt_11,2026H1,2026H1,双起飞点题型,几何图形航线规划,几何计算,六边形;边长;图形,ground_station_exam_cases.csv
gskill_e6646b254e32,gsec_fa5b2c1d0bad,qbank_289f36425828,实操题库_地面站考试条件_2026H1_双起飞点题型.txt_11,2026H1,2026H1,双起飞点题型,起飞返航点定位,导航定位,起飞点,ground_station_exam_cases.csv
gskill_c472f093de65,gsec_fa5b2c1d0bad,qbank_289f36425828,实操题库_地面站考试条件_2026H1_双起飞点题型.txt_11,2026H1,2026H1,双起飞点题型,题型:双起飞点,题型,双起飞点题型,ground_station_exam_cases.csv
gskill_74d2f7171881,gsec_acd599bc19f1,qbank_289f36425828,实操题库_地面站考试条件_2026H1_双起飞点题型.txt_12,2026H1,2026H1,双起飞点题型,经纬度换算,导航定位,经纬度;N:;E:;N;E,ground_station_exam_cases.csv
gskill_1e56e1d0b52e,gsec_acd599bc19f1,qbank_289f36425828,实操题库_地面站考试条件_2026H1_双起飞点题型.txt_12,2026H1,2026H1,双起飞点题型,速度高度参数设置,参数设置,高度;速度;m/s,ground_station_exam_cases.csv
gskill_b06989dea901,gsec_acd599bc19f1,qbank_289f36425828,实操题库_地面站考试条件_2026H1_双起飞点题型.txt_12,2026H1,2026H1,双起飞点题型,转弯停留循环设置,参数设置,转弯;停留;循环;闭合,ground_station_exam_cases.csv
gskill_fce969b84adf,gsec_acd599bc19f1,qbank_289f36425828,实操题库_地面站考试条件_2026H1_双起飞点题型.txt_12,2026H1,2026H1,双起飞点题型,几何图形航线规划,几何计算,边长,ground_station_exam_cases.csv
gskill_ebf5f5a2ed70,gsec_acd599bc19f1,qbank_289f36425828,实操题库_地面站考试条件_2026H1_双起飞点题型.txt_12,2026H1,2026H1,双起飞点题型,起飞返航点定位,导航定位,起飞点,ground_station_exam_cases.csv
gskill_8576f0c49744,gsec_acd599bc19f1,qbank_289f36425828,实操题库_地面站考试条件_2026H1_双起飞点题型.txt_12,2026H1,2026H1,双起飞点题型,题型:双起飞点,题型,双起飞点题型,ground_station_exam_cases.csv
gskill_8e27116798b4,gsec_78500652eadb,qbank_289f36425828,实操题库_地面站考试条件_2026H1_双起飞点题型.txt_13,2026H1,2026H1,双起飞点题型,经纬度换算,导航定位,经纬度;N:;E:;N;E,ground_station_exam_cases.csv
gskill_e8be30f0f881,gsec_78500652eadb,qbank_289f36425828,实操题库_地面站考试条件_2026H1_双起飞点题型.txt_13,2026H1,2026H1,双起飞点题型,速度高度参数设置,参数设置,高度;速度;m/s,ground_station_exam_cases.csv
gskill_caf89228e305,gsec_78500652eadb,qbank_289f36425828,实操题库_地面站考试条件_2026H1_双起飞点题型.txt_13,2026H1,2026H1,双起飞点题型,转弯停留循环设置,参数设置,转弯;停留;循环;闭合,ground_station_exam_cases.csv
gskill_9a453ab92acf,gsec_78500652eadb,qbank_289f36425828,实操题库_地面站考试条件_2026H1_双起飞点题型.txt_13,2026H1,2026H1,双起飞点题型,几何图形航线规划,几何计算,六边形;边长;图形,ground_station_exam_cases.csv
gskill_f14fadddcf5d,gsec_78500652eadb,qbank_289f36425828,实操题库_地面站考试条件_2026H1_双起飞点题型.txt_13,2026H1,2026H1,双起飞点题型,起飞返航点定位,导航定位,起飞点,ground_station_exam_cases.csv
gskill_c2f1e0bcbf8a,gsec_78500652eadb,qbank_289f36425828,实操题库_地面站考试条件_2026H1_双起飞点题型.txt_13,2026H1,2026H1,双起飞点题型,题型:双起飞点,题型,双起飞点题型,ground_station_exam_cases.csv
gskill_cd2091db4c17,gsec_aa24f64a2bb7,qbank_289f36425828,实操题库_地面站考试条件_2026H1_双起飞点题型.txt_14,2026H1,2026H1,双起飞点题型,经纬度换算,导航定位,经纬度;N:;E:;N;E,ground_station_exam_cases.csv
gskill_e95b20d0c4cf,gsec_aa24f64a2bb7,qbank_289f36425828,实操题库_地面站考试条件_2026H1_双起飞点题型.txt_14,2026H1,2026H1,双起飞点题型,速度高度参数设置,参数设置,高度;速度;m/s,ground_station_exam_cases.csv
gskill_9047a20a895c,gsec_aa24f64a2bb7,qbank_289f36425828,实操题库_地面站考试条件_2026H1_双起飞点题型.txt_14,2026H1,2026H1,双起飞点题型,转弯停留循环设置,参数设置,转弯;停留;循环;闭合,ground_station_exam_cases.csv
gskill_6ed8efef4c9e,gsec_aa24f64a2bb7,qbank_289f36425828,实操题库_地面站考试条件_2026H1_双起飞点题型.txt_14,2026H1,2026H1,双起飞点题型,几何图形航线规划,几何计算,边长,ground_station_exam_cases.csv
gskill_58b865b1aceb,gsec_aa24f64a2bb7,qbank_289f36425828,实操题库_地面站考试条件_2026H1_双起飞点题型.txt_14,2026H1,2026H1,双起飞点题型,起飞返航点定位,导航定位,起飞点,ground_station_exam_cases.csv
gskill_7386a61e465d,gsec_aa24f64a2bb7,qbank_289f36425828,实操题库_地面站考试条件_2026H1_双起飞点题型.txt_14,2026H1,2026H1,双起飞点题型,题型:双起飞点,题型,双起飞点题型,ground_station_exam_cases.csv
gskill_b2f0a681ed40,gsec_516ecb2180c2,qbank_289f36425828,实操题库_地面站考试条件_2026H1_双起飞点题型.txt_15,2026H1,2026H1,双起飞点题型,经纬度换算,导航定位,经纬度;N:;E:;N;E,ground_station_exam_cases.csv
gskill_669c39ba6c66,gsec_516ecb2180c2,qbank_289f36425828,实操题库_地面站考试条件_2026H1_双起飞点题型.txt_15,2026H1,2026H1,双起飞点题型,速度高度参数设置,参数设置,高度;速度;m/s,ground_station_exam_cases.csv
gskill_11c656b55b07,gsec_516ecb2180c2,qbank_289f36425828,实操题库_地面站考试条件_2026H1_双起飞点题型.txt_15,2026H1,2026H1,双起飞点题型,转弯停留循环设置,参数设置,转弯;停留;循环;闭合,ground_station_exam_cases.csv
gskill_22c834d9dac0,gsec_516ecb2180c2,qbank_289f36425828,实操题库_地面站考试条件_2026H1_双起飞点题型.txt_15,2026H1,2026H1,双起飞点题型,几何图形航线规划,几何计算,六边形;边长;图形,ground_station_exam_cases.csv
gskill_cd5624e7810b,gsec_516ecb2180c2,qbank_289f36425828,实操题库_地面站考试条件_2026H1_双起飞点题型.txt_15,2026H1,2026H1,双起飞点题型,起飞返航点定位,导航定位,起飞点,ground_station_exam_cases.csv
gskill_39608f857622,gsec_516ecb2180c2,qbank_289f36425828,实操题库_地面站考试条件_2026H1_双起飞点题型.txt_15,2026H1,2026H1,双起飞点题型,题型:双起飞点,题型,双起飞点题型,ground_station_exam_cases.csv
gskill_f06387a419b9,gsec_3e3272ed1daf,qbank_289f36425828,实操题库_地面站考试条件_2026H1_双起飞点题型.txt_16,2026H1,2026H1,双起飞点题型,经纬度换算,导航定位,经纬度;N:;E:;N;E,ground_station_exam_cases.csv
gskill_9c49b482ab1e,gsec_3e3272ed1daf,qbank_289f36425828,实操题库_地面站考试条件_2026H1_双起飞点题型.txt_16,2026H1,2026H1,双起飞点题型,航向方位判断,导航定位,方位,ground_station_exam_cases.csv
gskill_ea2b439d0b0b,gsec_3e3272ed1daf,qbank_289f36425828,实操题库_地面站考试条件_2026H1_双起飞点题型.txt_16,2026H1,2026H1,双起飞点题型,速度高度参数设置,参数设置,高度;速度;m/s,ground_station_exam_cases.csv
gskill_5d51091aefeb,gsec_3e3272ed1daf,qbank_289f36425828,实操题库_地面站考试条件_2026H1_双起飞点题型.txt_16,2026H1,2026H1,双起飞点题型,转弯停留循环设置,参数设置,转弯;循环,ground_station_exam_cases.csv
gskill_e2d995b74610,gsec_3e3272ed1daf,qbank_289f36425828,实操题库_地面站考试条件_2026H1_双起飞点题型.txt_16,2026H1,2026H1,双起飞点题型,几何图形航线规划,几何计算,六边形;边长;图形,ground_station_exam_cases.csv
gskill_ca285b575dd3,gsec_3e3272ed1daf,qbank_289f36425828,实操题库_地面站考试条件_2026H1_双起飞点题型.txt_16,2026H1,2026H1,双起飞点题型,起飞返航点定位,导航定位,起飞点,ground_station_exam_cases.csv
gskill_349102f9eb70,gsec_3e3272ed1daf,qbank_289f36425828,实操题库_地面站考试条件_2026H1_双起飞点题型.txt_16,2026H1,2026H1,双起飞点题型,题型:双起飞点,题型,双起飞点题型,ground_station_exam_cases.csv
gskill_3d1a2d6520ef,gsec_30257b847e83,qbank_289f36425828,实操题库_地面站考试条件_2026H1_双起飞点题型.txt_17,2026H1,2026H1,双起飞点题型,经纬度换算,导航定位,经纬度;N:;E:;N;E,ground_station_exam_cases.csv
gskill_30deca2833e4,gsec_30257b847e83,qbank_289f36425828,实操题库_地面站考试条件_2026H1_双起飞点题型.txt_17,2026H1,2026H1,双起飞点题型,航向方位判断,导航定位,方位,ground_station_exam_cases.csv
gskill_b04aff3e494b,gsec_30257b847e83,qbank_289f36425828,实操题库_地面站考试条件_2026H1_双起飞点题型.txt_17,2026H1,2026H1,双起飞点题型,速度高度参数设置,参数设置,高度;速度;m/s,ground_station_exam_cases.csv
gskill_0c86264f7e8f,gsec_30257b847e83,qbank_289f36425828,实操题库_地面站考试条件_2026H1_双起飞点题型.txt_17,2026H1,2026H1,双起飞点题型,转弯停留循环设置,参数设置,转弯;停留;循环,ground_station_exam_cases.csv
gskill_2b7cd30fe13c,gsec_30257b847e83,qbank_289f36425828,实操题库_地面站考试条件_2026H1_双起飞点题型.txt_17,2026H1,2026H1,双起飞点题型,几何图形航线规划,几何计算,六边形;边长;图形,ground_station_exam_cases.csv
gskill_1567d6c78565,gsec_30257b847e83,qbank_289f36425828,实操题库_地面站考试条件_2026H1_双起飞点题型.txt_17,2026H1,2026H1,双起飞点题型,起飞返航点定位,导航定位,起飞点,ground_station_exam_cases.csv
gskill_2e755b94040b,gsec_30257b847e83,qbank_289f36425828,实操题库_地面站考试条件_2026H1_双起飞点题型.txt_17,2026H1,2026H1,双起飞点题型,题型:双起飞点,题型,双起飞点题型,ground_station_exam_cases.csv
gskill_a4d2a7134ede,gsec_0bcc5707f2aa,qbank_289f36425828,实操题库_地面站考试条件_2026H1_双起飞点题型.txt_18,2026H1,2026H1,双起飞点题型,经纬度换算,导航定位,经纬度;N:;E:;N;E,ground_station_exam_cases.csv
gskill_4597ca22e9d8,gsec_0bcc5707f2aa,qbank_289f36425828,实操题库_地面站考试条件_2026H1_双起飞点题型.txt_18,2026H1,2026H1,双起飞点题型,航向方位判断,导航定位,方位,ground_station_exam_cases.csv
gskill_4d3d350a15e5,gsec_0bcc5707f2aa,qbank_289f36425828,实操题库_地面站考试条件_2026H1_双起飞点题型.txt_18,2026H1,2026H1,双起飞点题型,速度高度参数设置,参数设置,高度;速度;m/s,ground_station_exam_cases.csv
gskill_e56a5e1bae78,gsec_0bcc5707f2aa,qbank_289f36425828,实操题库_地面站考试条件_2026H1_双起飞点题型.txt_18,2026H1,2026H1,双起飞点题型,转弯停留循环设置,参数设置,转弯;停留;循环,ground_station_exam_cases.csv
gskill_95afdb1487a8,gsec_0bcc5707f2aa,qbank_289f36425828,实操题库_地面站考试条件_2026H1_双起飞点题型.txt_18,2026H1,2026H1,双起飞点题型,几何图形航线规划,几何计算,六边形;边长;图形,ground_station_exam_cases.csv
gskill_19d07d3e23ec,gsec_0bcc5707f2aa,qbank_289f36425828,实操题库_地面站考试条件_2026H1_双起飞点题型.txt_18,2026H1,2026H1,双起飞点题型,起飞返航点定位,导航定位,起飞点,ground_station_exam_cases.csv
gskill_bf9f9bbb6bd8,gsec_0bcc5707f2aa,qbank_289f36425828,实操题库_地面站考试条件_2026H1_双起飞点题型.txt_18,2026H1,2026H1,双起飞点题型,题型:双起飞点,题型,双起飞点题型,ground_station_exam_cases.csv
gskill_9109f240f683,gsec_a661c2d45f85,qbank_289f36425828,实操题库_地面站考试条件_2026H1_双起飞点题型.txt_19,2026H1,2026H1,双起飞点题型,经纬度换算,导航定位,经纬度;N:;N;E,ground_station_exam_cases.csv
gskill_3712edb22995,gsec_a661c2d45f85,qbank_289f36425828,实操题库_地面站考试条件_2026H1_双起飞点题型.txt_19,2026H1,2026H1,双起飞点题型,航向方位判断,导航定位,方位,ground_station_exam_cases.csv
gskill_2f350eea4ab8,gsec_a661c2d45f85,qbank_289f36425828,实操题库_地面站考试条件_2026H1_双起飞点题型.txt_19,2026H1,2026H1,双起飞点题型,速度高度参数设置,参数设置,高度;速度;m/s,ground_station_exam_cases.csv
gskill_8ed451ceb686,gsec_a661c2d45f85,qbank_289f36425828,实操题库_地面站考试条件_2026H1_双起飞点题型.txt_19,2026H1,2026H1,双起飞点题型,转弯停留循环设置,参数设置,转弯;停留;循环;闭合,ground_station_exam_cases.csv
gskill_6ac620167363,gsec_a661c2d45f85,qbank_289f36425828,实操题库_地面站考试条件_2026H1_双起飞点题型.txt_19,2026H1,2026H1,双起飞点题型,几何图形航线规划,几何计算,六边形;边长;图形,ground_station_exam_cases.csv
gskill_feb3db999e14,gsec_a661c2d45f85,qbank_289f36425828,实操题库_地面站考试条件_2026H1_双起飞点题型.txt_19,2026H1,2026H1,双起飞点题型,起飞返航点定位,导航定位,起飞点,ground_station_exam_cases.csv
gskill_42a494616cad,gsec_a661c2d45f85,qbank_289f36425828,实操题库_地面站考试条件_2026H1_双起飞点题型.txt_19,2026H1,2026H1,双起飞点题型,题型:双起飞点,题型,双起飞点题型,ground_station_exam_cases.csv
gskill_6a8014a07350,gsec_490af50cadcd,qbank_289f36425828,实操题库_地面站考试条件_2026H1_双起飞点题型.txt_20,2026H1,2026H1,双起飞点题型,经纬度换算,导航定位,经纬度;N:;E:;N;E,ground_station_exam_cases.csv
gskill_9154dfdb8b62,gsec_490af50cadcd,qbank_289f36425828,实操题库_地面站考试条件_2026H1_双起飞点题型.txt_20,2026H1,2026H1,双起飞点题型,速度高度参数设置,参数设置,高度;速度;m/s,ground_station_exam_cases.csv
gskill_0ff73e9bdeb9,gsec_490af50cadcd,qbank_289f36425828,实操题库_地面站考试条件_2026H1_双起飞点题型.txt_20,2026H1,2026H1,双起飞点题型,转弯停留循环设置,参数设置,转弯;停留;循环;闭合,ground_station_exam_cases.csv
gskill_c21f48947861,gsec_490af50cadcd,qbank_289f36425828,实操题库_地面站考试条件_2026H1_双起飞点题型.txt_20,2026H1,2026H1,双起飞点题型,几何图形航线规划,几何计算,六边形;边长;图形,ground_station_exam_cases.csv
gskill_4fd8a5058b7a,gsec_490af50cadcd,qbank_289f36425828,实操题库_地面站考试条件_2026H1_双起飞点题型.txt_20,2026H1,2026H1,双起飞点题型,起飞返航点定位,导航定位,起飞点,ground_station_exam_cases.csv
gskill_e0145c44292d,gsec_490af50cadcd,qbank_289f36425828,实操题库_地面站考试条件_2026H1_双起飞点题型.txt_20,2026H1,2026H1,双起飞点题型,题型:双起飞点,题型,双起飞点题型,ground_station_exam_cases.csv
gskill_429732865c60,gsec_c7a47a515d18,qbank_289f36425828,实操题库_地面站考试条件_2026H1_双起飞点题型.txt_21,2026H1,2026H1,双起飞点题型,经纬度换算,导航定位,坐标;N:;E:;N;E,ground_station_exam_cases.csv
gskill_9d1e3b1b8564,gsec_c7a47a515d18,qbank_289f36425828,实操题库_地面站考试条件_2026H1_双起飞点题型.txt_21,2026H1,2026H1,双起飞点题型,航向方位判断,导航定位,航向;方位,ground_station_exam_cases.csv
gskill_1abc7dacd34d,gsec_c7a47a515d18,qbank_289f36425828,实操题库_地面站考试条件_2026H1_双起飞点题型.txt_21,2026H1,2026H1,双起飞点题型,夹角计算,几何计算,角,ground_station_exam_cases.csv
gskill_131640b2c340,gsec_c7a47a515d18,qbank_289f36425828,实操题库_地面站考试条件_2026H1_双起飞点题型.txt_21,2026H1,2026H1,双起飞点题型,速度高度参数设置,参数设置,高度,ground_station_exam_cases.csv
gskill_3076cceb8de9,gsec_c7a47a515d18,qbank_289f36425828,实操题库_地面站考试条件_2026H1_双起飞点题型.txt_21,2026H1,2026H1,双起飞点题型,转弯停留循环设置,参数设置,转弯;循环,ground_station_exam_cases.csv
gskill_8fb69ee80f96,gsec_c7a47a515d18,qbank_289f36425828,实操题库_地面站考试条件_2026H1_双起飞点题型.txt_21,2026H1,2026H1,双起飞点题型,几何图形航线规划,几何计算,三角形;边长,ground_station_exam_cases.csv
gskill_771943711861,gsec_c7a47a515d18,qbank_289f36425828,实操题库_地面站考试条件_2026H1_双起飞点题型.txt_21,2026H1,2026H1,双起飞点题型,起飞返航点定位,导航定位,起飞点,ground_station_exam_cases.csv
gskill_e07c299758da,gsec_c7a47a515d18,qbank_289f36425828,实操题库_地面站考试条件_2026H1_双起飞点题型.txt_21,2026H1,2026H1,双起飞点题型,题型:双起飞点,题型,双起飞点题型,ground_station_exam_cases.csv
gskill_11bbb49d1178,gsec_b866f8dcf192,qbank_289f36425828,实操题库_地面站考试条件_2026H1_双起飞点题型.txt_22,2026H1,2026H1,双起飞点题型,经纬度换算,导航定位,经纬度;N:;E:;N;E,ground_station_exam_cases.csv
gskill_215020f11364,gsec_b866f8dcf192,qbank_289f36425828,实操题库_地面站考试条件_2026H1_双起飞点题型.txt_22,2026H1,2026H1,双起飞点题型,航向方位判断,导航定位,方位;SE,ground_station_exam_cases.csv
gskill_62e231e4afba,gsec_b866f8dcf192,qbank_289f36425828,实操题库_地面站考试条件_2026H1_双起飞点题型.txt_22,2026H1,2026H1,双起飞点题型,速度高度参数设置,参数设置,高度;速度;m/s,ground_station_exam_cases.csv
gskill_63d67ba66948,gsec_b866f8dcf192,qbank_289f36425828,实操题库_地面站考试条件_2026H1_双起飞点题型.txt_22,2026H1,2026H1,双起飞点题型,转弯停留循环设置,参数设置,转弯;循环,ground_station_exam_cases.csv
gskill_04e8ea07222a,gsec_b866f8dcf192,qbank_289f36425828,实操题库_地面站考试条件_2026H1_双起飞点题型.txt_22,2026H1,2026H1,双起飞点题型,几何图形航线规划,几何计算,六边形;边长;图形,ground_station_exam_cases.csv
gskill_c83cf5ae5524,gsec_b866f8dcf192,qbank_289f36425828,实操题库_地面站考试条件_2026H1_双起飞点题型.txt_22,2026H1,2026H1,双起飞点题型,起飞返航点定位,导航定位,起飞点,ground_station_exam_cases.csv
gskill_4d7c16738e0d,gsec_b866f8dcf192,qbank_289f36425828,实操题库_地面站考试条件_2026H1_双起飞点题型.txt_22,2026H1,2026H1,双起飞点题型,题型:双起飞点,题型,双起飞点题型,ground_station_exam_cases.csv
gskill_cc8966e6a00c,gsec_016d3582dfe5,qbank_289f36425828,实操题库_地面站考试条件_2026H1_双起飞点题型.txt_23,2026H1,2026H1,双起飞点题型,经纬度换算,导航定位,经纬度;N:;E:;N;E,ground_station_exam_cases.csv
gskill_0d571dd67d60,gsec_016d3582dfe5,qbank_289f36425828,实操题库_地面站考试条件_2026H1_双起飞点题型.txt_23,2026H1,2026H1,双起飞点题型,航向方位判断,导航定位,方位;SE,ground_station_exam_cases.csv
gskill_1ec72291218b,gsec_016d3582dfe5,qbank_289f36425828,实操题库_地面站考试条件_2026H1_双起飞点题型.txt_23,2026H1,2026H1,双起飞点题型,速度高度参数设置,参数设置,高度;速度;m/s,ground_station_exam_cases.csv
gskill_9396cb97b63a,gsec_016d3582dfe5,qbank_289f36425828,实操题库_地面站考试条件_2026H1_双起飞点题型.txt_23,2026H1,2026H1,双起飞点题型,转弯停留循环设置,参数设置,转弯;停留;循环,ground_station_exam_cases.csv
gskill_44f562d01aac,gsec_016d3582dfe5,qbank_289f36425828,实操题库_地面站考试条件_2026H1_双起飞点题型.txt_23,2026H1,2026H1,双起飞点题型,几何图形航线规划,几何计算,六边形;图形,ground_station_exam_cases.csv
gskill_de44578f1c52,gsec_016d3582dfe5,qbank_289f36425828,实操题库_地面站考试条件_2026H1_双起飞点题型.txt_23,2026H1,2026H1,双起飞点题型,起飞返航点定位,导航定位,起飞点,ground_station_exam_cases.csv
gskill_99ff2cd3ef57,gsec_016d3582dfe5,qbank_289f36425828,实操题库_地面站考试条件_2026H1_双起飞点题型.txt_23,2026H1,2026H1,双起飞点题型,题型:双起飞点,题型,双起飞点题型,ground_station_exam_cases.csv
gskill_d5983103ebf8,gsec_fbcc0bef9c10,qbank_289f36425828,实操题库_地面站考试条件_2026H1_双起飞点题型.txt_24,2026H1,2026H1,双起飞点题型,经纬度换算,导航定位,经纬度;N:;E:;N;E,ground_station_exam_cases.csv
gskill_2c3c3ca89245,gsec_fbcc0bef9c10,qbank_289f36425828,实操题库_地面站考试条件_2026H1_双起飞点题型.txt_24,2026H1,2026H1,双起飞点题型,航向方位判断,导航定位,方位,ground_station_exam_cases.csv
gskill_b69bb9eddd1a,gsec_fbcc0bef9c10,qbank_289f36425828,实操题库_地面站考试条件_2026H1_双起飞点题型.txt_24,2026H1,2026H1,双起飞点题型,夹角计算,几何计算,∠;角,ground_station_exam_cases.csv
gskill_684d2dd10976,gsec_fbcc0bef9c10,qbank_289f36425828,实操题库_地面站考试条件_2026H1_双起飞点题型.txt_24,2026H1,2026H1,双起飞点题型,速度高度参数设置,参数设置,高度;速度;m/s,ground_station_exam_cases.csv
gskill_4fe59ddec1ee,gsec_fbcc0bef9c10,qbank_289f36425828,实操题库_地面站考试条件_2026H1_双起飞点题型.txt_24,2026H1,2026H1,双起飞点题型,转弯停留循环设置,参数设置,转弯;停留;循环,ground_station_exam_cases.csv
gskill_fbb43950c9dd,gsec_fbcc0bef9c10,qbank_289f36425828,实操题库_地面站考试条件_2026H1_双起飞点题型.txt_24,2026H1,2026H1,双起飞点题型,几何图形航线规划,几何计算,三角形;边长;图形,ground_station_exam_cases.csv
gskill_fff8b8581b5a,gsec_fbcc0bef9c10,qbank_289f36425828,实操题库_地面站考试条件_2026H1_双起飞点题型.txt_24,2026H1,2026H1,双起飞点题型,起飞返航点定位,导航定位,起飞点,ground_station_exam_cases.csv
gskill_85d870dc2d31,gsec_fbcc0bef9c10,qbank_289f36425828,实操题库_地面站考试条件_2026H1_双起飞点题型.txt_24,2026H1,2026H1,双起飞点题型,题型:双起飞点,题型,双起飞点题型,ground_station_exam_cases.csv
gskill_ba4c28fa688e,gsec_32ca7b7fcee9,qbank_289f36425828,实操题库_地面站考试条件_2026H1_双起飞点题型.txt_25,2026H1,2026H1,双起飞点题型,经纬度换算,导航定位,经纬度;N:;E:;N;E,ground_station_exam_cases.csv
gskill_0d08b49472a6,gsec_32ca7b7fcee9,qbank_289f36425828,实操题库_地面站考试条件_2026H1_双起飞点题型.txt_25,2026H1,2026H1,双起飞点题型,航向方位判断,导航定位,方位;SE,ground_station_exam_cases.csv
gskill_ed3d491708e6,gsec_32ca7b7fcee9,qbank_289f36425828,实操题库_地面站考试条件_2026H1_双起飞点题型.txt_25,2026H1,2026H1,双起飞点题型,速度高度参数设置,参数设置,高度;速度;m/s,ground_station_exam_cases.csv
gskill_8008c37aee17,gsec_32ca7b7fcee9,qbank_289f36425828,实操题库_地面站考试条件_2026H1_双起飞点题型.txt_25,2026H1,2026H1,双起飞点题型,转弯停留循环设置,参数设置,转弯;停留;循环,ground_station_exam_cases.csv
gskill_d77bd0c9910c,gsec_32ca7b7fcee9,qbank_289f36425828,实操题库_地面站考试条件_2026H1_双起飞点题型.txt_25,2026H1,2026H1,双起飞点题型,几何图形航线规划,几何计算,六边形;边长;图形,ground_station_exam_cases.csv
gskill_a7b4a6b34789,gsec_32ca7b7fcee9,qbank_289f36425828,实操题库_地面站考试条件_2026H1_双起飞点题型.txt_25,2026H1,2026H1,双起飞点题型,起飞返航点定位,导航定位,起飞点,ground_station_exam_cases.csv
gskill_2153b2209fe7,gsec_32ca7b7fcee9,qbank_289f36425828,实操题库_地面站考试条件_2026H1_双起飞点题型.txt_25,2026H1,2026H1,双起飞点题型,题型:双起飞点,题型,双起飞点题型,ground_station_exam_cases.csv
gskill_96aad553d388,gsec_e83ad3028058,qbank_289f36425828,实操题库_地面站考试条件_2026H1_双起飞点题型.txt_26,2026H1,2026H1,双起飞点题型,经纬度换算,导航定位,经纬度;N:;E:;N;E,ground_station_exam_cases.csv
gskill_d0bc524319b8,gsec_e83ad3028058,qbank_289f36425828,实操题库_地面站考试条件_2026H1_双起飞点题型.txt_26,2026H1,2026H1,双起飞点题型,航向方位判断,导航定位,方位;SE,ground_station_exam_cases.csv
gskill_eecf7590dac8,gsec_e83ad3028058,qbank_289f36425828,实操题库_地面站考试条件_2026H1_双起飞点题型.txt_26,2026H1,2026H1,双起飞点题型,速度高度参数设置,参数设置,高度;速度;m/s,ground_station_exam_cases.csv
gskill_f93974a018ad,gsec_e83ad3028058,qbank_289f36425828,实操题库_地面站考试条件_2026H1_双起飞点题型.txt_26,2026H1,2026H1,双起飞点题型,转弯停留循环设置,参数设置,转弯;停留;循环;闭合,ground_station_exam_cases.csv
gskill_9fda7aedab53,gsec_e83ad3028058,qbank_289f36425828,实操题库_地面站考试条件_2026H1_双起飞点题型.txt_26,2026H1,2026H1,双起飞点题型,几何图形航线规划,几何计算,六边形;边长;图形,ground_station_exam_cases.csv
gskill_2c0b8509ad33,gsec_e83ad3028058,qbank_289f36425828,实操题库_地面站考试条件_2026H1_双起飞点题型.txt_26,2026H1,2026H1,双起飞点题型,起飞返航点定位,导航定位,起飞点,ground_station_exam_cases.csv
gskill_678a7c64bf71,gsec_e83ad3028058,qbank_289f36425828,实操题库_地面站考试条件_2026H1_双起飞点题型.txt_26,2026H1,2026H1,双起飞点题型,题型:双起飞点,题型,双起飞点题型,ground_station_exam_cases.csv
gskill_dc7f323a7dfa,gsec_99e7f9c897ea,qbank_289f36425828,实操题库_地面站考试条件_2026H1_双起飞点题型.txt_27,2026H1,2026H1,双起飞点题型,经纬度换算,导航定位,经纬度;N:;E:;N;E,ground_station_exam_cases.csv
gskill_d4ac9f980c7b,gsec_99e7f9c897ea,qbank_289f36425828,实操题库_地面站考试条件_2026H1_双起飞点题型.txt_27,2026H1,2026H1,双起飞点题型,航向方位判断,导航定位,方位,ground_station_exam_cases.csv
gskill_8ebf05d9b5c3,gsec_99e7f9c897ea,qbank_289f36425828,实操题库_地面站考试条件_2026H1_双起飞点题型.txt_27,2026H1,2026H1,双起飞点题型,速度高度参数设置,参数设置,高度;速度;m/s,ground_station_exam_cases.csv
gskill_7c23a1d60b6a,gsec_99e7f9c897ea,qbank_289f36425828,实操题库_地面站考试条件_2026H1_双起飞点题型.txt_27,2026H1,2026H1,双起飞点题型,转弯停留循环设置,参数设置,转弯;停留;循环,ground_station_exam_cases.csv
gskill_e4c60999643e,gsec_99e7f9c897ea,qbank_289f36425828,实操题库_地面站考试条件_2026H1_双起飞点题型.txt_27,2026H1,2026H1,双起飞点题型,几何图形航线规划,几何计算,六边形;边长,ground_station_exam_cases.csv
gskill_4a1ac3889fe1,gsec_99e7f9c897ea,qbank_289f36425828,实操题库_地面站考试条件_2026H1_双起飞点题型.txt_27,2026H1,2026H1,双起飞点题型,起飞返航点定位,导航定位,起飞点,ground_station_exam_cases.csv
gskill_4e26754daf4a,gsec_99e7f9c897ea,qbank_289f36425828,实操题库_地面站考试条件_2026H1_双起飞点题型.txt_27,2026H1,2026H1,双起飞点题型,题型:双起飞点,题型,双起飞点题型,ground_station_exam_cases.csv
gskill_19e7dc67ee50,gsec_996cb890137f,qbank_289f36425828,实操题库_地面站考试条件_2026H1_双起飞点题型.txt_28,2026H1,2026H1,双起飞点题型,经纬度换算,导航定位,经纬度;N:;E:;N;E,ground_station_exam_cases.csv
gskill_14e72d103d46,gsec_996cb890137f,qbank_289f36425828,实操题库_地面站考试条件_2026H1_双起飞点题型.txt_28,2026H1,2026H1,双起飞点题型,速度高度参数设置,参数设置,高度;速度;m/s,ground_station_exam_cases.csv
gskill_bfde426e5df9,gsec_996cb890137f,qbank_289f36425828,实操题库_地面站考试条件_2026H1_双起飞点题型.txt_28,2026H1,2026H1,双起飞点题型,转弯停留循环设置,参数设置,转弯;停留;循环;闭合,ground_station_exam_cases.csv
gskill_1320647a5bf2,gsec_996cb890137f,qbank_289f36425828,实操题库_地面站考试条件_2026H1_双起飞点题型.txt_28,2026H1,2026H1,双起飞点题型,几何图形航线规划,几何计算,六边形;边长;图形,ground_station_exam_cases.csv
gskill_0e1bcf1d8a31,gsec_996cb890137f,qbank_289f36425828,实操题库_地面站考试条件_2026H1_双起飞点题型.txt_28,2026H1,2026H1,双起飞点题型,起飞返航点定位,导航定位,起飞点,ground_station_exam_cases.csv
gskill_b3ac5a539f83,gsec_996cb890137f,qbank_289f36425828,实操题库_地面站考试条件_2026H1_双起飞点题型.txt_28,2026H1,2026H1,双起飞点题型,题型:双起飞点,题型,双起飞点题型,ground_station_exam_cases.csv
gskill_3d37f4bfb5c9,gsec_80df0d5dda73,qbank_289f36425828,实操题库_地面站考试条件_2026H1_双起飞点题型.txt_29,2026H1,2026H1,双起飞点题型,经纬度换算,导航定位,经纬度;N:;E:;N;E,ground_station_exam_cases.csv
gskill_6353f053fa87,gsec_80df0d5dda73,qbank_289f36425828,实操题库_地面站考试条件_2026H1_双起飞点题型.txt_29,2026H1,2026H1,双起飞点题型,速度高度参数设置,参数设置,高度;速度;m/s,ground_station_exam_cases.csv
gskill_72dc623493e2,gsec_80df0d5dda73,qbank_289f36425828,实操题库_地面站考试条件_2026H1_双起飞点题型.txt_29,2026H1,2026H1,双起飞点题型,转弯停留循环设置,参数设置,转弯;停留;循环;闭合,ground_station_exam_cases.csv
gskill_08c4708b734a,gsec_80df0d5dda73,qbank_289f36425828,实操题库_地面站考试条件_2026H1_双起飞点题型.txt_29,2026H1,2026H1,双起飞点题型,几何图形航线规划,几何计算,六边形;边长;图形,ground_station_exam_cases.csv
gskill_d2864640a154,gsec_80df0d5dda73,qbank_289f36425828,实操题库_地面站考试条件_2026H1_双起飞点题型.txt_29,2026H1,2026H1,双起飞点题型,起飞返航点定位,导航定位,起飞点,ground_station_exam_cases.csv
gskill_731cbb6f7eb7,gsec_80df0d5dda73,qbank_289f36425828,实操题库_地面站考试条件_2026H1_双起飞点题型.txt_29,2026H1,2026H1,双起飞点题型,题型:双起飞点,题型,双起飞点题型,ground_station_exam_cases.csv
gskill_acfaed05d6f8,gsec_e66154766a19,qbank_289f36425828,实操题库_地面站考试条件_2026H1_双起飞点题型.txt_30,2026H1,2026H1,双起飞点题型,经纬度换算,导航定位,经纬度;N:;E:;N;E,ground_station_exam_cases.csv
gskill_63f1ea6bd805,gsec_e66154766a19,qbank_289f36425828,实操题库_地面站考试条件_2026H1_双起飞点题型.txt_30,2026H1,2026H1,双起飞点题型,航向方位判断,导航定位,方位;NW,ground_station_exam_cases.csv
gskill_2826534d0e0a,gsec_e66154766a19,qbank_289f36425828,实操题库_地面站考试条件_2026H1_双起飞点题型.txt_30,2026H1,2026H1,双起飞点题型,速度高度参数设置,参数设置,高度;速度;m/s,ground_station_exam_cases.csv
gskill_1d675d7cea4b,gsec_e66154766a19,qbank_289f36425828,实操题库_地面站考试条件_2026H1_双起飞点题型.txt_30,2026H1,2026H1,双起飞点题型,转弯停留循环设置,参数设置,转弯;停留;循环,ground_station_exam_cases.csv
gskill_4cc995fb7e53,gsec_e66154766a19,qbank_289f36425828,实操题库_地面站考试条件_2026H1_双起飞点题型.txt_30,2026H1,2026H1,双起飞点题型,几何图形航线规划,几何计算,六边形;边长;图形,ground_station_exam_cases.csv
gskill_81ad837ee0bf,gsec_e66154766a19,qbank_289f36425828,实操题库_地面站考试条件_2026H1_双起飞点题型.txt_30,2026H1,2026H1,双起飞点题型,起飞返航点定位,导航定位,起飞点,ground_station_exam_cases.csv
gskill_1450c0699ab0,gsec_e66154766a19,qbank_289f36425828,实操题库_地面站考试条件_2026H1_双起飞点题型.txt_30,2026H1,2026H1,双起飞点题型,题型:双起飞点,题型,双起飞点题型,ground_station_exam_cases.csv
gskill_83e2d2e8b172,gsec_ca40d20c311d,qbank_289f36425828,实操题库_地面站考试条件_2026H1_双起飞点题型.txt_31,2026H1,2026H1,双起飞点题型,经纬度换算,导航定位,经纬度;N:;E:;N;E,ground_station_exam_cases.csv
gskill_fd797935b923,gsec_ca40d20c311d,qbank_289f36425828,实操题库_地面站考试条件_2026H1_双起飞点题型.txt_31,2026H1,2026H1,双起飞点题型,航向方位判断,导航定位,方位,ground_station_exam_cases.csv
gskill_df3216d4b7ad,gsec_ca40d20c311d,qbank_289f36425828,实操题库_地面站考试条件_2026H1_双起飞点题型.txt_31,2026H1,2026H1,双起飞点题型,速度高度参数设置,参数设置,高度;速度;m/s,ground_station_exam_cases.csv
gskill_d6c31509bc29,gsec_ca40d20c311d,qbank_289f36425828,实操题库_地面站考试条件_2026H1_双起飞点题型.txt_31,2026H1,2026H1,双起飞点题型,转弯停留循环设置,参数设置,转弯;停留;循环,ground_station_exam_cases.csv
gskill_528d3b619711,gsec_ca40d20c311d,qbank_289f36425828,实操题库_地面站考试条件_2026H1_双起飞点题型.txt_31,2026H1,2026H1,双起飞点题型,几何图形航线规划,几何计算,六边形;边长;图形,ground_station_exam_cases.csv
gskill_b8d80e8e1051,gsec_ca40d20c311d,qbank_289f36425828,实操题库_地面站考试条件_2026H1_双起飞点题型.txt_31,2026H1,2026H1,双起飞点题型,起飞返航点定位,导航定位,起飞点,ground_station_exam_cases.csv
gskill_658545cc50cd,gsec_ca40d20c311d,qbank_289f36425828,实操题库_地面站考试条件_2026H1_双起飞点题型.txt_31,2026H1,2026H1,双起飞点题型,题型:双起飞点,题型,双起飞点题型,ground_station_exam_cases.csv
gskill_0896768744d3,gsec_8143abe271b8,qbank_d5afb7e07b8f,实操题库_地面站考试条件_2026H1_同一直线题型.txt_0,2026H1,2026H1,同一直线题型,航向方位判断,导航定位,正东,ground_station_exam_cases.csv
gskill_ea9bdd01a4f4,gsec_8143abe271b8,qbank_d5afb7e07b8f,实操题库_地面站考试条件_2026H1_同一直线题型.txt_0,2026H1,2026H1,同一直线题型,夹角计算,几何计算,∠;角,ground_station_exam_cases.csv
gskill_ce91e5cdbde2,gsec_8143abe271b8,qbank_d5afb7e07b8f,实操题库_地面站考试条件_2026H1_同一直线题型.txt_0,2026H1,2026H1,同一直线题型,速度高度参数设置,参数设置,高度;速度;m/s,ground_station_exam_cases.csv
gskill_653cdfef7177,gsec_8143abe271b8,qbank_d5afb7e07b8f,实操题库_地面站考试条件_2026H1_同一直线题型.txt_0,2026H1,2026H1,同一直线题型,转弯停留循环设置,参数设置,转弯;停留,ground_station_exam_cases.csv
gskill_586de8bb8483,gsec_8143abe271b8,qbank_d5afb7e07b8f,实操题库_地面站考试条件_2026H1_同一直线题型.txt_0,2026H1,2026H1,同一直线题型,几何图形航线规划,几何计算,三角形;边长,ground_station_exam_cases.csv
gskill_e66ee24dcfa3,gsec_8143abe271b8,qbank_d5afb7e07b8f,实操题库_地面站考试条件_2026H1_同一直线题型.txt_0,2026H1,2026H1,同一直线题型,起飞返航点定位,导航定位,起飞点;H点,ground_station_exam_cases.csv
gskill_61ba04ad3816,gsec_8143abe271b8,qbank_d5afb7e07b8f,实操题库_地面站考试条件_2026H1_同一直线题型.txt_0,2026H1,2026H1,同一直线题型,题型:同一直线,题型,同一直线题型,ground_station_exam_cases.csv
gskill_9d07881cf598,gsec_a828e1fcc795,qbank_32b37a2f20be,实操题库_地面站考试条件_2026H1_地面站避让点题型.txt_0,2026H1,2026H1,地面站避让点题型,经纬度换算,导航定位,经纬度;N:;E:;N;E,ground_station_exam_cases.csv
gskill_92027a0e7103,gsec_a828e1fcc795,qbank_32b37a2f20be,实操题库_地面站考试条件_2026H1_地面站避让点题型.txt_0,2026H1,2026H1,地面站避让点题型,航向方位判断,导航定位,SE;SW,ground_station_exam_cases.csv
gskill_344da0456fdc,gsec_a828e1fcc795,qbank_32b37a2f20be,实操题库_地面站考试条件_2026H1_地面站避让点题型.txt_0,2026H1,2026H1,地面站避让点题型,避让点规划,限制绕飞,会让;临时会让,ground_station_exam_cases.csv
gskill_f60ffc519099,gsec_a828e1fcc795,qbank_32b37a2f20be,实操题库_地面站考试条件_2026H1_地面站避让点题型.txt_0,2026H1,2026H1,地面站避让点题型,空域地形限制处理,限制绕飞,限制,ground_station_exam_cases.csv
gskill_625d3ae809c2,gsec_a828e1fcc795,qbank_32b37a2f20be,实操题库_地面站考试条件_2026H1_地面站避让点题型.txt_0,2026H1,2026H1,地面站避让点题型,速度高度参数设置,参数设置,高度;速度;m/s;米/秒,ground_station_exam_cases.csv
gskill_96bf8e9e627f,gsec_a828e1fcc795,qbank_32b37a2f20be,实操题库_地面站考试条件_2026H1_地面站避让点题型.txt_0,2026H1,2026H1,地面站避让点题型,转弯停留循环设置,参数设置,转弯;停留;循环;闭合;不循环,ground_station_exam_cases.csv
gskill_220461b25661,gsec_a828e1fcc795,qbank_32b37a2f20be,实操题库_地面站考试条件_2026H1_地面站避让点题型.txt_0,2026H1,2026H1,地面站避让点题型,几何图形航线规划,几何计算,边长,ground_station_exam_cases.csv
gskill_8cc1b2a9af8a,gsec_a828e1fcc795,qbank_32b37a2f20be,实操题库_地面站考试条件_2026H1_地面站避让点题型.txt_0,2026H1,2026H1,地面站避让点题型,题型:地面站避让点,题型,地面站避让点题型,ground_station_exam_cases.csv
gskill_4a0f55c518e2,gsec_7e691c4dc3ab,qbank_32b37a2f20be,实操题库_地面站考试条件_2026H1_地面站避让点题型.txt_1,2026H1,2026H1,地面站避让点题型,经纬度换算,导航定位,经纬度;N:;E:;N;E,ground_station_exam_cases.csv
gskill_4fe07fa29e5d,gsec_7e691c4dc3ab,qbank_32b37a2f20be,实操题库_地面站考试条件_2026H1_地面站避让点题型.txt_1,2026H1,2026H1,地面站避让点题型,航向方位判断,导航定位,SE;SW,ground_station_exam_cases.csv
gskill_ff29624e8e5c,gsec_7e691c4dc3ab,qbank_32b37a2f20be,实操题库_地面站考试条件_2026H1_地面站避让点题型.txt_1,2026H1,2026H1,地面站避让点题型,夹角计算,几何计算,∠,ground_station_exam_cases.csv
gskill_f7db0330626a,gsec_7e691c4dc3ab,qbank_32b37a2f20be,实操题库_地面站考试条件_2026H1_地面站避让点题型.txt_1,2026H1,2026H1,地面站避让点题型,空域地形限制处理,限制绕飞,限制,ground_station_exam_cases.csv
gskill_93d1b3d1515b,gsec_7e691c4dc3ab,qbank_32b37a2f20be,实操题库_地面站考试条件_2026H1_地面站避让点题型.txt_1,2026H1,2026H1,地面站避让点题型,速度高度参数设置,参数设置,高度;速度;m/s;米/秒,ground_station_exam_cases.csv
gskill_058b99f5996a,gsec_7e691c4dc3ab,qbank_32b37a2f20be,实操题库_地面站考试条件_2026H1_地面站避让点题型.txt_1,2026H1,2026H1,地面站避让点题型,转弯停留循环设置,参数设置,转弯;停留;闭合,ground_station_exam_cases.csv
gskill_8e6435403ef7,gsec_7e691c4dc3ab,qbank_32b37a2f20be,实操题库_地面站考试条件_2026H1_地面站避让点题型.txt_1,2026H1,2026H1,地面站避让点题型,几何图形航线规划,几何计算,五边形,ground_station_exam_cases.csv
gskill_fd8bcc76cef7,gsec_7e691c4dc3ab,qbank_32b37a2f20be,实操题库_地面站考试条件_2026H1_地面站避让点题型.txt_1,2026H1,2026H1,地面站避让点题型,起飞返航点定位,导航定位,起飞点,ground_station_exam_cases.csv
gskill_9916f0a5eac2,gsec_7e691c4dc3ab,qbank_32b37a2f20be,实操题库_地面站考试条件_2026H1_地面站避让点题型.txt_1,2026H1,2026H1,地面站避让点题型,题型:地面站避让点,题型,地面站避让点题型,ground_station_exam_cases.csv
gskill_0c010dbcd9ca,gsec_5b5384ab6ccc,qbank_32b37a2f20be,实操题库_地面站考试条件_2026H1_地面站避让点题型.txt_2,2026H1,2026H1,地面站避让点题型,经纬度换算,导航定位,N;E,ground_station_exam_cases.csv
gskill_d7e408b2aedc,gsec_5b5384ab6ccc,qbank_32b37a2f20be,实操题库_地面站考试条件_2026H1_地面站避让点题型.txt_2,2026H1,2026H1,地面站避让点题型,航向方位判断,导航定位,NW;SW,ground_station_exam_cases.csv
gskill_87df017d68ec,gsec_5b5384ab6ccc,qbank_32b37a2f20be,实操题库_地面站考试条件_2026H1_地面站避让点题型.txt_2,2026H1,2026H1,地面站避让点题型,避让点规划,限制绕飞,避让,ground_station_exam_cases.csv
gskill_2deef25ad930,gsec_5b5384ab6ccc,qbank_32b37a2f20be,实操题库_地面站考试条件_2026H1_地面站避让点题型.txt_2,2026H1,2026H1,地面站避让点题型,空域地形限制处理,限制绕飞,空域;限制,ground_station_exam_cases.csv
gskill_9ae6da3a44d1,gsec_5b5384ab6ccc,qbank_32b37a2f20be,实操题库_地面站考试条件_2026H1_地面站避让点题型.txt_2,2026H1,2026H1,地面站避让点题型,速度高度参数设置,参数设置,高度;速度;m/s,ground_station_exam_cases.csv
gskill_acde89fab3d9,gsec_5b5384ab6ccc,qbank_32b37a2f20be,实操题库_地面站考试条件_2026H1_地面站避让点题型.txt_2,2026H1,2026H1,地面站避让点题型,转弯停留循环设置,参数设置,转弯;停留;循环;闭合;不循环,ground_station_exam_cases.csv
gskill_7b6df7667bd9,gsec_5b5384ab6ccc,qbank_32b37a2f20be,实操题库_地面站考试条件_2026H1_地面站避让点题型.txt_2,2026H1,2026H1,地面站避让点题型,起飞返航点定位,导航定位,起飞点,ground_station_exam_cases.csv
gskill_ea429f0538cb,gsec_5b5384ab6ccc,qbank_32b37a2f20be,实操题库_地面站考试条件_2026H1_地面站避让点题型.txt_2,2026H1,2026H1,地面站避让点题型,题型:地面站避让点,题型,地面站避让点题型,ground_station_exam_cases.csv
gskill_ca03982ed2c7,gsec_6248a4071d86,qbank_32b37a2f20be,实操题库_地面站考试条件_2026H1_地面站避让点题型.txt_3,2026H1,2026H1,地面站避让点题型,经纬度换算,导航定位,经纬度;N:;E:;N;E,ground_station_exam_cases.csv
gskill_523295ceeebd,gsec_6248a4071d86,qbank_32b37a2f20be,实操题库_地面站考试条件_2026H1_地面站避让点题型.txt_3,2026H1,2026H1,地面站避让点题型,航向方位判断,导航定位,SE;SW,ground_station_exam_cases.csv
gskill_a658fc8feac0,gsec_6248a4071d86,qbank_32b37a2f20be,实操题库_地面站考试条件_2026H1_地面站避让点题型.txt_3,2026H1,2026H1,地面站避让点题型,夹角计算,几何计算,∠;角,ground_station_exam_cases.csv
gskill_c177353822e5,gsec_6248a4071d86,qbank_32b37a2f20be,实操题库_地面站考试条件_2026H1_地面站避让点题型.txt_3,2026H1,2026H1,地面站避让点题型,避让点规划,限制绕飞,避让,ground_station_exam_cases.csv
gskill_fab00414f927,gsec_6248a4071d86,qbank_32b37a2f20be,实操题库_地面站考试条件_2026H1_地面站避让点题型.txt_3,2026H1,2026H1,地面站避让点题型,速度高度参数设置,参数设置,高度;速度;m/s,ground_station_exam_cases.csv
gskill_87a91af4ffa4,gsec_6248a4071d86,qbank_32b37a2f20be,实操题库_地面站考试条件_2026H1_地面站避让点题型.txt_3,2026H1,2026H1,地面站避让点题型,转弯停留循环设置,参数设置,转弯;停留;闭合,ground_station_exam_cases.csv
gskill_b021a91a249a,gsec_6248a4071d86,qbank_32b37a2f20be,实操题库_地面站考试条件_2026H1_地面站避让点题型.txt_3,2026H1,2026H1,地面站避让点题型,几何图形航线规划,几何计算,梯形;边长;图形,ground_station_exam_cases.csv
gskill_de93feea5498,gsec_6248a4071d86,qbank_32b37a2f20be,实操题库_地面站考试条件_2026H1_地面站避让点题型.txt_3,2026H1,2026H1,地面站避让点题型,题型:地面站避让点,题型,地面站避让点题型,ground_station_exam_cases.csv
gskill_d1aab86ba9b1,gsec_794f48aee820,qbank_32b37a2f20be,实操题库_地面站考试条件_2026H1_地面站避让点题型.txt_4,2026H1,2026H1,地面站避让点题型,经纬度换算,导航定位,经纬度;N:;E:;N;E,ground_station_exam_cases.csv
gskill_35513c358357,gsec_794f48aee820,qbank_32b37a2f20be,实操题库_地面站考试条件_2026H1_地面站避让点题型.txt_4,2026H1,2026H1,地面站避让点题型,航向方位判断,导航定位,SE;SW,ground_station_exam_cases.csv
gskill_cc5b417051dd,gsec_794f48aee820,qbank_32b37a2f20be,实操题库_地面站考试条件_2026H1_地面站避让点题型.txt_4,2026H1,2026H1,地面站避让点题型,避让点规划,限制绕飞,避让,ground_station_exam_cases.csv
gskill_735ce9855f80,gsec_794f48aee820,qbank_32b37a2f20be,实操题库_地面站考试条件_2026H1_地面站避让点题型.txt_4,2026H1,2026H1,地面站避让点题型,速度高度参数设置,参数设置,高度;速度;m/s,ground_station_exam_cases.csv
gskill_72ca2d2bffa4,gsec_794f48aee820,qbank_32b37a2f20be,实操题库_地面站考试条件_2026H1_地面站避让点题型.txt_4,2026H1,2026H1,地面站避让点题型,转弯停留循环设置,参数设置,转弯;停留;循环;闭合,ground_station_exam_cases.csv
gskill_5ca22fea4c80,gsec_794f48aee820,qbank_32b37a2f20be,实操题库_地面站考试条件_2026H1_地面站避让点题型.txt_4,2026H1,2026H1,地面站避让点题型,几何图形航线规划,几何计算,六边形;边长;图形,ground_station_exam_cases.csv
gskill_3c008c822811,gsec_794f48aee820,qbank_32b37a2f20be,实操题库_地面站考试条件_2026H1_地面站避让点题型.txt_4,2026H1,2026H1,地面站避让点题型,题型:地面站避让点,题型,地面站避让点题型,ground_station_exam_cases.csv
gskill_1e863bd0694e,gsec_15a34f877d68,qbank_32b37a2f20be,实操题库_地面站考试条件_2026H1_地面站避让点题型.txt_5,2026H1,2026H1,地面站避让点题型,经纬度换算,导航定位,经纬度;N:;E:;N;E,ground_station_exam_cases.csv
gskill_798e9e2c69e6,gsec_15a34f877d68,qbank_32b37a2f20be,实操题库_地面站考试条件_2026H1_地面站避让点题型.txt_5,2026H1,2026H1,地面站避让点题型,航向方位判断,导航定位,NE;NW,ground_station_exam_cases.csv
gskill_5cd81223d14a,gsec_15a34f877d68,qbank_32b37a2f20be,实操题库_地面站考试条件_2026H1_地面站避让点题型.txt_5,2026H1,2026H1,地面站避让点题型,避让点规划,限制绕飞,避让,ground_station_exam_cases.csv
gskill_305a728971d1,gsec_15a34f877d68,qbank_32b37a2f20be,实操题库_地面站考试条件_2026H1_地面站避让点题型.txt_5,2026H1,2026H1,地面站避让点题型,速度高度参数设置,参数设置,高度;速度;m/s,ground_station_exam_cases.csv
gskill_55e34d3b0eda,gsec_15a34f877d68,qbank_32b37a2f20be,实操题库_地面站考试条件_2026H1_地面站避让点题型.txt_5,2026H1,2026H1,地面站避让点题型,转弯停留循环设置,参数设置,转弯;停留;循环;闭合,ground_station_exam_cases.csv
gskill_1577fa004eac,gsec_15a34f877d68,qbank_32b37a2f20be,实操题库_地面站考试条件_2026H1_地面站避让点题型.txt_5,2026H1,2026H1,地面站避让点题型,几何图形航线规划,几何计算,六边形;边长;图形,ground_station_exam_cases.csv
gskill_ed4ba6031fc5,gsec_15a34f877d68,qbank_32b37a2f20be,实操题库_地面站考试条件_2026H1_地面站避让点题型.txt_5,2026H1,2026H1,地面站避让点题型,题型:地面站避让点,题型,地面站避让点题型,ground_station_exam_cases.csv
gskill_16b78c2ef481,gsec_7e979e531be9,qbank_32b37a2f20be,实操题库_地面站考试条件_2026H1_地面站避让点题型.txt_6,2026H1,2026H1,地面站避让点题型,经纬度换算,导航定位,经纬度;N:;E:;N;E,ground_station_exam_cases.csv
gskill_38dbd0cc753b,gsec_7e979e531be9,qbank_32b37a2f20be,实操题库_地面站考试条件_2026H1_地面站避让点题型.txt_6,2026H1,2026H1,地面站避让点题型,航向方位判断,导航定位,NE;NW,ground_station_exam_cases.csv
gskill_c534d60caa29,gsec_7e979e531be9,qbank_32b37a2f20be,实操题库_地面站考试条件_2026H1_地面站避让点题型.txt_6,2026H1,2026H1,地面站避让点题型,夹角计算,几何计算,角,ground_station_exam_cases.csv
gskill_916b2dba2846,gsec_7e979e531be9,qbank_32b37a2f20be,实操题库_地面站考试条件_2026H1_地面站避让点题型.txt_6,2026H1,2026H1,地面站避让点题型,避让点规划,限制绕飞,避让,ground_station_exam_cases.csv
gskill_42f87d1ab204,gsec_7e979e531be9,qbank_32b37a2f20be,实操题库_地面站考试条件_2026H1_地面站避让点题型.txt_6,2026H1,2026H1,地面站避让点题型,空域地形限制处理,限制绕飞,空域;限制,ground_station_exam_cases.csv
gskill_23a91ed35f63,gsec_7e979e531be9,qbank_32b37a2f20be,实操题库_地面站考试条件_2026H1_地面站避让点题型.txt_6,2026H1,2026H1,地面站避让点题型,速度高度参数设置,参数设置,高度;速度;m/s,ground_station_exam_cases.csv
gskill_c6b19f3c2366,gsec_7e979e531be9,qbank_32b37a2f20be,实操题库_地面站考试条件_2026H1_地面站避让点题型.txt_6,2026H1,2026H1,地面站避让点题型,转弯停留循环设置,参数设置,转弯;停留;闭合,ground_station_exam_cases.csv
gskill_c3bb986cb508,gsec_7e979e531be9,qbank_32b37a2f20be,实操题库_地面站考试条件_2026H1_地面站避让点题型.txt_6,2026H1,2026H1,地面站避让点题型,几何图形航线规划,几何计算,三角形;边长;图形,ground_station_exam_cases.csv
gskill_77cb3070adc9,gsec_7e979e531be9,qbank_32b37a2f20be,实操题库_地面站考试条件_2026H1_地面站避让点题型.txt_6,2026H1,2026H1,地面站避让点题型,起飞返航点定位,导航定位,起飞点,ground_station_exam_cases.csv
gskill_a5f1aa7e72a0,gsec_7e979e531be9,qbank_32b37a2f20be,实操题库_地面站考试条件_2026H1_地面站避让点题型.txt_6,2026H1,2026H1,地面站避让点题型,题型:地面站避让点,题型,地面站避让点题型,ground_station_exam_cases.csv
gskill_43d0c0a8bedd,gsec_7f6745f7f6c4,qbank_32b37a2f20be,实操题库_地面站考试条件_2026H1_地面站避让点题型.txt_7,2026H1,2026H1,地面站避让点题型,经纬度换算,导航定位,经纬度;N:;E:;N;E,ground_station_exam_cases.csv
gskill_cd1345ad6a43,gsec_7f6745f7f6c4,qbank_32b37a2f20be,实操题库_地面站考试条件_2026H1_地面站避让点题型.txt_7,2026H1,2026H1,地面站避让点题型,航向方位判断,导航定位,SE;SW,ground_station_exam_cases.csv
gskill_ac98a140c28e,gsec_7f6745f7f6c4,qbank_32b37a2f20be,实操题库_地面站考试条件_2026H1_地面站避让点题型.txt_7,2026H1,2026H1,地面站避让点题型,避让点规划,限制绕飞,避让,ground_station_exam_cases.csv
gskill_e43b3c5d1dd4,gsec_7f6745f7f6c4,qbank_32b37a2f20be,实操题库_地面站考试条件_2026H1_地面站避让点题型.txt_7,2026H1,2026H1,地面站避让点题型,速度高度参数设置,参数设置,高度;速度;m/s,ground_station_exam_cases.csv
gskill_c08e03073621,gsec_7f6745f7f6c4,qbank_32b37a2f20be,实操题库_地面站考试条件_2026H1_地面站避让点题型.txt_7,2026H1,2026H1,地面站避让点题型,转弯停留循环设置,参数设置,转弯;循环;闭合;不循环,ground_station_exam_cases.csv
gskill_1060b9d88b43,gsec_7f6745f7f6c4,qbank_32b37a2f20be,实操题库_地面站考试条件_2026H1_地面站避让点题型.txt_7,2026H1,2026H1,地面站避让点题型,几何图形航线规划,几何计算,图形,ground_station_exam_cases.csv
gskill_aa1d3277ada7,gsec_7f6745f7f6c4,qbank_32b37a2f20be,实操题库_地面站考试条件_2026H1_地面站避让点题型.txt_7,2026H1,2026H1,地面站避让点题型,题型:地面站避让点,题型,地面站避让点题型,ground_station_exam_cases.csv
gskill_183e3b3952a2,gsec_1cb642f12131,qbank_32b37a2f20be,实操题库_地面站考试条件_2026H1_地面站避让点题型.txt_8,2026H1,2026H1,地面站避让点题型,经纬度换算,导航定位,N:;E:;N;E,ground_station_exam_cases.csv
gskill_f9141410040e,gsec_1cb642f12131,qbank_32b37a2f20be,实操题库_地面站考试条件_2026H1_地面站避让点题型.txt_8,2026H1,2026H1,地面站避让点题型,航向方位判断,导航定位,NW;SE,ground_station_exam_cases.csv
gskill_477aea2149cd,gsec_1cb642f12131,qbank_32b37a2f20be,实操题库_地面站考试条件_2026H1_地面站避让点题型.txt_8,2026H1,2026H1,地面站避让点题型,夹角计算,几何计算,∠,ground_station_exam_cases.csv
gskill_32638cb3db74,gsec_1cb642f12131,qbank_32b37a2f20be,实操题库_地面站考试条件_2026H1_地面站避让点题型.txt_8,2026H1,2026H1,地面站避让点题型,避让点规划,限制绕飞,避让,ground_station_exam_cases.csv
gskill_842e6adc784f,gsec_1cb642f12131,qbank_32b37a2f20be,实操题库_地面站考试条件_2026H1_地面站避让点题型.txt_8,2026H1,2026H1,地面站避让点题型,速度高度参数设置,参数设置,高度;速度;m/s,ground_station_exam_cases.csv
gskill_35d85432dcbb,gsec_1cb642f12131,qbank_32b37a2f20be,实操题库_地面站考试条件_2026H1_地面站避让点题型.txt_8,2026H1,2026H1,地面站避让点题型,转弯停留循环设置,参数设置,转弯;停留;循环;闭合,ground_station_exam_cases.csv
gskill_4666f8b7cdcc,gsec_1cb642f12131,qbank_32b37a2f20be,实操题库_地面站考试条件_2026H1_地面站避让点题型.txt_8,2026H1,2026H1,地面站避让点题型,几何图形航线规划,几何计算,边长;图形,ground_station_exam_cases.csv
gskill_89fd68bf10c7,gsec_1cb642f12131,qbank_32b37a2f20be,实操题库_地面站考试条件_2026H1_地面站避让点题型.txt_8,2026H1,2026H1,地面站避让点题型,题型:地面站避让点,题型,地面站避让点题型,ground_station_exam_cases.csv
gskill_6bbd6ea2b524,gsec_3e3314bf98aa,qbank_32b37a2f20be,实操题库_地面站考试条件_2026H1_地面站避让点题型.txt_9,2026H1,2026H1,地面站避让点题型,经纬度换算,导航定位,经纬度;N:;E:;N;E,ground_station_exam_cases.csv
gskill_2bd9b7c3a820,gsec_3e3314bf98aa,qbank_32b37a2f20be,实操题库_地面站考试条件_2026H1_地面站避让点题型.txt_9,2026H1,2026H1,地面站避让点题型,航向方位判断,导航定位,SE;SW,ground_station_exam_cases.csv
gskill_be7890e4de79,gsec_3e3314bf98aa,qbank_32b37a2f20be,实操题库_地面站考试条件_2026H1_地面站避让点题型.txt_9,2026H1,2026H1,地面站避让点题型,夹角计算,几何计算,∠;角,ground_station_exam_cases.csv
gskill_6f97bdd6c823,gsec_3e3314bf98aa,qbank_32b37a2f20be,实操题库_地面站考试条件_2026H1_地面站避让点题型.txt_9,2026H1,2026H1,地面站避让点题型,避让点规划,限制绕飞,避让,ground_station_exam_cases.csv
gskill_35644f0814b4,gsec_3e3314bf98aa,qbank_32b37a2f20be,实操题库_地面站考试条件_2026H1_地面站避让点题型.txt_9,2026H1,2026H1,地面站避让点题型,速度高度参数设置,参数设置,高度;速度;m/s,ground_station_exam_cases.csv
gskill_492404aa7940,gsec_3e3314bf98aa,qbank_32b37a2f20be,实操题库_地面站考试条件_2026H1_地面站避让点题型.txt_9,2026H1,2026H1,地面站避让点题型,转弯停留循环设置,参数设置,转弯;停留;闭合,ground_station_exam_cases.csv
gskill_70f1feb8c685,gsec_3e3314bf98aa,qbank_32b37a2f20be,实操题库_地面站考试条件_2026H1_地面站避让点题型.txt_9,2026H1,2026H1,地面站避让点题型,几何图形航线规划,几何计算,梯形;边长;图形,ground_station_exam_cases.csv
gskill_4a7e0c44f380,gsec_3e3314bf98aa,qbank_32b37a2f20be,实操题库_地面站考试条件_2026H1_地面站避让点题型.txt_9,2026H1,2026H1,地面站避让点题型,题型:地面站避让点,题型,地面站避让点题型,ground_station_exam_cases.csv
gskill_a5f8417789ab,gsec_aea8e40f7ca9,qbank_32b37a2f20be,实操题库_地面站考试条件_2026H1_地面站避让点题型.txt_10,2026H1,2026H1,地面站避让点题型,经纬度换算,导航定位,经纬度;N:;E:;N;E,ground_station_exam_cases.csv
gskill_ec586b0ebe0c,gsec_aea8e40f7ca9,qbank_32b37a2f20be,实操题库_地面站考试条件_2026H1_地面站避让点题型.txt_10,2026H1,2026H1,地面站避让点题型,航向方位判断,导航定位,SE;SW,ground_station_exam_cases.csv
gskill_b2ab2668d8b6,gsec_aea8e40f7ca9,qbank_32b37a2f20be,实操题库_地面站考试条件_2026H1_地面站避让点题型.txt_10,2026H1,2026H1,地面站避让点题型,夹角计算,几何计算,∠,ground_station_exam_cases.csv
gskill_1cae81cebd0c,gsec_aea8e40f7ca9,qbank_32b37a2f20be,实操题库_地面站考试条件_2026H1_地面站避让点题型.txt_10,2026H1,2026H1,地面站避让点题型,避让点规划,限制绕飞,避让,ground_station_exam_cases.csv
gskill_11ddde68121e,gsec_aea8e40f7ca9,qbank_32b37a2f20be,实操题库_地面站考试条件_2026H1_地面站避让点题型.txt_10,2026H1,2026H1,地面站避让点题型,速度高度参数设置,参数设置,高度;速度;m/s,ground_station_exam_cases.csv
gskill_2a19d57196ff,gsec_aea8e40f7ca9,qbank_32b37a2f20be,实操题库_地面站考试条件_2026H1_地面站避让点题型.txt_10,2026H1,2026H1,地面站避让点题型,转弯停留循环设置,参数设置,转弯;停留;循环;闭合,ground_station_exam_cases.csv
gskill_34b6bbec384c,gsec_aea8e40f7ca9,qbank_32b37a2f20be,实操题库_地面站考试条件_2026H1_地面站避让点题型.txt_10,2026H1,2026H1,地面站避让点题型,几何图形航线规划,几何计算,五边形;边长;图形,ground_station_exam_cases.csv
gskill_fb3ed9fc080d,gsec_aea8e40f7ca9,qbank_32b37a2f20be,实操题库_地面站考试条件_2026H1_地面站避让点题型.txt_10,2026H1,2026H1,地面站避让点题型,题型:地面站避让点,题型,地面站避让点题型,ground_station_exam_cases.csv
gskill_8f469a9e30f3,gsec_40498a6c447d,qbank_32b37a2f20be,实操题库_地面站考试条件_2026H1_地面站避让点题型.txt_11,2026H1,2026H1,地面站避让点题型,经纬度换算,导航定位,经纬度;N:;E:;N;E,ground_station_exam_cases.csv
gskill_6c0e1cc7c61e,gsec_40498a6c447d,qbank_32b37a2f20be,实操题库_地面站考试条件_2026H1_地面站避让点题型.txt_11,2026H1,2026H1,地面站避让点题型,航向方位判断,导航定位,NW;SE,ground_station_exam_cases.csv
gskill_d4d9b5186d75,gsec_40498a6c447d,qbank_32b37a2f20be,实操题库_地面站考试条件_2026H1_地面站避让点题型.txt_11,2026H1,2026H1,地面站避让点题型,夹角计算,几何计算,∠,ground_station_exam_cases.csv
gskill_7debfd401f2c,gsec_40498a6c447d,qbank_32b37a2f20be,实操题库_地面站考试条件_2026H1_地面站避让点题型.txt_11,2026H1,2026H1,地面站避让点题型,避让点规划,限制绕飞,避让,ground_station_exam_cases.csv
gskill_aacfff9ad79d,gsec_40498a6c447d,qbank_32b37a2f20be,实操题库_地面站考试条件_2026H1_地面站避让点题型.txt_11,2026H1,2026H1,地面站避让点题型,速度高度参数设置,参数设置,高度;速度;m/s,ground_station_exam_cases.csv
gskill_fd3bfef22c4a,gsec_40498a6c447d,qbank_32b37a2f20be,实操题库_地面站考试条件_2026H1_地面站避让点题型.txt_11,2026H1,2026H1,地面站避让点题型,转弯停留循环设置,参数设置,转弯;停留;闭合,ground_station_exam_cases.csv
gskill_675a78e36be2,gsec_40498a6c447d,qbank_32b37a2f20be,实操题库_地面站考试条件_2026H1_地面站避让点题型.txt_11,2026H1,2026H1,地面站避让点题型,几何图形航线规划,几何计算,五边形;边长;图形,ground_station_exam_cases.csv
gskill_f682c7741efb,gsec_40498a6c447d,qbank_32b37a2f20be,实操题库_地面站考试条件_2026H1_地面站避让点题型.txt_11,2026H1,2026H1,地面站避让点题型,题型:地面站避让点,题型,地面站避让点题型,ground_station_exam_cases.csv
gskill_82c797f8f529,gsec_ab666716d7e9,qbank_32b37a2f20be,实操题库_地面站考试条件_2026H1_地面站避让点题型.txt_12,2026H1,2026H1,地面站避让点题型,经纬度换算,导航定位,经纬度;E:;N;E,ground_station_exam_cases.csv
gskill_e14158ca4c3b,gsec_ab666716d7e9,qbank_32b37a2f20be,实操题库_地面站考试条件_2026H1_地面站避让点题型.txt_12,2026H1,2026H1,地面站避让点题型,航向方位判断,导航定位,NW;SW,ground_station_exam_cases.csv
gskill_9e343dacf4bd,gsec_ab666716d7e9,qbank_32b37a2f20be,实操题库_地面站考试条件_2026H1_地面站避让点题型.txt_12,2026H1,2026H1,地面站避让点题型,避让点规划,限制绕飞,避让,ground_station_exam_cases.csv
gskill_f34f34298ed7,gsec_ab666716d7e9,qbank_32b37a2f20be,实操题库_地面站考试条件_2026H1_地面站避让点题型.txt_12,2026H1,2026H1,地面站避让点题型,速度高度参数设置,参数设置,高度;速度;m/s,ground_station_exam_cases.csv
gskill_b5d64396284b,gsec_ab666716d7e9,qbank_32b37a2f20be,实操题库_地面站考试条件_2026H1_地面站避让点题型.txt_12,2026H1,2026H1,地面站避让点题型,转弯停留循环设置,参数设置,转弯;循环;闭合;不循环,ground_station_exam_cases.csv
gskill_6d894652e22e,gsec_ab666716d7e9,qbank_32b37a2f20be,实操题库_地面站考试条件_2026H1_地面站避让点题型.txt_12,2026H1,2026H1,地面站避让点题型,几何图形航线规划,几何计算,边长;图形,ground_station_exam_cases.csv
gskill_b46bd2521eeb,gsec_ab666716d7e9,qbank_32b37a2f20be,实操题库_地面站考试条件_2026H1_地面站避让点题型.txt_12,2026H1,2026H1,地面站避让点题型,题型:地面站避让点,题型,地面站避让点题型,ground_station_exam_cases.csv
gskill_50caa65e9dfd,gsec_cbafccf5a987,qbank_32b37a2f20be,实操题库_地面站考试条件_2026H1_地面站避让点题型.txt_13,2026H1,2026H1,地面站避让点题型,经纬度换算,导航定位,经纬度;N:;E:;N;E,ground_station_exam_cases.csv
gskill_9223c1a7bed0,gsec_cbafccf5a987,qbank_32b37a2f20be,实操题库_地面站考试条件_2026H1_地面站避让点题型.txt_13,2026H1,2026H1,地面站避让点题型,航向方位判断,导航定位,SE,ground_station_exam_cases.csv
gskill_c5f237f84800,gsec_cbafccf5a987,qbank_32b37a2f20be,实操题库_地面站考试条件_2026H1_地面站避让点题型.txt_13,2026H1,2026H1,地面站避让点题型,避让点规划,限制绕飞,避让,ground_station_exam_cases.csv
gskill_cb301b2074fe,gsec_cbafccf5a987,qbank_32b37a2f20be,实操题库_地面站考试条件_2026H1_地面站避让点题型.txt_13,2026H1,2026H1,地面站避让点题型,速度高度参数设置,参数设置,高度;速度;m/s,ground_station_exam_cases.csv
gskill_411b275fb11e,gsec_cbafccf5a987,qbank_32b37a2f20be,实操题库_地面站考试条件_2026H1_地面站避让点题型.txt_13,2026H1,2026H1,地面站避让点题型,转弯停留循环设置,参数设置,转弯;停留;闭合,ground_station_exam_cases.csv
gskill_6b4f41c24b0a,gsec_cbafccf5a987,qbank_32b37a2f20be,实操题库_地面站考试条件_2026H1_地面站避让点题型.txt_13,2026H1,2026H1,地面站避让点题型,几何图形航线规划,几何计算,六边形;边长,ground_station_exam_cases.csv
gskill_93dcf160fc47,gsec_cbafccf5a987,qbank_32b37a2f20be,实操题库_地面站考试条件_2026H1_地面站避让点题型.txt_13,2026H1,2026H1,地面站避让点题型,题型:地面站避让点,题型,地面站避让点题型,ground_station_exam_cases.csv
gskill_4e45168818d9,gsec_89989e45079f,qbank_32b37a2f20be,实操题库_地面站考试条件_2026H1_地面站避让点题型.txt_14,2026H1,2026H1,地面站避让点题型,经纬度换算,导航定位,经纬度;N:;E:;N;E,ground_station_exam_cases.csv
gskill_ca9a8d98c90c,gsec_89989e45079f,qbank_32b37a2f20be,实操题库_地面站考试条件_2026H1_地面站避让点题型.txt_14,2026H1,2026H1,地面站避让点题型,航向方位判断,导航定位,NE;NW,ground_station_exam_cases.csv
gskill_c03f713774e1,gsec_89989e45079f,qbank_32b37a2f20be,实操题库_地面站考试条件_2026H1_地面站避让点题型.txt_14,2026H1,2026H1,地面站避让点题型,避让点规划,限制绕飞,避让,ground_station_exam_cases.csv
gskill_042158f80cd2,gsec_89989e45079f,qbank_32b37a2f20be,实操题库_地面站考试条件_2026H1_地面站避让点题型.txt_14,2026H1,2026H1,地面站避让点题型,速度高度参数设置,参数设置,高度;速度;m/s,ground_station_exam_cases.csv
gskill_f804897ea88c,gsec_89989e45079f,qbank_32b37a2f20be,实操题库_地面站考试条件_2026H1_地面站避让点题型.txt_14,2026H1,2026H1,地面站避让点题型,转弯停留循环设置,参数设置,转弯;停留;闭合,ground_station_exam_cases.csv
gskill_912c0da82dfc,gsec_89989e45079f,qbank_32b37a2f20be,实操题库_地面站考试条件_2026H1_地面站避让点题型.txt_14,2026H1,2026H1,地面站避让点题型,几何图形航线规划,几何计算,六边形;边长;图形,ground_station_exam_cases.csv
gskill_8b2580a5c6cb,gsec_89989e45079f,qbank_32b37a2f20be,实操题库_地面站考试条件_2026H1_地面站避让点题型.txt_14,2026H1,2026H1,地面站避让点题型,题型:地面站避让点,题型,地面站避让点题型,ground_station_exam_cases.csv
gskill_63ccbd96068d,gsec_0ae81a589372,qbank_32b37a2f20be,实操题库_地面站考试条件_2026H1_地面站避让点题型.txt_15,2026H1,2026H1,地面站避让点题型,经纬度换算,导航定位,经纬度;N:;E:;N;E,ground_station_exam_cases.csv
gskill_841a2fe69091,gsec_0ae81a589372,qbank_32b37a2f20be,实操题库_地面站考试条件_2026H1_地面站避让点题型.txt_15,2026H1,2026H1,地面站避让点题型,航向方位判断,导航定位,方位;NE;SW,ground_station_exam_cases.csv
gskill_4bcdde907677,gsec_0ae81a589372,qbank_32b37a2f20be,实操题库_地面站考试条件_2026H1_地面站避让点题型.txt_15,2026H1,2026H1,地面站避让点题型,夹角计算,几何计算,角,ground_station_exam_cases.csv
gskill_49ed3278564f,gsec_0ae81a589372,qbank_32b37a2f20be,实操题库_地面站考试条件_2026H1_地面站避让点题型.txt_15,2026H1,2026H1,地面站避让点题型,避让点规划,限制绕飞,避让,ground_station_exam_cases.csv
gskill_2a6da20add81,gsec_0ae81a589372,qbank_32b37a2f20be,实操题库_地面站考试条件_2026H1_地面站避让点题型.txt_15,2026H1,2026H1,地面站避让点题型,空域地形限制处理,限制绕飞,空域;限制,ground_station_exam_cases.csv
gskill_5914d29d406d,gsec_0ae81a589372,qbank_32b37a2f20be,实操题库_地面站考试条件_2026H1_地面站避让点题型.txt_15,2026H1,2026H1,地面站避让点题型,速度高度参数设置,参数设置,高度,ground_station_exam_cases.csv
gskill_86715cafee7e,gsec_0ae81a589372,qbank_32b37a2f20be,实操题库_地面站考试条件_2026H1_地面站避让点题型.txt_15,2026H1,2026H1,地面站避让点题型,转弯停留循环设置,参数设置,转弯;循环,ground_station_exam_cases.csv
gskill_28fc92083d34,gsec_0ae81a589372,qbank_32b37a2f20be,实操题库_地面站考试条件_2026H1_地面站避让点题型.txt_15,2026H1,2026H1,地面站避让点题型,几何图形航线规划,几何计算,三角形;边长;图形,ground_station_exam_cases.csv
gskill_0e6425ebefa7,gsec_0ae81a589372,qbank_32b37a2f20be,实操题库_地面站考试条件_2026H1_地面站避让点题型.txt_15,2026H1,2026H1,地面站避让点题型,起飞返航点定位,导航定位,起飞点,ground_station_exam_cases.csv
gskill_d710be99f36d,gsec_0ae81a589372,qbank_32b37a2f20be,实操题库_地面站考试条件_2026H1_地面站避让点题型.txt_15,2026H1,2026H1,地面站避让点题型,题型:地面站避让点,题型,地面站避让点题型,ground_station_exam_cases.csv
gskill_366fd728dc3a,gsec_7c6bacaa98ba,qbank_32b37a2f20be,实操题库_地面站考试条件_2026H1_地面站避让点题型.txt_16,2026H1,2026H1,地面站避让点题型,经纬度换算,导航定位,经纬度;N:;E:;N;E,ground_station_exam_cases.csv
gskill_dcae33dde4b9,gsec_7c6bacaa98ba,qbank_32b37a2f20be,实操题库_地面站考试条件_2026H1_地面站避让点题型.txt_16,2026H1,2026H1,地面站避让点题型,航向方位判断,导航定位,方位;SE;SW,ground_station_exam_cases.csv
gskill_c98930ca6825,gsec_7c6bacaa98ba,qbank_32b37a2f20be,实操题库_地面站考试条件_2026H1_地面站避让点题型.txt_16,2026H1,2026H1,地面站避让点题型,夹角计算,几何计算,∠;角,ground_station_exam_cases.csv
gskill_cb7399a0b2ff,gsec_7c6bacaa98ba,qbank_32b37a2f20be,实操题库_地面站考试条件_2026H1_地面站避让点题型.txt_16,2026H1,2026H1,地面站避让点题型,避让点规划,限制绕飞,避让,ground_station_exam_cases.csv
gskill_1034191a9f4b,gsec_7c6bacaa98ba,qbank_32b37a2f20be,实操题库_地面站考试条件_2026H1_地面站避让点题型.txt_16,2026H1,2026H1,地面站避让点题型,空域地形限制处理,限制绕飞,空域;限制,ground_station_exam_cases.csv
gskill_af03e1f0551e,gsec_7c6bacaa98ba,qbank_32b37a2f20be,实操题库_地面站考试条件_2026H1_地面站避让点题型.txt_16,2026H1,2026H1,地面站避让点题型,速度高度参数设置,参数设置,高度;速度;m/s,ground_station_exam_cases.csv
gskill_3f5fc5042396,gsec_7c6bacaa98ba,qbank_32b37a2f20be,实操题库_地面站考试条件_2026H1_地面站避让点题型.txt_16,2026H1,2026H1,地面站避让点题型,转弯停留循环设置,参数设置,转弯;停留;循环,ground_station_exam_cases.csv
gskill_2dd157119ef1,gsec_7c6bacaa98ba,qbank_32b37a2f20be,实操题库_地面站考试条件_2026H1_地面站避让点题型.txt_16,2026H1,2026H1,地面站避让点题型,几何图形航线规划,几何计算,三角形;边长;图形,ground_station_exam_cases.csv
gskill_567e427e8af9,gsec_7c6bacaa98ba,qbank_32b37a2f20be,实操题库_地面站考试条件_2026H1_地面站避让点题型.txt_16,2026H1,2026H1,地面站避让点题型,题型:地面站避让点,题型,地面站避让点题型,ground_station_exam_cases.csv
gskill_ad449545f37e,gsec_8b8b1ef50cb8,qbank_32b37a2f20be,实操题库_地面站考试条件_2026H1_地面站避让点题型.txt_17,2026H1,2026H1,地面站避让点题型,经纬度换算,导航定位,经纬度;N:;E:;N;E,ground_station_exam_cases.csv
gskill_8aa75b76f05d,gsec_8b8b1ef50cb8,qbank_32b37a2f20be,实操题库_地面站考试条件_2026H1_地面站避让点题型.txt_17,2026H1,2026H1,地面站避让点题型,航向方位判断,导航定位,方位;NE;SE,ground_station_exam_cases.csv
gskill_670ca4793929,gsec_8b8b1ef50cb8,qbank_32b37a2f20be,实操题库_地面站考试条件_2026H1_地面站避让点题型.txt_17,2026H1,2026H1,地面站避让点题型,夹角计算,几何计算,∠;角,ground_station_exam_cases.csv
gskill_29d68fae53da,gsec_8b8b1ef50cb8,qbank_32b37a2f20be,实操题库_地面站考试条件_2026H1_地面站避让点题型.txt_17,2026H1,2026H1,地面站避让点题型,避让点规划,限制绕飞,避让,ground_station_exam_cases.csv
gskill_ba223a9822ec,gsec_8b8b1ef50cb8,qbank_32b37a2f20be,实操题库_地面站考试条件_2026H1_地面站避让点题型.txt_17,2026H1,2026H1,地面站避让点题型,空域地形限制处理,限制绕飞,空域;限制,ground_station_exam_cases.csv
gskill_ffa1dee5c7a8,gsec_8b8b1ef50cb8,qbank_32b37a2f20be,实操题库_地面站考试条件_2026H1_地面站避让点题型.txt_17,2026H1,2026H1,地面站避让点题型,速度高度参数设置,参数设置,高度;速度;m/s,ground_station_exam_cases.csv
gskill_eff8f57bde82,gsec_8b8b1ef50cb8,qbank_32b37a2f20be,实操题库_地面站考试条件_2026H1_地面站避让点题型.txt_17,2026H1,2026H1,地面站避让点题型,转弯停留循环设置,参数设置,转弯;停留;循环,ground_station_exam_cases.csv
gskill_18cd8cc24827,gsec_8b8b1ef50cb8,qbank_32b37a2f20be,实操题库_地面站考试条件_2026H1_地面站避让点题型.txt_17,2026H1,2026H1,地面站避让点题型,几何图形航线规划,几何计算,三角形;边长;图形,ground_station_exam_cases.csv
gskill_4077f0e12ef1,gsec_8b8b1ef50cb8,qbank_32b37a2f20be,实操题库_地面站考试条件_2026H1_地面站避让点题型.txt_17,2026H1,2026H1,地面站避让点题型,题型:地面站避让点,题型,地面站避让点题型,ground_station_exam_cases.csv
gskill_0638193d452d,gsec_80fb5dfa421d,qbank_32b37a2f20be,实操题库_地面站考试条件_2026H1_地面站避让点题型.txt_18,2026H1,2026H1,地面站避让点题型,经纬度换算,导航定位,经纬度;N:;E:;N;E,ground_station_exam_cases.csv
gskill_97f70d4c2d2c,gsec_80fb5dfa421d,qbank_32b37a2f20be,实操题库_地面站考试条件_2026H1_地面站避让点题型.txt_18,2026H1,2026H1,地面站避让点题型,航向方位判断,导航定位,方位;NW;SW,ground_station_exam_cases.csv
gskill_859a77942252,gsec_80fb5dfa421d,qbank_32b37a2f20be,实操题库_地面站考试条件_2026H1_地面站避让点题型.txt_18,2026H1,2026H1,地面站避让点题型,夹角计算,几何计算,∠;角,ground_station_exam_cases.csv
gskill_9e7120d9c4dc,gsec_80fb5dfa421d,qbank_32b37a2f20be,实操题库_地面站考试条件_2026H1_地面站避让点题型.txt_18,2026H1,2026H1,地面站避让点题型,避让点规划,限制绕飞,避让,ground_station_exam_cases.csv
gskill_07df335bf8f7,gsec_80fb5dfa421d,qbank_32b37a2f20be,实操题库_地面站考试条件_2026H1_地面站避让点题型.txt_18,2026H1,2026H1,地面站避让点题型,空域地形限制处理,限制绕飞,空域;限制,ground_station_exam_cases.csv
gskill_7a444eff9722,gsec_80fb5dfa421d,qbank_32b37a2f20be,实操题库_地面站考试条件_2026H1_地面站避让点题型.txt_18,2026H1,2026H1,地面站避让点题型,速度高度参数设置,参数设置,高度;速度;m/s,ground_station_exam_cases.csv
gskill_77132236e04e,gsec_80fb5dfa421d,qbank_32b37a2f20be,实操题库_地面站考试条件_2026H1_地面站避让点题型.txt_18,2026H1,2026H1,地面站避让点题型,转弯停留循环设置,参数设置,转弯;停留;循环,ground_station_exam_cases.csv
gskill_f087a5d73ace,gsec_80fb5dfa421d,qbank_32b37a2f20be,实操题库_地面站考试条件_2026H1_地面站避让点题型.txt_18,2026H1,2026H1,地面站避让点题型,几何图形航线规划,几何计算,三角形;边长;图形,ground_station_exam_cases.csv
gskill_ec2cd344fa7b,gsec_80fb5dfa421d,qbank_32b37a2f20be,实操题库_地面站考试条件_2026H1_地面站避让点题型.txt_18,2026H1,2026H1,地面站避让点题型,题型:地面站避让点,题型,地面站避让点题型,ground_station_exam_cases.csv
gskill_c906b2c91311,gsec_68ec94dc0eb7,qbank_32b37a2f20be,实操题库_地面站考试条件_2026H1_地面站避让点题型.txt_19,2026H1,2026H1,地面站避让点题型,经纬度换算,导航定位,经纬度;N:;E:;N;E,ground_station_exam_cases.csv
gskill_67e7bfbcba0b,gsec_68ec94dc0eb7,qbank_32b37a2f20be,实操题库_地面站考试条件_2026H1_地面站避让点题型.txt_19,2026H1,2026H1,地面站避让点题型,航向方位判断,导航定位,方位;NE;SW,ground_station_exam_cases.csv
gskill_24ac84cf9ef8,gsec_68ec94dc0eb7,qbank_32b37a2f20be,实操题库_地面站考试条件_2026H1_地面站避让点题型.txt_19,2026H1,2026H1,地面站避让点题型,夹角计算,几何计算,角,ground_station_exam_cases.csv
gskill_1870629c6b6b,gsec_68ec94dc0eb7,qbank_32b37a2f20be,实操题库_地面站考试条件_2026H1_地面站避让点题型.txt_19,2026H1,2026H1,地面站避让点题型,避让点规划,限制绕飞,避让,ground_station_exam_cases.csv
gskill_855ebb64a76d,gsec_68ec94dc0eb7,qbank_32b37a2f20be,实操题库_地面站考试条件_2026H1_地面站避让点题型.txt_19,2026H1,2026H1,地面站避让点题型,空域地形限制处理,限制绕飞,空域;限制,ground_station_exam_cases.csv
gskill_47c42c82e7ff,gsec_68ec94dc0eb7,qbank_32b37a2f20be,实操题库_地面站考试条件_2026H1_地面站避让点题型.txt_19,2026H1,2026H1,地面站避让点题型,速度高度参数设置,参数设置,高度,ground_station_exam_cases.csv
gskill_cc2ec232cf94,gsec_68ec94dc0eb7,qbank_32b37a2f20be,实操题库_地面站考试条件_2026H1_地面站避让点题型.txt_19,2026H1,2026H1,地面站避让点题型,转弯停留循环设置,参数设置,转弯;循环,ground_station_exam_cases.csv
gskill_50e83ced8a78,gsec_68ec94dc0eb7,qbank_32b37a2f20be,实操题库_地面站考试条件_2026H1_地面站避让点题型.txt_19,2026H1,2026H1,地面站避让点题型,几何图形航线规划,几何计算,三角形;边长;图形,ground_station_exam_cases.csv
gskill_6e1d618b8f26,gsec_68ec94dc0eb7,qbank_32b37a2f20be,实操题库_地面站考试条件_2026H1_地面站避让点题型.txt_19,2026H1,2026H1,地面站避让点题型,起飞返航点定位,导航定位,起飞点,ground_station_exam_cases.csv
gskill_21ea4b0f4feb,gsec_68ec94dc0eb7,qbank_32b37a2f20be,实操题库_地面站考试条件_2026H1_地面站避让点题型.txt_19,2026H1,2026H1,地面站避让点题型,题型:地面站避让点,题型,地面站避让点题型,ground_station_exam_cases.csv
gskill_ba34cd3c056a,gsec_444bc8a6f784,qbank_32b37a2f20be,实操题库_地面站考试条件_2026H1_地面站避让点题型.txt_20,2026H1,2026H1,地面站避让点题型,经纬度换算,导航定位,经纬度;N:;E:;N;E,ground_station_exam_cases.csv
gskill_33bee1c7ef7a,gsec_444bc8a6f784,qbank_32b37a2f20be,实操题库_地面站考试条件_2026H1_地面站避让点题型.txt_20,2026H1,2026H1,地面站避让点题型,航向方位判断,导航定位,方位;NW;SW,ground_station_exam_cases.csv
gskill_4a4df0456a76,gsec_444bc8a6f784,qbank_32b37a2f20be,实操题库_地面站考试条件_2026H1_地面站避让点题型.txt_20,2026H1,2026H1,地面站避让点题型,避让点规划,限制绕飞,避让,ground_station_exam_cases.csv
gskill_8a9f762d638d,gsec_444bc8a6f784,qbank_32b37a2f20be,实操题库_地面站考试条件_2026H1_地面站避让点题型.txt_20,2026H1,2026H1,地面站避让点题型,空域地形限制处理,限制绕飞,空域;限制,ground_station_exam_cases.csv
gskill_57902ba9a5c4,gsec_444bc8a6f784,qbank_32b37a2f20be,实操题库_地面站考试条件_2026H1_地面站避让点题型.txt_20,2026H1,2026H1,地面站避让点题型,速度高度参数设置,参数设置,高度;速度;m/s,ground_station_exam_cases.csv
gskill_29a1c08adac6,gsec_444bc8a6f784,qbank_32b37a2f20be,实操题库_地面站考试条件_2026H1_地面站避让点题型.txt_20,2026H1,2026H1,地面站避让点题型,转弯停留循环设置,参数设置,转弯;停留,ground_station_exam_cases.csv
gskill_3f7bd7550f86,gsec_444bc8a6f784,qbank_32b37a2f20be,实操题库_地面站考试条件_2026H1_地面站避让点题型.txt_20,2026H1,2026H1,地面站避让点题型,几何图形航线规划,几何计算,图形,ground_station_exam_cases.csv
gskill_b1df66d2f4b9,gsec_444bc8a6f784,qbank_32b37a2f20be,实操题库_地面站考试条件_2026H1_地面站避让点题型.txt_20,2026H1,2026H1,地面站避让点题型,起飞返航点定位,导航定位,起飞点,ground_station_exam_cases.csv
gskill_7c804147d3fe,gsec_444bc8a6f784,qbank_32b37a2f20be,实操题库_地面站考试条件_2026H1_地面站避让点题型.txt_20,2026H1,2026H1,地面站避让点题型,题型:地面站避让点,题型,地面站避让点题型,ground_station_exam_cases.csv
gskill_23ffeb870041,gsec_66a4e556f3fb,qbank_32b37a2f20be,实操题库_地面站考试条件_2026H1_地面站避让点题型.txt_21,2026H1,2026H1,地面站避让点题型,经纬度换算,导航定位,经纬度;N:;E:;N;E,ground_station_exam_cases.csv
gskill_22279cb24746,gsec_66a4e556f3fb,qbank_32b37a2f20be,实操题库_地面站考试条件_2026H1_地面站避让点题型.txt_21,2026H1,2026H1,地面站避让点题型,航向方位判断,导航定位,方位;NE;SW,ground_station_exam_cases.csv
gskill_fda1c8640387,gsec_66a4e556f3fb,qbank_32b37a2f20be,实操题库_地面站考试条件_2026H1_地面站避让点题型.txt_21,2026H1,2026H1,地面站避让点题型,避让点规划,限制绕飞,避让,ground_station_exam_cases.csv
gskill_c95a7573deaa,gsec_66a4e556f3fb,qbank_32b37a2f20be,实操题库_地面站考试条件_2026H1_地面站避让点题型.txt_21,2026H1,2026H1,地面站避让点题型,空域地形限制处理,限制绕飞,空域;限制,ground_station_exam_cases.csv
gskill_efd3e7d81e38,gsec_66a4e556f3fb,qbank_32b37a2f20be,实操题库_地面站考试条件_2026H1_地面站避让点题型.txt_21,2026H1,2026H1,地面站避让点题型,速度高度参数设置,参数设置,高度;速度;m/s,ground_station_exam_cases.csv
gskill_d97c7b4ef2b7,gsec_66a4e556f3fb,qbank_32b37a2f20be,实操题库_地面站考试条件_2026H1_地面站避让点题型.txt_21,2026H1,2026H1,地面站避让点题型,转弯停留循环设置,参数设置,转弯;停留,ground_station_exam_cases.csv
gskill_d36c65f6ea53,gsec_66a4e556f3fb,qbank_32b37a2f20be,实操题库_地面站考试条件_2026H1_地面站避让点题型.txt_21,2026H1,2026H1,地面站避让点题型,几何图形航线规划,几何计算,图形,ground_station_exam_cases.csv
gskill_9a6f49e2ddd2,gsec_66a4e556f3fb,qbank_32b37a2f20be,实操题库_地面站考试条件_2026H1_地面站避让点题型.txt_21,2026H1,2026H1,地面站避让点题型,起飞返航点定位,导航定位,起飞点,ground_station_exam_cases.csv
gskill_d5697ae07043,gsec_66a4e556f3fb,qbank_32b37a2f20be,实操题库_地面站考试条件_2026H1_地面站避让点题型.txt_21,2026H1,2026H1,地面站避让点题型,题型:地面站避让点,题型,地面站避让点题型,ground_station_exam_cases.csv
gskill_7666da10ccff,gsec_423c2fb0d40c,qbank_32b37a2f20be,实操题库_地面站考试条件_2026H1_地面站避让点题型.txt_22,2026H1,2026H1,地面站避让点题型,经纬度换算,导航定位,E,ground_station_exam_cases.csv
gskill_3872bb01abd1,gsec_423c2fb0d40c,qbank_32b37a2f20be,实操题库_地面站考试条件_2026H1_地面站避让点题型.txt_22,2026H1,2026H1,地面站避让点题型,航向方位判断,导航定位,SE;SW,ground_station_exam_cases.csv
gskill_c031d8bbae86,gsec_423c2fb0d40c,qbank_32b37a2f20be,实操题库_地面站考试条件_2026H1_地面站避让点题型.txt_22,2026H1,2026H1,地面站避让点题型,避让点规划,限制绕飞,避让,ground_station_exam_cases.csv
gskill_80f7c7ca57a5,gsec_423c2fb0d40c,qbank_32b37a2f20be,实操题库_地面站考试条件_2026H1_地面站避让点题型.txt_22,2026H1,2026H1,地面站避让点题型,速度高度参数设置,参数设置,高度;速度;m/s,ground_station_exam_cases.csv
gskill_8b296eacf395,gsec_423c2fb0d40c,qbank_32b37a2f20be,实操题库_地面站考试条件_2026H1_地面站避让点题型.txt_22,2026H1,2026H1,地面站避让点题型,转弯停留循环设置,参数设置,转弯;停留;循环;闭合;不循环,ground_station_exam_cases.csv
gskill_a2d530e3c14a,gsec_423c2fb0d40c,qbank_32b37a2f20be,实操题库_地面站考试条件_2026H1_地面站避让点题型.txt_22,2026H1,2026H1,地面站避让点题型,几何图形航线规划,几何计算,图形,ground_station_exam_cases.csv
gskill_332f38641877,gsec_423c2fb0d40c,qbank_32b37a2f20be,实操题库_地面站考试条件_2026H1_地面站避让点题型.txt_22,2026H1,2026H1,地面站避让点题型,题型:地面站避让点,题型,地面站避让点题型,ground_station_exam_cases.csv
gskill_9faa964826c6,gsec_bd719b2d7df6,qbank_32b37a2f20be,实操题库_地面站考试条件_2026H1_地面站避让点题型.txt_23,2026H1,2026H1,地面站避让点题型,经纬度换算,导航定位,经纬度;N:;E:;N;E,ground_station_exam_cases.csv
gskill_9c13b0bb47c6,gsec_bd719b2d7df6,qbank_32b37a2f20be,实操题库_地面站考试条件_2026H1_地面站避让点题型.txt_23,2026H1,2026H1,地面站避让点题型,航向方位判断,导航定位,方位;NE;SE,ground_station_exam_cases.csv
gskill_db091388d261,gsec_bd719b2d7df6,qbank_32b37a2f20be,实操题库_地面站考试条件_2026H1_地面站避让点题型.txt_23,2026H1,2026H1,地面站避让点题型,夹角计算,几何计算,∠,ground_station_exam_cases.csv
gskill_d9fddfb548b0,gsec_bd719b2d7df6,qbank_32b37a2f20be,实操题库_地面站考试条件_2026H1_地面站避让点题型.txt_23,2026H1,2026H1,地面站避让点题型,避让点规划,限制绕飞,避让,ground_station_exam_cases.csv
gskill_e2063687678f,gsec_bd719b2d7df6,qbank_32b37a2f20be,实操题库_地面站考试条件_2026H1_地面站避让点题型.txt_23,2026H1,2026H1,地面站避让点题型,空域地形限制处理,限制绕飞,空域;限制,ground_station_exam_cases.csv
gskill_362940a70e45,gsec_bd719b2d7df6,qbank_32b37a2f20be,实操题库_地面站考试条件_2026H1_地面站避让点题型.txt_23,2026H1,2026H1,地面站避让点题型,速度高度参数设置,参数设置,高度;速度;m/s,ground_station_exam_cases.csv
gskill_494ddbf97309,gsec_bd719b2d7df6,qbank_32b37a2f20be,实操题库_地面站考试条件_2026H1_地面站避让点题型.txt_23,2026H1,2026H1,地面站避让点题型,转弯停留循环设置,参数设置,转弯;循环,ground_station_exam_cases.csv
gskill_c9bb38349550,gsec_bd719b2d7df6,qbank_32b37a2f20be,实操题库_地面站考试条件_2026H1_地面站避让点题型.txt_23,2026H1,2026H1,地面站避让点题型,几何图形航线规划,几何计算,边长;图形,ground_station_exam_cases.csv
gskill_579365442453,gsec_bd719b2d7df6,qbank_32b37a2f20be,实操题库_地面站考试条件_2026H1_地面站避让点题型.txt_23,2026H1,2026H1,地面站避让点题型,起飞返航点定位,导航定位,起飞点,ground_station_exam_cases.csv
gskill_e3ce1f79057b,gsec_bd719b2d7df6,qbank_32b37a2f20be,实操题库_地面站考试条件_2026H1_地面站避让点题型.txt_23,2026H1,2026H1,地面站避让点题型,题型:地面站避让点,题型,地面站避让点题型,ground_station_exam_cases.csv
gskill_fbd78cf9f0ea,gsec_5b8c8ef427c8,qbank_32b37a2f20be,实操题库_地面站考试条件_2026H1_地面站避让点题型.txt_24,2026H1,2026H1,地面站避让点题型,经纬度换算,导航定位,经纬度;N:;E:;N;E,ground_station_exam_cases.csv
gskill_ca57464e8de6,gsec_5b8c8ef427c8,qbank_32b37a2f20be,实操题库_地面站考试条件_2026H1_地面站避让点题型.txt_24,2026H1,2026H1,地面站避让点题型,航向方位判断,导航定位,方位;NW;SW,ground_station_exam_cases.csv
gskill_676d5bb16be6,gsec_5b8c8ef427c8,qbank_32b37a2f20be,实操题库_地面站考试条件_2026H1_地面站避让点题型.txt_24,2026H1,2026H1,地面站避让点题型,夹角计算,几何计算,∠,ground_station_exam_cases.csv
gskill_0fc596a403e5,gsec_5b8c8ef427c8,qbank_32b37a2f20be,实操题库_地面站考试条件_2026H1_地面站避让点题型.txt_24,2026H1,2026H1,地面站避让点题型,避让点规划,限制绕飞,避让,ground_station_exam_cases.csv
gskill_f2350c91861b,gsec_5b8c8ef427c8,qbank_32b37a2f20be,实操题库_地面站考试条件_2026H1_地面站避让点题型.txt_24,2026H1,2026H1,地面站避让点题型,空域地形限制处理,限制绕飞,空域;限制,ground_station_exam_cases.csv
gskill_3f297a163c7d,gsec_5b8c8ef427c8,qbank_32b37a2f20be,实操题库_地面站考试条件_2026H1_地面站避让点题型.txt_24,2026H1,2026H1,地面站避让点题型,速度高度参数设置,参数设置,高度;速度;m/s,ground_station_exam_cases.csv
gskill_3f9903c97e88,gsec_5b8c8ef427c8,qbank_32b37a2f20be,实操题库_地面站考试条件_2026H1_地面站避让点题型.txt_24,2026H1,2026H1,地面站避让点题型,转弯停留循环设置,参数设置,转弯;循环,ground_station_exam_cases.csv
gskill_ac66f9238b5b,gsec_5b8c8ef427c8,qbank_32b37a2f20be,实操题库_地面站考试条件_2026H1_地面站避让点题型.txt_24,2026H1,2026H1,地面站避让点题型,几何图形航线规划,几何计算,边长;图形,ground_station_exam_cases.csv
gskill_e4aefb83a4a6,gsec_5b8c8ef427c8,qbank_32b37a2f20be,实操题库_地面站考试条件_2026H1_地面站避让点题型.txt_24,2026H1,2026H1,地面站避让点题型,起飞返航点定位,导航定位,起飞点,ground_station_exam_cases.csv
gskill_a776c284dba0,gsec_5b8c8ef427c8,qbank_32b37a2f20be,实操题库_地面站考试条件_2026H1_地面站避让点题型.txt_24,2026H1,2026H1,地面站避让点题型,题型:地面站避让点,题型,地面站避让点题型,ground_station_exam_cases.csv
gskill_48ecf981c325,gsec_2dbe4c714dfc,qbank_32b37a2f20be,实操题库_地面站考试条件_2026H1_地面站避让点题型.txt_25,2026H1,2026H1,地面站避让点题型,经纬度换算,导航定位,经纬度;N:;E:;N;E,ground_station_exam_cases.csv
gskill_6112fda39cd0,gsec_2dbe4c714dfc,qbank_32b37a2f20be,实操题库_地面站考试条件_2026H1_地面站避让点题型.txt_25,2026H1,2026H1,地面站避让点题型,航向方位判断,导航定位,方位;NE;SW,ground_station_exam_cases.csv
gskill_91b7f826d329,gsec_2dbe4c714dfc,qbank_32b37a2f20be,实操题库_地面站考试条件_2026H1_地面站避让点题型.txt_25,2026H1,2026H1,地面站避让点题型,夹角计算,几何计算,∠,ground_station_exam_cases.csv
gskill_4ac08ae163b2,gsec_2dbe4c714dfc,qbank_32b37a2f20be,实操题库_地面站考试条件_2026H1_地面站避让点题型.txt_25,2026H1,2026H1,地面站避让点题型,避让点规划,限制绕飞,避让,ground_station_exam_cases.csv
gskill_ceb43a662c09,gsec_2dbe4c714dfc,qbank_32b37a2f20be,实操题库_地面站考试条件_2026H1_地面站避让点题型.txt_25,2026H1,2026H1,地面站避让点题型,空域地形限制处理,限制绕飞,空域;限制,ground_station_exam_cases.csv
gskill_efe962f716b1,gsec_2dbe4c714dfc,qbank_32b37a2f20be,实操题库_地面站考试条件_2026H1_地面站避让点题型.txt_25,2026H1,2026H1,地面站避让点题型,速度高度参数设置,参数设置,高度;速度;m/s,ground_station_exam_cases.csv
gskill_8d63b8aca406,gsec_2dbe4c714dfc,qbank_32b37a2f20be,实操题库_地面站考试条件_2026H1_地面站避让点题型.txt_25,2026H1,2026H1,地面站避让点题型,转弯停留循环设置,参数设置,转弯;循环,ground_station_exam_cases.csv
gskill_56f6f8ee34df,gsec_2dbe4c714dfc,qbank_32b37a2f20be,实操题库_地面站考试条件_2026H1_地面站避让点题型.txt_25,2026H1,2026H1,地面站避让点题型,几何图形航线规划,几何计算,边长;图形,ground_station_exam_cases.csv
gskill_19d294d39d0e,gsec_2dbe4c714dfc,qbank_32b37a2f20be,实操题库_地面站考试条件_2026H1_地面站避让点题型.txt_25,2026H1,2026H1,地面站避让点题型,起飞返航点定位,导航定位,起飞点,ground_station_exam_cases.csv
gskill_fdc204aa6e05,gsec_2dbe4c714dfc,qbank_32b37a2f20be,实操题库_地面站考试条件_2026H1_地面站避让点题型.txt_25,2026H1,2026H1,地面站避让点题型,题型:地面站避让点,题型,地面站避让点题型,ground_station_exam_cases.csv
gskill_3e7433f9dcb7,gsec_64803f4fe9a9,qbank_32b37a2f20be,实操题库_地面站考试条件_2026H1_地面站避让点题型.txt_26,2026H1,2026H1,地面站避让点题型,经纬度换算,导航定位,经纬度;N:;E:;N;E,ground_station_exam_cases.csv
gskill_0b212b01b622,gsec_64803f4fe9a9,qbank_32b37a2f20be,实操题库_地面站考试条件_2026H1_地面站避让点题型.txt_26,2026H1,2026H1,地面站避让点题型,航向方位判断,导航定位,SE;SW,ground_station_exam_cases.csv
gskill_d081e20fe9f4,gsec_64803f4fe9a9,qbank_32b37a2f20be,实操题库_地面站考试条件_2026H1_地面站避让点题型.txt_26,2026H1,2026H1,地面站避让点题型,夹角计算,几何计算,∠;角,ground_station_exam_cases.csv
gskill_ee484c86dbf4,gsec_64803f4fe9a9,qbank_32b37a2f20be,实操题库_地面站考试条件_2026H1_地面站避让点题型.txt_26,2026H1,2026H1,地面站避让点题型,避让点规划,限制绕飞,避让,ground_station_exam_cases.csv
gskill_e4e6706c1631,gsec_64803f4fe9a9,qbank_32b37a2f20be,实操题库_地面站考试条件_2026H1_地面站避让点题型.txt_26,2026H1,2026H1,地面站避让点题型,速度高度参数设置,参数设置,高度;速度;m/s,ground_station_exam_cases.csv
gskill_360d82f86fd6,gsec_64803f4fe9a9,qbank_32b37a2f20be,实操题库_地面站考试条件_2026H1_地面站避让点题型.txt_26,2026H1,2026H1,地面站避让点题型,转弯停留循环设置,参数设置,转弯;停留;闭合,ground_station_exam_cases.csv
gskill_da0e97c07884,gsec_64803f4fe9a9,qbank_32b37a2f20be,实操题库_地面站考试条件_2026H1_地面站避让点题型.txt_26,2026H1,2026H1,地面站避让点题型,几何图形航线规划,几何计算,梯形;边长;图形,ground_station_exam_cases.csv
gskill_9c1286177418,gsec_64803f4fe9a9,qbank_32b37a2f20be,实操题库_地面站考试条件_2026H1_地面站避让点题型.txt_26,2026H1,2026H1,地面站避让点题型,题型:地面站避让点,题型,地面站避让点题型,ground_station_exam_cases.csv
gskill_8e838985e548,gsec_ed53665ec7e1,qbank_32b37a2f20be,实操题库_地面站考试条件_2026H1_地面站避让点题型.txt_27,2026H1,2026H1,地面站避让点题型,经纬度换算,导航定位,经纬度;N:;E:;N;E,ground_station_exam_cases.csv
gskill_123ff715f79d,gsec_ed53665ec7e1,qbank_32b37a2f20be,实操题库_地面站考试条件_2026H1_地面站避让点题型.txt_27,2026H1,2026H1,地面站避让点题型,航向方位判断,导航定位,方位;NE;SW,ground_station_exam_cases.csv
gskill_5438a0ac243d,gsec_ed53665ec7e1,qbank_32b37a2f20be,实操题库_地面站考试条件_2026H1_地面站避让点题型.txt_27,2026H1,2026H1,地面站避让点题型,夹角计算,几何计算,∠,ground_station_exam_cases.csv
gskill_edf56ae6f44b,gsec_ed53665ec7e1,qbank_32b37a2f20be,实操题库_地面站考试条件_2026H1_地面站避让点题型.txt_27,2026H1,2026H1,地面站避让点题型,避让点规划,限制绕飞,避让,ground_station_exam_cases.csv
gskill_713ddc3ecc52,gsec_ed53665ec7e1,qbank_32b37a2f20be,实操题库_地面站考试条件_2026H1_地面站避让点题型.txt_27,2026H1,2026H1,地面站避让点题型,空域地形限制处理,限制绕飞,空域;限制,ground_station_exam_cases.csv
gskill_974349233dbf,gsec_ed53665ec7e1,qbank_32b37a2f20be,实操题库_地面站考试条件_2026H1_地面站避让点题型.txt_27,2026H1,2026H1,地面站避让点题型,速度高度参数设置,参数设置,高度;速度;m/s,ground_station_exam_cases.csv
gskill_8bc58d404fee,gsec_ed53665ec7e1,qbank_32b37a2f20be,实操题库_地面站考试条件_2026H1_地面站避让点题型.txt_27,2026H1,2026H1,地面站避让点题型,转弯停留循环设置,参数设置,转弯;停留;循环,ground_station_exam_cases.csv
gskill_4c7d5042ba37,gsec_ed53665ec7e1,qbank_32b37a2f20be,实操题库_地面站考试条件_2026H1_地面站避让点题型.txt_27,2026H1,2026H1,地面站避让点题型,几何图形航线规划,几何计算,五边形;边长;图形,ground_station_exam_cases.csv
gskill_582b01c74ffd,gsec_ed53665ec7e1,qbank_32b37a2f20be,实操题库_地面站考试条件_2026H1_地面站避让点题型.txt_27,2026H1,2026H1,地面站避让点题型,起飞返航点定位,导航定位,起飞点,ground_station_exam_cases.csv
gskill_983a081a46e5,gsec_ed53665ec7e1,qbank_32b37a2f20be,实操题库_地面站考试条件_2026H1_地面站避让点题型.txt_27,2026H1,2026H1,地面站避让点题型,题型:地面站避让点,题型,地面站避让点题型,ground_station_exam_cases.csv
gskill_e8a88ebd2e6e,gsec_8f1e0883327f,qbank_32b37a2f20be,实操题库_地面站考试条件_2026H1_地面站避让点题型.txt_28,2026H1,2026H1,地面站避让点题型,经纬度换算,导航定位,经纬度;N:;E:;N;E,ground_station_exam_cases.csv
gskill_e6029feb810e,gsec_8f1e0883327f,qbank_32b37a2f20be,实操题库_地面站考试条件_2026H1_地面站避让点题型.txt_28,2026H1,2026H1,地面站避让点题型,航向方位判断,导航定位,NE;NW,ground_station_exam_cases.csv
gskill_e2a29fbe0ce8,gsec_8f1e0883327f,qbank_32b37a2f20be,实操题库_地面站考试条件_2026H1_地面站避让点题型.txt_28,2026H1,2026H1,地面站避让点题型,避让点规划,限制绕飞,避让,ground_station_exam_cases.csv
gskill_3660d4d7e2da,gsec_8f1e0883327f,qbank_32b37a2f20be,实操题库_地面站考试条件_2026H1_地面站避让点题型.txt_28,2026H1,2026H1,地面站避让点题型,速度高度参数设置,参数设置,高度;速度;m/s,ground_station_exam_cases.csv
gskill_7687f7281982,gsec_8f1e0883327f,qbank_32b37a2f20be,实操题库_地面站考试条件_2026H1_地面站避让点题型.txt_28,2026H1,2026H1,地面站避让点题型,转弯停留循环设置,参数设置,转弯;停留;循环;闭合,ground_station_exam_cases.csv
gskill_d8c024f17521,gsec_8f1e0883327f,qbank_32b37a2f20be,实操题库_地面站考试条件_2026H1_地面站避让点题型.txt_28,2026H1,2026H1,地面站避让点题型,几何图形航线规划,几何计算,六边形;边长;图形,ground_station_exam_cases.csv
gskill_dd8563441945,gsec_8f1e0883327f,qbank_32b37a2f20be,实操题库_地面站考试条件_2026H1_地面站避让点题型.txt_28,2026H1,2026H1,地面站避让点题型,题型:地面站避让点,题型,地面站避让点题型,ground_station_exam_cases.csv
gskill_997484ade9c8,gsec_725dee392731,qbank_32b37a2f20be,实操题库_地面站考试条件_2026H1_地面站避让点题型.txt_29,2026H1,2026H1,地面站避让点题型,经纬度换算,导航定位,E,ground_station_exam_cases.csv
gskill_79a82b34864e,gsec_725dee392731,qbank_32b37a2f20be,实操题库_地面站考试条件_2026H1_地面站避让点题型.txt_29,2026H1,2026H1,地面站避让点题型,航向方位判断,导航定位,SE;SW,ground_station_exam_cases.csv
gskill_e0b3ac4b814a,gsec_725dee392731,qbank_32b37a2f20be,实操题库_地面站考试条件_2026H1_地面站避让点题型.txt_29,2026H1,2026H1,地面站避让点题型,避让点规划,限制绕飞,避让,ground_station_exam_cases.csv
gskill_5c7603b51483,gsec_725dee392731,qbank_32b37a2f20be,实操题库_地面站考试条件_2026H1_地面站避让点题型.txt_29,2026H1,2026H1,地面站避让点题型,速度高度参数设置,参数设置,高度;速度;m/s,ground_station_exam_cases.csv
gskill_aa5dc436dda3,gsec_725dee392731,qbank_32b37a2f20be,实操题库_地面站考试条件_2026H1_地面站避让点题型.txt_29,2026H1,2026H1,地面站避让点题型,转弯停留循环设置,参数设置,转弯;循环;闭合;不循环,ground_station_exam_cases.csv
gskill_ea44d7e497ca,gsec_725dee392731,qbank_32b37a2f20be,实操题库_地面站考试条件_2026H1_地面站避让点题型.txt_29,2026H1,2026H1,地面站避让点题型,几何图形航线规划,几何计算,图形,ground_station_exam_cases.csv
gskill_78ecb72d8ace,gsec_725dee392731,qbank_32b37a2f20be,实操题库_地面站考试条件_2026H1_地面站避让点题型.txt_29,2026H1,2026H1,地面站避让点题型,题型:地面站避让点,题型,地面站避让点题型,ground_station_exam_cases.csv
gskill_4a610c40158e,gsec_7b2a513ef182,qbank_32b37a2f20be,实操题库_地面站考试条件_2026H1_地面站避让点题型.txt_30,2026H1,2026H1,地面站避让点题型,经纬度换算,导航定位,E,ground_station_exam_cases.csv
gskill_e7ed2e52fd09,gsec_7b2a513ef182,qbank_32b37a2f20be,实操题库_地面站考试条件_2026H1_地面站避让点题型.txt_30,2026H1,2026H1,地面站避让点题型,航向方位判断,导航定位,SE;SW,ground_station_exam_cases.csv
gskill_96366b87d1e8,gsec_7b2a513ef182,qbank_32b37a2f20be,实操题库_地面站考试条件_2026H1_地面站避让点题型.txt_30,2026H1,2026H1,地面站避让点题型,避让点规划,限制绕飞,避让,ground_station_exam_cases.csv
gskill_32361e0941ca,gsec_7b2a513ef182,qbank_32b37a2f20be,实操题库_地面站考试条件_2026H1_地面站避让点题型.txt_30,2026H1,2026H1,地面站避让点题型,速度高度参数设置,参数设置,高度;速度;m/s,ground_station_exam_cases.csv
gskill_4eccb224ba63,gsec_7b2a513ef182,qbank_32b37a2f20be,实操题库_地面站考试条件_2026H1_地面站避让点题型.txt_30,2026H1,2026H1,地面站避让点题型,转弯停留循环设置,参数设置,转弯;循环;闭合;不循环,ground_station_exam_cases.csv
gskill_ef427521f6bb,gsec_7b2a513ef182,qbank_32b37a2f20be,实操题库_地面站考试条件_2026H1_地面站避让点题型.txt_30,2026H1,2026H1,地面站避让点题型,几何图形航线规划,几何计算,图形,ground_station_exam_cases.csv
gskill_8caed9adbd4a,gsec_7b2a513ef182,qbank_32b37a2f20be,实操题库_地面站考试条件_2026H1_地面站避让点题型.txt_30,2026H1,2026H1,地面站避让点题型,题型:地面站避让点,题型,地面站避让点题型,ground_station_exam_cases.csv
gskill_2bbf92f9919d,gsec_fb19125fae79,qbank_32b37a2f20be,实操题库_地面站考试条件_2026H1_地面站避让点题型.txt_31,2026H1,2026H1,地面站避让点题型,经纬度换算,导航定位,经纬度;N:;E:;N;E,ground_station_exam_cases.csv
gskill_799a39d7ef2f,gsec_fb19125fae79,qbank_32b37a2f20be,实操题库_地面站考试条件_2026H1_地面站避让点题型.txt_31,2026H1,2026H1,地面站避让点题型,航向方位判断,导航定位,NW;SE,ground_station_exam_cases.csv
gskill_4a09e73bb74d,gsec_fb19125fae79,qbank_32b37a2f20be,实操题库_地面站考试条件_2026H1_地面站避让点题型.txt_31,2026H1,2026H1,地面站避让点题型,夹角计算,几何计算,∠,ground_station_exam_cases.csv
gskill_ab431c8b5af5,gsec_fb19125fae79,qbank_32b37a2f20be,实操题库_地面站考试条件_2026H1_地面站避让点题型.txt_31,2026H1,2026H1,地面站避让点题型,避让点规划,限制绕飞,避让,ground_station_exam_cases.csv
gskill_510dfc58c12f,gsec_fb19125fae79,qbank_32b37a2f20be,实操题库_地面站考试条件_2026H1_地面站避让点题型.txt_31,2026H1,2026H1,地面站避让点题型,速度高度参数设置,参数设置,高度;速度;m/s,ground_station_exam_cases.csv
gskill_22e27848b272,gsec_fb19125fae79,qbank_32b37a2f20be,实操题库_地面站考试条件_2026H1_地面站避让点题型.txt_31,2026H1,2026H1,地面站避让点题型,转弯停留循环设置,参数设置,转弯;停留;循环;闭合,ground_station_exam_cases.csv
gskill_8234ee1a4c7b,gsec_fb19125fae79,qbank_32b37a2f20be,实操题库_地面站考试条件_2026H1_地面站避让点题型.txt_31,2026H1,2026H1,地面站避让点题型,几何图形航线规划,几何计算,边长;图形,ground_station_exam_cases.csv
gskill_75c4c48dca94,gsec_fb19125fae79,qbank_32b37a2f20be,实操题库_地面站考试条件_2026H1_地面站避让点题型.txt_31,2026H1,2026H1,地面站避让点题型,题型:地面站避让点,题型,地面站避让点题型,ground_station_exam_cases.csv
gskill_c6f5ae275989,gsec_4f95ab84b2d2,qbank_32b37a2f20be,实操题库_地面站考试条件_2026H1_地面站避让点题型.txt_32,2026H1,2026H1,地面站避让点题型,经纬度换算,导航定位,经纬度;N:;E:;N;E,ground_station_exam_cases.csv
gskill_5c65cedfff15,gsec_4f95ab84b2d2,qbank_32b37a2f20be,实操题库_地面站考试条件_2026H1_地面站避让点题型.txt_32,2026H1,2026H1,地面站避让点题型,航向方位判断,导航定位,航向;NE;SW,ground_station_exam_cases.csv
gskill_e5ca12eeebc9,gsec_4f95ab84b2d2,qbank_32b37a2f20be,实操题库_地面站考试条件_2026H1_地面站避让点题型.txt_32,2026H1,2026H1,地面站避让点题型,夹角计算,几何计算,∠,ground_station_exam_cases.csv
gskill_95930c00996c,gsec_4f95ab84b2d2,qbank_32b37a2f20be,实操题库_地面站考试条件_2026H1_地面站避让点题型.txt_32,2026H1,2026H1,地面站避让点题型,避让点规划,限制绕飞,避让,ground_station_exam_cases.csv
gskill_95a6d5b054f0,gsec_4f95ab84b2d2,qbank_32b37a2f20be,实操题库_地面站考试条件_2026H1_地面站避让点题型.txt_32,2026H1,2026H1,地面站避让点题型,空域地形限制处理,限制绕飞,空域;限制,ground_station_exam_cases.csv
gskill_70579be3d7d2,gsec_4f95ab84b2d2,qbank_32b37a2f20be,实操题库_地面站考试条件_2026H1_地面站避让点题型.txt_32,2026H1,2026H1,地面站避让点题型,速度高度参数设置,参数设置,高度;速度;m/s,ground_station_exam_cases.csv
gskill_ba17a16c4c31,gsec_4f95ab84b2d2,qbank_32b37a2f20be,实操题库_地面站考试条件_2026H1_地面站避让点题型.txt_32,2026H1,2026H1,地面站避让点题型,转弯停留循环设置,参数设置,转弯;停留;循环;闭合,ground_station_exam_cases.csv
gskill_fc1b227423eb,gsec_4f95ab84b2d2,qbank_32b37a2f20be,实操题库_地面站考试条件_2026H1_地面站避让点题型.txt_32,2026H1,2026H1,地面站避让点题型,几何图形航线规划,几何计算,边长;图形,ground_station_exam_cases.csv
gskill_74574f234287,gsec_4f95ab84b2d2,qbank_32b37a2f20be,实操题库_地面站考试条件_2026H1_地面站避让点题型.txt_32,2026H1,2026H1,地面站避让点题型,题型:地面站避让点,题型,地面站避让点题型,ground_station_exam_cases.csv
gskill_cd5c2ce5924e,gsec_decf3e24193a,qbank_32b37a2f20be,实操题库_地面站考试条件_2026H1_地面站避让点题型.txt_33,2026H1,2026H1,地面站避让点题型,经纬度换算,导航定位,经纬度;N:;E:;N;E,ground_station_exam_cases.csv
gskill_1b60833e1baf,gsec_decf3e24193a,qbank_32b37a2f20be,实操题库_地面站考试条件_2026H1_地面站避让点题型.txt_33,2026H1,2026H1,地面站避让点题型,航向方位判断,导航定位,航向;NE;SW,ground_station_exam_cases.csv
gskill_b1643b9466fe,gsec_decf3e24193a,qbank_32b37a2f20be,实操题库_地面站考试条件_2026H1_地面站避让点题型.txt_33,2026H1,2026H1,地面站避让点题型,避让点规划,限制绕飞,避让,ground_station_exam_cases.csv
gskill_26e84fe2888b,gsec_decf3e24193a,qbank_32b37a2f20be,实操题库_地面站考试条件_2026H1_地面站避让点题型.txt_33,2026H1,2026H1,地面站避让点题型,空域地形限制处理,限制绕飞,空域;限制,ground_station_exam_cases.csv
gskill_706099667d57,gsec_decf3e24193a,qbank_32b37a2f20be,实操题库_地面站考试条件_2026H1_地面站避让点题型.txt_33,2026H1,2026H1,地面站避让点题型,速度高度参数设置,参数设置,高度;速度;m/s,ground_station_exam_cases.csv
gskill_e23ed5f48aba,gsec_decf3e24193a,qbank_32b37a2f20be,实操题库_地面站考试条件_2026H1_地面站避让点题型.txt_33,2026H1,2026H1,地面站避让点题型,转弯停留循环设置,参数设置,转弯;停留;循环;闭合;不循环,ground_station_exam_cases.csv
gskill_09dfc720e54b,gsec_decf3e24193a,qbank_32b37a2f20be,实操题库_地面站考试条件_2026H1_地面站避让点题型.txt_33,2026H1,2026H1,地面站避让点题型,几何图形航线规划,几何计算,边长;图形,ground_station_exam_cases.csv
gskill_27f16a1b3be3,gsec_decf3e24193a,qbank_32b37a2f20be,实操题库_地面站考试条件_2026H1_地面站避让点题型.txt_33,2026H1,2026H1,地面站避让点题型,题型:地面站避让点,题型,地面站避让点题型,ground_station_exam_cases.csv
gskill_ec430106f3b7,gsec_18ecc65225ef,qbank_32b37a2f20be,实操题库_地面站考试条件_2026H1_地面站避让点题型.txt_34,2026H1,2026H1,地面站避让点题型,经纬度换算,导航定位,经纬度;N:;E:;N;E,ground_station_exam_cases.csv
gskill_832d509a4ed5,gsec_18ecc65225ef,qbank_32b37a2f20be,实操题库_地面站考试条件_2026H1_地面站避让点题型.txt_34,2026H1,2026H1,地面站避让点题型,航向方位判断,导航定位,NW;SW,ground_station_exam_cases.csv
gskill_fae92ea5a5c8,gsec_18ecc65225ef,qbank_32b37a2f20be,实操题库_地面站考试条件_2026H1_地面站避让点题型.txt_34,2026H1,2026H1,地面站避让点题型,避让点规划,限制绕飞,避让,ground_station_exam_cases.csv
gskill_3f382bdc6d7a,gsec_18ecc65225ef,qbank_32b37a2f20be,实操题库_地面站考试条件_2026H1_地面站避让点题型.txt_34,2026H1,2026H1,地面站避让点题型,空域地形限制处理,限制绕飞,空域;限制,ground_station_exam_cases.csv
gskill_465f7573bdf3,gsec_18ecc65225ef,qbank_32b37a2f20be,实操题库_地面站考试条件_2026H1_地面站避让点题型.txt_34,2026H1,2026H1,地面站避让点题型,速度高度参数设置,参数设置,高度;速度;m/s,ground_station_exam_cases.csv
gskill_b4d03c0deeeb,gsec_18ecc65225ef,qbank_32b37a2f20be,实操题库_地面站考试条件_2026H1_地面站避让点题型.txt_34,2026H1,2026H1,地面站避让点题型,转弯停留循环设置,参数设置,转弯;循环;闭合,ground_station_exam_cases.csv
gskill_c3fa52a8ed84,gsec_18ecc65225ef,qbank_32b37a2f20be,实操题库_地面站考试条件_2026H1_地面站避让点题型.txt_34,2026H1,2026H1,地面站避让点题型,几何图形航线规划,几何计算,六边形;边长;图形,ground_station_exam_cases.csv
gskill_b117f55bd9e0,gsec_18ecc65225ef,qbank_32b37a2f20be,实操题库_地面站考试条件_2026H1_地面站避让点题型.txt_34,2026H1,2026H1,地面站避让点题型,起飞返航点定位,导航定位,起飞点,ground_station_exam_cases.csv
gskill_c417a0d0b26b,gsec_18ecc65225ef,qbank_32b37a2f20be,实操题库_地面站考试条件_2026H1_地面站避让点题型.txt_34,2026H1,2026H1,地面站避让点题型,题型:地面站避让点,题型,地面站避让点题型,ground_station_exam_cases.csv
gskill_d781a2a2c2dd,gsec_32fdfa53a3f4,qbank_32b37a2f20be,实操题库_地面站考试条件_2026H1_地面站避让点题型.txt_35,2026H1,2026H1,地面站避让点题型,经纬度换算,导航定位,经纬度;N:;E:;N;E,ground_station_exam_cases.csv
gskill_4eba48c39262,gsec_32fdfa53a3f4,qbank_32b37a2f20be,实操题库_地面站考试条件_2026H1_地面站避让点题型.txt_35,2026H1,2026H1,地面站避让点题型,航向方位判断,导航定位,NW;SW,ground_station_exam_cases.csv
gskill_3bc9415dd620,gsec_32fdfa53a3f4,qbank_32b37a2f20be,实操题库_地面站考试条件_2026H1_地面站避让点题型.txt_35,2026H1,2026H1,地面站避让点题型,夹角计算,几何计算,∠,ground_station_exam_cases.csv
gskill_6f48a4f8409a,gsec_32fdfa53a3f4,qbank_32b37a2f20be,实操题库_地面站考试条件_2026H1_地面站避让点题型.txt_35,2026H1,2026H1,地面站避让点题型,避让点规划,限制绕飞,避让,ground_station_exam_cases.csv
gskill_8a7bbc8b0715,gsec_32fdfa53a3f4,qbank_32b37a2f20be,实操题库_地面站考试条件_2026H1_地面站避让点题型.txt_35,2026H1,2026H1,地面站避让点题型,空域地形限制处理,限制绕飞,空域;限制,ground_station_exam_cases.csv
gskill_85da755146e2,gsec_32fdfa53a3f4,qbank_32b37a2f20be,实操题库_地面站考试条件_2026H1_地面站避让点题型.txt_35,2026H1,2026H1,地面站避让点题型,速度高度参数设置,参数设置,高度;速度;m/s,ground_station_exam_cases.csv
gskill_69cdcd9549a5,gsec_32fdfa53a3f4,qbank_32b37a2f20be,实操题库_地面站考试条件_2026H1_地面站避让点题型.txt_35,2026H1,2026H1,地面站避让点题型,转弯停留循环设置,参数设置,转弯;停留;循环;闭合,ground_station_exam_cases.csv
gskill_8e4212910512,gsec_32fdfa53a3f4,qbank_32b37a2f20be,实操题库_地面站考试条件_2026H1_地面站避让点题型.txt_35,2026H1,2026H1,地面站避让点题型,几何图形航线规划,几何计算,边长,ground_station_exam_cases.csv
gskill_e3d0b11a6feb,gsec_32fdfa53a3f4,qbank_32b37a2f20be,实操题库_地面站考试条件_2026H1_地面站避让点题型.txt_35,2026H1,2026H1,地面站避让点题型,题型:地面站避让点,题型,地面站避让点题型,ground_station_exam_cases.csv
gskill_64cd7a5277d2,gsec_1888980b49c1,qbank_32b37a2f20be,实操题库_地面站考试条件_2026H1_地面站避让点题型.txt_36,2026H1,2026H1,地面站避让点题型,经纬度换算,导航定位,N:;E:;N;E,ground_station_exam_cases.csv
gskill_6b4e7091937a,gsec_1888980b49c1,qbank_32b37a2f20be,实操题库_地面站考试条件_2026H1_地面站避让点题型.txt_36,2026H1,2026H1,地面站避让点题型,航向方位判断,导航定位,NW;SE,ground_station_exam_cases.csv
gskill_1599beec9139,gsec_1888980b49c1,qbank_32b37a2f20be,实操题库_地面站考试条件_2026H1_地面站避让点题型.txt_36,2026H1,2026H1,地面站避让点题型,夹角计算,几何计算,∠,ground_station_exam_cases.csv
gskill_03a87ace3823,gsec_1888980b49c1,qbank_32b37a2f20be,实操题库_地面站考试条件_2026H1_地面站避让点题型.txt_36,2026H1,2026H1,地面站避让点题型,避让点规划,限制绕飞,避让,ground_station_exam_cases.csv
gskill_5fbaac054670,gsec_1888980b49c1,qbank_32b37a2f20be,实操题库_地面站考试条件_2026H1_地面站避让点题型.txt_36,2026H1,2026H1,地面站避让点题型,空域地形限制处理,限制绕飞,限制,ground_station_exam_cases.csv
gskill_d449d6723ab2,gsec_1888980b49c1,qbank_32b37a2f20be,实操题库_地面站考试条件_2026H1_地面站避让点题型.txt_36,2026H1,2026H1,地面站避让点题型,速度高度参数设置,参数设置,高度;速度;m/s,ground_station_exam_cases.csv
gskill_7d5295072f7d,gsec_1888980b49c1,qbank_32b37a2f20be,实操题库_地面站考试条件_2026H1_地面站避让点题型.txt_36,2026H1,2026H1,地面站避让点题型,转弯停留循环设置,参数设置,转弯;停留;循环;闭合,ground_station_exam_cases.csv
gskill_7a79321eb908,gsec_1888980b49c1,qbank_32b37a2f20be,实操题库_地面站考试条件_2026H1_地面站避让点题型.txt_36,2026H1,2026H1,地面站避让点题型,几何图形航线规划,几何计算,五边形;边长;图形,ground_station_exam_cases.csv
gskill_95bcf64345f5,gsec_1888980b49c1,qbank_32b37a2f20be,实操题库_地面站考试条件_2026H1_地面站避让点题型.txt_36,2026H1,2026H1,地面站避让点题型,题型:地面站避让点,题型,地面站避让点题型,ground_station_exam_cases.csv
gskill_786744ea6d9e,gsec_f09f2fbd8df9,qbank_32b37a2f20be,实操题库_地面站考试条件_2026H1_地面站避让点题型.txt_37,2026H1,2026H1,地面站避让点题型,经纬度换算,导航定位,经纬度;N:;E:;N;E,ground_station_exam_cases.csv
gskill_7d5f17807802,gsec_f09f2fbd8df9,qbank_32b37a2f20be,实操题库_地面站考试条件_2026H1_地面站避让点题型.txt_37,2026H1,2026H1,地面站避让点题型,航向方位判断,导航定位,航向;方位;NW;SW,ground_station_exam_cases.csv
gskill_56797fdf2562,gsec_f09f2fbd8df9,qbank_32b37a2f20be,实操题库_地面站考试条件_2026H1_地面站避让点题型.txt_37,2026H1,2026H1,地面站避让点题型,避让点规划,限制绕飞,避让,ground_station_exam_cases.csv
gskill_a8da2d0aa0a8,gsec_f09f2fbd8df9,qbank_32b37a2f20be,实操题库_地面站考试条件_2026H1_地面站避让点题型.txt_37,2026H1,2026H1,地面站避让点题型,速度高度参数设置,参数设置,高度;速度;m/s,ground_station_exam_cases.csv
gskill_23927a367ba3,gsec_f09f2fbd8df9,qbank_32b37a2f20be,实操题库_地面站考试条件_2026H1_地面站避让点题型.txt_37,2026H1,2026H1,地面站避让点题型,转弯停留循环设置,参数设置,转弯;停留;循环;闭合;不循环,ground_station_exam_cases.csv
gskill_7950e45a0ad1,gsec_f09f2fbd8df9,qbank_32b37a2f20be,实操题库_地面站考试条件_2026H1_地面站避让点题型.txt_37,2026H1,2026H1,地面站避让点题型,几何图形航线规划,几何计算,图形,ground_station_exam_cases.csv
gskill_aed1d6973425,gsec_f09f2fbd8df9,qbank_32b37a2f20be,实操题库_地面站考试条件_2026H1_地面站避让点题型.txt_37,2026H1,2026H1,地面站避让点题型,起飞返航点定位,导航定位,起飞点,ground_station_exam_cases.csv
gskill_1055da97b565,gsec_f09f2fbd8df9,qbank_32b37a2f20be,实操题库_地面站考试条件_2026H1_地面站避让点题型.txt_37,2026H1,2026H1,地面站避让点题型,题型:地面站避让点,题型,地面站避让点题型,ground_station_exam_cases.csv
gskill_713772d4bda8,gsec_ffb5083e13da,qbank_32b37a2f20be,实操题库_地面站考试条件_2026H1_地面站避让点题型.txt_38,2026H1,2026H1,地面站避让点题型,经纬度换算,导航定位,经纬度;N:;E:;N;E,ground_station_exam_cases.csv
gskill_dd1f1d6d4d35,gsec_ffb5083e13da,qbank_32b37a2f20be,实操题库_地面站考试条件_2026H1_地面站避让点题型.txt_38,2026H1,2026H1,地面站避让点题型,航向方位判断,导航定位,SW,ground_station_exam_cases.csv
gskill_f4d30442e6e1,gsec_ffb5083e13da,qbank_32b37a2f20be,实操题库_地面站考试条件_2026H1_地面站避让点题型.txt_38,2026H1,2026H1,地面站避让点题型,避让点规划,限制绕飞,避让,ground_station_exam_cases.csv
gskill_9ced17fabf17,gsec_ffb5083e13da,qbank_32b37a2f20be,实操题库_地面站考试条件_2026H1_地面站避让点题型.txt_38,2026H1,2026H1,地面站避让点题型,速度高度参数设置,参数设置,高度;速度;m/s,ground_station_exam_cases.csv
gskill_7b88c255bb32,gsec_ffb5083e13da,qbank_32b37a2f20be,实操题库_地面站考试条件_2026H1_地面站避让点题型.txt_38,2026H1,2026H1,地面站避让点题型,转弯停留循环设置,参数设置,转弯;停留;循环;闭合;不循环,ground_station_exam_cases.csv
gskill_5268d68bf919,gsec_ffb5083e13da,qbank_32b37a2f20be,实操题库_地面站考试条件_2026H1_地面站避让点题型.txt_38,2026H1,2026H1,地面站避让点题型,几何图形航线规划,几何计算,边长;图形,ground_station_exam_cases.csv
gskill_44a16a27b46c,gsec_ffb5083e13da,qbank_32b37a2f20be,实操题库_地面站考试条件_2026H1_地面站避让点题型.txt_38,2026H1,2026H1,地面站避让点题型,题型:地面站避让点,题型,地面站避让点题型,ground_station_exam_cases.csv
gskill_29c0088458a9,gsec_199b109e7986,qbank_32b37a2f20be,实操题库_地面站考试条件_2026H1_地面站避让点题型.txt_39,2026H1,2026H1,地面站避让点题型,经纬度换算,导航定位,经纬度;N:;E:;N;E,ground_station_exam_cases.csv
gskill_6236c65996b3,gsec_199b109e7986,qbank_32b37a2f20be,实操题库_地面站考试条件_2026H1_地面站避让点题型.txt_39,2026H1,2026H1,地面站避让点题型,航向方位判断,导航定位,SE,ground_station_exam_cases.csv
gskill_9351169b61ad,gsec_199b109e7986,qbank_32b37a2f20be,实操题库_地面站考试条件_2026H1_地面站避让点题型.txt_39,2026H1,2026H1,地面站避让点题型,避让点规划,限制绕飞,避让,ground_station_exam_cases.csv
gskill_1ffb2457f2d7,gsec_199b109e7986,qbank_32b37a2f20be,实操题库_地面站考试条件_2026H1_地面站避让点题型.txt_39,2026H1,2026H1,地面站避让点题型,速度高度参数设置,参数设置,高度;速度;m/s,ground_station_exam_cases.csv
gskill_e6b75df17d0a,gsec_199b109e7986,qbank_32b37a2f20be,实操题库_地面站考试条件_2026H1_地面站避让点题型.txt_39,2026H1,2026H1,地面站避让点题型,转弯停留循环设置,参数设置,转弯;循环;闭合;不循环,ground_station_exam_cases.csv
gskill_f526ba1a77ca,gsec_199b109e7986,qbank_32b37a2f20be,实操题库_地面站考试条件_2026H1_地面站避让点题型.txt_39,2026H1,2026H1,地面站避让点题型,几何图形航线规划,几何计算,图形,ground_station_exam_cases.csv
gskill_996a6502a21e,gsec_199b109e7986,qbank_32b37a2f20be,实操题库_地面站考试条件_2026H1_地面站避让点题型.txt_39,2026H1,2026H1,地面站避让点题型,题型:地面站避让点,题型,地面站避让点题型,ground_station_exam_cases.csv
gskill_5c6fc0152618,gsec_aecf83e7f9dc,qbank_32b37a2f20be,实操题库_地面站考试条件_2026H1_地面站避让点题型.txt_40,2026H1,2026H1,地面站避让点题型,经纬度换算,导航定位,经纬度;N:;E:;N;E,ground_station_exam_cases.csv
gskill_2fe8b090b2fa,gsec_aecf83e7f9dc,qbank_32b37a2f20be,实操题库_地面站考试条件_2026H1_地面站避让点题型.txt_40,2026H1,2026H1,地面站避让点题型,航向方位判断,导航定位,NW;SE,ground_station_exam_cases.csv
gskill_0247147edf8d,gsec_aecf83e7f9dc,qbank_32b37a2f20be,实操题库_地面站考试条件_2026H1_地面站避让点题型.txt_40,2026H1,2026H1,地面站避让点题型,夹角计算,几何计算,∠,ground_station_exam_cases.csv
gskill_b2a2d8c34424,gsec_aecf83e7f9dc,qbank_32b37a2f20be,实操题库_地面站考试条件_2026H1_地面站避让点题型.txt_40,2026H1,2026H1,地面站避让点题型,避让点规划,限制绕飞,避让,ground_station_exam_cases.csv
gskill_081a48d3ccbd,gsec_aecf83e7f9dc,qbank_32b37a2f20be,实操题库_地面站考试条件_2026H1_地面站避让点题型.txt_40,2026H1,2026H1,地面站避让点题型,速度高度参数设置,参数设置,高度;速度;m/s,ground_station_exam_cases.csv
gskill_33e5708feea9,gsec_aecf83e7f9dc,qbank_32b37a2f20be,实操题库_地面站考试条件_2026H1_地面站避让点题型.txt_40,2026H1,2026H1,地面站避让点题型,转弯停留循环设置,参数设置,转弯;停留;循环;闭合,ground_station_exam_cases.csv
gskill_ce8a959ab38a,gsec_aecf83e7f9dc,qbank_32b37a2f20be,实操题库_地面站考试条件_2026H1_地面站避让点题型.txt_40,2026H1,2026H1,地面站避让点题型,几何图形航线规划,几何计算,边长;图形,ground_station_exam_cases.csv
gskill_167d7b5c150e,gsec_aecf83e7f9dc,qbank_32b37a2f20be,实操题库_地面站考试条件_2026H1_地面站避让点题型.txt_40,2026H1,2026H1,地面站避让点题型,题型:地面站避让点,题型,地面站避让点题型,ground_station_exam_cases.csv
gskill_12127de654bc,gsec_a10940b09bf8,qbank_32b37a2f20be,实操题库_地面站考试条件_2026H1_地面站避让点题型.txt_41,2026H1,2026H1,地面站避让点题型,经纬度换算,导航定位,经纬度;N:;E:;N;E,ground_station_exam_cases.csv
gskill_73378084ca06,gsec_a10940b09bf8,qbank_32b37a2f20be,实操题库_地面站考试条件_2026H1_地面站避让点题型.txt_41,2026H1,2026H1,地面站避让点题型,航向方位判断,导航定位,SE;SW,ground_station_exam_cases.csv
gskill_2f564497d631,gsec_a10940b09bf8,qbank_32b37a2f20be,实操题库_地面站考试条件_2026H1_地面站避让点题型.txt_41,2026H1,2026H1,地面站避让点题型,避让点规划,限制绕飞,避让,ground_station_exam_cases.csv
gskill_f3581e45f763,gsec_a10940b09bf8,qbank_32b37a2f20be,实操题库_地面站考试条件_2026H1_地面站避让点题型.txt_41,2026H1,2026H1,地面站避让点题型,速度高度参数设置,参数设置,高度;速度;m/s,ground_station_exam_cases.csv
gskill_7c089b23022c,gsec_a10940b09bf8,qbank_32b37a2f20be,实操题库_地面站考试条件_2026H1_地面站避让点题型.txt_41,2026H1,2026H1,地面站避让点题型,转弯停留循环设置,参数设置,转弯;停留;循环;闭合,ground_station_exam_cases.csv
gskill_98ad54c859b5,gsec_a10940b09bf8,qbank_32b37a2f20be,实操题库_地面站考试条件_2026H1_地面站避让点题型.txt_41,2026H1,2026H1,地面站避让点题型,几何图形航线规划,几何计算,边长;图形,ground_station_exam_cases.csv
gskill_2d8e6184b7b4,gsec_a10940b09bf8,qbank_32b37a2f20be,实操题库_地面站考试条件_2026H1_地面站避让点题型.txt_41,2026H1,2026H1,地面站避让点题型,题型:地面站避让点,题型,地面站避让点题型,ground_station_exam_cases.csv
gskill_0147f5ee93b6,gsec_e77ca8a61dc9,qbank_32b37a2f20be,实操题库_地面站考试条件_2026H1_地面站避让点题型.txt_42,2026H1,2026H1,地面站避让点题型,经纬度换算,导航定位,经纬度;N:;E:;N;E,ground_station_exam_cases.csv
gskill_4135d49b79a0,gsec_e77ca8a61dc9,qbank_32b37a2f20be,实操题库_地面站考试条件_2026H1_地面站避让点题型.txt_42,2026H1,2026H1,地面站避让点题型,航向方位判断,导航定位,NW;SE,ground_station_exam_cases.csv
gskill_a0d1009a0a3d,gsec_e77ca8a61dc9,qbank_32b37a2f20be,实操题库_地面站考试条件_2026H1_地面站避让点题型.txt_42,2026H1,2026H1,地面站避让点题型,避让点规划,限制绕飞,避让,ground_station_exam_cases.csv
gskill_3560441d5b24,gsec_e77ca8a61dc9,qbank_32b37a2f20be,实操题库_地面站考试条件_2026H1_地面站避让点题型.txt_42,2026H1,2026H1,地面站避让点题型,速度高度参数设置,参数设置,高度;速度;m/s,ground_station_exam_cases.csv
gskill_b78bdaec54e8,gsec_e77ca8a61dc9,qbank_32b37a2f20be,实操题库_地面站考试条件_2026H1_地面站避让点题型.txt_42,2026H1,2026H1,地面站避让点题型,转弯停留循环设置,参数设置,转弯;停留;循环;闭合,ground_station_exam_cases.csv
gskill_f8564ec342d5,gsec_e77ca8a61dc9,qbank_32b37a2f20be,实操题库_地面站考试条件_2026H1_地面站避让点题型.txt_42,2026H1,2026H1,地面站避让点题型,几何图形航线规划,几何计算,六边形;边长;图形,ground_station_exam_cases.csv
gskill_3c5010626fca,gsec_e77ca8a61dc9,qbank_32b37a2f20be,实操题库_地面站考试条件_2026H1_地面站避让点题型.txt_42,2026H1,2026H1,地面站避让点题型,题型:地面站避让点,题型,地面站避让点题型,ground_station_exam_cases.csv
gskill_df4104541259,gsec_26071082870c,qbank_32b37a2f20be,实操题库_地面站考试条件_2026H1_地面站避让点题型.txt_43,2026H1,2026H1,地面站避让点题型,经纬度换算,导航定位,经纬度;N:;E:;N;E,ground_station_exam_cases.csv
gskill_e7806c13a97d,gsec_26071082870c,qbank_32b37a2f20be,实操题库_地面站考试条件_2026H1_地面站避让点题型.txt_43,2026H1,2026H1,地面站避让点题型,航向方位判断,导航定位,NW;SE,ground_station_exam_cases.csv
gskill_5300e7554bb1,gsec_26071082870c,qbank_32b37a2f20be,实操题库_地面站考试条件_2026H1_地面站避让点题型.txt_43,2026H1,2026H1,地面站避让点题型,避让点规划,限制绕飞,避让,ground_station_exam_cases.csv
gskill_06f5dbeaeee5,gsec_26071082870c,qbank_32b37a2f20be,实操题库_地面站考试条件_2026H1_地面站避让点题型.txt_43,2026H1,2026H1,地面站避让点题型,速度高度参数设置,参数设置,高度;速度;m/s,ground_station_exam_cases.csv
gskill_abc305d0aa3f,gsec_26071082870c,qbank_32b37a2f20be,实操题库_地面站考试条件_2026H1_地面站避让点题型.txt_43,2026H1,2026H1,地面站避让点题型,转弯停留循环设置,参数设置,转弯;停留;循环;闭合,ground_station_exam_cases.csv
gskill_4505736c67f1,gsec_26071082870c,qbank_32b37a2f20be,实操题库_地面站考试条件_2026H1_地面站避让点题型.txt_43,2026H1,2026H1,地面站避让点题型,几何图形航线规划,几何计算,六边形;边长;图形,ground_station_exam_cases.csv
gskill_4b5ff26d154c,gsec_26071082870c,qbank_32b37a2f20be,实操题库_地面站考试条件_2026H1_地面站避让点题型.txt_43,2026H1,2026H1,地面站避让点题型,题型:地面站避让点,题型,地面站避让点题型,ground_station_exam_cases.csv
gskill_1e2c2f708934,gsec_f56c500261a8,qbank_32b37a2f20be,实操题库_地面站考试条件_2026H1_地面站避让点题型.txt_44,2026H1,2026H1,地面站避让点题型,经纬度换算,导航定位,经纬度;N:;E:;N;E,ground_station_exam_cases.csv
gskill_a251e6a68dc2,gsec_f56c500261a8,qbank_32b37a2f20be,实操题库_地面站考试条件_2026H1_地面站避让点题型.txt_44,2026H1,2026H1,地面站避让点题型,航向方位判断,导航定位,NE;NW,ground_station_exam_cases.csv
gskill_b641c97c0176,gsec_f56c500261a8,qbank_32b37a2f20be,实操题库_地面站考试条件_2026H1_地面站避让点题型.txt_44,2026H1,2026H1,地面站避让点题型,避让点规划,限制绕飞,避让,ground_station_exam_cases.csv
gskill_08f27c652760,gsec_f56c500261a8,qbank_32b37a2f20be,实操题库_地面站考试条件_2026H1_地面站避让点题型.txt_44,2026H1,2026H1,地面站避让点题型,速度高度参数设置,参数设置,高度;速度;m/s,ground_station_exam_cases.csv
gskill_abece54b2696,gsec_f56c500261a8,qbank_32b37a2f20be,实操题库_地面站考试条件_2026H1_地面站避让点题型.txt_44,2026H1,2026H1,地面站避让点题型,转弯停留循环设置,参数设置,转弯;停留;循环;闭合,ground_station_exam_cases.csv
gskill_5a674698ed0e,gsec_f56c500261a8,qbank_32b37a2f20be,实操题库_地面站考试条件_2026H1_地面站避让点题型.txt_44,2026H1,2026H1,地面站避让点题型,几何图形航线规划,几何计算,六边形;边长;图形,ground_station_exam_cases.csv
gskill_2e7efeac9f53,gsec_f56c500261a8,qbank_32b37a2f20be,实操题库_地面站考试条件_2026H1_地面站避让点题型.txt_44,2026H1,2026H1,地面站避让点题型,题型:地面站避让点,题型,地面站避让点题型,ground_station_exam_cases.csv
gskill_d85ac10118a9,gsec_b789e4314868,qbank_32b37a2f20be,实操题库_地面站考试条件_2026H1_地面站避让点题型.txt_45,2026H1,2026H1,地面站避让点题型,经纬度换算,导航定位,经纬度;N:;E:;N;E,ground_station_exam_cases.csv
gskill_954e924a578b,gsec_b789e4314868,qbank_32b37a2f20be,实操题库_地面站考试条件_2026H1_地面站避让点题型.txt_45,2026H1,2026H1,地面站避让点题型,航向方位判断,导航定位,SE;SW,ground_station_exam_cases.csv
gskill_742e205c8153,gsec_b789e4314868,qbank_32b37a2f20be,实操题库_地面站考试条件_2026H1_地面站避让点题型.txt_45,2026H1,2026H1,地面站避让点题型,避让点规划,限制绕飞,避让,ground_station_exam_cases.csv
gskill_a26aafa2f4ed,gsec_b789e4314868,qbank_32b37a2f20be,实操题库_地面站考试条件_2026H1_地面站避让点题型.txt_45,2026H1,2026H1,地面站避让点题型,速度高度参数设置,参数设置,高度;速度;m/s,ground_station_exam_cases.csv
gskill_07413ac3aa78,gsec_b789e4314868,qbank_32b37a2f20be,实操题库_地面站考试条件_2026H1_地面站避让点题型.txt_45,2026H1,2026H1,地面站避让点题型,转弯停留循环设置,参数设置,转弯;循环;闭合;不循环,ground_station_exam_cases.csv
gskill_985a619bdf81,gsec_b789e4314868,qbank_32b37a2f20be,实操题库_地面站考试条件_2026H1_地面站避让点题型.txt_45,2026H1,2026H1,地面站避让点题型,几何图形航线规划,几何计算,图形,ground_station_exam_cases.csv
gskill_e0e65031a61f,gsec_b789e4314868,qbank_32b37a2f20be,实操题库_地面站考试条件_2026H1_地面站避让点题型.txt_45,2026H1,2026H1,地面站避让点题型,题型:地面站避让点,题型,地面站避让点题型,ground_station_exam_cases.csv
gskill_19d551c5c7b8,gsec_19e3a5a08f9f,qbank_32b37a2f20be,实操题库_地面站考试条件_2026H1_地面站避让点题型.txt_46,2026H1,2026H1,地面站避让点题型,经纬度换算,导航定位,经纬度;N:;E:;N;E,ground_station_exam_cases.csv
gskill_e330f6c5276e,gsec_19e3a5a08f9f,qbank_32b37a2f20be,实操题库_地面站考试条件_2026H1_地面站避让点题型.txt_46,2026H1,2026H1,地面站避让点题型,航向方位判断,导航定位,NW;SE,ground_station_exam_cases.csv
gskill_625a9362b061,gsec_19e3a5a08f9f,qbank_32b37a2f20be,实操题库_地面站考试条件_2026H1_地面站避让点题型.txt_46,2026H1,2026H1,地面站避让点题型,夹角计算,几何计算,∠,ground_station_exam_cases.csv
gskill_ce51a2c24bc2,gsec_19e3a5a08f9f,qbank_32b37a2f20be,实操题库_地面站考试条件_2026H1_地面站避让点题型.txt_46,2026H1,2026H1,地面站避让点题型,避让点规划,限制绕飞,避让,ground_station_exam_cases.csv
gskill_a47f92e03206,gsec_19e3a5a08f9f,qbank_32b37a2f20be,实操题库_地面站考试条件_2026H1_地面站避让点题型.txt_46,2026H1,2026H1,地面站避让点题型,速度高度参数设置,参数设置,高度;速度;m/s,ground_station_exam_cases.csv
gskill_da7fd41b5414,gsec_19e3a5a08f9f,qbank_32b37a2f20be,实操题库_地面站考试条件_2026H1_地面站避让点题型.txt_46,2026H1,2026H1,地面站避让点题型,转弯停留循环设置,参数设置,转弯;停留;循环;闭合,ground_station_exam_cases.csv
gskill_c72df73f3d4d,gsec_19e3a5a08f9f,qbank_32b37a2f20be,实操题库_地面站考试条件_2026H1_地面站避让点题型.txt_46,2026H1,2026H1,地面站避让点题型,几何图形航线规划,几何计算,边长;图形,ground_station_exam_cases.csv
gskill_9431b0097538,gsec_19e3a5a08f9f,qbank_32b37a2f20be,实操题库_地面站考试条件_2026H1_地面站避让点题型.txt_46,2026H1,2026H1,地面站避让点题型,题型:地面站避让点,题型,地面站避让点题型,ground_station_exam_cases.csv
gskill_518e1788af89,gsec_23bb3da7472f,qbank_32b37a2f20be,实操题库_地面站考试条件_2026H1_地面站避让点题型.txt_47,2026H1,2026H1,地面站避让点题型,经纬度换算,导航定位,经纬度;N:;E:;N;E,ground_station_exam_cases.csv
gskill_78c178123ac7,gsec_23bb3da7472f,qbank_32b37a2f20be,实操题库_地面站考试条件_2026H1_地面站避让点题型.txt_47,2026H1,2026H1,地面站避让点题型,航向方位判断,导航定位,NW;SE,ground_station_exam_cases.csv
gskill_d9a7a84363f8,gsec_23bb3da7472f,qbank_32b37a2f20be,实操题库_地面站考试条件_2026H1_地面站避让点题型.txt_47,2026H1,2026H1,地面站避让点题型,夹角计算,几何计算,∠,ground_station_exam_cases.csv
gskill_3d8db4cd47c9,gsec_23bb3da7472f,qbank_32b37a2f20be,实操题库_地面站考试条件_2026H1_地面站避让点题型.txt_47,2026H1,2026H1,地面站避让点题型,避让点规划,限制绕飞,避让,ground_station_exam_cases.csv
gskill_a0641ccdc9f1,gsec_23bb3da7472f,qbank_32b37a2f20be,实操题库_地面站考试条件_2026H1_地面站避让点题型.txt_47,2026H1,2026H1,地面站避让点题型,速度高度参数设置,参数设置,高度;速度;m/s,ground_station_exam_cases.csv
gskill_03a0aa36456f,gsec_23bb3da7472f,qbank_32b37a2f20be,实操题库_地面站考试条件_2026H1_地面站避让点题型.txt_47,2026H1,2026H1,地面站避让点题型,转弯停留循环设置,参数设置,转弯;停留;循环;闭合,ground_station_exam_cases.csv
gskill_eda88c48d929,gsec_23bb3da7472f,qbank_32b37a2f20be,实操题库_地面站考试条件_2026H1_地面站避让点题型.txt_47,2026H1,2026H1,地面站避让点题型,几何图形航线规划,几何计算,五边形;边长;图形,ground_station_exam_cases.csv
gskill_5b7c87637481,gsec_23bb3da7472f,qbank_32b37a2f20be,实操题库_地面站考试条件_2026H1_地面站避让点题型.txt_47,2026H1,2026H1,地面站避让点题型,题型:地面站避让点,题型,地面站避让点题型,ground_station_exam_cases.csv
gskill_3333407fb026,gsec_3b224bd0a6fd,qbank_32b37a2f20be,实操题库_地面站考试条件_2026H1_地面站避让点题型.txt_48,2026H1,2026H1,地面站避让点题型,经纬度换算,导航定位,经纬度;N:;E:;N;E,ground_station_exam_cases.csv
gskill_74ccd818f6b5,gsec_3b224bd0a6fd,qbank_32b37a2f20be,实操题库_地面站考试条件_2026H1_地面站避让点题型.txt_48,2026H1,2026H1,地面站避让点题型,航向方位判断,导航定位,SE;SW,ground_station_exam_cases.csv
gskill_8e8869f36596,gsec_3b224bd0a6fd,qbank_32b37a2f20be,实操题库_地面站考试条件_2026H1_地面站避让点题型.txt_48,2026H1,2026H1,地面站避让点题型,避让点规划,限制绕飞,避让,ground_station_exam_cases.csv
gskill_eb5c2cfffc08,gsec_3b224bd0a6fd,qbank_32b37a2f20be,实操题库_地面站考试条件_2026H1_地面站避让点题型.txt_48,2026H1,2026H1,地面站避让点题型,速度高度参数设置,参数设置,高度;速度;m/s,ground_station_exam_cases.csv
gskill_b65e16e72138,gsec_3b224bd0a6fd,qbank_32b37a2f20be,实操题库_地面站考试条件_2026H1_地面站避让点题型.txt_48,2026H1,2026H1,地面站避让点题型,转弯停留循环设置,参数设置,转弯;停留;闭合,ground_station_exam_cases.csv
gskill_af0416a51fb2,gsec_3b224bd0a6fd,qbank_32b37a2f20be,实操题库_地面站考试条件_2026H1_地面站避让点题型.txt_48,2026H1,2026H1,地面站避让点题型,几何图形航线规划,几何计算,边长;图形,ground_station_exam_cases.csv
gskill_f180eee6ef13,gsec_3b224bd0a6fd,qbank_32b37a2f20be,实操题库_地面站考试条件_2026H1_地面站避让点题型.txt_48,2026H1,2026H1,地面站避让点题型,题型:地面站避让点,题型,地面站避让点题型,ground_station_exam_cases.csv
gskill_d958321546e6,gsec_2834b721bfab,qbank_32b37a2f20be,实操题库_地面站考试条件_2026H1_地面站避让点题型.txt_49,2026H1,2026H1,地面站避让点题型,经纬度换算,导航定位,经纬度;N:;E:;N;E,ground_station_exam_cases.csv
gskill_b0a6edb52dcb,gsec_2834b721bfab,qbank_32b37a2f20be,实操题库_地面站考试条件_2026H1_地面站避让点题型.txt_49,2026H1,2026H1,地面站避让点题型,航向方位判断,导航定位,SE;SW,ground_station_exam_cases.csv
gskill_c6f2f898c72b,gsec_2834b721bfab,qbank_32b37a2f20be,实操题库_地面站考试条件_2026H1_地面站避让点题型.txt_49,2026H1,2026H1,地面站避让点题型,避让点规划,限制绕飞,避让,ground_station_exam_cases.csv
gskill_cfd173152afc,gsec_2834b721bfab,qbank_32b37a2f20be,实操题库_地面站考试条件_2026H1_地面站避让点题型.txt_49,2026H1,2026H1,地面站避让点题型,速度高度参数设置,参数设置,高度;速度;m/s,ground_station_exam_cases.csv
gskill_1cbdfbdbf21d,gsec_2834b721bfab,qbank_32b37a2f20be,实操题库_地面站考试条件_2026H1_地面站避让点题型.txt_49,2026H1,2026H1,地面站避让点题型,转弯停留循环设置,参数设置,转弯;停留;闭合,ground_station_exam_cases.csv
gskill_f74f209ae6e3,gsec_2834b721bfab,qbank_32b37a2f20be,实操题库_地面站考试条件_2026H1_地面站避让点题型.txt_49,2026H1,2026H1,地面站避让点题型,几何图形航线规划,几何计算,六边形;边长;图形,ground_station_exam_cases.csv
gskill_f629484968c8,gsec_2834b721bfab,qbank_32b37a2f20be,实操题库_地面站考试条件_2026H1_地面站避让点题型.txt_49,2026H1,2026H1,地面站避让点题型,题型:地面站避让点,题型,地面站避让点题型,ground_station_exam_cases.csv
gskill_ed8124affe4c,gsec_4630f2b6fe28,qbank_32b37a2f20be,实操题库_地面站考试条件_2026H1_地面站避让点题型.txt_50,2026H1,2026H1,地面站避让点题型,经纬度换算,导航定位,经纬度;N:;E:;N;E,ground_station_exam_cases.csv
gskill_ad8b9e7fce83,gsec_4630f2b6fe28,qbank_32b37a2f20be,实操题库_地面站考试条件_2026H1_地面站避让点题型.txt_50,2026H1,2026H1,地面站避让点题型,航向方位判断,导航定位,NE;NW,ground_station_exam_cases.csv
gskill_c9fddf38a98b,gsec_4630f2b6fe28,qbank_32b37a2f20be,实操题库_地面站考试条件_2026H1_地面站避让点题型.txt_50,2026H1,2026H1,地面站避让点题型,避让点规划,限制绕飞,避让,ground_station_exam_cases.csv
gskill_0bc6d0ac09f1,gsec_4630f2b6fe28,qbank_32b37a2f20be,实操题库_地面站考试条件_2026H1_地面站避让点题型.txt_50,2026H1,2026H1,地面站避让点题型,空域地形限制处理,限制绕飞,空域;限制,ground_station_exam_cases.csv
gskill_aee799f2895e,gsec_4630f2b6fe28,qbank_32b37a2f20be,实操题库_地面站考试条件_2026H1_地面站避让点题型.txt_50,2026H1,2026H1,地面站避让点题型,速度高度参数设置,参数设置,高度;速度;米/秒,ground_station_exam_cases.csv
gskill_f82983a6d707,gsec_4630f2b6fe28,qbank_32b37a2f20be,实操题库_地面站考试条件_2026H1_地面站避让点题型.txt_50,2026H1,2026H1,地面站避让点题型,转弯停留循环设置,参数设置,转弯;闭合,ground_station_exam_cases.csv
gskill_3af0c96e0616,gsec_4630f2b6fe28,qbank_32b37a2f20be,实操题库_地面站考试条件_2026H1_地面站避让点题型.txt_50,2026H1,2026H1,地面站避让点题型,几何图形航线规划,几何计算,六边形;边长,ground_station_exam_cases.csv
gskill_2d23ccbbb264,gsec_4630f2b6fe28,qbank_32b37a2f20be,实操题库_地面站考试条件_2026H1_地面站避让点题型.txt_50,2026H1,2026H1,地面站避让点题型,题型:地面站避让点,题型,地面站避让点题型,ground_station_exam_cases.csv
gskill_cee07cc90d90,gsec_821720ca1fab,qbank_32b37a2f20be,实操题库_地面站考试条件_2026H1_地面站避让点题型.txt_51,2026H1,2026H1,地面站避让点题型,经纬度换算,导航定位,经纬度;N:;E:;N;E,ground_station_exam_cases.csv
gskill_6e426b5b7325,gsec_821720ca1fab,qbank_32b37a2f20be,实操题库_地面站考试条件_2026H1_地面站避让点题型.txt_51,2026H1,2026H1,地面站避让点题型,航向方位判断,导航定位,SE;SW,ground_station_exam_cases.csv
gskill_9abf31ee275e,gsec_821720ca1fab,qbank_32b37a2f20be,实操题库_地面站考试条件_2026H1_地面站避让点题型.txt_51,2026H1,2026H1,地面站避让点题型,避让点规划,限制绕飞,避让,ground_station_exam_cases.csv
gskill_9ed17e5a828f,gsec_821720ca1fab,qbank_32b37a2f20be,实操题库_地面站考试条件_2026H1_地面站避让点题型.txt_51,2026H1,2026H1,地面站避让点题型,空域地形限制处理,限制绕飞,空域;限制,ground_station_exam_cases.csv
gskill_62f6779e7919,gsec_821720ca1fab,qbank_32b37a2f20be,实操题库_地面站考试条件_2026H1_地面站避让点题型.txt_51,2026H1,2026H1,地面站避让点题型,速度高度参数设置,参数设置,高度;速度;米/秒,ground_station_exam_cases.csv
gskill_47ddb89bfd83,gsec_821720ca1fab,qbank_32b37a2f20be,实操题库_地面站考试条件_2026H1_地面站避让点题型.txt_51,2026H1,2026H1,地面站避让点题型,转弯停留循环设置,参数设置,转弯;停留;闭合,ground_station_exam_cases.csv
gskill_9b7fc38f3ca3,gsec_821720ca1fab,qbank_32b37a2f20be,实操题库_地面站考试条件_2026H1_地面站避让点题型.txt_51,2026H1,2026H1,地面站避让点题型,题型:地面站避让点,题型,地面站避让点题型,ground_station_exam_cases.csv
gskill_9581ff387795,gsec_2c6d9afb0a68,qbank_32b37a2f20be,实操题库_地面站考试条件_2026H1_地面站避让点题型.txt_52,2026H1,2026H1,地面站避让点题型,经纬度换算,导航定位,经纬度;N:;E:;N;E,ground_station_exam_cases.csv
gskill_5c8b6980b967,gsec_2c6d9afb0a68,qbank_32b37a2f20be,实操题库_地面站考试条件_2026H1_地面站避让点题型.txt_52,2026H1,2026H1,地面站避让点题型,航向方位判断,导航定位,NW;SE,ground_station_exam_cases.csv
gskill_d9960eecdfa9,gsec_2c6d9afb0a68,qbank_32b37a2f20be,实操题库_地面站考试条件_2026H1_地面站避让点题型.txt_52,2026H1,2026H1,地面站避让点题型,夹角计算,几何计算,∠;角,ground_station_exam_cases.csv
gskill_005bf2f7553b,gsec_2c6d9afb0a68,qbank_32b37a2f20be,实操题库_地面站考试条件_2026H1_地面站避让点题型.txt_52,2026H1,2026H1,地面站避让点题型,避让点规划,限制绕飞,避让,ground_station_exam_cases.csv
gskill_9dd5e3857b8e,gsec_2c6d9afb0a68,qbank_32b37a2f20be,实操题库_地面站考试条件_2026H1_地面站避让点题型.txt_52,2026H1,2026H1,地面站避让点题型,速度高度参数设置,参数设置,高度;速度;m/s,ground_station_exam_cases.csv
gskill_465eac59d11e,gsec_2c6d9afb0a68,qbank_32b37a2f20be,实操题库_地面站考试条件_2026H1_地面站避让点题型.txt_52,2026H1,2026H1,地面站避让点题型,转弯停留循环设置,参数设置,转弯;停留;闭合,ground_station_exam_cases.csv
gskill_05fb23d13b2d,gsec_2c6d9afb0a68,qbank_32b37a2f20be,实操题库_地面站考试条件_2026H1_地面站避让点题型.txt_52,2026H1,2026H1,地面站避让点题型,几何图形航线规划,几何计算,梯形;边长;图形,ground_station_exam_cases.csv
gskill_c5fdbe86bd84,gsec_2c6d9afb0a68,qbank_32b37a2f20be,实操题库_地面站考试条件_2026H1_地面站避让点题型.txt_52,2026H1,2026H1,地面站避让点题型,题型:地面站避让点,题型,地面站避让点题型,ground_station_exam_cases.csv
gskill_3df2647e4e9e,gsec_ed96e0cb8b6e,qbank_32b37a2f20be,实操题库_地面站考试条件_2026H1_地面站避让点题型.txt_53,2026H1,2026H1,地面站避让点题型,经纬度换算,导航定位,经纬度;N:;E:;N;E,ground_station_exam_cases.csv
gskill_6588d067a10d,gsec_ed96e0cb8b6e,qbank_32b37a2f20be,实操题库_地面站考试条件_2026H1_地面站避让点题型.txt_53,2026H1,2026H1,地面站避让点题型,航向方位判断,导航定位,NW;SE,ground_station_exam_cases.csv
gskill_5c4467e8eced,gsec_ed96e0cb8b6e,qbank_32b37a2f20be,实操题库_地面站考试条件_2026H1_地面站避让点题型.txt_53,2026H1,2026H1,地面站避让点题型,夹角计算,几何计算,∠,ground_station_exam_cases.csv
gskill_70796aa18f51,gsec_ed96e0cb8b6e,qbank_32b37a2f20be,实操题库_地面站考试条件_2026H1_地面站避让点题型.txt_53,2026H1,2026H1,地面站避让点题型,避让点规划,限制绕飞,避让,ground_station_exam_cases.csv
gskill_5bdd0b1192db,gsec_ed96e0cb8b6e,qbank_32b37a2f20be,实操题库_地面站考试条件_2026H1_地面站避让点题型.txt_53,2026H1,2026H1,地面站避让点题型,速度高度参数设置,参数设置,高度;速度,ground_station_exam_cases.csv
gskill_66b7f09458a2,gsec_ed96e0cb8b6e,qbank_32b37a2f20be,实操题库_地面站考试条件_2026H1_地面站避让点题型.txt_53,2026H1,2026H1,地面站避让点题型,转弯停留循环设置,参数设置,转弯;停留;闭合,ground_station_exam_cases.csv
gskill_9823d722a8c9,gsec_ed96e0cb8b6e,qbank_32b37a2f20be,实操题库_地面站考试条件_2026H1_地面站避让点题型.txt_53,2026H1,2026H1,地面站避让点题型,几何图形航线规划,几何计算,五边形;边长;图形,ground_station_exam_cases.csv
gskill_6b271622b5f1,gsec_ed96e0cb8b6e,qbank_32b37a2f20be,实操题库_地面站考试条件_2026H1_地面站避让点题型.txt_53,2026H1,2026H1,地面站避让点题型,题型:地面站避让点,题型,地面站避让点题型,ground_station_exam_cases.csv
gskill_57c2aaa6ce4f,gsec_dc26e5b913d5,qbank_32b37a2f20be,实操题库_地面站考试条件_2026H1_地面站避让点题型.txt_54,2026H1,2026H1,地面站避让点题型,经纬度换算,导航定位,经纬度;N:;E:;N;E,ground_station_exam_cases.csv
gskill_f8bae2fd80b8,gsec_dc26e5b913d5,qbank_32b37a2f20be,实操题库_地面站考试条件_2026H1_地面站避让点题型.txt_54,2026H1,2026H1,地面站避让点题型,航向方位判断,导航定位,NE;SE,ground_station_exam_cases.csv
gskill_747ef8bfb326,gsec_dc26e5b913d5,qbank_32b37a2f20be,实操题库_地面站考试条件_2026H1_地面站避让点题型.txt_54,2026H1,2026H1,地面站避让点题型,速度高度参数设置,参数设置,高度;速度;m/s,ground_station_exam_cases.csv
gskill_61b6784970f9,gsec_dc26e5b913d5,qbank_32b37a2f20be,实操题库_地面站考试条件_2026H1_地面站避让点题型.txt_54,2026H1,2026H1,地面站避让点题型,转弯停留循环设置,参数设置,转弯;停留;循环;闭合,ground_station_exam_cases.csv
gskill_02d3217c1776,gsec_dc26e5b913d5,qbank_32b37a2f20be,实操题库_地面站考试条件_2026H1_地面站避让点题型.txt_54,2026H1,2026H1,地面站避让点题型,几何图形航线规划,几何计算,六边形;边长;图形,ground_station_exam_cases.csv
gskill_0855e52424cd,gsec_dc26e5b913d5,qbank_32b37a2f20be,实操题库_地面站考试条件_2026H1_地面站避让点题型.txt_54,2026H1,2026H1,地面站避让点题型,题型:地面站避让点,题型,地面站避让点题型,ground_station_exam_cases.csv
gskill_7ad9e50e2d07,gsec_9363498d7f89,qbank_32b37a2f20be,实操题库_地面站考试条件_2026H1_地面站避让点题型.txt_55,2026H1,2026H1,地面站避让点题型,经纬度换算,导航定位,经纬度;N:;E:;N;E,ground_station_exam_cases.csv
gskill_9e54a9a7842e,gsec_9363498d7f89,qbank_32b37a2f20be,实操题库_地面站考试条件_2026H1_地面站避让点题型.txt_55,2026H1,2026H1,地面站避让点题型,航向方位判断,导航定位,NE;SW,ground_station_exam_cases.csv
gskill_4a8739a0ac69,gsec_9363498d7f89,qbank_32b37a2f20be,实操题库_地面站考试条件_2026H1_地面站避让点题型.txt_55,2026H1,2026H1,地面站避让点题型,夹角计算,几何计算,角,ground_station_exam_cases.csv
gskill_a0f01ad7ad5b,gsec_9363498d7f89,qbank_32b37a2f20be,实操题库_地面站考试条件_2026H1_地面站避让点题型.txt_55,2026H1,2026H1,地面站避让点题型,避让点规划,限制绕飞,避让,ground_station_exam_cases.csv
gskill_24c57a86af05,gsec_9363498d7f89,qbank_32b37a2f20be,实操题库_地面站考试条件_2026H1_地面站避让点题型.txt_55,2026H1,2026H1,地面站避让点题型,空域地形限制处理,限制绕飞,空域;限制,ground_station_exam_cases.csv
gskill_075dc8e795ca,gsec_9363498d7f89,qbank_32b37a2f20be,实操题库_地面站考试条件_2026H1_地面站避让点题型.txt_55,2026H1,2026H1,地面站避让点题型,速度高度参数设置,参数设置,高度;速度;m/s,ground_station_exam_cases.csv
gskill_3a0e48e977d1,gsec_9363498d7f89,qbank_32b37a2f20be,实操题库_地面站考试条件_2026H1_地面站避让点题型.txt_55,2026H1,2026H1,地面站避让点题型,转弯停留循环设置,参数设置,转弯;停留;循环;闭合,ground_station_exam_cases.csv
gskill_77bf10320419,gsec_9363498d7f89,qbank_32b37a2f20be,实操题库_地面站考试条件_2026H1_地面站避让点题型.txt_55,2026H1,2026H1,地面站避让点题型,几何图形航线规划,几何计算,三角形;边长;图形,ground_station_exam_cases.csv
gskill_ccd3bcea8299,gsec_9363498d7f89,qbank_32b37a2f20be,实操题库_地面站考试条件_2026H1_地面站避让点题型.txt_55,2026H1,2026H1,地面站避让点题型,起飞返航点定位,导航定位,起飞点,ground_station_exam_cases.csv
gskill_9f9e7be6e740,gsec_9363498d7f89,qbank_32b37a2f20be,实操题库_地面站考试条件_2026H1_地面站避让点题型.txt_55,2026H1,2026H1,地面站避让点题型,题型:地面站避让点,题型,地面站避让点题型,ground_station_exam_cases.csv
gskill_37fe9d1e623f,gsec_c36f45dd56ba,qbank_32b37a2f20be,实操题库_地面站考试条件_2026H1_地面站避让点题型.txt_56,2026H1,2026H1,地面站避让点题型,经纬度换算,导航定位,经纬度;N:;E:;N;E,ground_station_exam_cases.csv
gskill_0b1c037d2fc2,gsec_c36f45dd56ba,qbank_32b37a2f20be,实操题库_地面站考试条件_2026H1_地面站避让点题型.txt_56,2026H1,2026H1,地面站避让点题型,航向方位判断,导航定位,SE;SW,ground_station_exam_cases.csv
gskill_6abea9edb5fd,gsec_c36f45dd56ba,qbank_32b37a2f20be,实操题库_地面站考试条件_2026H1_地面站避让点题型.txt_56,2026H1,2026H1,地面站避让点题型,速度高度参数设置,参数设置,高度;速度;m/s,ground_station_exam_cases.csv
gskill_9ac23e93890c,gsec_c36f45dd56ba,qbank_32b37a2f20be,实操题库_地面站考试条件_2026H1_地面站避让点题型.txt_56,2026H1,2026H1,地面站避让点题型,转弯停留循环设置,参数设置,转弯;循环;闭合;不循环,ground_station_exam_cases.csv
gskill_c2b22a9a2a24,gsec_c36f45dd56ba,qbank_32b37a2f20be,实操题库_地面站考试条件_2026H1_地面站避让点题型.txt_56,2026H1,2026H1,地面站避让点题型,几何图形航线规划,几何计算,图形,ground_station_exam_cases.csv
gskill_5d539b9d4c9c,gsec_c36f45dd56ba,qbank_32b37a2f20be,实操题库_地面站考试条件_2026H1_地面站避让点题型.txt_56,2026H1,2026H1,地面站避让点题型,题型:地面站避让点,题型,地面站避让点题型,ground_station_exam_cases.csv
gskill_205502660905,gsec_05ec1fc02ce6,qbank_32b37a2f20be,实操题库_地面站考试条件_2026H1_地面站避让点题型.txt_57,2026H1,2026H1,地面站避让点题型,经纬度换算,导航定位,经纬度;N:;E:;N;E,ground_station_exam_cases.csv
gskill_b4906bd3df86,gsec_05ec1fc02ce6,qbank_32b37a2f20be,实操题库_地面站考试条件_2026H1_地面站避让点题型.txt_57,2026H1,2026H1,地面站避让点题型,航向方位判断,导航定位,SW,ground_station_exam_cases.csv
gskill_7cc2bdb0c2c7,gsec_05ec1fc02ce6,qbank_32b37a2f20be,实操题库_地面站考试条件_2026H1_地面站避让点题型.txt_57,2026H1,2026H1,地面站避让点题型,夹角计算,几何计算,∠,ground_station_exam_cases.csv
gskill_5f00dcaf77cc,gsec_05ec1fc02ce6,qbank_32b37a2f20be,实操题库_地面站考试条件_2026H1_地面站避让点题型.txt_57,2026H1,2026H1,地面站避让点题型,速度高度参数设置,参数设置,高度;速度;m/s,ground_station_exam_cases.csv
gskill_b31297b9a379,gsec_05ec1fc02ce6,qbank_32b37a2f20be,实操题库_地面站考试条件_2026H1_地面站避让点题型.txt_57,2026H1,2026H1,地面站避让点题型,转弯停留循环设置,参数设置,转弯;停留;循环;闭合,ground_station_exam_cases.csv
gskill_7a8b3496165b,gsec_05ec1fc02ce6,qbank_32b37a2f20be,实操题库_地面站考试条件_2026H1_地面站避让点题型.txt_57,2026H1,2026H1,地面站避让点题型,几何图形航线规划,几何计算,边长;图形,ground_station_exam_cases.csv
gskill_9142ee89a6c2,gsec_05ec1fc02ce6,qbank_32b37a2f20be,实操题库_地面站考试条件_2026H1_地面站避让点题型.txt_57,2026H1,2026H1,地面站避让点题型,题型:地面站避让点,题型,地面站避让点题型,ground_station_exam_cases.csv
gskill_1948bbfddca9,gsec_883a9e3a82ca,qbank_32b37a2f20be,实操题库_地面站考试条件_2026H1_地面站避让点题型.txt_58,2026H1,2026H1,地面站避让点题型,经纬度换算,导航定位,经纬度;N:;E:;N;E,ground_station_exam_cases.csv
gskill_9c6fcd7a9f7f,gsec_883a9e3a82ca,qbank_32b37a2f20be,实操题库_地面站考试条件_2026H1_地面站避让点题型.txt_58,2026H1,2026H1,地面站避让点题型,航向方位判断,导航定位,NW;SW,ground_station_exam_cases.csv
gskill_46a7378e196f,gsec_883a9e3a82ca,qbank_32b37a2f20be,实操题库_地面站考试条件_2026H1_地面站避让点题型.txt_58,2026H1,2026H1,地面站避让点题型,避让点规划,限制绕飞,避让,ground_station_exam_cases.csv
gskill_ae6b1f300076,gsec_883a9e3a82ca,qbank_32b37a2f20be,实操题库_地面站考试条件_2026H1_地面站避让点题型.txt_58,2026H1,2026H1,地面站避让点题型,速度高度参数设置,参数设置,高度;速度;m/s,ground_station_exam_cases.csv
gskill_d514b9ae928e,gsec_883a9e3a82ca,qbank_32b37a2f20be,实操题库_地面站考试条件_2026H1_地面站避让点题型.txt_58,2026H1,2026H1,地面站避让点题型,转弯停留循环设置,参数设置,转弯;停留;闭合,ground_station_exam_cases.csv
gskill_28bf5356c254,gsec_883a9e3a82ca,qbank_32b37a2f20be,实操题库_地面站考试条件_2026H1_地面站避让点题型.txt_58,2026H1,2026H1,地面站避让点题型,几何图形航线规划,几何计算,边长;图形,ground_station_exam_cases.csv
gskill_3fdf8c1f9d94,gsec_883a9e3a82ca,qbank_32b37a2f20be,实操题库_地面站考试条件_2026H1_地面站避让点题型.txt_58,2026H1,2026H1,地面站避让点题型,题型:地面站避让点,题型,地面站避让点题型,ground_station_exam_cases.csv
gskill_8cea9f26603f,gsec_594870096b7a,qbank_32b37a2f20be,实操题库_地面站考试条件_2026H1_地面站避让点题型.txt_59,2026H1,2026H1,地面站避让点题型,经纬度换算,导航定位,经纬度;N:;E:;N;E,ground_station_exam_cases.csv
gskill_fc855a6da47f,gsec_594870096b7a,qbank_32b37a2f20be,实操题库_地面站考试条件_2026H1_地面站避让点题型.txt_59,2026H1,2026H1,地面站避让点题型,航向方位判断,导航定位,NE;NW,ground_station_exam_cases.csv
gskill_b76e742531d2,gsec_594870096b7a,qbank_32b37a2f20be,实操题库_地面站考试条件_2026H1_地面站避让点题型.txt_59,2026H1,2026H1,地面站避让点题型,夹角计算,几何计算,角,ground_station_exam_cases.csv
gskill_455440932af5,gsec_594870096b7a,qbank_32b37a2f20be,实操题库_地面站考试条件_2026H1_地面站避让点题型.txt_59,2026H1,2026H1,地面站避让点题型,避让点规划,限制绕飞,避让,ground_station_exam_cases.csv
gskill_261fb4057d5f,gsec_594870096b7a,qbank_32b37a2f20be,实操题库_地面站考试条件_2026H1_地面站避让点题型.txt_59,2026H1,2026H1,地面站避让点题型,空域地形限制处理,限制绕飞,空域;限制,ground_station_exam_cases.csv
gskill_5b8efa1eec7d,gsec_594870096b7a,qbank_32b37a2f20be,实操题库_地面站考试条件_2026H1_地面站避让点题型.txt_59,2026H1,2026H1,地面站避让点题型,速度高度参数设置,参数设置,高度;速度;m/s,ground_station_exam_cases.csv
gskill_ea1003bd4b0d,gsec_594870096b7a,qbank_32b37a2f20be,实操题库_地面站考试条件_2026H1_地面站避让点题型.txt_59,2026H1,2026H1,地面站避让点题型,转弯停留循环设置,参数设置,转弯;停留;闭合,ground_station_exam_cases.csv
gskill_adccd2cb3085,gsec_594870096b7a,qbank_32b37a2f20be,实操题库_地面站考试条件_2026H1_地面站避让点题型.txt_59,2026H1,2026H1,地面站避让点题型,几何图形航线规划,几何计算,三角形;边长;图形,ground_station_exam_cases.csv
gskill_99f00e16f3e8,gsec_594870096b7a,qbank_32b37a2f20be,实操题库_地面站考试条件_2026H1_地面站避让点题型.txt_59,2026H1,2026H1,地面站避让点题型,题型:地面站避让点,题型,地面站避让点题型,ground_station_exam_cases.csv
gskill_75d5f1115d80,gsec_1660ea9ac04c,qbank_32b37a2f20be,实操题库_地面站考试条件_2026H1_地面站避让点题型.txt_60,2026H1,2026H1,地面站避让点题型,经纬度换算,导航定位,经纬度;N:;E:;N;E,ground_station_exam_cases.csv
gskill_b49b1ec23bea,gsec_1660ea9ac04c,qbank_32b37a2f20be,实操题库_地面站考试条件_2026H1_地面站避让点题型.txt_60,2026H1,2026H1,地面站避让点题型,航向方位判断,导航定位,SW,ground_station_exam_cases.csv
gskill_4dd6a927748c,gsec_1660ea9ac04c,qbank_32b37a2f20be,实操题库_地面站考试条件_2026H1_地面站避让点题型.txt_60,2026H1,2026H1,地面站避让点题型,夹角计算,几何计算,∠,ground_station_exam_cases.csv
gskill_950e4e5ff27c,gsec_1660ea9ac04c,qbank_32b37a2f20be,实操题库_地面站考试条件_2026H1_地面站避让点题型.txt_60,2026H1,2026H1,地面站避让点题型,速度高度参数设置,参数设置,高度;速度;m/s,ground_station_exam_cases.csv
gskill_e4f2a20812b3,gsec_1660ea9ac04c,qbank_32b37a2f20be,实操题库_地面站考试条件_2026H1_地面站避让点题型.txt_60,2026H1,2026H1,地面站避让点题型,转弯停留循环设置,参数设置,转弯;停留;循环;闭合,ground_station_exam_cases.csv
gskill_424362b8914c,gsec_1660ea9ac04c,qbank_32b37a2f20be,实操题库_地面站考试条件_2026H1_地面站避让点题型.txt_60,2026H1,2026H1,地面站避让点题型,几何图形航线规划,几何计算,边长;图形,ground_station_exam_cases.csv
gskill_95b40a8dda4c,gsec_1660ea9ac04c,qbank_32b37a2f20be,实操题库_地面站考试条件_2026H1_地面站避让点题型.txt_60,2026H1,2026H1,地面站避让点题型,起飞返航点定位,导航定位,起飞点,ground_station_exam_cases.csv
gskill_2698b5fea5a9,gsec_1660ea9ac04c,qbank_32b37a2f20be,实操题库_地面站考试条件_2026H1_地面站避让点题型.txt_60,2026H1,2026H1,地面站避让点题型,题型:地面站避让点,题型,地面站避让点题型,ground_station_exam_cases.csv
gskill_ecbd6132a04f,gsec_554d8c09a26c,qbank_32b37a2f20be,实操题库_地面站考试条件_2026H1_地面站避让点题型.txt_61,2026H1,2026H1,地面站避让点题型,经纬度换算,导航定位,E,ground_station_exam_cases.csv
gskill_b2cad61a0540,gsec_554d8c09a26c,qbank_32b37a2f20be,实操题库_地面站考试条件_2026H1_地面站避让点题型.txt_61,2026H1,2026H1,地面站避让点题型,航向方位判断,导航定位,SE;SW,ground_station_exam_cases.csv
gskill_5e6834ca7560,gsec_554d8c09a26c,qbank_32b37a2f20be,实操题库_地面站考试条件_2026H1_地面站避让点题型.txt_61,2026H1,2026H1,地面站避让点题型,夹角计算,几何计算,∠,ground_station_exam_cases.csv
gskill_e3aaf68921b7,gsec_554d8c09a26c,qbank_32b37a2f20be,实操题库_地面站考试条件_2026H1_地面站避让点题型.txt_61,2026H1,2026H1,地面站避让点题型,避让点规划,限制绕飞,避让,ground_station_exam_cases.csv
gskill_487caf433684,gsec_554d8c09a26c,qbank_32b37a2f20be,实操题库_地面站考试条件_2026H1_地面站避让点题型.txt_61,2026H1,2026H1,地面站避让点题型,速度高度参数设置,参数设置,高度;速度;m/s,ground_station_exam_cases.csv
gskill_7dd22395f4b8,gsec_554d8c09a26c,qbank_32b37a2f20be,实操题库_地面站考试条件_2026H1_地面站避让点题型.txt_61,2026H1,2026H1,地面站避让点题型,转弯停留循环设置,参数设置,转弯;停留;循环;闭合,ground_station_exam_cases.csv
gskill_72ba52da1e93,gsec_554d8c09a26c,qbank_32b37a2f20be,实操题库_地面站考试条件_2026H1_地面站避让点题型.txt_61,2026H1,2026H1,地面站避让点题型,几何图形航线规划,几何计算,五边形;边长;图形,ground_station_exam_cases.csv
gskill_50b9f3f0dcb2,gsec_554d8c09a26c,qbank_32b37a2f20be,实操题库_地面站考试条件_2026H1_地面站避让点题型.txt_61,2026H1,2026H1,地面站避让点题型,题型:地面站避让点,题型,地面站避让点题型,ground_station_exam_cases.csv
gskill_0971190e9358,gsec_1280daf19459,qbank_32b37a2f20be,实操题库_地面站考试条件_2026H1_地面站避让点题型.txt_62,2026H1,2026H1,地面站避让点题型,经纬度换算,导航定位,经纬度;N:;E:;N;E,ground_station_exam_cases.csv
gskill_6326cdecdd73,gsec_1280daf19459,qbank_32b37a2f20be,实操题库_地面站考试条件_2026H1_地面站避让点题型.txt_62,2026H1,2026H1,地面站避让点题型,航向方位判断,导航定位,NW;SE,ground_station_exam_cases.csv
gskill_eabf1d28e961,gsec_1280daf19459,qbank_32b37a2f20be,实操题库_地面站考试条件_2026H1_地面站避让点题型.txt_62,2026H1,2026H1,地面站避让点题型,夹角计算,几何计算,∠,ground_station_exam_cases.csv
gskill_0a0f64dcfbbe,gsec_1280daf19459,qbank_32b37a2f20be,实操题库_地面站考试条件_2026H1_地面站避让点题型.txt_62,2026H1,2026H1,地面站避让点题型,避让点规划,限制绕飞,避让,ground_station_exam_cases.csv
gskill_d04bd50083ee,gsec_1280daf19459,qbank_32b37a2f20be,实操题库_地面站考试条件_2026H1_地面站避让点题型.txt_62,2026H1,2026H1,地面站避让点题型,速度高度参数设置,参数设置,高度;速度;m/s,ground_station_exam_cases.csv
gskill_8c504eee8555,gsec_1280daf19459,qbank_32b37a2f20be,实操题库_地面站考试条件_2026H1_地面站避让点题型.txt_62,2026H1,2026H1,地面站避让点题型,转弯停留循环设置,参数设置,转弯;停留;闭合,ground_station_exam_cases.csv
gskill_9c6bb29cf78c,gsec_1280daf19459,qbank_32b37a2f20be,实操题库_地面站考试条件_2026H1_地面站避让点题型.txt_62,2026H1,2026H1,地面站避让点题型,几何图形航线规划,几何计算,五边形;边长;图形,ground_station_exam_cases.csv
gskill_e52bed48f3f2,gsec_1280daf19459,qbank_32b37a2f20be,实操题库_地面站考试条件_2026H1_地面站避让点题型.txt_62,2026H1,2026H1,地面站避让点题型,题型:地面站避让点,题型,地面站避让点题型,ground_station_exam_cases.csv
gskill_6d8aa47beddd,gsec_f3be363f43fb,qbank_32b37a2f20be,实操题库_地面站考试条件_2026H1_地面站避让点题型.txt_63,2026H1,2026H1,地面站避让点题型,经纬度换算,导航定位,经纬度;N:;E:;N;E,ground_station_exam_cases.csv
gskill_eb8e874f2e02,gsec_f3be363f43fb,qbank_32b37a2f20be,实操题库_地面站考试条件_2026H1_地面站避让点题型.txt_63,2026H1,2026H1,地面站避让点题型,航向方位判断,导航定位,NW;SW,ground_station_exam_cases.csv
gskill_2ebd8b9a57d9,gsec_f3be363f43fb,qbank_32b37a2f20be,实操题库_地面站考试条件_2026H1_地面站避让点题型.txt_63,2026H1,2026H1,地面站避让点题型,避让点规划,限制绕飞,避让,ground_station_exam_cases.csv
gskill_f36dc9fa55bd,gsec_f3be363f43fb,qbank_32b37a2f20be,实操题库_地面站考试条件_2026H1_地面站避让点题型.txt_63,2026H1,2026H1,地面站避让点题型,空域地形限制处理,限制绕飞,空域;限制,ground_station_exam_cases.csv
gskill_795d8895a5a6,gsec_f3be363f43fb,qbank_32b37a2f20be,实操题库_地面站考试条件_2026H1_地面站避让点题型.txt_63,2026H1,2026H1,地面站避让点题型,速度高度参数设置,参数设置,高度;速度;m/s,ground_station_exam_cases.csv
gskill_8a1956d05253,gsec_f3be363f43fb,qbank_32b37a2f20be,实操题库_地面站考试条件_2026H1_地面站避让点题型.txt_63,2026H1,2026H1,地面站避让点题型,转弯停留循环设置,参数设置,转弯;停留;循环;闭合,ground_station_exam_cases.csv
gskill_f883dd68f89d,gsec_f3be363f43fb,qbank_32b37a2f20be,实操题库_地面站考试条件_2026H1_地面站避让点题型.txt_63,2026H1,2026H1,地面站避让点题型,几何图形航线规划,几何计算,边长,ground_station_exam_cases.csv
gskill_4eba2be34610,gsec_f3be363f43fb,qbank_32b37a2f20be,实操题库_地面站考试条件_2026H1_地面站避让点题型.txt_63,2026H1,2026H1,地面站避让点题型,题型:地面站避让点,题型,地面站避让点题型,ground_station_exam_cases.csv
gskill_25e99e3c652a,gsec_353e2218a332,qbank_32b37a2f20be,实操题库_地面站考试条件_2026H1_地面站避让点题型.txt_64,2026H1,2026H1,地面站避让点题型,经纬度换算,导航定位,经纬度;N:;E:;N;E,ground_station_exam_cases.csv
gskill_9584c4b04f07,gsec_353e2218a332,qbank_32b37a2f20be,实操题库_地面站考试条件_2026H1_地面站避让点题型.txt_64,2026H1,2026H1,地面站避让点题型,航向方位判断,导航定位,SE;SW,ground_station_exam_cases.csv
gskill_0527ba02cba2,gsec_353e2218a332,qbank_32b37a2f20be,实操题库_地面站考试条件_2026H1_地面站避让点题型.txt_64,2026H1,2026H1,地面站避让点题型,避让点规划,限制绕飞,避让,ground_station_exam_cases.csv
gskill_cd0aff79563e,gsec_353e2218a332,qbank_32b37a2f20be,实操题库_地面站考试条件_2026H1_地面站避让点题型.txt_64,2026H1,2026H1,地面站避让点题型,空域地形限制处理,限制绕飞,空域;限制,ground_station_exam_cases.csv
gskill_9ad2d6d50a30,gsec_353e2218a332,qbank_32b37a2f20be,实操题库_地面站考试条件_2026H1_地面站避让点题型.txt_64,2026H1,2026H1,地面站避让点题型,速度高度参数设置,参数设置,高度;速度;m/s,ground_station_exam_cases.csv
gskill_7975dc5fb8bb,gsec_353e2218a332,qbank_32b37a2f20be,实操题库_地面站考试条件_2026H1_地面站避让点题型.txt_64,2026H1,2026H1,地面站避让点题型,转弯停留循环设置,参数设置,转弯;停留;循环;闭合,ground_station_exam_cases.csv
gskill_e16231012feb,gsec_353e2218a332,qbank_32b37a2f20be,实操题库_地面站考试条件_2026H1_地面站避让点题型.txt_64,2026H1,2026H1,地面站避让点题型,几何图形航线规划,几何计算,六边形;边长,ground_station_exam_cases.csv
gskill_c79002b9b090,gsec_353e2218a332,qbank_32b37a2f20be,实操题库_地面站考试条件_2026H1_地面站避让点题型.txt_64,2026H1,2026H1,地面站避让点题型,题型:地面站避让点,题型,地面站避让点题型,ground_station_exam_cases.csv
gskill_3620d01d4e21,gsec_ea0eda9fcbc5,qbank_32b37a2f20be,实操题库_地面站考试条件_2026H1_地面站避让点题型.txt_65,2026H1,2026H1,地面站避让点题型,经纬度换算,导航定位,经纬度;N:;E:;N;E,ground_station_exam_cases.csv
gskill_e249a6941913,gsec_ea0eda9fcbc5,qbank_32b37a2f20be,实操题库_地面站考试条件_2026H1_地面站避让点题型.txt_65,2026H1,2026H1,地面站避让点题型,航向方位判断,导航定位,SE;SW,ground_station_exam_cases.csv
gskill_99fbc4f3178a,gsec_ea0eda9fcbc5,qbank_32b37a2f20be,实操题库_地面站考试条件_2026H1_地面站避让点题型.txt_65,2026H1,2026H1,地面站避让点题型,避让点规划,限制绕飞,避让,ground_station_exam_cases.csv
gskill_43d58b1c2183,gsec_ea0eda9fcbc5,qbank_32b37a2f20be,实操题库_地面站考试条件_2026H1_地面站避让点题型.txt_65,2026H1,2026H1,地面站避让点题型,速度高度参数设置,参数设置,高度;速度;m/s,ground_station_exam_cases.csv
gskill_d473c01a3413,gsec_ea0eda9fcbc5,qbank_32b37a2f20be,实操题库_地面站考试条件_2026H1_地面站避让点题型.txt_65,2026H1,2026H1,地面站避让点题型,转弯停留循环设置,参数设置,转弯;停留;循环;闭合;不循环,ground_station_exam_cases.csv
gskill_90e5ac0554d9,gsec_ea0eda9fcbc5,qbank_32b37a2f20be,实操题库_地面站考试条件_2026H1_地面站避让点题型.txt_65,2026H1,2026H1,地面站避让点题型,几何图形航线规划,几何计算,六边形;边长;图形,ground_station_exam_cases.csv
gskill_b1c22a02526b,gsec_ea0eda9fcbc5,qbank_32b37a2f20be,实操题库_地面站考试条件_2026H1_地面站避让点题型.txt_65,2026H1,2026H1,地面站避让点题型,题型:地面站避让点,题型,地面站避让点题型,ground_station_exam_cases.csv
gskill_7b23ccf34cbc,gsec_6460b56e0527,qbank_32b37a2f20be,实操题库_地面站考试条件_2026H1_地面站避让点题型.txt_66,2026H1,2026H1,地面站避让点题型,经纬度换算,导航定位,经纬度;N:;E:;N;E,ground_station_exam_cases.csv
gskill_e06d39a6826f,gsec_6460b56e0527,qbank_32b37a2f20be,实操题库_地面站考试条件_2026H1_地面站避让点题型.txt_66,2026H1,2026H1,地面站避让点题型,航向方位判断,导航定位,SE;SW,ground_station_exam_cases.csv
gskill_0f4511f9baa2,gsec_6460b56e0527,qbank_32b37a2f20be,实操题库_地面站考试条件_2026H1_地面站避让点题型.txt_66,2026H1,2026H1,地面站避让点题型,夹角计算,几何计算,角,ground_station_exam_cases.csv
gskill_2e7cc4deb489,gsec_6460b56e0527,qbank_32b37a2f20be,实操题库_地面站考试条件_2026H1_地面站避让点题型.txt_66,2026H1,2026H1,地面站避让点题型,避让点规划,限制绕飞,避让,ground_station_exam_cases.csv
gskill_34e1c9ab6398,gsec_6460b56e0527,qbank_32b37a2f20be,实操题库_地面站考试条件_2026H1_地面站避让点题型.txt_66,2026H1,2026H1,地面站避让点题型,空域地形限制处理,限制绕飞,空域;限制,ground_station_exam_cases.csv
gskill_b8c44bb421d4,gsec_6460b56e0527,qbank_32b37a2f20be,实操题库_地面站考试条件_2026H1_地面站避让点题型.txt_66,2026H1,2026H1,地面站避让点题型,速度高度参数设置,参数设置,高度;速度;m/s,ground_station_exam_cases.csv
gskill_85d3482a7193,gsec_6460b56e0527,qbank_32b37a2f20be,实操题库_地面站考试条件_2026H1_地面站避让点题型.txt_66,2026H1,2026H1,地面站避让点题型,转弯停留循环设置,参数设置,转弯;停留;循环;闭合,ground_station_exam_cases.csv
gskill_7342060697f4,gsec_6460b56e0527,qbank_32b37a2f20be,实操题库_地面站考试条件_2026H1_地面站避让点题型.txt_66,2026H1,2026H1,地面站避让点题型,几何图形航线规划,几何计算,三角形;边长,ground_station_exam_cases.csv
gskill_4db71514869e,gsec_6460b56e0527,qbank_32b37a2f20be,实操题库_地面站考试条件_2026H1_地面站避让点题型.txt_66,2026H1,2026H1,地面站避让点题型,题型:地面站避让点,题型,地面站避让点题型,ground_station_exam_cases.csv
gskill_4edb61b94dce,gsec_4b2d1500a9ff,qbank_32b37a2f20be,实操题库_地面站考试条件_2026H1_地面站避让点题型.txt_67,2026H1,2026H1,地面站避让点题型,经纬度换算,导航定位,E,ground_station_exam_cases.csv
gskill_15253108c413,gsec_4b2d1500a9ff,qbank_32b37a2f20be,实操题库_地面站考试条件_2026H1_地面站避让点题型.txt_67,2026H1,2026H1,地面站避让点题型,航向方位判断,导航定位,SE;SW,ground_station_exam_cases.csv
gskill_675d586728c6,gsec_4b2d1500a9ff,qbank_32b37a2f20be,实操题库_地面站考试条件_2026H1_地面站避让点题型.txt_67,2026H1,2026H1,地面站避让点题型,避让点规划,限制绕飞,避让,ground_station_exam_cases.csv
gskill_d991e9a5abce,gsec_4b2d1500a9ff,qbank_32b37a2f20be,实操题库_地面站考试条件_2026H1_地面站避让点题型.txt_67,2026H1,2026H1,地面站避让点题型,空域地形限制处理,限制绕飞,空域;限制,ground_station_exam_cases.csv
gskill_f8ce54eebcec,gsec_4b2d1500a9ff,qbank_32b37a2f20be,实操题库_地面站考试条件_2026H1_地面站避让点题型.txt_67,2026H1,2026H1,地面站避让点题型,速度高度参数设置,参数设置,高度;速度;m/s,ground_station_exam_cases.csv
gskill_ec4f477aba2e,gsec_4b2d1500a9ff,qbank_32b37a2f20be,实操题库_地面站考试条件_2026H1_地面站避让点题型.txt_67,2026H1,2026H1,地面站避让点题型,转弯停留循环设置,参数设置,转弯;停留;循环,ground_station_exam_cases.csv
gskill_551b4bf93607,gsec_4b2d1500a9ff,qbank_32b37a2f20be,实操题库_地面站考试条件_2026H1_地面站避让点题型.txt_67,2026H1,2026H1,地面站避让点题型,题型:地面站避让点,题型,地面站避让点题型,ground_station_exam_cases.csv
gskill_413577642c95,gsec_969d5fe44df4,qbank_32b37a2f20be,实操题库_地面站考试条件_2026H1_地面站避让点题型.txt_68,2026H1,2026H1,地面站避让点题型,经纬度换算,导航定位,经纬度;N:;E:;N;E,ground_station_exam_cases.csv
gskill_0eb2f32b265b,gsec_969d5fe44df4,qbank_32b37a2f20be,实操题库_地面站考试条件_2026H1_地面站避让点题型.txt_68,2026H1,2026H1,地面站避让点题型,航向方位判断,导航定位,NE;NW,ground_station_exam_cases.csv
gskill_dfe0eb1058ae,gsec_969d5fe44df4,qbank_32b37a2f20be,实操题库_地面站考试条件_2026H1_地面站避让点题型.txt_68,2026H1,2026H1,地面站避让点题型,避让点规划,限制绕飞,避让,ground_station_exam_cases.csv
gskill_5b4f896052be,gsec_969d5fe44df4,qbank_32b37a2f20be,实操题库_地面站考试条件_2026H1_地面站避让点题型.txt_68,2026H1,2026H1,地面站避让点题型,速度高度参数设置,参数设置,高度;速度;m/s,ground_station_exam_cases.csv
gskill_787e8d4bbb83,gsec_969d5fe44df4,qbank_32b37a2f20be,实操题库_地面站考试条件_2026H1_地面站避让点题型.txt_68,2026H1,2026H1,地面站避让点题型,转弯停留循环设置,参数设置,转弯;循环;闭合;不循环,ground_station_exam_cases.csv
gskill_94eaedb7442e,gsec_969d5fe44df4,qbank_32b37a2f20be,实操题库_地面站考试条件_2026H1_地面站避让点题型.txt_68,2026H1,2026H1,地面站避让点题型,几何图形航线规划,几何计算,图形,ground_station_exam_cases.csv
gskill_f1d229effd53,gsec_969d5fe44df4,qbank_32b37a2f20be,实操题库_地面站考试条件_2026H1_地面站避让点题型.txt_68,2026H1,2026H1,地面站避让点题型,题型:地面站避让点,题型,地面站避让点题型,ground_station_exam_cases.csv
gskill_95353b4bbcb4,gsec_a173969765a8,qbank_32b37a2f20be,实操题库_地面站考试条件_2026H1_地面站避让点题型.txt_69,2026H1,2026H1,地面站避让点题型,经纬度换算,导航定位,经纬度;N:;E:;N;E,ground_station_exam_cases.csv
gskill_5c6cb455f164,gsec_a173969765a8,qbank_32b37a2f20be,实操题库_地面站考试条件_2026H1_地面站避让点题型.txt_69,2026H1,2026H1,地面站避让点题型,航向方位判断,导航定位,NW;SE,ground_station_exam_cases.csv
gskill_3b2d3d57e5a4,gsec_a173969765a8,qbank_32b37a2f20be,实操题库_地面站考试条件_2026H1_地面站避让点题型.txt_69,2026H1,2026H1,地面站避让点题型,夹角计算,几何计算,∠,ground_station_exam_cases.csv
gskill_6042c16d7616,gsec_a173969765a8,qbank_32b37a2f20be,实操题库_地面站考试条件_2026H1_地面站避让点题型.txt_69,2026H1,2026H1,地面站避让点题型,避让点规划,限制绕飞,避让,ground_station_exam_cases.csv
gskill_d6a1fa3420a8,gsec_a173969765a8,qbank_32b37a2f20be,实操题库_地面站考试条件_2026H1_地面站避让点题型.txt_69,2026H1,2026H1,地面站避让点题型,速度高度参数设置,参数设置,高度;速度;m/s,ground_station_exam_cases.csv
gskill_2a127a45e6ba,gsec_a173969765a8,qbank_32b37a2f20be,实操题库_地面站考试条件_2026H1_地面站避让点题型.txt_69,2026H1,2026H1,地面站避让点题型,转弯停留循环设置,参数设置,转弯;停留;循环;闭合,ground_station_exam_cases.csv
gskill_2e72b72d285e,gsec_a173969765a8,qbank_32b37a2f20be,实操题库_地面站考试条件_2026H1_地面站避让点题型.txt_69,2026H1,2026H1,地面站避让点题型,几何图形航线规划,几何计算,边长;图形,ground_station_exam_cases.csv
gskill_6145cacb6343,gsec_a173969765a8,qbank_32b37a2f20be,实操题库_地面站考试条件_2026H1_地面站避让点题型.txt_69,2026H1,2026H1,地面站避让点题型,题型:地面站避让点,题型,地面站避让点题型,ground_station_exam_cases.csv
gskill_81bdc60d7b81,gsec_b8f14bf671e1,qbank_32b37a2f20be,实操题库_地面站考试条件_2026H1_地面站避让点题型.txt_70,2026H1,2026H1,地面站避让点题型,经纬度换算,导航定位,经纬度;N:;E:;N;E,ground_station_exam_cases.csv
gskill_09fdfdf22144,gsec_b8f14bf671e1,qbank_32b37a2f20be,实操题库_地面站考试条件_2026H1_地面站避让点题型.txt_70,2026H1,2026H1,地面站避让点题型,航向方位判断,导航定位,航向;方位;NE;SE;SW,ground_station_exam_cases.csv
gskill_79812379267d,gsec_b8f14bf671e1,qbank_32b37a2f20be,实操题库_地面站考试条件_2026H1_地面站避让点题型.txt_70,2026H1,2026H1,地面站避让点题型,夹角计算,几何计算,∠;角,ground_station_exam_cases.csv
gskill_2336ad587ddb,gsec_b8f14bf671e1,qbank_32b37a2f20be,实操题库_地面站考试条件_2026H1_地面站避让点题型.txt_70,2026H1,2026H1,地面站避让点题型,避让点规划,限制绕飞,避让,ground_station_exam_cases.csv
gskill_8b7954d4d804,gsec_b8f14bf671e1,qbank_32b37a2f20be,实操题库_地面站考试条件_2026H1_地面站避让点题型.txt_70,2026H1,2026H1,地面站避让点题型,空域地形限制处理,限制绕飞,空域;限制,ground_station_exam_cases.csv
gskill_512e376b7326,gsec_b8f14bf671e1,qbank_32b37a2f20be,实操题库_地面站考试条件_2026H1_地面站避让点题型.txt_70,2026H1,2026H1,地面站避让点题型,速度高度参数设置,参数设置,高度;速度;m/s,ground_station_exam_cases.csv
gskill_e436cc2c4f32,gsec_b8f14bf671e1,qbank_32b37a2f20be,实操题库_地面站考试条件_2026H1_地面站避让点题型.txt_70,2026H1,2026H1,地面站避让点题型,转弯停留循环设置,参数设置,转弯;停留;循环,ground_station_exam_cases.csv
gskill_b408f4654208,gsec_b8f14bf671e1,qbank_32b37a2f20be,实操题库_地面站考试条件_2026H1_地面站避让点题型.txt_70,2026H1,2026H1,地面站避让点题型,几何图形航线规划,几何计算,边长,ground_station_exam_cases.csv
gskill_7e6c3089f1c5,gsec_b8f14bf671e1,qbank_32b37a2f20be,实操题库_地面站考试条件_2026H1_地面站避让点题型.txt_70,2026H1,2026H1,地面站避让点题型,题型:地面站避让点,题型,地面站避让点题型,ground_station_exam_cases.csv
gskill_e90138f6a12b,gsec_d318a96b0b53,qbank_32b37a2f20be,实操题库_地面站考试条件_2026H1_地面站避让点题型.txt_71,2026H1,2026H1,地面站避让点题型,经纬度换算,导航定位,经纬度;N:;E:;N;E,ground_station_exam_cases.csv
gskill_65c1f7a01a35,gsec_d318a96b0b53,qbank_32b37a2f20be,实操题库_地面站考试条件_2026H1_地面站避让点题型.txt_71,2026H1,2026H1,地面站避让点题型,航向方位判断,导航定位,NW;SE,ground_station_exam_cases.csv
gskill_544011a50b56,gsec_d318a96b0b53,qbank_32b37a2f20be,实操题库_地面站考试条件_2026H1_地面站避让点题型.txt_71,2026H1,2026H1,地面站避让点题型,夹角计算,几何计算,∠,ground_station_exam_cases.csv
gskill_a128747161f6,gsec_d318a96b0b53,qbank_32b37a2f20be,实操题库_地面站考试条件_2026H1_地面站避让点题型.txt_71,2026H1,2026H1,地面站避让点题型,避让点规划,限制绕飞,避让,ground_station_exam_cases.csv
gskill_676df95d6bda,gsec_d318a96b0b53,qbank_32b37a2f20be,实操题库_地面站考试条件_2026H1_地面站避让点题型.txt_71,2026H1,2026H1,地面站避让点题型,速度高度参数设置,参数设置,高度;速度;m/s,ground_station_exam_cases.csv
gskill_535f648f0409,gsec_d318a96b0b53,qbank_32b37a2f20be,实操题库_地面站考试条件_2026H1_地面站避让点题型.txt_71,2026H1,2026H1,地面站避让点题型,转弯停留循环设置,参数设置,转弯;停留;循环;闭合,ground_station_exam_cases.csv
gskill_a8528e441521,gsec_d318a96b0b53,qbank_32b37a2f20be,实操题库_地面站考试条件_2026H1_地面站避让点题型.txt_71,2026H1,2026H1,地面站避让点题型,几何图形航线规划,几何计算,边长;图形,ground_station_exam_cases.csv
gskill_75b24fa653e0,gsec_d318a96b0b53,qbank_32b37a2f20be,实操题库_地面站考试条件_2026H1_地面站避让点题型.txt_71,2026H1,2026H1,地面站避让点题型,题型:地面站避让点,题型,地面站避让点题型,ground_station_exam_cases.csv
gskill_e718076db385,gsec_ac5a4a035923,qbank_32b37a2f20be,实操题库_地面站考试条件_2026H1_地面站避让点题型.txt_72,2026H1,2026H1,地面站避让点题型,经纬度换算,导航定位,经纬度;N:;E:;N;E,ground_station_exam_cases.csv
gskill_cdcdf03817a0,gsec_ac5a4a035923,qbank_32b37a2f20be,实操题库_地面站考试条件_2026H1_地面站避让点题型.txt_72,2026H1,2026H1,地面站避让点题型,避让点规划,限制绕飞,避让,ground_station_exam_cases.csv
gskill_f44d5bddebaa,gsec_ac5a4a035923,qbank_32b37a2f20be,实操题库_地面站考试条件_2026H1_地面站避让点题型.txt_72,2026H1,2026H1,地面站避让点题型,速度高度参数设置,参数设置,高度;速度;m/s,ground_station_exam_cases.csv
gskill_c5607bcb0482,gsec_ac5a4a035923,qbank_32b37a2f20be,实操题库_地面站考试条件_2026H1_地面站避让点题型.txt_72,2026H1,2026H1,地面站避让点题型,转弯停留循环设置,参数设置,转弯;停留;循环;闭合,ground_station_exam_cases.csv
gskill_8d8c7ac77ac0,gsec_ac5a4a035923,qbank_32b37a2f20be,实操题库_地面站考试条件_2026H1_地面站避让点题型.txt_72,2026H1,2026H1,地面站避让点题型,几何图形航线规划,几何计算,边长;图形,ground_station_exam_cases.csv
gskill_6b0d7b93aff2,gsec_ac5a4a035923,qbank_32b37a2f20be,实操题库_地面站考试条件_2026H1_地面站避让点题型.txt_72,2026H1,2026H1,地面站避让点题型,题型:地面站避让点,题型,地面站避让点题型,ground_station_exam_cases.csv
gskill_049901642c12,gsec_e1db3f188812,qbank_32b37a2f20be,实操题库_地面站考试条件_2026H1_地面站避让点题型.txt_73,2026H1,2026H1,地面站避让点题型,经纬度换算,导航定位,经纬度;N:;E:;N;E,ground_station_exam_cases.csv
gskill_75765af91c33,gsec_e1db3f188812,qbank_32b37a2f20be,实操题库_地面站考试条件_2026H1_地面站避让点题型.txt_73,2026H1,2026H1,地面站避让点题型,航向方位判断,导航定位,NE;NW,ground_station_exam_cases.csv
gskill_bed4d13b75e1,gsec_e1db3f188812,qbank_32b37a2f20be,实操题库_地面站考试条件_2026H1_地面站避让点题型.txt_73,2026H1,2026H1,地面站避让点题型,避让点规划,限制绕飞,避让,ground_station_exam_cases.csv
gskill_5a678909d9a6,gsec_e1db3f188812,qbank_32b37a2f20be,实操题库_地面站考试条件_2026H1_地面站避让点题型.txt_73,2026H1,2026H1,地面站避让点题型,速度高度参数设置,参数设置,高度;速度;m/s,ground_station_exam_cases.csv
gskill_92502d6f2c90,gsec_e1db3f188812,qbank_32b37a2f20be,实操题库_地面站考试条件_2026H1_地面站避让点题型.txt_73,2026H1,2026H1,地面站避让点题型,转弯停留循环设置,参数设置,转弯;停留;循环;闭合,ground_station_exam_cases.csv
gskill_01843cfb8bde,gsec_e1db3f188812,qbank_32b37a2f20be,实操题库_地面站考试条件_2026H1_地面站避让点题型.txt_73,2026H1,2026H1,地面站避让点题型,几何图形航线规划,几何计算,六边形;边长;图形,ground_station_exam_cases.csv
gskill_c3c6c54b4af0,gsec_e1db3f188812,qbank_32b37a2f20be,实操题库_地面站考试条件_2026H1_地面站避让点题型.txt_73,2026H1,2026H1,地面站避让点题型,题型:地面站避让点,题型,地面站避让点题型,ground_station_exam_cases.csv
gskill_b33733febeda,gsec_0aae0f598df8,qbank_32b37a2f20be,实操题库_地面站考试条件_2026H1_地面站避让点题型.txt_74,2026H1,2026H1,地面站避让点题型,经纬度换算,导航定位,经纬度;N:;E:;N;E,ground_station_exam_cases.csv
gskill_258ea9536680,gsec_0aae0f598df8,qbank_32b37a2f20be,实操题库_地面站考试条件_2026H1_地面站避让点题型.txt_74,2026H1,2026H1,地面站避让点题型,航向方位判断,导航定位,SE;SW,ground_station_exam_cases.csv
gskill_5475614e5022,gsec_0aae0f598df8,qbank_32b37a2f20be,实操题库_地面站考试条件_2026H1_地面站避让点题型.txt_74,2026H1,2026H1,地面站避让点题型,避让点规划,限制绕飞,避让,ground_station_exam_cases.csv
gskill_d2f287ce08d0,gsec_0aae0f598df8,qbank_32b37a2f20be,实操题库_地面站考试条件_2026H1_地面站避让点题型.txt_74,2026H1,2026H1,地面站避让点题型,速度高度参数设置,参数设置,高度;速度;m/s,ground_station_exam_cases.csv
gskill_2d4fee286474,gsec_0aae0f598df8,qbank_32b37a2f20be,实操题库_地面站考试条件_2026H1_地面站避让点题型.txt_74,2026H1,2026H1,地面站避让点题型,转弯停留循环设置,参数设置,转弯;停留;循环;闭合;不循环,ground_station_exam_cases.csv
gskill_0609f73801a1,gsec_0aae0f598df8,qbank_32b37a2f20be,实操题库_地面站考试条件_2026H1_地面站避让点题型.txt_74,2026H1,2026H1,地面站避让点题型,几何图形航线规划,几何计算,六边形;边长;图形,ground_station_exam_cases.csv
gskill_492d4c3af933,gsec_0aae0f598df8,qbank_32b37a2f20be,实操题库_地面站考试条件_2026H1_地面站避让点题型.txt_74,2026H1,2026H1,地面站避让点题型,题型:地面站避让点,题型,地面站避让点题型,ground_station_exam_cases.csv
gskill_c7c3a29bd587,gsec_19e915f7240d,qbank_32b37a2f20be,实操题库_地面站考试条件_2026H1_地面站避让点题型.txt_75,2026H1,2026H1,地面站避让点题型,经纬度换算,导航定位,经纬度;N:;E:;N;E,ground_station_exam_cases.csv
gskill_4ee7a1473608,gsec_19e915f7240d,qbank_32b37a2f20be,实操题库_地面站考试条件_2026H1_地面站避让点题型.txt_75,2026H1,2026H1,地面站避让点题型,航向方位判断,导航定位,SE;SW,ground_station_exam_cases.csv
gskill_741ca5f9c48c,gsec_19e915f7240d,qbank_32b37a2f20be,实操题库_地面站考试条件_2026H1_地面站避让点题型.txt_75,2026H1,2026H1,地面站避让点题型,避让点规划,限制绕飞,避让,ground_station_exam_cases.csv
gskill_2653a24d3f19,gsec_19e915f7240d,qbank_32b37a2f20be,实操题库_地面站考试条件_2026H1_地面站避让点题型.txt_75,2026H1,2026H1,地面站避让点题型,速度高度参数设置,参数设置,高度;速度;m/s,ground_station_exam_cases.csv
gskill_1598be22ed6d,gsec_19e915f7240d,qbank_32b37a2f20be,实操题库_地面站考试条件_2026H1_地面站避让点题型.txt_75,2026H1,2026H1,地面站避让点题型,转弯停留循环设置,参数设置,转弯;循环;闭合;不循环,ground_station_exam_cases.csv
gskill_603a111caf95,gsec_19e915f7240d,qbank_32b37a2f20be,实操题库_地面站考试条件_2026H1_地面站避让点题型.txt_75,2026H1,2026H1,地面站避让点题型,几何图形航线规划,几何计算,图形,ground_station_exam_cases.csv
gskill_d2bd3a642bef,gsec_19e915f7240d,qbank_32b37a2f20be,实操题库_地面站考试条件_2026H1_地面站避让点题型.txt_75,2026H1,2026H1,地面站避让点题型,题型:地面站避让点,题型,地面站避让点题型,ground_station_exam_cases.csv
gskill_764da7dd36d6,gsec_c8835d6ce3b6,qbank_32b37a2f20be,实操题库_地面站考试条件_2026H1_地面站避让点题型.txt_76,2026H1,2026H1,地面站避让点题型,经纬度换算,导航定位,经纬度;N:;E:;N;E,ground_station_exam_cases.csv
gskill_a8e81e979380,gsec_c8835d6ce3b6,qbank_32b37a2f20be,实操题库_地面站考试条件_2026H1_地面站避让点题型.txt_76,2026H1,2026H1,地面站避让点题型,航向方位判断,导航定位,SE;SW,ground_station_exam_cases.csv
gskill_6b9804093162,gsec_c8835d6ce3b6,qbank_32b37a2f20be,实操题库_地面站考试条件_2026H1_地面站避让点题型.txt_76,2026H1,2026H1,地面站避让点题型,夹角计算,几何计算,∠,ground_station_exam_cases.csv
gskill_c5e351b504cb,gsec_c8835d6ce3b6,qbank_32b37a2f20be,实操题库_地面站考试条件_2026H1_地面站避让点题型.txt_76,2026H1,2026H1,地面站避让点题型,避让点规划,限制绕飞,避让,ground_station_exam_cases.csv
gskill_d78d1c25785e,gsec_c8835d6ce3b6,qbank_32b37a2f20be,实操题库_地面站考试条件_2026H1_地面站避让点题型.txt_76,2026H1,2026H1,地面站避让点题型,空域地形限制处理,限制绕飞,空域;限制,ground_station_exam_cases.csv
gskill_a1b9f19c7200,gsec_c8835d6ce3b6,qbank_32b37a2f20be,实操题库_地面站考试条件_2026H1_地面站避让点题型.txt_76,2026H1,2026H1,地面站避让点题型,速度高度参数设置,参数设置,高度;速度;m/s,ground_station_exam_cases.csv
gskill_b319e762510c,gsec_c8835d6ce3b6,qbank_32b37a2f20be,实操题库_地面站考试条件_2026H1_地面站避让点题型.txt_76,2026H1,2026H1,地面站避让点题型,转弯停留循环设置,参数设置,转弯;停留;循环;闭合,ground_station_exam_cases.csv
gskill_cf39c7943ebf,gsec_c8835d6ce3b6,qbank_32b37a2f20be,实操题库_地面站考试条件_2026H1_地面站避让点题型.txt_76,2026H1,2026H1,地面站避让点题型,几何图形航线规划,几何计算,边长,ground_station_exam_cases.csv
gskill_88b57e8f7869,gsec_c8835d6ce3b6,qbank_32b37a2f20be,实操题库_地面站考试条件_2026H1_地面站避让点题型.txt_76,2026H1,2026H1,地面站避让点题型,题型:地面站避让点,题型,地面站避让点题型,ground_station_exam_cases.csv
gskill_2f03643fb0f2,gsec_e01ded15b5c8,qbank_32b37a2f20be,实操题库_地面站考试条件_2026H1_地面站避让点题型.txt_77,2026H1,2026H1,地面站避让点题型,经纬度换算,导航定位,经纬度;N:;E:;N;E,ground_station_exam_cases.csv
gskill_5390a57995ec,gsec_e01ded15b5c8,qbank_32b37a2f20be,实操题库_地面站考试条件_2026H1_地面站避让点题型.txt_77,2026H1,2026H1,地面站避让点题型,航向方位判断,导航定位,NW;SE,ground_station_exam_cases.csv
gskill_38dfefa0c2c5,gsec_e01ded15b5c8,qbank_32b37a2f20be,实操题库_地面站考试条件_2026H1_地面站避让点题型.txt_77,2026H1,2026H1,地面站避让点题型,夹角计算,几何计算,∠,ground_station_exam_cases.csv
gskill_ac1210b138d7,gsec_e01ded15b5c8,qbank_32b37a2f20be,实操题库_地面站考试条件_2026H1_地面站避让点题型.txt_77,2026H1,2026H1,地面站避让点题型,避让点规划,限制绕飞,避让,ground_station_exam_cases.csv
gskill_be122919e0b7,gsec_e01ded15b5c8,qbank_32b37a2f20be,实操题库_地面站考试条件_2026H1_地面站避让点题型.txt_77,2026H1,2026H1,地面站避让点题型,速度高度参数设置,参数设置,高度;速度;m/s,ground_station_exam_cases.csv
gskill_1be2eb99ee68,gsec_e01ded15b5c8,qbank_32b37a2f20be,实操题库_地面站考试条件_2026H1_地面站避让点题型.txt_77,2026H1,2026H1,地面站避让点题型,转弯停留循环设置,参数设置,转弯;停留;循环;闭合,ground_station_exam_cases.csv
gskill_e63acb59e585,gsec_e01ded15b5c8,qbank_32b37a2f20be,实操题库_地面站考试条件_2026H1_地面站避让点题型.txt_77,2026H1,2026H1,地面站避让点题型,几何图形航线规划,几何计算,边长;图形,ground_station_exam_cases.csv
gskill_0a2f34a3000c,gsec_e01ded15b5c8,qbank_32b37a2f20be,实操题库_地面站考试条件_2026H1_地面站避让点题型.txt_77,2026H1,2026H1,地面站避让点题型,题型:地面站避让点,题型,地面站避让点题型,ground_station_exam_cases.csv
gskill_5b05cb3ef542,gsec_4896119eed29,qbank_32b37a2f20be,实操题库_地面站考试条件_2026H1_地面站避让点题型.txt_78,2026H1,2026H1,地面站避让点题型,经纬度换算,导航定位,经纬度;N:;E:;N;E,ground_station_exam_cases.csv
gskill_6fd7adba1eb8,gsec_4896119eed29,qbank_32b37a2f20be,实操题库_地面站考试条件_2026H1_地面站避让点题型.txt_78,2026H1,2026H1,地面站避让点题型,航向方位判断,导航定位,NW;SE,ground_station_exam_cases.csv
gskill_df35df24af3f,gsec_4896119eed29,qbank_32b37a2f20be,实操题库_地面站考试条件_2026H1_地面站避让点题型.txt_78,2026H1,2026H1,地面站避让点题型,夹角计算,几何计算,∠,ground_station_exam_cases.csv
gskill_b8a059dcd0ec,gsec_4896119eed29,qbank_32b37a2f20be,实操题库_地面站考试条件_2026H1_地面站避让点题型.txt_78,2026H1,2026H1,地面站避让点题型,避让点规划,限制绕飞,避让,ground_station_exam_cases.csv
gskill_40f690717523,gsec_4896119eed29,qbank_32b37a2f20be,实操题库_地面站考试条件_2026H1_地面站避让点题型.txt_78,2026H1,2026H1,地面站避让点题型,速度高度参数设置,参数设置,高度;速度;m/s,ground_station_exam_cases.csv
gskill_2251dd6d55d5,gsec_4896119eed29,qbank_32b37a2f20be,实操题库_地面站考试条件_2026H1_地面站避让点题型.txt_78,2026H1,2026H1,地面站避让点题型,转弯停留循环设置,参数设置,转弯;停留;循环;闭合,ground_station_exam_cases.csv
gskill_ae4b89b88f6b,gsec_4896119eed29,qbank_32b37a2f20be,实操题库_地面站考试条件_2026H1_地面站避让点题型.txt_78,2026H1,2026H1,地面站避让点题型,几何图形航线规划,几何计算,五边形;边长;图形,ground_station_exam_cases.csv
gskill_9d7df8a730ea,gsec_4896119eed29,qbank_32b37a2f20be,实操题库_地面站考试条件_2026H1_地面站避让点题型.txt_78,2026H1,2026H1,地面站避让点题型,题型:地面站避让点,题型,地面站避让点题型,ground_station_exam_cases.csv
gskill_036aa219a8d8,gsec_4bbab183eb74,qbank_32b37a2f20be,实操题库_地面站考试条件_2026H1_地面站避让点题型.txt_79,2026H1,2026H1,地面站避让点题型,经纬度换算,导航定位,N:;E:;N;E,ground_station_exam_cases.csv
gskill_60ed4d091a4b,gsec_4bbab183eb74,qbank_32b37a2f20be,实操题库_地面站考试条件_2026H1_地面站避让点题型.txt_79,2026H1,2026H1,地面站避让点题型,航向方位判断,导航定位,NE;NW,ground_station_exam_cases.csv
gskill_052d95fa70fd,gsec_4bbab183eb74,qbank_32b37a2f20be,实操题库_地面站考试条件_2026H1_地面站避让点题型.txt_79,2026H1,2026H1,地面站避让点题型,避让点规划,限制绕飞,避让,ground_station_exam_cases.csv
gskill_ed3aed9a0728,gsec_4bbab183eb74,qbank_32b37a2f20be,实操题库_地面站考试条件_2026H1_地面站避让点题型.txt_79,2026H1,2026H1,地面站避让点题型,速度高度参数设置,参数设置,高度;速度;m/s,ground_station_exam_cases.csv
gskill_0b11ff2b6a3d,gsec_4bbab183eb74,qbank_32b37a2f20be,实操题库_地面站考试条件_2026H1_地面站避让点题型.txt_79,2026H1,2026H1,地面站避让点题型,转弯停留循环设置,参数设置,转弯;循环;闭合;不循环,ground_station_exam_cases.csv
gskill_387a4f9d84a0,gsec_4bbab183eb74,qbank_32b37a2f20be,实操题库_地面站考试条件_2026H1_地面站避让点题型.txt_79,2026H1,2026H1,地面站避让点题型,几何图形航线规划,几何计算,图形,ground_station_exam_cases.csv
gskill_5eb38a30dfd2,gsec_4bbab183eb74,qbank_32b37a2f20be,实操题库_地面站考试条件_2026H1_地面站避让点题型.txt_79,2026H1,2026H1,地面站避让点题型,题型:地面站避让点,题型,地面站避让点题型,ground_station_exam_cases.csv
gskill_e39aa440ef30,gsec_1e07f31ee5d3,qbank_32b37a2f20be,实操题库_地面站考试条件_2026H1_地面站避让点题型.txt_80,2026H1,2026H1,地面站避让点题型,经纬度换算,导航定位,经纬度;N:;E:;N;E,ground_station_exam_cases.csv
gskill_bd792dec3b8f,gsec_1e07f31ee5d3,qbank_32b37a2f20be,实操题库_地面站考试条件_2026H1_地面站避让点题型.txt_80,2026H1,2026H1,地面站避让点题型,航向方位判断,导航定位,SE;SW,ground_station_exam_cases.csv
gskill_6a1bb2f328ae,gsec_1e07f31ee5d3,qbank_32b37a2f20be,实操题库_地面站考试条件_2026H1_地面站避让点题型.txt_80,2026H1,2026H1,地面站避让点题型,避让点规划,限制绕飞,避让,ground_station_exam_cases.csv
gskill_a91b4d41aee5,gsec_1e07f31ee5d3,qbank_32b37a2f20be,实操题库_地面站考试条件_2026H1_地面站避让点题型.txt_80,2026H1,2026H1,地面站避让点题型,速度高度参数设置,参数设置,高度;速度;m/s,ground_station_exam_cases.csv
gskill_04af18796b2d,gsec_1e07f31ee5d3,qbank_32b37a2f20be,实操题库_地面站考试条件_2026H1_地面站避让点题型.txt_80,2026H1,2026H1,地面站避让点题型,转弯停留循环设置,参数设置,转弯;停留;循环;闭合,ground_station_exam_cases.csv
gskill_9b9deda4eb86,gsec_1e07f31ee5d3,qbank_32b37a2f20be,实操题库_地面站考试条件_2026H1_地面站避让点题型.txt_80,2026H1,2026H1,地面站避让点题型,几何图形航线规划,几何计算,边长;图形,ground_station_exam_cases.csv
gskill_484cddd4e078,gsec_1e07f31ee5d3,qbank_32b37a2f20be,实操题库_地面站考试条件_2026H1_地面站避让点题型.txt_80,2026H1,2026H1,地面站避让点题型,题型:地面站避让点,题型,地面站避让点题型,ground_station_exam_cases.csv
gskill_5c331e567937,gsec_f5d2d6a10786,qbank_32b37a2f20be,实操题库_地面站考试条件_2026H1_地面站避让点题型.txt_81,2026H1,2026H1,地面站避让点题型,经纬度换算,导航定位,经纬度;N:;E:;N;E,ground_station_exam_cases.csv
gskill_34dcd2b52cca,gsec_f5d2d6a10786,qbank_32b37a2f20be,实操题库_地面站考试条件_2026H1_地面站避让点题型.txt_81,2026H1,2026H1,地面站避让点题型,航向方位判断,导航定位,SE;SW,ground_station_exam_cases.csv
gskill_3090d2a7c23a,gsec_f5d2d6a10786,qbank_32b37a2f20be,实操题库_地面站考试条件_2026H1_地面站避让点题型.txt_81,2026H1,2026H1,地面站避让点题型,避让点规划,限制绕飞,避让,ground_station_exam_cases.csv
gskill_a821c887e7d6,gsec_f5d2d6a10786,qbank_32b37a2f20be,实操题库_地面站考试条件_2026H1_地面站避让点题型.txt_81,2026H1,2026H1,地面站避让点题型,速度高度参数设置,参数设置,高度;速度;米/秒,ground_station_exam_cases.csv
gskill_a244787e99cf,gsec_f5d2d6a10786,qbank_32b37a2f20be,实操题库_地面站考试条件_2026H1_地面站避让点题型.txt_81,2026H1,2026H1,地面站避让点题型,转弯停留循环设置,参数设置,转弯;闭合,ground_station_exam_cases.csv
gskill_099a88e8e536,gsec_f5d2d6a10786,qbank_32b37a2f20be,实操题库_地面站考试条件_2026H1_地面站避让点题型.txt_81,2026H1,2026H1,地面站避让点题型,几何图形航线规划,几何计算,六边形;边长;图形,ground_station_exam_cases.csv
gskill_9bdb0ecc1b70,gsec_f5d2d6a10786,qbank_32b37a2f20be,实操题库_地面站考试条件_2026H1_地面站避让点题型.txt_81,2026H1,2026H1,地面站避让点题型,题型:地面站避让点,题型,地面站避让点题型,ground_station_exam_cases.csv
gskill_683d61a5921c,gsec_5eb346912fd4,qbank_32b37a2f20be,实操题库_地面站考试条件_2026H1_地面站避让点题型.txt_82,2026H1,2026H1,地面站避让点题型,经纬度换算,导航定位,经纬度;N:;E:;N;E,ground_station_exam_cases.csv
gskill_9e47b25ff595,gsec_5eb346912fd4,qbank_32b37a2f20be,实操题库_地面站考试条件_2026H1_地面站避让点题型.txt_82,2026H1,2026H1,地面站避让点题型,航向方位判断,导航定位,SE;SW,ground_station_exam_cases.csv
gskill_159c3ef1592c,gsec_5eb346912fd4,qbank_32b37a2f20be,实操题库_地面站考试条件_2026H1_地面站避让点题型.txt_82,2026H1,2026H1,地面站避让点题型,避让点规划,限制绕飞,避让,ground_station_exam_cases.csv
gskill_b2cedd0c1155,gsec_5eb346912fd4,qbank_32b37a2f20be,实操题库_地面站考试条件_2026H1_地面站避让点题型.txt_82,2026H1,2026H1,地面站避让点题型,速度高度参数设置,参数设置,高度;速度;m/s,ground_station_exam_cases.csv
gskill_545c3da0f43a,gsec_5eb346912fd4,qbank_32b37a2f20be,实操题库_地面站考试条件_2026H1_地面站避让点题型.txt_82,2026H1,2026H1,地面站避让点题型,转弯停留循环设置,参数设置,转弯;停留;循环;闭合;不循环,ground_station_exam_cases.csv
gskill_3b998e2fd9be,gsec_5eb346912fd4,qbank_32b37a2f20be,实操题库_地面站考试条件_2026H1_地面站避让点题型.txt_82,2026H1,2026H1,地面站避让点题型,几何图形航线规划,几何计算,六边形;边长;图形,ground_station_exam_cases.csv
gskill_8aa8498c9e71,gsec_5eb346912fd4,qbank_32b37a2f20be,实操题库_地面站考试条件_2026H1_地面站避让点题型.txt_82,2026H1,2026H1,地面站避让点题型,题型:地面站避让点,题型,地面站避让点题型,ground_station_exam_cases.csv
gskill_859487940812,gsec_80a88f8555f7,qbank_32b37a2f20be,实操题库_地面站考试条件_2026H1_地面站避让点题型.txt_83,2026H1,2026H1,地面站避让点题型,经纬度换算,导航定位,经纬度;N:;E:;N;E,ground_station_exam_cases.csv
gskill_59c00d23ee0a,gsec_80a88f8555f7,qbank_32b37a2f20be,实操题库_地面站考试条件_2026H1_地面站避让点题型.txt_83,2026H1,2026H1,地面站避让点题型,航向方位判断,导航定位,NW;SE,ground_station_exam_cases.csv
gskill_3de69777a49f,gsec_80a88f8555f7,qbank_32b37a2f20be,实操题库_地面站考试条件_2026H1_地面站避让点题型.txt_83,2026H1,2026H1,地面站避让点题型,夹角计算,几何计算,∠;角,ground_station_exam_cases.csv
gskill_09e4f13147b3,gsec_80a88f8555f7,qbank_32b37a2f20be,实操题库_地面站考试条件_2026H1_地面站避让点题型.txt_83,2026H1,2026H1,地面站避让点题型,避让点规划,限制绕飞,避让,ground_station_exam_cases.csv
gskill_ef138674f6f6,gsec_80a88f8555f7,qbank_32b37a2f20be,实操题库_地面站考试条件_2026H1_地面站避让点题型.txt_83,2026H1,2026H1,地面站避让点题型,速度高度参数设置,参数设置,高度;速度;米/秒,ground_station_exam_cases.csv
gskill_a17beb786a59,gsec_80a88f8555f7,qbank_32b37a2f20be,实操题库_地面站考试条件_2026H1_地面站避让点题型.txt_83,2026H1,2026H1,地面站避让点题型,转弯停留循环设置,参数设置,转弯;停留;闭合,ground_station_exam_cases.csv
gskill_e8a8fc9660e2,gsec_80a88f8555f7,qbank_32b37a2f20be,实操题库_地面站考试条件_2026H1_地面站避让点题型.txt_83,2026H1,2026H1,地面站避让点题型,几何图形航线规划,几何计算,梯形;边长;图形,ground_station_exam_cases.csv
gskill_d195d6e51d85,gsec_80a88f8555f7,qbank_32b37a2f20be,实操题库_地面站考试条件_2026H1_地面站避让点题型.txt_83,2026H1,2026H1,地面站避让点题型,题型:地面站避让点,题型,地面站避让点题型,ground_station_exam_cases.csv
gskill_710694e8eafa,gsec_54d17426c826,qbank_32b37a2f20be,实操题库_地面站考试条件_2026H1_地面站避让点题型.txt_84,2026H1,2026H1,地面站避让点题型,经纬度换算,导航定位,经纬度;N:;E:;N;E,ground_station_exam_cases.csv
gskill_eeab754e242d,gsec_54d17426c826,qbank_32b37a2f20be,实操题库_地面站考试条件_2026H1_地面站避让点题型.txt_84,2026H1,2026H1,地面站避让点题型,航向方位判断,导航定位,NW;SE,ground_station_exam_cases.csv
gskill_433532993d4a,gsec_54d17426c826,qbank_32b37a2f20be,实操题库_地面站考试条件_2026H1_地面站避让点题型.txt_84,2026H1,2026H1,地面站避让点题型,夹角计算,几何计算,∠,ground_station_exam_cases.csv
gskill_650f5bd324fd,gsec_54d17426c826,qbank_32b37a2f20be,实操题库_地面站考试条件_2026H1_地面站避让点题型.txt_84,2026H1,2026H1,地面站避让点题型,避让点规划,限制绕飞,避让,ground_station_exam_cases.csv
gskill_d018d17357e7,gsec_54d17426c826,qbank_32b37a2f20be,实操题库_地面站考试条件_2026H1_地面站避让点题型.txt_84,2026H1,2026H1,地面站避让点题型,速度高度参数设置,参数设置,高度;速度;m/s,ground_station_exam_cases.csv
gskill_127a5020c8ee,gsec_54d17426c826,qbank_32b37a2f20be,实操题库_地面站考试条件_2026H1_地面站避让点题型.txt_84,2026H1,2026H1,地面站避让点题型,转弯停留循环设置,参数设置,转弯;停留;循环;闭合,ground_station_exam_cases.csv
gskill_431ca728f4fd,gsec_54d17426c826,qbank_32b37a2f20be,实操题库_地面站考试条件_2026H1_地面站避让点题型.txt_84,2026H1,2026H1,地面站避让点题型,几何图形航线规划,几何计算,五边形;边长;图形,ground_station_exam_cases.csv
gskill_60852da64ea7,gsec_54d17426c826,qbank_32b37a2f20be,实操题库_地面站考试条件_2026H1_地面站避让点题型.txt_84,2026H1,2026H1,地面站避让点题型,题型:地面站避让点,题型,地面站避让点题型,ground_station_exam_cases.csv
gskill_263fb2a93de4,gsec_43e30767de9d,qbank_32b37a2f20be,实操题库_地面站考试条件_2026H1_地面站避让点题型.txt_85,2026H1,2026H1,地面站避让点题型,经纬度换算,导航定位,经纬度;N:;E:;N;E,ground_station_exam_cases.csv
gskill_974f4b52f3a9,gsec_43e30767de9d,qbank_32b37a2f20be,实操题库_地面站考试条件_2026H1_地面站避让点题型.txt_85,2026H1,2026H1,地面站避让点题型,航向方位判断,导航定位,NW;SW,ground_station_exam_cases.csv
gskill_96f1d225ab7e,gsec_43e30767de9d,qbank_32b37a2f20be,实操题库_地面站考试条件_2026H1_地面站避让点题型.txt_85,2026H1,2026H1,地面站避让点题型,夹角计算,几何计算,∠,ground_station_exam_cases.csv
gskill_0c55d6e4b2f6,gsec_43e30767de9d,qbank_32b37a2f20be,实操题库_地面站考试条件_2026H1_地面站避让点题型.txt_85,2026H1,2026H1,地面站避让点题型,避让点规划,限制绕飞,避让,ground_station_exam_cases.csv
gskill_3ca11fdc5a04,gsec_43e30767de9d,qbank_32b37a2f20be,实操题库_地面站考试条件_2026H1_地面站避让点题型.txt_85,2026H1,2026H1,地面站避让点题型,速度高度参数设置,参数设置,高度;速度;m/s,ground_station_exam_cases.csv
gskill_5012c48aa8e4,gsec_43e30767de9d,qbank_32b37a2f20be,实操题库_地面站考试条件_2026H1_地面站避让点题型.txt_85,2026H1,2026H1,地面站避让点题型,转弯停留循环设置,参数设置,转弯;停留;循环;闭合,ground_station_exam_cases.csv
gskill_424f8ab6c3d5,gsec_43e30767de9d,qbank_32b37a2f20be,实操题库_地面站考试条件_2026H1_地面站避让点题型.txt_85,2026H1,2026H1,地面站避让点题型,几何图形航线规划,几何计算,五边形;边长;图形,ground_station_exam_cases.csv
gskill_63a156336819,gsec_43e30767de9d,qbank_32b37a2f20be,实操题库_地面站考试条件_2026H1_地面站避让点题型.txt_85,2026H1,2026H1,地面站避让点题型,题型:地面站避让点,题型,地面站避让点题型,ground_station_exam_cases.csv
gskill_3344f53fe701,gsec_02d588eb169c,qbank_32b37a2f20be,实操题库_地面站考试条件_2026H1_地面站避让点题型.txt_86,2026H1,2026H1,地面站避让点题型,经纬度换算,导航定位,经纬度;N:;E:;N;E,ground_station_exam_cases.csv
gskill_119d30c1fc13,gsec_02d588eb169c,qbank_32b37a2f20be,实操题库_地面站考试条件_2026H1_地面站避让点题型.txt_86,2026H1,2026H1,地面站避让点题型,航向方位判断,导航定位,NW;SE,ground_station_exam_cases.csv
gskill_121b11e2cbf9,gsec_02d588eb169c,qbank_32b37a2f20be,实操题库_地面站考试条件_2026H1_地面站避让点题型.txt_86,2026H1,2026H1,地面站避让点题型,夹角计算,几何计算,∠,ground_station_exam_cases.csv
gskill_f4b121eaa7a3,gsec_02d588eb169c,qbank_32b37a2f20be,实操题库_地面站考试条件_2026H1_地面站避让点题型.txt_86,2026H1,2026H1,地面站避让点题型,避让点规划,限制绕飞,避让,ground_station_exam_cases.csv
gskill_6e2a6dfe805e,gsec_02d588eb169c,qbank_32b37a2f20be,实操题库_地面站考试条件_2026H1_地面站避让点题型.txt_86,2026H1,2026H1,地面站避让点题型,速度高度参数设置,参数设置,高度;速度;m/s,ground_station_exam_cases.csv
gskill_95cfaae1b390,gsec_02d588eb169c,qbank_32b37a2f20be,实操题库_地面站考试条件_2026H1_地面站避让点题型.txt_86,2026H1,2026H1,地面站避让点题型,转弯停留循环设置,参数设置,转弯;停留;循环;闭合,ground_station_exam_cases.csv
gskill_b263e147d8d6,gsec_02d588eb169c,qbank_32b37a2f20be,实操题库_地面站考试条件_2026H1_地面站避让点题型.txt_86,2026H1,2026H1,地面站避让点题型,几何图形航线规划,几何计算,五边形;边长;图形,ground_station_exam_cases.csv
gskill_0254a5a02e6e,gsec_02d588eb169c,qbank_32b37a2f20be,实操题库_地面站考试条件_2026H1_地面站避让点题型.txt_86,2026H1,2026H1,地面站避让点题型,题型:地面站避让点,题型,地面站避让点题型,ground_station_exam_cases.csv
gskill_a0deb22c8939,gsec_58ce85ae70bb,qbank_32b37a2f20be,实操题库_地面站考试条件_2026H1_地面站避让点题型.txt_87,2026H1,2026H1,地面站避让点题型,经纬度换算,导航定位,经纬度;N:;E:;N;E,ground_station_exam_cases.csv
gskill_ec2b05d89e5e,gsec_58ce85ae70bb,qbank_32b37a2f20be,实操题库_地面站考试条件_2026H1_地面站避让点题型.txt_87,2026H1,2026H1,地面站避让点题型,航向方位判断,导航定位,NE;NW,ground_station_exam_cases.csv
gskill_65faf6b7a5ec,gsec_58ce85ae70bb,qbank_32b37a2f20be,实操题库_地面站考试条件_2026H1_地面站避让点题型.txt_87,2026H1,2026H1,地面站避让点题型,避让点规划,限制绕飞,避让,ground_station_exam_cases.csv
gskill_816d947a5c9c,gsec_58ce85ae70bb,qbank_32b37a2f20be,实操题库_地面站考试条件_2026H1_地面站避让点题型.txt_87,2026H1,2026H1,地面站避让点题型,速度高度参数设置,参数设置,高度;速度;m/s,ground_station_exam_cases.csv
gskill_28a60e95e1cd,gsec_58ce85ae70bb,qbank_32b37a2f20be,实操题库_地面站考试条件_2026H1_地面站避让点题型.txt_87,2026H1,2026H1,地面站避让点题型,转弯停留循环设置,参数设置,转弯;停留;闭合,ground_station_exam_cases.csv
gskill_a4fb972db347,gsec_58ce85ae70bb,qbank_32b37a2f20be,实操题库_地面站考试条件_2026H1_地面站避让点题型.txt_87,2026H1,2026H1,地面站避让点题型,几何图形航线规划,几何计算,六边形;边长;图形,ground_station_exam_cases.csv
gskill_1ff69d90e98f,gsec_58ce85ae70bb,qbank_32b37a2f20be,实操题库_地面站考试条件_2026H1_地面站避让点题型.txt_87,2026H1,2026H1,地面站避让点题型,题型:地面站避让点,题型,地面站避让点题型,ground_station_exam_cases.csv
gskill_0a6bbd580966,gsec_714c4cf3934a,qbank_32b37a2f20be,实操题库_地面站考试条件_2026H1_地面站避让点题型.txt_88,2026H1,2026H1,地面站避让点题型,经纬度换算,导航定位,经纬度;N:;E:;N;E,ground_station_exam_cases.csv
gskill_a2a1bcfe8b8b,gsec_714c4cf3934a,qbank_32b37a2f20be,实操题库_地面站考试条件_2026H1_地面站避让点题型.txt_88,2026H1,2026H1,地面站避让点题型,航向方位判断,导航定位,SE;SW,ground_station_exam_cases.csv
gskill_6d0b9a37fb71,gsec_714c4cf3934a,qbank_32b37a2f20be,实操题库_地面站考试条件_2026H1_地面站避让点题型.txt_88,2026H1,2026H1,地面站避让点题型,避让点规划,限制绕飞,避让,ground_station_exam_cases.csv
gskill_d16e3b4f8c02,gsec_714c4cf3934a,qbank_32b37a2f20be,实操题库_地面站考试条件_2026H1_地面站避让点题型.txt_88,2026H1,2026H1,地面站避让点题型,速度高度参数设置,参数设置,高度;速度;m/s,ground_station_exam_cases.csv
gskill_d4ac5a1c41fd,gsec_714c4cf3934a,qbank_32b37a2f20be,实操题库_地面站考试条件_2026H1_地面站避让点题型.txt_88,2026H1,2026H1,地面站避让点题型,转弯停留循环设置,参数设置,转弯;循环;闭合;不循环,ground_station_exam_cases.csv
gskill_0c37fb1edc4c,gsec_714c4cf3934a,qbank_32b37a2f20be,实操题库_地面站考试条件_2026H1_地面站避让点题型.txt_88,2026H1,2026H1,地面站避让点题型,几何图形航线规划,几何计算,图形,ground_station_exam_cases.csv
gskill_097fcd601c3e,gsec_714c4cf3934a,qbank_32b37a2f20be,实操题库_地面站考试条件_2026H1_地面站避让点题型.txt_88,2026H1,2026H1,地面站避让点题型,题型:地面站避让点,题型,地面站避让点题型,ground_station_exam_cases.csv
gskill_dd7a5dd91161,gsec_a6795c17b1e8,qbank_32b37a2f20be,实操题库_地面站考试条件_2026H1_地面站避让点题型.txt_89,2026H1,2026H1,地面站避让点题型,经纬度换算,导航定位,经纬度;N:;E:;N;E,ground_station_exam_cases.csv
gskill_55ec1839d779,gsec_a6795c17b1e8,qbank_32b37a2f20be,实操题库_地面站考试条件_2026H1_地面站避让点题型.txt_89,2026H1,2026H1,地面站避让点题型,航向方位判断,导航定位,NW;SE,ground_station_exam_cases.csv
gskill_7f6845c4c71d,gsec_a6795c17b1e8,qbank_32b37a2f20be,实操题库_地面站考试条件_2026H1_地面站避让点题型.txt_89,2026H1,2026H1,地面站避让点题型,夹角计算,几何计算,∠,ground_station_exam_cases.csv
gskill_37cf5802af0f,gsec_a6795c17b1e8,qbank_32b37a2f20be,实操题库_地面站考试条件_2026H1_地面站避让点题型.txt_89,2026H1,2026H1,地面站避让点题型,避让点规划,限制绕飞,避让,ground_station_exam_cases.csv
gskill_0ce18716c0c9,gsec_a6795c17b1e8,qbank_32b37a2f20be,实操题库_地面站考试条件_2026H1_地面站避让点题型.txt_89,2026H1,2026H1,地面站避让点题型,速度高度参数设置,参数设置,高度;速度;m/s,ground_station_exam_cases.csv
gskill_ae0ccbe637eb,gsec_a6795c17b1e8,qbank_32b37a2f20be,实操题库_地面站考试条件_2026H1_地面站避让点题型.txt_89,2026H1,2026H1,地面站避让点题型,转弯停留循环设置,参数设置,转弯;停留;闭合,ground_station_exam_cases.csv
gskill_e0547401dfba,gsec_a6795c17b1e8,qbank_32b37a2f20be,实操题库_地面站考试条件_2026H1_地面站避让点题型.txt_89,2026H1,2026H1,地面站避让点题型,几何图形航线规划,几何计算,五边形;边长;图形,ground_station_exam_cases.csv
gskill_8249c25d0a59,gsec_a6795c17b1e8,qbank_32b37a2f20be,实操题库_地面站考试条件_2026H1_地面站避让点题型.txt_89,2026H1,2026H1,地面站避让点题型,题型:地面站避让点,题型,地面站避让点题型,ground_station_exam_cases.csv
gskill_a078bd401fed,gsec_7ddd028ede5d,qbank_32b37a2f20be,实操题库_地面站考试条件_2026H1_地面站避让点题型.txt_90,2026H1,2026H1,地面站避让点题型,经纬度换算,导航定位,经纬度;N:;E:;N;E,ground_station_exam_cases.csv
gskill_b6a334778e4a,gsec_7ddd028ede5d,qbank_32b37a2f20be,实操题库_地面站考试条件_2026H1_地面站避让点题型.txt_90,2026H1,2026H1,地面站避让点题型,航向方位判断,导航定位,NE;SW,ground_station_exam_cases.csv
gskill_6a8ecab206b4,gsec_7ddd028ede5d,qbank_32b37a2f20be,实操题库_地面站考试条件_2026H1_地面站避让点题型.txt_90,2026H1,2026H1,地面站避让点题型,避让点规划,限制绕飞,避让,ground_station_exam_cases.csv
gskill_b6a07bae741e,gsec_7ddd028ede5d,qbank_32b37a2f20be,实操题库_地面站考试条件_2026H1_地面站避让点题型.txt_90,2026H1,2026H1,地面站避让点题型,速度高度参数设置,参数设置,高度;速度;m/s,ground_station_exam_cases.csv
gskill_31bc60a43f58,gsec_7ddd028ede5d,qbank_32b37a2f20be,实操题库_地面站考试条件_2026H1_地面站避让点题型.txt_90,2026H1,2026H1,地面站避让点题型,转弯停留循环设置,参数设置,转弯;停留;循环;闭合;不循环,ground_station_exam_cases.csv
gskill_2704baa7efdb,gsec_7ddd028ede5d,qbank_32b37a2f20be,实操题库_地面站考试条件_2026H1_地面站避让点题型.txt_90,2026H1,2026H1,地面站避让点题型,几何图形航线规划,几何计算,六边形;边长;图形,ground_station_exam_cases.csv
gskill_3c0a91f15f3f,gsec_7ddd028ede5d,qbank_32b37a2f20be,实操题库_地面站考试条件_2026H1_地面站避让点题型.txt_90,2026H1,2026H1,地面站避让点题型,题型:地面站避让点,题型,地面站避让点题型,ground_station_exam_cases.csv
gskill_e252e2e22425,gsec_1ed2ad3f3136,qbank_32b37a2f20be,实操题库_地面站考试条件_2026H1_地面站避让点题型.txt_91,2026H1,2026H1,地面站避让点题型,经纬度换算,导航定位,经纬度;N:;E:;N;E,ground_station_exam_cases.csv
gskill_38823a8adf26,gsec_1ed2ad3f3136,qbank_32b37a2f20be,实操题库_地面站考试条件_2026H1_地面站避让点题型.txt_91,2026H1,2026H1,地面站避让点题型,航向方位判断,导航定位,NW;SW,ground_station_exam_cases.csv
gskill_cd5561260807,gsec_1ed2ad3f3136,qbank_32b37a2f20be,实操题库_地面站考试条件_2026H1_地面站避让点题型.txt_91,2026H1,2026H1,地面站避让点题型,夹角计算,几何计算,∠,ground_station_exam_cases.csv
gskill_a68930abd561,gsec_1ed2ad3f3136,qbank_32b37a2f20be,实操题库_地面站考试条件_2026H1_地面站避让点题型.txt_91,2026H1,2026H1,地面站避让点题型,避让点规划,限制绕飞,避让,ground_station_exam_cases.csv
gskill_bb3ee7ab6ef0,gsec_1ed2ad3f3136,qbank_32b37a2f20be,实操题库_地面站考试条件_2026H1_地面站避让点题型.txt_91,2026H1,2026H1,地面站避让点题型,速度高度参数设置,参数设置,高度;速度;m/s,ground_station_exam_cases.csv
gskill_3f5557faa7eb,gsec_1ed2ad3f3136,qbank_32b37a2f20be,实操题库_地面站考试条件_2026H1_地面站避让点题型.txt_91,2026H1,2026H1,地面站避让点题型,转弯停留循环设置,参数设置,转弯;停留;循环;闭合,ground_station_exam_cases.csv
gskill_381b5644b15d,gsec_1ed2ad3f3136,qbank_32b37a2f20be,实操题库_地面站考试条件_2026H1_地面站避让点题型.txt_91,2026H1,2026H1,地面站避让点题型,几何图形航线规划,几何计算,边长,ground_station_exam_cases.csv
gskill_510d3775b817,gsec_1ed2ad3f3136,qbank_32b37a2f20be,实操题库_地面站考试条件_2026H1_地面站避让点题型.txt_91,2026H1,2026H1,地面站避让点题型,题型:地面站避让点,题型,地面站避让点题型,ground_station_exam_cases.csv
gskill_0ee42a51838b,gsec_e1ece7d817ee,qbank_32b37a2f20be,实操题库_地面站考试条件_2026H1_地面站避让点题型.txt_92,2026H1,2026H1,地面站避让点题型,经纬度换算,导航定位,经纬度;N:;N;E,ground_station_exam_cases.csv
gskill_ed99850d7d1b,gsec_e1ece7d817ee,qbank_32b37a2f20be,实操题库_地面站考试条件_2026H1_地面站避让点题型.txt_92,2026H1,2026H1,地面站避让点题型,航向方位判断,导航定位,航向;NW,ground_station_exam_cases.csv
gskill_6cb42d81e45d,gsec_e1ece7d817ee,qbank_32b37a2f20be,实操题库_地面站考试条件_2026H1_地面站避让点题型.txt_92,2026H1,2026H1,地面站避让点题型,夹角计算,几何计算,∠,ground_station_exam_cases.csv
gskill_e0f2880363a6,gsec_e1ece7d817ee,qbank_32b37a2f20be,实操题库_地面站考试条件_2026H1_地面站避让点题型.txt_92,2026H1,2026H1,地面站避让点题型,速度高度参数设置,参数设置,高度;速度;m/s,ground_station_exam_cases.csv
gskill_0f4415764dab,gsec_e1ece7d817ee,qbank_32b37a2f20be,实操题库_地面站考试条件_2026H1_地面站避让点题型.txt_92,2026H1,2026H1,地面站避让点题型,转弯停留循环设置,参数设置,转弯;停留;循环;闭合,ground_station_exam_cases.csv
gskill_6bee6c74104d,gsec_e1ece7d817ee,qbank_32b37a2f20be,实操题库_地面站考试条件_2026H1_地面站避让点题型.txt_92,2026H1,2026H1,地面站避让点题型,几何图形航线规划,几何计算,边长,ground_station_exam_cases.csv
gskill_fbaf1dcec609,gsec_e1ece7d817ee,qbank_32b37a2f20be,实操题库_地面站考试条件_2026H1_地面站避让点题型.txt_92,2026H1,2026H1,地面站避让点题型,起飞返航点定位,导航定位,起飞点,ground_station_exam_cases.csv
gskill_15e9eeb1e116,gsec_e1ece7d817ee,qbank_32b37a2f20be,实操题库_地面站考试条件_2026H1_地面站避让点题型.txt_92,2026H1,2026H1,地面站避让点题型,题型:地面站避让点,题型,地面站避让点题型,ground_station_exam_cases.csv
gskill_39e256449475,gsec_719beb5621fc,qbank_32b37a2f20be,实操题库_地面站考试条件_2026H1_地面站避让点题型.txt_93,2026H1,2026H1,地面站避让点题型,经纬度换算,导航定位,E,ground_station_exam_cases.csv
gskill_bdc378046210,gsec_719beb5621fc,qbank_32b37a2f20be,实操题库_地面站考试条件_2026H1_地面站避让点题型.txt_93,2026H1,2026H1,地面站避让点题型,航向方位判断,导航定位,SE;SW,ground_station_exam_cases.csv
gskill_3ae160718298,gsec_719beb5621fc,qbank_32b37a2f20be,实操题库_地面站考试条件_2026H1_地面站避让点题型.txt_93,2026H1,2026H1,地面站避让点题型,空域地形限制处理,限制绕飞,限制,ground_station_exam_cases.csv
gskill_1765f956f9da,gsec_719beb5621fc,qbank_32b37a2f20be,实操题库_地面站考试条件_2026H1_地面站避让点题型.txt_93,2026H1,2026H1,地面站避让点题型,速度高度参数设置,参数设置,高度;速度;m/s,ground_station_exam_cases.csv
gskill_967107511b5c,gsec_719beb5621fc,qbank_32b37a2f20be,实操题库_地面站考试条件_2026H1_地面站避让点题型.txt_93,2026H1,2026H1,地面站避让点题型,转弯停留循环设置,参数设置,转弯;停留;闭合,ground_station_exam_cases.csv
gskill_859c2b91c2b0,gsec_719beb5621fc,qbank_32b37a2f20be,实操题库_地面站考试条件_2026H1_地面站避让点题型.txt_93,2026H1,2026H1,地面站避让点题型,几何图形航线规划,几何计算,边长,ground_station_exam_cases.csv
gskill_cbe36bf66408,gsec_719beb5621fc,qbank_32b37a2f20be,实操题库_地面站考试条件_2026H1_地面站避让点题型.txt_93,2026H1,2026H1,地面站避让点题型,题型:地面站避让点,题型,地面站避让点题型,ground_station_exam_cases.csv
gskill_5c81e22130be,gsec_22dd82f629eb,qbank_32b37a2f20be,实操题库_地面站考试条件_2026H1_地面站避让点题型.txt_94,2026H1,2026H1,地面站避让点题型,经纬度换算,导航定位,E,ground_station_exam_cases.csv
gskill_69b8bfb096fe,gsec_22dd82f629eb,qbank_32b37a2f20be,实操题库_地面站考试条件_2026H1_地面站避让点题型.txt_94,2026H1,2026H1,地面站避让点题型,航向方位判断,导航定位,SE;SW,ground_station_exam_cases.csv
gskill_46e47aadeda9,gsec_22dd82f629eb,qbank_32b37a2f20be,实操题库_地面站考试条件_2026H1_地面站避让点题型.txt_94,2026H1,2026H1,地面站避让点题型,夹角计算,几何计算,∠,ground_station_exam_cases.csv
gskill_70135ca46c18,gsec_22dd82f629eb,qbank_32b37a2f20be,实操题库_地面站考试条件_2026H1_地面站避让点题型.txt_94,2026H1,2026H1,地面站避让点题型,空域地形限制处理,限制绕飞,限制,ground_station_exam_cases.csv
gskill_bdfe4adc3da3,gsec_22dd82f629eb,qbank_32b37a2f20be,实操题库_地面站考试条件_2026H1_地面站避让点题型.txt_94,2026H1,2026H1,地面站避让点题型,速度高度参数设置,参数设置,高度;速度;m/s;米/秒,ground_station_exam_cases.csv
gskill_f4f35809d0db,gsec_22dd82f629eb,qbank_32b37a2f20be,实操题库_地面站考试条件_2026H1_地面站避让点题型.txt_94,2026H1,2026H1,地面站避让点题型,转弯停留循环设置,参数设置,转弯;停留;闭合,ground_station_exam_cases.csv
gskill_db3cde20f82b,gsec_22dd82f629eb,qbank_32b37a2f20be,实操题库_地面站考试条件_2026H1_地面站避让点题型.txt_94,2026H1,2026H1,地面站避让点题型,几何图形航线规划,几何计算,五边形;边长,ground_station_exam_cases.csv
gskill_57fa177278cf,gsec_22dd82f629eb,qbank_32b37a2f20be,实操题库_地面站考试条件_2026H1_地面站避让点题型.txt_94,2026H1,2026H1,地面站避让点题型,起飞返航点定位,导航定位,起飞点,ground_station_exam_cases.csv
gskill_10e4271296cd,gsec_22dd82f629eb,qbank_32b37a2f20be,实操题库_地面站考试条件_2026H1_地面站避让点题型.txt_94,2026H1,2026H1,地面站避让点题型,题型:地面站避让点,题型,地面站避让点题型,ground_station_exam_cases.csv
gskill_e7048a84169d,gsec_5c78a35bb7f6,qbank_32b37a2f20be,实操题库_地面站考试条件_2026H1_地面站避让点题型.txt_95,2026H1,2026H1,地面站避让点题型,经纬度换算,导航定位,经纬度;N:;E:;N;E,ground_station_exam_cases.csv
gskill_7830c2ecc2e1,gsec_5c78a35bb7f6,qbank_32b37a2f20be,实操题库_地面站考试条件_2026H1_地面站避让点题型.txt_95,2026H1,2026H1,地面站避让点题型,航向方位判断,导航定位,SE;SW,ground_station_exam_cases.csv
gskill_616669f06f84,gsec_5c78a35bb7f6,qbank_32b37a2f20be,实操题库_地面站考试条件_2026H1_地面站避让点题型.txt_95,2026H1,2026H1,地面站避让点题型,避让点规划,限制绕飞,避让,ground_station_exam_cases.csv
gskill_c02dc6631040,gsec_5c78a35bb7f6,qbank_32b37a2f20be,实操题库_地面站考试条件_2026H1_地面站避让点题型.txt_95,2026H1,2026H1,地面站避让点题型,速度高度参数设置,参数设置,高度;速度;m/s,ground_station_exam_cases.csv
gskill_300ed8b01f8f,gsec_5c78a35bb7f6,qbank_32b37a2f20be,实操题库_地面站考试条件_2026H1_地面站避让点题型.txt_95,2026H1,2026H1,地面站避让点题型,转弯停留循环设置,参数设置,转弯;停留;循环;闭合,ground_station_exam_cases.csv
gskill_755ceb80f488,gsec_5c78a35bb7f6,qbank_32b37a2f20be,实操题库_地面站考试条件_2026H1_地面站避让点题型.txt_95,2026H1,2026H1,地面站避让点题型,几何图形航线规划,几何计算,边长;图形,ground_station_exam_cases.csv
gskill_c4fd3ee6eeae,gsec_5c78a35bb7f6,qbank_32b37a2f20be,实操题库_地面站考试条件_2026H1_地面站避让点题型.txt_95,2026H1,2026H1,地面站避让点题型,题型:地面站避让点,题型,地面站避让点题型,ground_station_exam_cases.csv
gskill_a3a4ddf28032,gsec_b19708939306,qbank_32b37a2f20be,实操题库_地面站考试条件_2026H1_地面站避让点题型.txt_96,2026H1,2026H1,地面站避让点题型,经纬度换算,导航定位,经纬度;N:;N;E,ground_station_exam_cases.csv
gskill_391da17ec4c0,gsec_b19708939306,qbank_32b37a2f20be,实操题库_地面站考试条件_2026H1_地面站避让点题型.txt_96,2026H1,2026H1,地面站避让点题型,航向方位判断,导航定位,NE;NW,ground_station_exam_cases.csv
gskill_1379cb17ebee,gsec_b19708939306,qbank_32b37a2f20be,实操题库_地面站考试条件_2026H1_地面站避让点题型.txt_96,2026H1,2026H1,地面站避让点题型,避让点规划,限制绕飞,避让,ground_station_exam_cases.csv
gskill_3592bd007091,gsec_b19708939306,qbank_32b37a2f20be,实操题库_地面站考试条件_2026H1_地面站避让点题型.txt_96,2026H1,2026H1,地面站避让点题型,速度高度参数设置,参数设置,高度;速度;m/s,ground_station_exam_cases.csv
gskill_99cacf026f73,gsec_b19708939306,qbank_32b37a2f20be,实操题库_地面站考试条件_2026H1_地面站避让点题型.txt_96,2026H1,2026H1,地面站避让点题型,转弯停留循环设置,参数设置,转弯;停留;循环;闭合,ground_station_exam_cases.csv
gskill_9584dbb1ce61,gsec_b19708939306,qbank_32b37a2f20be,实操题库_地面站考试条件_2026H1_地面站避让点题型.txt_96,2026H1,2026H1,地面站避让点题型,几何图形航线规划,几何计算,六边形;边长;图形,ground_station_exam_cases.csv
gskill_dd3b5e424a04,gsec_b19708939306,qbank_32b37a2f20be,实操题库_地面站考试条件_2026H1_地面站避让点题型.txt_96,2026H1,2026H1,地面站避让点题型,题型:地面站避让点,题型,地面站避让点题型,ground_station_exam_cases.csv
gskill_eadd4344b593,gsec_a3bcd66ce7fc,qbank_32b37a2f20be,实操题库_地面站考试条件_2026H1_地面站避让点题型.txt_97,2026H1,2026H1,地面站避让点题型,经纬度换算,导航定位,经纬度;N:;E:;N;E,ground_station_exam_cases.csv
gskill_ad0063b4438d,gsec_a3bcd66ce7fc,qbank_32b37a2f20be,实操题库_地面站考试条件_2026H1_地面站避让点题型.txt_97,2026H1,2026H1,地面站避让点题型,航向方位判断,导航定位,NE;NW,ground_station_exam_cases.csv
gskill_9f11d40f525f,gsec_a3bcd66ce7fc,qbank_32b37a2f20be,实操题库_地面站考试条件_2026H1_地面站避让点题型.txt_97,2026H1,2026H1,地面站避让点题型,避让点规划,限制绕飞,避让,ground_station_exam_cases.csv
gskill_d79069d92434,gsec_a3bcd66ce7fc,qbank_32b37a2f20be,实操题库_地面站考试条件_2026H1_地面站避让点题型.txt_97,2026H1,2026H1,地面站避让点题型,速度高度参数设置,参数设置,高度;速度;m/s,ground_station_exam_cases.csv
gskill_79ea9d590e89,gsec_a3bcd66ce7fc,qbank_32b37a2f20be,实操题库_地面站考试条件_2026H1_地面站避让点题型.txt_97,2026H1,2026H1,地面站避让点题型,转弯停留循环设置,参数设置,转弯;停留;循环;闭合,ground_station_exam_cases.csv
gskill_1a508e668272,gsec_a3bcd66ce7fc,qbank_32b37a2f20be,实操题库_地面站考试条件_2026H1_地面站避让点题型.txt_97,2026H1,2026H1,地面站避让点题型,几何图形航线规划,几何计算,六边形;边长;图形,ground_station_exam_cases.csv
gskill_b932aa347019,gsec_a3bcd66ce7fc,qbank_32b37a2f20be,实操题库_地面站考试条件_2026H1_地面站避让点题型.txt_97,2026H1,2026H1,地面站避让点题型,题型:地面站避让点,题型,地面站避让点题型,ground_station_exam_cases.csv
gskill_ded05cd33626,gsec_af7e176fb2c6,qbank_32b37a2f20be,实操题库_地面站考试条件_2026H1_地面站避让点题型.txt_98,2026H1,2026H1,地面站避让点题型,经纬度换算,导航定位,经纬度;N:;E:;N;E,ground_station_exam_cases.csv
gskill_98b22b39519f,gsec_af7e176fb2c6,qbank_32b37a2f20be,实操题库_地面站考试条件_2026H1_地面站避让点题型.txt_98,2026H1,2026H1,地面站避让点题型,航向方位判断,导航定位,NE;NW,ground_station_exam_cases.csv
gskill_6eaa2cf291f5,gsec_af7e176fb2c6,qbank_32b37a2f20be,实操题库_地面站考试条件_2026H1_地面站避让点题型.txt_98,2026H1,2026H1,地面站避让点题型,避让点规划,限制绕飞,避让,ground_station_exam_cases.csv
gskill_ad5c57a45e3b,gsec_af7e176fb2c6,qbank_32b37a2f20be,实操题库_地面站考试条件_2026H1_地面站避让点题型.txt_98,2026H1,2026H1,地面站避让点题型,速度高度参数设置,参数设置,高度;速度;m/s,ground_station_exam_cases.csv
gskill_8c5866d07a9e,gsec_af7e176fb2c6,qbank_32b37a2f20be,实操题库_地面站考试条件_2026H1_地面站避让点题型.txt_98,2026H1,2026H1,地面站避让点题型,转弯停留循环设置,参数设置,转弯;停留;循环;闭合;不循环,ground_station_exam_cases.csv
gskill_4d433432d376,gsec_af7e176fb2c6,qbank_32b37a2f20be,实操题库_地面站考试条件_2026H1_地面站避让点题型.txt_98,2026H1,2026H1,地面站避让点题型,几何图形航线规划,几何计算,六边形;边长;图形,ground_station_exam_cases.csv
gskill_1f0a3e32398c,gsec_af7e176fb2c6,qbank_32b37a2f20be,实操题库_地面站考试条件_2026H1_地面站避让点题型.txt_98,2026H1,2026H1,地面站避让点题型,题型:地面站避让点,题型,地面站避让点题型,ground_station_exam_cases.csv
gskill_6af432f8747e,gsec_5b3a4c890803,qbank_32b37a2f20be,实操题库_地面站考试条件_2026H1_地面站避让点题型.txt_99,2026H1,2026H1,地面站避让点题型,经纬度换算,导航定位,E:;N;E,ground_station_exam_cases.csv
gskill_04d1300dfbd6,gsec_5b3a4c890803,qbank_32b37a2f20be,实操题库_地面站考试条件_2026H1_地面站避让点题型.txt_99,2026H1,2026H1,地面站避让点题型,航向方位判断,导航定位,SE;SW,ground_station_exam_cases.csv
gskill_32ddb86e397b,gsec_5b3a4c890803,qbank_32b37a2f20be,实操题库_地面站考试条件_2026H1_地面站避让点题型.txt_99,2026H1,2026H1,地面站避让点题型,避让点规划,限制绕飞,避让,ground_station_exam_cases.csv
gskill_3d48dbb45fd2,gsec_5b3a4c890803,qbank_32b37a2f20be,实操题库_地面站考试条件_2026H1_地面站避让点题型.txt_99,2026H1,2026H1,地面站避让点题型,速度高度参数设置,参数设置,高度;速度;m/s,ground_station_exam_cases.csv
gskill_5ba0536052cc,gsec_5b3a4c890803,qbank_32b37a2f20be,实操题库_地面站考试条件_2026H1_地面站避让点题型.txt_99,2026H1,2026H1,地面站避让点题型,转弯停留循环设置,参数设置,转弯;循环;闭合;不循环,ground_station_exam_cases.csv
gskill_15a5956b8a6c,gsec_5b3a4c890803,qbank_32b37a2f20be,实操题库_地面站考试条件_2026H1_地面站避让点题型.txt_99,2026H1,2026H1,地面站避让点题型,几何图形航线规划,几何计算,图形,ground_station_exam_cases.csv
gskill_fadd59fec864,gsec_5b3a4c890803,qbank_32b37a2f20be,实操题库_地面站考试条件_2026H1_地面站避让点题型.txt_99,2026H1,2026H1,地面站避让点题型,题型:地面站避让点,题型,地面站避让点题型,ground_station_exam_cases.csv
gskill_ffc57223f0a1,gsec_6e7e521e5430,qbank_32b37a2f20be,实操题库_地面站考试条件_2026H1_地面站避让点题型.txt_100,2026H1,2026H1,地面站避让点题型,经纬度换算,导航定位,经纬度;N:;E:;N;E,ground_station_exam_cases.csv
gskill_31ca064130e3,gsec_6e7e521e5430,qbank_32b37a2f20be,实操题库_地面站考试条件_2026H1_地面站避让点题型.txt_100,2026H1,2026H1,地面站避让点题型,航向方位判断,导航定位,NE;SE,ground_station_exam_cases.csv
gskill_8d8bc3e48727,gsec_6e7e521e5430,qbank_32b37a2f20be,实操题库_地面站考试条件_2026H1_地面站避让点题型.txt_100,2026H1,2026H1,地面站避让点题型,避让点规划,限制绕飞,避让,ground_station_exam_cases.csv
gskill_3da9c113bca1,gsec_6e7e521e5430,qbank_32b37a2f20be,实操题库_地面站考试条件_2026H1_地面站避让点题型.txt_100,2026H1,2026H1,地面站避让点题型,速度高度参数设置,参数设置,高度;速度;m/s,ground_station_exam_cases.csv
gskill_9fedf406409c,gsec_6e7e521e5430,qbank_32b37a2f20be,实操题库_地面站考试条件_2026H1_地面站避让点题型.txt_100,2026H1,2026H1,地面站避让点题型,转弯停留循环设置,参数设置,转弯;循环;闭合,ground_station_exam_cases.csv
gskill_f854e0841e5c,gsec_6e7e521e5430,qbank_32b37a2f20be,实操题库_地面站考试条件_2026H1_地面站避让点题型.txt_100,2026H1,2026H1,地面站避让点题型,几何图形航线规划,几何计算,图形,ground_station_exam_cases.csv
gskill_2a252ded9c3d,gsec_6e7e521e5430,qbank_32b37a2f20be,实操题库_地面站考试条件_2026H1_地面站避让点题型.txt_100,2026H1,2026H1,地面站避让点题型,题型:地面站避让点,题型,地面站避让点题型,ground_station_exam_cases.csv
gskill_26e868cbe8da,gsec_c32c43e1627d,qbank_32b37a2f20be,实操题库_地面站考试条件_2026H1_地面站避让点题型.txt_101,2026H1,2026H1,地面站避让点题型,经纬度换算,导航定位,经纬度;N:;E:;N;E,ground_station_exam_cases.csv
gskill_fa5e579b4af7,gsec_c32c43e1627d,qbank_32b37a2f20be,实操题库_地面站考试条件_2026H1_地面站避让点题型.txt_101,2026H1,2026H1,地面站避让点题型,航向方位判断,导航定位,NW;SE,ground_station_exam_cases.csv
gskill_d13d4f4be266,gsec_c32c43e1627d,qbank_32b37a2f20be,实操题库_地面站考试条件_2026H1_地面站避让点题型.txt_101,2026H1,2026H1,地面站避让点题型,夹角计算,几何计算,∠,ground_station_exam_cases.csv
gskill_5248d80f1566,gsec_c32c43e1627d,qbank_32b37a2f20be,实操题库_地面站考试条件_2026H1_地面站避让点题型.txt_101,2026H1,2026H1,地面站避让点题型,避让点规划,限制绕飞,避让,ground_station_exam_cases.csv
gskill_6be22ecf9a60,gsec_c32c43e1627d,qbank_32b37a2f20be,实操题库_地面站考试条件_2026H1_地面站避让点题型.txt_101,2026H1,2026H1,地面站避让点题型,速度高度参数设置,参数设置,高度;速度;m/s,ground_station_exam_cases.csv
gskill_6dbdba071b0c,gsec_c32c43e1627d,qbank_32b37a2f20be,实操题库_地面站考试条件_2026H1_地面站避让点题型.txt_101,2026H1,2026H1,地面站避让点题型,转弯停留循环设置,参数设置,转弯;停留;循环;闭合,ground_station_exam_cases.csv
gskill_6327337bd640,gsec_c32c43e1627d,qbank_32b37a2f20be,实操题库_地面站考试条件_2026H1_地面站避让点题型.txt_101,2026H1,2026H1,地面站避让点题型,几何图形航线规划,几何计算,边长;图形,ground_station_exam_cases.csv
gskill_2f652887190e,gsec_c32c43e1627d,qbank_32b37a2f20be,实操题库_地面站考试条件_2026H1_地面站避让点题型.txt_101,2026H1,2026H1,地面站避让点题型,题型:地面站避让点,题型,地面站避让点题型,ground_station_exam_cases.csv
gskill_19d89d84ea05,gsec_1d965dc441e1,qbank_32b37a2f20be,实操题库_地面站考试条件_2026H1_地面站避让点题型.txt_102,2026H1,2026H1,地面站避让点题型,经纬度换算,导航定位,N:;E:;N;E,ground_station_exam_cases.csv
gskill_15e0c635bc57,gsec_1d965dc441e1,qbank_32b37a2f20be,实操题库_地面站考试条件_2026H1_地面站避让点题型.txt_102,2026H1,2026H1,地面站避让点题型,航向方位判断,导航定位,NW;SE,ground_station_exam_cases.csv
gskill_e583edd0f3d0,gsec_1d965dc441e1,qbank_32b37a2f20be,实操题库_地面站考试条件_2026H1_地面站避让点题型.txt_102,2026H1,2026H1,地面站避让点题型,夹角计算,几何计算,∠,ground_station_exam_cases.csv
gskill_8a48bb83f974,gsec_1d965dc441e1,qbank_32b37a2f20be,实操题库_地面站考试条件_2026H1_地面站避让点题型.txt_102,2026H1,2026H1,地面站避让点题型,避让点规划,限制绕飞,避让,ground_station_exam_cases.csv
gskill_309180497fb3,gsec_1d965dc441e1,qbank_32b37a2f20be,实操题库_地面站考试条件_2026H1_地面站避让点题型.txt_102,2026H1,2026H1,地面站避让点题型,速度高度参数设置,参数设置,高度;速度;m/s,ground_station_exam_cases.csv
gskill_8ff6ed6eea6e,gsec_1d965dc441e1,qbank_32b37a2f20be,实操题库_地面站考试条件_2026H1_地面站避让点题型.txt_102,2026H1,2026H1,地面站避让点题型,转弯停留循环设置,参数设置,转弯;停留;循环;闭合,ground_station_exam_cases.csv
gskill_05893687711a,gsec_1d965dc441e1,qbank_32b37a2f20be,实操题库_地面站考试条件_2026H1_地面站避让点题型.txt_102,2026H1,2026H1,地面站避让点题型,几何图形航线规划,几何计算,五边形;边长;图形,ground_station_exam_cases.csv
gskill_a9538089f2f7,gsec_1d965dc441e1,qbank_32b37a2f20be,实操题库_地面站考试条件_2026H1_地面站避让点题型.txt_102,2026H1,2026H1,地面站避让点题型,题型:地面站避让点,题型,地面站避让点题型,ground_station_exam_cases.csv
gskill_9a9a842ff238,gsec_cf3e8f70e18d,qbank_32b37a2f20be,实操题库_地面站考试条件_2026H1_地面站避让点题型.txt_103,2026H1,2026H1,地面站避让点题型,经纬度换算,导航定位,经纬度;N:;E:;N;E,ground_station_exam_cases.csv
gskill_5e5ca5d5d1ea,gsec_cf3e8f70e18d,qbank_32b37a2f20be,实操题库_地面站考试条件_2026H1_地面站避让点题型.txt_103,2026H1,2026H1,地面站避让点题型,航向方位判断,导航定位,SE;SW,ground_station_exam_cases.csv
gskill_f9a43b633b57,gsec_cf3e8f70e18d,qbank_32b37a2f20be,实操题库_地面站考试条件_2026H1_地面站避让点题型.txt_103,2026H1,2026H1,地面站避让点题型,夹角计算,几何计算,∠;角,ground_station_exam_cases.csv
gskill_1dae9fa6c14c,gsec_cf3e8f70e18d,qbank_32b37a2f20be,实操题库_地面站考试条件_2026H1_地面站避让点题型.txt_103,2026H1,2026H1,地面站避让点题型,避让点规划,限制绕飞,避让,ground_station_exam_cases.csv
gskill_4c76c4229a39,gsec_cf3e8f70e18d,qbank_32b37a2f20be,实操题库_地面站考试条件_2026H1_地面站避让点题型.txt_103,2026H1,2026H1,地面站避让点题型,空域地形限制处理,限制绕飞,限制,ground_station_exam_cases.csv
gskill_66e00e0eb4d8,gsec_cf3e8f70e18d,qbank_32b37a2f20be,实操题库_地面站考试条件_2026H1_地面站避让点题型.txt_103,2026H1,2026H1,地面站避让点题型,速度高度参数设置,参数设置,高度;速度;m/s,ground_station_exam_cases.csv
gskill_57fdf45b1ce2,gsec_cf3e8f70e18d,qbank_32b37a2f20be,实操题库_地面站考试条件_2026H1_地面站避让点题型.txt_103,2026H1,2026H1,地面站避让点题型,转弯停留循环设置,参数设置,转弯;停留;循环;闭合,ground_station_exam_cases.csv
gskill_d14fa844f3fb,gsec_cf3e8f70e18d,qbank_32b37a2f20be,实操题库_地面站考试条件_2026H1_地面站避让点题型.txt_103,2026H1,2026H1,地面站避让点题型,几何图形航线规划,几何计算,三角形;边长,ground_station_exam_cases.csv
gskill_fe6cbfb598e1,gsec_cf3e8f70e18d,qbank_32b37a2f20be,实操题库_地面站考试条件_2026H1_地面站避让点题型.txt_103,2026H1,2026H1,地面站避让点题型,起飞返航点定位,导航定位,起飞点,ground_station_exam_cases.csv
gskill_7ac3d76d40be,gsec_cf3e8f70e18d,qbank_32b37a2f20be,实操题库_地面站考试条件_2026H1_地面站避让点题型.txt_103,2026H1,2026H1,地面站避让点题型,题型:地面站避让点,题型,地面站避让点题型,ground_station_exam_cases.csv
gskill_c363e9f9029c,gsec_5c9d4b19c46e,qbank_32b37a2f20be,实操题库_地面站考试条件_2026H1_地面站避让点题型.txt_104,2026H1,2026H1,地面站避让点题型,经纬度换算,导航定位,经纬度;N:;E:;N;E,ground_station_exam_cases.csv
gskill_100da15a7407,gsec_5c9d4b19c46e,qbank_32b37a2f20be,实操题库_地面站考试条件_2026H1_地面站避让点题型.txt_104,2026H1,2026H1,地面站避让点题型,航向方位判断,导航定位,NE;SE,ground_station_exam_cases.csv
gskill_79f78a76d8a1,gsec_5c9d4b19c46e,qbank_32b37a2f20be,实操题库_地面站考试条件_2026H1_地面站避让点题型.txt_104,2026H1,2026H1,地面站避让点题型,夹角计算,几何计算,角,ground_station_exam_cases.csv
gskill_805b70bb901f,gsec_5c9d4b19c46e,qbank_32b37a2f20be,实操题库_地面站考试条件_2026H1_地面站避让点题型.txt_104,2026H1,2026H1,地面站避让点题型,避让点规划,限制绕飞,避让,ground_station_exam_cases.csv
gskill_68e425843a82,gsec_5c9d4b19c46e,qbank_32b37a2f20be,实操题库_地面站考试条件_2026H1_地面站避让点题型.txt_104,2026H1,2026H1,地面站避让点题型,空域地形限制处理,限制绕飞,空域;限制,ground_station_exam_cases.csv
gskill_bc387898b0d8,gsec_5c9d4b19c46e,qbank_32b37a2f20be,实操题库_地面站考试条件_2026H1_地面站避让点题型.txt_104,2026H1,2026H1,地面站避让点题型,速度高度参数设置,参数设置,高度;速度;m/s,ground_station_exam_cases.csv
gskill_15c432beb9c4,gsec_5c9d4b19c46e,qbank_32b37a2f20be,实操题库_地面站考试条件_2026H1_地面站避让点题型.txt_104,2026H1,2026H1,地面站避让点题型,转弯停留循环设置,参数设置,转弯;停留;循环;闭合,ground_station_exam_cases.csv
gskill_929fda26b30c,gsec_5c9d4b19c46e,qbank_32b37a2f20be,实操题库_地面站考试条件_2026H1_地面站避让点题型.txt_104,2026H1,2026H1,地面站避让点题型,几何图形航线规划,几何计算,三角形;边长,ground_station_exam_cases.csv
gskill_669d83cf053a,gsec_5c9d4b19c46e,qbank_32b37a2f20be,实操题库_地面站考试条件_2026H1_地面站避让点题型.txt_104,2026H1,2026H1,地面站避让点题型,题型:地面站避让点,题型,地面站避让点题型,ground_station_exam_cases.csv
gskill_f7984a1f8c2e,gsec_467cd060ecfc,qbank_32b37a2f20be,实操题库_地面站考试条件_2026H1_地面站避让点题型.txt_105,2026H1,2026H1,地面站避让点题型,经纬度换算,导航定位,N;E,ground_station_exam_cases.csv
gskill_2f0a88d3c1a2,gsec_467cd060ecfc,qbank_32b37a2f20be,实操题库_地面站考试条件_2026H1_地面站避让点题型.txt_105,2026H1,2026H1,地面站避让点题型,航向方位判断,导航定位,NE;SE,ground_station_exam_cases.csv
gskill_1f35f976e0dd,gsec_467cd060ecfc,qbank_32b37a2f20be,实操题库_地面站考试条件_2026H1_地面站避让点题型.txt_105,2026H1,2026H1,地面站避让点题型,避让点规划,限制绕飞,避让,ground_station_exam_cases.csv
gskill_8e10698ddcc0,gsec_467cd060ecfc,qbank_32b37a2f20be,实操题库_地面站考试条件_2026H1_地面站避让点题型.txt_105,2026H1,2026H1,地面站避让点题型,空域地形限制处理,限制绕飞,限制,ground_station_exam_cases.csv
gskill_243c55481a63,gsec_467cd060ecfc,qbank_32b37a2f20be,实操题库_地面站考试条件_2026H1_地面站避让点题型.txt_105,2026H1,2026H1,地面站避让点题型,速度高度参数设置,参数设置,高度;速度;m/s,ground_station_exam_cases.csv
gskill_f387629af9fd,gsec_467cd060ecfc,qbank_32b37a2f20be,实操题库_地面站考试条件_2026H1_地面站避让点题型.txt_105,2026H1,2026H1,地面站避让点题型,转弯停留循环设置,参数设置,转弯;停留;循环;闭合;不循环,ground_station_exam_cases.csv
gskill_7dc22dfc6273,gsec_467cd060ecfc,qbank_32b37a2f20be,实操题库_地面站考试条件_2026H1_地面站避让点题型.txt_105,2026H1,2026H1,地面站避让点题型,题型:地面站避让点,题型,地面站避让点题型,ground_station_exam_cases.csv
gskill_b049c3bacd57,gsec_52beece787d0,qbank_32b37a2f20be,实操题库_地面站考试条件_2026H1_地面站避让点题型.txt_106,2026H1,2026H1,地面站避让点题型,经纬度换算,导航定位,经纬度;N:;E:;N;E,ground_station_exam_cases.csv
gskill_635545a0483c,gsec_52beece787d0,qbank_32b37a2f20be,实操题库_地面站考试条件_2026H1_地面站避让点题型.txt_106,2026H1,2026H1,地面站避让点题型,航向方位判断,导航定位,SE;SW,ground_station_exam_cases.csv
gskill_e75c35467701,gsec_52beece787d0,qbank_32b37a2f20be,实操题库_地面站考试条件_2026H1_地面站避让点题型.txt_106,2026H1,2026H1,地面站避让点题型,避让点规划,限制绕飞,避让,ground_station_exam_cases.csv
gskill_0697d5434013,gsec_52beece787d0,qbank_32b37a2f20be,实操题库_地面站考试条件_2026H1_地面站避让点题型.txt_106,2026H1,2026H1,地面站避让点题型,速度高度参数设置,参数设置,高度;速度;m/s,ground_station_exam_cases.csv
gskill_c28af2b04ddd,gsec_52beece787d0,qbank_32b37a2f20be,实操题库_地面站考试条件_2026H1_地面站避让点题型.txt_106,2026H1,2026H1,地面站避让点题型,转弯停留循环设置,参数设置,转弯,ground_station_exam_cases.csv
gskill_906339a890d3,gsec_52beece787d0,qbank_32b37a2f20be,实操题库_地面站考试条件_2026H1_地面站避让点题型.txt_106,2026H1,2026H1,地面站避让点题型,几何图形航线规划,几何计算,图形,ground_station_exam_cases.csv
gskill_f6cd41cce4e2,gsec_52beece787d0,qbank_32b37a2f20be,实操题库_地面站考试条件_2026H1_地面站避让点题型.txt_106,2026H1,2026H1,地面站避让点题型,题型:地面站避让点,题型,地面站避让点题型,ground_station_exam_cases.csv
gskill_36e9cac5166b,gsec_9f19eb279e30,qbank_32b37a2f20be,实操题库_地面站考试条件_2026H1_地面站避让点题型.txt_107,2026H1,2026H1,地面站避让点题型,经纬度换算,导航定位,经纬度;N:;E:;N;E,ground_station_exam_cases.csv
gskill_fa593d78ef92,gsec_9f19eb279e30,qbank_32b37a2f20be,实操题库_地面站考试条件_2026H1_地面站避让点题型.txt_107,2026H1,2026H1,地面站避让点题型,航向方位判断,导航定位,NE;NW,ground_station_exam_cases.csv
gskill_6816d2f0dfdb,gsec_9f19eb279e30,qbank_32b37a2f20be,实操题库_地面站考试条件_2026H1_地面站避让点题型.txt_107,2026H1,2026H1,地面站避让点题型,夹角计算,几何计算,∠,ground_station_exam_cases.csv
gskill_f7f335827452,gsec_9f19eb279e30,qbank_32b37a2f20be,实操题库_地面站考试条件_2026H1_地面站避让点题型.txt_107,2026H1,2026H1,地面站避让点题型,避让点规划,限制绕飞,避让,ground_station_exam_cases.csv
gskill_5b2506da82be,gsec_9f19eb279e30,qbank_32b37a2f20be,实操题库_地面站考试条件_2026H1_地面站避让点题型.txt_107,2026H1,2026H1,地面站避让点题型,速度高度参数设置,参数设置,高度;速度;m/s,ground_station_exam_cases.csv
gskill_45de20110486,gsec_9f19eb279e30,qbank_32b37a2f20be,实操题库_地面站考试条件_2026H1_地面站避让点题型.txt_107,2026H1,2026H1,地面站避让点题型,转弯停留循环设置,参数设置,转弯;停留;循环;闭合,ground_station_exam_cases.csv
gskill_0938e1525f35,gsec_9f19eb279e30,qbank_32b37a2f20be,实操题库_地面站考试条件_2026H1_地面站避让点题型.txt_107,2026H1,2026H1,地面站避让点题型,几何图形航线规划,几何计算,边长;图形,ground_station_exam_cases.csv
gskill_136434e53afc,gsec_9f19eb279e30,qbank_32b37a2f20be,实操题库_地面站考试条件_2026H1_地面站避让点题型.txt_107,2026H1,2026H1,地面站避让点题型,题型:地面站避让点,题型,地面站避让点题型,ground_station_exam_cases.csv
gskill_bbf6a2cb4890,gsec_20b1c47120ec,qbank_32b37a2f20be,实操题库_地面站考试条件_2026H1_地面站避让点题型.txt_108,2026H1,2026H1,地面站避让点题型,经纬度换算,导航定位,经纬度;N:;E:;N;E,ground_station_exam_cases.csv
gskill_443bb22fc801,gsec_20b1c47120ec,qbank_32b37a2f20be,实操题库_地面站考试条件_2026H1_地面站避让点题型.txt_108,2026H1,2026H1,地面站避让点题型,航向方位判断,导航定位,SW,ground_station_exam_cases.csv
gskill_eb8e0c117e81,gsec_20b1c47120ec,qbank_32b37a2f20be,实操题库_地面站考试条件_2026H1_地面站避让点题型.txt_108,2026H1,2026H1,地面站避让点题型,速度高度参数设置,参数设置,高度;速度;m/s,ground_station_exam_cases.csv
gskill_52dc55111b3b,gsec_20b1c47120ec,qbank_32b37a2f20be,实操题库_地面站考试条件_2026H1_地面站避让点题型.txt_108,2026H1,2026H1,地面站避让点题型,转弯停留循环设置,参数设置,转弯;停留;循环;闭合;不循环,ground_station_exam_cases.csv
gskill_4d6fae8d19a7,gsec_20b1c47120ec,qbank_32b37a2f20be,实操题库_地面站考试条件_2026H1_地面站避让点题型.txt_108,2026H1,2026H1,地面站避让点题型,几何图形航线规划,几何计算,边长;图形,ground_station_exam_cases.csv
gskill_b240e93dd614,gsec_20b1c47120ec,qbank_32b37a2f20be,实操题库_地面站考试条件_2026H1_地面站避让点题型.txt_108,2026H1,2026H1,地面站避让点题型,题型:地面站避让点,题型,地面站避让点题型,ground_station_exam_cases.csv
gskill_f1c966631199,gsec_ff6e0f6c010c,qbank_32b37a2f20be,实操题库_地面站考试条件_2026H1_地面站避让点题型.txt_109,2026H1,2026H1,地面站避让点题型,经纬度换算,导航定位,经纬度;N:;E:;N;E,ground_station_exam_cases.csv
gskill_5e2fd00e3501,gsec_ff6e0f6c010c,qbank_32b37a2f20be,实操题库_地面站考试条件_2026H1_地面站避让点题型.txt_109,2026H1,2026H1,地面站避让点题型,航向方位判断,导航定位,NW;SE,ground_station_exam_cases.csv
gskill_3ed05689a19e,gsec_ff6e0f6c010c,qbank_32b37a2f20be,实操题库_地面站考试条件_2026H1_地面站避让点题型.txt_109,2026H1,2026H1,地面站避让点题型,避让点规划,限制绕飞,避让,ground_station_exam_cases.csv
gskill_cd373b2ec834,gsec_ff6e0f6c010c,qbank_32b37a2f20be,实操题库_地面站考试条件_2026H1_地面站避让点题型.txt_109,2026H1,2026H1,地面站避让点题型,速度高度参数设置,参数设置,高度;速度;m/s,ground_station_exam_cases.csv
gskill_be0dae93ecd4,gsec_ff6e0f6c010c,qbank_32b37a2f20be,实操题库_地面站考试条件_2026H1_地面站避让点题型.txt_109,2026H1,2026H1,地面站避让点题型,转弯停留循环设置,参数设置,转弯;停留;循环;闭合,ground_station_exam_cases.csv
gskill_bf61524b86c1,gsec_ff6e0f6c010c,qbank_32b37a2f20be,实操题库_地面站考试条件_2026H1_地面站避让点题型.txt_109,2026H1,2026H1,地面站避让点题型,几何图形航线规划,几何计算,六边形;边长;图形,ground_station_exam_cases.csv
gskill_dac15ecf3184,gsec_ff6e0f6c010c,qbank_32b37a2f20be,实操题库_地面站考试条件_2026H1_地面站避让点题型.txt_109,2026H1,2026H1,地面站避让点题型,题型:地面站避让点,题型,地面站避让点题型,ground_station_exam_cases.csv
gskill_ffa7485b42b5,gsec_08b60517d299,qbank_32b37a2f20be,实操题库_地面站考试条件_2026H1_地面站避让点题型.txt_110,2026H1,2026H1,地面站避让点题型,经纬度换算,导航定位,经纬度;N:;E:;N;E,ground_station_exam_cases.csv
gskill_1114e9bd6d41,gsec_08b60517d299,qbank_32b37a2f20be,实操题库_地面站考试条件_2026H1_地面站避让点题型.txt_110,2026H1,2026H1,地面站避让点题型,航向方位判断,导航定位,SE;SW,ground_station_exam_cases.csv
gskill_04e332e7f823,gsec_08b60517d299,qbank_32b37a2f20be,实操题库_地面站考试条件_2026H1_地面站避让点题型.txt_110,2026H1,2026H1,地面站避让点题型,避让点规划,限制绕飞,避让,ground_station_exam_cases.csv
gskill_31d3bfe9e164,gsec_08b60517d299,qbank_32b37a2f20be,实操题库_地面站考试条件_2026H1_地面站避让点题型.txt_110,2026H1,2026H1,地面站避让点题型,速度高度参数设置,参数设置,高度;速度;m/s,ground_station_exam_cases.csv
gskill_f7b407f02215,gsec_08b60517d299,qbank_32b37a2f20be,实操题库_地面站考试条件_2026H1_地面站避让点题型.txt_110,2026H1,2026H1,地面站避让点题型,转弯停留循环设置,参数设置,转弯;停留;循环;闭合,ground_station_exam_cases.csv
gskill_ed3b5a4bf5ff,gsec_08b60517d299,qbank_32b37a2f20be,实操题库_地面站考试条件_2026H1_地面站避让点题型.txt_110,2026H1,2026H1,地面站避让点题型,几何图形航线规划,几何计算,六边形;边长;图形,ground_station_exam_cases.csv
gskill_716892568ec7,gsec_08b60517d299,qbank_32b37a2f20be,实操题库_地面站考试条件_2026H1_地面站避让点题型.txt_110,2026H1,2026H1,地面站避让点题型,题型:地面站避让点,题型,地面站避让点题型,ground_station_exam_cases.csv
gskill_547271efa485,gsec_06dbe1d104b4,qbank_32b37a2f20be,实操题库_地面站考试条件_2026H1_地面站避让点题型.txt_111,2026H1,2026H1,地面站避让点题型,经纬度换算,导航定位,经纬度;N:;E:;N;E,ground_station_exam_cases.csv
gskill_960341627be6,gsec_06dbe1d104b4,qbank_32b37a2f20be,实操题库_地面站考试条件_2026H1_地面站避让点题型.txt_111,2026H1,2026H1,地面站避让点题型,夹角计算,几何计算,∠,ground_station_exam_cases.csv
gskill_699eec6de984,gsec_06dbe1d104b4,qbank_32b37a2f20be,实操题库_地面站考试条件_2026H1_地面站避让点题型.txt_111,2026H1,2026H1,地面站避让点题型,速度高度参数设置,参数设置,高度;速度;m/s,ground_station_exam_cases.csv
gskill_f652033755fd,gsec_06dbe1d104b4,qbank_32b37a2f20be,实操题库_地面站考试条件_2026H1_地面站避让点题型.txt_111,2026H1,2026H1,地面站避让点题型,转弯停留循环设置,参数设置,转弯;停留;循环;闭合,ground_station_exam_cases.csv
gskill_745bce5b19c2,gsec_06dbe1d104b4,qbank_32b37a2f20be,实操题库_地面站考试条件_2026H1_地面站避让点题型.txt_111,2026H1,2026H1,地面站避让点题型,几何图形航线规划,几何计算,边长;图形,ground_station_exam_cases.csv
gskill_1b57105e4dd2,gsec_06dbe1d104b4,qbank_32b37a2f20be,实操题库_地面站考试条件_2026H1_地面站避让点题型.txt_111,2026H1,2026H1,地面站避让点题型,题型:地面站避让点,题型,地面站避让点题型,ground_station_exam_cases.csv
gskill_b622aa25a8a1,gsec_0cee65192f88,qbank_32b37a2f20be,实操题库_地面站考试条件_2026H1_地面站避让点题型.txt_112,2026H1,2026H1,地面站避让点题型,经纬度换算,导航定位,经纬度;N:;E:;N;E,ground_station_exam_cases.csv
gskill_ac9e482bd9f8,gsec_0cee65192f88,qbank_32b37a2f20be,实操题库_地面站考试条件_2026H1_地面站避让点题型.txt_112,2026H1,2026H1,地面站避让点题型,航向方位判断,导航定位,航向;NE;SW,ground_station_exam_cases.csv
gskill_51e41f1f8c9e,gsec_0cee65192f88,qbank_32b37a2f20be,实操题库_地面站考试条件_2026H1_地面站避让点题型.txt_112,2026H1,2026H1,地面站避让点题型,夹角计算,几何计算,∠,ground_station_exam_cases.csv
gskill_b4c8bab96c97,gsec_0cee65192f88,qbank_32b37a2f20be,实操题库_地面站考试条件_2026H1_地面站避让点题型.txt_112,2026H1,2026H1,地面站避让点题型,避让点规划,限制绕飞,避让,ground_station_exam_cases.csv
gskill_78d938d36785,gsec_0cee65192f88,qbank_32b37a2f20be,实操题库_地面站考试条件_2026H1_地面站避让点题型.txt_112,2026H1,2026H1,地面站避让点题型,速度高度参数设置,参数设置,高度;速度;m/s,ground_station_exam_cases.csv
gskill_4b9958c65134,gsec_0cee65192f88,qbank_32b37a2f20be,实操题库_地面站考试条件_2026H1_地面站避让点题型.txt_112,2026H1,2026H1,地面站避让点题型,转弯停留循环设置,参数设置,转弯;停留;循环;闭合,ground_station_exam_cases.csv
gskill_d382f8c11ddb,gsec_0cee65192f88,qbank_32b37a2f20be,实操题库_地面站考试条件_2026H1_地面站避让点题型.txt_112,2026H1,2026H1,地面站避让点题型,几何图形航线规划,几何计算,边长;图形,ground_station_exam_cases.csv
gskill_3c7db9cca6e2,gsec_0cee65192f88,qbank_32b37a2f20be,实操题库_地面站考试条件_2026H1_地面站避让点题型.txt_112,2026H1,2026H1,地面站避让点题型,题型:地面站避让点,题型,地面站避让点题型,ground_station_exam_cases.csv
gskill_85a8e2d9ded8,gsec_b5ac08dad79c,qbank_32b37a2f20be,实操题库_地面站考试条件_2026H1_地面站避让点题型.txt_113,2026H1,2026H1,地面站避让点题型,经纬度换算,导航定位,经纬度;N:;E:;N;E,ground_station_exam_cases.csv
gskill_0290f71b3629,gsec_b5ac08dad79c,qbank_32b37a2f20be,实操题库_地面站考试条件_2026H1_地面站避让点题型.txt_113,2026H1,2026H1,地面站避让点题型,航向方位判断,导航定位,SW,ground_station_exam_cases.csv
gskill_755ec6f1b32c,gsec_b5ac08dad79c,qbank_32b37a2f20be,实操题库_地面站考试条件_2026H1_地面站避让点题型.txt_113,2026H1,2026H1,地面站避让点题型,夹角计算,几何计算,∠,ground_station_exam_cases.csv
gskill_fdc1c779b158,gsec_b5ac08dad79c,qbank_32b37a2f20be,实操题库_地面站考试条件_2026H1_地面站避让点题型.txt_113,2026H1,2026H1,地面站避让点题型,速度高度参数设置,参数设置,高度;速度;m/s,ground_station_exam_cases.csv
gskill_e4f635595884,gsec_b5ac08dad79c,qbank_32b37a2f20be,实操题库_地面站考试条件_2026H1_地面站避让点题型.txt_113,2026H1,2026H1,地面站避让点题型,转弯停留循环设置,参数设置,转弯;停留;循环;闭合,ground_station_exam_cases.csv
gskill_41e2396151c1,gsec_b5ac08dad79c,qbank_32b37a2f20be,实操题库_地面站考试条件_2026H1_地面站避让点题型.txt_113,2026H1,2026H1,地面站避让点题型,几何图形航线规划,几何计算,边长;图形,ground_station_exam_cases.csv
gskill_63be77afef6a,gsec_b5ac08dad79c,qbank_32b37a2f20be,实操题库_地面站考试条件_2026H1_地面站避让点题型.txt_113,2026H1,2026H1,地面站避让点题型,题型:地面站避让点,题型,地面站避让点题型,ground_station_exam_cases.csv
gskill_5700e18cc218,gsec_f9b1f1ee42fd,qbank_32b37a2f20be,实操题库_地面站考试条件_2026H1_地面站避让点题型.txt_114,2026H1,2026H1,地面站避让点题型,经纬度换算,导航定位,N:;E:;N;E,ground_station_exam_cases.csv
gskill_7e9b3096a158,gsec_f9b1f1ee42fd,qbank_32b37a2f20be,实操题库_地面站考试条件_2026H1_地面站避让点题型.txt_114,2026H1,2026H1,地面站避让点题型,航向方位判断,导航定位,NE;NW,ground_station_exam_cases.csv
gskill_810cd22159e3,gsec_f9b1f1ee42fd,qbank_32b37a2f20be,实操题库_地面站考试条件_2026H1_地面站避让点题型.txt_114,2026H1,2026H1,地面站避让点题型,夹角计算,几何计算,∠,ground_station_exam_cases.csv
gskill_b3c81c84f5be,gsec_f9b1f1ee42fd,qbank_32b37a2f20be,实操题库_地面站考试条件_2026H1_地面站避让点题型.txt_114,2026H1,2026H1,地面站避让点题型,避让点规划,限制绕飞,避让,ground_station_exam_cases.csv
gskill_86a5ee2351fe,gsec_f9b1f1ee42fd,qbank_32b37a2f20be,实操题库_地面站考试条件_2026H1_地面站避让点题型.txt_114,2026H1,2026H1,地面站避让点题型,速度高度参数设置,参数设置,高度;速度;m/s,ground_station_exam_cases.csv
gskill_fff16a490d81,gsec_f9b1f1ee42fd,qbank_32b37a2f20be,实操题库_地面站考试条件_2026H1_地面站避让点题型.txt_114,2026H1,2026H1,地面站避让点题型,转弯停留循环设置,参数设置,转弯;停留;循环;闭合,ground_station_exam_cases.csv
gskill_43746bd5910e,gsec_f9b1f1ee42fd,qbank_32b37a2f20be,实操题库_地面站考试条件_2026H1_地面站避让点题型.txt_114,2026H1,2026H1,地面站避让点题型,几何图形航线规划,几何计算,五边形;边长;图形,ground_station_exam_cases.csv
gskill_3e43af7cf53f,gsec_f9b1f1ee42fd,qbank_32b37a2f20be,实操题库_地面站考试条件_2026H1_地面站避让点题型.txt_114,2026H1,2026H1,地面站避让点题型,题型:地面站避让点,题型,地面站避让点题型,ground_station_exam_cases.csv
gskill_7e26a0fcbd86,gsec_ab5ceac143e3,qbank_32b37a2f20be,实操题库_地面站考试条件_2026H1_地面站避让点题型.txt_115,2026H1,2026H1,地面站避让点题型,经纬度换算,导航定位,经纬度;N:;E:;N;E,ground_station_exam_cases.csv
gskill_e142c937a9d3,gsec_ab5ceac143e3,qbank_32b37a2f20be,实操题库_地面站考试条件_2026H1_地面站避让点题型.txt_115,2026H1,2026H1,地面站避让点题型,航向方位判断,导航定位,NE;NW,ground_station_exam_cases.csv
gskill_c2c5797a75a6,gsec_ab5ceac143e3,qbank_32b37a2f20be,实操题库_地面站考试条件_2026H1_地面站避让点题型.txt_115,2026H1,2026H1,地面站避让点题型,夹角计算,几何计算,∠,ground_station_exam_cases.csv
gskill_71ec9cc83dec,gsec_ab5ceac143e3,qbank_32b37a2f20be,实操题库_地面站考试条件_2026H1_地面站避让点题型.txt_115,2026H1,2026H1,地面站避让点题型,避让点规划,限制绕飞,避让,ground_station_exam_cases.csv
gskill_5f458eaf2f8e,gsec_ab5ceac143e3,qbank_32b37a2f20be,实操题库_地面站考试条件_2026H1_地面站避让点题型.txt_115,2026H1,2026H1,地面站避让点题型,速度高度参数设置,参数设置,高度;速度;m/s,ground_station_exam_cases.csv
gskill_201937f73030,gsec_ab5ceac143e3,qbank_32b37a2f20be,实操题库_地面站考试条件_2026H1_地面站避让点题型.txt_115,2026H1,2026H1,地面站避让点题型,转弯停留循环设置,参数设置,转弯;停留;循环;闭合,ground_station_exam_cases.csv
gskill_56d0c92b42ba,gsec_ab5ceac143e3,qbank_32b37a2f20be,实操题库_地面站考试条件_2026H1_地面站避让点题型.txt_115,2026H1,2026H1,地面站避让点题型,几何图形航线规划,几何计算,五边形;边长;图形,ground_station_exam_cases.csv
gskill_1959a2c690c8,gsec_ab5ceac143e3,qbank_32b37a2f20be,实操题库_地面站考试条件_2026H1_地面站避让点题型.txt_115,2026H1,2026H1,地面站避让点题型,题型:地面站避让点,题型,地面站避让点题型,ground_station_exam_cases.csv
gskill_6d9e33bd913b,gsec_387869d6a222,qbank_32b37a2f20be,实操题库_地面站考试条件_2026H1_地面站避让点题型.txt_116,2026H1,2026H1,地面站避让点题型,经纬度换算,导航定位,经纬度;N:;E:;N;E,ground_station_exam_cases.csv
gskill_a38f6dbc747a,gsec_387869d6a222,qbank_32b37a2f20be,实操题库_地面站考试条件_2026H1_地面站避让点题型.txt_116,2026H1,2026H1,地面站避让点题型,航向方位判断,导航定位,NW;SW,ground_station_exam_cases.csv
gskill_f59aac01e225,gsec_387869d6a222,qbank_32b37a2f20be,实操题库_地面站考试条件_2026H1_地面站避让点题型.txt_116,2026H1,2026H1,地面站避让点题型,夹角计算,几何计算,∠,ground_station_exam_cases.csv
gskill_fd17346dc746,gsec_387869d6a222,qbank_32b37a2f20be,实操题库_地面站考试条件_2026H1_地面站避让点题型.txt_116,2026H1,2026H1,地面站避让点题型,避让点规划,限制绕飞,避让,ground_station_exam_cases.csv
gskill_93236e2e8f70,gsec_387869d6a222,qbank_32b37a2f20be,实操题库_地面站考试条件_2026H1_地面站避让点题型.txt_116,2026H1,2026H1,地面站避让点题型,空域地形限制处理,限制绕飞,限制,ground_station_exam_cases.csv
gskill_8c232e78c464,gsec_387869d6a222,qbank_32b37a2f20be,实操题库_地面站考试条件_2026H1_地面站避让点题型.txt_116,2026H1,2026H1,地面站避让点题型,速度高度参数设置,参数设置,高度;速度;m/s,ground_station_exam_cases.csv
gskill_8b9e9bb42b3a,gsec_387869d6a222,qbank_32b37a2f20be,实操题库_地面站考试条件_2026H1_地面站避让点题型.txt_116,2026H1,2026H1,地面站避让点题型,转弯停留循环设置,参数设置,转弯;停留;循环;闭合;不循环,ground_station_exam_cases.csv
gskill_e742743833b3,gsec_387869d6a222,qbank_32b37a2f20be,实操题库_地面站考试条件_2026H1_地面站避让点题型.txt_116,2026H1,2026H1,地面站避让点题型,几何图形航线规划,几何计算,边长;图形,ground_station_exam_cases.csv
gskill_9affc2caa6c4,gsec_387869d6a222,qbank_32b37a2f20be,实操题库_地面站考试条件_2026H1_地面站避让点题型.txt_116,2026H1,2026H1,地面站避让点题型,题型:地面站避让点,题型,地面站避让点题型,ground_station_exam_cases.csv
gskill_6489ddf070f2,gsec_d82c308065a0,qbank_32b37a2f20be,实操题库_地面站考试条件_2026H1_地面站避让点题型.txt_117,2026H1,2026H1,地面站避让点题型,经纬度换算,导航定位,N;E,ground_station_exam_cases.csv
gskill_5088b5cdfcfd,gsec_d82c308065a0,qbank_32b37a2f20be,实操题库_地面站考试条件_2026H1_地面站避让点题型.txt_117,2026H1,2026H1,地面站避让点题型,航向方位判断,导航定位,NE;NW,ground_station_exam_cases.csv
gskill_c51e233902c9,gsec_d82c308065a0,qbank_32b37a2f20be,实操题库_地面站考试条件_2026H1_地面站避让点题型.txt_117,2026H1,2026H1,地面站避让点题型,夹角计算,几何计算,∠,ground_station_exam_cases.csv
gskill_9d52ae8f7d98,gsec_d82c308065a0,qbank_32b37a2f20be,实操题库_地面站考试条件_2026H1_地面站避让点题型.txt_117,2026H1,2026H1,地面站避让点题型,避让点规划,限制绕飞,避让,ground_station_exam_cases.csv
gskill_3e460f2e06ac,gsec_d82c308065a0,qbank_32b37a2f20be,实操题库_地面站考试条件_2026H1_地面站避让点题型.txt_117,2026H1,2026H1,地面站避让点题型,空域地形限制处理,限制绕飞,空域;限制,ground_station_exam_cases.csv
gskill_3e3785a5bae0,gsec_d82c308065a0,qbank_32b37a2f20be,实操题库_地面站考试条件_2026H1_地面站避让点题型.txt_117,2026H1,2026H1,地面站避让点题型,速度高度参数设置,参数设置,高度;速度;m/s,ground_station_exam_cases.csv
gskill_4047e026fb9d,gsec_d82c308065a0,qbank_32b37a2f20be,实操题库_地面站考试条件_2026H1_地面站避让点题型.txt_117,2026H1,2026H1,地面站避让点题型,转弯停留循环设置,参数设置,转弯;停留;循环;闭合,ground_station_exam_cases.csv
gskill_3c345c436474,gsec_d82c308065a0,qbank_32b37a2f20be,实操题库_地面站考试条件_2026H1_地面站避让点题型.txt_117,2026H1,2026H1,地面站避让点题型,几何图形航线规划,几何计算,五边形;边长;图形,ground_station_exam_cases.csv
gskill_5f09abd78359,gsec_d82c308065a0,qbank_32b37a2f20be,实操题库_地面站考试条件_2026H1_地面站避让点题型.txt_117,2026H1,2026H1,地面站避让点题型,起飞返航点定位,导航定位,起飞点;返航点,ground_station_exam_cases.csv
gskill_c84a9a42a435,gsec_d82c308065a0,qbank_32b37a2f20be,实操题库_地面站考试条件_2026H1_地面站避让点题型.txt_117,2026H1,2026H1,地面站避让点题型,题型:地面站避让点,题型,地面站避让点题型,ground_station_exam_cases.csv
gskill_2217625437cd,gsec_0292b7ff8ade,qbank_32b37a2f20be,实操题库_地面站考试条件_2026H1_地面站避让点题型.txt_118,2026H1,2026H1,地面站避让点题型,经纬度换算,导航定位,经纬度;N:;E:;N;E,ground_station_exam_cases.csv
gskill_a6d981ef6e79,gsec_0292b7ff8ade,qbank_32b37a2f20be,实操题库_地面站考试条件_2026H1_地面站避让点题型.txt_118,2026H1,2026H1,地面站避让点题型,航向方位判断,导航定位,SE;SW,ground_station_exam_cases.csv
gskill_8306a7c87ba8,gsec_0292b7ff8ade,qbank_32b37a2f20be,实操题库_地面站考试条件_2026H1_地面站避让点题型.txt_118,2026H1,2026H1,地面站避让点题型,避让点规划,限制绕飞,避让,ground_station_exam_cases.csv
gskill_67ce28442f86,gsec_0292b7ff8ade,qbank_32b37a2f20be,实操题库_地面站考试条件_2026H1_地面站避让点题型.txt_118,2026H1,2026H1,地面站避让点题型,速度高度参数设置,参数设置,高度;速度;m/s,ground_station_exam_cases.csv
gskill_e41f51175ee7,gsec_0292b7ff8ade,qbank_32b37a2f20be,实操题库_地面站考试条件_2026H1_地面站避让点题型.txt_118,2026H1,2026H1,地面站避让点题型,转弯停留循环设置,参数设置,转弯;停留;循环;闭合,ground_station_exam_cases.csv
gskill_b5fd682e6be1,gsec_0292b7ff8ade,qbank_32b37a2f20be,实操题库_地面站考试条件_2026H1_地面站避让点题型.txt_118,2026H1,2026H1,地面站避让点题型,几何图形航线规划,几何计算,边长;图形,ground_station_exam_cases.csv
gskill_371ba32c2252,gsec_0292b7ff8ade,qbank_32b37a2f20be,实操题库_地面站考试条件_2026H1_地面站避让点题型.txt_118,2026H1,2026H1,地面站避让点题型,题型:地面站避让点,题型,地面站避让点题型,ground_station_exam_cases.csv
gskill_37d6b2ac247a,gsec_6a88f93e46e5,qbank_32b37a2f20be,实操题库_地面站考试条件_2026H1_地面站避让点题型.txt_119,2026H1,2026H1,地面站避让点题型,经纬度换算,导航定位,经纬度;E:;E,ground_station_exam_cases.csv
gskill_735854bbbb2a,gsec_6a88f93e46e5,qbank_32b37a2f20be,实操题库_地面站考试条件_2026H1_地面站避让点题型.txt_119,2026H1,2026H1,地面站避让点题型,航向方位判断,导航定位,SE;SW,ground_station_exam_cases.csv
gskill_9db4f1efad85,gsec_6a88f93e46e5,qbank_32b37a2f20be,实操题库_地面站考试条件_2026H1_地面站避让点题型.txt_119,2026H1,2026H1,地面站避让点题型,避让点规划,限制绕飞,避让,ground_station_exam_cases.csv
gskill_af356c9ba7d1,gsec_6a88f93e46e5,qbank_32b37a2f20be,实操题库_地面站考试条件_2026H1_地面站避让点题型.txt_119,2026H1,2026H1,地面站避让点题型,速度高度参数设置,参数设置,高度;速度;m/s,ground_station_exam_cases.csv
gskill_1627a8f1170c,gsec_6a88f93e46e5,qbank_32b37a2f20be,实操题库_地面站考试条件_2026H1_地面站避让点题型.txt_119,2026H1,2026H1,地面站避让点题型,转弯停留循环设置,参数设置,转弯;停留;循环;闭合;不循环,ground_station_exam_cases.csv
gskill_8ad272b94c07,gsec_6a88f93e46e5,qbank_32b37a2f20be,实操题库_地面站考试条件_2026H1_地面站避让点题型.txt_119,2026H1,2026H1,地面站避让点题型,几何图形航线规划,几何计算,六边形;边长;图形,ground_station_exam_cases.csv
gskill_881b616b343f,gsec_6a88f93e46e5,qbank_32b37a2f20be,实操题库_地面站考试条件_2026H1_地面站避让点题型.txt_119,2026H1,2026H1,地面站避让点题型,题型:地面站避让点,题型,地面站避让点题型,ground_station_exam_cases.csv
gskill_4c01b899f4d8,gsec_9b00a37d82e4,qbank_32b37a2f20be,实操题库_地面站考试条件_2026H1_地面站避让点题型.txt_120,2026H1,2026H1,地面站避让点题型,经纬度换算,导航定位,经纬度;N:;E:;N;E,ground_station_exam_cases.csv
gskill_816018a2ebc9,gsec_9b00a37d82e4,qbank_32b37a2f20be,实操题库_地面站考试条件_2026H1_地面站避让点题型.txt_120,2026H1,2026H1,地面站避让点题型,航向方位判断,导航定位,NW;SW,ground_station_exam_cases.csv
gskill_f15a2f02c633,gsec_9b00a37d82e4,qbank_32b37a2f20be,实操题库_地面站考试条件_2026H1_地面站避让点题型.txt_120,2026H1,2026H1,地面站避让点题型,夹角计算,几何计算,∠,ground_station_exam_cases.csv
gskill_5ce32988488b,gsec_9b00a37d82e4,qbank_32b37a2f20be,实操题库_地面站考试条件_2026H1_地面站避让点题型.txt_120,2026H1,2026H1,地面站避让点题型,避让点规划,限制绕飞,避让,ground_station_exam_cases.csv
gskill_03b81c0f7cd7,gsec_9b00a37d82e4,qbank_32b37a2f20be,实操题库_地面站考试条件_2026H1_地面站避让点题型.txt_120,2026H1,2026H1,地面站避让点题型,速度高度参数设置,参数设置,高度;速度;m/s,ground_station_exam_cases.csv
gskill_168a71a91b8e,gsec_9b00a37d82e4,qbank_32b37a2f20be,实操题库_地面站考试条件_2026H1_地面站避让点题型.txt_120,2026H1,2026H1,地面站避让点题型,转弯停留循环设置,参数设置,转弯;停留;循环;闭合,ground_station_exam_cases.csv
gskill_454e5f0dc815,gsec_9b00a37d82e4,qbank_32b37a2f20be,实操题库_地面站考试条件_2026H1_地面站避让点题型.txt_120,2026H1,2026H1,地面站避让点题型,几何图形航线规划,几何计算,边长;图形,ground_station_exam_cases.csv
gskill_7de118d9537a,gsec_9b00a37d82e4,qbank_32b37a2f20be,实操题库_地面站考试条件_2026H1_地面站避让点题型.txt_120,2026H1,2026H1,地面站避让点题型,题型:地面站避让点,题型,地面站避让点题型,ground_station_exam_cases.csv
gskill_2528e7976f7c,gsec_cae90e4b9e3e,qbank_ea4090eca253,实操题库_地面站考试条件_2026H1_夹角题题型.txt_0,2026H1,2026H1,夹角题题型,经纬度换算,导航定位,经纬度,ground_station_exam_cases.csv
gskill_692c911df7f2,gsec_cae90e4b9e3e,qbank_ea4090eca253,实操题库_地面站考试条件_2026H1_夹角题题型.txt_0,2026H1,2026H1,夹角题题型,航向方位判断,导航定位,航向;SW,ground_station_exam_cases.csv
gskill_a2c7b1f6c765,gsec_cae90e4b9e3e,qbank_ea4090eca253,实操题库_地面站考试条件_2026H1_夹角题题型.txt_0,2026H1,2026H1,夹角题题型,夹角计算,几何计算,∠;角,ground_station_exam_cases.csv
gskill_cf5f0a7974ba,gsec_cae90e4b9e3e,qbank_ea4090eca253,实操题库_地面站考试条件_2026H1_夹角题题型.txt_0,2026H1,2026H1,夹角题题型,速度高度参数设置,参数设置,高度;速度;m/s,ground_station_exam_cases.csv
gskill_1c65f91bb1ba,gsec_cae90e4b9e3e,qbank_ea4090eca253,实操题库_地面站考试条件_2026H1_夹角题题型.txt_0,2026H1,2026H1,夹角题题型,转弯停留循环设置,参数设置,转弯;循环,ground_station_exam_cases.csv
gskill_d2a24fdd0258,gsec_cae90e4b9e3e,qbank_ea4090eca253,实操题库_地面站考试条件_2026H1_夹角题题型.txt_0,2026H1,2026H1,夹角题题型,几何图形航线规划,几何计算,梯形,ground_station_exam_cases.csv
gskill_374ab02bef98,gsec_cae90e4b9e3e,qbank_ea4090eca253,实操题库_地面站考试条件_2026H1_夹角题题型.txt_0,2026H1,2026H1,夹角题题型,起飞返航点定位,导航定位,起飞点;返航点,ground_station_exam_cases.csv
gskill_2dfc1ffb0711,gsec_cae90e4b9e3e,qbank_ea4090eca253,实操题库_地面站考试条件_2026H1_夹角题题型.txt_0,2026H1,2026H1,夹角题题型,题型:夹角题,题型,夹角题题型,ground_station_exam_cases.csv
gskill_9aea500aff17,gsec_6cc5bbe791be,qbank_ea4090eca253,实操题库_地面站考试条件_2026H1_夹角题题型.txt_1,2026H1,2026H1,夹角题题型,经纬度换算,导航定位,经纬度;N:;E:;N;E,ground_station_exam_cases.csv
gskill_5b15d3b3c2b1,gsec_6cc5bbe791be,qbank_ea4090eca253,实操题库_地面站考试条件_2026H1_夹角题题型.txt_1,2026H1,2026H1,夹角题题型,夹角计算,几何计算,∠,ground_station_exam_cases.csv
gskill_3541e4480eba,gsec_6cc5bbe791be,qbank_ea4090eca253,实操题库_地面站考试条件_2026H1_夹角题题型.txt_1,2026H1,2026H1,夹角题题型,速度高度参数设置,参数设置,高度;速度;m/s,ground_station_exam_cases.csv
gskill_07c7bf35b0e3,gsec_6cc5bbe791be,qbank_ea4090eca253,实操题库_地面站考试条件_2026H1_夹角题题型.txt_1,2026H1,2026H1,夹角题题型,转弯停留循环设置,参数设置,转弯;停留;循环,ground_station_exam_cases.csv
gskill_46af749799be,gsec_6cc5bbe791be,qbank_ea4090eca253,实操题库_地面站考试条件_2026H1_夹角题题型.txt_1,2026H1,2026H1,夹角题题型,几何图形航线规划,几何计算,五边形;边长,ground_station_exam_cases.csv
gskill_b9e557ad26b2,gsec_6cc5bbe791be,qbank_ea4090eca253,实操题库_地面站考试条件_2026H1_夹角题题型.txt_1,2026H1,2026H1,夹角题题型,起飞返航点定位,导航定位,起飞点,ground_station_exam_cases.csv
gskill_3efe8f697e72,gsec_6cc5bbe791be,qbank_ea4090eca253,实操题库_地面站考试条件_2026H1_夹角题题型.txt_1,2026H1,2026H1,夹角题题型,题型:夹角题,题型,夹角题题型,ground_station_exam_cases.csv
gskill_913981a9b7b2,gsec_f193e62575ba,qbank_ea4090eca253,实操题库_地面站考试条件_2026H1_夹角题题型.txt_2,2026H1,2026H1,夹角题题型,经纬度换算,导航定位,经纬度,ground_station_exam_cases.csv
gskill_77e5d675e5be,gsec_f193e62575ba,qbank_ea4090eca253,实操题库_地面站考试条件_2026H1_夹角题题型.txt_2,2026H1,2026H1,夹角题题型,航向方位判断,导航定位,航向;SW,ground_station_exam_cases.csv
gskill_a1638e246fec,gsec_f193e62575ba,qbank_ea4090eca253,实操题库_地面站考试条件_2026H1_夹角题题型.txt_2,2026H1,2026H1,夹角题题型,夹角计算,几何计算,夹角;∠;角,ground_station_exam_cases.csv
gskill_b9b2790af3c8,gsec_f193e62575ba,qbank_ea4090eca253,实操题库_地面站考试条件_2026H1_夹角题题型.txt_2,2026H1,2026H1,夹角题题型,速度高度参数设置,参数设置,高度;速度;m/s,ground_station_exam_cases.csv
gskill_bac16238ea7e,gsec_f193e62575ba,qbank_ea4090eca253,实操题库_地面站考试条件_2026H1_夹角题题型.txt_2,2026H1,2026H1,夹角题题型,转弯停留循环设置,参数设置,转弯;停留;循环;闭合;不循环,ground_station_exam_cases.csv
gskill_4ea6ab0a1acd,gsec_f193e62575ba,qbank_ea4090eca253,实操题库_地面站考试条件_2026H1_夹角题题型.txt_2,2026H1,2026H1,夹角题题型,几何图形航线规划,几何计算,梯形;图形,ground_station_exam_cases.csv
gskill_59a00bc4acca,gsec_f193e62575ba,qbank_ea4090eca253,实操题库_地面站考试条件_2026H1_夹角题题型.txt_2,2026H1,2026H1,夹角题题型,起飞返航点定位,导航定位,起飞点;返航点,ground_station_exam_cases.csv
gskill_cd026d84de9a,gsec_f193e62575ba,qbank_ea4090eca253,实操题库_地面站考试条件_2026H1_夹角题题型.txt_2,2026H1,2026H1,夹角题题型,题型:夹角题,题型,夹角题题型,ground_station_exam_cases.csv
gskill_9d7bafec5357,gsec_c53977f60aa2,qbank_ea4090eca253,实操题库_地面站考试条件_2026H1_夹角题题型.txt_3,2026H1,2026H1,夹角题题型,经纬度换算,导航定位,经纬度;坐标,ground_station_exam_cases.csv
gskill_94284ddaae76,gsec_c53977f60aa2,qbank_ea4090eca253,实操题库_地面站考试条件_2026H1_夹角题题型.txt_3,2026H1,2026H1,夹角题题型,航向方位判断,导航定位,航向,ground_station_exam_cases.csv
gskill_ef534874a4dc,gsec_c53977f60aa2,qbank_ea4090eca253,实操题库_地面站考试条件_2026H1_夹角题题型.txt_3,2026H1,2026H1,夹角题题型,夹角计算,几何计算,∠;角,ground_station_exam_cases.csv
gskill_d350cc3ee872,gsec_c53977f60aa2,qbank_ea4090eca253,实操题库_地面站考试条件_2026H1_夹角题题型.txt_3,2026H1,2026H1,夹角题题型,速度高度参数设置,参数设置,高度;速度;m/s;km/h,ground_station_exam_cases.csv
gskill_b522a022c23b,gsec_c53977f60aa2,qbank_ea4090eca253,实操题库_地面站考试条件_2026H1_夹角题题型.txt_3,2026H1,2026H1,夹角题题型,转弯停留循环设置,参数设置,转弯;循环;闭合;不循环,ground_station_exam_cases.csv
gskill_48f41087545b,gsec_c53977f60aa2,qbank_ea4090eca253,实操题库_地面站考试条件_2026H1_夹角题题型.txt_3,2026H1,2026H1,夹角题题型,几何图形航线规划,几何计算,图形,ground_station_exam_cases.csv
gskill_58b351db909d,gsec_c53977f60aa2,qbank_ea4090eca253,实操题库_地面站考试条件_2026H1_夹角题题型.txt_3,2026H1,2026H1,夹角题题型,起飞返航点定位,导航定位,起飞点;返航点;H点,ground_station_exam_cases.csv
gskill_8c0eda16b75d,gsec_c53977f60aa2,qbank_ea4090eca253,实操题库_地面站考试条件_2026H1_夹角题题型.txt_3,2026H1,2026H1,夹角题题型,题型:夹角题,题型,夹角题题型,ground_station_exam_cases.csv
gskill_78541d9235fb,gsec_896ee87c64b8,qbank_ea4090eca253,实操题库_地面站考试条件_2026H1_夹角题题型.txt_4,2026H1,2026H1,夹角题题型,经纬度换算,导航定位,经纬度;E,ground_station_exam_cases.csv
gskill_f44a7ca4eb76,gsec_896ee87c64b8,qbank_ea4090eca253,实操题库_地面站考试条件_2026H1_夹角题题型.txt_4,2026H1,2026H1,夹角题题型,航向方位判断,导航定位,航向;SE,ground_station_exam_cases.csv
gskill_5624232dc873,gsec_896ee87c64b8,qbank_ea4090eca253,实操题库_地面站考试条件_2026H1_夹角题题型.txt_4,2026H1,2026H1,夹角题题型,夹角计算,几何计算,夹角;∠;角,ground_station_exam_cases.csv
gskill_923cbfbe053c,gsec_896ee87c64b8,qbank_ea4090eca253,实操题库_地面站考试条件_2026H1_夹角题题型.txt_4,2026H1,2026H1,夹角题题型,速度高度参数设置,参数设置,高度;速度;m/s,ground_station_exam_cases.csv
gskill_4e43c24b0c65,gsec_896ee87c64b8,qbank_ea4090eca253,实操题库_地面站考试条件_2026H1_夹角题题型.txt_4,2026H1,2026H1,夹角题题型,转弯停留循环设置,参数设置,转弯;停留;循环;闭合;不循环,ground_station_exam_cases.csv
gskill_6e85a80c6555,gsec_896ee87c64b8,qbank_ea4090eca253,实操题库_地面站考试条件_2026H1_夹角题题型.txt_4,2026H1,2026H1,夹角题题型,几何图形航线规划,几何计算,梯形;图形,ground_station_exam_cases.csv
gskill_6d4514b78e2c,gsec_896ee87c64b8,qbank_ea4090eca253,实操题库_地面站考试条件_2026H1_夹角题题型.txt_4,2026H1,2026H1,夹角题题型,起飞返航点定位,导航定位,起飞点;返航点,ground_station_exam_cases.csv
gskill_decc48388901,gsec_896ee87c64b8,qbank_ea4090eca253,实操题库_地面站考试条件_2026H1_夹角题题型.txt_4,2026H1,2026H1,夹角题题型,题型:夹角题,题型,夹角题题型,ground_station_exam_cases.csv
gskill_85c284b135bc,gsec_79b6d9919a05,qbank_ea4090eca253,实操题库_地面站考试条件_2026H1_夹角题题型.txt_5,2026H1,2026H1,夹角题题型,经纬度换算,导航定位,经纬度;E,ground_station_exam_cases.csv
gskill_0de245168d1d,gsec_79b6d9919a05,qbank_ea4090eca253,实操题库_地面站考试条件_2026H1_夹角题题型.txt_5,2026H1,2026H1,夹角题题型,航向方位判断,导航定位,SW,ground_station_exam_cases.csv
gskill_7b8709816abb,gsec_79b6d9919a05,qbank_ea4090eca253,实操题库_地面站考试条件_2026H1_夹角题题型.txt_5,2026H1,2026H1,夹角题题型,夹角计算,几何计算,夹角;∠;角,ground_station_exam_cases.csv
gskill_adfc990974c5,gsec_79b6d9919a05,qbank_ea4090eca253,实操题库_地面站考试条件_2026H1_夹角题题型.txt_5,2026H1,2026H1,夹角题题型,速度高度参数设置,参数设置,高度;速度;m/s,ground_station_exam_cases.csv
gskill_930fdc03fd20,gsec_79b6d9919a05,qbank_ea4090eca253,实操题库_地面站考试条件_2026H1_夹角题题型.txt_5,2026H1,2026H1,夹角题题型,转弯停留循环设置,参数设置,转弯,ground_station_exam_cases.csv
gskill_e448563ea100,gsec_79b6d9919a05,qbank_ea4090eca253,实操题库_地面站考试条件_2026H1_夹角题题型.txt_5,2026H1,2026H1,夹角题题型,起飞返航点定位,导航定位,起飞点;返航点,ground_station_exam_cases.csv
gskill_5f00a5bf2f39,gsec_79b6d9919a05,qbank_ea4090eca253,实操题库_地面站考试条件_2026H1_夹角题题型.txt_5,2026H1,2026H1,夹角题题型,题型:夹角题,题型,夹角题题型,ground_station_exam_cases.csv
gskill_1c8cd528abb4,gsec_cc14d622a981,qbank_ea4090eca253,实操题库_地面站考试条件_2026H1_夹角题题型.txt_6,2026H1,2026H1,夹角题题型,经纬度换算,导航定位,经纬度;E,ground_station_exam_cases.csv
gskill_4056d533d165,gsec_cc14d622a981,qbank_ea4090eca253,实操题库_地面站考试条件_2026H1_夹角题题型.txt_6,2026H1,2026H1,夹角题题型,航向方位判断,导航定位,SE,ground_station_exam_cases.csv
gskill_ddce714576a1,gsec_cc14d622a981,qbank_ea4090eca253,实操题库_地面站考试条件_2026H1_夹角题题型.txt_6,2026H1,2026H1,夹角题题型,夹角计算,几何计算,夹角;∠;角,ground_station_exam_cases.csv
gskill_831d3ac3e72e,gsec_cc14d622a981,qbank_ea4090eca253,实操题库_地面站考试条件_2026H1_夹角题题型.txt_6,2026H1,2026H1,夹角题题型,速度高度参数设置,参数设置,高度;速度;m/s,ground_station_exam_cases.csv
gskill_ad366bf54a82,gsec_cc14d622a981,qbank_ea4090eca253,实操题库_地面站考试条件_2026H1_夹角题题型.txt_6,2026H1,2026H1,夹角题题型,转弯停留循环设置,参数设置,转弯;停留,ground_station_exam_cases.csv
gskill_1774ccbeb633,gsec_cc14d622a981,qbank_ea4090eca253,实操题库_地面站考试条件_2026H1_夹角题题型.txt_6,2026H1,2026H1,夹角题题型,起飞返航点定位,导航定位,起飞点;返航点,ground_station_exam_cases.csv
gskill_fe595d0d445c,gsec_cc14d622a981,qbank_ea4090eca253,实操题库_地面站考试条件_2026H1_夹角题题型.txt_6,2026H1,2026H1,夹角题题型,题型:夹角题,题型,夹角题题型,ground_station_exam_cases.csv
gskill_05b3e1bfe38a,gsec_e3f3657ca2ea,qbank_ea4090eca253,实操题库_地面站考试条件_2026H1_夹角题题型.txt_7,2026H1,2026H1,夹角题题型,经纬度换算,导航定位,经纬度;N;E,ground_station_exam_cases.csv
gskill_54f63208c9fa,gsec_e3f3657ca2ea,qbank_ea4090eca253,实操题库_地面站考试条件_2026H1_夹角题题型.txt_7,2026H1,2026H1,夹角题题型,航向方位判断,导航定位,航向;SW,ground_station_exam_cases.csv
gskill_1af1ee2f9f6f,gsec_e3f3657ca2ea,qbank_ea4090eca253,实操题库_地面站考试条件_2026H1_夹角题题型.txt_7,2026H1,2026H1,夹角题题型,夹角计算,几何计算,夹角;∠;角,ground_station_exam_cases.csv
gskill_abc91917d6b7,gsec_e3f3657ca2ea,qbank_ea4090eca253,实操题库_地面站考试条件_2026H1_夹角题题型.txt_7,2026H1,2026H1,夹角题题型,速度高度参数设置,参数设置,高度;速度;m/s,ground_station_exam_cases.csv
gskill_077e64a1c57f,gsec_e3f3657ca2ea,qbank_ea4090eca253,实操题库_地面站考试条件_2026H1_夹角题题型.txt_7,2026H1,2026H1,夹角题题型,转弯停留循环设置,参数设置,转弯;循环;闭合;不循环,ground_station_exam_cases.csv
gskill_8816a85c4ec6,gsec_e3f3657ca2ea,qbank_ea4090eca253,实操题库_地面站考试条件_2026H1_夹角题题型.txt_7,2026H1,2026H1,夹角题题型,几何图形航线规划,几何计算,梯形;图形,ground_station_exam_cases.csv
gskill_e673a7c1ffc8,gsec_e3f3657ca2ea,qbank_ea4090eca253,实操题库_地面站考试条件_2026H1_夹角题题型.txt_7,2026H1,2026H1,夹角题题型,起飞返航点定位,导航定位,起飞点;返航点,ground_station_exam_cases.csv
gskill_408d0f73d035,gsec_e3f3657ca2ea,qbank_ea4090eca253,实操题库_地面站考试条件_2026H1_夹角题题型.txt_7,2026H1,2026H1,夹角题题型,题型:夹角题,题型,夹角题题型,ground_station_exam_cases.csv
gskill_6934331e7007,gsec_2fcb8281cbc7,qbank_ea4090eca253,实操题库_地面站考试条件_2026H1_夹角题题型.txt_8,2026H1,2026H1,夹角题题型,经纬度换算,导航定位,经纬度;N;E,ground_station_exam_cases.csv
gskill_49b51381c459,gsec_2fcb8281cbc7,qbank_ea4090eca253,实操题库_地面站考试条件_2026H1_夹角题题型.txt_8,2026H1,2026H1,夹角题题型,航向方位判断,导航定位,航向,ground_station_exam_cases.csv
gskill_af43c1ebc1da,gsec_2fcb8281cbc7,qbank_ea4090eca253,实操题库_地面站考试条件_2026H1_夹角题题型.txt_8,2026H1,2026H1,夹角题题型,夹角计算,几何计算,夹角;∠;角,ground_station_exam_cases.csv
gskill_de14078f160e,gsec_2fcb8281cbc7,qbank_ea4090eca253,实操题库_地面站考试条件_2026H1_夹角题题型.txt_8,2026H1,2026H1,夹角题题型,速度高度参数设置,参数设置,高度;速度;m/s,ground_station_exam_cases.csv
gskill_0e99bc50566c,gsec_2fcb8281cbc7,qbank_ea4090eca253,实操题库_地面站考试条件_2026H1_夹角题题型.txt_8,2026H1,2026H1,夹角题题型,转弯停留循环设置,参数设置,转弯;停留;循环;闭合;不循环,ground_station_exam_cases.csv
gskill_e878d05d8253,gsec_2fcb8281cbc7,qbank_ea4090eca253,实操题库_地面站考试条件_2026H1_夹角题题型.txt_8,2026H1,2026H1,夹角题题型,几何图形航线规划,几何计算,三角形;图形,ground_station_exam_cases.csv
gskill_e49717cec0c7,gsec_2fcb8281cbc7,qbank_ea4090eca253,实操题库_地面站考试条件_2026H1_夹角题题型.txt_8,2026H1,2026H1,夹角题题型,起飞返航点定位,导航定位,起飞点;返航点,ground_station_exam_cases.csv
gskill_12db261178c4,gsec_2fcb8281cbc7,qbank_ea4090eca253,实操题库_地面站考试条件_2026H1_夹角题题型.txt_8,2026H1,2026H1,夹角题题型,题型:夹角题,题型,夹角题题型,ground_station_exam_cases.csv
gskill_b461e16b09b8,gsec_51dc47adbd4b,qbank_ea4090eca253,实操题库_地面站考试条件_2026H1_夹角题题型.txt_9,2026H1,2026H1,夹角题题型,经纬度换算,导航定位,经纬度;N;E,ground_station_exam_cases.csv
gskill_25e5bf9e1a3a,gsec_51dc47adbd4b,qbank_ea4090eca253,实操题库_地面站考试条件_2026H1_夹角题题型.txt_9,2026H1,2026H1,夹角题题型,航向方位判断,导航定位,航向,ground_station_exam_cases.csv
gskill_b54e4a435757,gsec_51dc47adbd4b,qbank_ea4090eca253,实操题库_地面站考试条件_2026H1_夹角题题型.txt_9,2026H1,2026H1,夹角题题型,夹角计算,几何计算,夹角;∠;角,ground_station_exam_cases.csv
gskill_68ac7d2708e7,gsec_51dc47adbd4b,qbank_ea4090eca253,实操题库_地面站考试条件_2026H1_夹角题题型.txt_9,2026H1,2026H1,夹角题题型,速度高度参数设置,参数设置,高度;速度;m/s,ground_station_exam_cases.csv
gskill_e21054de2395,gsec_51dc47adbd4b,qbank_ea4090eca253,实操题库_地面站考试条件_2026H1_夹角题题型.txt_9,2026H1,2026H1,夹角题题型,转弯停留循环设置,参数设置,转弯;停留;循环;闭合;不循环,ground_station_exam_cases.csv
gskill_1cf326c95da5,gsec_51dc47adbd4b,qbank_ea4090eca253,实操题库_地面站考试条件_2026H1_夹角题题型.txt_9,2026H1,2026H1,夹角题题型,几何图形航线规划,几何计算,五边形;边长;图形,ground_station_exam_cases.csv
gskill_2d24815c8b0a,gsec_51dc47adbd4b,qbank_ea4090eca253,实操题库_地面站考试条件_2026H1_夹角题题型.txt_9,2026H1,2026H1,夹角题题型,起飞返航点定位,导航定位,起飞点;返航点,ground_station_exam_cases.csv
gskill_22b9b99a1373,gsec_51dc47adbd4b,qbank_ea4090eca253,实操题库_地面站考试条件_2026H1_夹角题题型.txt_9,2026H1,2026H1,夹角题题型,题型:夹角题,题型,夹角题题型,ground_station_exam_cases.csv
gskill_a01dcc64088e,gsec_6cef91160dae,qbank_ea4090eca253,实操题库_地面站考试条件_2026H1_夹角题题型.txt_10,2026H1,2026H1,夹角题题型,经纬度换算,导航定位,经纬度;E,ground_station_exam_cases.csv
gskill_d3d39ee44da2,gsec_6cef91160dae,qbank_ea4090eca253,实操题库_地面站考试条件_2026H1_夹角题题型.txt_10,2026H1,2026H1,夹角题题型,航向方位判断,导航定位,SE,ground_station_exam_cases.csv
gskill_2e442c05bbb8,gsec_6cef91160dae,qbank_ea4090eca253,实操题库_地面站考试条件_2026H1_夹角题题型.txt_10,2026H1,2026H1,夹角题题型,夹角计算,几何计算,夹角;∠;角,ground_station_exam_cases.csv
gskill_61198dcb891c,gsec_6cef91160dae,qbank_ea4090eca253,实操题库_地面站考试条件_2026H1_夹角题题型.txt_10,2026H1,2026H1,夹角题题型,速度高度参数设置,参数设置,高度;速度;m/s,ground_station_exam_cases.csv
gskill_360852a8e785,gsec_6cef91160dae,qbank_ea4090eca253,实操题库_地面站考试条件_2026H1_夹角题题型.txt_10,2026H1,2026H1,夹角题题型,转弯停留循环设置,参数设置,转弯;停留,ground_station_exam_cases.csv
gskill_a6140812408e,gsec_6cef91160dae,qbank_ea4090eca253,实操题库_地面站考试条件_2026H1_夹角题题型.txt_10,2026H1,2026H1,夹角题题型,起飞返航点定位,导航定位,起飞点;返航点,ground_station_exam_cases.csv
gskill_c4a5822f43b5,gsec_6cef91160dae,qbank_ea4090eca253,实操题库_地面站考试条件_2026H1_夹角题题型.txt_10,2026H1,2026H1,夹角题题型,题型:夹角题,题型,夹角题题型,ground_station_exam_cases.csv
gskill_cba2a0546367,gsec_82213ec6b37e,qbank_ea4090eca253,实操题库_地面站考试条件_2026H1_夹角题题型.txt_11,2026H1,2026H1,夹角题题型,经纬度换算,导航定位,经纬度;坐标;N;E,ground_station_exam_cases.csv
gskill_73b457432448,gsec_82213ec6b37e,qbank_ea4090eca253,实操题库_地面站考试条件_2026H1_夹角题题型.txt_11,2026H1,2026H1,夹角题题型,夹角计算,几何计算,∠;角,ground_station_exam_cases.csv
gskill_1bce453de7bf,gsec_82213ec6b37e,qbank_ea4090eca253,实操题库_地面站考试条件_2026H1_夹角题题型.txt_11,2026H1,2026H1,夹角题题型,速度高度参数设置,参数设置,高度;速度;m/s;km/h,ground_station_exam_cases.csv
gskill_01bcf7d116b5,gsec_82213ec6b37e,qbank_ea4090eca253,实操题库_地面站考试条件_2026H1_夹角题题型.txt_11,2026H1,2026H1,夹角题题型,转弯停留循环设置,参数设置,转弯;停留;循环;闭合;不循环,ground_station_exam_cases.csv
gskill_531b7ca84410,gsec_82213ec6b37e,qbank_ea4090eca253,实操题库_地面站考试条件_2026H1_夹角题题型.txt_11,2026H1,2026H1,夹角题题型,几何图形航线规划,几何计算,三角形;图形,ground_station_exam_cases.csv
gskill_ab107a3d14d7,gsec_82213ec6b37e,qbank_ea4090eca253,实操题库_地面站考试条件_2026H1_夹角题题型.txt_11,2026H1,2026H1,夹角题题型,起飞返航点定位,导航定位,起飞点,ground_station_exam_cases.csv
gskill_5e6f2c635765,gsec_82213ec6b37e,qbank_ea4090eca253,实操题库_地面站考试条件_2026H1_夹角题题型.txt_11,2026H1,2026H1,夹角题题型,题型:夹角题,题型,夹角题题型,ground_station_exam_cases.csv
gskill_6d3b47d31227,gsec_0956da6343ce,qbank_ea4090eca253,实操题库_地面站考试条件_2026H1_夹角题题型.txt_12,2026H1,2026H1,夹角题题型,经纬度换算,导航定位,经纬度;坐标;N;E,ground_station_exam_cases.csv
gskill_ea35b0fd4f50,gsec_0956da6343ce,qbank_ea4090eca253,实操题库_地面站考试条件_2026H1_夹角题题型.txt_12,2026H1,2026H1,夹角题题型,夹角计算,几何计算,∠;角,ground_station_exam_cases.csv
gskill_25bfa9974f0f,gsec_0956da6343ce,qbank_ea4090eca253,实操题库_地面站考试条件_2026H1_夹角题题型.txt_12,2026H1,2026H1,夹角题题型,速度高度参数设置,参数设置,高度;速度;m/s;km/h,ground_station_exam_cases.csv
gskill_e13ef9b869c6,gsec_0956da6343ce,qbank_ea4090eca253,实操题库_地面站考试条件_2026H1_夹角题题型.txt_12,2026H1,2026H1,夹角题题型,转弯停留循环设置,参数设置,转弯;停留;循环;闭合;不循环,ground_station_exam_cases.csv
gskill_512c1fcec2b7,gsec_0956da6343ce,qbank_ea4090eca253,实操题库_地面站考试条件_2026H1_夹角题题型.txt_12,2026H1,2026H1,夹角题题型,几何图形航线规划,几何计算,三角形;图形,ground_station_exam_cases.csv
gskill_9c923d2135b2,gsec_0956da6343ce,qbank_ea4090eca253,实操题库_地面站考试条件_2026H1_夹角题题型.txt_12,2026H1,2026H1,夹角题题型,起飞返航点定位,导航定位,起飞点,ground_station_exam_cases.csv
gskill_ed7b9a47c734,gsec_0956da6343ce,qbank_ea4090eca253,实操题库_地面站考试条件_2026H1_夹角题题型.txt_12,2026H1,2026H1,夹角题题型,题型:夹角题,题型,夹角题题型,ground_station_exam_cases.csv
gskill_24aec76f4d9a,gsec_af0df85660b9,qbank_ea4090eca253,实操题库_地面站考试条件_2026H1_夹角题题型.txt_13,2026H1,2026H1,夹角题题型,经纬度换算,导航定位,经纬度;坐标;N;E,ground_station_exam_cases.csv
gskill_97de9ee2dd77,gsec_af0df85660b9,qbank_ea4090eca253,实操题库_地面站考试条件_2026H1_夹角题题型.txt_13,2026H1,2026H1,夹角题题型,夹角计算,几何计算,角,ground_station_exam_cases.csv
gskill_8cf3f7fe8fce,gsec_af0df85660b9,qbank_ea4090eca253,实操题库_地面站考试条件_2026H1_夹角题题型.txt_13,2026H1,2026H1,夹角题题型,速度高度参数设置,参数设置,高度;速度;m/s,ground_station_exam_cases.csv
gskill_c76558005c09,gsec_af0df85660b9,qbank_ea4090eca253,实操题库_地面站考试条件_2026H1_夹角题题型.txt_13,2026H1,2026H1,夹角题题型,转弯停留循环设置,参数设置,转弯;停留;循环;闭合,ground_station_exam_cases.csv
gskill_fd2ebed9b3a3,gsec_af0df85660b9,qbank_ea4090eca253,实操题库_地面站考试条件_2026H1_夹角题题型.txt_13,2026H1,2026H1,夹角题题型,几何图形航线规划,几何计算,三角形;边长;图形,ground_station_exam_cases.csv
gskill_df75776689e3,gsec_af0df85660b9,qbank_ea4090eca253,实操题库_地面站考试条件_2026H1_夹角题题型.txt_13,2026H1,2026H1,夹角题题型,起飞返航点定位,导航定位,起飞点;H点,ground_station_exam_cases.csv
gskill_b7d5ff8bc248,gsec_af0df85660b9,qbank_ea4090eca253,实操题库_地面站考试条件_2026H1_夹角题题型.txt_13,2026H1,2026H1,夹角题题型,题型:夹角题,题型,夹角题题型,ground_station_exam_cases.csv
gskill_fc92c422d9cb,gsec_831c1bb89885,qbank_ea4090eca253,实操题库_地面站考试条件_2026H1_夹角题题型.txt_14,2026H1,2026H1,夹角题题型,经纬度换算,导航定位,经纬度;N,ground_station_exam_cases.csv
gskill_2b13f33bb4bd,gsec_831c1bb89885,qbank_ea4090eca253,实操题库_地面站考试条件_2026H1_夹角题题型.txt_14,2026H1,2026H1,夹角题题型,航向方位判断,导航定位,航向;NW,ground_station_exam_cases.csv
gskill_4fe62de66f8e,gsec_831c1bb89885,qbank_ea4090eca253,实操题库_地面站考试条件_2026H1_夹角题题型.txt_14,2026H1,2026H1,夹角题题型,夹角计算,几何计算,∠;角,ground_station_exam_cases.csv
gskill_077a07d0213b,gsec_831c1bb89885,qbank_ea4090eca253,实操题库_地面站考试条件_2026H1_夹角题题型.txt_14,2026H1,2026H1,夹角题题型,速度高度参数设置,参数设置,高度;速度;m/s,ground_station_exam_cases.csv
gskill_c961fdda6f7a,gsec_831c1bb89885,qbank_ea4090eca253,实操题库_地面站考试条件_2026H1_夹角题题型.txt_14,2026H1,2026H1,夹角题题型,转弯停留循环设置,参数设置,转弯;停留;循环;闭合;不循环,ground_station_exam_cases.csv
gskill_8a95aef480aa,gsec_831c1bb89885,qbank_ea4090eca253,实操题库_地面站考试条件_2026H1_夹角题题型.txt_14,2026H1,2026H1,夹角题题型,几何图形航线规划,几何计算,梯形,ground_station_exam_cases.csv
gskill_99c6cdb0008e,gsec_831c1bb89885,qbank_ea4090eca253,实操题库_地面站考试条件_2026H1_夹角题题型.txt_14,2026H1,2026H1,夹角题题型,起飞返航点定位,导航定位,起飞点;返航点,ground_station_exam_cases.csv
gskill_25712c83dbc0,gsec_831c1bb89885,qbank_ea4090eca253,实操题库_地面站考试条件_2026H1_夹角题题型.txt_14,2026H1,2026H1,夹角题题型,题型:夹角题,题型,夹角题题型,ground_station_exam_cases.csv
gskill_4a32e690a9ec,gsec_4916d3c2092a,qbank_ea4090eca253,实操题库_地面站考试条件_2026H1_夹角题题型.txt_15,2026H1,2026H1,夹角题题型,经纬度换算,导航定位,经纬度;N;E,ground_station_exam_cases.csv
gskill_7ab2c07226ef,gsec_4916d3c2092a,qbank_ea4090eca253,实操题库_地面站考试条件_2026H1_夹角题题型.txt_15,2026H1,2026H1,夹角题题型,航向方位判断,导航定位,航向;NW,ground_station_exam_cases.csv
gskill_5cb322bc15f8,gsec_4916d3c2092a,qbank_ea4090eca253,实操题库_地面站考试条件_2026H1_夹角题题型.txt_15,2026H1,2026H1,夹角题题型,夹角计算,几何计算,夹角;∠;角,ground_station_exam_cases.csv
gskill_5634132b77d2,gsec_4916d3c2092a,qbank_ea4090eca253,实操题库_地面站考试条件_2026H1_夹角题题型.txt_15,2026H1,2026H1,夹角题题型,速度高度参数设置,参数设置,高度;速度;m/s,ground_station_exam_cases.csv
gskill_f5d8908fae2b,gsec_4916d3c2092a,qbank_ea4090eca253,实操题库_地面站考试条件_2026H1_夹角题题型.txt_15,2026H1,2026H1,夹角题题型,转弯停留循环设置,参数设置,转弯;停留;循环;闭合;不循环,ground_station_exam_cases.csv
gskill_d57749cbab3f,gsec_4916d3c2092a,qbank_ea4090eca253,实操题库_地面站考试条件_2026H1_夹角题题型.txt_15,2026H1,2026H1,夹角题题型,几何图形航线规划,几何计算,六边形;边长;图形,ground_station_exam_cases.csv
gskill_c05cd1a7e9e9,gsec_4916d3c2092a,qbank_ea4090eca253,实操题库_地面站考试条件_2026H1_夹角题题型.txt_15,2026H1,2026H1,夹角题题型,起飞返航点定位,导航定位,起飞点;返航点,ground_station_exam_cases.csv
gskill_6f7fa0d2b5df,gsec_4916d3c2092a,qbank_ea4090eca253,实操题库_地面站考试条件_2026H1_夹角题题型.txt_15,2026H1,2026H1,夹角题题型,题型:夹角题,题型,夹角题题型,ground_station_exam_cases.csv
gskill_695276c31329,gsec_66a1352482c4,qbank_ea4090eca253,实操题库_地面站考试条件_2026H1_夹角题题型.txt_16,2026H1,2026H1,夹角题题型,经纬度换算,导航定位,经纬度,ground_station_exam_cases.csv
gskill_3796d5fcff5d,gsec_66a1352482c4,qbank_ea4090eca253,实操题库_地面站考试条件_2026H1_夹角题题型.txt_16,2026H1,2026H1,夹角题题型,航向方位判断,导航定位,航向,ground_station_exam_cases.csv
gskill_7d239bbc4922,gsec_66a1352482c4,qbank_ea4090eca253,实操题库_地面站考试条件_2026H1_夹角题题型.txt_16,2026H1,2026H1,夹角题题型,夹角计算,几何计算,夹角;∠;角,ground_station_exam_cases.csv
gskill_268b44cf9850,gsec_66a1352482c4,qbank_ea4090eca253,实操题库_地面站考试条件_2026H1_夹角题题型.txt_16,2026H1,2026H1,夹角题题型,速度高度参数设置,参数设置,高度;速度;m/s,ground_station_exam_cases.csv
gskill_7dc82890b99e,gsec_66a1352482c4,qbank_ea4090eca253,实操题库_地面站考试条件_2026H1_夹角题题型.txt_16,2026H1,2026H1,夹角题题型,转弯停留循环设置,参数设置,转弯;停留;循环;闭合;不循环,ground_station_exam_cases.csv
gskill_e9728dc2e9ad,gsec_66a1352482c4,qbank_ea4090eca253,实操题库_地面站考试条件_2026H1_夹角题题型.txt_16,2026H1,2026H1,夹角题题型,几何图形航线规划,几何计算,三角形;图形,ground_station_exam_cases.csv
gskill_339d6e4cefc1,gsec_66a1352482c4,qbank_ea4090eca253,实操题库_地面站考试条件_2026H1_夹角题题型.txt_16,2026H1,2026H1,夹角题题型,起飞返航点定位,导航定位,起飞点;返航点,ground_station_exam_cases.csv
gskill_581089a38fac,gsec_66a1352482c4,qbank_ea4090eca253,实操题库_地面站考试条件_2026H1_夹角题题型.txt_16,2026H1,2026H1,夹角题题型,题型:夹角题,题型,夹角题题型,ground_station_exam_cases.csv
gskill_d283cef1b989,gsec_e2b1d968b781,qbank_ea4090eca253,实操题库_地面站考试条件_2026H1_夹角题题型.txt_17,2026H1,2026H1,夹角题题型,经纬度换算,导航定位,经纬度,ground_station_exam_cases.csv
gskill_f3908288726e,gsec_e2b1d968b781,qbank_ea4090eca253,实操题库_地面站考试条件_2026H1_夹角题题型.txt_17,2026H1,2026H1,夹角题题型,航向方位判断,导航定位,航向,ground_station_exam_cases.csv
gskill_eb8050515945,gsec_e2b1d968b781,qbank_ea4090eca253,实操题库_地面站考试条件_2026H1_夹角题题型.txt_17,2026H1,2026H1,夹角题题型,夹角计算,几何计算,∠;角,ground_station_exam_cases.csv
gskill_6940adfcbd17,gsec_e2b1d968b781,qbank_ea4090eca253,实操题库_地面站考试条件_2026H1_夹角题题型.txt_17,2026H1,2026H1,夹角题题型,速度高度参数设置,参数设置,高度;速度;m/s,ground_station_exam_cases.csv
gskill_82f5b9c80fca,gsec_e2b1d968b781,qbank_ea4090eca253,实操题库_地面站考试条件_2026H1_夹角题题型.txt_17,2026H1,2026H1,夹角题题型,转弯停留循环设置,参数设置,转弯;停留;循环;闭合,ground_station_exam_cases.csv
gskill_4fe40157fe7c,gsec_e2b1d968b781,qbank_ea4090eca253,实操题库_地面站考试条件_2026H1_夹角题题型.txt_17,2026H1,2026H1,夹角题题型,几何图形航线规划,几何计算,三角形,ground_station_exam_cases.csv
gskill_b53dce9d32b0,gsec_e2b1d968b781,qbank_ea4090eca253,实操题库_地面站考试条件_2026H1_夹角题题型.txt_17,2026H1,2026H1,夹角题题型,起飞返航点定位,导航定位,起飞点;返航点,ground_station_exam_cases.csv
gskill_25b5c7c6f150,gsec_e2b1d968b781,qbank_ea4090eca253,实操题库_地面站考试条件_2026H1_夹角题题型.txt_17,2026H1,2026H1,夹角题题型,题型:夹角题,题型,夹角题题型,ground_station_exam_cases.csv
gskill_acce260dd587,gsec_acfa0deabbe5,qbank_ea4090eca253,实操题库_地面站考试条件_2026H1_夹角题题型.txt_18,2026H1,2026H1,夹角题题型,经纬度换算,导航定位,经纬度,ground_station_exam_cases.csv
gskill_939f259423dc,gsec_acfa0deabbe5,qbank_ea4090eca253,实操题库_地面站考试条件_2026H1_夹角题题型.txt_18,2026H1,2026H1,夹角题题型,航向方位判断,导航定位,航向,ground_station_exam_cases.csv
gskill_dc239789fbad,gsec_acfa0deabbe5,qbank_ea4090eca253,实操题库_地面站考试条件_2026H1_夹角题题型.txt_18,2026H1,2026H1,夹角题题型,夹角计算,几何计算,∠;角,ground_station_exam_cases.csv
gskill_2eb328baccd1,gsec_acfa0deabbe5,qbank_ea4090eca253,实操题库_地面站考试条件_2026H1_夹角题题型.txt_18,2026H1,2026H1,夹角题题型,速度高度参数设置,参数设置,高度;速度;m/s,ground_station_exam_cases.csv
gskill_9105ad7e0fb4,gsec_acfa0deabbe5,qbank_ea4090eca253,实操题库_地面站考试条件_2026H1_夹角题题型.txt_18,2026H1,2026H1,夹角题题型,转弯停留循环设置,参数设置,转弯;停留;循环;闭合;不循环,ground_station_exam_cases.csv
gskill_342d52856e80,gsec_acfa0deabbe5,qbank_ea4090eca253,实操题库_地面站考试条件_2026H1_夹角题题型.txt_18,2026H1,2026H1,夹角题题型,几何图形航线规划,几何计算,三角形;边长,ground_station_exam_cases.csv
gskill_59b98354d3fd,gsec_acfa0deabbe5,qbank_ea4090eca253,实操题库_地面站考试条件_2026H1_夹角题题型.txt_18,2026H1,2026H1,夹角题题型,起飞返航点定位,导航定位,起飞点;返航点,ground_station_exam_cases.csv
gskill_450c22f00843,gsec_acfa0deabbe5,qbank_ea4090eca253,实操题库_地面站考试条件_2026H1_夹角题题型.txt_18,2026H1,2026H1,夹角题题型,题型:夹角题,题型,夹角题题型,ground_station_exam_cases.csv
gskill_cec2dee34a00,gsec_06b2c3144e72,qbank_ea4090eca253,实操题库_地面站考试条件_2026H1_夹角题题型.txt_19,2026H1,2026H1,夹角题题型,经纬度换算,导航定位,经纬度;N;E,ground_station_exam_cases.csv
gskill_78e3776e49ce,gsec_06b2c3144e72,qbank_ea4090eca253,实操题库_地面站考试条件_2026H1_夹角题题型.txt_19,2026H1,2026H1,夹角题题型,航向方位判断,导航定位,航向;SE,ground_station_exam_cases.csv
gskill_d4d5de4798e4,gsec_06b2c3144e72,qbank_ea4090eca253,实操题库_地面站考试条件_2026H1_夹角题题型.txt_19,2026H1,2026H1,夹角题题型,夹角计算,几何计算,∠;角,ground_station_exam_cases.csv
gskill_6822d0ad98dd,gsec_06b2c3144e72,qbank_ea4090eca253,实操题库_地面站考试条件_2026H1_夹角题题型.txt_19,2026H1,2026H1,夹角题题型,速度高度参数设置,参数设置,高度;速度;m/s,ground_station_exam_cases.csv
gskill_61992374bf67,gsec_06b2c3144e72,qbank_ea4090eca253,实操题库_地面站考试条件_2026H1_夹角题题型.txt_19,2026H1,2026H1,夹角题题型,转弯停留循环设置,参数设置,转弯;循环;闭合;不循环,ground_station_exam_cases.csv
gskill_fd10b35a455b,gsec_06b2c3144e72,qbank_ea4090eca253,实操题库_地面站考试条件_2026H1_夹角题题型.txt_19,2026H1,2026H1,夹角题题型,几何图形航线规划,几何计算,三角形;边长,ground_station_exam_cases.csv
gskill_8fcff9db7956,gsec_06b2c3144e72,qbank_ea4090eca253,实操题库_地面站考试条件_2026H1_夹角题题型.txt_19,2026H1,2026H1,夹角题题型,起飞返航点定位,导航定位,起飞点;返航点,ground_station_exam_cases.csv
gskill_7d31c9c7d067,gsec_06b2c3144e72,qbank_ea4090eca253,实操题库_地面站考试条件_2026H1_夹角题题型.txt_19,2026H1,2026H1,夹角题题型,题型:夹角题,题型,夹角题题型,ground_station_exam_cases.csv
gskill_2d612e986992,gsec_a77b1587e859,qbank_ea4090eca253,实操题库_地面站考试条件_2026H1_夹角题题型.txt_20,2026H1,2026H1,夹角题题型,经纬度换算,导航定位,经纬度;N;E,ground_station_exam_cases.csv
gskill_741454b0e946,gsec_a77b1587e859,qbank_ea4090eca253,实操题库_地面站考试条件_2026H1_夹角题题型.txt_20,2026H1,2026H1,夹角题题型,航向方位判断,导航定位,航向;NE,ground_station_exam_cases.csv
gskill_e9c3deb866e6,gsec_a77b1587e859,qbank_ea4090eca253,实操题库_地面站考试条件_2026H1_夹角题题型.txt_20,2026H1,2026H1,夹角题题型,夹角计算,几何计算,∠,ground_station_exam_cases.csv
gskill_dd04946a11f2,gsec_a77b1587e859,qbank_ea4090eca253,实操题库_地面站考试条件_2026H1_夹角题题型.txt_20,2026H1,2026H1,夹角题题型,速度高度参数设置,参数设置,高度;速度;m/s,ground_station_exam_cases.csv
gskill_8635cbae954f,gsec_a77b1587e859,qbank_ea4090eca253,实操题库_地面站考试条件_2026H1_夹角题题型.txt_20,2026H1,2026H1,夹角题题型,转弯停留循环设置,参数设置,转弯;停留;循环;闭合;不循环,ground_station_exam_cases.csv
gskill_078e0da0147a,gsec_a77b1587e859,qbank_ea4090eca253,实操题库_地面站考试条件_2026H1_夹角题题型.txt_20,2026H1,2026H1,夹角题题型,几何图形航线规划,几何计算,六边形,ground_station_exam_cases.csv
gskill_56f092428544,gsec_a77b1587e859,qbank_ea4090eca253,实操题库_地面站考试条件_2026H1_夹角题题型.txt_20,2026H1,2026H1,夹角题题型,起飞返航点定位,导航定位,起飞点;返航点,ground_station_exam_cases.csv
gskill_db0a25d9b855,gsec_a77b1587e859,qbank_ea4090eca253,实操题库_地面站考试条件_2026H1_夹角题题型.txt_20,2026H1,2026H1,夹角题题型,题型:夹角题,题型,夹角题题型,ground_station_exam_cases.csv
gskill_eb93d4a22126,gsec_c811205d6b1d,qbank_ea4090eca253,实操题库_地面站考试条件_2026H1_夹角题题型.txt_21,2026H1,2026H1,夹角题题型,经纬度换算,导航定位,经纬度;N;E,ground_station_exam_cases.csv
gskill_116889e4a5eb,gsec_c811205d6b1d,qbank_ea4090eca253,实操题库_地面站考试条件_2026H1_夹角题题型.txt_21,2026H1,2026H1,夹角题题型,航向方位判断,导航定位,航向;NE,ground_station_exam_cases.csv
gskill_464ad902382a,gsec_c811205d6b1d,qbank_ea4090eca253,实操题库_地面站考试条件_2026H1_夹角题题型.txt_21,2026H1,2026H1,夹角题题型,夹角计算,几何计算,∠;角,ground_station_exam_cases.csv
gskill_ac00ca6da3ec,gsec_c811205d6b1d,qbank_ea4090eca253,实操题库_地面站考试条件_2026H1_夹角题题型.txt_21,2026H1,2026H1,夹角题题型,速度高度参数设置,参数设置,高度;速度;m/s,ground_station_exam_cases.csv
gskill_41ae1b333647,gsec_c811205d6b1d,qbank_ea4090eca253,实操题库_地面站考试条件_2026H1_夹角题题型.txt_21,2026H1,2026H1,夹角题题型,转弯停留循环设置,参数设置,转弯;循环;闭合;不循环,ground_station_exam_cases.csv
gskill_f772638f1bb5,gsec_c811205d6b1d,qbank_ea4090eca253,实操题库_地面站考试条件_2026H1_夹角题题型.txt_21,2026H1,2026H1,夹角题题型,几何图形航线规划,几何计算,梯形;边长,ground_station_exam_cases.csv
gskill_777079d5b890,gsec_c811205d6b1d,qbank_ea4090eca253,实操题库_地面站考试条件_2026H1_夹角题题型.txt_21,2026H1,2026H1,夹角题题型,起飞返航点定位,导航定位,起飞点;返航点,ground_station_exam_cases.csv
gskill_7f2438e09fa9,gsec_c811205d6b1d,qbank_ea4090eca253,实操题库_地面站考试条件_2026H1_夹角题题型.txt_21,2026H1,2026H1,夹角题题型,题型:夹角题,题型,夹角题题型,ground_station_exam_cases.csv
gskill_9fc17b5b874f,gsec_b27bdcd1de04,qbank_ea4090eca253,实操题库_地面站考试条件_2026H1_夹角题题型.txt_22,2026H1,2026H1,夹角题题型,经纬度换算,导航定位,经纬度;N;E,ground_station_exam_cases.csv
gskill_e5d27fe1c5bc,gsec_b27bdcd1de04,qbank_ea4090eca253,实操题库_地面站考试条件_2026H1_夹角题题型.txt_22,2026H1,2026H1,夹角题题型,航向方位判断,导航定位,航向;NE,ground_station_exam_cases.csv
gskill_472ac56d26bd,gsec_b27bdcd1de04,qbank_ea4090eca253,实操题库_地面站考试条件_2026H1_夹角题题型.txt_22,2026H1,2026H1,夹角题题型,夹角计算,几何计算,∠;角,ground_station_exam_cases.csv
gskill_ecc6ef0222a9,gsec_b27bdcd1de04,qbank_ea4090eca253,实操题库_地面站考试条件_2026H1_夹角题题型.txt_22,2026H1,2026H1,夹角题题型,速度高度参数设置,参数设置,高度;速度;m/s,ground_station_exam_cases.csv
gskill_6b58c6176d9a,gsec_b27bdcd1de04,qbank_ea4090eca253,实操题库_地面站考试条件_2026H1_夹角题题型.txt_22,2026H1,2026H1,夹角题题型,转弯停留循环设置,参数设置,转弯;循环;闭合;不循环,ground_station_exam_cases.csv
gskill_9bfc7a9b7da9,gsec_b27bdcd1de04,qbank_ea4090eca253,实操题库_地面站考试条件_2026H1_夹角题题型.txt_22,2026H1,2026H1,夹角题题型,几何图形航线规划,几何计算,三角形;边长,ground_station_exam_cases.csv
gskill_e52284f48176,gsec_b27bdcd1de04,qbank_ea4090eca253,实操题库_地面站考试条件_2026H1_夹角题题型.txt_22,2026H1,2026H1,夹角题题型,起飞返航点定位,导航定位,起飞点;返航点,ground_station_exam_cases.csv
gskill_1925cf955fb6,gsec_b27bdcd1de04,qbank_ea4090eca253,实操题库_地面站考试条件_2026H1_夹角题题型.txt_22,2026H1,2026H1,夹角题题型,题型:夹角题,题型,夹角题题型,ground_station_exam_cases.csv
gskill_c0f020a1e2f6,gsec_305774a9fd44,qbank_ea4090eca253,实操题库_地面站考试条件_2026H1_夹角题题型.txt_23,2026H1,2026H1,夹角题题型,经纬度换算,导航定位,经纬度;E,ground_station_exam_cases.csv
gskill_53fa929fd719,gsec_305774a9fd44,qbank_ea4090eca253,实操题库_地面站考试条件_2026H1_夹角题题型.txt_23,2026H1,2026H1,夹角题题型,航向方位判断,导航定位,航向;SE,ground_station_exam_cases.csv
gskill_715fda6c6752,gsec_305774a9fd44,qbank_ea4090eca253,实操题库_地面站考试条件_2026H1_夹角题题型.txt_23,2026H1,2026H1,夹角题题型,夹角计算,几何计算,夹角;∠;角,ground_station_exam_cases.csv
gskill_65c46ee956e6,gsec_305774a9fd44,qbank_ea4090eca253,实操题库_地面站考试条件_2026H1_夹角题题型.txt_23,2026H1,2026H1,夹角题题型,速度高度参数设置,参数设置,高度;速度;m/s,ground_station_exam_cases.csv
gskill_26ef432b709a,gsec_305774a9fd44,qbank_ea4090eca253,实操题库_地面站考试条件_2026H1_夹角题题型.txt_23,2026H1,2026H1,夹角题题型,转弯停留循环设置,参数设置,转弯;停留;循环;闭合;不循环,ground_station_exam_cases.csv
gskill_590edf72730c,gsec_305774a9fd44,qbank_ea4090eca253,实操题库_地面站考试条件_2026H1_夹角题题型.txt_23,2026H1,2026H1,夹角题题型,几何图形航线规划,几何计算,五边形;边长;图形,ground_station_exam_cases.csv
gskill_e46aa8acfa04,gsec_305774a9fd44,qbank_ea4090eca253,实操题库_地面站考试条件_2026H1_夹角题题型.txt_23,2026H1,2026H1,夹角题题型,起飞返航点定位,导航定位,起飞点;返航点,ground_station_exam_cases.csv
gskill_a38e72b7411e,gsec_305774a9fd44,qbank_ea4090eca253,实操题库_地面站考试条件_2026H1_夹角题题型.txt_23,2026H1,2026H1,夹角题题型,题型:夹角题,题型,夹角题题型,ground_station_exam_cases.csv
gskill_b5e4b2821b50,gsec_601f222f2eef,qbank_ea4090eca253,实操题库_地面站考试条件_2026H1_夹角题题型.txt_24,2026H1,2026H1,夹角题题型,经纬度换算,导航定位,经纬度,ground_station_exam_cases.csv
gskill_8ad57fa9d8b7,gsec_601f222f2eef,qbank_ea4090eca253,实操题库_地面站考试条件_2026H1_夹角题题型.txt_24,2026H1,2026H1,夹角题题型,航向方位判断,导航定位,航向,ground_station_exam_cases.csv
gskill_daed96b4afa6,gsec_601f222f2eef,qbank_ea4090eca253,实操题库_地面站考试条件_2026H1_夹角题题型.txt_24,2026H1,2026H1,夹角题题型,夹角计算,几何计算,夹角;∠;角,ground_station_exam_cases.csv
gskill_913527a83173,gsec_601f222f2eef,qbank_ea4090eca253,实操题库_地面站考试条件_2026H1_夹角题题型.txt_24,2026H1,2026H1,夹角题题型,速度高度参数设置,参数设置,高度;速度;m/s,ground_station_exam_cases.csv
gskill_da27cad588ce,gsec_601f222f2eef,qbank_ea4090eca253,实操题库_地面站考试条件_2026H1_夹角题题型.txt_24,2026H1,2026H1,夹角题题型,转弯停留循环设置,参数设置,转弯;停留;循环;闭合;不循环,ground_station_exam_cases.csv
gskill_8291be1a3040,gsec_601f222f2eef,qbank_ea4090eca253,实操题库_地面站考试条件_2026H1_夹角题题型.txt_24,2026H1,2026H1,夹角题题型,几何图形航线规划,几何计算,五边形;边长;图形,ground_station_exam_cases.csv
gskill_193b6d1940d3,gsec_601f222f2eef,qbank_ea4090eca253,实操题库_地面站考试条件_2026H1_夹角题题型.txt_24,2026H1,2026H1,夹角题题型,起飞返航点定位,导航定位,起飞点;返航点,ground_station_exam_cases.csv
gskill_f87e667a6fd7,gsec_601f222f2eef,qbank_ea4090eca253,实操题库_地面站考试条件_2026H1_夹角题题型.txt_24,2026H1,2026H1,夹角题题型,题型:夹角题,题型,夹角题题型,ground_station_exam_cases.csv
gskill_15fe0bebc822,gsec_5972fde74bdb,qbank_ea4090eca253,实操题库_地面站考试条件_2026H1_夹角题题型.txt_25,2026H1,2026H1,夹角题题型,经纬度换算,导航定位,经纬度;坐标;N;E,ground_station_exam_cases.csv
gskill_e169b94bf01e,gsec_5972fde74bdb,qbank_ea4090eca253,实操题库_地面站考试条件_2026H1_夹角题题型.txt_25,2026H1,2026H1,夹角题题型,夹角计算,几何计算,角,ground_station_exam_cases.csv
gskill_884687b30d11,gsec_5972fde74bdb,qbank_ea4090eca253,实操题库_地面站考试条件_2026H1_夹角题题型.txt_25,2026H1,2026H1,夹角题题型,速度高度参数设置,参数设置,高度;速度;m/s,ground_station_exam_cases.csv
gskill_4836d45bba86,gsec_5972fde74bdb,qbank_ea4090eca253,实操题库_地面站考试条件_2026H1_夹角题题型.txt_25,2026H1,2026H1,夹角题题型,转弯停留循环设置,参数设置,转弯;停留;循环;闭合,ground_station_exam_cases.csv
gskill_822dc8d2fee7,gsec_5972fde74bdb,qbank_ea4090eca253,实操题库_地面站考试条件_2026H1_夹角题题型.txt_25,2026H1,2026H1,夹角题题型,几何图形航线规划,几何计算,三角形;边长;图形,ground_station_exam_cases.csv
gskill_0e33c9a6ba0b,gsec_5972fde74bdb,qbank_ea4090eca253,实操题库_地面站考试条件_2026H1_夹角题题型.txt_25,2026H1,2026H1,夹角题题型,起飞返航点定位,导航定位,起飞点;H点,ground_station_exam_cases.csv
gskill_3ebac02a04ba,gsec_5972fde74bdb,qbank_ea4090eca253,实操题库_地面站考试条件_2026H1_夹角题题型.txt_25,2026H1,2026H1,夹角题题型,题型:夹角题,题型,夹角题题型,ground_station_exam_cases.csv
gskill_3bfe026134f5,gsec_32d5d306a61a,qbank_ea4090eca253,实操题库_地面站考试条件_2026H1_夹角题题型.txt_26,2026H1,2026H1,夹角题题型,经纬度换算,导航定位,坐标;N;E,ground_station_exam_cases.csv
gskill_a35839986dc5,gsec_32d5d306a61a,qbank_ea4090eca253,实操题库_地面站考试条件_2026H1_夹角题题型.txt_26,2026H1,2026H1,夹角题题型,航向方位判断,导航定位,NE,ground_station_exam_cases.csv
gskill_efc3927d479b,gsec_32d5d306a61a,qbank_ea4090eca253,实操题库_地面站考试条件_2026H1_夹角题题型.txt_26,2026H1,2026H1,夹角题题型,夹角计算,几何计算,∠;角,ground_station_exam_cases.csv
gskill_3c92518f8361,gsec_32d5d306a61a,qbank_ea4090eca253,实操题库_地面站考试条件_2026H1_夹角题题型.txt_26,2026H1,2026H1,夹角题题型,速度高度参数设置,参数设置,高度;速度;m/s,ground_station_exam_cases.csv
gskill_f62768cf8a78,gsec_32d5d306a61a,qbank_ea4090eca253,实操题库_地面站考试条件_2026H1_夹角题题型.txt_26,2026H1,2026H1,夹角题题型,转弯停留循环设置,参数设置,转弯;停留;循环;闭合;不循环,ground_station_exam_cases.csv
gskill_224293b76893,gsec_32d5d306a61a,qbank_ea4090eca253,实操题库_地面站考试条件_2026H1_夹角题题型.txt_26,2026H1,2026H1,夹角题题型,几何图形航线规划,几何计算,三角形;边长;图形,ground_station_exam_cases.csv
gskill_fd3df5ac0af4,gsec_32d5d306a61a,qbank_ea4090eca253,实操题库_地面站考试条件_2026H1_夹角题题型.txt_26,2026H1,2026H1,夹角题题型,起飞返航点定位,导航定位,起飞点,ground_station_exam_cases.csv
gskill_1b5c9e2ca9b6,gsec_32d5d306a61a,qbank_ea4090eca253,实操题库_地面站考试条件_2026H1_夹角题题型.txt_26,2026H1,2026H1,夹角题题型,题型:夹角题,题型,夹角题题型,ground_station_exam_cases.csv
gskill_2af607830926,gsec_94212755cecb,qbank_ea4090eca253,实操题库_地面站考试条件_2026H1_夹角题题型.txt_27,2026H1,2026H1,夹角题题型,经纬度换算,导航定位,经纬度;N,ground_station_exam_cases.csv
gskill_48ccd854786f,gsec_94212755cecb,qbank_ea4090eca253,实操题库_地面站考试条件_2026H1_夹角题题型.txt_27,2026H1,2026H1,夹角题题型,航向方位判断,导航定位,航向;NW,ground_station_exam_cases.csv
gskill_ec1f511fee11,gsec_94212755cecb,qbank_ea4090eca253,实操题库_地面站考试条件_2026H1_夹角题题型.txt_27,2026H1,2026H1,夹角题题型,夹角计算,几何计算,夹角;∠;角,ground_station_exam_cases.csv
gskill_dd49a5256184,gsec_94212755cecb,qbank_ea4090eca253,实操题库_地面站考试条件_2026H1_夹角题题型.txt_27,2026H1,2026H1,夹角题题型,速度高度参数设置,参数设置,高度;速度;m/s,ground_station_exam_cases.csv
gskill_1e2621bfd463,gsec_94212755cecb,qbank_ea4090eca253,实操题库_地面站考试条件_2026H1_夹角题题型.txt_27,2026H1,2026H1,夹角题题型,转弯停留循环设置,参数设置,转弯;停留;循环;闭合;不循环,ground_station_exam_cases.csv
gskill_6aa3eee75f6b,gsec_94212755cecb,qbank_ea4090eca253,实操题库_地面站考试条件_2026H1_夹角题题型.txt_27,2026H1,2026H1,夹角题题型,几何图形航线规划,几何计算,六边形;边长;图形,ground_station_exam_cases.csv
gskill_248e22c266eb,gsec_94212755cecb,qbank_ea4090eca253,实操题库_地面站考试条件_2026H1_夹角题题型.txt_27,2026H1,2026H1,夹角题题型,起飞返航点定位,导航定位,起飞点;返航点,ground_station_exam_cases.csv
gskill_03cf4883c024,gsec_94212755cecb,qbank_ea4090eca253,实操题库_地面站考试条件_2026H1_夹角题题型.txt_27,2026H1,2026H1,夹角题题型,题型:夹角题,题型,夹角题题型,ground_station_exam_cases.csv
gskill_c680d9fadcb3,gsec_23d79e854cee,qbank_ea4090eca253,实操题库_地面站考试条件_2026H1_夹角题题型.txt_28,2026H1,2026H1,夹角题题型,经纬度换算,导航定位,经纬度,ground_station_exam_cases.csv
gskill_6d7ad5e4111a,gsec_23d79e854cee,qbank_ea4090eca253,实操题库_地面站考试条件_2026H1_夹角题题型.txt_28,2026H1,2026H1,夹角题题型,航向方位判断,导航定位,航向;SW,ground_station_exam_cases.csv
gskill_08e69cc6c520,gsec_23d79e854cee,qbank_ea4090eca253,实操题库_地面站考试条件_2026H1_夹角题题型.txt_28,2026H1,2026H1,夹角题题型,夹角计算,几何计算,夹角;∠;角,ground_station_exam_cases.csv
gskill_60e0bd0f2a40,gsec_23d79e854cee,qbank_ea4090eca253,实操题库_地面站考试条件_2026H1_夹角题题型.txt_28,2026H1,2026H1,夹角题题型,速度高度参数设置,参数设置,高度;速度;m/s,ground_station_exam_cases.csv
gskill_1e744a21e775,gsec_23d79e854cee,qbank_ea4090eca253,实操题库_地面站考试条件_2026H1_夹角题题型.txt_28,2026H1,2026H1,夹角题题型,转弯停留循环设置,参数设置,转弯;停留;循环;闭合;不循环,ground_station_exam_cases.csv
gskill_0c8933e712fe,gsec_23d79e854cee,qbank_ea4090eca253,实操题库_地面站考试条件_2026H1_夹角题题型.txt_28,2026H1,2026H1,夹角题题型,几何图形航线规划,几何计算,三角形;边长;图形,ground_station_exam_cases.csv
gskill_0b748e1218b5,gsec_23d79e854cee,qbank_ea4090eca253,实操题库_地面站考试条件_2026H1_夹角题题型.txt_28,2026H1,2026H1,夹角题题型,起飞返航点定位,导航定位,起飞点;返航点,ground_station_exam_cases.csv
gskill_30d2c4acb4be,gsec_23d79e854cee,qbank_ea4090eca253,实操题库_地面站考试条件_2026H1_夹角题题型.txt_28,2026H1,2026H1,夹角题题型,题型:夹角题,题型,夹角题题型,ground_station_exam_cases.csv
gskill_dd571a8c64ef,gsec_498e4fbc38d1,qbank_ea4090eca253,实操题库_地面站考试条件_2026H1_夹角题题型.txt_29,2026H1,2026H1,夹角题题型,经纬度换算,导航定位,经纬度;E,ground_station_exam_cases.csv
gskill_6adcc86f8d80,gsec_498e4fbc38d1,qbank_ea4090eca253,实操题库_地面站考试条件_2026H1_夹角题题型.txt_29,2026H1,2026H1,夹角题题型,航向方位判断,导航定位,航向;SE,ground_station_exam_cases.csv
gskill_02ef6815245a,gsec_498e4fbc38d1,qbank_ea4090eca253,实操题库_地面站考试条件_2026H1_夹角题题型.txt_29,2026H1,2026H1,夹角题题型,夹角计算,几何计算,夹角;∠;角,ground_station_exam_cases.csv
gskill_973bc19e72c7,gsec_498e4fbc38d1,qbank_ea4090eca253,实操题库_地面站考试条件_2026H1_夹角题题型.txt_29,2026H1,2026H1,夹角题题型,速度高度参数设置,参数设置,高度;速度;m/s,ground_station_exam_cases.csv
gskill_c7c81d63a2ca,gsec_498e4fbc38d1,qbank_ea4090eca253,实操题库_地面站考试条件_2026H1_夹角题题型.txt_29,2026H1,2026H1,夹角题题型,转弯停留循环设置,参数设置,转弯;循环;闭合;不循环,ground_station_exam_cases.csv
gskill_e0b6b1521341,gsec_498e4fbc38d1,qbank_ea4090eca253,实操题库_地面站考试条件_2026H1_夹角题题型.txt_29,2026H1,2026H1,夹角题题型,几何图形航线规划,几何计算,边长;图形,ground_station_exam_cases.csv
gskill_547bc973a5ac,gsec_498e4fbc38d1,qbank_ea4090eca253,实操题库_地面站考试条件_2026H1_夹角题题型.txt_29,2026H1,2026H1,夹角题题型,起飞返航点定位,导航定位,起飞点;返航点,ground_station_exam_cases.csv
gskill_c2bc8e246c99,gsec_498e4fbc38d1,qbank_ea4090eca253,实操题库_地面站考试条件_2026H1_夹角题题型.txt_29,2026H1,2026H1,夹角题题型,题型:夹角题,题型,夹角题题型,ground_station_exam_cases.csv
gskill_952e28fed008,gsec_dfe6347be68e,qbank_ea4090eca253,实操题库_地面站考试条件_2026H1_夹角题题型.txt_30,2026H1,2026H1,夹角题题型,经纬度换算,导航定位,经纬度;N,ground_station_exam_cases.csv
gskill_8770deb7741b,gsec_dfe6347be68e,qbank_ea4090eca253,实操题库_地面站考试条件_2026H1_夹角题题型.txt_30,2026H1,2026H1,夹角题题型,航向方位判断,导航定位,航向;NW,ground_station_exam_cases.csv
gskill_58307c7ea535,gsec_dfe6347be68e,qbank_ea4090eca253,实操题库_地面站考试条件_2026H1_夹角题题型.txt_30,2026H1,2026H1,夹角题题型,夹角计算,几何计算,夹角;∠;角,ground_station_exam_cases.csv
gskill_d5b2beaaf4c9,gsec_dfe6347be68e,qbank_ea4090eca253,实操题库_地面站考试条件_2026H1_夹角题题型.txt_30,2026H1,2026H1,夹角题题型,速度高度参数设置,参数设置,高度;速度;m/s,ground_station_exam_cases.csv
gskill_698861ec8b43,gsec_dfe6347be68e,qbank_ea4090eca253,实操题库_地面站考试条件_2026H1_夹角题题型.txt_30,2026H1,2026H1,夹角题题型,转弯停留循环设置,参数设置,转弯;停留;循环;闭合;不循环,ground_station_exam_cases.csv
gskill_d60ae8b75b85,gsec_dfe6347be68e,qbank_ea4090eca253,实操题库_地面站考试条件_2026H1_夹角题题型.txt_30,2026H1,2026H1,夹角题题型,几何图形航线规划,几何计算,五边形;边长;图形,ground_station_exam_cases.csv
gskill_807a51a8e461,gsec_dfe6347be68e,qbank_ea4090eca253,实操题库_地面站考试条件_2026H1_夹角题题型.txt_30,2026H1,2026H1,夹角题题型,起飞返航点定位,导航定位,起飞点;返航点,ground_station_exam_cases.csv
gskill_fe6447416313,gsec_dfe6347be68e,qbank_ea4090eca253,实操题库_地面站考试条件_2026H1_夹角题题型.txt_30,2026H1,2026H1,夹角题题型,题型:夹角题,题型,夹角题题型,ground_station_exam_cases.csv
gskill_7acfb1b2cd02,gsec_5769abd28b89,qbank_ea4090eca253,实操题库_地面站考试条件_2026H1_夹角题题型.txt_31,2026H1,2026H1,夹角题题型,经纬度换算,导航定位,经纬度;N,ground_station_exam_cases.csv
gskill_2241b3d1c070,gsec_5769abd28b89,qbank_ea4090eca253,实操题库_地面站考试条件_2026H1_夹角题题型.txt_31,2026H1,2026H1,夹角题题型,航向方位判断,导航定位,航向;NW,ground_station_exam_cases.csv
gskill_42022ef0594c,gsec_5769abd28b89,qbank_ea4090eca253,实操题库_地面站考试条件_2026H1_夹角题题型.txt_31,2026H1,2026H1,夹角题题型,夹角计算,几何计算,夹角;角,ground_station_exam_cases.csv
gskill_8a34009c2a81,gsec_5769abd28b89,qbank_ea4090eca253,实操题库_地面站考试条件_2026H1_夹角题题型.txt_31,2026H1,2026H1,夹角题题型,速度高度参数设置,参数设置,高度;速度;m/s,ground_station_exam_cases.csv
gskill_6eaee4c86398,gsec_5769abd28b89,qbank_ea4090eca253,实操题库_地面站考试条件_2026H1_夹角题题型.txt_31,2026H1,2026H1,夹角题题型,转弯停留循环设置,参数设置,转弯;停留;循环;闭合;不循环,ground_station_exam_cases.csv
gskill_82423d72a6df,gsec_5769abd28b89,qbank_ea4090eca253,实操题库_地面站考试条件_2026H1_夹角题题型.txt_31,2026H1,2026H1,夹角题题型,几何图形航线规划,几何计算,梯形;图形,ground_station_exam_cases.csv
gskill_66c8771616e0,gsec_5769abd28b89,qbank_ea4090eca253,实操题库_地面站考试条件_2026H1_夹角题题型.txt_31,2026H1,2026H1,夹角题题型,起飞返航点定位,导航定位,起飞点;返航点,ground_station_exam_cases.csv
gskill_0a7c9d34ecc5,gsec_5769abd28b89,qbank_ea4090eca253,实操题库_地面站考试条件_2026H1_夹角题题型.txt_31,2026H1,2026H1,夹角题题型,题型:夹角题,题型,夹角题题型,ground_station_exam_cases.csv
gskill_9d31aca6810c,gsec_827edf7ec2bb,qbank_ea4090eca253,实操题库_地面站考试条件_2026H1_夹角题题型.txt_32,2026H1,2026H1,夹角题题型,经纬度换算,导航定位,经纬度;E,ground_station_exam_cases.csv
gskill_8d86f7cb3179,gsec_827edf7ec2bb,qbank_ea4090eca253,实操题库_地面站考试条件_2026H1_夹角题题型.txt_32,2026H1,2026H1,夹角题题型,航向方位判断,导航定位,航向;SE,ground_station_exam_cases.csv
gskill_e597b6e5385d,gsec_827edf7ec2bb,qbank_ea4090eca253,实操题库_地面站考试条件_2026H1_夹角题题型.txt_32,2026H1,2026H1,夹角题题型,夹角计算,几何计算,夹角;∠;角,ground_station_exam_cases.csv
gskill_f6870cf6ad92,gsec_827edf7ec2bb,qbank_ea4090eca253,实操题库_地面站考试条件_2026H1_夹角题题型.txt_32,2026H1,2026H1,夹角题题型,速度高度参数设置,参数设置,高度;速度;m/s,ground_station_exam_cases.csv
gskill_cb90b8c91951,gsec_827edf7ec2bb,qbank_ea4090eca253,实操题库_地面站考试条件_2026H1_夹角题题型.txt_32,2026H1,2026H1,夹角题题型,转弯停留循环设置,参数设置,转弯;循环;闭合;不循环,ground_station_exam_cases.csv
gskill_2a299671883f,gsec_827edf7ec2bb,qbank_ea4090eca253,实操题库_地面站考试条件_2026H1_夹角题题型.txt_32,2026H1,2026H1,夹角题题型,几何图形航线规划,几何计算,梯形;图形,ground_station_exam_cases.csv
gskill_9bcb137b2421,gsec_827edf7ec2bb,qbank_ea4090eca253,实操题库_地面站考试条件_2026H1_夹角题题型.txt_32,2026H1,2026H1,夹角题题型,起飞返航点定位,导航定位,起飞点;返航点,ground_station_exam_cases.csv
gskill_aa4052f2bc79,gsec_827edf7ec2bb,qbank_ea4090eca253,实操题库_地面站考试条件_2026H1_夹角题题型.txt_32,2026H1,2026H1,夹角题题型,题型:夹角题,题型,夹角题题型,ground_station_exam_cases.csv
gskill_30f5da54b1f7,gsec_e0c17ff2622f,qbank_ea4090eca253,实操题库_地面站考试条件_2026H1_夹角题题型.txt_33,2026H1,2026H1,夹角题题型,经纬度换算,导航定位,经纬度;N:;E:;N;E,ground_station_exam_cases.csv
gskill_e79aea0ca3f9,gsec_e0c17ff2622f,qbank_ea4090eca253,实操题库_地面站考试条件_2026H1_夹角题题型.txt_33,2026H1,2026H1,夹角题题型,航向方位判断,导航定位,方位,ground_station_exam_cases.csv
gskill_e3fb885f5b25,gsec_e0c17ff2622f,qbank_ea4090eca253,实操题库_地面站考试条件_2026H1_夹角题题型.txt_33,2026H1,2026H1,夹角题题型,夹角计算,几何计算,∠,ground_station_exam_cases.csv
gskill_a685dfb6650f,gsec_e0c17ff2622f,qbank_ea4090eca253,实操题库_地面站考试条件_2026H1_夹角题题型.txt_33,2026H1,2026H1,夹角题题型,速度高度参数设置,参数设置,高度;速度;m/s,ground_station_exam_cases.csv
gskill_8157c15b580c,gsec_e0c17ff2622f,qbank_ea4090eca253,实操题库_地面站考试条件_2026H1_夹角题题型.txt_33,2026H1,2026H1,夹角题题型,转弯停留循环设置,参数设置,转弯;停留;循环,ground_station_exam_cases.csv
gskill_7b61a1de33d4,gsec_e0c17ff2622f,qbank_ea4090eca253,实操题库_地面站考试条件_2026H1_夹角题题型.txt_33,2026H1,2026H1,夹角题题型,几何图形航线规划,几何计算,五边形;边长;图形,ground_station_exam_cases.csv
gskill_b2aeb54bcd41,gsec_e0c17ff2622f,qbank_ea4090eca253,实操题库_地面站考试条件_2026H1_夹角题题型.txt_33,2026H1,2026H1,夹角题题型,起飞返航点定位,导航定位,起飞点;返航点;H点,ground_station_exam_cases.csv
gskill_813a0494db90,gsec_e0c17ff2622f,qbank_ea4090eca253,实操题库_地面站考试条件_2026H1_夹角题题型.txt_33,2026H1,2026H1,夹角题题型,题型:夹角题,题型,夹角题题型,ground_station_exam_cases.csv
gskill_0567a3a3ae98,gsec_a478c4bf7042,qbank_ea4090eca253,实操题库_地面站考试条件_2026H1_夹角题题型.txt_34,2026H1,2026H1,夹角题题型,经纬度换算,导航定位,E,ground_station_exam_cases.csv
gskill_7dcbff379d37,gsec_a478c4bf7042,qbank_ea4090eca253,实操题库_地面站考试条件_2026H1_夹角题题型.txt_34,2026H1,2026H1,夹角题题型,航向方位判断,导航定位,航向;SE,ground_station_exam_cases.csv
gskill_32b086c230c6,gsec_a478c4bf7042,qbank_ea4090eca253,实操题库_地面站考试条件_2026H1_夹角题题型.txt_34,2026H1,2026H1,夹角题题型,夹角计算,几何计算,∠;角,ground_station_exam_cases.csv
gskill_8c3a82700ef7,gsec_a478c4bf7042,qbank_ea4090eca253,实操题库_地面站考试条件_2026H1_夹角题题型.txt_34,2026H1,2026H1,夹角题题型,速度高度参数设置,参数设置,高度;速度;m/s,ground_station_exam_cases.csv
gskill_4f8fb81888f2,gsec_a478c4bf7042,qbank_ea4090eca253,实操题库_地面站考试条件_2026H1_夹角题题型.txt_34,2026H1,2026H1,夹角题题型,转弯停留循环设置,参数设置,转弯;停留;循环;闭合,ground_station_exam_cases.csv
gskill_385cc750e70e,gsec_a478c4bf7042,qbank_ea4090eca253,实操题库_地面站考试条件_2026H1_夹角题题型.txt_34,2026H1,2026H1,夹角题题型,几何图形航线规划,几何计算,梯形;边长;图形,ground_station_exam_cases.csv
gskill_19fcf9bd1a4f,gsec_a478c4bf7042,qbank_ea4090eca253,实操题库_地面站考试条件_2026H1_夹角题题型.txt_34,2026H1,2026H1,夹角题题型,起飞返航点定位,导航定位,起飞点,ground_station_exam_cases.csv
gskill_338b2d3b6796,gsec_a478c4bf7042,qbank_ea4090eca253,实操题库_地面站考试条件_2026H1_夹角题题型.txt_34,2026H1,2026H1,夹角题题型,题型:夹角题,题型,夹角题题型,ground_station_exam_cases.csv
gskill_5b0b4ee117be,gsec_76ce4341e904,qbank_ea4090eca253,实操题库_地面站考试条件_2026H1_夹角题题型.txt_35,2026H1,2026H1,夹角题题型,经纬度换算,导航定位,经纬度;N:;E:;N;E,ground_station_exam_cases.csv
gskill_f56836f814b8,gsec_76ce4341e904,qbank_ea4090eca253,实操题库_地面站考试条件_2026H1_夹角题题型.txt_35,2026H1,2026H1,夹角题题型,夹角计算,几何计算,∠;角,ground_station_exam_cases.csv
gskill_a396dbda6957,gsec_76ce4341e904,qbank_ea4090eca253,实操题库_地面站考试条件_2026H1_夹角题题型.txt_35,2026H1,2026H1,夹角题题型,速度高度参数设置,参数设置,高度;速度;m/s,ground_station_exam_cases.csv
gskill_9481bb551464,gsec_76ce4341e904,qbank_ea4090eca253,实操题库_地面站考试条件_2026H1_夹角题题型.txt_35,2026H1,2026H1,夹角题题型,转弯停留循环设置,参数设置,转弯;停留,ground_station_exam_cases.csv
gskill_5753b160b1c7,gsec_76ce4341e904,qbank_ea4090eca253,实操题库_地面站考试条件_2026H1_夹角题题型.txt_35,2026H1,2026H1,夹角题题型,几何图形航线规划,几何计算,三角形;边长,ground_station_exam_cases.csv
gskill_7b0276800c95,gsec_76ce4341e904,qbank_ea4090eca253,实操题库_地面站考试条件_2026H1_夹角题题型.txt_35,2026H1,2026H1,夹角题题型,起飞返航点定位,导航定位,起飞点,ground_station_exam_cases.csv
gskill_74bfb0418d59,gsec_76ce4341e904,qbank_ea4090eca253,实操题库_地面站考试条件_2026H1_夹角题题型.txt_35,2026H1,2026H1,夹角题题型,题型:夹角题,题型,夹角题题型,ground_station_exam_cases.csv
gskill_fca95ee740f5,gsec_c53c8f6afacd,qbank_ea4090eca253,实操题库_地面站考试条件_2026H1_夹角题题型.txt_36,2026H1,2026H1,夹角题题型,经纬度换算,导航定位,经纬度;N:;E:;N;E,ground_station_exam_cases.csv
gskill_d8e060e49ab0,gsec_c53c8f6afacd,qbank_ea4090eca253,实操题库_地面站考试条件_2026H1_夹角题题型.txt_36,2026H1,2026H1,夹角题题型,航向方位判断,导航定位,NW,ground_station_exam_cases.csv
gskill_59ab1adadd49,gsec_c53c8f6afacd,qbank_ea4090eca253,实操题库_地面站考试条件_2026H1_夹角题题型.txt_36,2026H1,2026H1,夹角题题型,夹角计算,几何计算,∠;角,ground_station_exam_cases.csv
gskill_a8a0376c3628,gsec_c53c8f6afacd,qbank_ea4090eca253,实操题库_地面站考试条件_2026H1_夹角题题型.txt_36,2026H1,2026H1,夹角题题型,速度高度参数设置,参数设置,高度;速度;m/s,ground_station_exam_cases.csv
gskill_a9d53c9b640e,gsec_c53c8f6afacd,qbank_ea4090eca253,实操题库_地面站考试条件_2026H1_夹角题题型.txt_36,2026H1,2026H1,夹角题题型,转弯停留循环设置,参数设置,转弯;停留,ground_station_exam_cases.csv
gskill_74d4555cdccf,gsec_c53c8f6afacd,qbank_ea4090eca253,实操题库_地面站考试条件_2026H1_夹角题题型.txt_36,2026H1,2026H1,夹角题题型,几何图形航线规划,几何计算,三角形;边长,ground_station_exam_cases.csv
gskill_7962c5ee43a7,gsec_c53c8f6afacd,qbank_ea4090eca253,实操题库_地面站考试条件_2026H1_夹角题题型.txt_36,2026H1,2026H1,夹角题题型,起飞返航点定位,导航定位,起飞点,ground_station_exam_cases.csv
gskill_048da6317ce9,gsec_c53c8f6afacd,qbank_ea4090eca253,实操题库_地面站考试条件_2026H1_夹角题题型.txt_36,2026H1,2026H1,夹角题题型,题型:夹角题,题型,夹角题题型,ground_station_exam_cases.csv
gskill_08167f35e201,gsec_3e87dc02fdb9,qbank_ea4090eca253,实操题库_地面站考试条件_2026H1_夹角题题型.txt_37,2026H1,2026H1,夹角题题型,经纬度换算,导航定位,经纬度;E,ground_station_exam_cases.csv
gskill_4eb3cfa61901,gsec_3e87dc02fdb9,qbank_ea4090eca253,实操题库_地面站考试条件_2026H1_夹角题题型.txt_37,2026H1,2026H1,夹角题题型,航向方位判断,导航定位,SW,ground_station_exam_cases.csv
gskill_df3f6deeca92,gsec_3e87dc02fdb9,qbank_ea4090eca253,实操题库_地面站考试条件_2026H1_夹角题题型.txt_37,2026H1,2026H1,夹角题题型,夹角计算,几何计算,夹角;∠;角,ground_station_exam_cases.csv
gskill_443dee514783,gsec_3e87dc02fdb9,qbank_ea4090eca253,实操题库_地面站考试条件_2026H1_夹角题题型.txt_37,2026H1,2026H1,夹角题题型,速度高度参数设置,参数设置,高度;速度;m/s,ground_station_exam_cases.csv
gskill_bc84a869974b,gsec_3e87dc02fdb9,qbank_ea4090eca253,实操题库_地面站考试条件_2026H1_夹角题题型.txt_37,2026H1,2026H1,夹角题题型,转弯停留循环设置,参数设置,转弯,ground_station_exam_cases.csv
gskill_f700a719b2fb,gsec_3e87dc02fdb9,qbank_ea4090eca253,实操题库_地面站考试条件_2026H1_夹角题题型.txt_37,2026H1,2026H1,夹角题题型,起飞返航点定位,导航定位,起飞点;返航点,ground_station_exam_cases.csv
gskill_4a1a8dfa9a63,gsec_3e87dc02fdb9,qbank_ea4090eca253,实操题库_地面站考试条件_2026H1_夹角题题型.txt_37,2026H1,2026H1,夹角题题型,题型:夹角题,题型,夹角题题型,ground_station_exam_cases.csv
gskill_36235abe88a0,gsec_1342ad7a7409,qbank_ea4090eca253,实操题库_地面站考试条件_2026H1_夹角题题型.txt_38,2026H1,2026H1,夹角题题型,经纬度换算,导航定位,经纬度;N;E,ground_station_exam_cases.csv
gskill_d1a8f09aa6e3,gsec_1342ad7a7409,qbank_ea4090eca253,实操题库_地面站考试条件_2026H1_夹角题题型.txt_38,2026H1,2026H1,夹角题题型,航向方位判断,导航定位,航向;NE,ground_station_exam_cases.csv
gskill_38f5cca17714,gsec_1342ad7a7409,qbank_ea4090eca253,实操题库_地面站考试条件_2026H1_夹角题题型.txt_38,2026H1,2026H1,夹角题题型,夹角计算,几何计算,夹角;∠;角,ground_station_exam_cases.csv
gskill_f47f8ee0eaec,gsec_1342ad7a7409,qbank_ea4090eca253,实操题库_地面站考试条件_2026H1_夹角题题型.txt_38,2026H1,2026H1,夹角题题型,速度高度参数设置,参数设置,高度;速度;m/s,ground_station_exam_cases.csv
gskill_14dd2c51993f,gsec_1342ad7a7409,qbank_ea4090eca253,实操题库_地面站考试条件_2026H1_夹角题题型.txt_38,2026H1,2026H1,夹角题题型,转弯停留循环设置,参数设置,转弯;停留;循环;闭合;不循环,ground_station_exam_cases.csv
gskill_c4fa81c826ba,gsec_1342ad7a7409,qbank_ea4090eca253,实操题库_地面站考试条件_2026H1_夹角题题型.txt_38,2026H1,2026H1,夹角题题型,几何图形航线规划,几何计算,三角形;图形,ground_station_exam_cases.csv
gskill_c04d214e75f7,gsec_1342ad7a7409,qbank_ea4090eca253,实操题库_地面站考试条件_2026H1_夹角题题型.txt_38,2026H1,2026H1,夹角题题型,起飞返航点定位,导航定位,起飞点;返航点,ground_station_exam_cases.csv
gskill_eff566aed25d,gsec_1342ad7a7409,qbank_ea4090eca253,实操题库_地面站考试条件_2026H1_夹角题题型.txt_38,2026H1,2026H1,夹角题题型,题型:夹角题,题型,夹角题题型,ground_station_exam_cases.csv
gskill_821b38fc2f18,gsec_454e9209e1fd,qbank_ea4090eca253,实操题库_地面站考试条件_2026H1_夹角题题型.txt_39,2026H1,2026H1,夹角题题型,经纬度换算,导航定位,经纬度,ground_station_exam_cases.csv
gskill_6b2bef9466fa,gsec_454e9209e1fd,qbank_ea4090eca253,实操题库_地面站考试条件_2026H1_夹角题题型.txt_39,2026H1,2026H1,夹角题题型,航向方位判断,导航定位,航向;SW,ground_station_exam_cases.csv
gskill_2d9d374d5ca5,gsec_454e9209e1fd,qbank_ea4090eca253,实操题库_地面站考试条件_2026H1_夹角题题型.txt_39,2026H1,2026H1,夹角题题型,夹角计算,几何计算,夹角;∠;角,ground_station_exam_cases.csv
gskill_5599bfefbb16,gsec_454e9209e1fd,qbank_ea4090eca253,实操题库_地面站考试条件_2026H1_夹角题题型.txt_39,2026H1,2026H1,夹角题题型,速度高度参数设置,参数设置,高度;速度;m/s,ground_station_exam_cases.csv
gskill_7986257b2864,gsec_454e9209e1fd,qbank_ea4090eca253,实操题库_地面站考试条件_2026H1_夹角题题型.txt_39,2026H1,2026H1,夹角题题型,转弯停留循环设置,参数设置,转弯;停留;循环;闭合;不循环,ground_station_exam_cases.csv
gskill_79165b97654c,gsec_454e9209e1fd,qbank_ea4090eca253,实操题库_地面站考试条件_2026H1_夹角题题型.txt_39,2026H1,2026H1,夹角题题型,几何图形航线规划,几何计算,五边形;边长;图形,ground_station_exam_cases.csv
gskill_56e2f7f1c9c2,gsec_454e9209e1fd,qbank_ea4090eca253,实操题库_地面站考试条件_2026H1_夹角题题型.txt_39,2026H1,2026H1,夹角题题型,起飞返航点定位,导航定位,起飞点;返航点,ground_station_exam_cases.csv
gskill_0a730bec6e1b,gsec_454e9209e1fd,qbank_ea4090eca253,实操题库_地面站考试条件_2026H1_夹角题题型.txt_39,2026H1,2026H1,夹角题题型,题型:夹角题,题型,夹角题题型,ground_station_exam_cases.csv
gskill_eefc854f9a65,gsec_da66c7b69279,qbank_ea4090eca253,实操题库_地面站考试条件_2026H1_夹角题题型.txt_40,2026H1,2026H1,夹角题题型,经纬度换算,导航定位,经纬度,ground_station_exam_cases.csv
gskill_7db0b0b386b4,gsec_da66c7b69279,qbank_ea4090eca253,实操题库_地面站考试条件_2026H1_夹角题题型.txt_40,2026H1,2026H1,夹角题题型,航向方位判断,导航定位,航向;SW,ground_station_exam_cases.csv
gskill_82326ab8c86e,gsec_da66c7b69279,qbank_ea4090eca253,实操题库_地面站考试条件_2026H1_夹角题题型.txt_40,2026H1,2026H1,夹角题题型,夹角计算,几何计算,夹角;∠;角,ground_station_exam_cases.csv
gskill_e334cafc52f0,gsec_da66c7b69279,qbank_ea4090eca253,实操题库_地面站考试条件_2026H1_夹角题题型.txt_40,2026H1,2026H1,夹角题题型,速度高度参数设置,参数设置,高度;速度;m/s,ground_station_exam_cases.csv
gskill_87b8cadb69f4,gsec_da66c7b69279,qbank_ea4090eca253,实操题库_地面站考试条件_2026H1_夹角题题型.txt_40,2026H1,2026H1,夹角题题型,转弯停留循环设置,参数设置,转弯;循环;闭合;不循环,ground_station_exam_cases.csv
gskill_42b6e6935706,gsec_da66c7b69279,qbank_ea4090eca253,实操题库_地面站考试条件_2026H1_夹角题题型.txt_40,2026H1,2026H1,夹角题题型,几何图形航线规划,几何计算,三角形;边长;图形,ground_station_exam_cases.csv
gskill_06a61651aef4,gsec_da66c7b69279,qbank_ea4090eca253,实操题库_地面站考试条件_2026H1_夹角题题型.txt_40,2026H1,2026H1,夹角题题型,起飞返航点定位,导航定位,起飞点;返航点,ground_station_exam_cases.csv
gskill_da5eeb200c5e,gsec_da66c7b69279,qbank_ea4090eca253,实操题库_地面站考试条件_2026H1_夹角题题型.txt_40,2026H1,2026H1,夹角题题型,题型:夹角题,题型,夹角题题型,ground_station_exam_cases.csv
gskill_8ba4be40143d,gsec_89c93e3cf996,qbank_ea4090eca253,实操题库_地面站考试条件_2026H1_夹角题题型.txt_41,2026H1,2026H1,夹角题题型,经纬度换算,导航定位,经纬度;N,ground_station_exam_cases.csv
gskill_e4ebb906f4f9,gsec_89c93e3cf996,qbank_ea4090eca253,实操题库_地面站考试条件_2026H1_夹角题题型.txt_41,2026H1,2026H1,夹角题题型,航向方位判断,导航定位,航向;NW,ground_station_exam_cases.csv
gskill_f5aaaf10027a,gsec_89c93e3cf996,qbank_ea4090eca253,实操题库_地面站考试条件_2026H1_夹角题题型.txt_41,2026H1,2026H1,夹角题题型,夹角计算,几何计算,夹角;∠;角,ground_station_exam_cases.csv
gskill_be9f823aa65e,gsec_89c93e3cf996,qbank_ea4090eca253,实操题库_地面站考试条件_2026H1_夹角题题型.txt_41,2026H1,2026H1,夹角题题型,速度高度参数设置,参数设置,高度;速度;m/s,ground_station_exam_cases.csv
gskill_fd72d0964a21,gsec_89c93e3cf996,qbank_ea4090eca253,实操题库_地面站考试条件_2026H1_夹角题题型.txt_41,2026H1,2026H1,夹角题题型,转弯停留循环设置,参数设置,转弯;循环;闭合;不循环,ground_station_exam_cases.csv
gskill_049d2e1a043b,gsec_89c93e3cf996,qbank_ea4090eca253,实操题库_地面站考试条件_2026H1_夹角题题型.txt_41,2026H1,2026H1,夹角题题型,几何图形航线规划,几何计算,五边形;图形,ground_station_exam_cases.csv
gskill_42b74b2f8998,gsec_89c93e3cf996,qbank_ea4090eca253,实操题库_地面站考试条件_2026H1_夹角题题型.txt_41,2026H1,2026H1,夹角题题型,起飞返航点定位,导航定位,起飞点;返航点,ground_station_exam_cases.csv
gskill_3c22cb81a83c,gsec_89c93e3cf996,qbank_ea4090eca253,实操题库_地面站考试条件_2026H1_夹角题题型.txt_41,2026H1,2026H1,夹角题题型,题型:夹角题,题型,夹角题题型,ground_station_exam_cases.csv
gskill_5b69c3a64c2a,gsec_b79ec4dda0f3,qbank_ea4090eca253,实操题库_地面站考试条件_2026H1_夹角题题型.txt_42,2026H1,2026H1,夹角题题型,经纬度换算,导航定位,经纬度;N;E,ground_station_exam_cases.csv
gskill_df7f19eea126,gsec_b79ec4dda0f3,qbank_ea4090eca253,实操题库_地面站考试条件_2026H1_夹角题题型.txt_42,2026H1,2026H1,夹角题题型,航向方位判断,导航定位,航向;NE,ground_station_exam_cases.csv
gskill_99ab0ee01e72,gsec_b79ec4dda0f3,qbank_ea4090eca253,实操题库_地面站考试条件_2026H1_夹角题题型.txt_42,2026H1,2026H1,夹角题题型,夹角计算,几何计算,夹角;∠;角,ground_station_exam_cases.csv
gskill_e7ec3561b11f,gsec_b79ec4dda0f3,qbank_ea4090eca253,实操题库_地面站考试条件_2026H1_夹角题题型.txt_42,2026H1,2026H1,夹角题题型,速度高度参数设置,参数设置,高度;速度;m/s,ground_station_exam_cases.csv
gskill_37aea1ed040a,gsec_b79ec4dda0f3,qbank_ea4090eca253,实操题库_地面站考试条件_2026H1_夹角题题型.txt_42,2026H1,2026H1,夹角题题型,转弯停留循环设置,参数设置,转弯;停留;循环;闭合;不循环,ground_station_exam_cases.csv
gskill_3a8305ab78cc,gsec_b79ec4dda0f3,qbank_ea4090eca253,实操题库_地面站考试条件_2026H1_夹角题题型.txt_42,2026H1,2026H1,夹角题题型,几何图形航线规划,几何计算,三角形;图形,ground_station_exam_cases.csv
gskill_970ff4d3b970,gsec_b79ec4dda0f3,qbank_ea4090eca253,实操题库_地面站考试条件_2026H1_夹角题题型.txt_42,2026H1,2026H1,夹角题题型,起飞返航点定位,导航定位,起飞点;返航点,ground_station_exam_cases.csv
gskill_4999ba2b03ac,gsec_b79ec4dda0f3,qbank_ea4090eca253,实操题库_地面站考试条件_2026H1_夹角题题型.txt_42,2026H1,2026H1,夹角题题型,题型:夹角题,题型,夹角题题型,ground_station_exam_cases.csv
gskill_5a963af6eb3d,gsec_1a0d11fbbe6b,qbank_ea4090eca253,实操题库_地面站考试条件_2026H1_夹角题题型.txt_43,2026H1,2026H1,夹角题题型,经纬度换算,导航定位,经纬度;N,ground_station_exam_cases.csv
gskill_c68b9eb3e783,gsec_1a0d11fbbe6b,qbank_ea4090eca253,实操题库_地面站考试条件_2026H1_夹角题题型.txt_43,2026H1,2026H1,夹角题题型,航向方位判断,导航定位,航向;NW,ground_station_exam_cases.csv
gskill_fe9158eb37cd,gsec_1a0d11fbbe6b,qbank_ea4090eca253,实操题库_地面站考试条件_2026H1_夹角题题型.txt_43,2026H1,2026H1,夹角题题型,夹角计算,几何计算,夹角;∠;角,ground_station_exam_cases.csv
gskill_5f6c77adada8,gsec_1a0d11fbbe6b,qbank_ea4090eca253,实操题库_地面站考试条件_2026H1_夹角题题型.txt_43,2026H1,2026H1,夹角题题型,速度高度参数设置,参数设置,高度;速度;m/s,ground_station_exam_cases.csv
gskill_5fb0d82b6135,gsec_1a0d11fbbe6b,qbank_ea4090eca253,实操题库_地面站考试条件_2026H1_夹角题题型.txt_43,2026H1,2026H1,夹角题题型,转弯停留循环设置,参数设置,转弯;停留;循环;闭合;不循环,ground_station_exam_cases.csv
gskill_292c04089cb4,gsec_1a0d11fbbe6b,qbank_ea4090eca253,实操题库_地面站考试条件_2026H1_夹角题题型.txt_43,2026H1,2026H1,夹角题题型,几何图形航线规划,几何计算,边长;图形,ground_station_exam_cases.csv
gskill_0916c02c86bd,gsec_1a0d11fbbe6b,qbank_ea4090eca253,实操题库_地面站考试条件_2026H1_夹角题题型.txt_43,2026H1,2026H1,夹角题题型,起飞返航点定位,导航定位,起飞点;返航点,ground_station_exam_cases.csv
gskill_cfbd53ef3878,gsec_1a0d11fbbe6b,qbank_ea4090eca253,实操题库_地面站考试条件_2026H1_夹角题题型.txt_43,2026H1,2026H1,夹角题题型,题型:夹角题,题型,夹角题题型,ground_station_exam_cases.csv
gskill_8fdf8e13fefc,gsec_6600c9fef16e,qbank_ea4090eca253,实操题库_地面站考试条件_2026H1_夹角题题型.txt_44,2026H1,2026H1,夹角题题型,经纬度换算,导航定位,经纬度,ground_station_exam_cases.csv
gskill_1c7117fe1405,gsec_6600c9fef16e,qbank_ea4090eca253,实操题库_地面站考试条件_2026H1_夹角题题型.txt_44,2026H1,2026H1,夹角题题型,航向方位判断,导航定位,航向,ground_station_exam_cases.csv
gskill_95ca2ffd8dbe,gsec_6600c9fef16e,qbank_ea4090eca253,实操题库_地面站考试条件_2026H1_夹角题题型.txt_44,2026H1,2026H1,夹角题题型,夹角计算,几何计算,∠;角,ground_station_exam_cases.csv
gskill_ea3df52866f7,gsec_6600c9fef16e,qbank_ea4090eca253,实操题库_地面站考试条件_2026H1_夹角题题型.txt_44,2026H1,2026H1,夹角题题型,速度高度参数设置,参数设置,高度;速度;m/s,ground_station_exam_cases.csv
gskill_d6580c4d1758,gsec_6600c9fef16e,qbank_ea4090eca253,实操题库_地面站考试条件_2026H1_夹角题题型.txt_44,2026H1,2026H1,夹角题题型,转弯停留循环设置,参数设置,转弯;停留;循环;闭合;不循环,ground_station_exam_cases.csv
gskill_9975c8b14080,gsec_6600c9fef16e,qbank_ea4090eca253,实操题库_地面站考试条件_2026H1_夹角题题型.txt_44,2026H1,2026H1,夹角题题型,几何图形航线规划,几何计算,三角形;边长,ground_station_exam_cases.csv
gskill_86afea515c4a,gsec_6600c9fef16e,qbank_ea4090eca253,实操题库_地面站考试条件_2026H1_夹角题题型.txt_44,2026H1,2026H1,夹角题题型,起飞返航点定位,导航定位,起飞点;返航点,ground_station_exam_cases.csv
gskill_300ce889ded1,gsec_6600c9fef16e,qbank_ea4090eca253,实操题库_地面站考试条件_2026H1_夹角题题型.txt_44,2026H1,2026H1,夹角题题型,题型:夹角题,题型,夹角题题型,ground_station_exam_cases.csv
gskill_b54f3a4fc64c,gsec_0d337a7b0712,qbank_ea4090eca253,实操题库_地面站考试条件_2026H1_夹角题题型.txt_45,2026H1,2026H1,夹角题题型,经纬度换算,导航定位,经纬度,ground_station_exam_cases.csv
gskill_b633ef157f0b,gsec_0d337a7b0712,qbank_ea4090eca253,实操题库_地面站考试条件_2026H1_夹角题题型.txt_45,2026H1,2026H1,夹角题题型,航向方位判断,导航定位,航向,ground_station_exam_cases.csv
gskill_1fed3b55b18c,gsec_0d337a7b0712,qbank_ea4090eca253,实操题库_地面站考试条件_2026H1_夹角题题型.txt_45,2026H1,2026H1,夹角题题型,夹角计算,几何计算,∠;角,ground_station_exam_cases.csv
gskill_54492b29639f,gsec_0d337a7b0712,qbank_ea4090eca253,实操题库_地面站考试条件_2026H1_夹角题题型.txt_45,2026H1,2026H1,夹角题题型,速度高度参数设置,参数设置,高度;速度;m/s,ground_station_exam_cases.csv
gskill_06759ed3b81e,gsec_0d337a7b0712,qbank_ea4090eca253,实操题库_地面站考试条件_2026H1_夹角题题型.txt_45,2026H1,2026H1,夹角题题型,转弯停留循环设置,参数设置,转弯;停留;循环;闭合;不循环,ground_station_exam_cases.csv
gskill_d692e1d62758,gsec_0d337a7b0712,qbank_ea4090eca253,实操题库_地面站考试条件_2026H1_夹角题题型.txt_45,2026H1,2026H1,夹角题题型,几何图形航线规划,几何计算,三角形;边长,ground_station_exam_cases.csv
gskill_aff5999fd786,gsec_0d337a7b0712,qbank_ea4090eca253,实操题库_地面站考试条件_2026H1_夹角题题型.txt_45,2026H1,2026H1,夹角题题型,起飞返航点定位,导航定位,起飞点;返航点,ground_station_exam_cases.csv
gskill_1df8af7208da,gsec_0d337a7b0712,qbank_ea4090eca253,实操题库_地面站考试条件_2026H1_夹角题题型.txt_45,2026H1,2026H1,夹角题题型,题型:夹角题,题型,夹角题题型,ground_station_exam_cases.csv
gskill_b8b985eb6896,gsec_22dffbf389db,qbank_ea4090eca253,实操题库_地面站考试条件_2026H1_夹角题题型.txt_46,2026H1,2026H1,夹角题题型,经纬度换算,导航定位,经纬度;N,ground_station_exam_cases.csv
gskill_c5962971f16b,gsec_22dffbf389db,qbank_ea4090eca253,实操题库_地面站考试条件_2026H1_夹角题题型.txt_46,2026H1,2026H1,夹角题题型,航向方位判断,导航定位,航向;NW,ground_station_exam_cases.csv
gskill_0afe22df8896,gsec_22dffbf389db,qbank_ea4090eca253,实操题库_地面站考试条件_2026H1_夹角题题型.txt_46,2026H1,2026H1,夹角题题型,夹角计算,几何计算,∠,ground_station_exam_cases.csv
gskill_499585aea2c8,gsec_22dffbf389db,qbank_ea4090eca253,实操题库_地面站考试条件_2026H1_夹角题题型.txt_46,2026H1,2026H1,夹角题题型,速度高度参数设置,参数设置,高度;速度;m/s,ground_station_exam_cases.csv
gskill_89fe5f2b5f6b,gsec_22dffbf389db,qbank_ea4090eca253,实操题库_地面站考试条件_2026H1_夹角题题型.txt_46,2026H1,2026H1,夹角题题型,转弯停留循环设置,参数设置,转弯;停留;循环;闭合;不循环,ground_station_exam_cases.csv
gskill_eec263f3c2e7,gsec_22dffbf389db,qbank_ea4090eca253,实操题库_地面站考试条件_2026H1_夹角题题型.txt_46,2026H1,2026H1,夹角题题型,几何图形航线规划,几何计算,五边形;边长;图形,ground_station_exam_cases.csv
gskill_8cff751c8360,gsec_22dffbf389db,qbank_ea4090eca253,实操题库_地面站考试条件_2026H1_夹角题题型.txt_46,2026H1,2026H1,夹角题题型,起飞返航点定位,导航定位,起飞点;返航点,ground_station_exam_cases.csv
gskill_eb8709bb5972,gsec_22dffbf389db,qbank_ea4090eca253,实操题库_地面站考试条件_2026H1_夹角题题型.txt_46,2026H1,2026H1,夹角题题型,题型:夹角题,题型,夹角题题型,ground_station_exam_cases.csv
gskill_c0cae96f1665,gsec_aea1d0275f4a,qbank_ea4090eca253,实操题库_地面站考试条件_2026H1_夹角题题型.txt_47,2026H1,2026H1,夹角题题型,经纬度换算,导航定位,经纬度;N,ground_station_exam_cases.csv
gskill_923bd03ef97a,gsec_aea1d0275f4a,qbank_ea4090eca253,实操题库_地面站考试条件_2026H1_夹角题题型.txt_47,2026H1,2026H1,夹角题题型,航向方位判断,导航定位,航向;NW,ground_station_exam_cases.csv
gskill_62fe0d36d809,gsec_aea1d0275f4a,qbank_ea4090eca253,实操题库_地面站考试条件_2026H1_夹角题题型.txt_47,2026H1,2026H1,夹角题题型,夹角计算,几何计算,夹角;∠;角,ground_station_exam_cases.csv
gskill_73b3564fe712,gsec_aea1d0275f4a,qbank_ea4090eca253,实操题库_地面站考试条件_2026H1_夹角题题型.txt_47,2026H1,2026H1,夹角题题型,速度高度参数设置,参数设置,高度;速度;m/s,ground_station_exam_cases.csv
gskill_c770c701fbcb,gsec_aea1d0275f4a,qbank_ea4090eca253,实操题库_地面站考试条件_2026H1_夹角题题型.txt_47,2026H1,2026H1,夹角题题型,转弯停留循环设置,参数设置,转弯;停留;循环;闭合;不循环,ground_station_exam_cases.csv
gskill_8e1e292ae140,gsec_aea1d0275f4a,qbank_ea4090eca253,实操题库_地面站考试条件_2026H1_夹角题题型.txt_47,2026H1,2026H1,夹角题题型,几何图形航线规划,几何计算,六边形;边长;图形,ground_station_exam_cases.csv
gskill_439fba60c990,gsec_aea1d0275f4a,qbank_ea4090eca253,实操题库_地面站考试条件_2026H1_夹角题题型.txt_47,2026H1,2026H1,夹角题题型,起飞返航点定位,导航定位,起飞点;返航点,ground_station_exam_cases.csv
gskill_3bb12e818195,gsec_aea1d0275f4a,qbank_ea4090eca253,实操题库_地面站考试条件_2026H1_夹角题题型.txt_47,2026H1,2026H1,夹角题题型,题型:夹角题,题型,夹角题题型,ground_station_exam_cases.csv
gskill_cbaa89427ef1,gsec_374485f9ba23,qbank_ea4090eca253,实操题库_地面站考试条件_2026H1_夹角题题型.txt_48,2026H1,2026H1,夹角题题型,经纬度换算,导航定位,经纬度;E,ground_station_exam_cases.csv
gskill_c230eb6a8a52,gsec_374485f9ba23,qbank_ea4090eca253,实操题库_地面站考试条件_2026H1_夹角题题型.txt_48,2026H1,2026H1,夹角题题型,航向方位判断,导航定位,航向;SE,ground_station_exam_cases.csv
gskill_bfa884fb9fd3,gsec_374485f9ba23,qbank_ea4090eca253,实操题库_地面站考试条件_2026H1_夹角题题型.txt_48,2026H1,2026H1,夹角题题型,夹角计算,几何计算,夹角;∠;角,ground_station_exam_cases.csv
gskill_ab128f97f54f,gsec_374485f9ba23,qbank_ea4090eca253,实操题库_地面站考试条件_2026H1_夹角题题型.txt_48,2026H1,2026H1,夹角题题型,速度高度参数设置,参数设置,高度;速度;m/s,ground_station_exam_cases.csv
gskill_e0221bc43a82,gsec_374485f9ba23,qbank_ea4090eca253,实操题库_地面站考试条件_2026H1_夹角题题型.txt_48,2026H1,2026H1,夹角题题型,转弯停留循环设置,参数设置,转弯;停留;循环;不循环,ground_station_exam_cases.csv
gskill_59c9fedde540,gsec_374485f9ba23,qbank_ea4090eca253,实操题库_地面站考试条件_2026H1_夹角题题型.txt_48,2026H1,2026H1,夹角题题型,几何图形航线规划,几何计算,边长;图形,ground_station_exam_cases.csv
gskill_0e3c474dd031,gsec_374485f9ba23,qbank_ea4090eca253,实操题库_地面站考试条件_2026H1_夹角题题型.txt_48,2026H1,2026H1,夹角题题型,起飞返航点定位,导航定位,起飞点;返航点,ground_station_exam_cases.csv
gskill_da47620335f7,gsec_374485f9ba23,qbank_ea4090eca253,实操题库_地面站考试条件_2026H1_夹角题题型.txt_48,2026H1,2026H1,夹角题题型,题型:夹角题,题型,夹角题题型,ground_station_exam_cases.csv
gskill_8e198853a6ea,gsec_482d87dd0d5b,qbank_ea4090eca253,实操题库_地面站考试条件_2026H1_夹角题题型.txt_49,2026H1,2026H1,夹角题题型,经纬度换算,导航定位,经纬度;N,ground_station_exam_cases.csv
gskill_6304574703ac,gsec_482d87dd0d5b,qbank_ea4090eca253,实操题库_地面站考试条件_2026H1_夹角题题型.txt_49,2026H1,2026H1,夹角题题型,航向方位判断,导航定位,航向;NW,ground_station_exam_cases.csv
gskill_f4610441bed2,gsec_482d87dd0d5b,qbank_ea4090eca253,实操题库_地面站考试条件_2026H1_夹角题题型.txt_49,2026H1,2026H1,夹角题题型,夹角计算,几何计算,夹角;∠;角,ground_station_exam_cases.csv
gskill_d8716201b3f5,gsec_482d87dd0d5b,qbank_ea4090eca253,实操题库_地面站考试条件_2026H1_夹角题题型.txt_49,2026H1,2026H1,夹角题题型,速度高度参数设置,参数设置,高度;速度;m/s,ground_station_exam_cases.csv
gskill_e6712f94e15f,gsec_482d87dd0d5b,qbank_ea4090eca253,实操题库_地面站考试条件_2026H1_夹角题题型.txt_49,2026H1,2026H1,夹角题题型,转弯停留循环设置,参数设置,转弯;停留;循环;闭合;不循环,ground_station_exam_cases.csv
gskill_3f6a4312a7c9,gsec_482d87dd0d5b,qbank_ea4090eca253,实操题库_地面站考试条件_2026H1_夹角题题型.txt_49,2026H1,2026H1,夹角题题型,几何图形航线规划,几何计算,五边形;边长;图形,ground_station_exam_cases.csv
gskill_e3d48f109ec8,gsec_482d87dd0d5b,qbank_ea4090eca253,实操题库_地面站考试条件_2026H1_夹角题题型.txt_49,2026H1,2026H1,夹角题题型,起飞返航点定位,导航定位,起飞点;返航点,ground_station_exam_cases.csv
gskill_ff560037959b,gsec_482d87dd0d5b,qbank_ea4090eca253,实操题库_地面站考试条件_2026H1_夹角题题型.txt_49,2026H1,2026H1,夹角题题型,题型:夹角题,题型,夹角题题型,ground_station_exam_cases.csv
gskill_fb9dc681276f,gsec_31ec1cad4ebf,qbank_ea4090eca253,实操题库_地面站考试条件_2026H1_夹角题题型.txt_50,2026H1,2026H1,夹角题题型,经纬度换算,导航定位,经纬度;N,ground_station_exam_cases.csv
gskill_effce2b40184,gsec_31ec1cad4ebf,qbank_ea4090eca253,实操题库_地面站考试条件_2026H1_夹角题题型.txt_50,2026H1,2026H1,夹角题题型,航向方位判断,导航定位,航向;NW,ground_station_exam_cases.csv
gskill_f1aa970d9668,gsec_31ec1cad4ebf,qbank_ea4090eca253,实操题库_地面站考试条件_2026H1_夹角题题型.txt_50,2026H1,2026H1,夹角题题型,夹角计算,几何计算,∠,ground_station_exam_cases.csv
gskill_3baf6071d63a,gsec_31ec1cad4ebf,qbank_ea4090eca253,实操题库_地面站考试条件_2026H1_夹角题题型.txt_50,2026H1,2026H1,夹角题题型,速度高度参数设置,参数设置,高度;速度;m/s,ground_station_exam_cases.csv
gskill_624688ad5e94,gsec_31ec1cad4ebf,qbank_ea4090eca253,实操题库_地面站考试条件_2026H1_夹角题题型.txt_50,2026H1,2026H1,夹角题题型,转弯停留循环设置,参数设置,转弯;停留;循环;闭合;不循环,ground_station_exam_cases.csv
gskill_b400fa66a156,gsec_31ec1cad4ebf,qbank_ea4090eca253,实操题库_地面站考试条件_2026H1_夹角题题型.txt_50,2026H1,2026H1,夹角题题型,几何图形航线规划,几何计算,五边形;边长;图形,ground_station_exam_cases.csv
gskill_f1190960f48e,gsec_31ec1cad4ebf,qbank_ea4090eca253,实操题库_地面站考试条件_2026H1_夹角题题型.txt_50,2026H1,2026H1,夹角题题型,起飞返航点定位,导航定位,起飞点;返航点,ground_station_exam_cases.csv
gskill_8eb5fb1e18eb,gsec_31ec1cad4ebf,qbank_ea4090eca253,实操题库_地面站考试条件_2026H1_夹角题题型.txt_50,2026H1,2026H1,夹角题题型,题型:夹角题,题型,夹角题题型,ground_station_exam_cases.csv
gskill_aee43831331d,gsec_bfc5c1bff7e0,qbank_ea4090eca253,实操题库_地面站考试条件_2026H1_夹角题题型.txt_51,2026H1,2026H1,夹角题题型,经纬度换算,导航定位,经纬度,ground_station_exam_cases.csv
gskill_68afd11b5983,gsec_bfc5c1bff7e0,qbank_ea4090eca253,实操题库_地面站考试条件_2026H1_夹角题题型.txt_51,2026H1,2026H1,夹角题题型,航向方位判断,导航定位,航向;SW,ground_station_exam_cases.csv
gskill_3f018ea7783c,gsec_bfc5c1bff7e0,qbank_ea4090eca253,实操题库_地面站考试条件_2026H1_夹角题题型.txt_51,2026H1,2026H1,夹角题题型,夹角计算,几何计算,夹角;∠;角,ground_station_exam_cases.csv
gskill_2bc8b033e496,gsec_bfc5c1bff7e0,qbank_ea4090eca253,实操题库_地面站考试条件_2026H1_夹角题题型.txt_51,2026H1,2026H1,夹角题题型,速度高度参数设置,参数设置,高度;速度;m/s,ground_station_exam_cases.csv
gskill_6d93807c019a,gsec_bfc5c1bff7e0,qbank_ea4090eca253,实操题库_地面站考试条件_2026H1_夹角题题型.txt_51,2026H1,2026H1,夹角题题型,转弯停留循环设置,参数设置,转弯;停留;循环;闭合;不循环,ground_station_exam_cases.csv
gskill_2831625822f5,gsec_bfc5c1bff7e0,qbank_ea4090eca253,实操题库_地面站考试条件_2026H1_夹角题题型.txt_51,2026H1,2026H1,夹角题题型,几何图形航线规划,几何计算,梯形;图形,ground_station_exam_cases.csv
gskill_609284e86689,gsec_bfc5c1bff7e0,qbank_ea4090eca253,实操题库_地面站考试条件_2026H1_夹角题题型.txt_51,2026H1,2026H1,夹角题题型,起飞返航点定位,导航定位,起飞点;返航点,ground_station_exam_cases.csv
gskill_8e8926ee75c0,gsec_bfc5c1bff7e0,qbank_ea4090eca253,实操题库_地面站考试条件_2026H1_夹角题题型.txt_51,2026H1,2026H1,夹角题题型,题型:夹角题,题型,夹角题题型,ground_station_exam_cases.csv
gskill_f1963468dbca,gsec_a9f20af5fecb,qbank_ea4090eca253,实操题库_地面站考试条件_2026H1_夹角题题型.txt_52,2026H1,2026H1,夹角题题型,经纬度换算,导航定位,经纬度;N,ground_station_exam_cases.csv
gskill_ba389a5b6f9e,gsec_a9f20af5fecb,qbank_ea4090eca253,实操题库_地面站考试条件_2026H1_夹角题题型.txt_52,2026H1,2026H1,夹角题题型,航向方位判断,导航定位,航向;NW,ground_station_exam_cases.csv
gskill_cb315fbde43a,gsec_a9f20af5fecb,qbank_ea4090eca253,实操题库_地面站考试条件_2026H1_夹角题题型.txt_52,2026H1,2026H1,夹角题题型,夹角计算,几何计算,夹角;∠;角,ground_station_exam_cases.csv
gskill_a234f318d9ee,gsec_a9f20af5fecb,qbank_ea4090eca253,实操题库_地面站考试条件_2026H1_夹角题题型.txt_52,2026H1,2026H1,夹角题题型,速度高度参数设置,参数设置,高度;速度;m/s,ground_station_exam_cases.csv
gskill_9af96a601d3b,gsec_a9f20af5fecb,qbank_ea4090eca253,实操题库_地面站考试条件_2026H1_夹角题题型.txt_52,2026H1,2026H1,夹角题题型,转弯停留循环设置,参数设置,转弯;停留;循环;闭合;不循环,ground_station_exam_cases.csv
gskill_13b765741877,gsec_a9f20af5fecb,qbank_ea4090eca253,实操题库_地面站考试条件_2026H1_夹角题题型.txt_52,2026H1,2026H1,夹角题题型,几何图形航线规划,几何计算,梯形;图形,ground_station_exam_cases.csv
gskill_862182d50dc2,gsec_a9f20af5fecb,qbank_ea4090eca253,实操题库_地面站考试条件_2026H1_夹角题题型.txt_52,2026H1,2026H1,夹角题题型,起飞返航点定位,导航定位,起飞点;返航点,ground_station_exam_cases.csv
gskill_04ed0ffe3504,gsec_a9f20af5fecb,qbank_ea4090eca253,实操题库_地面站考试条件_2026H1_夹角题题型.txt_52,2026H1,2026H1,夹角题题型,题型:夹角题,题型,夹角题题型,ground_station_exam_cases.csv
gskill_6eef0346159b,gsec_a22bf082e7a2,qbank_efe2c2be2cc6,实操题库_地面站考试条件_2026H1_时钟夹角题题型.txt_0,2026H1,2026H1,时钟夹角题题型,经纬度换算,导航定位,经纬度;N;E,ground_station_exam_cases.csv
gskill_21ed68853202,gsec_a22bf082e7a2,qbank_efe2c2be2cc6,实操题库_地面站考试条件_2026H1_时钟夹角题题型.txt_0,2026H1,2026H1,时钟夹角题题型,航向方位判断,导航定位,航向;正南,ground_station_exam_cases.csv
gskill_69cc4d022312,gsec_a22bf082e7a2,qbank_efe2c2be2cc6,实操题库_地面站考试条件_2026H1_时钟夹角题题型.txt_0,2026H1,2026H1,时钟夹角题题型,夹角计算,几何计算,夹角;时针;分针;角,ground_station_exam_cases.csv
gskill_4a67c5b25f66,gsec_a22bf082e7a2,qbank_efe2c2be2cc6,实操题库_地面站考试条件_2026H1_时钟夹角题题型.txt_0,2026H1,2026H1,时钟夹角题题型,速度高度参数设置,参数设置,高度;速度;km/h,ground_station_exam_cases.csv
gskill_1827a9fc12ae,gsec_a22bf082e7a2,qbank_efe2c2be2cc6,实操题库_地面站考试条件_2026H1_时钟夹角题题型.txt_0,2026H1,2026H1,时钟夹角题题型,转弯停留循环设置,参数设置,转弯;停留;闭合,ground_station_exam_cases.csv
gskill_06783af2f587,gsec_a22bf082e7a2,qbank_efe2c2be2cc6,实操题库_地面站考试条件_2026H1_时钟夹角题题型.txt_0,2026H1,2026H1,时钟夹角题题型,几何图形航线规划,几何计算,五边形;边长;图形,ground_station_exam_cases.csv
gskill_48569a766e87,gsec_a22bf082e7a2,qbank_efe2c2be2cc6,实操题库_地面站考试条件_2026H1_时钟夹角题题型.txt_0,2026H1,2026H1,时钟夹角题题型,起飞返航点定位,导航定位,起飞点;返航点,ground_station_exam_cases.csv
gskill_c4e38355795e,gsec_a22bf082e7a2,qbank_efe2c2be2cc6,实操题库_地面站考试条件_2026H1_时钟夹角题题型.txt_0,2026H1,2026H1,时钟夹角题题型,题型:时钟夹角题,题型,时钟夹角题题型,ground_station_exam_cases.csv
gskill_fd72e2be0b26,gsec_6c9c81e46b46,qbank_efe2c2be2cc6,实操题库_地面站考试条件_2026H1_时钟夹角题题型.txt_1,2026H1,2026H1,时钟夹角题题型,经纬度换算,导航定位,经纬度;E:;N;E,ground_station_exam_cases.csv
gskill_6c32715c5262,gsec_6c9c81e46b46,qbank_efe2c2be2cc6,实操题库_地面站考试条件_2026H1_时钟夹角题题型.txt_1,2026H1,2026H1,时钟夹角题题型,航向方位判断,导航定位,航向,ground_station_exam_cases.csv
gskill_052162b12945,gsec_6c9c81e46b46,qbank_efe2c2be2cc6,实操题库_地面站考试条件_2026H1_时钟夹角题题型.txt_1,2026H1,2026H1,时钟夹角题题型,夹角计算,几何计算,夹角;∠;时针;分针;角,ground_station_exam_cases.csv
gskill_852e0e721dea,gsec_6c9c81e46b46,qbank_efe2c2be2cc6,实操题库_地面站考试条件_2026H1_时钟夹角题题型.txt_1,2026H1,2026H1,时钟夹角题题型,速度高度参数设置,参数设置,高度;速度;m/s,ground_station_exam_cases.csv
gskill_5ad904bccd7b,gsec_6c9c81e46b46,qbank_efe2c2be2cc6,实操题库_地面站考试条件_2026H1_时钟夹角题题型.txt_1,2026H1,2026H1,时钟夹角题题型,转弯停留循环设置,参数设置,转弯;停留;循环;闭合,ground_station_exam_cases.csv
gskill_3cf8617175ac,gsec_6c9c81e46b46,qbank_efe2c2be2cc6,实操题库_地面站考试条件_2026H1_时钟夹角题题型.txt_1,2026H1,2026H1,时钟夹角题题型,几何图形航线规划,几何计算,边长;图形,ground_station_exam_cases.csv
gskill_9208950514c2,gsec_6c9c81e46b46,qbank_efe2c2be2cc6,实操题库_地面站考试条件_2026H1_时钟夹角题题型.txt_1,2026H1,2026H1,时钟夹角题题型,起飞返航点定位,导航定位,起飞点;返航点,ground_station_exam_cases.csv
gskill_61862e013f90,gsec_6c9c81e46b46,qbank_efe2c2be2cc6,实操题库_地面站考试条件_2026H1_时钟夹角题题型.txt_1,2026H1,2026H1,时钟夹角题题型,题型:时钟夹角题,题型,时钟夹角题题型,ground_station_exam_cases.csv
gskill_54a251f4dc25,gsec_8e0ae22dfb95,qbank_7cb07e6ab374,实操题库_地面站考试条件_2026H1_空域限制或地形限制题型.txt_0,2026H1,2026H1,空域限制或地形限制题型,经纬度换算,导航定位,经纬度;N:;E:;N;E,ground_station_exam_cases.csv
gskill_77c1b9ed7edc,gsec_8e0ae22dfb95,qbank_7cb07e6ab374,实操题库_地面站考试条件_2026H1_空域限制或地形限制题型.txt_0,2026H1,2026H1,空域限制或地形限制题型,航向方位判断,导航定位,航向;方位,ground_station_exam_cases.csv
gskill_4eebc519ff1f,gsec_8e0ae22dfb95,qbank_7cb07e6ab374,实操题库_地面站考试条件_2026H1_空域限制或地形限制题型.txt_0,2026H1,2026H1,空域限制或地形限制题型,夹角计算,几何计算,角,ground_station_exam_cases.csv
gskill_f5200ad03f25,gsec_8e0ae22dfb95,qbank_7cb07e6ab374,实操题库_地面站考试条件_2026H1_空域限制或地形限制题型.txt_0,2026H1,2026H1,空域限制或地形限制题型,空域地形限制处理,限制绕飞,空域;限制,ground_station_exam_cases.csv
gskill_fe4d3dc10931,gsec_8e0ae22dfb95,qbank_7cb07e6ab374,实操题库_地面站考试条件_2026H1_空域限制或地形限制题型.txt_0,2026H1,2026H1,空域限制或地形限制题型,速度高度参数设置,参数设置,高度;速度;m/s,ground_station_exam_cases.csv
gskill_f3f549e36efe,gsec_8e0ae22dfb95,qbank_7cb07e6ab374,实操题库_地面站考试条件_2026H1_空域限制或地形限制题型.txt_0,2026H1,2026H1,空域限制或地形限制题型,转弯停留循环设置,参数设置,转弯;停留;循环;闭合;不循环,ground_station_exam_cases.csv
gskill_3da286642201,gsec_8e0ae22dfb95,qbank_7cb07e6ab374,实操题库_地面站考试条件_2026H1_空域限制或地形限制题型.txt_0,2026H1,2026H1,空域限制或地形限制题型,几何图形航线规划,几何计算,边长,ground_station_exam_cases.csv
gskill_c8646ee07c05,gsec_8e0ae22dfb95,qbank_7cb07e6ab374,实操题库_地面站考试条件_2026H1_空域限制或地形限制题型.txt_0,2026H1,2026H1,空域限制或地形限制题型,起飞返航点定位,导航定位,起飞点,ground_station_exam_cases.csv
gskill_b4319d12105d,gsec_8e0ae22dfb95,qbank_7cb07e6ab374,实操题库_地面站考试条件_2026H1_空域限制或地形限制题型.txt_0,2026H1,2026H1,空域限制或地形限制题型,题型:空域限制或地形限制,题型,空域限制或地形限制题型,ground_station_exam_cases.csv
gskill_0339193aa479,gsec_9290d567c47b,qbank_7cb07e6ab374,实操题库_地面站考试条件_2026H1_空域限制或地形限制题型.txt_1,2026H1,2026H1,空域限制或地形限制题型,经纬度换算,导航定位,经纬度;N:;E:;N;E,ground_station_exam_cases.csv
gskill_06fce5c9fd2b,gsec_9290d567c47b,qbank_7cb07e6ab374,实操题库_地面站考试条件_2026H1_空域限制或地形限制题型.txt_1,2026H1,2026H1,空域限制或地形限制题型,航向方位判断,导航定位,方位,ground_station_exam_cases.csv
gskill_e57cd803f890,gsec_9290d567c47b,qbank_7cb07e6ab374,实操题库_地面站考试条件_2026H1_空域限制或地形限制题型.txt_1,2026H1,2026H1,空域限制或地形限制题型,夹角计算,几何计算,角,ground_station_exam_cases.csv
gskill_eefdc4633bba,gsec_9290d567c47b,qbank_7cb07e6ab374,实操题库_地面站考试条件_2026H1_空域限制或地形限制题型.txt_1,2026H1,2026H1,空域限制或地形限制题型,空域地形限制处理,限制绕飞,地形;限制,ground_station_exam_cases.csv
gskill_0f054e2a3c7c,gsec_9290d567c47b,qbank_7cb07e6ab374,实操题库_地面站考试条件_2026H1_空域限制或地形限制题型.txt_1,2026H1,2026H1,空域限制或地形限制题型,速度高度参数设置,参数设置,高度,ground_station_exam_cases.csv
gskill_cdfb25e2b95d,gsec_9290d567c47b,qbank_7cb07e6ab374,实操题库_地面站考试条件_2026H1_空域限制或地形限制题型.txt_1,2026H1,2026H1,空域限制或地形限制题型,转弯停留循环设置,参数设置,转弯;循环,ground_station_exam_cases.csv
gskill_7872c6425f76,gsec_9290d567c47b,qbank_7cb07e6ab374,实操题库_地面站考试条件_2026H1_空域限制或地形限制题型.txt_1,2026H1,2026H1,空域限制或地形限制题型,几何图形航线规划,几何计算,三角形;边长;图形,ground_station_exam_cases.csv
gskill_e2ea15cf172c,gsec_9290d567c47b,qbank_7cb07e6ab374,实操题库_地面站考试条件_2026H1_空域限制或地形限制题型.txt_1,2026H1,2026H1,空域限制或地形限制题型,起飞返航点定位,导航定位,起飞点,ground_station_exam_cases.csv
gskill_c2a224cdac1a,gsec_9290d567c47b,qbank_7cb07e6ab374,实操题库_地面站考试条件_2026H1_空域限制或地形限制题型.txt_1,2026H1,2026H1,空域限制或地形限制题型,题型:空域限制或地形限制,题型,空域限制或地形限制题型,ground_station_exam_cases.csv
gskill_13ca103906d7,gsec_a3ef9cd51cac,qbank_7cb07e6ab374,实操题库_地面站考试条件_2026H1_空域限制或地形限制题型.txt_2,2026H1,2026H1,空域限制或地形限制题型,经纬度换算,导航定位,经纬度;N:;E:;N;E,ground_station_exam_cases.csv
gskill_ee025832c075,gsec_a3ef9cd51cac,qbank_7cb07e6ab374,实操题库_地面站考试条件_2026H1_空域限制或地形限制题型.txt_2,2026H1,2026H1,空域限制或地形限制题型,航向方位判断,导航定位,方位,ground_station_exam_cases.csv
gskill_37d15929c6fa,gsec_a3ef9cd51cac,qbank_7cb07e6ab374,实操题库_地面站考试条件_2026H1_空域限制或地形限制题型.txt_2,2026H1,2026H1,空域限制或地形限制题型,空域地形限制处理,限制绕飞,地形;限制,ground_station_exam_cases.csv
gskill_6359a0a6b71c,gsec_a3ef9cd51cac,qbank_7cb07e6ab374,实操题库_地面站考试条件_2026H1_空域限制或地形限制题型.txt_2,2026H1,2026H1,空域限制或地形限制题型,速度高度参数设置,参数设置,高度;速度;m/s,ground_station_exam_cases.csv
gskill_5cdf2fee56b4,gsec_a3ef9cd51cac,qbank_7cb07e6ab374,实操题库_地面站考试条件_2026H1_空域限制或地形限制题型.txt_2,2026H1,2026H1,空域限制或地形限制题型,转弯停留循环设置,参数设置,转弯;停留,ground_station_exam_cases.csv
gskill_7b78dc04fcbf,gsec_a3ef9cd51cac,qbank_7cb07e6ab374,实操题库_地面站考试条件_2026H1_空域限制或地形限制题型.txt_2,2026H1,2026H1,空域限制或地形限制题型,几何图形航线规划,几何计算,图形,ground_station_exam_cases.csv
gskill_9e2fb8e7d7b4,gsec_a3ef9cd51cac,qbank_7cb07e6ab374,实操题库_地面站考试条件_2026H1_空域限制或地形限制题型.txt_2,2026H1,2026H1,空域限制或地形限制题型,起飞返航点定位,导航定位,起飞点,ground_station_exam_cases.csv
gskill_da637cb14fb6,gsec_a3ef9cd51cac,qbank_7cb07e6ab374,实操题库_地面站考试条件_2026H1_空域限制或地形限制题型.txt_2,2026H1,2026H1,空域限制或地形限制题型,题型:空域限制或地形限制,题型,空域限制或地形限制题型,ground_station_exam_cases.csv
gskill_c2e11dd7be71,gsec_9c67fa1c38ad,qbank_7cb07e6ab374,实操题库_地面站考试条件_2026H1_空域限制或地形限制题型.txt_3,2026H1,2026H1,空域限制或地形限制题型,经纬度换算,导航定位,经纬度;N:;E:;N;E,ground_station_exam_cases.csv
gskill_e40394d5fea9,gsec_9c67fa1c38ad,qbank_7cb07e6ab374,实操题库_地面站考试条件_2026H1_空域限制或地形限制题型.txt_3,2026H1,2026H1,空域限制或地形限制题型,航向方位判断,导航定位,航向;方位,ground_station_exam_cases.csv
gskill_c888a62ec846,gsec_9c67fa1c38ad,qbank_7cb07e6ab374,实操题库_地面站考试条件_2026H1_空域限制或地形限制题型.txt_3,2026H1,2026H1,空域限制或地形限制题型,夹角计算,几何计算,∠;角,ground_station_exam_cases.csv
gskill_0df390d5f34a,gsec_9c67fa1c38ad,qbank_7cb07e6ab374,实操题库_地面站考试条件_2026H1_空域限制或地形限制题型.txt_3,2026H1,2026H1,空域限制或地形限制题型,速度高度参数设置,参数设置,高度;速度;m/s,ground_station_exam_cases.csv
gskill_78a48c294e85,gsec_9c67fa1c38ad,qbank_7cb07e6ab374,实操题库_地面站考试条件_2026H1_空域限制或地形限制题型.txt_3,2026H1,2026H1,空域限制或地形限制题型,转弯停留循环设置,参数设置,转弯;停留;循环,ground_station_exam_cases.csv
gskill_8f9677d9d7f7,gsec_9c67fa1c38ad,qbank_7cb07e6ab374,实操题库_地面站考试条件_2026H1_空域限制或地形限制题型.txt_3,2026H1,2026H1,空域限制或地形限制题型,几何图形航线规划,几何计算,三角形;边长,ground_station_exam_cases.csv
gskill_4b32a3a47967,gsec_9c67fa1c38ad,qbank_7cb07e6ab374,实操题库_地面站考试条件_2026H1_空域限制或地形限制题型.txt_3,2026H1,2026H1,空域限制或地形限制题型,起飞返航点定位,导航定位,起飞点,ground_station_exam_cases.csv
gskill_ead46f687bf4,gsec_9c67fa1c38ad,qbank_7cb07e6ab374,实操题库_地面站考试条件_2026H1_空域限制或地形限制题型.txt_3,2026H1,2026H1,空域限制或地形限制题型,题型:空域限制或地形限制,题型,空域限制或地形限制题型,ground_station_exam_cases.csv
gskill_15949317d983,gsec_6846c0094f54,qbank_7cb07e6ab374,实操题库_地面站考试条件_2026H1_空域限制或地形限制题型.txt_4,2026H1,2026H1,空域限制或地形限制题型,经纬度换算,导航定位,经纬度;N:;E:;N;E,ground_station_exam_cases.csv
gskill_47b24bd75f04,gsec_6846c0094f54,qbank_7cb07e6ab374,实操题库_地面站考试条件_2026H1_空域限制或地形限制题型.txt_4,2026H1,2026H1,空域限制或地形限制题型,航向方位判断,导航定位,方位,ground_station_exam_cases.csv
gskill_e57408e74a53,gsec_6846c0094f54,qbank_7cb07e6ab374,实操题库_地面站考试条件_2026H1_空域限制或地形限制题型.txt_4,2026H1,2026H1,空域限制或地形限制题型,夹角计算,几何计算,∠,ground_station_exam_cases.csv
gskill_30030e6317bd,gsec_6846c0094f54,qbank_7cb07e6ab374,实操题库_地面站考试条件_2026H1_空域限制或地形限制题型.txt_4,2026H1,2026H1,空域限制或地形限制题型,空域地形限制处理,限制绕飞,地形;限制,ground_station_exam_cases.csv
gskill_238d89c248ef,gsec_6846c0094f54,qbank_7cb07e6ab374,实操题库_地面站考试条件_2026H1_空域限制或地形限制题型.txt_4,2026H1,2026H1,空域限制或地形限制题型,速度高度参数设置,参数设置,高度;速度;m/s,ground_station_exam_cases.csv
gskill_7cf3325f384a,gsec_6846c0094f54,qbank_7cb07e6ab374,实操题库_地面站考试条件_2026H1_空域限制或地形限制题型.txt_4,2026H1,2026H1,空域限制或地形限制题型,转弯停留循环设置,参数设置,转弯;停留;循环,ground_station_exam_cases.csv
gskill_d3c98e964e66,gsec_6846c0094f54,qbank_7cb07e6ab374,实操题库_地面站考试条件_2026H1_空域限制或地形限制题型.txt_4,2026H1,2026H1,空域限制或地形限制题型,几何图形航线规划,几何计算,五边形;边长,ground_station_exam_cases.csv
gskill_8daddb944638,gsec_6846c0094f54,qbank_7cb07e6ab374,实操题库_地面站考试条件_2026H1_空域限制或地形限制题型.txt_4,2026H1,2026H1,空域限制或地形限制题型,起飞返航点定位,导航定位,起飞点,ground_station_exam_cases.csv
gskill_8648c948fb36,gsec_6846c0094f54,qbank_7cb07e6ab374,实操题库_地面站考试条件_2026H1_空域限制或地形限制题型.txt_4,2026H1,2026H1,空域限制或地形限制题型,题型:空域限制或地形限制,题型,空域限制或地形限制题型,ground_station_exam_cases.csv
gskill_ac1f7e5bbf7e,gsec_7683a410334c,qbank_7cb07e6ab374,实操题库_地面站考试条件_2026H1_空域限制或地形限制题型.txt_5,2026H1,2026H1,空域限制或地形限制题型,经纬度换算,导航定位,经纬度;N:;E:;N;E,ground_station_exam_cases.csv
gskill_525d3ef94557,gsec_7683a410334c,qbank_7cb07e6ab374,实操题库_地面站考试条件_2026H1_空域限制或地形限制题型.txt_5,2026H1,2026H1,空域限制或地形限制题型,航向方位判断,导航定位,方位,ground_station_exam_cases.csv
gskill_b8c938295938,gsec_7683a410334c,qbank_7cb07e6ab374,实操题库_地面站考试条件_2026H1_空域限制或地形限制题型.txt_5,2026H1,2026H1,空域限制或地形限制题型,夹角计算,几何计算,∠,ground_station_exam_cases.csv
gskill_7fbfea32a0a5,gsec_7683a410334c,qbank_7cb07e6ab374,实操题库_地面站考试条件_2026H1_空域限制或地形限制题型.txt_5,2026H1,2026H1,空域限制或地形限制题型,空域地形限制处理,限制绕飞,地形;限制,ground_station_exam_cases.csv
gskill_54d0d062caa4,gsec_7683a410334c,qbank_7cb07e6ab374,实操题库_地面站考试条件_2026H1_空域限制或地形限制题型.txt_5,2026H1,2026H1,空域限制或地形限制题型,速度高度参数设置,参数设置,高度;速度;m/s,ground_station_exam_cases.csv
gskill_c556be2a9a2b,gsec_7683a410334c,qbank_7cb07e6ab374,实操题库_地面站考试条件_2026H1_空域限制或地形限制题型.txt_5,2026H1,2026H1,空域限制或地形限制题型,转弯停留循环设置,参数设置,转弯;循环,ground_station_exam_cases.csv
gskill_5b01347537f6,gsec_7683a410334c,qbank_7cb07e6ab374,实操题库_地面站考试条件_2026H1_空域限制或地形限制题型.txt_5,2026H1,2026H1,空域限制或地形限制题型,几何图形航线规划,几何计算,边长;图形,ground_station_exam_cases.csv
gskill_7fef7b75d642,gsec_7683a410334c,qbank_7cb07e6ab374,实操题库_地面站考试条件_2026H1_空域限制或地形限制题型.txt_5,2026H1,2026H1,空域限制或地形限制题型,起飞返航点定位,导航定位,起飞点,ground_station_exam_cases.csv
gskill_0decd7a27550,gsec_7683a410334c,qbank_7cb07e6ab374,实操题库_地面站考试条件_2026H1_空域限制或地形限制题型.txt_5,2026H1,2026H1,空域限制或地形限制题型,题型:空域限制或地形限制,题型,空域限制或地形限制题型,ground_station_exam_cases.csv
gskill_ea6a27d7c897,gsec_59ee935d87d8,qbank_7cb07e6ab374,实操题库_地面站考试条件_2026H1_空域限制或地形限制题型.txt_6,2026H1,2026H1,空域限制或地形限制题型,经纬度换算,导航定位,经纬度;N:;E:;N;E,ground_station_exam_cases.csv
gskill_ed8e4acd4ef8,gsec_59ee935d87d8,qbank_7cb07e6ab374,实操题库_地面站考试条件_2026H1_空域限制或地形限制题型.txt_6,2026H1,2026H1,空域限制或地形限制题型,航向方位判断,导航定位,方位,ground_station_exam_cases.csv
gskill_3dc4993ba87d,gsec_59ee935d87d8,qbank_7cb07e6ab374,实操题库_地面站考试条件_2026H1_空域限制或地形限制题型.txt_6,2026H1,2026H1,空域限制或地形限制题型,夹角计算,几何计算,∠,ground_station_exam_cases.csv
gskill_12f53c4c9b9f,gsec_59ee935d87d8,qbank_7cb07e6ab374,实操题库_地面站考试条件_2026H1_空域限制或地形限制题型.txt_6,2026H1,2026H1,空域限制或地形限制题型,空域地形限制处理,限制绕飞,地形;限制,ground_station_exam_cases.csv
gskill_75b6d6dea982,gsec_59ee935d87d8,qbank_7cb07e6ab374,实操题库_地面站考试条件_2026H1_空域限制或地形限制题型.txt_6,2026H1,2026H1,空域限制或地形限制题型,速度高度参数设置,参数设置,高度;速度;m/s,ground_station_exam_cases.csv
gskill_63ebbd0094a9,gsec_59ee935d87d8,qbank_7cb07e6ab374,实操题库_地面站考试条件_2026H1_空域限制或地形限制题型.txt_6,2026H1,2026H1,空域限制或地形限制题型,转弯停留循环设置,参数设置,转弯;停留;循环;闭合,ground_station_exam_cases.csv
gskill_24ac894c0d41,gsec_59ee935d87d8,qbank_7cb07e6ab374,实操题库_地面站考试条件_2026H1_空域限制或地形限制题型.txt_6,2026H1,2026H1,空域限制或地形限制题型,几何图形航线规划,几何计算,图形,ground_station_exam_cases.csv
gskill_3e85317cae4e,gsec_59ee935d87d8,qbank_7cb07e6ab374,实操题库_地面站考试条件_2026H1_空域限制或地形限制题型.txt_6,2026H1,2026H1,空域限制或地形限制题型,起飞返航点定位,导航定位,起飞点,ground_station_exam_cases.csv
gskill_825bfb3ccf71,gsec_59ee935d87d8,qbank_7cb07e6ab374,实操题库_地面站考试条件_2026H1_空域限制或地形限制题型.txt_6,2026H1,2026H1,空域限制或地形限制题型,题型:空域限制或地形限制,题型,空域限制或地形限制题型,ground_station_exam_cases.csv
gskill_c23e36fec749,gsec_ab44b8f2586d,qbank_7cb07e6ab374,实操题库_地面站考试条件_2026H1_空域限制或地形限制题型.txt_7,2026H1,2026H1,空域限制或地形限制题型,经纬度换算,导航定位,经纬度;N:;E:;N;E,ground_station_exam_cases.csv
gskill_0774650dc5c5,gsec_ab44b8f2586d,qbank_7cb07e6ab374,实操题库_地面站考试条件_2026H1_空域限制或地形限制题型.txt_7,2026H1,2026H1,空域限制或地形限制题型,航向方位判断,导航定位,航向;方位,ground_station_exam_cases.csv
gskill_cbe54ebd6156,gsec_ab44b8f2586d,qbank_7cb07e6ab374,实操题库_地面站考试条件_2026H1_空域限制或地形限制题型.txt_7,2026H1,2026H1,空域限制或地形限制题型,夹角计算,几何计算,角,ground_station_exam_cases.csv
gskill_c8118cd4b039,gsec_ab44b8f2586d,qbank_7cb07e6ab374,实操题库_地面站考试条件_2026H1_空域限制或地形限制题型.txt_7,2026H1,2026H1,空域限制或地形限制题型,空域地形限制处理,限制绕飞,空域;限制,ground_station_exam_cases.csv
gskill_b704901b3f4c,gsec_ab44b8f2586d,qbank_7cb07e6ab374,实操题库_地面站考试条件_2026H1_空域限制或地形限制题型.txt_7,2026H1,2026H1,空域限制或地形限制题型,速度高度参数设置,参数设置,高度;速度;m/s,ground_station_exam_cases.csv
gskill_2666770af178,gsec_ab44b8f2586d,qbank_7cb07e6ab374,实操题库_地面站考试条件_2026H1_空域限制或地形限制题型.txt_7,2026H1,2026H1,空域限制或地形限制题型,转弯停留循环设置,参数设置,转弯;停留;循环;闭合;不循环,ground_station_exam_cases.csv
gskill_bc8e413c6b46,gsec_ab44b8f2586d,qbank_7cb07e6ab374,实操题库_地面站考试条件_2026H1_空域限制或地形限制题型.txt_7,2026H1,2026H1,空域限制或地形限制题型,几何图形航线规划,几何计算,边长,ground_station_exam_cases.csv
gskill_2285b0f9cfda,gsec_ab44b8f2586d,qbank_7cb07e6ab374,实操题库_地面站考试条件_2026H1_空域限制或地形限制题型.txt_7,2026H1,2026H1,空域限制或地形限制题型,起飞返航点定位,导航定位,起飞点,ground_station_exam_cases.csv
gskill_bf18c4a7669b,gsec_ab44b8f2586d,qbank_7cb07e6ab374,实操题库_地面站考试条件_2026H1_空域限制或地形限制题型.txt_7,2026H1,2026H1,空域限制或地形限制题型,题型:空域限制或地形限制,题型,空域限制或地形限制题型,ground_station_exam_cases.csv
gskill_cda4d7052b20,gsec_0f789b340e20,qbank_7cb07e6ab374,实操题库_地面站考试条件_2026H1_空域限制或地形限制题型.txt_8,2026H1,2026H1,空域限制或地形限制题型,经纬度换算,导航定位,经纬度;N:;E:;N;E,ground_station_exam_cases.csv
gskill_34bb490c31b7,gsec_0f789b340e20,qbank_7cb07e6ab374,实操题库_地面站考试条件_2026H1_空域限制或地形限制题型.txt_8,2026H1,2026H1,空域限制或地形限制题型,航向方位判断,导航定位,航向;正东,ground_station_exam_cases.csv
gskill_d1bd853d47a7,gsec_0f789b340e20,qbank_7cb07e6ab374,实操题库_地面站考试条件_2026H1_空域限制或地形限制题型.txt_8,2026H1,2026H1,空域限制或地形限制题型,夹角计算,几何计算,角,ground_station_exam_cases.csv
gskill_d964a5589101,gsec_0f789b340e20,qbank_7cb07e6ab374,实操题库_地面站考试条件_2026H1_空域限制或地形限制题型.txt_8,2026H1,2026H1,空域限制或地形限制题型,空域地形限制处理,限制绕飞,限制,ground_station_exam_cases.csv
gskill_641f8c640ed1,gsec_0f789b340e20,qbank_7cb07e6ab374,实操题库_地面站考试条件_2026H1_空域限制或地形限制题型.txt_8,2026H1,2026H1,空域限制或地形限制题型,速度高度参数设置,参数设置,高度;速度;m/s,ground_station_exam_cases.csv
gskill_c1b16319e5be,gsec_0f789b340e20,qbank_7cb07e6ab374,实操题库_地面站考试条件_2026H1_空域限制或地形限制题型.txt_8,2026H1,2026H1,空域限制或地形限制题型,转弯停留循环设置,参数设置,转弯;停留,ground_station_exam_cases.csv
gskill_0ced53413532,gsec_0f789b340e20,qbank_7cb07e6ab374,实操题库_地面站考试条件_2026H1_空域限制或地形限制题型.txt_8,2026H1,2026H1,空域限制或地形限制题型,几何图形航线规划,几何计算,三角形;边长,ground_station_exam_cases.csv
gskill_5e162bfed638,gsec_0f789b340e20,qbank_7cb07e6ab374,实操题库_地面站考试条件_2026H1_空域限制或地形限制题型.txt_8,2026H1,2026H1,空域限制或地形限制题型,起飞返航点定位,导航定位,起飞点,ground_station_exam_cases.csv
gskill_9cbde10e1788,gsec_0f789b340e20,qbank_7cb07e6ab374,实操题库_地面站考试条件_2026H1_空域限制或地形限制题型.txt_8,2026H1,2026H1,空域限制或地形限制题型,题型:空域限制或地形限制,题型,空域限制或地形限制题型,ground_station_exam_cases.csv
gskill_e881fa5e1640,gsec_2fb3f13d611b,qbank_7cb07e6ab374,实操题库_地面站考试条件_2026H1_空域限制或地形限制题型.txt_9,2026H1,2026H1,空域限制或地形限制题型,经纬度换算,导航定位,E,ground_station_exam_cases.csv
gskill_189f3f48657c,gsec_2fb3f13d611b,qbank_7cb07e6ab374,实操题库_地面站考试条件_2026H1_空域限制或地形限制题型.txt_9,2026H1,2026H1,空域限制或地形限制题型,航向方位判断,导航定位,航向;SE;SW,ground_station_exam_cases.csv
gskill_18db52e8f0fa,gsec_2fb3f13d611b,qbank_7cb07e6ab374,实操题库_地面站考试条件_2026H1_空域限制或地形限制题型.txt_9,2026H1,2026H1,空域限制或地形限制题型,夹角计算,几何计算,角,ground_station_exam_cases.csv
gskill_3bb4770fa460,gsec_2fb3f13d611b,qbank_7cb07e6ab374,实操题库_地面站考试条件_2026H1_空域限制或地形限制题型.txt_9,2026H1,2026H1,空域限制或地形限制题型,空域地形限制处理,限制绕飞,空域;限制,ground_station_exam_cases.csv
gskill_c951bc0081d1,gsec_2fb3f13d611b,qbank_7cb07e6ab374,实操题库_地面站考试条件_2026H1_空域限制或地形限制题型.txt_9,2026H1,2026H1,空域限制或地形限制题型,速度高度参数设置,参数设置,高度;速度;m/s,ground_station_exam_cases.csv
gskill_39a2d7417985,gsec_2fb3f13d611b,qbank_7cb07e6ab374,实操题库_地面站考试条件_2026H1_空域限制或地形限制题型.txt_9,2026H1,2026H1,空域限制或地形限制题型,转弯停留循环设置,参数设置,转弯;停留;循环;闭合,ground_station_exam_cases.csv
gskill_abfdb1e019b4,gsec_2fb3f13d611b,qbank_7cb07e6ab374,实操题库_地面站考试条件_2026H1_空域限制或地形限制题型.txt_9,2026H1,2026H1,空域限制或地形限制题型,几何图形航线规划,几何计算,三角形;边长,ground_station_exam_cases.csv
gskill_5f951d5ffd78,gsec_2fb3f13d611b,qbank_7cb07e6ab374,实操题库_地面站考试条件_2026H1_空域限制或地形限制题型.txt_9,2026H1,2026H1,空域限制或地形限制题型,起飞返航点定位,导航定位,起飞点,ground_station_exam_cases.csv
gskill_b4eb509f8d75,gsec_2fb3f13d611b,qbank_7cb07e6ab374,实操题库_地面站考试条件_2026H1_空域限制或地形限制题型.txt_9,2026H1,2026H1,空域限制或地形限制题型,题型:空域限制或地形限制,题型,空域限制或地形限制题型,ground_station_exam_cases.csv
gskill_041c07f19b18,gsec_999d919289d7,qbank_7cb07e6ab374,实操题库_地面站考试条件_2026H1_空域限制或地形限制题型.txt_10,2026H1,2026H1,空域限制或地形限制题型,经纬度换算,导航定位,经纬度;N:;E:;N;E,ground_station_exam_cases.csv
gskill_4ce568ac2ec9,gsec_999d919289d7,qbank_7cb07e6ab374,实操题库_地面站考试条件_2026H1_空域限制或地形限制题型.txt_10,2026H1,2026H1,空域限制或地形限制题型,航向方位判断,导航定位,航向,ground_station_exam_cases.csv
gskill_e09ea172ef61,gsec_999d919289d7,qbank_7cb07e6ab374,实操题库_地面站考试条件_2026H1_空域限制或地形限制题型.txt_10,2026H1,2026H1,空域限制或地形限制题型,夹角计算,几何计算,角,ground_station_exam_cases.csv
gskill_b477b3a67d66,gsec_999d919289d7,qbank_7cb07e6ab374,实操题库_地面站考试条件_2026H1_空域限制或地形限制题型.txt_10,2026H1,2026H1,空域限制或地形限制题型,空域地形限制处理,限制绕飞,空域;限制,ground_station_exam_cases.csv
gskill_700fbfc62dd8,gsec_999d919289d7,qbank_7cb07e6ab374,实操题库_地面站考试条件_2026H1_空域限制或地形限制题型.txt_10,2026H1,2026H1,空域限制或地形限制题型,速度高度参数设置,参数设置,高度;速度;m/s,ground_station_exam_cases.csv
gskill_649e420042fe,gsec_999d919289d7,qbank_7cb07e6ab374,实操题库_地面站考试条件_2026H1_空域限制或地形限制题型.txt_10,2026H1,2026H1,空域限制或地形限制题型,转弯停留循环设置,参数设置,转弯;停留;循环;闭合;不循环,ground_station_exam_cases.csv
gskill_1d6048669f3f,gsec_999d919289d7,qbank_7cb07e6ab374,实操题库_地面站考试条件_2026H1_空域限制或地形限制题型.txt_10,2026H1,2026H1,空域限制或地形限制题型,几何图形航线规划,几何计算,边长,ground_station_exam_cases.csv
gskill_0acdbd63142f,gsec_999d919289d7,qbank_7cb07e6ab374,实操题库_地面站考试条件_2026H1_空域限制或地形限制题型.txt_10,2026H1,2026H1,空域限制或地形限制题型,起飞返航点定位,导航定位,起飞点,ground_station_exam_cases.csv
gskill_b4687a4a26ff,gsec_999d919289d7,qbank_7cb07e6ab374,实操题库_地面站考试条件_2026H1_空域限制或地形限制题型.txt_10,2026H1,2026H1,空域限制或地形限制题型,题型:空域限制或地形限制,题型,空域限制或地形限制题型,ground_station_exam_cases.csv
gskill_cf57d9090ec4,gsec_7101a2317192,qbank_7cb07e6ab374,实操题库_地面站考试条件_2026H1_空域限制或地形限制题型.txt_11,2026H1,2026H1,空域限制或地形限制题型,经纬度换算,导航定位,经纬度;E:;N;E,ground_station_exam_cases.csv
gskill_6d5d430d0cd7,gsec_7101a2317192,qbank_7cb07e6ab374,实操题库_地面站考试条件_2026H1_空域限制或地形限制题型.txt_11,2026H1,2026H1,空域限制或地形限制题型,航向方位判断,导航定位,航向,ground_station_exam_cases.csv
gskill_2dfb33c2c950,gsec_7101a2317192,qbank_7cb07e6ab374,实操题库_地面站考试条件_2026H1_空域限制或地形限制题型.txt_11,2026H1,2026H1,空域限制或地形限制题型,夹角计算,几何计算,角,ground_station_exam_cases.csv
gskill_b8e35c39c373,gsec_7101a2317192,qbank_7cb07e6ab374,实操题库_地面站考试条件_2026H1_空域限制或地形限制题型.txt_11,2026H1,2026H1,空域限制或地形限制题型,空域地形限制处理,限制绕飞,空域;限制,ground_station_exam_cases.csv
gskill_ecf38ac8d452,gsec_7101a2317192,qbank_7cb07e6ab374,实操题库_地面站考试条件_2026H1_空域限制或地形限制题型.txt_11,2026H1,2026H1,空域限制或地形限制题型,速度高度参数设置,参数设置,高度;速度;m/s,ground_station_exam_cases.csv
gskill_db8319436059,gsec_7101a2317192,qbank_7cb07e6ab374,实操题库_地面站考试条件_2026H1_空域限制或地形限制题型.txt_11,2026H1,2026H1,空域限制或地形限制题型,转弯停留循环设置,参数设置,转弯;循环;闭合;不循环,ground_station_exam_cases.csv
gskill_70680b341dba,gsec_7101a2317192,qbank_7cb07e6ab374,实操题库_地面站考试条件_2026H1_空域限制或地形限制题型.txt_11,2026H1,2026H1,空域限制或地形限制题型,几何图形航线规划,几何计算,边长,ground_station_exam_cases.csv
gskill_8d5206b300fa,gsec_7101a2317192,qbank_7cb07e6ab374,实操题库_地面站考试条件_2026H1_空域限制或地形限制题型.txt_11,2026H1,2026H1,空域限制或地形限制题型,起飞返航点定位,导航定位,起飞点,ground_station_exam_cases.csv
gskill_ddfb9bd26d33,gsec_7101a2317192,qbank_7cb07e6ab374,实操题库_地面站考试条件_2026H1_空域限制或地形限制题型.txt_11,2026H1,2026H1,空域限制或地形限制题型,题型:空域限制或地形限制,题型,空域限制或地形限制题型,ground_station_exam_cases.csv
gskill_6319f45fcd13,gsec_6e781c206b94,qbank_7cb07e6ab374,实操题库_地面站考试条件_2026H1_空域限制或地形限制题型.txt_12,2026H1,2026H1,空域限制或地形限制题型,经纬度换算,导航定位,经纬度;N:;E:;N;E,ground_station_exam_cases.csv
gskill_5a70e15c4755,gsec_6e781c206b94,qbank_7cb07e6ab374,实操题库_地面站考试条件_2026H1_空域限制或地形限制题型.txt_12,2026H1,2026H1,空域限制或地形限制题型,航向方位判断,导航定位,航向;正西;正南,ground_station_exam_cases.csv
gskill_2c99dcd67409,gsec_6e781c206b94,qbank_7cb07e6ab374,实操题库_地面站考试条件_2026H1_空域限制或地形限制题型.txt_12,2026H1,2026H1,空域限制或地形限制题型,夹角计算,几何计算,角,ground_station_exam_cases.csv
gskill_d16ebb0f2e0c,gsec_6e781c206b94,qbank_7cb07e6ab374,实操题库_地面站考试条件_2026H1_空域限制或地形限制题型.txt_12,2026H1,2026H1,空域限制或地形限制题型,空域地形限制处理,限制绕飞,空域;限制,ground_station_exam_cases.csv
gskill_431c941675c9,gsec_6e781c206b94,qbank_7cb07e6ab374,实操题库_地面站考试条件_2026H1_空域限制或地形限制题型.txt_12,2026H1,2026H1,空域限制或地形限制题型,速度高度参数设置,参数设置,高度;速度;m/s,ground_station_exam_cases.csv
gskill_c9cdd8a2eadb,gsec_6e781c206b94,qbank_7cb07e6ab374,实操题库_地面站考试条件_2026H1_空域限制或地形限制题型.txt_12,2026H1,2026H1,空域限制或地形限制题型,转弯停留循环设置,参数设置,转弯;循环,ground_station_exam_cases.csv
gskill_459c5acfea61,gsec_6e781c206b94,qbank_7cb07e6ab374,实操题库_地面站考试条件_2026H1_空域限制或地形限制题型.txt_12,2026H1,2026H1,空域限制或地形限制题型,几何图形航线规划,几何计算,边长,ground_station_exam_cases.csv
gskill_21fb7bc9024c,gsec_6e781c206b94,qbank_7cb07e6ab374,实操题库_地面站考试条件_2026H1_空域限制或地形限制题型.txt_12,2026H1,2026H1,空域限制或地形限制题型,起飞返航点定位,导航定位,起飞点,ground_station_exam_cases.csv
gskill_5e3ecaf0cced,gsec_6e781c206b94,qbank_7cb07e6ab374,实操题库_地面站考试条件_2026H1_空域限制或地形限制题型.txt_12,2026H1,2026H1,空域限制或地形限制题型,题型:空域限制或地形限制,题型,空域限制或地形限制题型,ground_station_exam_cases.csv
gskill_eb1acd8965dd,gsec_44c8608f49fc,qbank_7cb07e6ab374,实操题库_地面站考试条件_2026H1_空域限制或地形限制题型.txt_13,2026H1,2026H1,空域限制或地形限制题型,经纬度换算,导航定位,经纬度;N:;E:;N;E,ground_station_exam_cases.csv
gskill_1d9e417a2411,gsec_44c8608f49fc,qbank_7cb07e6ab374,实操题库_地面站考试条件_2026H1_空域限制或地形限制题型.txt_13,2026H1,2026H1,空域限制或地形限制题型,航向方位判断,导航定位,航向,ground_station_exam_cases.csv
gskill_cebbb8fb501e,gsec_44c8608f49fc,qbank_7cb07e6ab374,实操题库_地面站考试条件_2026H1_空域限制或地形限制题型.txt_13,2026H1,2026H1,空域限制或地形限制题型,夹角计算,几何计算,角,ground_station_exam_cases.csv
gskill_cc974f9dc0de,gsec_44c8608f49fc,qbank_7cb07e6ab374,实操题库_地面站考试条件_2026H1_空域限制或地形限制题型.txt_13,2026H1,2026H1,空域限制或地形限制题型,空域地形限制处理,限制绕飞,空域;限制,ground_station_exam_cases.csv
gskill_c13d44df86a7,gsec_44c8608f49fc,qbank_7cb07e6ab374,实操题库_地面站考试条件_2026H1_空域限制或地形限制题型.txt_13,2026H1,2026H1,空域限制或地形限制题型,速度高度参数设置,参数设置,高度;速度;m/s,ground_station_exam_cases.csv
gskill_2a4e049198d2,gsec_44c8608f49fc,qbank_7cb07e6ab374,实操题库_地面站考试条件_2026H1_空域限制或地形限制题型.txt_13,2026H1,2026H1,空域限制或地形限制题型,转弯停留循环设置,参数设置,转弯;停留;循环;闭合;不循环,ground_station_exam_cases.csv
gskill_efdae3d9c096,gsec_44c8608f49fc,qbank_7cb07e6ab374,实操题库_地面站考试条件_2026H1_空域限制或地形限制题型.txt_13,2026H1,2026H1,空域限制或地形限制题型,几何图形航线规划,几何计算,边长,ground_station_exam_cases.csv
gskill_971c86a4d12d,gsec_44c8608f49fc,qbank_7cb07e6ab374,实操题库_地面站考试条件_2026H1_空域限制或地形限制题型.txt_13,2026H1,2026H1,空域限制或地形限制题型,起飞返航点定位,导航定位,起飞点,ground_station_exam_cases.csv
gskill_93222dbddfac,gsec_44c8608f49fc,qbank_7cb07e6ab374,实操题库_地面站考试条件_2026H1_空域限制或地形限制题型.txt_13,2026H1,2026H1,空域限制或地形限制题型,题型:空域限制或地形限制,题型,空域限制或地形限制题型,ground_station_exam_cases.csv
gskill_cfb0e0a01eef,gsec_f6594ae89999,qbank_7cb07e6ab374,实操题库_地面站考试条件_2026H1_空域限制或地形限制题型.txt_14,2026H1,2026H1,空域限制或地形限制题型,经纬度换算,导航定位,经纬度;N:;E:;N;E,ground_station_exam_cases.csv
gskill_7df041d1c75a,gsec_f6594ae89999,qbank_7cb07e6ab374,实操题库_地面站考试条件_2026H1_空域限制或地形限制题型.txt_14,2026H1,2026H1,空域限制或地形限制题型,航向方位判断,导航定位,航向;NW;SW,ground_station_exam_cases.csv
gskill_4948731d8348,gsec_f6594ae89999,qbank_7cb07e6ab374,实操题库_地面站考试条件_2026H1_空域限制或地形限制题型.txt_14,2026H1,2026H1,空域限制或地形限制题型,空域地形限制处理,限制绕飞,空域;限制,ground_station_exam_cases.csv
gskill_70155f6f9b9c,gsec_f6594ae89999,qbank_7cb07e6ab374,实操题库_地面站考试条件_2026H1_空域限制或地形限制题型.txt_14,2026H1,2026H1,空域限制或地形限制题型,速度高度参数设置,参数设置,高度;速度;m/s,ground_station_exam_cases.csv
gskill_f2edf36fc1b3,gsec_f6594ae89999,qbank_7cb07e6ab374,实操题库_地面站考试条件_2026H1_空域限制或地形限制题型.txt_14,2026H1,2026H1,空域限制或地形限制题型,转弯停留循环设置,参数设置,转弯;停留;循环;闭合,ground_station_exam_cases.csv
gskill_0abb104c01e8,gsec_f6594ae89999,qbank_7cb07e6ab374,实操题库_地面站考试条件_2026H1_空域限制或地形限制题型.txt_14,2026H1,2026H1,空域限制或地形限制题型,几何图形航线规划,几何计算,六边形;边长,ground_station_exam_cases.csv
gskill_4d9589040ff1,gsec_f6594ae89999,qbank_7cb07e6ab374,实操题库_地面站考试条件_2026H1_空域限制或地形限制题型.txt_14,2026H1,2026H1,空域限制或地形限制题型,起飞返航点定位,导航定位,起飞点,ground_station_exam_cases.csv
gskill_89036bfe84c5,gsec_f6594ae89999,qbank_7cb07e6ab374,实操题库_地面站考试条件_2026H1_空域限制或地形限制题型.txt_14,2026H1,2026H1,空域限制或地形限制题型,题型:空域限制或地形限制,题型,空域限制或地形限制题型,ground_station_exam_cases.csv
gskill_d2d5b1acccff,gsec_ac6f5706990d,qbank_7cb07e6ab374,实操题库_地面站考试条件_2026H1_空域限制或地形限制题型.txt_15,2026H1,2026H1,空域限制或地形限制题型,经纬度换算,导航定位,经纬度;N:;E:;N;E,ground_station_exam_cases.csv
gskill_0fab3264031f,gsec_ac6f5706990d,qbank_7cb07e6ab374,实操题库_地面站考试条件_2026H1_空域限制或地形限制题型.txt_15,2026H1,2026H1,空域限制或地形限制题型,航向方位判断,导航定位,航向;NE;NW,ground_station_exam_cases.csv
gskill_9469358acc6b,gsec_ac6f5706990d,qbank_7cb07e6ab374,实操题库_地面站考试条件_2026H1_空域限制或地形限制题型.txt_15,2026H1,2026H1,空域限制或地形限制题型,空域地形限制处理,限制绕飞,限制,ground_station_exam_cases.csv
gskill_b728a22fe981,gsec_ac6f5706990d,qbank_7cb07e6ab374,实操题库_地面站考试条件_2026H1_空域限制或地形限制题型.txt_15,2026H1,2026H1,空域限制或地形限制题型,速度高度参数设置,参数设置,高度;速度;m/s,ground_station_exam_cases.csv
gskill_f39ad749bad0,gsec_ac6f5706990d,qbank_7cb07e6ab374,实操题库_地面站考试条件_2026H1_空域限制或地形限制题型.txt_15,2026H1,2026H1,空域限制或地形限制题型,转弯停留循环设置,参数设置,转弯;停留;循环;闭合,ground_station_exam_cases.csv
gskill_2f194de34f69,gsec_ac6f5706990d,qbank_7cb07e6ab374,实操题库_地面站考试条件_2026H1_空域限制或地形限制题型.txt_15,2026H1,2026H1,空域限制或地形限制题型,几何图形航线规划,几何计算,六边形;边长,ground_station_exam_cases.csv
gskill_80d188f8c145,gsec_ac6f5706990d,qbank_7cb07e6ab374,实操题库_地面站考试条件_2026H1_空域限制或地形限制题型.txt_15,2026H1,2026H1,空域限制或地形限制题型,起飞返航点定位,导航定位,起飞点,ground_station_exam_cases.csv
gskill_4edc0eea3031,gsec_ac6f5706990d,qbank_7cb07e6ab374,实操题库_地面站考试条件_2026H1_空域限制或地形限制题型.txt_15,2026H1,2026H1,空域限制或地形限制题型,题型:空域限制或地形限制,题型,空域限制或地形限制题型,ground_station_exam_cases.csv
gskill_df4f7829e9e5,gsec_cf6028386806,qbank_7cb07e6ab374,实操题库_地面站考试条件_2026H1_空域限制或地形限制题型.txt_16,2026H1,2026H1,空域限制或地形限制题型,经纬度换算,导航定位,经纬度;N:;E:;N;E,ground_station_exam_cases.csv
gskill_0a73f6e6c924,gsec_cf6028386806,qbank_7cb07e6ab374,实操题库_地面站考试条件_2026H1_空域限制或地形限制题型.txt_16,2026H1,2026H1,空域限制或地形限制题型,航向方位判断,导航定位,航向;NE;NW;SE,ground_station_exam_cases.csv
gskill_4f050d26527a,gsec_cf6028386806,qbank_7cb07e6ab374,实操题库_地面站考试条件_2026H1_空域限制或地形限制题型.txt_16,2026H1,2026H1,空域限制或地形限制题型,空域地形限制处理,限制绕飞,空域;限制,ground_station_exam_cases.csv
gskill_a5edccc47723,gsec_cf6028386806,qbank_7cb07e6ab374,实操题库_地面站考试条件_2026H1_空域限制或地形限制题型.txt_16,2026H1,2026H1,空域限制或地形限制题型,速度高度参数设置,参数设置,高度;速度;m/s,ground_station_exam_cases.csv
gskill_9726241f5d5c,gsec_cf6028386806,qbank_7cb07e6ab374,实操题库_地面站考试条件_2026H1_空域限制或地形限制题型.txt_16,2026H1,2026H1,空域限制或地形限制题型,转弯停留循环设置,参数设置,转弯;停留;循环;闭合,ground_station_exam_cases.csv
gskill_2bd75944188e,gsec_cf6028386806,qbank_7cb07e6ab374,实操题库_地面站考试条件_2026H1_空域限制或地形限制题型.txt_16,2026H1,2026H1,空域限制或地形限制题型,几何图形航线规划,几何计算,边长,ground_station_exam_cases.csv
gskill_c18dd01ba4e0,gsec_cf6028386806,qbank_7cb07e6ab374,实操题库_地面站考试条件_2026H1_空域限制或地形限制题型.txt_16,2026H1,2026H1,空域限制或地形限制题型,起飞返航点定位,导航定位,起飞点,ground_station_exam_cases.csv
gskill_ce48f64e766b,gsec_cf6028386806,qbank_7cb07e6ab374,实操题库_地面站考试条件_2026H1_空域限制或地形限制题型.txt_16,2026H1,2026H1,空域限制或地形限制题型,题型:空域限制或地形限制,题型,空域限制或地形限制题型,ground_station_exam_cases.csv
gskill_ea8003eb9d33,gsec_9adaea89ccce,qbank_7cb07e6ab374,实操题库_地面站考试条件_2026H1_空域限制或地形限制题型.txt_17,2026H1,2026H1,空域限制或地形限制题型,经纬度换算,导航定位,经纬度;N:;E:;N;E,ground_station_exam_cases.csv
gskill_5c8445c85898,gsec_9adaea89ccce,qbank_7cb07e6ab374,实操题库_地面站考试条件_2026H1_空域限制或地形限制题型.txt_17,2026H1,2026H1,空域限制或地形限制题型,航向方位判断,导航定位,航向;方位,ground_station_exam_cases.csv
gskill_8d795b5e4ff3,gsec_9adaea89ccce,qbank_7cb07e6ab374,实操题库_地面站考试条件_2026H1_空域限制或地形限制题型.txt_17,2026H1,2026H1,空域限制或地形限制题型,夹角计算,几何计算,角,ground_station_exam_cases.csv
gskill_3e49aa589e31,gsec_9adaea89ccce,qbank_7cb07e6ab374,实操题库_地面站考试条件_2026H1_空域限制或地形限制题型.txt_17,2026H1,2026H1,空域限制或地形限制题型,空域地形限制处理,限制绕飞,空域;限制,ground_station_exam_cases.csv
gskill_42af8f2346cb,gsec_9adaea89ccce,qbank_7cb07e6ab374,实操题库_地面站考试条件_2026H1_空域限制或地形限制题型.txt_17,2026H1,2026H1,空域限制或地形限制题型,速度高度参数设置,参数设置,高度;速度;m/s,ground_station_exam_cases.csv
gskill_45a5a85bb624,gsec_9adaea89ccce,qbank_7cb07e6ab374,实操题库_地面站考试条件_2026H1_空域限制或地形限制题型.txt_17,2026H1,2026H1,空域限制或地形限制题型,转弯停留循环设置,参数设置,转弯;循环;闭合;不循环,ground_station_exam_cases.csv
gskill_5f647b5938ea,gsec_9adaea89ccce,qbank_7cb07e6ab374,实操题库_地面站考试条件_2026H1_空域限制或地形限制题型.txt_17,2026H1,2026H1,空域限制或地形限制题型,几何图形航线规划,几何计算,边长,ground_station_exam_cases.csv
gskill_8f5c490d8d20,gsec_9adaea89ccce,qbank_7cb07e6ab374,实操题库_地面站考试条件_2026H1_空域限制或地形限制题型.txt_17,2026H1,2026H1,空域限制或地形限制题型,起飞返航点定位,导航定位,起飞点,ground_station_exam_cases.csv
gskill_5146d32e3cd5,gsec_9adaea89ccce,qbank_7cb07e6ab374,实操题库_地面站考试条件_2026H1_空域限制或地形限制题型.txt_17,2026H1,2026H1,空域限制或地形限制题型,题型:空域限制或地形限制,题型,空域限制或地形限制题型,ground_station_exam_cases.csv
gskill_7432807e65bc,gsec_73bc2ca7a262,qbank_7cb07e6ab374,实操题库_地面站考试条件_2026H1_空域限制或地形限制题型.txt_18,2026H1,2026H1,空域限制或地形限制题型,经纬度换算,导航定位,经纬度;N:;E:;N;E,ground_station_exam_cases.csv
gskill_68ad3ca04375,gsec_73bc2ca7a262,qbank_7cb07e6ab374,实操题库_地面站考试条件_2026H1_空域限制或地形限制题型.txt_18,2026H1,2026H1,空域限制或地形限制题型,航向方位判断,导航定位,航向;方位,ground_station_exam_cases.csv
gskill_592d43eea9c6,gsec_73bc2ca7a262,qbank_7cb07e6ab374,实操题库_地面站考试条件_2026H1_空域限制或地形限制题型.txt_18,2026H1,2026H1,空域限制或地形限制题型,夹角计算,几何计算,角,ground_station_exam_cases.csv
gskill_4773d8a515ca,gsec_73bc2ca7a262,qbank_7cb07e6ab374,实操题库_地面站考试条件_2026H1_空域限制或地形限制题型.txt_18,2026H1,2026H1,空域限制或地形限制题型,空域地形限制处理,限制绕飞,空域;限制,ground_station_exam_cases.csv
gskill_823a61bcd1b1,gsec_73bc2ca7a262,qbank_7cb07e6ab374,实操题库_地面站考试条件_2026H1_空域限制或地形限制题型.txt_18,2026H1,2026H1,空域限制或地形限制题型,速度高度参数设置,参数设置,高度;速度;m/s,ground_station_exam_cases.csv
gskill_c38621f35b6e,gsec_73bc2ca7a262,qbank_7cb07e6ab374,实操题库_地面站考试条件_2026H1_空域限制或地形限制题型.txt_18,2026H1,2026H1,空域限制或地形限制题型,转弯停留循环设置,参数设置,转弯;停留;循环;闭合;不循环,ground_station_exam_cases.csv
gskill_da31461de18b,gsec_73bc2ca7a262,qbank_7cb07e6ab374,实操题库_地面站考试条件_2026H1_空域限制或地形限制题型.txt_18,2026H1,2026H1,空域限制或地形限制题型,几何图形航线规划,几何计算,边长,ground_station_exam_cases.csv
gskill_705b1178c7e8,gsec_73bc2ca7a262,qbank_7cb07e6ab374,实操题库_地面站考试条件_2026H1_空域限制或地形限制题型.txt_18,2026H1,2026H1,空域限制或地形限制题型,起飞返航点定位,导航定位,起飞点,ground_station_exam_cases.csv
gskill_3efc68928f51,gsec_73bc2ca7a262,qbank_7cb07e6ab374,实操题库_地面站考试条件_2026H1_空域限制或地形限制题型.txt_18,2026H1,2026H1,空域限制或地形限制题型,题型:空域限制或地形限制,题型,空域限制或地形限制题型,ground_station_exam_cases.csv
gskill_11494a5568a7,gsec_d34877b6f3b4,qbank_7cb07e6ab374,实操题库_地面站考试条件_2026H1_空域限制或地形限制题型.txt_19,2026H1,2026H1,空域限制或地形限制题型,经纬度换算,导航定位,经纬度;N:;E:;N;E,ground_station_exam_cases.csv
gskill_bcca9fbefd66,gsec_d34877b6f3b4,qbank_7cb07e6ab374,实操题库_地面站考试条件_2026H1_空域限制或地形限制题型.txt_19,2026H1,2026H1,空域限制或地形限制题型,航向方位判断,导航定位,航向;SE;SW,ground_station_exam_cases.csv
gskill_e1df034eb149,gsec_d34877b6f3b4,qbank_7cb07e6ab374,实操题库_地面站考试条件_2026H1_空域限制或地形限制题型.txt_19,2026H1,2026H1,空域限制或地形限制题型,夹角计算,几何计算,角,ground_station_exam_cases.csv
gskill_b58638e83ee5,gsec_d34877b6f3b4,qbank_7cb07e6ab374,实操题库_地面站考试条件_2026H1_空域限制或地形限制题型.txt_19,2026H1,2026H1,空域限制或地形限制题型,空域地形限制处理,限制绕飞,空域;限制,ground_station_exam_cases.csv
gskill_21a2651fab87,gsec_d34877b6f3b4,qbank_7cb07e6ab374,实操题库_地面站考试条件_2026H1_空域限制或地形限制题型.txt_19,2026H1,2026H1,空域限制或地形限制题型,速度高度参数设置,参数设置,高度;速度;m/s,ground_station_exam_cases.csv
gskill_60a2f29aa812,gsec_d34877b6f3b4,qbank_7cb07e6ab374,实操题库_地面站考试条件_2026H1_空域限制或地形限制题型.txt_19,2026H1,2026H1,空域限制或地形限制题型,转弯停留循环设置,参数设置,转弯;停留;循环;闭合,ground_station_exam_cases.csv
gskill_c4034736fc46,gsec_d34877b6f3b4,qbank_7cb07e6ab374,实操题库_地面站考试条件_2026H1_空域限制或地形限制题型.txt_19,2026H1,2026H1,空域限制或地形限制题型,几何图形航线规划,几何计算,三角形;边长,ground_station_exam_cases.csv
gskill_61ed588b0924,gsec_d34877b6f3b4,qbank_7cb07e6ab374,实操题库_地面站考试条件_2026H1_空域限制或地形限制题型.txt_19,2026H1,2026H1,空域限制或地形限制题型,起飞返航点定位,导航定位,起飞点,ground_station_exam_cases.csv
gskill_ed5f84a6ad14,gsec_d34877b6f3b4,qbank_7cb07e6ab374,实操题库_地面站考试条件_2026H1_空域限制或地形限制题型.txt_19,2026H1,2026H1,空域限制或地形限制题型,题型:空域限制或地形限制,题型,空域限制或地形限制题型,ground_station_exam_cases.csv
gskill_9c00c59380d3,gsec_91d461593266,qbank_7cb07e6ab374,实操题库_地面站考试条件_2026H1_空域限制或地形限制题型.txt_20,2026H1,2026H1,空域限制或地形限制题型,经纬度换算,导航定位,经纬度;N:;E:;N;E,ground_station_exam_cases.csv
gskill_7cf2e99a0aa1,gsec_91d461593266,qbank_7cb07e6ab374,实操题库_地面站考试条件_2026H1_空域限制或地形限制题型.txt_20,2026H1,2026H1,空域限制或地形限制题型,夹角计算,几何计算,角,ground_station_exam_cases.csv
gskill_05f67399fa47,gsec_91d461593266,qbank_7cb07e6ab374,实操题库_地面站考试条件_2026H1_空域限制或地形限制题型.txt_20,2026H1,2026H1,空域限制或地形限制题型,空域地形限制处理,限制绕飞,空域;限制,ground_station_exam_cases.csv
gskill_9337148fc8fd,gsec_91d461593266,qbank_7cb07e6ab374,实操题库_地面站考试条件_2026H1_空域限制或地形限制题型.txt_20,2026H1,2026H1,空域限制或地形限制题型,速度高度参数设置,参数设置,高度;速度;m/s,ground_station_exam_cases.csv
gskill_4cdf48b1e820,gsec_91d461593266,qbank_7cb07e6ab374,实操题库_地面站考试条件_2026H1_空域限制或地形限制题型.txt_20,2026H1,2026H1,空域限制或地形限制题型,转弯停留循环设置,参数设置,转弯;停留;循环;闭合;不循环,ground_station_exam_cases.csv
gskill_9429bd0be1e6,gsec_91d461593266,qbank_7cb07e6ab374,实操题库_地面站考试条件_2026H1_空域限制或地形限制题型.txt_20,2026H1,2026H1,空域限制或地形限制题型,几何图形航线规划,几何计算,边长,ground_station_exam_cases.csv
gskill_201e3ff44ce4,gsec_91d461593266,qbank_7cb07e6ab374,实操题库_地面站考试条件_2026H1_空域限制或地形限制题型.txt_20,2026H1,2026H1,空域限制或地形限制题型,起飞返航点定位,导航定位,起飞点,ground_station_exam_cases.csv
gskill_3ebaa6eb9264,gsec_91d461593266,qbank_7cb07e6ab374,实操题库_地面站考试条件_2026H1_空域限制或地形限制题型.txt_20,2026H1,2026H1,空域限制或地形限制题型,题型:空域限制或地形限制,题型,空域限制或地形限制题型,ground_station_exam_cases.csv
gskill_6b002842a113,gsec_b7052911b7e1,qbank_7cb07e6ab374,实操题库_地面站考试条件_2026H1_空域限制或地形限制题型.txt_21,2026H1,2026H1,空域限制或地形限制题型,经纬度换算,导航定位,经纬度;N:;E:;N;E,ground_station_exam_cases.csv
gskill_3e44c3c0727d,gsec_b7052911b7e1,qbank_7cb07e6ab374,实操题库_地面站考试条件_2026H1_空域限制或地形限制题型.txt_21,2026H1,2026H1,空域限制或地形限制题型,航向方位判断,导航定位,航向;方位;正南;NE,ground_station_exam_cases.csv
gskill_c9361ed96fa9,gsec_b7052911b7e1,qbank_7cb07e6ab374,实操题库_地面站考试条件_2026H1_空域限制或地形限制题型.txt_21,2026H1,2026H1,空域限制或地形限制题型,夹角计算,几何计算,角,ground_station_exam_cases.csv
gskill_215262c35e9d,gsec_b7052911b7e1,qbank_7cb07e6ab374,实操题库_地面站考试条件_2026H1_空域限制或地形限制题型.txt_21,2026H1,2026H1,空域限制或地形限制题型,空域地形限制处理,限制绕飞,空域;限制,ground_station_exam_cases.csv
gskill_7ffb90b58699,gsec_b7052911b7e1,qbank_7cb07e6ab374,实操题库_地面站考试条件_2026H1_空域限制或地形限制题型.txt_21,2026H1,2026H1,空域限制或地形限制题型,速度高度参数设置,参数设置,高度;速度;m/s,ground_station_exam_cases.csv
gskill_4d65ddf82cda,gsec_b7052911b7e1,qbank_7cb07e6ab374,实操题库_地面站考试条件_2026H1_空域限制或地形限制题型.txt_21,2026H1,2026H1,空域限制或地形限制题型,转弯停留循环设置,参数设置,转弯;停留;循环,ground_station_exam_cases.csv
gskill_51b88c479424,gsec_b7052911b7e1,qbank_7cb07e6ab374,实操题库_地面站考试条件_2026H1_空域限制或地形限制题型.txt_21,2026H1,2026H1,空域限制或地形限制题型,几何图形航线规划,几何计算,三角形;边长,ground_station_exam_cases.csv
gskill_1eb9365f837f,gsec_b7052911b7e1,qbank_7cb07e6ab374,实操题库_地面站考试条件_2026H1_空域限制或地形限制题型.txt_21,2026H1,2026H1,空域限制或地形限制题型,起飞返航点定位,导航定位,起飞点,ground_station_exam_cases.csv
gskill_0f42805e9839,gsec_b7052911b7e1,qbank_7cb07e6ab374,实操题库_地面站考试条件_2026H1_空域限制或地形限制题型.txt_21,2026H1,2026H1,空域限制或地形限制题型,题型:空域限制或地形限制,题型,空域限制或地形限制题型,ground_station_exam_cases.csv
gskill_d98c11942bc1,gsec_c1f4071b8652,qbank_7cb07e6ab374,实操题库_地面站考试条件_2026H1_空域限制或地形限制题型.txt_22,2026H1,2026H1,空域限制或地形限制题型,经纬度换算,导航定位,经纬度;E:;N;E,ground_station_exam_cases.csv
gskill_7ce2c4c4a790,gsec_c1f4071b8652,qbank_7cb07e6ab374,实操题库_地面站考试条件_2026H1_空域限制或地形限制题型.txt_22,2026H1,2026H1,空域限制或地形限制题型,航向方位判断,导航定位,航向;方位;NE,ground_station_exam_cases.csv
gskill_41688b438284,gsec_c1f4071b8652,qbank_7cb07e6ab374,实操题库_地面站考试条件_2026H1_空域限制或地形限制题型.txt_22,2026H1,2026H1,空域限制或地形限制题型,夹角计算,几何计算,角,ground_station_exam_cases.csv
gskill_d108ff664be7,gsec_c1f4071b8652,qbank_7cb07e6ab374,实操题库_地面站考试条件_2026H1_空域限制或地形限制题型.txt_22,2026H1,2026H1,空域限制或地形限制题型,空域地形限制处理,限制绕飞,空域;限制,ground_station_exam_cases.csv
gskill_a4458be3131e,gsec_c1f4071b8652,qbank_7cb07e6ab374,实操题库_地面站考试条件_2026H1_空域限制或地形限制题型.txt_22,2026H1,2026H1,空域限制或地形限制题型,速度高度参数设置,参数设置,高度;速度;m/s,ground_station_exam_cases.csv
gskill_3460d8a2f66c,gsec_c1f4071b8652,qbank_7cb07e6ab374,实操题库_地面站考试条件_2026H1_空域限制或地形限制题型.txt_22,2026H1,2026H1,空域限制或地形限制题型,转弯停留循环设置,参数设置,转弯;停留;循环;闭合;不循环,ground_station_exam_cases.csv
gskill_7c42597f79cd,gsec_c1f4071b8652,qbank_7cb07e6ab374,实操题库_地面站考试条件_2026H1_空域限制或地形限制题型.txt_22,2026H1,2026H1,空域限制或地形限制题型,几何图形航线规划,几何计算,边长,ground_station_exam_cases.csv
gskill_f34f7c35b81f,gsec_c1f4071b8652,qbank_7cb07e6ab374,实操题库_地面站考试条件_2026H1_空域限制或地形限制题型.txt_22,2026H1,2026H1,空域限制或地形限制题型,起飞返航点定位,导航定位,起飞点,ground_station_exam_cases.csv
gskill_fb51e2f35890,gsec_c1f4071b8652,qbank_7cb07e6ab374,实操题库_地面站考试条件_2026H1_空域限制或地形限制题型.txt_22,2026H1,2026H1,空域限制或地形限制题型,题型:空域限制或地形限制,题型,空域限制或地形限制题型,ground_station_exam_cases.csv
gskill_ad23d830860d,gsec_3f0913692d3a,qbank_7cb07e6ab374,实操题库_地面站考试条件_2026H1_空域限制或地形限制题型.txt_23,2026H1,2026H1,空域限制或地形限制题型,经纬度换算,导航定位,经纬度;N:;E:;N;E,ground_station_exam_cases.csv
gskill_7994136dcaec,gsec_3f0913692d3a,qbank_7cb07e6ab374,实操题库_地面站考试条件_2026H1_空域限制或地形限制题型.txt_23,2026H1,2026H1,空域限制或地形限制题型,航向方位判断,导航定位,方位;SE,ground_station_exam_cases.csv
gskill_5eab15372928,gsec_3f0913692d3a,qbank_7cb07e6ab374,实操题库_地面站考试条件_2026H1_空域限制或地形限制题型.txt_23,2026H1,2026H1,空域限制或地形限制题型,空域地形限制处理,限制绕飞,地形;限制,ground_station_exam_cases.csv
gskill_1db77c9cafd4,gsec_3f0913692d3a,qbank_7cb07e6ab374,实操题库_地面站考试条件_2026H1_空域限制或地形限制题型.txt_23,2026H1,2026H1,空域限制或地形限制题型,速度高度参数设置,参数设置,高度;速度;m/s,ground_station_exam_cases.csv
gskill_61482662ae55,gsec_3f0913692d3a,qbank_7cb07e6ab374,实操题库_地面站考试条件_2026H1_空域限制或地形限制题型.txt_23,2026H1,2026H1,空域限制或地形限制题型,转弯停留循环设置,参数设置,转弯;停留;循环,ground_station_exam_cases.csv
gskill_cd051377afe3,gsec_3f0913692d3a,qbank_7cb07e6ab374,实操题库_地面站考试条件_2026H1_空域限制或地形限制题型.txt_23,2026H1,2026H1,空域限制或地形限制题型,几何图形航线规划,几何计算,六边形;边长,ground_station_exam_cases.csv
gskill_d85eb5d19de5,gsec_3f0913692d3a,qbank_7cb07e6ab374,实操题库_地面站考试条件_2026H1_空域限制或地形限制题型.txt_23,2026H1,2026H1,空域限制或地形限制题型,起飞返航点定位,导航定位,起飞点,ground_station_exam_cases.csv
gskill_81ea2cb48680,gsec_3f0913692d3a,qbank_7cb07e6ab374,实操题库_地面站考试条件_2026H1_空域限制或地形限制题型.txt_23,2026H1,2026H1,空域限制或地形限制题型,题型:空域限制或地形限制,题型,空域限制或地形限制题型,ground_station_exam_cases.csv
gskill_63f2c1076512,gsec_6eb68edcf0ae,qbank_7cb07e6ab374,实操题库_地面站考试条件_2026H1_空域限制或地形限制题型.txt_24,2026H1,2026H1,空域限制或地形限制题型,经纬度换算,导航定位,经纬度;N:;E:;N;E,ground_station_exam_cases.csv
gskill_b79a589f6c13,gsec_6eb68edcf0ae,qbank_7cb07e6ab374,实操题库_地面站考试条件_2026H1_空域限制或地形限制题型.txt_24,2026H1,2026H1,空域限制或地形限制题型,航向方位判断,导航定位,方位;SE,ground_station_exam_cases.csv
gskill_067d146f1331,gsec_6eb68edcf0ae,qbank_7cb07e6ab374,实操题库_地面站考试条件_2026H1_空域限制或地形限制题型.txt_24,2026H1,2026H1,空域限制或地形限制题型,夹角计算,几何计算,∠;角,ground_station_exam_cases.csv
gskill_eec3408052e1,gsec_6eb68edcf0ae,qbank_7cb07e6ab374,实操题库_地面站考试条件_2026H1_空域限制或地形限制题型.txt_24,2026H1,2026H1,空域限制或地形限制题型,速度高度参数设置,参数设置,高度;速度;m/s,ground_station_exam_cases.csv
gskill_d396b59283c6,gsec_6eb68edcf0ae,qbank_7cb07e6ab374,实操题库_地面站考试条件_2026H1_空域限制或地形限制题型.txt_24,2026H1,2026H1,空域限制或地形限制题型,转弯停留循环设置,参数设置,转弯;停留;循环;闭合,ground_station_exam_cases.csv
gskill_1171cd7815fd,gsec_6eb68edcf0ae,qbank_7cb07e6ab374,实操题库_地面站考试条件_2026H1_空域限制或地形限制题型.txt_24,2026H1,2026H1,空域限制或地形限制题型,几何图形航线规划,几何计算,三角形;边长;图形,ground_station_exam_cases.csv
gskill_183ed4bd7fad,gsec_6eb68edcf0ae,qbank_7cb07e6ab374,实操题库_地面站考试条件_2026H1_空域限制或地形限制题型.txt_24,2026H1,2026H1,空域限制或地形限制题型,起飞返航点定位,导航定位,起飞点,ground_station_exam_cases.csv
gskill_c32c79b54cfe,gsec_6eb68edcf0ae,qbank_7cb07e6ab374,实操题库_地面站考试条件_2026H1_空域限制或地形限制题型.txt_24,2026H1,2026H1,空域限制或地形限制题型,题型:空域限制或地形限制,题型,空域限制或地形限制题型,ground_station_exam_cases.csv
gskill_17f1aa4db3d8,gsec_0aad15d60f40,qbank_7cb07e6ab374,实操题库_地面站考试条件_2026H1_空域限制或地形限制题型.txt_25,2026H1,2026H1,空域限制或地形限制题型,经纬度换算,导航定位,经纬度;N:;E:;N;E,ground_station_exam_cases.csv
gskill_0fa8bdd10681,gsec_0aad15d60f40,qbank_7cb07e6ab374,实操题库_地面站考试条件_2026H1_空域限制或地形限制题型.txt_25,2026H1,2026H1,空域限制或地形限制题型,航向方位判断,导航定位,航向;方位;NW;SE,ground_station_exam_cases.csv
gskill_4cf4cd65e0c4,gsec_0aad15d60f40,qbank_7cb07e6ab374,实操题库_地面站考试条件_2026H1_空域限制或地形限制题型.txt_25,2026H1,2026H1,空域限制或地形限制题型,夹角计算,几何计算,角,ground_station_exam_cases.csv
gskill_55e59ec576eb,gsec_0aad15d60f40,qbank_7cb07e6ab374,实操题库_地面站考试条件_2026H1_空域限制或地形限制题型.txt_25,2026H1,2026H1,空域限制或地形限制题型,空域地形限制处理,限制绕飞,空域;限制,ground_station_exam_cases.csv
gskill_035787d3bf2b,gsec_0aad15d60f40,qbank_7cb07e6ab374,实操题库_地面站考试条件_2026H1_空域限制或地形限制题型.txt_25,2026H1,2026H1,空域限制或地形限制题型,速度高度参数设置,参数设置,高度;速度;m/s,ground_station_exam_cases.csv
gskill_b571c37aa890,gsec_0aad15d60f40,qbank_7cb07e6ab374,实操题库_地面站考试条件_2026H1_空域限制或地形限制题型.txt_25,2026H1,2026H1,空域限制或地形限制题型,转弯停留循环设置,参数设置,转弯;停留;循环,ground_station_exam_cases.csv
gskill_3ad0e0b544ad,gsec_0aad15d60f40,qbank_7cb07e6ab374,实操题库_地面站考试条件_2026H1_空域限制或地形限制题型.txt_25,2026H1,2026H1,空域限制或地形限制题型,几何图形航线规划,几何计算,三角形;边长,ground_station_exam_cases.csv
gskill_269df0d50580,gsec_0aad15d60f40,qbank_7cb07e6ab374,实操题库_地面站考试条件_2026H1_空域限制或地形限制题型.txt_25,2026H1,2026H1,空域限制或地形限制题型,起飞返航点定位,导航定位,起飞点,ground_station_exam_cases.csv
gskill_e340ec7d34a4,gsec_0aad15d60f40,qbank_7cb07e6ab374,实操题库_地面站考试条件_2026H1_空域限制或地形限制题型.txt_25,2026H1,2026H1,空域限制或地形限制题型,题型:空域限制或地形限制,题型,空域限制或地形限制题型,ground_station_exam_cases.csv
gskill_eed135a6bac5,gsec_1fffe06a7629,qbank_7cb07e6ab374,实操题库_地面站考试条件_2026H1_空域限制或地形限制题型.txt_26,2026H1,2026H1,空域限制或地形限制题型,经纬度换算,导航定位,经纬度;N:;E:;N;E,ground_station_exam_cases.csv
gskill_d06a97e0038e,gsec_1fffe06a7629,qbank_7cb07e6ab374,实操题库_地面站考试条件_2026H1_空域限制或地形限制题型.txt_26,2026H1,2026H1,空域限制或地形限制题型,航向方位判断,导航定位,方位;NW;SE;SW,ground_station_exam_cases.csv
gskill_fe4082b6bbea,gsec_1fffe06a7629,qbank_7cb07e6ab374,实操题库_地面站考试条件_2026H1_空域限制或地形限制题型.txt_26,2026H1,2026H1,空域限制或地形限制题型,夹角计算,几何计算,∠,ground_station_exam_cases.csv
gskill_284879d62ec8,gsec_1fffe06a7629,qbank_7cb07e6ab374,实操题库_地面站考试条件_2026H1_空域限制或地形限制题型.txt_26,2026H1,2026H1,空域限制或地形限制题型,空域地形限制处理,限制绕飞,空域;限制,ground_station_exam_cases.csv
gskill_027fd542887b,gsec_1fffe06a7629,qbank_7cb07e6ab374,实操题库_地面站考试条件_2026H1_空域限制或地形限制题型.txt_26,2026H1,2026H1,空域限制或地形限制题型,速度高度参数设置,参数设置,高度;速度;m/s,ground_station_exam_cases.csv
gskill_29b5ae9f398b,gsec_1fffe06a7629,qbank_7cb07e6ab374,实操题库_地面站考试条件_2026H1_空域限制或地形限制题型.txt_26,2026H1,2026H1,空域限制或地形限制题型,转弯停留循环设置,参数设置,转弯;停留;循环,ground_station_exam_cases.csv
gskill_6dfff8b0cef0,gsec_1fffe06a7629,qbank_7cb07e6ab374,实操题库_地面站考试条件_2026H1_空域限制或地形限制题型.txt_26,2026H1,2026H1,空域限制或地形限制题型,几何图形航线规划,几何计算,五边形;边长,ground_station_exam_cases.csv
gskill_e3e7ad858b41,gsec_1fffe06a7629,qbank_7cb07e6ab374,实操题库_地面站考试条件_2026H1_空域限制或地形限制题型.txt_26,2026H1,2026H1,空域限制或地形限制题型,起飞返航点定位,导航定位,起飞点,ground_station_exam_cases.csv
gskill_fae10c2e53eb,gsec_1fffe06a7629,qbank_7cb07e6ab374,实操题库_地面站考试条件_2026H1_空域限制或地形限制题型.txt_26,2026H1,2026H1,空域限制或地形限制题型,题型:空域限制或地形限制,题型,空域限制或地形限制题型,ground_station_exam_cases.csv
gskill_f39b894f65bf,gsec_a767286fc7de,qbank_7cb07e6ab374,实操题库_地面站考试条件_2026H1_空域限制或地形限制题型.txt_27,2026H1,2026H1,空域限制或地形限制题型,经纬度换算,导航定位,经纬度;坐标;N:;E:;N;E,ground_station_exam_cases.csv
gskill_222ee23d2029,gsec_a767286fc7de,qbank_7cb07e6ab374,实操题库_地面站考试条件_2026H1_空域限制或地形限制题型.txt_27,2026H1,2026H1,空域限制或地形限制题型,航向方位判断,导航定位,方位,ground_station_exam_cases.csv
gskill_2306da288a35,gsec_a767286fc7de,qbank_7cb07e6ab374,实操题库_地面站考试条件_2026H1_空域限制或地形限制题型.txt_27,2026H1,2026H1,空域限制或地形限制题型,夹角计算,几何计算,∠;角,ground_station_exam_cases.csv
gskill_5766762838e1,gsec_a767286fc7de,qbank_7cb07e6ab374,实操题库_地面站考试条件_2026H1_空域限制或地形限制题型.txt_27,2026H1,2026H1,空域限制或地形限制题型,空域地形限制处理,限制绕飞,空域;限制,ground_station_exam_cases.csv
gskill_ae2bec02d0ec,gsec_a767286fc7de,qbank_7cb07e6ab374,实操题库_地面站考试条件_2026H1_空域限制或地形限制题型.txt_27,2026H1,2026H1,空域限制或地形限制题型,速度高度参数设置,参数设置,高度;速度;m/s,ground_station_exam_cases.csv
gskill_8efe7d6ee99a,gsec_a767286fc7de,qbank_7cb07e6ab374,实操题库_地面站考试条件_2026H1_空域限制或地形限制题型.txt_27,2026H1,2026H1,空域限制或地形限制题型,转弯停留循环设置,参数设置,转弯;停留;循环,ground_station_exam_cases.csv
gskill_326b984aeec9,gsec_a767286fc7de,qbank_7cb07e6ab374,实操题库_地面站考试条件_2026H1_空域限制或地形限制题型.txt_27,2026H1,2026H1,空域限制或地形限制题型,几何图形航线规划,几何计算,三角形;边长,ground_station_exam_cases.csv
gskill_b4398969f00e,gsec_a767286fc7de,qbank_7cb07e6ab374,实操题库_地面站考试条件_2026H1_空域限制或地形限制题型.txt_27,2026H1,2026H1,空域限制或地形限制题型,起飞返航点定位,导航定位,起飞点,ground_station_exam_cases.csv
gskill_5af2da937489,gsec_a767286fc7de,qbank_7cb07e6ab374,实操题库_地面站考试条件_2026H1_空域限制或地形限制题型.txt_27,2026H1,2026H1,空域限制或地形限制题型,题型:空域限制或地形限制,题型,空域限制或地形限制题型,ground_station_exam_cases.csv
gskill_1f4224e78a52,gsec_bdd7a460610f,qbank_7cb07e6ab374,实操题库_地面站考试条件_2026H1_空域限制或地形限制题型.txt_28,2026H1,2026H1,空域限制或地形限制题型,经纬度换算,导航定位,经纬度;坐标;N:;E:;N;E,ground_station_exam_cases.csv
gskill_de0f184b299d,gsec_bdd7a460610f,qbank_7cb07e6ab374,实操题库_地面站考试条件_2026H1_空域限制或地形限制题型.txt_28,2026H1,2026H1,空域限制或地形限制题型,航向方位判断,导航定位,方位,ground_station_exam_cases.csv
gskill_87dc4b18e195,gsec_bdd7a460610f,qbank_7cb07e6ab374,实操题库_地面站考试条件_2026H1_空域限制或地形限制题型.txt_28,2026H1,2026H1,空域限制或地形限制题型,夹角计算,几何计算,角,ground_station_exam_cases.csv
gskill_ce3e1ae1dba2,gsec_bdd7a460610f,qbank_7cb07e6ab374,实操题库_地面站考试条件_2026H1_空域限制或地形限制题型.txt_28,2026H1,2026H1,空域限制或地形限制题型,空域地形限制处理,限制绕飞,空域;限制,ground_station_exam_cases.csv
gskill_456089429de4,gsec_bdd7a460610f,qbank_7cb07e6ab374,实操题库_地面站考试条件_2026H1_空域限制或地形限制题型.txt_28,2026H1,2026H1,空域限制或地形限制题型,速度高度参数设置,参数设置,高度;速度;m/s,ground_station_exam_cases.csv
gskill_0057d07bea63,gsec_bdd7a460610f,qbank_7cb07e6ab374,实操题库_地面站考试条件_2026H1_空域限制或地形限制题型.txt_28,2026H1,2026H1,空域限制或地形限制题型,转弯停留循环设置,参数设置,转弯;循环,ground_station_exam_cases.csv
gskill_46ef76f782cb,gsec_bdd7a460610f,qbank_7cb07e6ab374,实操题库_地面站考试条件_2026H1_空域限制或地形限制题型.txt_28,2026H1,2026H1,空域限制或地形限制题型,几何图形航线规划,几何计算,六边形;边长,ground_station_exam_cases.csv
gskill_b9d40f97a81e,gsec_bdd7a460610f,qbank_7cb07e6ab374,实操题库_地面站考试条件_2026H1_空域限制或地形限制题型.txt_28,2026H1,2026H1,空域限制或地形限制题型,起飞返航点定位,导航定位,起飞点,ground_station_exam_cases.csv
gskill_c210d614ca26,gsec_bdd7a460610f,qbank_7cb07e6ab374,实操题库_地面站考试条件_2026H1_空域限制或地形限制题型.txt_28,2026H1,2026H1,空域限制或地形限制题型,题型:空域限制或地形限制,题型,空域限制或地形限制题型,ground_station_exam_cases.csv
gskill_2872c631b67a,gsec_f4de39721daf,qbank_7cb07e6ab374,实操题库_地面站考试条件_2026H1_空域限制或地形限制题型.txt_29,2026H1,2026H1,空域限制或地形限制题型,经纬度换算,导航定位,经纬度;坐标;N:;E:;N;E,ground_station_exam_cases.csv
gskill_027fc06467c2,gsec_f4de39721daf,qbank_7cb07e6ab374,实操题库_地面站考试条件_2026H1_空域限制或地形限制题型.txt_29,2026H1,2026H1,空域限制或地形限制题型,航向方位判断,导航定位,方位,ground_station_exam_cases.csv
gskill_797c8e6d9e06,gsec_f4de39721daf,qbank_7cb07e6ab374,实操题库_地面站考试条件_2026H1_空域限制或地形限制题型.txt_29,2026H1,2026H1,空域限制或地形限制题型,夹角计算,几何计算,∠;角,ground_station_exam_cases.csv
gskill_0d465334740b,gsec_f4de39721daf,qbank_7cb07e6ab374,实操题库_地面站考试条件_2026H1_空域限制或地形限制题型.txt_29,2026H1,2026H1,空域限制或地形限制题型,空域地形限制处理,限制绕飞,空域;限制,ground_station_exam_cases.csv
gskill_1f3d9fe16de9,gsec_f4de39721daf,qbank_7cb07e6ab374,实操题库_地面站考试条件_2026H1_空域限制或地形限制题型.txt_29,2026H1,2026H1,空域限制或地形限制题型,速度高度参数设置,参数设置,高度;速度;m/s,ground_station_exam_cases.csv
gskill_b84d20f81088,gsec_f4de39721daf,qbank_7cb07e6ab374,实操题库_地面站考试条件_2026H1_空域限制或地形限制题型.txt_29,2026H1,2026H1,空域限制或地形限制题型,转弯停留循环设置,参数设置,转弯;停留;循环,ground_station_exam_cases.csv
gskill_0d94049cde3b,gsec_f4de39721daf,qbank_7cb07e6ab374,实操题库_地面站考试条件_2026H1_空域限制或地形限制题型.txt_29,2026H1,2026H1,空域限制或地形限制题型,几何图形航线规划,几何计算,五边形;边长,ground_station_exam_cases.csv
gskill_cd50ea3f06db,gsec_f4de39721daf,qbank_7cb07e6ab374,实操题库_地面站考试条件_2026H1_空域限制或地形限制题型.txt_29,2026H1,2026H1,空域限制或地形限制题型,起飞返航点定位,导航定位,起飞点,ground_station_exam_cases.csv
gskill_44864b4fdb53,gsec_f4de39721daf,qbank_7cb07e6ab374,实操题库_地面站考试条件_2026H1_空域限制或地形限制题型.txt_29,2026H1,2026H1,空域限制或地形限制题型,题型:空域限制或地形限制,题型,空域限制或地形限制题型,ground_station_exam_cases.csv
gskill_587742503974,gsec_f10e57742a8a,qbank_7cb07e6ab374,实操题库_地面站考试条件_2026H1_空域限制或地形限制题型.txt_30,2026H1,2026H1,空域限制或地形限制题型,经纬度换算,导航定位,经纬度;坐标;N:;E:;N;E,ground_station_exam_cases.csv
gskill_3332c2f52775,gsec_f10e57742a8a,qbank_7cb07e6ab374,实操题库_地面站考试条件_2026H1_空域限制或地形限制题型.txt_30,2026H1,2026H1,空域限制或地形限制题型,航向方位判断,导航定位,方位,ground_station_exam_cases.csv
gskill_eaac4e2881bc,gsec_f10e57742a8a,qbank_7cb07e6ab374,实操题库_地面站考试条件_2026H1_空域限制或地形限制题型.txt_30,2026H1,2026H1,空域限制或地形限制题型,夹角计算,几何计算,∠;角,ground_station_exam_cases.csv
gskill_5522738234bc,gsec_f10e57742a8a,qbank_7cb07e6ab374,实操题库_地面站考试条件_2026H1_空域限制或地形限制题型.txt_30,2026H1,2026H1,空域限制或地形限制题型,空域地形限制处理,限制绕飞,空域;限制,ground_station_exam_cases.csv
gskill_259951e36795,gsec_f10e57742a8a,qbank_7cb07e6ab374,实操题库_地面站考试条件_2026H1_空域限制或地形限制题型.txt_30,2026H1,2026H1,空域限制或地形限制题型,速度高度参数设置,参数设置,高度;速度;m/s,ground_station_exam_cases.csv
gskill_71c5c0d41e15,gsec_f10e57742a8a,qbank_7cb07e6ab374,实操题库_地面站考试条件_2026H1_空域限制或地形限制题型.txt_30,2026H1,2026H1,空域限制或地形限制题型,转弯停留循环设置,参数设置,转弯;停留;循环,ground_station_exam_cases.csv
gskill_04100044902b,gsec_f10e57742a8a,qbank_7cb07e6ab374,实操题库_地面站考试条件_2026H1_空域限制或地形限制题型.txt_30,2026H1,2026H1,空域限制或地形限制题型,几何图形航线规划,几何计算,边长,ground_station_exam_cases.csv
gskill_bd2a5a673725,gsec_f10e57742a8a,qbank_7cb07e6ab374,实操题库_地面站考试条件_2026H1_空域限制或地形限制题型.txt_30,2026H1,2026H1,空域限制或地形限制题型,起飞返航点定位,导航定位,起飞点,ground_station_exam_cases.csv
gskill_c2693fc52e9e,gsec_f10e57742a8a,qbank_7cb07e6ab374,实操题库_地面站考试条件_2026H1_空域限制或地形限制题型.txt_30,2026H1,2026H1,空域限制或地形限制题型,题型:空域限制或地形限制,题型,空域限制或地形限制题型,ground_station_exam_cases.csv
gskill_a3f014c56199,gsec_0d500e7bd7a6,qbank_7cb07e6ab374,实操题库_地面站考试条件_2026H1_空域限制或地形限制题型.txt_31,2026H1,2026H1,空域限制或地形限制题型,经纬度换算,导航定位,经纬度;坐标;E:;N;E,ground_station_exam_cases.csv
gskill_1a7e3f8e15ff,gsec_0d500e7bd7a6,qbank_7cb07e6ab374,实操题库_地面站考试条件_2026H1_空域限制或地形限制题型.txt_31,2026H1,2026H1,空域限制或地形限制题型,航向方位判断,导航定位,方位;NW,ground_station_exam_cases.csv
gskill_ebf0aeba1ff4,gsec_0d500e7bd7a6,qbank_7cb07e6ab374,实操题库_地面站考试条件_2026H1_空域限制或地形限制题型.txt_31,2026H1,2026H1,空域限制或地形限制题型,夹角计算,几何计算,∠;角,ground_station_exam_cases.csv
gskill_758b4395217d,gsec_0d500e7bd7a6,qbank_7cb07e6ab374,实操题库_地面站考试条件_2026H1_空域限制或地形限制题型.txt_31,2026H1,2026H1,空域限制或地形限制题型,空域地形限制处理,限制绕飞,空域;限制,ground_station_exam_cases.csv
gskill_25a813c06aa2,gsec_0d500e7bd7a6,qbank_7cb07e6ab374,实操题库_地面站考试条件_2026H1_空域限制或地形限制题型.txt_31,2026H1,2026H1,空域限制或地形限制题型,速度高度参数设置,参数设置,高度;速度;m/s,ground_station_exam_cases.csv
gskill_e382a1b434dc,gsec_0d500e7bd7a6,qbank_7cb07e6ab374,实操题库_地面站考试条件_2026H1_空域限制或地形限制题型.txt_31,2026H1,2026H1,空域限制或地形限制题型,转弯停留循环设置,参数设置,转弯;停留;循环,ground_station_exam_cases.csv
gskill_2bca0451165d,gsec_0d500e7bd7a6,qbank_7cb07e6ab374,实操题库_地面站考试条件_2026H1_空域限制或地形限制题型.txt_31,2026H1,2026H1,空域限制或地形限制题型,几何图形航线规划,几何计算,边长,ground_station_exam_cases.csv
gskill_628a309929bc,gsec_0d500e7bd7a6,qbank_7cb07e6ab374,实操题库_地面站考试条件_2026H1_空域限制或地形限制题型.txt_31,2026H1,2026H1,空域限制或地形限制题型,起飞返航点定位,导航定位,起飞点,ground_station_exam_cases.csv
gskill_3d488d2baa35,gsec_0d500e7bd7a6,qbank_7cb07e6ab374,实操题库_地面站考试条件_2026H1_空域限制或地形限制题型.txt_31,2026H1,2026H1,空域限制或地形限制题型,题型:空域限制或地形限制,题型,空域限制或地形限制题型,ground_station_exam_cases.csv
gskill_99e5a40ac0f3,gsec_460e1019d30d,qbank_7cb07e6ab374,实操题库_地面站考试条件_2026H1_空域限制或地形限制题型.txt_32,2026H1,2026H1,空域限制或地形限制题型,经纬度换算,导航定位,经纬度;坐标;N:;E:;N;E,ground_station_exam_cases.csv
gskill_45cfc07ef062,gsec_460e1019d30d,qbank_7cb07e6ab374,实操题库_地面站考试条件_2026H1_空域限制或地形限制题型.txt_32,2026H1,2026H1,空域限制或地形限制题型,航向方位判断,导航定位,方位;SE;SW,ground_station_exam_cases.csv
gskill_a910ea3b970c,gsec_460e1019d30d,qbank_7cb07e6ab374,实操题库_地面站考试条件_2026H1_空域限制或地形限制题型.txt_32,2026H1,2026H1,空域限制或地形限制题型,夹角计算,几何计算,∠;角,ground_station_exam_cases.csv
gskill_6a97c8923926,gsec_460e1019d30d,qbank_7cb07e6ab374,实操题库_地面站考试条件_2026H1_空域限制或地形限制题型.txt_32,2026H1,2026H1,空域限制或地形限制题型,空域地形限制处理,限制绕飞,空域;限制,ground_station_exam_cases.csv
gskill_e116e696597b,gsec_460e1019d30d,qbank_7cb07e6ab374,实操题库_地面站考试条件_2026H1_空域限制或地形限制题型.txt_32,2026H1,2026H1,空域限制或地形限制题型,速度高度参数设置,参数设置,高度;速度;m/s,ground_station_exam_cases.csv
gskill_8cdbddce0302,gsec_460e1019d30d,qbank_7cb07e6ab374,实操题库_地面站考试条件_2026H1_空域限制或地形限制题型.txt_32,2026H1,2026H1,空域限制或地形限制题型,转弯停留循环设置,参数设置,转弯;停留;循环,ground_station_exam_cases.csv
gskill_05e7deff6fd7,gsec_460e1019d30d,qbank_7cb07e6ab374,实操题库_地面站考试条件_2026H1_空域限制或地形限制题型.txt_32,2026H1,2026H1,空域限制或地形限制题型,几何图形航线规划,几何计算,边长,ground_station_exam_cases.csv
gskill_a05b9188e7f8,gsec_460e1019d30d,qbank_7cb07e6ab374,实操题库_地面站考试条件_2026H1_空域限制或地形限制题型.txt_32,2026H1,2026H1,空域限制或地形限制题型,起飞返航点定位,导航定位,起飞点,ground_station_exam_cases.csv
gskill_6ffe9162aea7,gsec_460e1019d30d,qbank_7cb07e6ab374,实操题库_地面站考试条件_2026H1_空域限制或地形限制题型.txt_32,2026H1,2026H1,空域限制或地形限制题型,题型:空域限制或地形限制,题型,空域限制或地形限制题型,ground_station_exam_cases.csv
gskill_594ccdd73e7a,gsec_06418e85145a,qbank_7cb07e6ab374,实操题库_地面站考试条件_2026H1_空域限制或地形限制题型.txt_33,2026H1,2026H1,空域限制或地形限制题型,经纬度换算,导航定位,坐标;E,ground_station_exam_cases.csv
gskill_44dcb2506598,gsec_06418e85145a,qbank_7cb07e6ab374,实操题库_地面站考试条件_2026H1_空域限制或地形限制题型.txt_33,2026H1,2026H1,空域限制或地形限制题型,航向方位判断,导航定位,方位,ground_station_exam_cases.csv
gskill_8816064c65cf,gsec_06418e85145a,qbank_7cb07e6ab374,实操题库_地面站考试条件_2026H1_空域限制或地形限制题型.txt_33,2026H1,2026H1,空域限制或地形限制题型,夹角计算,几何计算,角,ground_station_exam_cases.csv
gskill_fbef339a4c08,gsec_06418e85145a,qbank_7cb07e6ab374,实操题库_地面站考试条件_2026H1_空域限制或地形限制题型.txt_33,2026H1,2026H1,空域限制或地形限制题型,空域地形限制处理,限制绕飞,空域;限制,ground_station_exam_cases.csv
gskill_4d6f1daf4550,gsec_06418e85145a,qbank_7cb07e6ab374,实操题库_地面站考试条件_2026H1_空域限制或地形限制题型.txt_33,2026H1,2026H1,空域限制或地形限制题型,速度高度参数设置,参数设置,高度;速度;m/s,ground_station_exam_cases.csv
gskill_994da6c717a8,gsec_06418e85145a,qbank_7cb07e6ab374,实操题库_地面站考试条件_2026H1_空域限制或地形限制题型.txt_33,2026H1,2026H1,空域限制或地形限制题型,转弯停留循环设置,参数设置,转弯;停留;循环;闭合,ground_station_exam_cases.csv
gskill_8e5e92867591,gsec_06418e85145a,qbank_7cb07e6ab374,实操题库_地面站考试条件_2026H1_空域限制或地形限制题型.txt_33,2026H1,2026H1,空域限制或地形限制题型,几何图形航线规划,几何计算,图形,ground_station_exam_cases.csv
gskill_1c5d6665b33b,gsec_06418e85145a,qbank_7cb07e6ab374,实操题库_地面站考试条件_2026H1_空域限制或地形限制题型.txt_33,2026H1,2026H1,空域限制或地形限制题型,起飞返航点定位,导航定位,起飞点,ground_station_exam_cases.csv
gskill_180b7089ee55,gsec_06418e85145a,qbank_7cb07e6ab374,实操题库_地面站考试条件_2026H1_空域限制或地形限制题型.txt_33,2026H1,2026H1,空域限制或地形限制题型,题型:空域限制或地形限制,题型,空域限制或地形限制题型,ground_station_exam_cases.csv
gskill_6abf7b3d6750,gsec_cfae80c7e406,qbank_7cb07e6ab374,实操题库_地面站考试条件_2026H1_空域限制或地形限制题型.txt_34,2026H1,2026H1,空域限制或地形限制题型,经纬度换算,导航定位,经纬度;N:;E:;N;E,ground_station_exam_cases.csv
gskill_d2f2f7e56592,gsec_cfae80c7e406,qbank_7cb07e6ab374,实操题库_地面站考试条件_2026H1_空域限制或地形限制题型.txt_34,2026H1,2026H1,空域限制或地形限制题型,航向方位判断,导航定位,航向;方位;正东,ground_station_exam_cases.csv
gskill_f616c1f9c7c3,gsec_cfae80c7e406,qbank_7cb07e6ab374,实操题库_地面站考试条件_2026H1_空域限制或地形限制题型.txt_34,2026H1,2026H1,空域限制或地形限制题型,夹角计算,几何计算,角,ground_station_exam_cases.csv
gskill_df636f020519,gsec_cfae80c7e406,qbank_7cb07e6ab374,实操题库_地面站考试条件_2026H1_空域限制或地形限制题型.txt_34,2026H1,2026H1,空域限制或地形限制题型,空域地形限制处理,限制绕飞,空域;限制,ground_station_exam_cases.csv
gskill_b03c271b93cd,gsec_cfae80c7e406,qbank_7cb07e6ab374,实操题库_地面站考试条件_2026H1_空域限制或地形限制题型.txt_34,2026H1,2026H1,空域限制或地形限制题型,速度高度参数设置,参数设置,高度;速度;m/s,ground_station_exam_cases.csv
gskill_210ae69a383a,gsec_cfae80c7e406,qbank_7cb07e6ab374,实操题库_地面站考试条件_2026H1_空域限制或地形限制题型.txt_34,2026H1,2026H1,空域限制或地形限制题型,转弯停留循环设置,参数设置,转弯;停留;循环,ground_station_exam_cases.csv
gskill_c7cb1cd031a2,gsec_cfae80c7e406,qbank_7cb07e6ab374,实操题库_地面站考试条件_2026H1_空域限制或地形限制题型.txt_34,2026H1,2026H1,空域限制或地形限制题型,几何图形航线规划,几何计算,三角形;边长,ground_station_exam_cases.csv
gskill_0036acd30459,gsec_cfae80c7e406,qbank_7cb07e6ab374,实操题库_地面站考试条件_2026H1_空域限制或地形限制题型.txt_34,2026H1,2026H1,空域限制或地形限制题型,起飞返航点定位,导航定位,起飞点,ground_station_exam_cases.csv
gskill_b0a333adb3d4,gsec_cfae80c7e406,qbank_7cb07e6ab374,实操题库_地面站考试条件_2026H1_空域限制或地形限制题型.txt_34,2026H1,2026H1,空域限制或地形限制题型,题型:空域限制或地形限制,题型,空域限制或地形限制题型,ground_station_exam_cases.csv
gskill_ed9bfa24a29f,gsec_c0a428db939f,qbank_7cb07e6ab374,实操题库_地面站考试条件_2026H1_空域限制或地形限制题型.txt_35,2026H1,2026H1,空域限制或地形限制题型,经纬度换算,导航定位,经纬度;N:;E:;N;E,ground_station_exam_cases.csv
gskill_80277e814afc,gsec_c0a428db939f,qbank_7cb07e6ab374,实操题库_地面站考试条件_2026H1_空域限制或地形限制题型.txt_35,2026H1,2026H1,空域限制或地形限制题型,航向方位判断,导航定位,航向,ground_station_exam_cases.csv
gskill_4e06ae9ffcd3,gsec_c0a428db939f,qbank_7cb07e6ab374,实操题库_地面站考试条件_2026H1_空域限制或地形限制题型.txt_35,2026H1,2026H1,空域限制或地形限制题型,夹角计算,几何计算,角,ground_station_exam_cases.csv
gskill_afbe697dc321,gsec_c0a428db939f,qbank_7cb07e6ab374,实操题库_地面站考试条件_2026H1_空域限制或地形限制题型.txt_35,2026H1,2026H1,空域限制或地形限制题型,空域地形限制处理,限制绕飞,空域;限制,ground_station_exam_cases.csv
gskill_ee55159ad28a,gsec_c0a428db939f,qbank_7cb07e6ab374,实操题库_地面站考试条件_2026H1_空域限制或地形限制题型.txt_35,2026H1,2026H1,空域限制或地形限制题型,速度高度参数设置,参数设置,高度;速度;m/s,ground_station_exam_cases.csv
gskill_261577f25239,gsec_c0a428db939f,qbank_7cb07e6ab374,实操题库_地面站考试条件_2026H1_空域限制或地形限制题型.txt_35,2026H1,2026H1,空域限制或地形限制题型,转弯停留循环设置,参数设置,转弯;停留;循环;闭合;不循环,ground_station_exam_cases.csv
gskill_c286c087818f,gsec_c0a428db939f,qbank_7cb07e6ab374,实操题库_地面站考试条件_2026H1_空域限制或地形限制题型.txt_35,2026H1,2026H1,空域限制或地形限制题型,几何图形航线规划,几何计算,边长,ground_station_exam_cases.csv
gskill_607f99ad2394,gsec_c0a428db939f,qbank_7cb07e6ab374,实操题库_地面站考试条件_2026H1_空域限制或地形限制题型.txt_35,2026H1,2026H1,空域限制或地形限制题型,起飞返航点定位,导航定位,起飞点,ground_station_exam_cases.csv
gskill_4d90d935de12,gsec_c0a428db939f,qbank_7cb07e6ab374,实操题库_地面站考试条件_2026H1_空域限制或地形限制题型.txt_35,2026H1,2026H1,空域限制或地形限制题型,题型:空域限制或地形限制,题型,空域限制或地形限制题型,ground_station_exam_cases.csv
gskill_d5a8fd27a177,gsec_36e7b59931e6,qbank_7cb07e6ab374,实操题库_地面站考试条件_2026H1_空域限制或地形限制题型.txt_36,2026H1,2026H1,空域限制或地形限制题型,经纬度换算,导航定位,经纬度;N:;E:;N;E,ground_station_exam_cases.csv
gskill_02a0bad015ca,gsec_36e7b59931e6,qbank_7cb07e6ab374,实操题库_地面站考试条件_2026H1_空域限制或地形限制题型.txt_36,2026H1,2026H1,空域限制或地形限制题型,航向方位判断,导航定位,航向;方位;NW;SE;SW,ground_station_exam_cases.csv
gskill_9ca67f84ba40,gsec_36e7b59931e6,qbank_7cb07e6ab374,实操题库_地面站考试条件_2026H1_空域限制或地形限制题型.txt_36,2026H1,2026H1,空域限制或地形限制题型,空域地形限制处理,限制绕飞,空域;限制,ground_station_exam_cases.csv
gskill_c155f9983f09,gsec_36e7b59931e6,qbank_7cb07e6ab374,实操题库_地面站考试条件_2026H1_空域限制或地形限制题型.txt_36,2026H1,2026H1,空域限制或地形限制题型,速度高度参数设置,参数设置,高度;速度;m/s,ground_station_exam_cases.csv
gskill_46e1b5d0b220,gsec_36e7b59931e6,qbank_7cb07e6ab374,实操题库_地面站考试条件_2026H1_空域限制或地形限制题型.txt_36,2026H1,2026H1,空域限制或地形限制题型,转弯停留循环设置,参数设置,转弯;循环;闭合;不循环,ground_station_exam_cases.csv
gskill_2235078e59b5,gsec_36e7b59931e6,qbank_7cb07e6ab374,实操题库_地面站考试条件_2026H1_空域限制或地形限制题型.txt_36,2026H1,2026H1,空域限制或地形限制题型,几何图形航线规划,几何计算,六边形;边长;图形,ground_station_exam_cases.csv
gskill_9714ac0017c8,gsec_36e7b59931e6,qbank_7cb07e6ab374,实操题库_地面站考试条件_2026H1_空域限制或地形限制题型.txt_36,2026H1,2026H1,空域限制或地形限制题型,起飞返航点定位,导航定位,起飞点,ground_station_exam_cases.csv
gskill_debb1f48a30e,gsec_36e7b59931e6,qbank_7cb07e6ab374,实操题库_地面站考试条件_2026H1_空域限制或地形限制题型.txt_36,2026H1,2026H1,空域限制或地形限制题型,题型:空域限制或地形限制,题型,空域限制或地形限制题型,ground_station_exam_cases.csv
gskill_d9f54d27e99d,gsec_800f221ce61f,qbank_7cb07e6ab374,实操题库_地面站考试条件_2026H1_空域限制或地形限制题型.txt_37,2026H1,2026H1,空域限制或地形限制题型,经纬度换算,导航定位,经纬度;N:;E:;N;E,ground_station_exam_cases.csv
gskill_181ba16afe7d,gsec_800f221ce61f,qbank_7cb07e6ab374,实操题库_地面站考试条件_2026H1_空域限制或地形限制题型.txt_37,2026H1,2026H1,空域限制或地形限制题型,航向方位判断,导航定位,方位;NW;SE;SW,ground_station_exam_cases.csv
gskill_7aeb2c358f02,gsec_800f221ce61f,qbank_7cb07e6ab374,实操题库_地面站考试条件_2026H1_空域限制或地形限制题型.txt_37,2026H1,2026H1,空域限制或地形限制题型,夹角计算,几何计算,∠,ground_station_exam_cases.csv
gskill_45a573c3e6fe,gsec_800f221ce61f,qbank_7cb07e6ab374,实操题库_地面站考试条件_2026H1_空域限制或地形限制题型.txt_37,2026H1,2026H1,空域限制或地形限制题型,空域地形限制处理,限制绕飞,空域;限制,ground_station_exam_cases.csv
gskill_a0df46b5e99f,gsec_800f221ce61f,qbank_7cb07e6ab374,实操题库_地面站考试条件_2026H1_空域限制或地形限制题型.txt_37,2026H1,2026H1,空域限制或地形限制题型,速度高度参数设置,参数设置,高度;速度;m/s,ground_station_exam_cases.csv
gskill_69e52fec5bf5,gsec_800f221ce61f,qbank_7cb07e6ab374,实操题库_地面站考试条件_2026H1_空域限制或地形限制题型.txt_37,2026H1,2026H1,空域限制或地形限制题型,转弯停留循环设置,参数设置,转弯;停留;循环,ground_station_exam_cases.csv
gskill_bf1c3f616831,gsec_800f221ce61f,qbank_7cb07e6ab374,实操题库_地面站考试条件_2026H1_空域限制或地形限制题型.txt_37,2026H1,2026H1,空域限制或地形限制题型,几何图形航线规划,几何计算,五边形;边长;图形,ground_station_exam_cases.csv
gskill_3492d28e9bcb,gsec_800f221ce61f,qbank_7cb07e6ab374,实操题库_地面站考试条件_2026H1_空域限制或地形限制题型.txt_37,2026H1,2026H1,空域限制或地形限制题型,起飞返航点定位,导航定位,起飞点,ground_station_exam_cases.csv
gskill_2f3c39657399,gsec_800f221ce61f,qbank_7cb07e6ab374,实操题库_地面站考试条件_2026H1_空域限制或地形限制题型.txt_37,2026H1,2026H1,空域限制或地形限制题型,题型:空域限制或地形限制,题型,空域限制或地形限制题型,ground_station_exam_cases.csv
gskill_5d7ab14109e6,gsec_634d3519c67e,qbank_7cb07e6ab374,实操题库_地面站考试条件_2026H1_空域限制或地形限制题型.txt_38,2026H1,2026H1,空域限制或地形限制题型,经纬度换算,导航定位,经纬度;N:;E:;N;E,ground_station_exam_cases.csv
gskill_bd4430361e8d,gsec_634d3519c67e,qbank_7cb07e6ab374,实操题库_地面站考试条件_2026H1_空域限制或地形限制题型.txt_38,2026H1,2026H1,空域限制或地形限制题型,航向方位判断,导航定位,方位;NW;SE;SW,ground_station_exam_cases.csv
gskill_e3d87ebf3164,gsec_634d3519c67e,qbank_7cb07e6ab374,实操题库_地面站考试条件_2026H1_空域限制或地形限制题型.txt_38,2026H1,2026H1,空域限制或地形限制题型,夹角计算,几何计算,∠,ground_station_exam_cases.csv
gskill_9ddfeb8e101e,gsec_634d3519c67e,qbank_7cb07e6ab374,实操题库_地面站考试条件_2026H1_空域限制或地形限制题型.txt_38,2026H1,2026H1,空域限制或地形限制题型,空域地形限制处理,限制绕飞,空域;限制,ground_station_exam_cases.csv
gskill_861d648bcc1a,gsec_634d3519c67e,qbank_7cb07e6ab374,实操题库_地面站考试条件_2026H1_空域限制或地形限制题型.txt_38,2026H1,2026H1,空域限制或地形限制题型,速度高度参数设置,参数设置,高度;速度;m/s,ground_station_exam_cases.csv
gskill_e9fd2ca81f19,gsec_634d3519c67e,qbank_7cb07e6ab374,实操题库_地面站考试条件_2026H1_空域限制或地形限制题型.txt_38,2026H1,2026H1,空域限制或地形限制题型,转弯停留循环设置,参数设置,转弯;停留;循环;闭合;不循环,ground_station_exam_cases.csv
gskill_0464086c33f5,gsec_634d3519c67e,qbank_7cb07e6ab374,实操题库_地面站考试条件_2026H1_空域限制或地形限制题型.txt_38,2026H1,2026H1,空域限制或地形限制题型,几何图形航线规划,几何计算,边长;图形,ground_station_exam_cases.csv
gskill_8e401a5c3d2d,gsec_634d3519c67e,qbank_7cb07e6ab374,实操题库_地面站考试条件_2026H1_空域限制或地形限制题型.txt_38,2026H1,2026H1,空域限制或地形限制题型,起飞返航点定位,导航定位,起飞点;H点,ground_station_exam_cases.csv
gskill_85ff257823b6,gsec_634d3519c67e,qbank_7cb07e6ab374,实操题库_地面站考试条件_2026H1_空域限制或地形限制题型.txt_38,2026H1,2026H1,空域限制或地形限制题型,题型:空域限制或地形限制,题型,空域限制或地形限制题型,ground_station_exam_cases.csv
gskill_f71d41c490b4,gsec_54306f0b1eea,qbank_7cb07e6ab374,实操题库_地面站考试条件_2026H1_空域限制或地形限制题型.txt_39,2026H1,2026H1,空域限制或地形限制题型,经纬度换算,导航定位,经纬度;N:;E:;N;E,ground_station_exam_cases.csv
gskill_c215dd974e75,gsec_54306f0b1eea,qbank_7cb07e6ab374,实操题库_地面站考试条件_2026H1_空域限制或地形限制题型.txt_39,2026H1,2026H1,空域限制或地形限制题型,航向方位判断,导航定位,方位;NW;SE;SW,ground_station_exam_cases.csv
gskill_5b01ac79624d,gsec_54306f0b1eea,qbank_7cb07e6ab374,实操题库_地面站考试条件_2026H1_空域限制或地形限制题型.txt_39,2026H1,2026H1,空域限制或地形限制题型,空域地形限制处理,限制绕飞,空域;限制,ground_station_exam_cases.csv
gskill_e3283493a8aa,gsec_54306f0b1eea,qbank_7cb07e6ab374,实操题库_地面站考试条件_2026H1_空域限制或地形限制题型.txt_39,2026H1,2026H1,空域限制或地形限制题型,速度高度参数设置,参数设置,高度;速度;m/s,ground_station_exam_cases.csv
gskill_58f3ccce6947,gsec_54306f0b1eea,qbank_7cb07e6ab374,实操题库_地面站考试条件_2026H1_空域限制或地形限制题型.txt_39,2026H1,2026H1,空域限制或地形限制题型,转弯停留循环设置,参数设置,转弯;停留;循环;闭合;不循环,ground_station_exam_cases.csv
gskill_f30398154e75,gsec_54306f0b1eea,qbank_7cb07e6ab374,实操题库_地面站考试条件_2026H1_空域限制或地形限制题型.txt_39,2026H1,2026H1,空域限制或地形限制题型,几何图形航线规划,几何计算,图形,ground_station_exam_cases.csv
gskill_070aeabe2c18,gsec_54306f0b1eea,qbank_7cb07e6ab374,实操题库_地面站考试条件_2026H1_空域限制或地形限制题型.txt_39,2026H1,2026H1,空域限制或地形限制题型,起飞返航点定位,导航定位,起飞点;H点,ground_station_exam_cases.csv
gskill_99821f6d2953,gsec_54306f0b1eea,qbank_7cb07e6ab374,实操题库_地面站考试条件_2026H1_空域限制或地形限制题型.txt_39,2026H1,2026H1,空域限制或地形限制题型,题型:空域限制或地形限制,题型,空域限制或地形限制题型,ground_station_exam_cases.csv
gskill_ee8f0bab1831,gsec_ed4d3ed5a01f,qbank_7cb07e6ab374,实操题库_地面站考试条件_2026H1_空域限制或地形限制题型.txt_40,2026H1,2026H1,空域限制或地形限制题型,经纬度换算,导航定位,坐标;N:;E:;N;E,ground_station_exam_cases.csv
gskill_311b8334151d,gsec_ed4d3ed5a01f,qbank_7cb07e6ab374,实操题库_地面站考试条件_2026H1_空域限制或地形限制题型.txt_40,2026H1,2026H1,空域限制或地形限制题型,航向方位判断,导航定位,方位;NE,ground_station_exam_cases.csv
gskill_c1d24951655a,gsec_ed4d3ed5a01f,qbank_7cb07e6ab374,实操题库_地面站考试条件_2026H1_空域限制或地形限制题型.txt_40,2026H1,2026H1,空域限制或地形限制题型,夹角计算,几何计算,∠;角,ground_station_exam_cases.csv
gskill_dcfd6ed01632,gsec_ed4d3ed5a01f,qbank_7cb07e6ab374,实操题库_地面站考试条件_2026H1_空域限制或地形限制题型.txt_40,2026H1,2026H1,空域限制或地形限制题型,空域地形限制处理,限制绕飞,空域;限制,ground_station_exam_cases.csv
gskill_0c92bc6e68e4,gsec_ed4d3ed5a01f,qbank_7cb07e6ab374,实操题库_地面站考试条件_2026H1_空域限制或地形限制题型.txt_40,2026H1,2026H1,空域限制或地形限制题型,速度高度参数设置,参数设置,高度;速度;m/s,ground_station_exam_cases.csv
gskill_e9789537001b,gsec_ed4d3ed5a01f,qbank_7cb07e6ab374,实操题库_地面站考试条件_2026H1_空域限制或地形限制题型.txt_40,2026H1,2026H1,空域限制或地形限制题型,转弯停留循环设置,参数设置,转弯;停留;循环,ground_station_exam_cases.csv
gskill_5850612f8d7f,gsec_ed4d3ed5a01f,qbank_7cb07e6ab374,实操题库_地面站考试条件_2026H1_空域限制或地形限制题型.txt_40,2026H1,2026H1,空域限制或地形限制题型,几何图形航线规划,几何计算,三角形;边长,ground_station_exam_cases.csv
gskill_544a67658e88,gsec_ed4d3ed5a01f,qbank_7cb07e6ab374,实操题库_地面站考试条件_2026H1_空域限制或地形限制题型.txt_40,2026H1,2026H1,空域限制或地形限制题型,起飞返航点定位,导航定位,起飞点;H点,ground_station_exam_cases.csv
gskill_9b6deb53859b,gsec_ed4d3ed5a01f,qbank_7cb07e6ab374,实操题库_地面站考试条件_2026H1_空域限制或地形限制题型.txt_40,2026H1,2026H1,空域限制或地形限制题型,题型:空域限制或地形限制,题型,空域限制或地形限制题型,ground_station_exam_cases.csv
gskill_1e4c83f52743,gsec_ceae7d6259a1,qbank_7cb07e6ab374,实操题库_地面站考试条件_2026H1_空域限制或地形限制题型.txt_41,2026H1,2026H1,空域限制或地形限制题型,经纬度换算,导航定位,经纬度;N:;E:;N;E,ground_station_exam_cases.csv
gskill_123abaf822f9,gsec_ceae7d6259a1,qbank_7cb07e6ab374,实操题库_地面站考试条件_2026H1_空域限制或地形限制题型.txt_41,2026H1,2026H1,空域限制或地形限制题型,航向方位判断,导航定位,航向;SE;SW,ground_station_exam_cases.csv
gskill_980c4c1f5dd1,gsec_ceae7d6259a1,qbank_7cb07e6ab374,实操题库_地面站考试条件_2026H1_空域限制或地形限制题型.txt_41,2026H1,2026H1,空域限制或地形限制题型,夹角计算,几何计算,角,ground_station_exam_cases.csv
gskill_7d4f607dbf37,gsec_ceae7d6259a1,qbank_7cb07e6ab374,实操题库_地面站考试条件_2026H1_空域限制或地形限制题型.txt_41,2026H1,2026H1,空域限制或地形限制题型,空域地形限制处理,限制绕飞,空域;限制,ground_station_exam_cases.csv
gskill_c25e7b7ca40f,gsec_ceae7d6259a1,qbank_7cb07e6ab374,实操题库_地面站考试条件_2026H1_空域限制或地形限制题型.txt_41,2026H1,2026H1,空域限制或地形限制题型,速度高度参数设置,参数设置,高度;速度;m/s,ground_station_exam_cases.csv
gskill_7648c9e9bf42,gsec_ceae7d6259a1,qbank_7cb07e6ab374,实操题库_地面站考试条件_2026H1_空域限制或地形限制题型.txt_41,2026H1,2026H1,空域限制或地形限制题型,转弯停留循环设置,参数设置,转弯;停留;循环;闭合,ground_station_exam_cases.csv
gskill_aa26ac056538,gsec_ceae7d6259a1,qbank_7cb07e6ab374,实操题库_地面站考试条件_2026H1_空域限制或地形限制题型.txt_41,2026H1,2026H1,空域限制或地形限制题型,几何图形航线规划,几何计算,三角形;边长,ground_station_exam_cases.csv
gskill_8c479d96511f,gsec_ceae7d6259a1,qbank_7cb07e6ab374,实操题库_地面站考试条件_2026H1_空域限制或地形限制题型.txt_41,2026H1,2026H1,空域限制或地形限制题型,起飞返航点定位,导航定位,起飞点,ground_station_exam_cases.csv
gskill_7ba789a31025,gsec_ceae7d6259a1,qbank_7cb07e6ab374,实操题库_地面站考试条件_2026H1_空域限制或地形限制题型.txt_41,2026H1,2026H1,空域限制或地形限制题型,题型:空域限制或地形限制,题型,空域限制或地形限制题型,ground_station_exam_cases.csv
gskill_230c75ba83f6,gsec_49c4a21b1fa7,qbank_7cb07e6ab374,实操题库_地面站考试条件_2026H1_空域限制或地形限制题型.txt_42,2026H1,2026H1,空域限制或地形限制题型,经纬度换算,导航定位,经纬度;N:;E:;N;E,ground_station_exam_cases.csv
gskill_ed1f738ff85f,gsec_49c4a21b1fa7,qbank_7cb07e6ab374,实操题库_地面站考试条件_2026H1_空域限制或地形限制题型.txt_42,2026H1,2026H1,空域限制或地形限制题型,航向方位判断,导航定位,方位;NE,ground_station_exam_cases.csv
gskill_c5f007675dbc,gsec_49c4a21b1fa7,qbank_7cb07e6ab374,实操题库_地面站考试条件_2026H1_空域限制或地形限制题型.txt_42,2026H1,2026H1,空域限制或地形限制题型,夹角计算,几何计算,∠;角,ground_station_exam_cases.csv
gskill_f081731006d4,gsec_49c4a21b1fa7,qbank_7cb07e6ab374,实操题库_地面站考试条件_2026H1_空域限制或地形限制题型.txt_42,2026H1,2026H1,空域限制或地形限制题型,空域地形限制处理,限制绕飞,地形;限制,ground_station_exam_cases.csv
gskill_34beda32ed40,gsec_49c4a21b1fa7,qbank_7cb07e6ab374,实操题库_地面站考试条件_2026H1_空域限制或地形限制题型.txt_42,2026H1,2026H1,空域限制或地形限制题型,速度高度参数设置,参数设置,高度;速度;m/s,ground_station_exam_cases.csv
gskill_f1c55aaf1fad,gsec_49c4a21b1fa7,qbank_7cb07e6ab374,实操题库_地面站考试条件_2026H1_空域限制或地形限制题型.txt_42,2026H1,2026H1,空域限制或地形限制题型,转弯停留循环设置,参数设置,转弯;停留;循环,ground_station_exam_cases.csv
gskill_42e1af76ca52,gsec_49c4a21b1fa7,qbank_7cb07e6ab374,实操题库_地面站考试条件_2026H1_空域限制或地形限制题型.txt_42,2026H1,2026H1,空域限制或地形限制题型,几何图形航线规划,几何计算,三角形;边长,ground_station_exam_cases.csv
gskill_eeddba1bbec0,gsec_49c4a21b1fa7,qbank_7cb07e6ab374,实操题库_地面站考试条件_2026H1_空域限制或地形限制题型.txt_42,2026H1,2026H1,空域限制或地形限制题型,起飞返航点定位,导航定位,起飞点,ground_station_exam_cases.csv
gskill_ae41ea05dd99,gsec_49c4a21b1fa7,qbank_7cb07e6ab374,实操题库_地面站考试条件_2026H1_空域限制或地形限制题型.txt_42,2026H1,2026H1,空域限制或地形限制题型,题型:空域限制或地形限制,题型,空域限制或地形限制题型,ground_station_exam_cases.csv
gskill_adef09b39358,gsec_685eaa992d4b,qbank_7cb07e6ab374,实操题库_地面站考试条件_2026H1_空域限制或地形限制题型.txt_43,2026H1,2026H1,空域限制或地形限制题型,经纬度换算,导航定位,经纬度;N:;E:;N;E,ground_station_exam_cases.csv
gskill_1560d41e7b75,gsec_685eaa992d4b,qbank_7cb07e6ab374,实操题库_地面站考试条件_2026H1_空域限制或地形限制题型.txt_43,2026H1,2026H1,空域限制或地形限制题型,航向方位判断,导航定位,航向;方位,ground_station_exam_cases.csv
gskill_baae0a350f51,gsec_685eaa992d4b,qbank_7cb07e6ab374,实操题库_地面站考试条件_2026H1_空域限制或地形限制题型.txt_43,2026H1,2026H1,空域限制或地形限制题型,速度高度参数设置,参数设置,高度;速度;m/s,ground_station_exam_cases.csv
gskill_67129afba37f,gsec_685eaa992d4b,qbank_7cb07e6ab374,实操题库_地面站考试条件_2026H1_空域限制或地形限制题型.txt_43,2026H1,2026H1,空域限制或地形限制题型,转弯停留循环设置,参数设置,转弯;停留;循环,ground_station_exam_cases.csv
gskill_1418915dacd1,gsec_685eaa992d4b,qbank_7cb07e6ab374,实操题库_地面站考试条件_2026H1_空域限制或地形限制题型.txt_43,2026H1,2026H1,空域限制或地形限制题型,几何图形航线规划,几何计算,六边形;边长,ground_station_exam_cases.csv
gskill_81932454ba8e,gsec_685eaa992d4b,qbank_7cb07e6ab374,实操题库_地面站考试条件_2026H1_空域限制或地形限制题型.txt_43,2026H1,2026H1,空域限制或地形限制题型,起飞返航点定位,导航定位,起飞点;H点,ground_station_exam_cases.csv
gskill_6fcb1d118f29,gsec_685eaa992d4b,qbank_7cb07e6ab374,实操题库_地面站考试条件_2026H1_空域限制或地形限制题型.txt_43,2026H1,2026H1,空域限制或地形限制题型,题型:空域限制或地形限制,题型,空域限制或地形限制题型,ground_station_exam_cases.csv
gskill_e116eed48940,gsec_044ead8186c3,qbank_7cb07e6ab374,实操题库_地面站考试条件_2026H1_空域限制或地形限制题型.txt_44,2026H1,2026H1,空域限制或地形限制题型,经纬度换算,导航定位,经纬度;N:;E:;N;E,ground_station_exam_cases.csv
gskill_8aabb6bff68b,gsec_044ead8186c3,qbank_7cb07e6ab374,实操题库_地面站考试条件_2026H1_空域限制或地形限制题型.txt_44,2026H1,2026H1,空域限制或地形限制题型,航向方位判断,导航定位,方位;NW;SW,ground_station_exam_cases.csv
gskill_3bed85f129b9,gsec_044ead8186c3,qbank_7cb07e6ab374,实操题库_地面站考试条件_2026H1_空域限制或地形限制题型.txt_44,2026H1,2026H1,空域限制或地形限制题型,空域地形限制处理,限制绕飞,地形;限制,ground_station_exam_cases.csv
gskill_59d354f86c85,gsec_044ead8186c3,qbank_7cb07e6ab374,实操题库_地面站考试条件_2026H1_空域限制或地形限制题型.txt_44,2026H1,2026H1,空域限制或地形限制题型,速度高度参数设置,参数设置,高度;速度;m/s,ground_station_exam_cases.csv
gskill_42caafcd0c3c,gsec_044ead8186c3,qbank_7cb07e6ab374,实操题库_地面站考试条件_2026H1_空域限制或地形限制题型.txt_44,2026H1,2026H1,空域限制或地形限制题型,转弯停留循环设置,参数设置,转弯;停留;循环;闭合;不循环,ground_station_exam_cases.csv
gskill_a956fa5222d5,gsec_044ead8186c3,qbank_7cb07e6ab374,实操题库_地面站考试条件_2026H1_空域限制或地形限制题型.txt_44,2026H1,2026H1,空域限制或地形限制题型,起飞返航点定位,导航定位,起飞点,ground_station_exam_cases.csv
gskill_a68fe468aebe,gsec_044ead8186c3,qbank_7cb07e6ab374,实操题库_地面站考试条件_2026H1_空域限制或地形限制题型.txt_44,2026H1,2026H1,空域限制或地形限制题型,题型:空域限制或地形限制,题型,空域限制或地形限制题型,ground_station_exam_cases.csv
gskill_935ce60117aa,gsec_b676be6c38bd,qbank_7cb07e6ab374,实操题库_地面站考试条件_2026H1_空域限制或地形限制题型.txt_45,2026H1,2026H1,空域限制或地形限制题型,经纬度换算,导航定位,经纬度;N:;E:;N;E,ground_station_exam_cases.csv
gskill_3a7b8f0e8349,gsec_b676be6c38bd,qbank_7cb07e6ab374,实操题库_地面站考试条件_2026H1_空域限制或地形限制题型.txt_45,2026H1,2026H1,空域限制或地形限制题型,航向方位判断,导航定位,方位,ground_station_exam_cases.csv
gskill_f49eb0904cdc,gsec_b676be6c38bd,qbank_7cb07e6ab374,实操题库_地面站考试条件_2026H1_空域限制或地形限制题型.txt_45,2026H1,2026H1,空域限制或地形限制题型,空域地形限制处理,限制绕飞,地形;限制,ground_station_exam_cases.csv
gskill_5165aa62acc4,gsec_b676be6c38bd,qbank_7cb07e6ab374,实操题库_地面站考试条件_2026H1_空域限制或地形限制题型.txt_45,2026H1,2026H1,空域限制或地形限制题型,速度高度参数设置,参数设置,高度;速度;m/s,ground_station_exam_cases.csv
gskill_6c5defa60b84,gsec_b676be6c38bd,qbank_7cb07e6ab374,实操题库_地面站考试条件_2026H1_空域限制或地形限制题型.txt_45,2026H1,2026H1,空域限制或地形限制题型,转弯停留循环设置,参数设置,转弯;停留,ground_station_exam_cases.csv
gskill_ce72cc121c0c,gsec_b676be6c38bd,qbank_7cb07e6ab374,实操题库_地面站考试条件_2026H1_空域限制或地形限制题型.txt_45,2026H1,2026H1,空域限制或地形限制题型,起飞返航点定位,导航定位,起飞点,ground_station_exam_cases.csv
gskill_08d2275d482a,gsec_b676be6c38bd,qbank_7cb07e6ab374,实操题库_地面站考试条件_2026H1_空域限制或地形限制题型.txt_45,2026H1,2026H1,空域限制或地形限制题型,题型:空域限制或地形限制,题型,空域限制或地形限制题型,ground_station_exam_cases.csv
gskill_7c8d9e736479,gsec_e2ab911ee6ac,qbank_7cb07e6ab374,实操题库_地面站考试条件_2026H1_空域限制或地形限制题型.txt_46,2026H1,2026H1,空域限制或地形限制题型,经纬度换算,导航定位,经纬度;N:;E:;N;E,ground_station_exam_cases.csv
gskill_3168a9393593,gsec_e2ab911ee6ac,qbank_7cb07e6ab374,实操题库_地面站考试条件_2026H1_空域限制或地形限制题型.txt_46,2026H1,2026H1,空域限制或地形限制题型,航向方位判断,导航定位,方位,ground_station_exam_cases.csv
gskill_d690b588041a,gsec_e2ab911ee6ac,qbank_7cb07e6ab374,实操题库_地面站考试条件_2026H1_空域限制或地形限制题型.txt_46,2026H1,2026H1,空域限制或地形限制题型,夹角计算,几何计算,∠,ground_station_exam_cases.csv
gskill_e2daca8a792e,gsec_e2ab911ee6ac,qbank_7cb07e6ab374,实操题库_地面站考试条件_2026H1_空域限制或地形限制题型.txt_46,2026H1,2026H1,空域限制或地形限制题型,空域地形限制处理,限制绕飞,地形;限制,ground_station_exam_cases.csv
gskill_a98a93c6eee9,gsec_e2ab911ee6ac,qbank_7cb07e6ab374,实操题库_地面站考试条件_2026H1_空域限制或地形限制题型.txt_46,2026H1,2026H1,空域限制或地形限制题型,速度高度参数设置,参数设置,高度;速度;m/s,ground_station_exam_cases.csv
gskill_5225ac4b7037,gsec_e2ab911ee6ac,qbank_7cb07e6ab374,实操题库_地面站考试条件_2026H1_空域限制或地形限制题型.txt_46,2026H1,2026H1,空域限制或地形限制题型,转弯停留循环设置,参数设置,转弯;停留;循环,ground_station_exam_cases.csv
gskill_24ddb243f394,gsec_e2ab911ee6ac,qbank_7cb07e6ab374,实操题库_地面站考试条件_2026H1_空域限制或地形限制题型.txt_46,2026H1,2026H1,空域限制或地形限制题型,几何图形航线规划,几何计算,五边形;边长,ground_station_exam_cases.csv
gskill_b273c23d2e08,gsec_e2ab911ee6ac,qbank_7cb07e6ab374,实操题库_地面站考试条件_2026H1_空域限制或地形限制题型.txt_46,2026H1,2026H1,空域限制或地形限制题型,起飞返航点定位,导航定位,起飞点,ground_station_exam_cases.csv
gskill_02ce03b52f6d,gsec_e2ab911ee6ac,qbank_7cb07e6ab374,实操题库_地面站考试条件_2026H1_空域限制或地形限制题型.txt_46,2026H1,2026H1,空域限制或地形限制题型,题型:空域限制或地形限制,题型,空域限制或地形限制题型,ground_station_exam_cases.csv
gskill_8a784f1c9304,gsec_d197e307feab,qbank_7cb07e6ab374,实操题库_地面站考试条件_2026H1_空域限制或地形限制题型.txt_47,2026H1,2026H1,空域限制或地形限制题型,经纬度换算,导航定位,经纬度;N:;E:;N;E,ground_station_exam_cases.csv
gskill_8a41440b811a,gsec_d197e307feab,qbank_7cb07e6ab374,实操题库_地面站考试条件_2026H1_空域限制或地形限制题型.txt_47,2026H1,2026H1,空域限制或地形限制题型,航向方位判断,导航定位,方位,ground_station_exam_cases.csv
gskill_edd93807ccc7,gsec_d197e307feab,qbank_7cb07e6ab374,实操题库_地面站考试条件_2026H1_空域限制或地形限制题型.txt_47,2026H1,2026H1,空域限制或地形限制题型,空域地形限制处理,限制绕飞,地形;限制,ground_station_exam_cases.csv
gskill_ae4cae3a8b79,gsec_d197e307feab,qbank_7cb07e6ab374,实操题库_地面站考试条件_2026H1_空域限制或地形限制题型.txt_47,2026H1,2026H1,空域限制或地形限制题型,速度高度参数设置,参数设置,高度;速度;m/s,ground_station_exam_cases.csv
gskill_60fa426bd15a,gsec_d197e307feab,qbank_7cb07e6ab374,实操题库_地面站考试条件_2026H1_空域限制或地形限制题型.txt_47,2026H1,2026H1,空域限制或地形限制题型,转弯停留循环设置,参数设置,转弯;停留;循环;闭合,ground_station_exam_cases.csv
gskill_d2b8b94662f2,gsec_d197e307feab,qbank_7cb07e6ab374,实操题库_地面站考试条件_2026H1_空域限制或地形限制题型.txt_47,2026H1,2026H1,空域限制或地形限制题型,几何图形航线规划,几何计算,图形,ground_station_exam_cases.csv
gskill_0920dcc6eb75,gsec_d197e307feab,qbank_7cb07e6ab374,实操题库_地面站考试条件_2026H1_空域限制或地形限制题型.txt_47,2026H1,2026H1,空域限制或地形限制题型,起飞返航点定位,导航定位,起飞点,ground_station_exam_cases.csv
gskill_f22ee8e81891,gsec_d197e307feab,qbank_7cb07e6ab374,实操题库_地面站考试条件_2026H1_空域限制或地形限制题型.txt_47,2026H1,2026H1,空域限制或地形限制题型,题型:空域限制或地形限制,题型,空域限制或地形限制题型,ground_station_exam_cases.csv
gskill_6da35a652ec6,gsec_b965a80866e5,qbank_7cb07e6ab374,实操题库_地面站考试条件_2026H1_空域限制或地形限制题型.txt_48,2026H1,2026H1,空域限制或地形限制题型,经纬度换算,导航定位,经纬度;N:;E:;N;E,ground_station_exam_cases.csv
gskill_6bea0ba22c7c,gsec_b965a80866e5,qbank_7cb07e6ab374,实操题库_地面站考试条件_2026H1_空域限制或地形限制题型.txt_48,2026H1,2026H1,空域限制或地形限制题型,航向方位判断,导航定位,方位,ground_station_exam_cases.csv
gskill_11a76acb6922,gsec_b965a80866e5,qbank_7cb07e6ab374,实操题库_地面站考试条件_2026H1_空域限制或地形限制题型.txt_48,2026H1,2026H1,空域限制或地形限制题型,夹角计算,几何计算,角,ground_station_exam_cases.csv
gskill_457442c00afe,gsec_b965a80866e5,qbank_7cb07e6ab374,实操题库_地面站考试条件_2026H1_空域限制或地形限制题型.txt_48,2026H1,2026H1,空域限制或地形限制题型,空域地形限制处理,限制绕飞,空域;限制,ground_station_exam_cases.csv
gskill_c2812c221a23,gsec_b965a80866e5,qbank_7cb07e6ab374,实操题库_地面站考试条件_2026H1_空域限制或地形限制题型.txt_48,2026H1,2026H1,空域限制或地形限制题型,速度高度参数设置,参数设置,高度,ground_station_exam_cases.csv
gskill_b29108f05d4e,gsec_b965a80866e5,qbank_7cb07e6ab374,实操题库_地面站考试条件_2026H1_空域限制或地形限制题型.txt_48,2026H1,2026H1,空域限制或地形限制题型,转弯停留循环设置,参数设置,转弯;循环,ground_station_exam_cases.csv
gskill_1c4a1780c8ae,gsec_b965a80866e5,qbank_7cb07e6ab374,实操题库_地面站考试条件_2026H1_空域限制或地形限制题型.txt_48,2026H1,2026H1,空域限制或地形限制题型,几何图形航线规划,几何计算,三角形;边长,ground_station_exam_cases.csv
gskill_4b02ae7ec9f9,gsec_b965a80866e5,qbank_7cb07e6ab374,实操题库_地面站考试条件_2026H1_空域限制或地形限制题型.txt_48,2026H1,2026H1,空域限制或地形限制题型,起飞返航点定位,导航定位,起飞点,ground_station_exam_cases.csv
gskill_12b54666a035,gsec_b965a80866e5,qbank_7cb07e6ab374,实操题库_地面站考试条件_2026H1_空域限制或地形限制题型.txt_48,2026H1,2026H1,空域限制或地形限制题型,题型:空域限制或地形限制,题型,空域限制或地形限制题型,ground_station_exam_cases.csv
gskill_dbeb86c09c41,gsec_44357243dcaf,qbank_7cb07e6ab374,实操题库_地面站考试条件_2026H1_空域限制或地形限制题型.txt_49,2026H1,2026H1,空域限制或地形限制题型,经纬度换算,导航定位,经纬度;N:;E:;N;E,ground_station_exam_cases.csv
gskill_4fe2f83da289,gsec_44357243dcaf,qbank_7cb07e6ab374,实操题库_地面站考试条件_2026H1_空域限制或地形限制题型.txt_49,2026H1,2026H1,空域限制或地形限制题型,航向方位判断,导航定位,方位,ground_station_exam_cases.csv
gskill_25f4385beac6,gsec_44357243dcaf,qbank_7cb07e6ab374,实操题库_地面站考试条件_2026H1_空域限制或地形限制题型.txt_49,2026H1,2026H1,空域限制或地形限制题型,空域地形限制处理,限制绕飞,空域;限制,ground_station_exam_cases.csv
gskill_42caf8e084b3,gsec_44357243dcaf,qbank_7cb07e6ab374,实操题库_地面站考试条件_2026H1_空域限制或地形限制题型.txt_49,2026H1,2026H1,空域限制或地形限制题型,速度高度参数设置,参数设置,高度;速度;m/s,ground_station_exam_cases.csv
gskill_2c60659161e9,gsec_44357243dcaf,qbank_7cb07e6ab374,实操题库_地面站考试条件_2026H1_空域限制或地形限制题型.txt_49,2026H1,2026H1,空域限制或地形限制题型,转弯停留循环设置,参数设置,转弯;停留;循环,ground_station_exam_cases.csv
gskill_efd5ad1ebf6e,gsec_44357243dcaf,qbank_7cb07e6ab374,实操题库_地面站考试条件_2026H1_空域限制或地形限制题型.txt_49,2026H1,2026H1,空域限制或地形限制题型,几何图形航线规划,几何计算,六边形;边长,ground_station_exam_cases.csv
gskill_17531a9f9288,gsec_44357243dcaf,qbank_7cb07e6ab374,实操题库_地面站考试条件_2026H1_空域限制或地形限制题型.txt_49,2026H1,2026H1,空域限制或地形限制题型,起飞返航点定位,导航定位,起飞点,ground_station_exam_cases.csv
gskill_e5b5608b3d73,gsec_44357243dcaf,qbank_7cb07e6ab374,实操题库_地面站考试条件_2026H1_空域限制或地形限制题型.txt_49,2026H1,2026H1,空域限制或地形限制题型,题型:空域限制或地形限制,题型,空域限制或地形限制题型,ground_station_exam_cases.csv
gskill_fe41231dac8f,gsec_4471d5f0dda6,qbank_7cb07e6ab374,实操题库_地面站考试条件_2026H1_空域限制或地形限制题型.txt_50,2026H1,2026H1,空域限制或地形限制题型,经纬度换算,导航定位,经纬度;N:;E:;N;E,ground_station_exam_cases.csv
gskill_052b63adafec,gsec_4471d5f0dda6,qbank_7cb07e6ab374,实操题库_地面站考试条件_2026H1_空域限制或地形限制题型.txt_50,2026H1,2026H1,空域限制或地形限制题型,航向方位判断,导航定位,方位,ground_station_exam_cases.csv
gskill_e9b7aa595d28,gsec_4471d5f0dda6,qbank_7cb07e6ab374,实操题库_地面站考试条件_2026H1_空域限制或地形限制题型.txt_50,2026H1,2026H1,空域限制或地形限制题型,夹角计算,几何计算,∠,ground_station_exam_cases.csv
gskill_57bb2525acd8,gsec_4471d5f0dda6,qbank_7cb07e6ab374,实操题库_地面站考试条件_2026H1_空域限制或地形限制题型.txt_50,2026H1,2026H1,空域限制或地形限制题型,空域地形限制处理,限制绕飞,空域;限制,ground_station_exam_cases.csv
gskill_72cd5e11f0bd,gsec_4471d5f0dda6,qbank_7cb07e6ab374,实操题库_地面站考试条件_2026H1_空域限制或地形限制题型.txt_50,2026H1,2026H1,空域限制或地形限制题型,速度高度参数设置,参数设置,高度;速度;m/s,ground_station_exam_cases.csv
gskill_e454f7da2e66,gsec_4471d5f0dda6,qbank_7cb07e6ab374,实操题库_地面站考试条件_2026H1_空域限制或地形限制题型.txt_50,2026H1,2026H1,空域限制或地形限制题型,转弯停留循环设置,参数设置,转弯;停留;循环;闭合,ground_station_exam_cases.csv
gskill_df9de9a2ebc6,gsec_4471d5f0dda6,qbank_7cb07e6ab374,实操题库_地面站考试条件_2026H1_空域限制或地形限制题型.txt_50,2026H1,2026H1,空域限制或地形限制题型,几何图形航线规划,几何计算,图形,ground_station_exam_cases.csv
gskill_db98138f519e,gsec_4471d5f0dda6,qbank_7cb07e6ab374,实操题库_地面站考试条件_2026H1_空域限制或地形限制题型.txt_50,2026H1,2026H1,空域限制或地形限制题型,起飞返航点定位,导航定位,起飞点,ground_station_exam_cases.csv
gskill_def22be7a585,gsec_4471d5f0dda6,qbank_7cb07e6ab374,实操题库_地面站考试条件_2026H1_空域限制或地形限制题型.txt_50,2026H1,2026H1,空域限制或地形限制题型,题型:空域限制或地形限制,题型,空域限制或地形限制题型,ground_station_exam_cases.csv
gskill_10332b415a25,gsec_6d6ee93040e0,qbank_7cb07e6ab374,实操题库_地面站考试条件_2026H1_空域限制或地形限制题型.txt_51,2026H1,2026H1,空域限制或地形限制题型,经纬度换算,导航定位,经纬度;N:;E:;N;E,ground_station_exam_cases.csv
gskill_1e9ecdce7f83,gsec_6d6ee93040e0,qbank_7cb07e6ab374,实操题库_地面站考试条件_2026H1_空域限制或地形限制题型.txt_51,2026H1,2026H1,空域限制或地形限制题型,航向方位判断,导航定位,方位;SW,ground_station_exam_cases.csv
gskill_97e1002ebc86,gsec_6d6ee93040e0,qbank_7cb07e6ab374,实操题库_地面站考试条件_2026H1_空域限制或地形限制题型.txt_51,2026H1,2026H1,空域限制或地形限制题型,夹角计算,几何计算,∠,ground_station_exam_cases.csv
gskill_439877c45f42,gsec_6d6ee93040e0,qbank_7cb07e6ab374,实操题库_地面站考试条件_2026H1_空域限制或地形限制题型.txt_51,2026H1,2026H1,空域限制或地形限制题型,空域地形限制处理,限制绕飞,空域;限制,ground_station_exam_cases.csv
gskill_6ceeaa5283f7,gsec_6d6ee93040e0,qbank_7cb07e6ab374,实操题库_地面站考试条件_2026H1_空域限制或地形限制题型.txt_51,2026H1,2026H1,空域限制或地形限制题型,速度高度参数设置,参数设置,高度;速度;m/s,ground_station_exam_cases.csv
gskill_7e8c83558715,gsec_6d6ee93040e0,qbank_7cb07e6ab374,实操题库_地面站考试条件_2026H1_空域限制或地形限制题型.txt_51,2026H1,2026H1,空域限制或地形限制题型,转弯停留循环设置,参数设置,转弯;停留;循环,ground_station_exam_cases.csv
gskill_4750822d223a,gsec_6d6ee93040e0,qbank_7cb07e6ab374,实操题库_地面站考试条件_2026H1_空域限制或地形限制题型.txt_51,2026H1,2026H1,空域限制或地形限制题型,几何图形航线规划,几何计算,五边形;边长,ground_station_exam_cases.csv
gskill_3e031f54da51,gsec_6d6ee93040e0,qbank_7cb07e6ab374,实操题库_地面站考试条件_2026H1_空域限制或地形限制题型.txt_51,2026H1,2026H1,空域限制或地形限制题型,起飞返航点定位,导航定位,起飞点,ground_station_exam_cases.csv
gskill_15602db3f3ea,gsec_6d6ee93040e0,qbank_7cb07e6ab374,实操题库_地面站考试条件_2026H1_空域限制或地形限制题型.txt_51,2026H1,2026H1,空域限制或地形限制题型,题型:空域限制或地形限制,题型,空域限制或地形限制题型,ground_station_exam_cases.csv
gskill_2aba10d67b3e,gsec_2a197b0930d5,qbank_7cb07e6ab374,实操题库_地面站考试条件_2026H1_空域限制或地形限制题型.txt_52,2026H1,2026H1,空域限制或地形限制题型,经纬度换算,导航定位,经纬度;N:;E:;N;E,ground_station_exam_cases.csv
gskill_c6ad7d982247,gsec_2a197b0930d5,qbank_7cb07e6ab374,实操题库_地面站考试条件_2026H1_空域限制或地形限制题型.txt_52,2026H1,2026H1,空域限制或地形限制题型,航向方位判断,导航定位,方位;SW,ground_station_exam_cases.csv
gskill_8b82b4b15801,gsec_2a197b0930d5,qbank_7cb07e6ab374,实操题库_地面站考试条件_2026H1_空域限制或地形限制题型.txt_52,2026H1,2026H1,空域限制或地形限制题型,夹角计算,几何计算,∠;角,ground_station_exam_cases.csv
gskill_248c34c9811d,gsec_2a197b0930d5,qbank_7cb07e6ab374,实操题库_地面站考试条件_2026H1_空域限制或地形限制题型.txt_52,2026H1,2026H1,空域限制或地形限制题型,空域地形限制处理,限制绕飞,空域;限制,ground_station_exam_cases.csv
gskill_36a96bd1f904,gsec_2a197b0930d5,qbank_7cb07e6ab374,实操题库_地面站考试条件_2026H1_空域限制或地形限制题型.txt_52,2026H1,2026H1,空域限制或地形限制题型,速度高度参数设置,参数设置,高度;速度;m/s,ground_station_exam_cases.csv
gskill_f77fbdbc3f40,gsec_2a197b0930d5,qbank_7cb07e6ab374,实操题库_地面站考试条件_2026H1_空域限制或地形限制题型.txt_52,2026H1,2026H1,空域限制或地形限制题型,转弯停留循环设置,参数设置,转弯;停留;循环,ground_station_exam_cases.csv
gskill_5f574cebff33,gsec_2a197b0930d5,qbank_7cb07e6ab374,实操题库_地面站考试条件_2026H1_空域限制或地形限制题型.txt_52,2026H1,2026H1,空域限制或地形限制题型,几何图形航线规划,几何计算,三角形;边长,ground_station_exam_cases.csv
gskill_29960ed91f3e,gsec_2a197b0930d5,qbank_7cb07e6ab374,实操题库_地面站考试条件_2026H1_空域限制或地形限制题型.txt_52,2026H1,2026H1,空域限制或地形限制题型,起飞返航点定位,导航定位,起飞点,ground_station_exam_cases.csv
gskill_cf4bc0b7d0a8,gsec_2a197b0930d5,qbank_7cb07e6ab374,实操题库_地面站考试条件_2026H1_空域限制或地形限制题型.txt_52,2026H1,2026H1,空域限制或地形限制题型,题型:空域限制或地形限制,题型,空域限制或地形限制题型,ground_station_exam_cases.csv
gskill_cc949bf6c431,gsec_5967bf865431,qbank_7cb07e6ab374,实操题库_地面站考试条件_2026H1_空域限制或地形限制题型.txt_53,2026H1,2026H1,空域限制或地形限制题型,经纬度换算,导航定位,经纬度;N:;E:;N;E,ground_station_exam_cases.csv
gskill_a740d67e737e,gsec_5967bf865431,qbank_7cb07e6ab374,实操题库_地面站考试条件_2026H1_空域限制或地形限制题型.txt_53,2026H1,2026H1,空域限制或地形限制题型,航向方位判断,导航定位,航向;SE;SW,ground_station_exam_cases.csv
gskill_a53a7b7959bc,gsec_5967bf865431,qbank_7cb07e6ab374,实操题库_地面站考试条件_2026H1_空域限制或地形限制题型.txt_53,2026H1,2026H1,空域限制或地形限制题型,夹角计算,几何计算,角,ground_station_exam_cases.csv
gskill_5f69c24fbb2a,gsec_5967bf865431,qbank_7cb07e6ab374,实操题库_地面站考试条件_2026H1_空域限制或地形限制题型.txt_53,2026H1,2026H1,空域限制或地形限制题型,空域地形限制处理,限制绕飞,空域;限制,ground_station_exam_cases.csv
gskill_dc7f2457f2bb,gsec_5967bf865431,qbank_7cb07e6ab374,实操题库_地面站考试条件_2026H1_空域限制或地形限制题型.txt_53,2026H1,2026H1,空域限制或地形限制题型,速度高度参数设置,参数设置,高度;速度;m/s,ground_station_exam_cases.csv
gskill_89cab8e2f5a5,gsec_5967bf865431,qbank_7cb07e6ab374,实操题库_地面站考试条件_2026H1_空域限制或地形限制题型.txt_53,2026H1,2026H1,空域限制或地形限制题型,转弯停留循环设置,参数设置,转弯;停留;循环;闭合,ground_station_exam_cases.csv
gskill_8521c1ff54a4,gsec_5967bf865431,qbank_7cb07e6ab374,实操题库_地面站考试条件_2026H1_空域限制或地形限制题型.txt_53,2026H1,2026H1,空域限制或地形限制题型,几何图形航线规划,几何计算,三角形;边长,ground_station_exam_cases.csv
gskill_f69b02f78371,gsec_5967bf865431,qbank_7cb07e6ab374,实操题库_地面站考试条件_2026H1_空域限制或地形限制题型.txt_53,2026H1,2026H1,空域限制或地形限制题型,起飞返航点定位,导航定位,起飞点,ground_station_exam_cases.csv
gskill_bf0e7c639dc4,gsec_5967bf865431,qbank_7cb07e6ab374,实操题库_地面站考试条件_2026H1_空域限制或地形限制题型.txt_53,2026H1,2026H1,空域限制或地形限制题型,题型:空域限制或地形限制,题型,空域限制或地形限制题型,ground_station_exam_cases.csv
gskill_f3b2fc27600f,gsec_8ae5a264d252,qbank_7cb07e6ab374,实操题库_地面站考试条件_2026H1_空域限制或地形限制题型.txt_54,2026H1,2026H1,空域限制或地形限制题型,经纬度换算,导航定位,经纬度;N:;E:;N;E,ground_station_exam_cases.csv
gskill_a2db0679a36e,gsec_8ae5a264d252,qbank_7cb07e6ab374,实操题库_地面站考试条件_2026H1_空域限制或地形限制题型.txt_54,2026H1,2026H1,空域限制或地形限制题型,夹角计算,几何计算,角,ground_station_exam_cases.csv
gskill_1d83908bfaa6,gsec_8ae5a264d252,qbank_7cb07e6ab374,实操题库_地面站考试条件_2026H1_空域限制或地形限制题型.txt_54,2026H1,2026H1,空域限制或地形限制题型,空域地形限制处理,限制绕飞,空域;限制,ground_station_exam_cases.csv
gskill_66e24f3f2dc2,gsec_8ae5a264d252,qbank_7cb07e6ab374,实操题库_地面站考试条件_2026H1_空域限制或地形限制题型.txt_54,2026H1,2026H1,空域限制或地形限制题型,速度高度参数设置,参数设置,高度;速度;m/s,ground_station_exam_cases.csv
gskill_2f844e37625c,gsec_8ae5a264d252,qbank_7cb07e6ab374,实操题库_地面站考试条件_2026H1_空域限制或地形限制题型.txt_54,2026H1,2026H1,空域限制或地形限制题型,转弯停留循环设置,参数设置,转弯;停留;循环;闭合;不循环,ground_station_exam_cases.csv
gskill_3d2050f55d16,gsec_8ae5a264d252,qbank_7cb07e6ab374,实操题库_地面站考试条件_2026H1_空域限制或地形限制题型.txt_54,2026H1,2026H1,空域限制或地形限制题型,几何图形航线规划,几何计算,边长,ground_station_exam_cases.csv
gskill_364745a24531,gsec_8ae5a264d252,qbank_7cb07e6ab374,实操题库_地面站考试条件_2026H1_空域限制或地形限制题型.txt_54,2026H1,2026H1,空域限制或地形限制题型,起飞返航点定位,导航定位,起飞点,ground_station_exam_cases.csv
gskill_d5d1721e1a2d,gsec_8ae5a264d252,qbank_7cb07e6ab374,实操题库_地面站考试条件_2026H1_空域限制或地形限制题型.txt_54,2026H1,2026H1,空域限制或地形限制题型,题型:空域限制或地形限制,题型,空域限制或地形限制题型,ground_station_exam_cases.csv
gskill_9f7402ca76d2,gsec_849ecf382eba,qbank_7cb07e6ab374,实操题库_地面站考试条件_2026H1_空域限制或地形限制题型.txt_55,2026H1,2026H1,空域限制或地形限制题型,经纬度换算,导航定位,经纬度;N:;E:;N;E,ground_station_exam_cases.csv
gskill_9f7ba0b7ce0e,gsec_849ecf382eba,qbank_7cb07e6ab374,实操题库_地面站考试条件_2026H1_空域限制或地形限制题型.txt_55,2026H1,2026H1,空域限制或地形限制题型,航向方位判断,导航定位,方位,ground_station_exam_cases.csv
gskill_5e53e32f2b12,gsec_849ecf382eba,qbank_7cb07e6ab374,实操题库_地面站考试条件_2026H1_空域限制或地形限制题型.txt_55,2026H1,2026H1,空域限制或地形限制题型,夹角计算,几何计算,∠;角,ground_station_exam_cases.csv
gskill_583d142c7ac8,gsec_849ecf382eba,qbank_7cb07e6ab374,实操题库_地面站考试条件_2026H1_空域限制或地形限制题型.txt_55,2026H1,2026H1,空域限制或地形限制题型,空域地形限制处理,限制绕飞,空域;限制,ground_station_exam_cases.csv
gskill_b8ad64627b34,gsec_849ecf382eba,qbank_7cb07e6ab374,实操题库_地面站考试条件_2026H1_空域限制或地形限制题型.txt_55,2026H1,2026H1,空域限制或地形限制题型,速度高度参数设置,参数设置,高度;速度;m/s,ground_station_exam_cases.csv
gskill_1e7238329219,gsec_849ecf382eba,qbank_7cb07e6ab374,实操题库_地面站考试条件_2026H1_空域限制或地形限制题型.txt_55,2026H1,2026H1,空域限制或地形限制题型,转弯停留循环设置,参数设置,转弯;停留;循环,ground_station_exam_cases.csv
gskill_53715628656b,gsec_849ecf382eba,qbank_7cb07e6ab374,实操题库_地面站考试条件_2026H1_空域限制或地形限制题型.txt_55,2026H1,2026H1,空域限制或地形限制题型,几何图形航线规划,几何计算,三角形;边长,ground_station_exam_cases.csv
gskill_e7129b667e26,gsec_849ecf382eba,qbank_7cb07e6ab374,实操题库_地面站考试条件_2026H1_空域限制或地形限制题型.txt_55,2026H1,2026H1,空域限制或地形限制题型,起飞返航点定位,导航定位,起飞点,ground_station_exam_cases.csv
gskill_c082e846b508,gsec_849ecf382eba,qbank_7cb07e6ab374,实操题库_地面站考试条件_2026H1_空域限制或地形限制题型.txt_55,2026H1,2026H1,空域限制或地形限制题型,题型:空域限制或地形限制,题型,空域限制或地形限制题型,ground_station_exam_cases.csv
gskill_50f794706a73,gsec_32d4b1e31106,qbank_7cb07e6ab374,实操题库_地面站考试条件_2026H1_空域限制或地形限制题型.txt_56,2026H1,2026H1,空域限制或地形限制题型,经纬度换算,导航定位,经纬度;N:;E:;N;E,ground_station_exam_cases.csv
gskill_a01e5d3c4e4e,gsec_32d4b1e31106,qbank_7cb07e6ab374,实操题库_地面站考试条件_2026H1_空域限制或地形限制题型.txt_56,2026H1,2026H1,空域限制或地形限制题型,航向方位判断,导航定位,方位,ground_station_exam_cases.csv
gskill_cf530f7b6046,gsec_32d4b1e31106,qbank_7cb07e6ab374,实操题库_地面站考试条件_2026H1_空域限制或地形限制题型.txt_56,2026H1,2026H1,空域限制或地形限制题型,夹角计算,几何计算,∠,ground_station_exam_cases.csv
gskill_4b5b2c613e8d,gsec_32d4b1e31106,qbank_7cb07e6ab374,实操题库_地面站考试条件_2026H1_空域限制或地形限制题型.txt_56,2026H1,2026H1,空域限制或地形限制题型,空域地形限制处理,限制绕飞,空域;限制,ground_station_exam_cases.csv
gskill_3c01fcf26b78,gsec_32d4b1e31106,qbank_7cb07e6ab374,实操题库_地面站考试条件_2026H1_空域限制或地形限制题型.txt_56,2026H1,2026H1,空域限制或地形限制题型,速度高度参数设置,参数设置,高度;速度;m/s,ground_station_exam_cases.csv
gskill_8c545bbfc7b2,gsec_32d4b1e31106,qbank_7cb07e6ab374,实操题库_地面站考试条件_2026H1_空域限制或地形限制题型.txt_56,2026H1,2026H1,空域限制或地形限制题型,转弯停留循环设置,参数设置,转弯;停留;循环,ground_station_exam_cases.csv
gskill_aa9d2ce7864a,gsec_32d4b1e31106,qbank_7cb07e6ab374,实操题库_地面站考试条件_2026H1_空域限制或地形限制题型.txt_56,2026H1,2026H1,空域限制或地形限制题型,几何图形航线规划,几何计算,边长,ground_station_exam_cases.csv
gskill_54e02072b628,gsec_32d4b1e31106,qbank_7cb07e6ab374,实操题库_地面站考试条件_2026H1_空域限制或地形限制题型.txt_56,2026H1,2026H1,空域限制或地形限制题型,起飞返航点定位,导航定位,起飞点,ground_station_exam_cases.csv
gskill_8914dd27d2d9,gsec_32d4b1e31106,qbank_7cb07e6ab374,实操题库_地面站考试条件_2026H1_空域限制或地形限制题型.txt_56,2026H1,2026H1,空域限制或地形限制题型,题型:空域限制或地形限制,题型,空域限制或地形限制题型,ground_station_exam_cases.csv
gskill_e1427138abb4,gsec_3ebe068d4f5d,qbank_7cb07e6ab374,实操题库_地面站考试条件_2026H1_空域限制或地形限制题型.txt_57,2026H1,2026H1,空域限制或地形限制题型,经纬度换算,导航定位,经纬度;N:;E:;N;E,ground_station_exam_cases.csv
gskill_339b7d361d49,gsec_3ebe068d4f5d,qbank_7cb07e6ab374,实操题库_地面站考试条件_2026H1_空域限制或地形限制题型.txt_57,2026H1,2026H1,空域限制或地形限制题型,航向方位判断,导航定位,方位,ground_station_exam_cases.csv
gskill_39651437ca1b,gsec_3ebe068d4f5d,qbank_7cb07e6ab374,实操题库_地面站考试条件_2026H1_空域限制或地形限制题型.txt_57,2026H1,2026H1,空域限制或地形限制题型,空域地形限制处理,限制绕飞,空域;限制,ground_station_exam_cases.csv
gskill_3a694f0c11ac,gsec_3ebe068d4f5d,qbank_7cb07e6ab374,实操题库_地面站考试条件_2026H1_空域限制或地形限制题型.txt_57,2026H1,2026H1,空域限制或地形限制题型,速度高度参数设置,参数设置,高度;速度;m/s,ground_station_exam_cases.csv
gskill_0628a9127339,gsec_3ebe068d4f5d,qbank_7cb07e6ab374,实操题库_地面站考试条件_2026H1_空域限制或地形限制题型.txt_57,2026H1,2026H1,空域限制或地形限制题型,转弯停留循环设置,参数设置,转弯;停留;循环;闭合,ground_station_exam_cases.csv
gskill_369939ef53d7,gsec_3ebe068d4f5d,qbank_7cb07e6ab374,实操题库_地面站考试条件_2026H1_空域限制或地形限制题型.txt_57,2026H1,2026H1,空域限制或地形限制题型,几何图形航线规划,几何计算,图形,ground_station_exam_cases.csv
gskill_a7e0852a6ca8,gsec_3ebe068d4f5d,qbank_7cb07e6ab374,实操题库_地面站考试条件_2026H1_空域限制或地形限制题型.txt_57,2026H1,2026H1,空域限制或地形限制题型,起飞返航点定位,导航定位,起飞点,ground_station_exam_cases.csv
gskill_dbfd8d74d1fb,gsec_3ebe068d4f5d,qbank_7cb07e6ab374,实操题库_地面站考试条件_2026H1_空域限制或地形限制题型.txt_57,2026H1,2026H1,空域限制或地形限制题型,题型:空域限制或地形限制,题型,空域限制或地形限制题型,ground_station_exam_cases.csv
gskill_70c6df6b1be7,gsec_d149dc24bc14,qbank_7cb07e6ab374,实操题库_地面站考试条件_2026H1_空域限制或地形限制题型.txt_58,2026H1,2026H1,空域限制或地形限制题型,经纬度换算,导航定位,经纬度;N:;E:;N;E,ground_station_exam_cases.csv
gskill_8013e328010b,gsec_d149dc24bc14,qbank_7cb07e6ab374,实操题库_地面站考试条件_2026H1_空域限制或地形限制题型.txt_58,2026H1,2026H1,空域限制或地形限制题型,航向方位判断,导航定位,方位;NW,ground_station_exam_cases.csv
gskill_13f0ded4abc9,gsec_d149dc24bc14,qbank_7cb07e6ab374,实操题库_地面站考试条件_2026H1_空域限制或地形限制题型.txt_58,2026H1,2026H1,空域限制或地形限制题型,夹角计算,几何计算,∠;角,ground_station_exam_cases.csv
gskill_3116d6129a04,gsec_d149dc24bc14,qbank_7cb07e6ab374,实操题库_地面站考试条件_2026H1_空域限制或地形限制题型.txt_58,2026H1,2026H1,空域限制或地形限制题型,空域地形限制处理,限制绕飞,空域;限制,ground_station_exam_cases.csv
gskill_e495f24a1ddf,gsec_d149dc24bc14,qbank_7cb07e6ab374,实操题库_地面站考试条件_2026H1_空域限制或地形限制题型.txt_58,2026H1,2026H1,空域限制或地形限制题型,速度高度参数设置,参数设置,高度;速度;m/s,ground_station_exam_cases.csv
gskill_24a74e4da412,gsec_d149dc24bc14,qbank_7cb07e6ab374,实操题库_地面站考试条件_2026H1_空域限制或地形限制题型.txt_58,2026H1,2026H1,空域限制或地形限制题型,转弯停留循环设置,参数设置,转弯;循环,ground_station_exam_cases.csv
gskill_b93b2a48e433,gsec_d149dc24bc14,qbank_7cb07e6ab374,实操题库_地面站考试条件_2026H1_空域限制或地形限制题型.txt_58,2026H1,2026H1,空域限制或地形限制题型,几何图形航线规划,几何计算,三角形;边长,ground_station_exam_cases.csv
gskill_b45d8f753e7a,gsec_d149dc24bc14,qbank_7cb07e6ab374,实操题库_地面站考试条件_2026H1_空域限制或地形限制题型.txt_58,2026H1,2026H1,空域限制或地形限制题型,起飞返航点定位,导航定位,起飞点,ground_station_exam_cases.csv
gskill_0d96ed749a96,gsec_d149dc24bc14,qbank_7cb07e6ab374,实操题库_地面站考试条件_2026H1_空域限制或地形限制题型.txt_58,2026H1,2026H1,空域限制或地形限制题型,题型:空域限制或地形限制,题型,空域限制或地形限制题型,ground_station_exam_cases.csv
gskill_91bc5cdda6fb,gsec_e2ff91eb28fa,qbank_7cb07e6ab374,实操题库_地面站考试条件_2026H1_空域限制或地形限制题型.txt_59,2026H1,2026H1,空域限制或地形限制题型,经纬度换算,导航定位,经纬度;N:;E:;N;E,ground_station_exam_cases.csv
gskill_4769aaf8b891,gsec_e2ff91eb28fa,qbank_7cb07e6ab374,实操题库_地面站考试条件_2026H1_空域限制或地形限制题型.txt_59,2026H1,2026H1,空域限制或地形限制题型,航向方位判断,导航定位,航向;方位,ground_station_exam_cases.csv
gskill_806ec33e7f57,gsec_e2ff91eb28fa,qbank_7cb07e6ab374,实操题库_地面站考试条件_2026H1_空域限制或地形限制题型.txt_59,2026H1,2026H1,空域限制或地形限制题型,夹角计算,几何计算,角,ground_station_exam_cases.csv
gskill_1152aa7a144f,gsec_e2ff91eb28fa,qbank_7cb07e6ab374,实操题库_地面站考试条件_2026H1_空域限制或地形限制题型.txt_59,2026H1,2026H1,空域限制或地形限制题型,空域地形限制处理,限制绕飞,空域;限制,ground_station_exam_cases.csv
gskill_3921a53e6502,gsec_e2ff91eb28fa,qbank_7cb07e6ab374,实操题库_地面站考试条件_2026H1_空域限制或地形限制题型.txt_59,2026H1,2026H1,空域限制或地形限制题型,速度高度参数设置,参数设置,高度;速度;m/s,ground_station_exam_cases.csv
gskill_8242e5394ce1,gsec_e2ff91eb28fa,qbank_7cb07e6ab374,实操题库_地面站考试条件_2026H1_空域限制或地形限制题型.txt_59,2026H1,2026H1,空域限制或地形限制题型,转弯停留循环设置,参数设置,转弯;停留;循环;闭合;不循环,ground_station_exam_cases.csv
gskill_8fa6e24d3a62,gsec_e2ff91eb28fa,qbank_7cb07e6ab374,实操题库_地面站考试条件_2026H1_空域限制或地形限制题型.txt_59,2026H1,2026H1,空域限制或地形限制题型,几何图形航线规划,几何计算,边长,ground_station_exam_cases.csv
gskill_0e6b9e564480,gsec_e2ff91eb28fa,qbank_7cb07e6ab374,实操题库_地面站考试条件_2026H1_空域限制或地形限制题型.txt_59,2026H1,2026H1,空域限制或地形限制题型,起飞返航点定位,导航定位,起飞点,ground_station_exam_cases.csv
gskill_768adfbe97e2,gsec_e2ff91eb28fa,qbank_7cb07e6ab374,实操题库_地面站考试条件_2026H1_空域限制或地形限制题型.txt_59,2026H1,2026H1,空域限制或地形限制题型,题型:空域限制或地形限制,题型,空域限制或地形限制题型,ground_station_exam_cases.csv
gskill_de774a716098,gsec_fc6bbbd12278,qbank_7cb07e6ab374,实操题库_地面站考试条件_2026H1_空域限制或地形限制题型.txt_60,2026H1,2026H1,空域限制或地形限制题型,经纬度换算,导航定位,经纬度;N:;E:;N;E,ground_station_exam_cases.csv
gskill_86d6dc72efac,gsec_fc6bbbd12278,qbank_7cb07e6ab374,实操题库_地面站考试条件_2026H1_空域限制或地形限制题型.txt_60,2026H1,2026H1,空域限制或地形限制题型,航向方位判断,导航定位,航向;方位;正东,ground_station_exam_cases.csv
gskill_d2b062c0f8d0,gsec_fc6bbbd12278,qbank_7cb07e6ab374,实操题库_地面站考试条件_2026H1_空域限制或地形限制题型.txt_60,2026H1,2026H1,空域限制或地形限制题型,夹角计算,几何计算,角,ground_station_exam_cases.csv
gskill_4b014c4bfc32,gsec_fc6bbbd12278,qbank_7cb07e6ab374,实操题库_地面站考试条件_2026H1_空域限制或地形限制题型.txt_60,2026H1,2026H1,空域限制或地形限制题型,空域地形限制处理,限制绕飞,空域;限制,ground_station_exam_cases.csv
gskill_be1fbffb0703,gsec_fc6bbbd12278,qbank_7cb07e6ab374,实操题库_地面站考试条件_2026H1_空域限制或地形限制题型.txt_60,2026H1,2026H1,空域限制或地形限制题型,速度高度参数设置,参数设置,高度;速度;m/s,ground_station_exam_cases.csv
gskill_6e75202a810b,gsec_fc6bbbd12278,qbank_7cb07e6ab374,实操题库_地面站考试条件_2026H1_空域限制或地形限制题型.txt_60,2026H1,2026H1,空域限制或地形限制题型,转弯停留循环设置,参数设置,转弯;停留,ground_station_exam_cases.csv
gskill_a076a796b04f,gsec_fc6bbbd12278,qbank_7cb07e6ab374,实操题库_地面站考试条件_2026H1_空域限制或地形限制题型.txt_60,2026H1,2026H1,空域限制或地形限制题型,几何图形航线规划,几何计算,三角形;边长,ground_station_exam_cases.csv
gskill_ec065bceeb12,gsec_fc6bbbd12278,qbank_7cb07e6ab374,实操题库_地面站考试条件_2026H1_空域限制或地形限制题型.txt_60,2026H1,2026H1,空域限制或地形限制题型,起飞返航点定位,导航定位,起飞点,ground_station_exam_cases.csv
gskill_53381606383d,gsec_fc6bbbd12278,qbank_7cb07e6ab374,实操题库_地面站考试条件_2026H1_空域限制或地形限制题型.txt_60,2026H1,2026H1,空域限制或地形限制题型,题型:空域限制或地形限制,题型,空域限制或地形限制题型,ground_station_exam_cases.csv
gskill_23a393ef8058,gsec_c720c509943a,qbank_7cb07e6ab374,实操题库_地面站考试条件_2026H1_空域限制或地形限制题型.txt_61,2026H1,2026H1,空域限制或地形限制题型,经纬度换算,导航定位,经纬度;N:;E:;N;E,ground_station_exam_cases.csv
gskill_0e2669e4afa6,gsec_c720c509943a,qbank_7cb07e6ab374,实操题库_地面站考试条件_2026H1_空域限制或地形限制题型.txt_61,2026H1,2026H1,空域限制或地形限制题型,航向方位判断,导航定位,航向;方位,ground_station_exam_cases.csv
gskill_209dabe5e472,gsec_c720c509943a,qbank_7cb07e6ab374,实操题库_地面站考试条件_2026H1_空域限制或地形限制题型.txt_61,2026H1,2026H1,空域限制或地形限制题型,夹角计算,几何计算,角,ground_station_exam_cases.csv
gskill_1b027999190f,gsec_c720c509943a,qbank_7cb07e6ab374,实操题库_地面站考试条件_2026H1_空域限制或地形限制题型.txt_61,2026H1,2026H1,空域限制或地形限制题型,空域地形限制处理,限制绕飞,空域;限制,ground_station_exam_cases.csv
gskill_3be0237fa0cc,gsec_c720c509943a,qbank_7cb07e6ab374,实操题库_地面站考试条件_2026H1_空域限制或地形限制题型.txt_61,2026H1,2026H1,空域限制或地形限制题型,速度高度参数设置,参数设置,高度;速度;m/s,ground_station_exam_cases.csv
gskill_1ba48d5898f8,gsec_c720c509943a,qbank_7cb07e6ab374,实操题库_地面站考试条件_2026H1_空域限制或地形限制题型.txt_61,2026H1,2026H1,空域限制或地形限制题型,转弯停留循环设置,参数设置,转弯;停留;循环;闭合;不循环,ground_station_exam_cases.csv
gskill_3ae67b783fc1,gsec_c720c509943a,qbank_7cb07e6ab374,实操题库_地面站考试条件_2026H1_空域限制或地形限制题型.txt_61,2026H1,2026H1,空域限制或地形限制题型,几何图形航线规划,几何计算,边长,ground_station_exam_cases.csv
gskill_2a517055449c,gsec_c720c509943a,qbank_7cb07e6ab374,实操题库_地面站考试条件_2026H1_空域限制或地形限制题型.txt_61,2026H1,2026H1,空域限制或地形限制题型,起飞返航点定位,导航定位,起飞点,ground_station_exam_cases.csv
gskill_475b4b06a1c3,gsec_c720c509943a,qbank_7cb07e6ab374,实操题库_地面站考试条件_2026H1_空域限制或地形限制题型.txt_61,2026H1,2026H1,空域限制或地形限制题型,题型:空域限制或地形限制,题型,空域限制或地形限制题型,ground_station_exam_cases.csv
gskill_9c44ecb39f7f,gsec_30c5dd592851,qbank_7cb07e6ab374,实操题库_地面站考试条件_2026H1_空域限制或地形限制题型.txt_62,2026H1,2026H1,空域限制或地形限制题型,经纬度换算,导航定位,经纬度;N:;E:;N;E,ground_station_exam_cases.csv
gskill_a3a5a123a485,gsec_30c5dd592851,qbank_7cb07e6ab374,实操题库_地面站考试条件_2026H1_空域限制或地形限制题型.txt_62,2026H1,2026H1,空域限制或地形限制题型,航向方位判断,导航定位,航向;方位;SE,ground_station_exam_cases.csv
gskill_39dc09b80123,gsec_30c5dd592851,qbank_7cb07e6ab374,实操题库_地面站考试条件_2026H1_空域限制或地形限制题型.txt_62,2026H1,2026H1,空域限制或地形限制题型,夹角计算,几何计算,∠,ground_station_exam_cases.csv
gskill_50bd84aa85b3,gsec_30c5dd592851,qbank_7cb07e6ab374,实操题库_地面站考试条件_2026H1_空域限制或地形限制题型.txt_62,2026H1,2026H1,空域限制或地形限制题型,空域地形限制处理,限制绕飞,空域;限制,ground_station_exam_cases.csv
gskill_b6867eaccbf9,gsec_30c5dd592851,qbank_7cb07e6ab374,实操题库_地面站考试条件_2026H1_空域限制或地形限制题型.txt_62,2026H1,2026H1,空域限制或地形限制题型,速度高度参数设置,参数设置,高度;速度;m/s,ground_station_exam_cases.csv
gskill_7d18a301ea29,gsec_30c5dd592851,qbank_7cb07e6ab374,实操题库_地面站考试条件_2026H1_空域限制或地形限制题型.txt_62,2026H1,2026H1,空域限制或地形限制题型,转弯停留循环设置,参数设置,转弯;停留;循环,ground_station_exam_cases.csv
gskill_252ba37e74be,gsec_30c5dd592851,qbank_7cb07e6ab374,实操题库_地面站考试条件_2026H1_空域限制或地形限制题型.txt_62,2026H1,2026H1,空域限制或地形限制题型,几何图形航线规划,几何计算,边长;图形,ground_station_exam_cases.csv
gskill_ca42776f62b0,gsec_30c5dd592851,qbank_7cb07e6ab374,实操题库_地面站考试条件_2026H1_空域限制或地形限制题型.txt_62,2026H1,2026H1,空域限制或地形限制题型,起飞返航点定位,导航定位,起飞点,ground_station_exam_cases.csv
gskill_1fe0cea5420b,gsec_30c5dd592851,qbank_7cb07e6ab374,实操题库_地面站考试条件_2026H1_空域限制或地形限制题型.txt_62,2026H1,2026H1,空域限制或地形限制题型,题型:空域限制或地形限制,题型,空域限制或地形限制题型,ground_station_exam_cases.csv
gskill_42ea76acf1af,gsec_4a86bcef6b7c,qbank_7cb07e6ab374,实操题库_地面站考试条件_2026H1_空域限制或地形限制题型.txt_63,2026H1,2026H1,空域限制或地形限制题型,经纬度换算,导航定位,经纬度;N:;E:;N;E,ground_station_exam_cases.csv
gskill_24d2693c4ecb,gsec_4a86bcef6b7c,qbank_7cb07e6ab374,实操题库_地面站考试条件_2026H1_空域限制或地形限制题型.txt_63,2026H1,2026H1,空域限制或地形限制题型,航向方位判断,导航定位,航向;方位;SW,ground_station_exam_cases.csv
gskill_747e74fa6d84,gsec_4a86bcef6b7c,qbank_7cb07e6ab374,实操题库_地面站考试条件_2026H1_空域限制或地形限制题型.txt_63,2026H1,2026H1,空域限制或地形限制题型,夹角计算,几何计算,角,ground_station_exam_cases.csv
gskill_f1e8381f9d48,gsec_4a86bcef6b7c,qbank_7cb07e6ab374,实操题库_地面站考试条件_2026H1_空域限制或地形限制题型.txt_63,2026H1,2026H1,空域限制或地形限制题型,空域地形限制处理,限制绕飞,空域;限制,ground_station_exam_cases.csv
gskill_7759072883b9,gsec_4a86bcef6b7c,qbank_7cb07e6ab374,实操题库_地面站考试条件_2026H1_空域限制或地形限制题型.txt_63,2026H1,2026H1,空域限制或地形限制题型,速度高度参数设置,参数设置,高度;速度;m/s,ground_station_exam_cases.csv
gskill_b4cf759097b4,gsec_4a86bcef6b7c,qbank_7cb07e6ab374,实操题库_地面站考试条件_2026H1_空域限制或地形限制题型.txt_63,2026H1,2026H1,空域限制或地形限制题型,转弯停留循环设置,参数设置,转弯;停留;循环,ground_station_exam_cases.csv
gskill_610b4f815541,gsec_4a86bcef6b7c,qbank_7cb07e6ab374,实操题库_地面站考试条件_2026H1_空域限制或地形限制题型.txt_63,2026H1,2026H1,空域限制或地形限制题型,几何图形航线规划,几何计算,三角形;边长,ground_station_exam_cases.csv
gskill_513e8d440b17,gsec_4a86bcef6b7c,qbank_7cb07e6ab374,实操题库_地面站考试条件_2026H1_空域限制或地形限制题型.txt_63,2026H1,2026H1,空域限制或地形限制题型,起飞返航点定位,导航定位,起飞点,ground_station_exam_cases.csv
gskill_afd60017d0f0,gsec_4a86bcef6b7c,qbank_7cb07e6ab374,实操题库_地面站考试条件_2026H1_空域限制或地形限制题型.txt_63,2026H1,2026H1,空域限制或地形限制题型,题型:空域限制或地形限制,题型,空域限制或地形限制题型,ground_station_exam_cases.csv
gskill_9bfad4687204,gsec_2ecc06dd4dd6,qbank_7cb07e6ab374,实操题库_地面站考试条件_2026H1_空域限制或地形限制题型.txt_64,2026H1,2026H1,空域限制或地形限制题型,经纬度换算,导航定位,经纬度;N:;E:;N;E,ground_station_exam_cases.csv
gskill_f80c8226b2e9,gsec_2ecc06dd4dd6,qbank_7cb07e6ab374,实操题库_地面站考试条件_2026H1_空域限制或地形限制题型.txt_64,2026H1,2026H1,空域限制或地形限制题型,航向方位判断,导航定位,航向;方位;NW,ground_station_exam_cases.csv
gskill_312dbf9fe0b3,gsec_2ecc06dd4dd6,qbank_7cb07e6ab374,实操题库_地面站考试条件_2026H1_空域限制或地形限制题型.txt_64,2026H1,2026H1,空域限制或地形限制题型,空域地形限制处理,限制绕飞,空域;限制,ground_station_exam_cases.csv
gskill_5d9f2cfd4df0,gsec_2ecc06dd4dd6,qbank_7cb07e6ab374,实操题库_地面站考试条件_2026H1_空域限制或地形限制题型.txt_64,2026H1,2026H1,空域限制或地形限制题型,速度高度参数设置,参数设置,高度;速度;m/s,ground_station_exam_cases.csv
gskill_e5fc4bb1ba74,gsec_2ecc06dd4dd6,qbank_7cb07e6ab374,实操题库_地面站考试条件_2026H1_空域限制或地形限制题型.txt_64,2026H1,2026H1,空域限制或地形限制题型,转弯停留循环设置,参数设置,转弯;停留;循环;闭合,ground_station_exam_cases.csv
gskill_c02791aa775b,gsec_2ecc06dd4dd6,qbank_7cb07e6ab374,实操题库_地面站考试条件_2026H1_空域限制或地形限制题型.txt_64,2026H1,2026H1,空域限制或地形限制题型,几何图形航线规划,几何计算,图形,ground_station_exam_cases.csv
gskill_2200bd4c322d,gsec_2ecc06dd4dd6,qbank_7cb07e6ab374,实操题库_地面站考试条件_2026H1_空域限制或地形限制题型.txt_64,2026H1,2026H1,空域限制或地形限制题型,起飞返航点定位,导航定位,起飞点,ground_station_exam_cases.csv
gskill_ec6e8f1575c3,gsec_2ecc06dd4dd6,qbank_7cb07e6ab374,实操题库_地面站考试条件_2026H1_空域限制或地形限制题型.txt_64,2026H1,2026H1,空域限制或地形限制题型,题型:空域限制或地形限制,题型,空域限制或地形限制题型,ground_station_exam_cases.csv
gskill_beb89587b81e,gsec_f4821ef077b7,qbank_7cb07e6ab374,实操题库_地面站考试条件_2026H1_空域限制或地形限制题型.txt_65,2026H1,2026H1,空域限制或地形限制题型,经纬度换算,导航定位,经纬度;N:;E:;N;E,ground_station_exam_cases.csv
gskill_dc13e7ca0359,gsec_f4821ef077b7,qbank_7cb07e6ab374,实操题库_地面站考试条件_2026H1_空域限制或地形限制题型.txt_65,2026H1,2026H1,空域限制或地形限制题型,航向方位判断,导航定位,航向;方位;NE;NW,ground_station_exam_cases.csv
gskill_7ec99e48a459,gsec_f4821ef077b7,qbank_7cb07e6ab374,实操题库_地面站考试条件_2026H1_空域限制或地形限制题型.txt_65,2026H1,2026H1,空域限制或地形限制题型,空域地形限制处理,限制绕飞,空域;限制,ground_station_exam_cases.csv
gskill_b21a3407683f,gsec_f4821ef077b7,qbank_7cb07e6ab374,实操题库_地面站考试条件_2026H1_空域限制或地形限制题型.txt_65,2026H1,2026H1,空域限制或地形限制题型,速度高度参数设置,参数设置,高度;速度;m/s,ground_station_exam_cases.csv
gskill_b64f92c0960f,gsec_f4821ef077b7,qbank_7cb07e6ab374,实操题库_地面站考试条件_2026H1_空域限制或地形限制题型.txt_65,2026H1,2026H1,空域限制或地形限制题型,转弯停留循环设置,参数设置,转弯;停留,ground_station_exam_cases.csv
gskill_e4ce764d5f5f,gsec_f4821ef077b7,qbank_7cb07e6ab374,实操题库_地面站考试条件_2026H1_空域限制或地形限制题型.txt_65,2026H1,2026H1,空域限制或地形限制题型,几何图形航线规划,几何计算,图形,ground_station_exam_cases.csv
gskill_8dcbd2b67be4,gsec_f4821ef077b7,qbank_7cb07e6ab374,实操题库_地面站考试条件_2026H1_空域限制或地形限制题型.txt_65,2026H1,2026H1,空域限制或地形限制题型,起飞返航点定位,导航定位,起飞点,ground_station_exam_cases.csv
gskill_38bf08b4927f,gsec_f4821ef077b7,qbank_7cb07e6ab374,实操题库_地面站考试条件_2026H1_空域限制或地形限制题型.txt_65,2026H1,2026H1,空域限制或地形限制题型,题型:空域限制或地形限制,题型,空域限制或地形限制题型,ground_station_exam_cases.csv
gskill_e48d18e642f2,gsec_9f95f3899149,qbank_7cb07e6ab374,实操题库_地面站考试条件_2026H1_空域限制或地形限制题型.txt_66,2026H1,2026H1,空域限制或地形限制题型,经纬度换算,导航定位,经纬度;N:;E:;N;E,ground_station_exam_cases.csv
gskill_4b2bb650afea,gsec_9f95f3899149,qbank_7cb07e6ab374,实操题库_地面站考试条件_2026H1_空域限制或地形限制题型.txt_66,2026H1,2026H1,空域限制或地形限制题型,航向方位判断,导航定位,航向;方位;NE;NW,ground_station_exam_cases.csv
gskill_47c5361531c3,gsec_9f95f3899149,qbank_7cb07e6ab374,实操题库_地面站考试条件_2026H1_空域限制或地形限制题型.txt_66,2026H1,2026H1,空域限制或地形限制题型,空域地形限制处理,限制绕飞,空域;限制,ground_station_exam_cases.csv
gskill_042ea3ddf5dd,gsec_9f95f3899149,qbank_7cb07e6ab374,实操题库_地面站考试条件_2026H1_空域限制或地形限制题型.txt_66,2026H1,2026H1,空域限制或地形限制题型,速度高度参数设置,参数设置,高度;速度;m/s,ground_station_exam_cases.csv
gskill_13dc2f6e9f5c,gsec_9f95f3899149,qbank_7cb07e6ab374,实操题库_地面站考试条件_2026H1_空域限制或地形限制题型.txt_66,2026H1,2026H1,空域限制或地形限制题型,转弯停留循环设置,参数设置,转弯;循环,ground_station_exam_cases.csv
gskill_ba5943b27af4,gsec_9f95f3899149,qbank_7cb07e6ab374,实操题库_地面站考试条件_2026H1_空域限制或地形限制题型.txt_66,2026H1,2026H1,空域限制或地形限制题型,几何图形航线规划,几何计算,六边形;边长;图形,ground_station_exam_cases.csv
gskill_04d726381af1,gsec_9f95f3899149,qbank_7cb07e6ab374,实操题库_地面站考试条件_2026H1_空域限制或地形限制题型.txt_66,2026H1,2026H1,空域限制或地形限制题型,起飞返航点定位,导航定位,起飞点,ground_station_exam_cases.csv
gskill_2176fed3ff30,gsec_9f95f3899149,qbank_7cb07e6ab374,实操题库_地面站考试条件_2026H1_空域限制或地形限制题型.txt_66,2026H1,2026H1,空域限制或地形限制题型,题型:空域限制或地形限制,题型,空域限制或地形限制题型,ground_station_exam_cases.csv
gskill_8fe7e93814f1,gsec_51790e2b9cd7,qbank_7cb07e6ab374,实操题库_地面站考试条件_2026H1_空域限制或地形限制题型.txt_67,2026H1,2026H1,空域限制或地形限制题型,经纬度换算,导航定位,经纬度;N:;N;E,ground_station_exam_cases.csv
gskill_8f06b1c7d3de,gsec_51790e2b9cd7,qbank_7cb07e6ab374,实操题库_地面站考试条件_2026H1_空域限制或地形限制题型.txt_67,2026H1,2026H1,空域限制或地形限制题型,航向方位判断,导航定位,航向;方位;NE;SE,ground_station_exam_cases.csv
gskill_fe514d8533fc,gsec_51790e2b9cd7,qbank_7cb07e6ab374,实操题库_地面站考试条件_2026H1_空域限制或地形限制题型.txt_67,2026H1,2026H1,空域限制或地形限制题型,夹角计算,几何计算,∠,ground_station_exam_cases.csv
gskill_5c56f1c1c98a,gsec_51790e2b9cd7,qbank_7cb07e6ab374,实操题库_地面站考试条件_2026H1_空域限制或地形限制题型.txt_67,2026H1,2026H1,空域限制或地形限制题型,空域地形限制处理,限制绕飞,空域;限制,ground_station_exam_cases.csv
gskill_6e5ee3c5fed6,gsec_51790e2b9cd7,qbank_7cb07e6ab374,实操题库_地面站考试条件_2026H1_空域限制或地形限制题型.txt_67,2026H1,2026H1,空域限制或地形限制题型,速度高度参数设置,参数设置,高度;速度;m/s,ground_station_exam_cases.csv
gskill_49ab396f7f21,gsec_51790e2b9cd7,qbank_7cb07e6ab374,实操题库_地面站考试条件_2026H1_空域限制或地形限制题型.txt_67,2026H1,2026H1,空域限制或地形限制题型,转弯停留循环设置,参数设置,转弯;停留;循环,ground_station_exam_cases.csv
gskill_740837f19720,gsec_51790e2b9cd7,qbank_7cb07e6ab374,实操题库_地面站考试条件_2026H1_空域限制或地形限制题型.txt_67,2026H1,2026H1,空域限制或地形限制题型,几何图形航线规划,几何计算,五边形;边长,ground_station_exam_cases.csv
gskill_d955f57ce805,gsec_51790e2b9cd7,qbank_7cb07e6ab374,实操题库_地面站考试条件_2026H1_空域限制或地形限制题型.txt_67,2026H1,2026H1,空域限制或地形限制题型,起飞返航点定位,导航定位,起飞点,ground_station_exam_cases.csv
gskill_5e5f68c3dc7f,gsec_51790e2b9cd7,qbank_7cb07e6ab374,实操题库_地面站考试条件_2026H1_空域限制或地形限制题型.txt_67,2026H1,2026H1,空域限制或地形限制题型,题型:空域限制或地形限制,题型,空域限制或地形限制题型,ground_station_exam_cases.csv
gskill_0b8ec5935b67,gsec_24cd867bc8d4,qbank_7cb07e6ab374,实操题库_地面站考试条件_2026H1_空域限制或地形限制题型.txt_68,2026H1,2026H1,空域限制或地形限制题型,经纬度换算,导航定位,经纬度;N:;E:;N;E,ground_station_exam_cases.csv
gskill_dd5e7015489b,gsec_24cd867bc8d4,qbank_7cb07e6ab374,实操题库_地面站考试条件_2026H1_空域限制或地形限制题型.txt_68,2026H1,2026H1,空域限制或地形限制题型,航向方位判断,导航定位,航向;方位,ground_station_exam_cases.csv
gskill_ebd12f70c311,gsec_24cd867bc8d4,qbank_7cb07e6ab374,实操题库_地面站考试条件_2026H1_空域限制或地形限制题型.txt_68,2026H1,2026H1,空域限制或地形限制题型,夹角计算,几何计算,角,ground_station_exam_cases.csv
gskill_79667fc88afc,gsec_24cd867bc8d4,qbank_7cb07e6ab374,实操题库_地面站考试条件_2026H1_空域限制或地形限制题型.txt_68,2026H1,2026H1,空域限制或地形限制题型,空域地形限制处理,限制绕飞,空域;限制,ground_station_exam_cases.csv
gskill_196d5b38ff06,gsec_24cd867bc8d4,qbank_7cb07e6ab374,实操题库_地面站考试条件_2026H1_空域限制或地形限制题型.txt_68,2026H1,2026H1,空域限制或地形限制题型,速度高度参数设置,参数设置,高度;速度;m/s,ground_station_exam_cases.csv
gskill_16c37778ff37,gsec_24cd867bc8d4,qbank_7cb07e6ab374,实操题库_地面站考试条件_2026H1_空域限制或地形限制题型.txt_68,2026H1,2026H1,空域限制或地形限制题型,转弯停留循环设置,参数设置,转弯;停留,ground_station_exam_cases.csv
gskill_bb25e2655c47,gsec_24cd867bc8d4,qbank_7cb07e6ab374,实操题库_地面站考试条件_2026H1_空域限制或地形限制题型.txt_68,2026H1,2026H1,空域限制或地形限制题型,几何图形航线规划,几何计算,三角形;边长,ground_station_exam_cases.csv
gskill_031ac418dfcf,gsec_24cd867bc8d4,qbank_7cb07e6ab374,实操题库_地面站考试条件_2026H1_空域限制或地形限制题型.txt_68,2026H1,2026H1,空域限制或地形限制题型,起飞返航点定位,导航定位,起飞点,ground_station_exam_cases.csv
gskill_67397701c832,gsec_24cd867bc8d4,qbank_7cb07e6ab374,实操题库_地面站考试条件_2026H1_空域限制或地形限制题型.txt_68,2026H1,2026H1,空域限制或地形限制题型,题型:空域限制或地形限制,题型,空域限制或地形限制题型,ground_station_exam_cases.csv
gskill_a71dc0167819,gsec_eab992c600b6,qbank_7cb07e6ab374,实操题库_地面站考试条件_2026H1_空域限制或地形限制题型.txt_69,2026H1,2026H1,空域限制或地形限制题型,经纬度换算,导航定位,经纬度;N:;E:;N;E,ground_station_exam_cases.csv
gskill_30ddb8ed043e,gsec_eab992c600b6,qbank_7cb07e6ab374,实操题库_地面站考试条件_2026H1_空域限制或地形限制题型.txt_69,2026H1,2026H1,空域限制或地形限制题型,航向方位判断,导航定位,方位;SE;SW,ground_station_exam_cases.csv
gskill_6b2fbca1131a,gsec_eab992c600b6,qbank_7cb07e6ab374,实操题库_地面站考试条件_2026H1_空域限制或地形限制题型.txt_69,2026H1,2026H1,空域限制或地形限制题型,夹角计算,几何计算,∠,ground_station_exam_cases.csv
gskill_eb51da0a76f4,gsec_eab992c600b6,qbank_7cb07e6ab374,实操题库_地面站考试条件_2026H1_空域限制或地形限制题型.txt_69,2026H1,2026H1,空域限制或地形限制题型,空域地形限制处理,限制绕飞,地形;限制,ground_station_exam_cases.csv
gskill_117c0fdbc2ec,gsec_eab992c600b6,qbank_7cb07e6ab374,实操题库_地面站考试条件_2026H1_空域限制或地形限制题型.txt_69,2026H1,2026H1,空域限制或地形限制题型,速度高度参数设置,参数设置,高度;速度;m/s,ground_station_exam_cases.csv
gskill_b6b8326b8ec9,gsec_eab992c600b6,qbank_7cb07e6ab374,实操题库_地面站考试条件_2026H1_空域限制或地形限制题型.txt_69,2026H1,2026H1,空域限制或地形限制题型,转弯停留循环设置,参数设置,转弯;停留;循环;闭合,ground_station_exam_cases.csv
gskill_442382bef460,gsec_eab992c600b6,qbank_7cb07e6ab374,实操题库_地面站考试条件_2026H1_空域限制或地形限制题型.txt_69,2026H1,2026H1,空域限制或地形限制题型,几何图形航线规划,几何计算,图形,ground_station_exam_cases.csv
gskill_81e1f2ff8427,gsec_eab992c600b6,qbank_7cb07e6ab374,实操题库_地面站考试条件_2026H1_空域限制或地形限制题型.txt_69,2026H1,2026H1,空域限制或地形限制题型,起飞返航点定位,导航定位,起飞点,ground_station_exam_cases.csv
gskill_bf3996ce349a,gsec_eab992c600b6,qbank_7cb07e6ab374,实操题库_地面站考试条件_2026H1_空域限制或地形限制题型.txt_69,2026H1,2026H1,空域限制或地形限制题型,题型:空域限制或地形限制,题型,空域限制或地形限制题型,ground_station_exam_cases.csv
gskill_0c7d79d652c9,gsec_abe834818c0c,qbank_7cb07e6ab374,实操题库_地面站考试条件_2026H1_空域限制或地形限制题型.txt_70,2026H1,2026H1,空域限制或地形限制题型,经纬度换算,导航定位,经纬度;E:;N;E,ground_station_exam_cases.csv
gskill_bdc22e319598,gsec_abe834818c0c,qbank_7cb07e6ab374,实操题库_地面站考试条件_2026H1_空域限制或地形限制题型.txt_70,2026H1,2026H1,空域限制或地形限制题型,航向方位判断,导航定位,航向;方位,ground_station_exam_cases.csv
gskill_f5d795fe705f,gsec_abe834818c0c,qbank_7cb07e6ab374,实操题库_地面站考试条件_2026H1_空域限制或地形限制题型.txt_70,2026H1,2026H1,空域限制或地形限制题型,夹角计算,几何计算,角,ground_station_exam_cases.csv
gskill_31de0da67bcf,gsec_abe834818c0c,qbank_7cb07e6ab374,实操题库_地面站考试条件_2026H1_空域限制或地形限制题型.txt_70,2026H1,2026H1,空域限制或地形限制题型,空域地形限制处理,限制绕飞,地形;限制,ground_station_exam_cases.csv
gskill_5a54469c8d5a,gsec_abe834818c0c,qbank_7cb07e6ab374,实操题库_地面站考试条件_2026H1_空域限制或地形限制题型.txt_70,2026H1,2026H1,空域限制或地形限制题型,速度高度参数设置,参数设置,高度;速度;m/s,ground_station_exam_cases.csv
gskill_23e698012b2d,gsec_abe834818c0c,qbank_7cb07e6ab374,实操题库_地面站考试条件_2026H1_空域限制或地形限制题型.txt_70,2026H1,2026H1,空域限制或地形限制题型,转弯停留循环设置,参数设置,转弯;停留;循环,ground_station_exam_cases.csv
gskill_34559e2ab6c7,gsec_abe834818c0c,qbank_7cb07e6ab374,实操题库_地面站考试条件_2026H1_空域限制或地形限制题型.txt_70,2026H1,2026H1,空域限制或地形限制题型,几何图形航线规划,几何计算,三角形;边长,ground_station_exam_cases.csv
gskill_0ffb63251b08,gsec_abe834818c0c,qbank_7cb07e6ab374,实操题库_地面站考试条件_2026H1_空域限制或地形限制题型.txt_70,2026H1,2026H1,空域限制或地形限制题型,起飞返航点定位,导航定位,起飞点,ground_station_exam_cases.csv
gskill_8b9b9b10cd8d,gsec_abe834818c0c,qbank_7cb07e6ab374,实操题库_地面站考试条件_2026H1_空域限制或地形限制题型.txt_70,2026H1,2026H1,空域限制或地形限制题型,题型:空域限制或地形限制,题型,空域限制或地形限制题型,ground_station_exam_cases.csv
gskill_3cd1983dd8ee,gsec_e0655e34dbad,qbank_7cb07e6ab374,实操题库_地面站考试条件_2026H1_空域限制或地形限制题型.txt_71,2026H1,2026H1,空域限制或地形限制题型,经纬度换算,导航定位,经纬度;N:;E:;N;E,ground_station_exam_cases.csv
gskill_5ee67d9cb211,gsec_e0655e34dbad,qbank_7cb07e6ab374,实操题库_地面站考试条件_2026H1_空域限制或地形限制题型.txt_71,2026H1,2026H1,空域限制或地形限制题型,航向方位判断,导航定位,航向;方位,ground_station_exam_cases.csv
gskill_e6f3d4e6bdd1,gsec_e0655e34dbad,qbank_7cb07e6ab374,实操题库_地面站考试条件_2026H1_空域限制或地形限制题型.txt_71,2026H1,2026H1,空域限制或地形限制题型,夹角计算,几何计算,角,ground_station_exam_cases.csv
gskill_c6c4c5d04ff2,gsec_e0655e34dbad,qbank_7cb07e6ab374,实操题库_地面站考试条件_2026H1_空域限制或地形限制题型.txt_71,2026H1,2026H1,空域限制或地形限制题型,空域地形限制处理,限制绕飞,地形;限制,ground_station_exam_cases.csv
gskill_007fcbf2739a,gsec_e0655e34dbad,qbank_7cb07e6ab374,实操题库_地面站考试条件_2026H1_空域限制或地形限制题型.txt_71,2026H1,2026H1,空域限制或地形限制题型,速度高度参数设置,参数设置,高度;速度;m/s,ground_station_exam_cases.csv
gskill_e74b806b5196,gsec_e0655e34dbad,qbank_7cb07e6ab374,实操题库_地面站考试条件_2026H1_空域限制或地形限制题型.txt_71,2026H1,2026H1,空域限制或地形限制题型,转弯停留循环设置,参数设置,转弯;停留;循环,ground_station_exam_cases.csv
gskill_8302cc11a490,gsec_e0655e34dbad,qbank_7cb07e6ab374,实操题库_地面站考试条件_2026H1_空域限制或地形限制题型.txt_71,2026H1,2026H1,空域限制或地形限制题型,几何图形航线规划,几何计算,三角形;边长,ground_station_exam_cases.csv
gskill_b7e6d209901a,gsec_e0655e34dbad,qbank_7cb07e6ab374,实操题库_地面站考试条件_2026H1_空域限制或地形限制题型.txt_71,2026H1,2026H1,空域限制或地形限制题型,起飞返航点定位,导航定位,起飞点,ground_station_exam_cases.csv
gskill_b7785fa4fa63,gsec_e0655e34dbad,qbank_7cb07e6ab374,实操题库_地面站考试条件_2026H1_空域限制或地形限制题型.txt_71,2026H1,2026H1,空域限制或地形限制题型,题型:空域限制或地形限制,题型,空域限制或地形限制题型,ground_station_exam_cases.csv
gskill_326e80306e03,gsec_1ef07ac2250f,qbank_7cb07e6ab374,实操题库_地面站考试条件_2026H1_空域限制或地形限制题型.txt_72,2026H1,2026H1,空域限制或地形限制题型,经纬度换算,导航定位,经纬度;N:;E:;N;E,ground_station_exam_cases.csv
gskill_1da52edb1319,gsec_1ef07ac2250f,qbank_7cb07e6ab374,实操题库_地面站考试条件_2026H1_空域限制或地形限制题型.txt_72,2026H1,2026H1,空域限制或地形限制题型,航向方位判断,导航定位,航向;NE;NW;SE,ground_station_exam_cases.csv
gskill_2896f809cead,gsec_1ef07ac2250f,qbank_7cb07e6ab374,实操题库_地面站考试条件_2026H1_空域限制或地形限制题型.txt_72,2026H1,2026H1,空域限制或地形限制题型,空域地形限制处理,限制绕飞,空域;限制,ground_station_exam_cases.csv
gskill_a70d4332485c,gsec_1ef07ac2250f,qbank_7cb07e6ab374,实操题库_地面站考试条件_2026H1_空域限制或地形限制题型.txt_72,2026H1,2026H1,空域限制或地形限制题型,速度高度参数设置,参数设置,高度;速度;m/s,ground_station_exam_cases.csv
gskill_70f5383a4c97,gsec_1ef07ac2250f,qbank_7cb07e6ab374,实操题库_地面站考试条件_2026H1_空域限制或地形限制题型.txt_72,2026H1,2026H1,空域限制或地形限制题型,转弯停留循环设置,参数设置,转弯;停留;循环;闭合,ground_station_exam_cases.csv
gskill_2d6e0be00238,gsec_1ef07ac2250f,qbank_7cb07e6ab374,实操题库_地面站考试条件_2026H1_空域限制或地形限制题型.txt_72,2026H1,2026H1,空域限制或地形限制题型,几何图形航线规划,几何计算,六边形;边长,ground_station_exam_cases.csv
gskill_15f8bc3c285a,gsec_1ef07ac2250f,qbank_7cb07e6ab374,实操题库_地面站考试条件_2026H1_空域限制或地形限制题型.txt_72,2026H1,2026H1,空域限制或地形限制题型,起飞返航点定位,导航定位,起飞点,ground_station_exam_cases.csv
gskill_b3ca33ac022d,gsec_1ef07ac2250f,qbank_7cb07e6ab374,实操题库_地面站考试条件_2026H1_空域限制或地形限制题型.txt_72,2026H1,2026H1,空域限制或地形限制题型,题型:空域限制或地形限制,题型,空域限制或地形限制题型,ground_station_exam_cases.csv
gskill_0f4a32430bd2,gsec_5c4e642a7ce0,qbank_7cb07e6ab374,实操题库_地面站考试条件_2026H1_空域限制或地形限制题型.txt_73,2026H1,2026H1,空域限制或地形限制题型,经纬度换算,导航定位,经纬度;N:;E:;N;E,ground_station_exam_cases.csv
gskill_0f6430a086b2,gsec_5c4e642a7ce0,qbank_7cb07e6ab374,实操题库_地面站考试条件_2026H1_空域限制或地形限制题型.txt_73,2026H1,2026H1,空域限制或地形限制题型,航向方位判断,导航定位,航向;NE;NW;SE,ground_station_exam_cases.csv
gskill_f614a785d5eb,gsec_5c4e642a7ce0,qbank_7cb07e6ab374,实操题库_地面站考试条件_2026H1_空域限制或地形限制题型.txt_73,2026H1,2026H1,空域限制或地形限制题型,空域地形限制处理,限制绕飞,空域;限制,ground_station_exam_cases.csv
gskill_2ad7158d0e49,gsec_5c4e642a7ce0,qbank_7cb07e6ab374,实操题库_地面站考试条件_2026H1_空域限制或地形限制题型.txt_73,2026H1,2026H1,空域限制或地形限制题型,速度高度参数设置,参数设置,高度;速度;m/s,ground_station_exam_cases.csv
gskill_f03c3cc025ae,gsec_5c4e642a7ce0,qbank_7cb07e6ab374,实操题库_地面站考试条件_2026H1_空域限制或地形限制题型.txt_73,2026H1,2026H1,空域限制或地形限制题型,转弯停留循环设置,参数设置,转弯;停留;循环;闭合,ground_station_exam_cases.csv
gskill_91afbaa2756b,gsec_5c4e642a7ce0,qbank_7cb07e6ab374,实操题库_地面站考试条件_2026H1_空域限制或地形限制题型.txt_73,2026H1,2026H1,空域限制或地形限制题型,几何图形航线规划,几何计算,边长,ground_station_exam_cases.csv
gskill_690be5d2d16a,gsec_5c4e642a7ce0,qbank_7cb07e6ab374,实操题库_地面站考试条件_2026H1_空域限制或地形限制题型.txt_73,2026H1,2026H1,空域限制或地形限制题型,起飞返航点定位,导航定位,起飞点,ground_station_exam_cases.csv
gskill_c50ca175d897,gsec_5c4e642a7ce0,qbank_7cb07e6ab374,实操题库_地面站考试条件_2026H1_空域限制或地形限制题型.txt_73,2026H1,2026H1,空域限制或地形限制题型,题型:空域限制或地形限制,题型,空域限制或地形限制题型,ground_station_exam_cases.csv
gskill_a6df6a24ee01,gsec_f1bf864ef437,qbank_7cb07e6ab374,实操题库_地面站考试条件_2026H1_空域限制或地形限制题型.txt_74,2026H1,2026H1,空域限制或地形限制题型,经纬度换算,导航定位,经纬度;N:;E:;N;E,ground_station_exam_cases.csv
gskill_69617461aef6,gsec_f1bf864ef437,qbank_7cb07e6ab374,实操题库_地面站考试条件_2026H1_空域限制或地形限制题型.txt_74,2026H1,2026H1,空域限制或地形限制题型,航向方位判断,导航定位,航向;方位;正东,ground_station_exam_cases.csv
gskill_a17ae0f715a5,gsec_f1bf864ef437,qbank_7cb07e6ab374,实操题库_地面站考试条件_2026H1_空域限制或地形限制题型.txt_74,2026H1,2026H1,空域限制或地形限制题型,夹角计算,几何计算,∠;角,ground_station_exam_cases.csv
gskill_3f5db4691e81,gsec_f1bf864ef437,qbank_7cb07e6ab374,实操题库_地面站考试条件_2026H1_空域限制或地形限制题型.txt_74,2026H1,2026H1,空域限制或地形限制题型,空域地形限制处理,限制绕飞,空域;限制,ground_station_exam_cases.csv
gskill_e0f0cadcc736,gsec_f1bf864ef437,qbank_7cb07e6ab374,实操题库_地面站考试条件_2026H1_空域限制或地形限制题型.txt_74,2026H1,2026H1,空域限制或地形限制题型,速度高度参数设置,参数设置,高度;速度;m/s,ground_station_exam_cases.csv
gskill_7aa0071b9ff0,gsec_f1bf864ef437,qbank_7cb07e6ab374,实操题库_地面站考试条件_2026H1_空域限制或地形限制题型.txt_74,2026H1,2026H1,空域限制或地形限制题型,转弯停留循环设置,参数设置,转弯;停留;循环,ground_station_exam_cases.csv
gskill_c309faffa8f9,gsec_f1bf864ef437,qbank_7cb07e6ab374,实操题库_地面站考试条件_2026H1_空域限制或地形限制题型.txt_74,2026H1,2026H1,空域限制或地形限制题型,几何图形航线规划,几何计算,三角形;边长,ground_station_exam_cases.csv
gskill_4b71c0fc3990,gsec_f1bf864ef437,qbank_7cb07e6ab374,实操题库_地面站考试条件_2026H1_空域限制或地形限制题型.txt_74,2026H1,2026H1,空域限制或地形限制题型,起飞返航点定位,导航定位,起飞点,ground_station_exam_cases.csv
gskill_f5162d8a3d50,gsec_f1bf864ef437,qbank_7cb07e6ab374,实操题库_地面站考试条件_2026H1_空域限制或地形限制题型.txt_74,2026H1,2026H1,空域限制或地形限制题型,题型:空域限制或地形限制,题型,空域限制或地形限制题型,ground_station_exam_cases.csv
gskill_84a2b77e053c,gsec_d1c6da48aacb,qbank_7cb07e6ab374,实操题库_地面站考试条件_2026H1_空域限制或地形限制题型.txt_75,2026H1,2026H1,空域限制或地形限制题型,经纬度换算,导航定位,经纬度;N:;E:;N;E,ground_station_exam_cases.csv
gskill_a2fce810aaeb,gsec_d1c6da48aacb,qbank_7cb07e6ab374,实操题库_地面站考试条件_2026H1_空域限制或地形限制题型.txt_75,2026H1,2026H1,空域限制或地形限制题型,航向方位判断,导航定位,航向;方位;正东,ground_station_exam_cases.csv
gskill_b37f4de30f49,gsec_d1c6da48aacb,qbank_7cb07e6ab374,实操题库_地面站考试条件_2026H1_空域限制或地形限制题型.txt_75,2026H1,2026H1,空域限制或地形限制题型,夹角计算,几何计算,∠;角,ground_station_exam_cases.csv
gskill_71b4c798ff0d,gsec_d1c6da48aacb,qbank_7cb07e6ab374,实操题库_地面站考试条件_2026H1_空域限制或地形限制题型.txt_75,2026H1,2026H1,空域限制或地形限制题型,空域地形限制处理,限制绕飞,空域;限制,ground_station_exam_cases.csv
gskill_ed746e4c6e9f,gsec_d1c6da48aacb,qbank_7cb07e6ab374,实操题库_地面站考试条件_2026H1_空域限制或地形限制题型.txt_75,2026H1,2026H1,空域限制或地形限制题型,速度高度参数设置,参数设置,高度;速度;m/s,ground_station_exam_cases.csv
gskill_7c5703c25c49,gsec_d1c6da48aacb,qbank_7cb07e6ab374,实操题库_地面站考试条件_2026H1_空域限制或地形限制题型.txt_75,2026H1,2026H1,空域限制或地形限制题型,转弯停留循环设置,参数设置,转弯;停留;循环;闭合,ground_station_exam_cases.csv
gskill_36d792bfd768,gsec_d1c6da48aacb,qbank_7cb07e6ab374,实操题库_地面站考试条件_2026H1_空域限制或地形限制题型.txt_75,2026H1,2026H1,空域限制或地形限制题型,几何图形航线规划,几何计算,五边形;边长,ground_station_exam_cases.csv
gskill_df1ff5ab7498,gsec_d1c6da48aacb,qbank_7cb07e6ab374,实操题库_地面站考试条件_2026H1_空域限制或地形限制题型.txt_75,2026H1,2026H1,空域限制或地形限制题型,起飞返航点定位,导航定位,起飞点,ground_station_exam_cases.csv
gskill_8b0b87f5410b,gsec_d1c6da48aacb,qbank_7cb07e6ab374,实操题库_地面站考试条件_2026H1_空域限制或地形限制题型.txt_75,2026H1,2026H1,空域限制或地形限制题型,题型:空域限制或地形限制,题型,空域限制或地形限制题型,ground_station_exam_cases.csv
gskill_d40e2c961e01,gsec_ae4af7bf4fa5,qbank_7cb07e6ab374,实操题库_地面站考试条件_2026H1_空域限制或地形限制题型.txt_76,2026H1,2026H1,空域限制或地形限制题型,经纬度换算,导航定位,经纬度;N:;E:;N;E,ground_station_exam_cases.csv
gskill_139eeea72c04,gsec_ae4af7bf4fa5,qbank_7cb07e6ab374,实操题库_地面站考试条件_2026H1_空域限制或地形限制题型.txt_76,2026H1,2026H1,空域限制或地形限制题型,航向方位判断,导航定位,航向;NE;NW;SE,ground_station_exam_cases.csv
gskill_537a311172a7,gsec_ae4af7bf4fa5,qbank_7cb07e6ab374,实操题库_地面站考试条件_2026H1_空域限制或地形限制题型.txt_76,2026H1,2026H1,空域限制或地形限制题型,空域地形限制处理,限制绕飞,空域;限制,ground_station_exam_cases.csv
gskill_14cfbfd47fb6,gsec_ae4af7bf4fa5,qbank_7cb07e6ab374,实操题库_地面站考试条件_2026H1_空域限制或地形限制题型.txt_76,2026H1,2026H1,空域限制或地形限制题型,速度高度参数设置,参数设置,高度;速度;m/s,ground_station_exam_cases.csv
gskill_8ad73c6a9fa3,gsec_ae4af7bf4fa5,qbank_7cb07e6ab374,实操题库_地面站考试条件_2026H1_空域限制或地形限制题型.txt_76,2026H1,2026H1,空域限制或地形限制题型,转弯停留循环设置,参数设置,转弯;停留;循环;闭合,ground_station_exam_cases.csv
gskill_a593b71cc673,gsec_ae4af7bf4fa5,qbank_7cb07e6ab374,实操题库_地面站考试条件_2026H1_空域限制或地形限制题型.txt_76,2026H1,2026H1,空域限制或地形限制题型,几何图形航线规划,几何计算,六边形;边长,ground_station_exam_cases.csv
gskill_155880c88061,gsec_ae4af7bf4fa5,qbank_7cb07e6ab374,实操题库_地面站考试条件_2026H1_空域限制或地形限制题型.txt_76,2026H1,2026H1,空域限制或地形限制题型,起飞返航点定位,导航定位,起飞点,ground_station_exam_cases.csv
gskill_8f141466d6bd,gsec_ae4af7bf4fa5,qbank_7cb07e6ab374,实操题库_地面站考试条件_2026H1_空域限制或地形限制题型.txt_76,2026H1,2026H1,空域限制或地形限制题型,题型:空域限制或地形限制,题型,空域限制或地形限制题型,ground_station_exam_cases.csv
gskill_bbac9b297a10,gsec_cfa633d2e75c,qbank_7cb07e6ab374,实操题库_地面站考试条件_2026H1_空域限制或地形限制题型.txt_77,2026H1,2026H1,空域限制或地形限制题型,经纬度换算,导航定位,经纬度;N:;E:;N;E,ground_station_exam_cases.csv
gskill_767f4865c275,gsec_cfa633d2e75c,qbank_7cb07e6ab374,实操题库_地面站考试条件_2026H1_空域限制或地形限制题型.txt_77,2026H1,2026H1,空域限制或地形限制题型,航向方位判断,导航定位,航向;NE;NW;SE,ground_station_exam_cases.csv
gskill_87c02cec40dc,gsec_cfa633d2e75c,qbank_7cb07e6ab374,实操题库_地面站考试条件_2026H1_空域限制或地形限制题型.txt_77,2026H1,2026H1,空域限制或地形限制题型,空域地形限制处理,限制绕飞,空域;限制,ground_station_exam_cases.csv
gskill_18f148d8ace5,gsec_cfa633d2e75c,qbank_7cb07e6ab374,实操题库_地面站考试条件_2026H1_空域限制或地形限制题型.txt_77,2026H1,2026H1,空域限制或地形限制题型,速度高度参数设置,参数设置,高度;速度;m/s,ground_station_exam_cases.csv
gskill_efb4266273a7,gsec_cfa633d2e75c,qbank_7cb07e6ab374,实操题库_地面站考试条件_2026H1_空域限制或地形限制题型.txt_77,2026H1,2026H1,空域限制或地形限制题型,转弯停留循环设置,参数设置,转弯;停留;循环;闭合,ground_station_exam_cases.csv
gskill_f1af13cc4f11,gsec_cfa633d2e75c,qbank_7cb07e6ab374,实操题库_地面站考试条件_2026H1_空域限制或地形限制题型.txt_77,2026H1,2026H1,空域限制或地形限制题型,几何图形航线规划,几何计算,边长,ground_station_exam_cases.csv
gskill_d7ba51f35bf6,gsec_cfa633d2e75c,qbank_7cb07e6ab374,实操题库_地面站考试条件_2026H1_空域限制或地形限制题型.txt_77,2026H1,2026H1,空域限制或地形限制题型,起飞返航点定位,导航定位,起飞点,ground_station_exam_cases.csv
gskill_b969ed81f420,gsec_cfa633d2e75c,qbank_7cb07e6ab374,实操题库_地面站考试条件_2026H1_空域限制或地形限制题型.txt_77,2026H1,2026H1,空域限制或地形限制题型,题型:空域限制或地形限制,题型,空域限制或地形限制题型,ground_station_exam_cases.csv
gskill_63a7cb4572f5,gsec_0b4380bc5197,qbank_7cb07e6ab374,实操题库_地面站考试条件_2026H1_空域限制或地形限制题型.txt_78,2026H1,2026H1,空域限制或地形限制题型,经纬度换算,导航定位,经纬度;N:;E:;N;E,ground_station_exam_cases.csv
gskill_d53dd2a0800f,gsec_0b4380bc5197,qbank_7cb07e6ab374,实操题库_地面站考试条件_2026H1_空域限制或地形限制题型.txt_78,2026H1,2026H1,空域限制或地形限制题型,航向方位判断,导航定位,航向,ground_station_exam_cases.csv
gskill_190d20cc9955,gsec_0b4380bc5197,qbank_7cb07e6ab374,实操题库_地面站考试条件_2026H1_空域限制或地形限制题型.txt_78,2026H1,2026H1,空域限制或地形限制题型,空域地形限制处理,限制绕飞,空域;限制,ground_station_exam_cases.csv
gskill_897d085c8668,gsec_0b4380bc5197,qbank_7cb07e6ab374,实操题库_地面站考试条件_2026H1_空域限制或地形限制题型.txt_78,2026H1,2026H1,空域限制或地形限制题型,速度高度参数设置,参数设置,高度;速度;m/s,ground_station_exam_cases.csv
gskill_0bba1667ebd6,gsec_0b4380bc5197,qbank_7cb07e6ab374,实操题库_地面站考试条件_2026H1_空域限制或地形限制题型.txt_78,2026H1,2026H1,空域限制或地形限制题型,转弯停留循环设置,参数设置,转弯;停留;循环;闭合;不循环,ground_station_exam_cases.csv
gskill_0f29ccbb5739,gsec_0b4380bc5197,qbank_7cb07e6ab374,实操题库_地面站考试条件_2026H1_空域限制或地形限制题型.txt_78,2026H1,2026H1,空域限制或地形限制题型,几何图形航线规划,几何计算,边长,ground_station_exam_cases.csv
gskill_be6f4c5d3bf3,gsec_0b4380bc5197,qbank_7cb07e6ab374,实操题库_地面站考试条件_2026H1_空域限制或地形限制题型.txt_78,2026H1,2026H1,空域限制或地形限制题型,起飞返航点定位,导航定位,起飞点,ground_station_exam_cases.csv
gskill_99ebcf935f2d,gsec_0b4380bc5197,qbank_7cb07e6ab374,实操题库_地面站考试条件_2026H1_空域限制或地形限制题型.txt_78,2026H1,2026H1,空域限制或地形限制题型,题型:空域限制或地形限制,题型,空域限制或地形限制题型,ground_station_exam_cases.csv
gskill_785e435bb6df,gsec_27605ef4849c,qbank_7cb07e6ab374,实操题库_地面站考试条件_2026H1_空域限制或地形限制题型.txt_79,2026H1,2026H1,空域限制或地形限制题型,经纬度换算,导航定位,经纬度;N:;E:;N;E,ground_station_exam_cases.csv
gskill_28f26a58e5bc,gsec_27605ef4849c,qbank_7cb07e6ab374,实操题库_地面站考试条件_2026H1_空域限制或地形限制题型.txt_79,2026H1,2026H1,空域限制或地形限制题型,航向方位判断,导航定位,航向;NE;SE,ground_station_exam_cases.csv
gskill_4b9c9eb5d4f4,gsec_27605ef4849c,qbank_7cb07e6ab374,实操题库_地面站考试条件_2026H1_空域限制或地形限制题型.txt_79,2026H1,2026H1,空域限制或地形限制题型,夹角计算,几何计算,∠;角,ground_station_exam_cases.csv
gskill_9be5c7a9f3ce,gsec_27605ef4849c,qbank_7cb07e6ab374,实操题库_地面站考试条件_2026H1_空域限制或地形限制题型.txt_79,2026H1,2026H1,空域限制或地形限制题型,空域地形限制处理,限制绕飞,空域;限制,ground_station_exam_cases.csv
gskill_1887dbdfd074,gsec_27605ef4849c,qbank_7cb07e6ab374,实操题库_地面站考试条件_2026H1_空域限制或地形限制题型.txt_79,2026H1,2026H1,空域限制或地形限制题型,速度高度参数设置,参数设置,高度;速度;m/s,ground_station_exam_cases.csv
gskill_a1d1f7c0db7b,gsec_27605ef4849c,qbank_7cb07e6ab374,实操题库_地面站考试条件_2026H1_空域限制或地形限制题型.txt_79,2026H1,2026H1,空域限制或地形限制题型,转弯停留循环设置,参数设置,转弯;停留;循环;闭合,ground_station_exam_cases.csv
gskill_6ac2b2accdf4,gsec_27605ef4849c,qbank_7cb07e6ab374,实操题库_地面站考试条件_2026H1_空域限制或地形限制题型.txt_79,2026H1,2026H1,空域限制或地形限制题型,几何图形航线规划,几何计算,三角形;边长,ground_station_exam_cases.csv
gskill_68c2cda8b1f1,gsec_27605ef4849c,qbank_7cb07e6ab374,实操题库_地面站考试条件_2026H1_空域限制或地形限制题型.txt_79,2026H1,2026H1,空域限制或地形限制题型,起飞返航点定位,导航定位,起飞点,ground_station_exam_cases.csv
gskill_10a6e2a4834f,gsec_27605ef4849c,qbank_7cb07e6ab374,实操题库_地面站考试条件_2026H1_空域限制或地形限制题型.txt_79,2026H1,2026H1,空域限制或地形限制题型,题型:空域限制或地形限制,题型,空域限制或地形限制题型,ground_station_exam_cases.csv
gskill_a7723374b1b6,gsec_724e3e3d459a,qbank_7cb07e6ab374,实操题库_地面站考试条件_2026H1_空域限制或地形限制题型.txt_80,2026H1,2026H1,空域限制或地形限制题型,经纬度换算,导航定位,经纬度;N:;E:;N;E,ground_station_exam_cases.csv
gskill_933d78f66a19,gsec_724e3e3d459a,qbank_7cb07e6ab374,实操题库_地面站考试条件_2026H1_空域限制或地形限制题型.txt_80,2026H1,2026H1,空域限制或地形限制题型,航向方位判断,导航定位,航向,ground_station_exam_cases.csv
gskill_b83c6932c405,gsec_724e3e3d459a,qbank_7cb07e6ab374,实操题库_地面站考试条件_2026H1_空域限制或地形限制题型.txt_80,2026H1,2026H1,空域限制或地形限制题型,空域地形限制处理,限制绕飞,空域;限制,ground_station_exam_cases.csv
gskill_8f2a52779f0c,gsec_724e3e3d459a,qbank_7cb07e6ab374,实操题库_地面站考试条件_2026H1_空域限制或地形限制题型.txt_80,2026H1,2026H1,空域限制或地形限制题型,速度高度参数设置,参数设置,高度;速度;m/s,ground_station_exam_cases.csv
gskill_8aefbce6ddd3,gsec_724e3e3d459a,qbank_7cb07e6ab374,实操题库_地面站考试条件_2026H1_空域限制或地形限制题型.txt_80,2026H1,2026H1,空域限制或地形限制题型,转弯停留循环设置,参数设置,转弯;停留;循环;闭合;不循环,ground_station_exam_cases.csv
gskill_3a09b1ac6a71,gsec_724e3e3d459a,qbank_7cb07e6ab374,实操题库_地面站考试条件_2026H1_空域限制或地形限制题型.txt_80,2026H1,2026H1,空域限制或地形限制题型,几何图形航线规划,几何计算,边长,ground_station_exam_cases.csv
gskill_7ff480b32faf,gsec_724e3e3d459a,qbank_7cb07e6ab374,实操题库_地面站考试条件_2026H1_空域限制或地形限制题型.txt_80,2026H1,2026H1,空域限制或地形限制题型,起飞返航点定位,导航定位,起飞点,ground_station_exam_cases.csv
gskill_61b3d8252119,gsec_724e3e3d459a,qbank_7cb07e6ab374,实操题库_地面站考试条件_2026H1_空域限制或地形限制题型.txt_80,2026H1,2026H1,空域限制或地形限制题型,题型:空域限制或地形限制,题型,空域限制或地形限制题型,ground_station_exam_cases.csv
gskill_66e0bf8b68f3,gsec_a151f5e36e64,qbank_7cb07e6ab374,实操题库_地面站考试条件_2026H1_空域限制或地形限制题型.txt_81,2026H1,2026H1,空域限制或地形限制题型,经纬度换算,导航定位,经纬度;N:;E:;N;E,ground_station_exam_cases.csv
gskill_b844f25e05b5,gsec_a151f5e36e64,qbank_7cb07e6ab374,实操题库_地面站考试条件_2026H1_空域限制或地形限制题型.txt_81,2026H1,2026H1,空域限制或地形限制题型,航向方位判断,导航定位,航向,ground_station_exam_cases.csv
gskill_fcd71c90ea0d,gsec_a151f5e36e64,qbank_7cb07e6ab374,实操题库_地面站考试条件_2026H1_空域限制或地形限制题型.txt_81,2026H1,2026H1,空域限制或地形限制题型,夹角计算,几何计算,角,ground_station_exam_cases.csv
gskill_97b79c6d0f4f,gsec_a151f5e36e64,qbank_7cb07e6ab374,实操题库_地面站考试条件_2026H1_空域限制或地形限制题型.txt_81,2026H1,2026H1,空域限制或地形限制题型,空域地形限制处理,限制绕飞,空域;限制,ground_station_exam_cases.csv
gskill_33271cee383d,gsec_a151f5e36e64,qbank_7cb07e6ab374,实操题库_地面站考试条件_2026H1_空域限制或地形限制题型.txt_81,2026H1,2026H1,空域限制或地形限制题型,速度高度参数设置,参数设置,高度;速度;m/s,ground_station_exam_cases.csv
gskill_8e5b283b6ca4,gsec_a151f5e36e64,qbank_7cb07e6ab374,实操题库_地面站考试条件_2026H1_空域限制或地形限制题型.txt_81,2026H1,2026H1,空域限制或地形限制题型,转弯停留循环设置,参数设置,转弯;停留;循环;闭合;不循环,ground_station_exam_cases.csv
gskill_e24926bea3a8,gsec_a151f5e36e64,qbank_7cb07e6ab374,实操题库_地面站考试条件_2026H1_空域限制或地形限制题型.txt_81,2026H1,2026H1,空域限制或地形限制题型,几何图形航线规划,几何计算,边长,ground_station_exam_cases.csv
gskill_e0229ef9def7,gsec_a151f5e36e64,qbank_7cb07e6ab374,实操题库_地面站考试条件_2026H1_空域限制或地形限制题型.txt_81,2026H1,2026H1,空域限制或地形限制题型,起飞返航点定位,导航定位,起飞点,ground_station_exam_cases.csv
gskill_070d12d40913,gsec_a151f5e36e64,qbank_7cb07e6ab374,实操题库_地面站考试条件_2026H1_空域限制或地形限制题型.txt_81,2026H1,2026H1,空域限制或地形限制题型,题型:空域限制或地形限制,题型,空域限制或地形限制题型,ground_station_exam_cases.csv
gskill_ede9b99b08d0,gsec_538b66734762,qbank_7cb07e6ab374,实操题库_地面站考试条件_2026H1_空域限制或地形限制题型.txt_82,2026H1,2026H1,空域限制或地形限制题型,经纬度换算,导航定位,经纬度;N:;E:;N;E,ground_station_exam_cases.csv
gskill_b757859eadbd,gsec_538b66734762,qbank_7cb07e6ab374,实操题库_地面站考试条件_2026H1_空域限制或地形限制题型.txt_82,2026H1,2026H1,空域限制或地形限制题型,航向方位判断,导航定位,航向;方位;SW,ground_station_exam_cases.csv
gskill_349108b54fa1,gsec_538b66734762,qbank_7cb07e6ab374,实操题库_地面站考试条件_2026H1_空域限制或地形限制题型.txt_82,2026H1,2026H1,空域限制或地形限制题型,夹角计算,几何计算,角,ground_station_exam_cases.csv
gskill_8caefe6afbf0,gsec_538b66734762,qbank_7cb07e6ab374,实操题库_地面站考试条件_2026H1_空域限制或地形限制题型.txt_82,2026H1,2026H1,空域限制或地形限制题型,空域地形限制处理,限制绕飞,空域;限制,ground_station_exam_cases.csv
gskill_331781d0b1b1,gsec_538b66734762,qbank_7cb07e6ab374,实操题库_地面站考试条件_2026H1_空域限制或地形限制题型.txt_82,2026H1,2026H1,空域限制或地形限制题型,速度高度参数设置,参数设置,高度;速度;m/s,ground_station_exam_cases.csv
gskill_310e566cb3f1,gsec_538b66734762,qbank_7cb07e6ab374,实操题库_地面站考试条件_2026H1_空域限制或地形限制题型.txt_82,2026H1,2026H1,空域限制或地形限制题型,转弯停留循环设置,参数设置,转弯;停留;循环;不循环,ground_station_exam_cases.csv
gskill_1c9b23573f9a,gsec_538b66734762,qbank_7cb07e6ab374,实操题库_地面站考试条件_2026H1_空域限制或地形限制题型.txt_82,2026H1,2026H1,空域限制或地形限制题型,几何图形航线规划,几何计算,三角形;边长,ground_station_exam_cases.csv
gskill_67f36b1b8258,gsec_538b66734762,qbank_7cb07e6ab374,实操题库_地面站考试条件_2026H1_空域限制或地形限制题型.txt_82,2026H1,2026H1,空域限制或地形限制题型,起飞返航点定位,导航定位,起飞点,ground_station_exam_cases.csv
gskill_9e6b205d5566,gsec_538b66734762,qbank_7cb07e6ab374,实操题库_地面站考试条件_2026H1_空域限制或地形限制题型.txt_82,2026H1,2026H1,空域限制或地形限制题型,题型:空域限制或地形限制,题型,空域限制或地形限制题型,ground_station_exam_cases.csv
gskill_bcb9f3909ff3,gsec_bba1ac60c485,qbank_7cb07e6ab374,实操题库_地面站考试条件_2026H1_空域限制或地形限制题型.txt_83,2026H1,2026H1,空域限制或地形限制题型,经纬度换算,导航定位,经纬度;N:;E:;N;E,ground_station_exam_cases.csv
gskill_e64deaf5e6ca,gsec_bba1ac60c485,qbank_7cb07e6ab374,实操题库_地面站考试条件_2026H1_空域限制或地形限制题型.txt_83,2026H1,2026H1,空域限制或地形限制题型,航向方位判断,导航定位,航向;方位,ground_station_exam_cases.csv
gskill_db11c29bb0a9,gsec_bba1ac60c485,qbank_7cb07e6ab374,实操题库_地面站考试条件_2026H1_空域限制或地形限制题型.txt_83,2026H1,2026H1,空域限制或地形限制题型,夹角计算,几何计算,角,ground_station_exam_cases.csv
gskill_17e289bcf8d8,gsec_bba1ac60c485,qbank_7cb07e6ab374,实操题库_地面站考试条件_2026H1_空域限制或地形限制题型.txt_83,2026H1,2026H1,空域限制或地形限制题型,空域地形限制处理,限制绕飞,空域;限制,ground_station_exam_cases.csv
gskill_751cc096c8db,gsec_bba1ac60c485,qbank_7cb07e6ab374,实操题库_地面站考试条件_2026H1_空域限制或地形限制题型.txt_83,2026H1,2026H1,空域限制或地形限制题型,速度高度参数设置,参数设置,高度;速度;m/s,ground_station_exam_cases.csv
gskill_61f297ae1419,gsec_bba1ac60c485,qbank_7cb07e6ab374,实操题库_地面站考试条件_2026H1_空域限制或地形限制题型.txt_83,2026H1,2026H1,空域限制或地形限制题型,转弯停留循环设置,参数设置,转弯;停留;循环;闭合;不循环,ground_station_exam_cases.csv
gskill_e133cc4f18b2,gsec_bba1ac60c485,qbank_7cb07e6ab374,实操题库_地面站考试条件_2026H1_空域限制或地形限制题型.txt_83,2026H1,2026H1,空域限制或地形限制题型,几何图形航线规划,几何计算,边长,ground_station_exam_cases.csv
gskill_75f79f575905,gsec_bba1ac60c485,qbank_7cb07e6ab374,实操题库_地面站考试条件_2026H1_空域限制或地形限制题型.txt_83,2026H1,2026H1,空域限制或地形限制题型,起飞返航点定位,导航定位,起飞点,ground_station_exam_cases.csv
gskill_d4eb73a76243,gsec_bba1ac60c485,qbank_7cb07e6ab374,实操题库_地面站考试条件_2026H1_空域限制或地形限制题型.txt_83,2026H1,2026H1,空域限制或地形限制题型,题型:空域限制或地形限制,题型,空域限制或地形限制题型,ground_station_exam_cases.csv
gskill_cd57d472486d,gsec_02ff0ad59a23,qbank_7cb07e6ab374,实操题库_地面站考试条件_2026H1_空域限制或地形限制题型.txt_84,2026H1,2026H1,空域限制或地形限制题型,经纬度换算,导航定位,经纬度;N:;E:;N;E,ground_station_exam_cases.csv
gskill_8841d36baa5f,gsec_02ff0ad59a23,qbank_7cb07e6ab374,实操题库_地面站考试条件_2026H1_空域限制或地形限制题型.txt_84,2026H1,2026H1,空域限制或地形限制题型,航向方位判断,导航定位,航向;方位,ground_station_exam_cases.csv
gskill_c556a0d254b2,gsec_02ff0ad59a23,qbank_7cb07e6ab374,实操题库_地面站考试条件_2026H1_空域限制或地形限制题型.txt_84,2026H1,2026H1,空域限制或地形限制题型,夹角计算,几何计算,∠;角,ground_station_exam_cases.csv
gskill_5be657f7cb2d,gsec_02ff0ad59a23,qbank_7cb07e6ab374,实操题库_地面站考试条件_2026H1_空域限制或地形限制题型.txt_84,2026H1,2026H1,空域限制或地形限制题型,空域地形限制处理,限制绕飞,空域;限制,ground_station_exam_cases.csv
gskill_17b9bfe12471,gsec_02ff0ad59a23,qbank_7cb07e6ab374,实操题库_地面站考试条件_2026H1_空域限制或地形限制题型.txt_84,2026H1,2026H1,空域限制或地形限制题型,速度高度参数设置,参数设置,高度;速度;m/s,ground_station_exam_cases.csv
gskill_50cccc19de74,gsec_02ff0ad59a23,qbank_7cb07e6ab374,实操题库_地面站考试条件_2026H1_空域限制或地形限制题型.txt_84,2026H1,2026H1,空域限制或地形限制题型,转弯停留循环设置,参数设置,转弯;停留;循环;闭合,ground_station_exam_cases.csv
gskill_b2f2877efe8f,gsec_02ff0ad59a23,qbank_7cb07e6ab374,实操题库_地面站考试条件_2026H1_空域限制或地形限制题型.txt_84,2026H1,2026H1,空域限制或地形限制题型,几何图形航线规划,几何计算,三角形;边长,ground_station_exam_cases.csv
gskill_324a512af997,gsec_02ff0ad59a23,qbank_7cb07e6ab374,实操题库_地面站考试条件_2026H1_空域限制或地形限制题型.txt_84,2026H1,2026H1,空域限制或地形限制题型,起飞返航点定位,导航定位,起飞点,ground_station_exam_cases.csv
gskill_9367b1eaf874,gsec_02ff0ad59a23,qbank_7cb07e6ab374,实操题库_地面站考试条件_2026H1_空域限制或地形限制题型.txt_84,2026H1,2026H1,空域限制或地形限制题型,题型:空域限制或地形限制,题型,空域限制或地形限制题型,ground_station_exam_cases.csv
gskill_7dbaa6ae7144,gsec_ecf377763ec2,qbank_7cb07e6ab374,实操题库_地面站考试条件_2026H1_空域限制或地形限制题型.txt_85,2026H1,2026H1,空域限制或地形限制题型,经纬度换算,导航定位,经纬度;N:;E:;N;E,ground_station_exam_cases.csv
gskill_90c64ffba577,gsec_ecf377763ec2,qbank_7cb07e6ab374,实操题库_地面站考试条件_2026H1_空域限制或地形限制题型.txt_85,2026H1,2026H1,空域限制或地形限制题型,航向方位判断,导航定位,航向;方位,ground_station_exam_cases.csv
gskill_2ec19c855015,gsec_ecf377763ec2,qbank_7cb07e6ab374,实操题库_地面站考试条件_2026H1_空域限制或地形限制题型.txt_85,2026H1,2026H1,空域限制或地形限制题型,夹角计算,几何计算,∠;角,ground_station_exam_cases.csv
gskill_dde62e2f89aa,gsec_ecf377763ec2,qbank_7cb07e6ab374,实操题库_地面站考试条件_2026H1_空域限制或地形限制题型.txt_85,2026H1,2026H1,空域限制或地形限制题型,空域地形限制处理,限制绕飞,空域;限制,ground_station_exam_cases.csv
gskill_d02ef4aef349,gsec_ecf377763ec2,qbank_7cb07e6ab374,实操题库_地面站考试条件_2026H1_空域限制或地形限制题型.txt_85,2026H1,2026H1,空域限制或地形限制题型,速度高度参数设置,参数设置,高度;速度;m/s,ground_station_exam_cases.csv
gskill_87350406f024,gsec_ecf377763ec2,qbank_7cb07e6ab374,实操题库_地面站考试条件_2026H1_空域限制或地形限制题型.txt_85,2026H1,2026H1,空域限制或地形限制题型,转弯停留循环设置,参数设置,转弯;停留;循环;闭合,ground_station_exam_cases.csv
gskill_c7f9d6858481,gsec_ecf377763ec2,qbank_7cb07e6ab374,实操题库_地面站考试条件_2026H1_空域限制或地形限制题型.txt_85,2026H1,2026H1,空域限制或地形限制题型,几何图形航线规划,几何计算,三角形;边长,ground_station_exam_cases.csv
gskill_5e0f4639d031,gsec_ecf377763ec2,qbank_7cb07e6ab374,实操题库_地面站考试条件_2026H1_空域限制或地形限制题型.txt_85,2026H1,2026H1,空域限制或地形限制题型,起飞返航点定位,导航定位,起飞点,ground_station_exam_cases.csv
gskill_fc476082c772,gsec_ecf377763ec2,qbank_7cb07e6ab374,实操题库_地面站考试条件_2026H1_空域限制或地形限制题型.txt_85,2026H1,2026H1,空域限制或地形限制题型,题型:空域限制或地形限制,题型,空域限制或地形限制题型,ground_station_exam_cases.csv
gskill_d96c01487219,gsec_e62df894ebdf,qbank_7cb07e6ab374,实操题库_地面站考试条件_2026H1_空域限制或地形限制题型.txt_86,2026H1,2026H1,空域限制或地形限制题型,经纬度换算,导航定位,经纬度;N:;E:;N;E,ground_station_exam_cases.csv
gskill_98e73f3a65c6,gsec_e62df894ebdf,qbank_7cb07e6ab374,实操题库_地面站考试条件_2026H1_空域限制或地形限制题型.txt_86,2026H1,2026H1,空域限制或地形限制题型,航向方位判断,导航定位,航向;方位,ground_station_exam_cases.csv
gskill_085a8c1e84a4,gsec_e62df894ebdf,qbank_7cb07e6ab374,实操题库_地面站考试条件_2026H1_空域限制或地形限制题型.txt_86,2026H1,2026H1,空域限制或地形限制题型,空域地形限制处理,限制绕飞,空域;限制,ground_station_exam_cases.csv
gskill_09a39229cf44,gsec_e62df894ebdf,qbank_7cb07e6ab374,实操题库_地面站考试条件_2026H1_空域限制或地形限制题型.txt_86,2026H1,2026H1,空域限制或地形限制题型,速度高度参数设置,参数设置,高度;速度;m/s,ground_station_exam_cases.csv
gskill_3630887e8c85,gsec_e62df894ebdf,qbank_7cb07e6ab374,实操题库_地面站考试条件_2026H1_空域限制或地形限制题型.txt_86,2026H1,2026H1,空域限制或地形限制题型,转弯停留循环设置,参数设置,转弯;循环;闭合,ground_station_exam_cases.csv
gskill_6185d5668767,gsec_e62df894ebdf,qbank_7cb07e6ab374,实操题库_地面站考试条件_2026H1_空域限制或地形限制题型.txt_86,2026H1,2026H1,空域限制或地形限制题型,几何图形航线规划,几何计算,六边形;边长,ground_station_exam_cases.csv
gskill_b1918cdb3f8b,gsec_e62df894ebdf,qbank_7cb07e6ab374,实操题库_地面站考试条件_2026H1_空域限制或地形限制题型.txt_86,2026H1,2026H1,空域限制或地形限制题型,起飞返航点定位,导航定位,起飞点,ground_station_exam_cases.csv
gskill_9862c01eb8ee,gsec_e62df894ebdf,qbank_7cb07e6ab374,实操题库_地面站考试条件_2026H1_空域限制或地形限制题型.txt_86,2026H1,2026H1,空域限制或地形限制题型,题型:空域限制或地形限制,题型,空域限制或地形限制题型,ground_station_exam_cases.csv
gskill_67c7f1dc932e,gsec_c3abc195cd8b,qbank_7cb07e6ab374,实操题库_地面站考试条件_2026H1_空域限制或地形限制题型.txt_87,2026H1,2026H1,空域限制或地形限制题型,经纬度换算,导航定位,经纬度;N:;E:;N;E,ground_station_exam_cases.csv
gskill_01be4da79f3b,gsec_c3abc195cd8b,qbank_7cb07e6ab374,实操题库_地面站考试条件_2026H1_空域限制或地形限制题型.txt_87,2026H1,2026H1,空域限制或地形限制题型,航向方位判断,导航定位,航向;方位,ground_station_exam_cases.csv
gskill_5ea60f214c5e,gsec_c3abc195cd8b,qbank_7cb07e6ab374,实操题库_地面站考试条件_2026H1_空域限制或地形限制题型.txt_87,2026H1,2026H1,空域限制或地形限制题型,空域地形限制处理,限制绕飞,空域;限制,ground_station_exam_cases.csv
gskill_85eea94a06e6,gsec_c3abc195cd8b,qbank_7cb07e6ab374,实操题库_地面站考试条件_2026H1_空域限制或地形限制题型.txt_87,2026H1,2026H1,空域限制或地形限制题型,速度高度参数设置,参数设置,高度;速度;m/s,ground_station_exam_cases.csv
gskill_44741d39936b,gsec_c3abc195cd8b,qbank_7cb07e6ab374,实操题库_地面站考试条件_2026H1_空域限制或地形限制题型.txt_87,2026H1,2026H1,空域限制或地形限制题型,转弯停留循环设置,参数设置,转弯;停留;循环;闭合,ground_station_exam_cases.csv
gskill_7e51e6e05bcb,gsec_c3abc195cd8b,qbank_7cb07e6ab374,实操题库_地面站考试条件_2026H1_空域限制或地形限制题型.txt_87,2026H1,2026H1,空域限制或地形限制题型,起飞返航点定位,导航定位,起飞点,ground_station_exam_cases.csv
gskill_172685e7252d,gsec_c3abc195cd8b,qbank_7cb07e6ab374,实操题库_地面站考试条件_2026H1_空域限制或地形限制题型.txt_87,2026H1,2026H1,空域限制或地形限制题型,题型:空域限制或地形限制,题型,空域限制或地形限制题型,ground_station_exam_cases.csv
gskill_798c1b11998a,gsec_56b67afed6db,qbank_7cb07e6ab374,实操题库_地面站考试条件_2026H1_空域限制或地形限制题型.txt_88,2026H1,2026H1,空域限制或地形限制题型,经纬度换算,导航定位,经纬度;N:;E:;N;E,ground_station_exam_cases.csv
gskill_f466a5698203,gsec_56b67afed6db,qbank_7cb07e6ab374,实操题库_地面站考试条件_2026H1_空域限制或地形限制题型.txt_88,2026H1,2026H1,空域限制或地形限制题型,航向方位判断,导航定位,航向;方位,ground_station_exam_cases.csv
gskill_7832fbdbd9a6,gsec_56b67afed6db,qbank_7cb07e6ab374,实操题库_地面站考试条件_2026H1_空域限制或地形限制题型.txt_88,2026H1,2026H1,空域限制或地形限制题型,空域地形限制处理,限制绕飞,空域;限制,ground_station_exam_cases.csv
gskill_c08d90551613,gsec_56b67afed6db,qbank_7cb07e6ab374,实操题库_地面站考试条件_2026H1_空域限制或地形限制题型.txt_88,2026H1,2026H1,空域限制或地形限制题型,速度高度参数设置,参数设置,高度;速度;m/s,ground_station_exam_cases.csv
gskill_6834ddfef0cc,gsec_56b67afed6db,qbank_7cb07e6ab374,实操题库_地面站考试条件_2026H1_空域限制或地形限制题型.txt_88,2026H1,2026H1,空域限制或地形限制题型,转弯停留循环设置,参数设置,转弯;停留;循环;闭合,ground_station_exam_cases.csv
gskill_df4a0af750ad,gsec_56b67afed6db,qbank_7cb07e6ab374,实操题库_地面站考试条件_2026H1_空域限制或地形限制题型.txt_88,2026H1,2026H1,空域限制或地形限制题型,起飞返航点定位,导航定位,起飞点,ground_station_exam_cases.csv
gskill_9372f41b73d3,gsec_56b67afed6db,qbank_7cb07e6ab374,实操题库_地面站考试条件_2026H1_空域限制或地形限制题型.txt_88,2026H1,2026H1,空域限制或地形限制题型,题型:空域限制或地形限制,题型,空域限制或地形限制题型,ground_station_exam_cases.csv
gskill_c03e900d6929,gsec_3ef7a24b590f,qbank_7cb07e6ab374,实操题库_地面站考试条件_2026H1_空域限制或地形限制题型.txt_89,2026H1,2026H1,空域限制或地形限制题型,经纬度换算,导航定位,经纬度;N:;E:;N;E,ground_station_exam_cases.csv
gskill_81d3e304d0f8,gsec_3ef7a24b590f,qbank_7cb07e6ab374,实操题库_地面站考试条件_2026H1_空域限制或地形限制题型.txt_89,2026H1,2026H1,空域限制或地形限制题型,航向方位判断,导航定位,航向;方位,ground_station_exam_cases.csv
gskill_2b705247b04f,gsec_3ef7a24b590f,qbank_7cb07e6ab374,实操题库_地面站考试条件_2026H1_空域限制或地形限制题型.txt_89,2026H1,2026H1,空域限制或地形限制题型,夹角计算,几何计算,∠,ground_station_exam_cases.csv
gskill_6e4180966954,gsec_3ef7a24b590f,qbank_7cb07e6ab374,实操题库_地面站考试条件_2026H1_空域限制或地形限制题型.txt_89,2026H1,2026H1,空域限制或地形限制题型,空域地形限制处理,限制绕飞,空域;限制,ground_station_exam_cases.csv
gskill_d23b70a67aa8,gsec_3ef7a24b590f,qbank_7cb07e6ab374,实操题库_地面站考试条件_2026H1_空域限制或地形限制题型.txt_89,2026H1,2026H1,空域限制或地形限制题型,速度高度参数设置,参数设置,高度;速度;m/s,ground_station_exam_cases.csv
gskill_f53eb5b1670f,gsec_3ef7a24b590f,qbank_7cb07e6ab374,实操题库_地面站考试条件_2026H1_空域限制或地形限制题型.txt_89,2026H1,2026H1,空域限制或地形限制题型,转弯停留循环设置,参数设置,转弯;停留;循环;闭合,ground_station_exam_cases.csv
gskill_9cec26543b06,gsec_3ef7a24b590f,qbank_7cb07e6ab374,实操题库_地面站考试条件_2026H1_空域限制或地形限制题型.txt_89,2026H1,2026H1,空域限制或地形限制题型,几何图形航线规划,几何计算,五边形;边长,ground_station_exam_cases.csv
gskill_9e9fd851ad00,gsec_3ef7a24b590f,qbank_7cb07e6ab374,实操题库_地面站考试条件_2026H1_空域限制或地形限制题型.txt_89,2026H1,2026H1,空域限制或地形限制题型,起飞返航点定位,导航定位,起飞点,ground_station_exam_cases.csv
gskill_0478cda70fa8,gsec_3ef7a24b590f,qbank_7cb07e6ab374,实操题库_地面站考试条件_2026H1_空域限制或地形限制题型.txt_89,2026H1,2026H1,空域限制或地形限制题型,题型:空域限制或地形限制,题型,空域限制或地形限制题型,ground_station_exam_cases.csv
gskill_5a297f663d2e,gsec_dfb3e0fd44b5,qbank_7cb07e6ab374,实操题库_地面站考试条件_2026H1_空域限制或地形限制题型.txt_90,2026H1,2026H1,空域限制或地形限制题型,经纬度换算,导航定位,经纬度;E:;N;E,ground_station_exam_cases.csv
gskill_8d50298eda5b,gsec_dfb3e0fd44b5,qbank_7cb07e6ab374,实操题库_地面站考试条件_2026H1_空域限制或地形限制题型.txt_90,2026H1,2026H1,空域限制或地形限制题型,航向方位判断,导航定位,航向;方位,ground_station_exam_cases.csv
gskill_9cbebaed9b54,gsec_dfb3e0fd44b5,qbank_7cb07e6ab374,实操题库_地面站考试条件_2026H1_空域限制或地形限制题型.txt_90,2026H1,2026H1,空域限制或地形限制题型,夹角计算,几何计算,角,ground_station_exam_cases.csv
gskill_66a647df564e,gsec_dfb3e0fd44b5,qbank_7cb07e6ab374,实操题库_地面站考试条件_2026H1_空域限制或地形限制题型.txt_90,2026H1,2026H1,空域限制或地形限制题型,空域地形限制处理,限制绕飞,地形;限制,ground_station_exam_cases.csv
gskill_da3519b2cb10,gsec_dfb3e0fd44b5,qbank_7cb07e6ab374,实操题库_地面站考试条件_2026H1_空域限制或地形限制题型.txt_90,2026H1,2026H1,空域限制或地形限制题型,速度高度参数设置,参数设置,高度;速度;m/s,ground_station_exam_cases.csv
gskill_f440c0b87734,gsec_dfb3e0fd44b5,qbank_7cb07e6ab374,实操题库_地面站考试条件_2026H1_空域限制或地形限制题型.txt_90,2026H1,2026H1,空域限制或地形限制题型,转弯停留循环设置,参数设置,转弯;停留;循环,ground_station_exam_cases.csv
gskill_b9173f35151b,gsec_dfb3e0fd44b5,qbank_7cb07e6ab374,实操题库_地面站考试条件_2026H1_空域限制或地形限制题型.txt_90,2026H1,2026H1,空域限制或地形限制题型,几何图形航线规划,几何计算,三角形;边长,ground_station_exam_cases.csv
gskill_0fd6bcc21921,gsec_dfb3e0fd44b5,qbank_7cb07e6ab374,实操题库_地面站考试条件_2026H1_空域限制或地形限制题型.txt_90,2026H1,2026H1,空域限制或地形限制题型,起飞返航点定位,导航定位,起飞点,ground_station_exam_cases.csv
gskill_2d85dd7edfd6,gsec_dfb3e0fd44b5,qbank_7cb07e6ab374,实操题库_地面站考试条件_2026H1_空域限制或地形限制题型.txt_90,2026H1,2026H1,空域限制或地形限制题型,题型:空域限制或地形限制,题型,空域限制或地形限制题型,ground_station_exam_cases.csv
gskill_fd9a0fb43393,gsec_9559d506a4a1,qbank_7cb07e6ab374,实操题库_地面站考试条件_2026H1_空域限制或地形限制题型.txt_91,2026H1,2026H1,空域限制或地形限制题型,经纬度换算,导航定位,经纬度;N:;E:;N;E,ground_station_exam_cases.csv
gskill_31dad1f1ef1b,gsec_9559d506a4a1,qbank_7cb07e6ab374,实操题库_地面站考试条件_2026H1_空域限制或地形限制题型.txt_91,2026H1,2026H1,空域限制或地形限制题型,航向方位判断,导航定位,航向;方位,ground_station_exam_cases.csv
gskill_26e0fd2f186f,gsec_9559d506a4a1,qbank_7cb07e6ab374,实操题库_地面站考试条件_2026H1_空域限制或地形限制题型.txt_91,2026H1,2026H1,空域限制或地形限制题型,夹角计算,几何计算,角,ground_station_exam_cases.csv
gskill_9039c623e0bb,gsec_9559d506a4a1,qbank_7cb07e6ab374,实操题库_地面站考试条件_2026H1_空域限制或地形限制题型.txt_91,2026H1,2026H1,空域限制或地形限制题型,空域地形限制处理,限制绕飞,地形;限制,ground_station_exam_cases.csv
gskill_28a98965fc5b,gsec_9559d506a4a1,qbank_7cb07e6ab374,实操题库_地面站考试条件_2026H1_空域限制或地形限制题型.txt_91,2026H1,2026H1,空域限制或地形限制题型,速度高度参数设置,参数设置,高度;速度;m/s,ground_station_exam_cases.csv
gskill_acde190197c3,gsec_9559d506a4a1,qbank_7cb07e6ab374,实操题库_地面站考试条件_2026H1_空域限制或地形限制题型.txt_91,2026H1,2026H1,空域限制或地形限制题型,转弯停留循环设置,参数设置,转弯;停留;循环,ground_station_exam_cases.csv
gskill_2209c2866c0f,gsec_9559d506a4a1,qbank_7cb07e6ab374,实操题库_地面站考试条件_2026H1_空域限制或地形限制题型.txt_91,2026H1,2026H1,空域限制或地形限制题型,几何图形航线规划,几何计算,三角形;边长,ground_station_exam_cases.csv
gskill_65da72401db5,gsec_9559d506a4a1,qbank_7cb07e6ab374,实操题库_地面站考试条件_2026H1_空域限制或地形限制题型.txt_91,2026H1,2026H1,空域限制或地形限制题型,起飞返航点定位,导航定位,起飞点,ground_station_exam_cases.csv
gskill_7367c5767416,gsec_9559d506a4a1,qbank_7cb07e6ab374,实操题库_地面站考试条件_2026H1_空域限制或地形限制题型.txt_91,2026H1,2026H1,空域限制或地形限制题型,题型:空域限制或地形限制,题型,空域限制或地形限制题型,ground_station_exam_cases.csv
gskill_43eab84a9a85,gsec_85afcdec8dd8,qbank_7cb07e6ab374,实操题库_地面站考试条件_2026H1_空域限制或地形限制题型.txt_92,2026H1,2026H1,空域限制或地形限制题型,经纬度换算,导航定位,经纬度;N:;E:;N;E,ground_station_exam_cases.csv
gskill_2380536cf4a3,gsec_85afcdec8dd8,qbank_7cb07e6ab374,实操题库_地面站考试条件_2026H1_空域限制或地形限制题型.txt_92,2026H1,2026H1,空域限制或地形限制题型,航向方位判断,导航定位,航向;NE;NW;SE,ground_station_exam_cases.csv
gskill_bf7b0398b8e2,gsec_85afcdec8dd8,qbank_7cb07e6ab374,实操题库_地面站考试条件_2026H1_空域限制或地形限制题型.txt_92,2026H1,2026H1,空域限制或地形限制题型,空域地形限制处理,限制绕飞,空域;限制,ground_station_exam_cases.csv
gskill_e9624eb906e6,gsec_85afcdec8dd8,qbank_7cb07e6ab374,实操题库_地面站考试条件_2026H1_空域限制或地形限制题型.txt_92,2026H1,2026H1,空域限制或地形限制题型,速度高度参数设置,参数设置,高度;速度;m/s,ground_station_exam_cases.csv
gskill_3bb79694b86c,gsec_85afcdec8dd8,qbank_7cb07e6ab374,实操题库_地面站考试条件_2026H1_空域限制或地形限制题型.txt_92,2026H1,2026H1,空域限制或地形限制题型,转弯停留循环设置,参数设置,转弯;停留;循环;闭合,ground_station_exam_cases.csv
gskill_3e42022df1e7,gsec_85afcdec8dd8,qbank_7cb07e6ab374,实操题库_地面站考试条件_2026H1_空域限制或地形限制题型.txt_92,2026H1,2026H1,空域限制或地形限制题型,几何图形航线规划,几何计算,六边形;边长,ground_station_exam_cases.csv
gskill_29eda8ecd8c4,gsec_85afcdec8dd8,qbank_7cb07e6ab374,实操题库_地面站考试条件_2026H1_空域限制或地形限制题型.txt_92,2026H1,2026H1,空域限制或地形限制题型,起飞返航点定位,导航定位,起飞点,ground_station_exam_cases.csv
gskill_645256262dc8,gsec_85afcdec8dd8,qbank_7cb07e6ab374,实操题库_地面站考试条件_2026H1_空域限制或地形限制题型.txt_92,2026H1,2026H1,空域限制或地形限制题型,题型:空域限制或地形限制,题型,空域限制或地形限制题型,ground_station_exam_cases.csv
gskill_f1603d7161da,gsec_1fe041fe3891,qbank_7cb07e6ab374,实操题库_地面站考试条件_2026H1_空域限制或地形限制题型.txt_93,2026H1,2026H1,空域限制或地形限制题型,经纬度换算,导航定位,经纬度;N:;E:;N;E,ground_station_exam_cases.csv
gskill_a172a74b0eca,gsec_1fe041fe3891,qbank_7cb07e6ab374,实操题库_地面站考试条件_2026H1_空域限制或地形限制题型.txt_93,2026H1,2026H1,空域限制或地形限制题型,航向方位判断,导航定位,航向;NE;NW;SE,ground_station_exam_cases.csv
gskill_5a9b1e03cae9,gsec_1fe041fe3891,qbank_7cb07e6ab374,实操题库_地面站考试条件_2026H1_空域限制或地形限制题型.txt_93,2026H1,2026H1,空域限制或地形限制题型,空域地形限制处理,限制绕飞,空域;限制,ground_station_exam_cases.csv
gskill_593a8beeb044,gsec_1fe041fe3891,qbank_7cb07e6ab374,实操题库_地面站考试条件_2026H1_空域限制或地形限制题型.txt_93,2026H1,2026H1,空域限制或地形限制题型,速度高度参数设置,参数设置,高度;速度;m/s,ground_station_exam_cases.csv
gskill_b4c7c4fd1f11,gsec_1fe041fe3891,qbank_7cb07e6ab374,实操题库_地面站考试条件_2026H1_空域限制或地形限制题型.txt_93,2026H1,2026H1,空域限制或地形限制题型,转弯停留循环设置,参数设置,转弯;停留;循环;闭合,ground_station_exam_cases.csv
gskill_1ee80f936dac,gsec_1fe041fe3891,qbank_7cb07e6ab374,实操题库_地面站考试条件_2026H1_空域限制或地形限制题型.txt_93,2026H1,2026H1,空域限制或地形限制题型,几何图形航线规划,几何计算,边长,ground_station_exam_cases.csv
gskill_6046ef876ad2,gsec_1fe041fe3891,qbank_7cb07e6ab374,实操题库_地面站考试条件_2026H1_空域限制或地形限制题型.txt_93,2026H1,2026H1,空域限制或地形限制题型,起飞返航点定位,导航定位,起飞点,ground_station_exam_cases.csv
gskill_a66e62bee398,gsec_1fe041fe3891,qbank_7cb07e6ab374,实操题库_地面站考试条件_2026H1_空域限制或地形限制题型.txt_93,2026H1,2026H1,空域限制或地形限制题型,题型:空域限制或地形限制,题型,空域限制或地形限制题型,ground_station_exam_cases.csv
gskill_9581423bb48a,gsec_2f161611cd37,qbank_7cb07e6ab374,实操题库_地面站考试条件_2026H1_空域限制或地形限制题型.txt_94,2026H1,2026H1,空域限制或地形限制题型,经纬度换算,导航定位,经纬度;N:;E:;N;E,ground_station_exam_cases.csv
gskill_e5dc11d2cb1b,gsec_2f161611cd37,qbank_7cb07e6ab374,实操题库_地面站考试条件_2026H1_空域限制或地形限制题型.txt_94,2026H1,2026H1,空域限制或地形限制题型,航向方位判断,导航定位,航向;方位;正东,ground_station_exam_cases.csv
gskill_aa9a97477fb3,gsec_2f161611cd37,qbank_7cb07e6ab374,实操题库_地面站考试条件_2026H1_空域限制或地形限制题型.txt_94,2026H1,2026H1,空域限制或地形限制题型,夹角计算,几何计算,∠;角,ground_station_exam_cases.csv
gskill_6349e70492f1,gsec_2f161611cd37,qbank_7cb07e6ab374,实操题库_地面站考试条件_2026H1_空域限制或地形限制题型.txt_94,2026H1,2026H1,空域限制或地形限制题型,空域地形限制处理,限制绕飞,空域;限制,ground_station_exam_cases.csv
gskill_18926234016f,gsec_2f161611cd37,qbank_7cb07e6ab374,实操题库_地面站考试条件_2026H1_空域限制或地形限制题型.txt_94,2026H1,2026H1,空域限制或地形限制题型,速度高度参数设置,参数设置,高度;速度;m/s,ground_station_exam_cases.csv
gskill_120301ae0d26,gsec_2f161611cd37,qbank_7cb07e6ab374,实操题库_地面站考试条件_2026H1_空域限制或地形限制题型.txt_94,2026H1,2026H1,空域限制或地形限制题型,转弯停留循环设置,参数设置,转弯;停留;循环,ground_station_exam_cases.csv
gskill_aa9572762edd,gsec_2f161611cd37,qbank_7cb07e6ab374,实操题库_地面站考试条件_2026H1_空域限制或地形限制题型.txt_94,2026H1,2026H1,空域限制或地形限制题型,几何图形航线规划,几何计算,三角形;边长,ground_station_exam_cases.csv
gskill_c6761f4df4aa,gsec_2f161611cd37,qbank_7cb07e6ab374,实操题库_地面站考试条件_2026H1_空域限制或地形限制题型.txt_94,2026H1,2026H1,空域限制或地形限制题型,起飞返航点定位,导航定位,起飞点,ground_station_exam_cases.csv
gskill_db2f81b92dc0,gsec_2f161611cd37,qbank_7cb07e6ab374,实操题库_地面站考试条件_2026H1_空域限制或地形限制题型.txt_94,2026H1,2026H1,空域限制或地形限制题型,题型:空域限制或地形限制,题型,空域限制或地形限制题型,ground_station_exam_cases.csv
gskill_ce8f1f919ab3,gsec_51aeb9e5f695,qbank_7cb07e6ab374,实操题库_地面站考试条件_2026H1_空域限制或地形限制题型.txt_95,2026H1,2026H1,空域限制或地形限制题型,经纬度换算,导航定位,经纬度;N:;E:;N;E,ground_station_exam_cases.csv
gskill_7f8bb593c7ae,gsec_51aeb9e5f695,qbank_7cb07e6ab374,实操题库_地面站考试条件_2026H1_空域限制或地形限制题型.txt_95,2026H1,2026H1,空域限制或地形限制题型,航向方位判断,导航定位,航向;方位;正东,ground_station_exam_cases.csv
gskill_e48fb6baf102,gsec_51aeb9e5f695,qbank_7cb07e6ab374,实操题库_地面站考试条件_2026H1_空域限制或地形限制题型.txt_95,2026H1,2026H1,空域限制或地形限制题型,夹角计算,几何计算,∠;角,ground_station_exam_cases.csv
gskill_c93134660e9d,gsec_51aeb9e5f695,qbank_7cb07e6ab374,实操题库_地面站考试条件_2026H1_空域限制或地形限制题型.txt_95,2026H1,2026H1,空域限制或地形限制题型,空域地形限制处理,限制绕飞,空域;限制,ground_station_exam_cases.csv
gskill_c092b1504424,gsec_51aeb9e5f695,qbank_7cb07e6ab374,实操题库_地面站考试条件_2026H1_空域限制或地形限制题型.txt_95,2026H1,2026H1,空域限制或地形限制题型,速度高度参数设置,参数设置,高度;速度;m/s,ground_station_exam_cases.csv
gskill_38d93463b3f1,gsec_51aeb9e5f695,qbank_7cb07e6ab374,实操题库_地面站考试条件_2026H1_空域限制或地形限制题型.txt_95,2026H1,2026H1,空域限制或地形限制题型,转弯停留循环设置,参数设置,转弯;停留;循环;闭合,ground_station_exam_cases.csv
gskill_18a76b21f187,gsec_51aeb9e5f695,qbank_7cb07e6ab374,实操题库_地面站考试条件_2026H1_空域限制或地形限制题型.txt_95,2026H1,2026H1,空域限制或地形限制题型,几何图形航线规划,几何计算,五边形;边长,ground_station_exam_cases.csv
gskill_94ea1c8ec001,gsec_51aeb9e5f695,qbank_7cb07e6ab374,实操题库_地面站考试条件_2026H1_空域限制或地形限制题型.txt_95,2026H1,2026H1,空域限制或地形限制题型,起飞返航点定位,导航定位,起飞点,ground_station_exam_cases.csv
gskill_fd66dce6360f,gsec_51aeb9e5f695,qbank_7cb07e6ab374,实操题库_地面站考试条件_2026H1_空域限制或地形限制题型.txt_95,2026H1,2026H1,空域限制或地形限制题型,题型:空域限制或地形限制,题型,空域限制或地形限制题型,ground_station_exam_cases.csv
gskill_b024f8f9863f,gsec_7a605ac1adcd,qbank_7cb07e6ab374,实操题库_地面站考试条件_2026H1_空域限制或地形限制题型.txt_96,2026H1,2026H1,空域限制或地形限制题型,经纬度换算,导航定位,经纬度;N:;E:;N;E,ground_station_exam_cases.csv
gskill_bbe00d54d21f,gsec_7a605ac1adcd,qbank_7cb07e6ab374,实操题库_地面站考试条件_2026H1_空域限制或地形限制题型.txt_96,2026H1,2026H1,空域限制或地形限制题型,航向方位判断,导航定位,航向;NE;NW;SE,ground_station_exam_cases.csv
gskill_930663449b2e,gsec_7a605ac1adcd,qbank_7cb07e6ab374,实操题库_地面站考试条件_2026H1_空域限制或地形限制题型.txt_96,2026H1,2026H1,空域限制或地形限制题型,空域地形限制处理,限制绕飞,空域;限制,ground_station_exam_cases.csv
gskill_e96a718505d5,gsec_7a605ac1adcd,qbank_7cb07e6ab374,实操题库_地面站考试条件_2026H1_空域限制或地形限制题型.txt_96,2026H1,2026H1,空域限制或地形限制题型,速度高度参数设置,参数设置,高度;速度;m/s,ground_station_exam_cases.csv
gskill_2ecc709decfc,gsec_7a605ac1adcd,qbank_7cb07e6ab374,实操题库_地面站考试条件_2026H1_空域限制或地形限制题型.txt_96,2026H1,2026H1,空域限制或地形限制题型,转弯停留循环设置,参数设置,转弯;停留;循环;闭合,ground_station_exam_cases.csv
gskill_b870a53fab71,gsec_7a605ac1adcd,qbank_7cb07e6ab374,实操题库_地面站考试条件_2026H1_空域限制或地形限制题型.txt_96,2026H1,2026H1,空域限制或地形限制题型,几何图形航线规划,几何计算,六边形;边长,ground_station_exam_cases.csv
gskill_92b8c6914bb7,gsec_7a605ac1adcd,qbank_7cb07e6ab374,实操题库_地面站考试条件_2026H1_空域限制或地形限制题型.txt_96,2026H1,2026H1,空域限制或地形限制题型,起飞返航点定位,导航定位,起飞点,ground_station_exam_cases.csv
gskill_28bcb356689d,gsec_7a605ac1adcd,qbank_7cb07e6ab374,实操题库_地面站考试条件_2026H1_空域限制或地形限制题型.txt_96,2026H1,2026H1,空域限制或地形限制题型,题型:空域限制或地形限制,题型,空域限制或地形限制题型,ground_station_exam_cases.csv
gskill_46dce5170a20,gsec_141287832ade,qbank_7cb07e6ab374,实操题库_地面站考试条件_2026H1_空域限制或地形限制题型.txt_97,2026H1,2026H1,空域限制或地形限制题型,经纬度换算,导航定位,经纬度;N:;E:;N;E,ground_station_exam_cases.csv
gskill_7935557151a1,gsec_141287832ade,qbank_7cb07e6ab374,实操题库_地面站考试条件_2026H1_空域限制或地形限制题型.txt_97,2026H1,2026H1,空域限制或地形限制题型,航向方位判断,导航定位,航向;NE;NW;SE,ground_station_exam_cases.csv
gskill_3d8981ddcd8a,gsec_141287832ade,qbank_7cb07e6ab374,实操题库_地面站考试条件_2026H1_空域限制或地形限制题型.txt_97,2026H1,2026H1,空域限制或地形限制题型,空域地形限制处理,限制绕飞,空域;限制,ground_station_exam_cases.csv
gskill_8ef7f81c1e0c,gsec_141287832ade,qbank_7cb07e6ab374,实操题库_地面站考试条件_2026H1_空域限制或地形限制题型.txt_97,2026H1,2026H1,空域限制或地形限制题型,速度高度参数设置,参数设置,高度;速度;m/s,ground_station_exam_cases.csv
gskill_c44a3633b69a,gsec_141287832ade,qbank_7cb07e6ab374,实操题库_地面站考试条件_2026H1_空域限制或地形限制题型.txt_97,2026H1,2026H1,空域限制或地形限制题型,转弯停留循环设置,参数设置,转弯;停留;循环;闭合,ground_station_exam_cases.csv
gskill_f55c748302f6,gsec_141287832ade,qbank_7cb07e6ab374,实操题库_地面站考试条件_2026H1_空域限制或地形限制题型.txt_97,2026H1,2026H1,空域限制或地形限制题型,几何图形航线规划,几何计算,边长,ground_station_exam_cases.csv
gskill_f9ec36bba2f7,gsec_141287832ade,qbank_7cb07e6ab374,实操题库_地面站考试条件_2026H1_空域限制或地形限制题型.txt_97,2026H1,2026H1,空域限制或地形限制题型,起飞返航点定位,导航定位,起飞点,ground_station_exam_cases.csv
gskill_f8ab8e7ba2ec,gsec_141287832ade,qbank_7cb07e6ab374,实操题库_地面站考试条件_2026H1_空域限制或地形限制题型.txt_97,2026H1,2026H1,空域限制或地形限制题型,题型:空域限制或地形限制,题型,空域限制或地形限制题型,ground_station_exam_cases.csv
gskill_22c20dd0982b,gsec_ea6d3062e383,qbank_7cb07e6ab374,实操题库_地面站考试条件_2026H1_空域限制或地形限制题型.txt_98,2026H1,2026H1,空域限制或地形限制题型,经纬度换算,导航定位,经纬度;N:;E:;N;E,ground_station_exam_cases.csv
gskill_15123eb8ab7f,gsec_ea6d3062e383,qbank_7cb07e6ab374,实操题库_地面站考试条件_2026H1_空域限制或地形限制题型.txt_98,2026H1,2026H1,空域限制或地形限制题型,航向方位判断,导航定位,航向,ground_station_exam_cases.csv
gskill_5b1c3a01d81d,gsec_ea6d3062e383,qbank_7cb07e6ab374,实操题库_地面站考试条件_2026H1_空域限制或地形限制题型.txt_98,2026H1,2026H1,空域限制或地形限制题型,空域地形限制处理,限制绕飞,空域;限制,ground_station_exam_cases.csv
gskill_0a2869aa71d6,gsec_ea6d3062e383,qbank_7cb07e6ab374,实操题库_地面站考试条件_2026H1_空域限制或地形限制题型.txt_98,2026H1,2026H1,空域限制或地形限制题型,速度高度参数设置,参数设置,高度;速度;m/s,ground_station_exam_cases.csv
gskill_0119e1c9dcdc,gsec_ea6d3062e383,qbank_7cb07e6ab374,实操题库_地面站考试条件_2026H1_空域限制或地形限制题型.txt_98,2026H1,2026H1,空域限制或地形限制题型,转弯停留循环设置,参数设置,转弯;停留;循环;闭合;不循环,ground_station_exam_cases.csv
gskill_8faa4f1476cc,gsec_ea6d3062e383,qbank_7cb07e6ab374,实操题库_地面站考试条件_2026H1_空域限制或地形限制题型.txt_98,2026H1,2026H1,空域限制或地形限制题型,几何图形航线规划,几何计算,边长,ground_station_exam_cases.csv
gskill_26c6c1051a4b,gsec_ea6d3062e383,qbank_7cb07e6ab374,实操题库_地面站考试条件_2026H1_空域限制或地形限制题型.txt_98,2026H1,2026H1,空域限制或地形限制题型,起飞返航点定位,导航定位,起飞点,ground_station_exam_cases.csv
gskill_b48d7942023f,gsec_ea6d3062e383,qbank_7cb07e6ab374,实操题库_地面站考试条件_2026H1_空域限制或地形限制题型.txt_98,2026H1,2026H1,空域限制或地形限制题型,题型:空域限制或地形限制,题型,空域限制或地形限制题型,ground_station_exam_cases.csv
gskill_aba7736ed1f4,gsec_d0a5e5277497,qbank_7cb07e6ab374,实操题库_地面站考试条件_2026H1_空域限制或地形限制题型.txt_99,2026H1,2026H1,空域限制或地形限制题型,经纬度换算,导航定位,经纬度;N:;E:;N;E,ground_station_exam_cases.csv
gskill_ee08fe947247,gsec_d0a5e5277497,qbank_7cb07e6ab374,实操题库_地面站考试条件_2026H1_空域限制或地形限制题型.txt_99,2026H1,2026H1,空域限制或地形限制题型,航向方位判断,导航定位,航向;NE;SE,ground_station_exam_cases.csv
gskill_702edc4fc7dc,gsec_d0a5e5277497,qbank_7cb07e6ab374,实操题库_地面站考试条件_2026H1_空域限制或地形限制题型.txt_99,2026H1,2026H1,空域限制或地形限制题型,夹角计算,几何计算,∠;角,ground_station_exam_cases.csv
gskill_739d3d79ef38,gsec_d0a5e5277497,qbank_7cb07e6ab374,实操题库_地面站考试条件_2026H1_空域限制或地形限制题型.txt_99,2026H1,2026H1,空域限制或地形限制题型,空域地形限制处理,限制绕飞,空域;限制,ground_station_exam_cases.csv
gskill_51d99719b05a,gsec_d0a5e5277497,qbank_7cb07e6ab374,实操题库_地面站考试条件_2026H1_空域限制或地形限制题型.txt_99,2026H1,2026H1,空域限制或地形限制题型,速度高度参数设置,参数设置,高度;速度;m/s,ground_station_exam_cases.csv
gskill_8e08df485149,gsec_d0a5e5277497,qbank_7cb07e6ab374,实操题库_地面站考试条件_2026H1_空域限制或地形限制题型.txt_99,2026H1,2026H1,空域限制或地形限制题型,转弯停留循环设置,参数设置,转弯;停留;循环;闭合,ground_station_exam_cases.csv
gskill_7f31ce92ca55,gsec_d0a5e5277497,qbank_7cb07e6ab374,实操题库_地面站考试条件_2026H1_空域限制或地形限制题型.txt_99,2026H1,2026H1,空域限制或地形限制题型,几何图形航线规划,几何计算,三角形;边长,ground_station_exam_cases.csv
gskill_f1de3aa02f36,gsec_d0a5e5277497,qbank_7cb07e6ab374,实操题库_地面站考试条件_2026H1_空域限制或地形限制题型.txt_99,2026H1,2026H1,空域限制或地形限制题型,起飞返航点定位,导航定位,起飞点,ground_station_exam_cases.csv
gskill_1846ed64b177,gsec_d0a5e5277497,qbank_7cb07e6ab374,实操题库_地面站考试条件_2026H1_空域限制或地形限制题型.txt_99,2026H1,2026H1,空域限制或地形限制题型,题型:空域限制或地形限制,题型,空域限制或地形限制题型,ground_station_exam_cases.csv
gskill_d5f3d30f6bed,gsec_2cf642d71e19,qbank_7cb07e6ab374,实操题库_地面站考试条件_2026H1_空域限制或地形限制题型.txt_100,2026H1,2026H1,空域限制或地形限制题型,经纬度换算,导航定位,经纬度;N:;E:;N;E,ground_station_exam_cases.csv
gskill_05e1052ae964,gsec_2cf642d71e19,qbank_7cb07e6ab374,实操题库_地面站考试条件_2026H1_空域限制或地形限制题型.txt_100,2026H1,2026H1,空域限制或地形限制题型,航向方位判断,导航定位,航向,ground_station_exam_cases.csv
gskill_20236ca6df6d,gsec_2cf642d71e19,qbank_7cb07e6ab374,实操题库_地面站考试条件_2026H1_空域限制或地形限制题型.txt_100,2026H1,2026H1,空域限制或地形限制题型,空域地形限制处理,限制绕飞,空域;限制,ground_station_exam_cases.csv
gskill_589a3f2f148e,gsec_2cf642d71e19,qbank_7cb07e6ab374,实操题库_地面站考试条件_2026H1_空域限制或地形限制题型.txt_100,2026H1,2026H1,空域限制或地形限制题型,速度高度参数设置,参数设置,高度;速度;m/s,ground_station_exam_cases.csv
gskill_f17fe75129bb,gsec_2cf642d71e19,qbank_7cb07e6ab374,实操题库_地面站考试条件_2026H1_空域限制或地形限制题型.txt_100,2026H1,2026H1,空域限制或地形限制题型,转弯停留循环设置,参数设置,转弯;停留;循环;闭合;不循环,ground_station_exam_cases.csv
gskill_a9623e5bc9e8,gsec_2cf642d71e19,qbank_7cb07e6ab374,实操题库_地面站考试条件_2026H1_空域限制或地形限制题型.txt_100,2026H1,2026H1,空域限制或地形限制题型,几何图形航线规划,几何计算,边长,ground_station_exam_cases.csv
gskill_017eeac0a430,gsec_2cf642d71e19,qbank_7cb07e6ab374,实操题库_地面站考试条件_2026H1_空域限制或地形限制题型.txt_100,2026H1,2026H1,空域限制或地形限制题型,起飞返航点定位,导航定位,起飞点,ground_station_exam_cases.csv
gskill_eff4f9652e95,gsec_2cf642d71e19,qbank_7cb07e6ab374,实操题库_地面站考试条件_2026H1_空域限制或地形限制题型.txt_100,2026H1,2026H1,空域限制或地形限制题型,题型:空域限制或地形限制,题型,空域限制或地形限制题型,ground_station_exam_cases.csv
gskill_cea3e9cfb158,gsec_bea7c0b63797,qbank_7cb07e6ab374,实操题库_地面站考试条件_2026H1_空域限制或地形限制题型.txt_101,2026H1,2026H1,空域限制或地形限制题型,经纬度换算,导航定位,经纬度;N:;E:;N;E,ground_station_exam_cases.csv
gskill_379683eb813b,gsec_bea7c0b63797,qbank_7cb07e6ab374,实操题库_地面站考试条件_2026H1_空域限制或地形限制题型.txt_101,2026H1,2026H1,空域限制或地形限制题型,航向方位判断,导航定位,航向,ground_station_exam_cases.csv
gskill_d9a57a3e1659,gsec_bea7c0b63797,qbank_7cb07e6ab374,实操题库_地面站考试条件_2026H1_空域限制或地形限制题型.txt_101,2026H1,2026H1,空域限制或地形限制题型,夹角计算,几何计算,角,ground_station_exam_cases.csv
gskill_f191d5243847,gsec_bea7c0b63797,qbank_7cb07e6ab374,实操题库_地面站考试条件_2026H1_空域限制或地形限制题型.txt_101,2026H1,2026H1,空域限制或地形限制题型,空域地形限制处理,限制绕飞,空域;限制,ground_station_exam_cases.csv
gskill_1b9bf24ad407,gsec_bea7c0b63797,qbank_7cb07e6ab374,实操题库_地面站考试条件_2026H1_空域限制或地形限制题型.txt_101,2026H1,2026H1,空域限制或地形限制题型,速度高度参数设置,参数设置,高度;速度;m/s,ground_station_exam_cases.csv
gskill_0310782254f2,gsec_bea7c0b63797,qbank_7cb07e6ab374,实操题库_地面站考试条件_2026H1_空域限制或地形限制题型.txt_101,2026H1,2026H1,空域限制或地形限制题型,转弯停留循环设置,参数设置,转弯;停留;循环;闭合;不循环,ground_station_exam_cases.csv
gskill_2bcf1c510809,gsec_bea7c0b63797,qbank_7cb07e6ab374,实操题库_地面站考试条件_2026H1_空域限制或地形限制题型.txt_101,2026H1,2026H1,空域限制或地形限制题型,几何图形航线规划,几何计算,边长,ground_station_exam_cases.csv
gskill_1bef5e56ed35,gsec_bea7c0b63797,qbank_7cb07e6ab374,实操题库_地面站考试条件_2026H1_空域限制或地形限制题型.txt_101,2026H1,2026H1,空域限制或地形限制题型,起飞返航点定位,导航定位,起飞点,ground_station_exam_cases.csv
gskill_f276a69c85c7,gsec_bea7c0b63797,qbank_7cb07e6ab374,实操题库_地面站考试条件_2026H1_空域限制或地形限制题型.txt_101,2026H1,2026H1,空域限制或地形限制题型,题型:空域限制或地形限制,题型,空域限制或地形限制题型,ground_station_exam_cases.csv
gskill_c6253afc6736,gsec_51737fcdefeb,qbank_7cb07e6ab374,实操题库_地面站考试条件_2026H1_空域限制或地形限制题型.txt_102,2026H1,2026H1,空域限制或地形限制题型,经纬度换算,导航定位,经纬度;N:;E:;N;E,ground_station_exam_cases.csv
gskill_c7cbb720b7c8,gsec_51737fcdefeb,qbank_7cb07e6ab374,实操题库_地面站考试条件_2026H1_空域限制或地形限制题型.txt_102,2026H1,2026H1,空域限制或地形限制题型,航向方位判断,导航定位,航向;方位;SW,ground_station_exam_cases.csv
gskill_427867debccc,gsec_51737fcdefeb,qbank_7cb07e6ab374,实操题库_地面站考试条件_2026H1_空域限制或地形限制题型.txt_102,2026H1,2026H1,空域限制或地形限制题型,夹角计算,几何计算,角,ground_station_exam_cases.csv
gskill_63d1e3a5c72e,gsec_51737fcdefeb,qbank_7cb07e6ab374,实操题库_地面站考试条件_2026H1_空域限制或地形限制题型.txt_102,2026H1,2026H1,空域限制或地形限制题型,空域地形限制处理,限制绕飞,空域;限制,ground_station_exam_cases.csv
gskill_a4d367d64bc3,gsec_51737fcdefeb,qbank_7cb07e6ab374,实操题库_地面站考试条件_2026H1_空域限制或地形限制题型.txt_102,2026H1,2026H1,空域限制或地形限制题型,速度高度参数设置,参数设置,高度;速度;m/s,ground_station_exam_cases.csv
gskill_05747d277919,gsec_51737fcdefeb,qbank_7cb07e6ab374,实操题库_地面站考试条件_2026H1_空域限制或地形限制题型.txt_102,2026H1,2026H1,空域限制或地形限制题型,转弯停留循环设置,参数设置,转弯;停留;循环;不循环,ground_station_exam_cases.csv
gskill_f3e08b14f16b,gsec_51737fcdefeb,qbank_7cb07e6ab374,实操题库_地面站考试条件_2026H1_空域限制或地形限制题型.txt_102,2026H1,2026H1,空域限制或地形限制题型,几何图形航线规划,几何计算,三角形;边长,ground_station_exam_cases.csv
gskill_720320ec4968,gsec_51737fcdefeb,qbank_7cb07e6ab374,实操题库_地面站考试条件_2026H1_空域限制或地形限制题型.txt_102,2026H1,2026H1,空域限制或地形限制题型,起飞返航点定位,导航定位,起飞点,ground_station_exam_cases.csv
gskill_5931d3038a31,gsec_51737fcdefeb,qbank_7cb07e6ab374,实操题库_地面站考试条件_2026H1_空域限制或地形限制题型.txt_102,2026H1,2026H1,空域限制或地形限制题型,题型:空域限制或地形限制,题型,空域限制或地形限制题型,ground_station_exam_cases.csv
gskill_4d364b80b44b,gsec_b91e2f27ced8,qbank_7cb07e6ab374,实操题库_地面站考试条件_2026H1_空域限制或地形限制题型.txt_103,2026H1,2026H1,空域限制或地形限制题型,经纬度换算,导航定位,经纬度;N:;E:;N;E,ground_station_exam_cases.csv
gskill_9cca18401cb1,gsec_b91e2f27ced8,qbank_7cb07e6ab374,实操题库_地面站考试条件_2026H1_空域限制或地形限制题型.txt_103,2026H1,2026H1,空域限制或地形限制题型,航向方位判断,导航定位,航向;方位,ground_station_exam_cases.csv
gskill_d5dbbb42fa62,gsec_b91e2f27ced8,qbank_7cb07e6ab374,实操题库_地面站考试条件_2026H1_空域限制或地形限制题型.txt_103,2026H1,2026H1,空域限制或地形限制题型,夹角计算,几何计算,角,ground_station_exam_cases.csv
gskill_42ced0fffecf,gsec_b91e2f27ced8,qbank_7cb07e6ab374,实操题库_地面站考试条件_2026H1_空域限制或地形限制题型.txt_103,2026H1,2026H1,空域限制或地形限制题型,空域地形限制处理,限制绕飞,空域;限制,ground_station_exam_cases.csv
gskill_76e271357022,gsec_b91e2f27ced8,qbank_7cb07e6ab374,实操题库_地面站考试条件_2026H1_空域限制或地形限制题型.txt_103,2026H1,2026H1,空域限制或地形限制题型,速度高度参数设置,参数设置,高度;速度;m/s,ground_station_exam_cases.csv
gskill_6618dd92fab2,gsec_b91e2f27ced8,qbank_7cb07e6ab374,实操题库_地面站考试条件_2026H1_空域限制或地形限制题型.txt_103,2026H1,2026H1,空域限制或地形限制题型,转弯停留循环设置,参数设置,转弯;停留;循环;闭合;不循环,ground_station_exam_cases.csv
gskill_cee055e8a258,gsec_b91e2f27ced8,qbank_7cb07e6ab374,实操题库_地面站考试条件_2026H1_空域限制或地形限制题型.txt_103,2026H1,2026H1,空域限制或地形限制题型,几何图形航线规划,几何计算,边长,ground_station_exam_cases.csv
gskill_c41cb91c1637,gsec_b91e2f27ced8,qbank_7cb07e6ab374,实操题库_地面站考试条件_2026H1_空域限制或地形限制题型.txt_103,2026H1,2026H1,空域限制或地形限制题型,起飞返航点定位,导航定位,起飞点,ground_station_exam_cases.csv
gskill_7ce37118a6bc,gsec_b91e2f27ced8,qbank_7cb07e6ab374,实操题库_地面站考试条件_2026H1_空域限制或地形限制题型.txt_103,2026H1,2026H1,空域限制或地形限制题型,题型:空域限制或地形限制,题型,空域限制或地形限制题型,ground_station_exam_cases.csv
gskill_3094308f42ea,gsec_3f9a812f992e,qbank_7cb07e6ab374,实操题库_地面站考试条件_2026H1_空域限制或地形限制题型.txt_104,2026H1,2026H1,空域限制或地形限制题型,经纬度换算,导航定位,经纬度;N:;E:;N;E,ground_station_exam_cases.csv
gskill_28a78fb30172,gsec_3f9a812f992e,qbank_7cb07e6ab374,实操题库_地面站考试条件_2026H1_空域限制或地形限制题型.txt_104,2026H1,2026H1,空域限制或地形限制题型,航向方位判断,导航定位,航向;方位,ground_station_exam_cases.csv
gskill_aedca753f6a2,gsec_3f9a812f992e,qbank_7cb07e6ab374,实操题库_地面站考试条件_2026H1_空域限制或地形限制题型.txt_104,2026H1,2026H1,空域限制或地形限制题型,夹角计算,几何计算,∠;角,ground_station_exam_cases.csv
gskill_6db790e83b1d,gsec_3f9a812f992e,qbank_7cb07e6ab374,实操题库_地面站考试条件_2026H1_空域限制或地形限制题型.txt_104,2026H1,2026H1,空域限制或地形限制题型,空域地形限制处理,限制绕飞,空域;限制,ground_station_exam_cases.csv
gskill_edeec7de35a2,gsec_3f9a812f992e,qbank_7cb07e6ab374,实操题库_地面站考试条件_2026H1_空域限制或地形限制题型.txt_104,2026H1,2026H1,空域限制或地形限制题型,速度高度参数设置,参数设置,高度;速度;m/s,ground_station_exam_cases.csv
gskill_0ca437abec83,gsec_3f9a812f992e,qbank_7cb07e6ab374,实操题库_地面站考试条件_2026H1_空域限制或地形限制题型.txt_104,2026H1,2026H1,空域限制或地形限制题型,转弯停留循环设置,参数设置,转弯;停留;循环;闭合,ground_station_exam_cases.csv
gskill_65b8cf7326a2,gsec_3f9a812f992e,qbank_7cb07e6ab374,实操题库_地面站考试条件_2026H1_空域限制或地形限制题型.txt_104,2026H1,2026H1,空域限制或地形限制题型,几何图形航线规划,几何计算,三角形;边长,ground_station_exam_cases.csv
gskill_a14ef7c76bcd,gsec_3f9a812f992e,qbank_7cb07e6ab374,实操题库_地面站考试条件_2026H1_空域限制或地形限制题型.txt_104,2026H1,2026H1,空域限制或地形限制题型,起飞返航点定位,导航定位,起飞点,ground_station_exam_cases.csv
gskill_735fbb162746,gsec_3f9a812f992e,qbank_7cb07e6ab374,实操题库_地面站考试条件_2026H1_空域限制或地形限制题型.txt_104,2026H1,2026H1,空域限制或地形限制题型,题型:空域限制或地形限制,题型,空域限制或地形限制题型,ground_station_exam_cases.csv
gskill_d24cb5fb4e13,gsec_66637e62bbb4,qbank_7cb07e6ab374,实操题库_地面站考试条件_2026H1_空域限制或地形限制题型.txt_105,2026H1,2026H1,空域限制或地形限制题型,经纬度换算,导航定位,经纬度;N:;E:;N;E,ground_station_exam_cases.csv
gskill_27295d1a945c,gsec_66637e62bbb4,qbank_7cb07e6ab374,实操题库_地面站考试条件_2026H1_空域限制或地形限制题型.txt_105,2026H1,2026H1,空域限制或地形限制题型,航向方位判断,导航定位,航向;方位,ground_station_exam_cases.csv
gskill_619a843e2bf2,gsec_66637e62bbb4,qbank_7cb07e6ab374,实操题库_地面站考试条件_2026H1_空域限制或地形限制题型.txt_105,2026H1,2026H1,空域限制或地形限制题型,夹角计算,几何计算,∠;角,ground_station_exam_cases.csv
gskill_977762c24d68,gsec_66637e62bbb4,qbank_7cb07e6ab374,实操题库_地面站考试条件_2026H1_空域限制或地形限制题型.txt_105,2026H1,2026H1,空域限制或地形限制题型,空域地形限制处理,限制绕飞,空域;限制,ground_station_exam_cases.csv
gskill_f85812abbd62,gsec_66637e62bbb4,qbank_7cb07e6ab374,实操题库_地面站考试条件_2026H1_空域限制或地形限制题型.txt_105,2026H1,2026H1,空域限制或地形限制题型,速度高度参数设置,参数设置,高度;速度;m/s,ground_station_exam_cases.csv
gskill_dc204e13c2c6,gsec_66637e62bbb4,qbank_7cb07e6ab374,实操题库_地面站考试条件_2026H1_空域限制或地形限制题型.txt_105,2026H1,2026H1,空域限制或地形限制题型,转弯停留循环设置,参数设置,转弯;停留;循环;闭合,ground_station_exam_cases.csv
gskill_c597fa74328b,gsec_66637e62bbb4,qbank_7cb07e6ab374,实操题库_地面站考试条件_2026H1_空域限制或地形限制题型.txt_105,2026H1,2026H1,空域限制或地形限制题型,几何图形航线规划,几何计算,三角形;边长,ground_station_exam_cases.csv
gskill_e74b5a1be31b,gsec_66637e62bbb4,qbank_7cb07e6ab374,实操题库_地面站考试条件_2026H1_空域限制或地形限制题型.txt_105,2026H1,2026H1,空域限制或地形限制题型,起飞返航点定位,导航定位,起飞点,ground_station_exam_cases.csv
gskill_0b566eeafb9e,gsec_66637e62bbb4,qbank_7cb07e6ab374,实操题库_地面站考试条件_2026H1_空域限制或地形限制题型.txt_105,2026H1,2026H1,空域限制或地形限制题型,题型:空域限制或地形限制,题型,空域限制或地形限制题型,ground_station_exam_cases.csv
gskill_6dec12f9e8c8,gsec_62bdab774f19,qbank_7cb07e6ab374,实操题库_地面站考试条件_2026H1_空域限制或地形限制题型.txt_106,2026H1,2026H1,空域限制或地形限制题型,经纬度换算,导航定位,经纬度;N:;E:;N;E,ground_station_exam_cases.csv
gskill_3dc4ba1e2d7a,gsec_62bdab774f19,qbank_7cb07e6ab374,实操题库_地面站考试条件_2026H1_空域限制或地形限制题型.txt_106,2026H1,2026H1,空域限制或地形限制题型,航向方位判断,导航定位,航向;方位,ground_station_exam_cases.csv
gskill_7fd9e3fe84c1,gsec_62bdab774f19,qbank_7cb07e6ab374,实操题库_地面站考试条件_2026H1_空域限制或地形限制题型.txt_106,2026H1,2026H1,空域限制或地形限制题型,空域地形限制处理,限制绕飞,空域;限制,ground_station_exam_cases.csv
gskill_1638e1b709da,gsec_62bdab774f19,qbank_7cb07e6ab374,实操题库_地面站考试条件_2026H1_空域限制或地形限制题型.txt_106,2026H1,2026H1,空域限制或地形限制题型,速度高度参数设置,参数设置,高度;速度;m/s,ground_station_exam_cases.csv
gskill_ded9c69fb5f8,gsec_62bdab774f19,qbank_7cb07e6ab374,实操题库_地面站考试条件_2026H1_空域限制或地形限制题型.txt_106,2026H1,2026H1,空域限制或地形限制题型,转弯停留循环设置,参数设置,转弯;循环;闭合,ground_station_exam_cases.csv
gskill_a6d7337e7243,gsec_62bdab774f19,qbank_7cb07e6ab374,实操题库_地面站考试条件_2026H1_空域限制或地形限制题型.txt_106,2026H1,2026H1,空域限制或地形限制题型,几何图形航线规划,几何计算,六边形;边长,ground_station_exam_cases.csv
gskill_3bdf59fbd4d1,gsec_62bdab774f19,qbank_7cb07e6ab374,实操题库_地面站考试条件_2026H1_空域限制或地形限制题型.txt_106,2026H1,2026H1,空域限制或地形限制题型,起飞返航点定位,导航定位,起飞点,ground_station_exam_cases.csv
gskill_0916f2d7b395,gsec_62bdab774f19,qbank_7cb07e6ab374,实操题库_地面站考试条件_2026H1_空域限制或地形限制题型.txt_106,2026H1,2026H1,空域限制或地形限制题型,题型:空域限制或地形限制,题型,空域限制或地形限制题型,ground_station_exam_cases.csv
gskill_0a12723d9768,gsec_dda6c256bba4,qbank_7cb07e6ab374,实操题库_地面站考试条件_2026H1_空域限制或地形限制题型.txt_107,2026H1,2026H1,空域限制或地形限制题型,经纬度换算,导航定位,经纬度;N:;E:;N;E,ground_station_exam_cases.csv
gskill_2b05b6d17ed7,gsec_dda6c256bba4,qbank_7cb07e6ab374,实操题库_地面站考试条件_2026H1_空域限制或地形限制题型.txt_107,2026H1,2026H1,空域限制或地形限制题型,航向方位判断,导航定位,航向;方位,ground_station_exam_cases.csv
gskill_98e92df0f53d,gsec_dda6c256bba4,qbank_7cb07e6ab374,实操题库_地面站考试条件_2026H1_空域限制或地形限制题型.txt_107,2026H1,2026H1,空域限制或地形限制题型,空域地形限制处理,限制绕飞,空域;限制,ground_station_exam_cases.csv
gskill_8805e44e7352,gsec_dda6c256bba4,qbank_7cb07e6ab374,实操题库_地面站考试条件_2026H1_空域限制或地形限制题型.txt_107,2026H1,2026H1,空域限制或地形限制题型,速度高度参数设置,参数设置,高度;速度;m/s,ground_station_exam_cases.csv
gskill_e1e882cadfd8,gsec_dda6c256bba4,qbank_7cb07e6ab374,实操题库_地面站考试条件_2026H1_空域限制或地形限制题型.txt_107,2026H1,2026H1,空域限制或地形限制题型,转弯停留循环设置,参数设置,转弯;停留,ground_station_exam_cases.csv
gskill_3a62b11b01eb,gsec_dda6c256bba4,qbank_7cb07e6ab374,实操题库_地面站考试条件_2026H1_空域限制或地形限制题型.txt_107,2026H1,2026H1,空域限制或地形限制题型,起飞返航点定位,导航定位,起飞点,ground_station_exam_cases.csv
gskill_646299981671,gsec_dda6c256bba4,qbank_7cb07e6ab374,实操题库_地面站考试条件_2026H1_空域限制或地形限制题型.txt_107,2026H1,2026H1,空域限制或地形限制题型,题型:空域限制或地形限制,题型,空域限制或地形限制题型,ground_station_exam_cases.csv
gskill_dbfa5df9e716,gsec_bf3948593ab0,qbank_7cb07e6ab374,实操题库_地面站考试条件_2026H1_空域限制或地形限制题型.txt_108,2026H1,2026H1,空域限制或地形限制题型,经纬度换算,导航定位,经纬度;N:;E:;N;E,ground_station_exam_cases.csv
gskill_d3381260cad4,gsec_bf3948593ab0,qbank_7cb07e6ab374,实操题库_地面站考试条件_2026H1_空域限制或地形限制题型.txt_108,2026H1,2026H1,空域限制或地形限制题型,航向方位判断,导航定位,航向;方位,ground_station_exam_cases.csv
gskill_4c09b0dae5f4,gsec_bf3948593ab0,qbank_7cb07e6ab374,实操题库_地面站考试条件_2026H1_空域限制或地形限制题型.txt_108,2026H1,2026H1,空域限制或地形限制题型,空域地形限制处理,限制绕飞,空域;限制,ground_station_exam_cases.csv
gskill_56669d0cba39,gsec_bf3948593ab0,qbank_7cb07e6ab374,实操题库_地面站考试条件_2026H1_空域限制或地形限制题型.txt_108,2026H1,2026H1,空域限制或地形限制题型,速度高度参数设置,参数设置,高度;速度;m/s,ground_station_exam_cases.csv
gskill_2213ba128303,gsec_bf3948593ab0,qbank_7cb07e6ab374,实操题库_地面站考试条件_2026H1_空域限制或地形限制题型.txt_108,2026H1,2026H1,空域限制或地形限制题型,转弯停留循环设置,参数设置,转弯;停留;循环;闭合,ground_station_exam_cases.csv
gskill_2bb3903678c8,gsec_bf3948593ab0,qbank_7cb07e6ab374,实操题库_地面站考试条件_2026H1_空域限制或地形限制题型.txt_108,2026H1,2026H1,空域限制或地形限制题型,起飞返航点定位,导航定位,起飞点,ground_station_exam_cases.csv
gskill_1aa7d6ee2607,gsec_bf3948593ab0,qbank_7cb07e6ab374,实操题库_地面站考试条件_2026H1_空域限制或地形限制题型.txt_108,2026H1,2026H1,空域限制或地形限制题型,题型:空域限制或地形限制,题型,空域限制或地形限制题型,ground_station_exam_cases.csv
gskill_d55ebbbad7c8,gsec_6d996cd209a5,qbank_7cb07e6ab374,实操题库_地面站考试条件_2026H1_空域限制或地形限制题型.txt_109,2026H1,2026H1,空域限制或地形限制题型,经纬度换算,导航定位,经纬度;N:;E:;N;E,ground_station_exam_cases.csv
gskill_69555a3f5355,gsec_6d996cd209a5,qbank_7cb07e6ab374,实操题库_地面站考试条件_2026H1_空域限制或地形限制题型.txt_109,2026H1,2026H1,空域限制或地形限制题型,航向方位判断,导航定位,航向;方位,ground_station_exam_cases.csv
gskill_dbbfcfd16f55,gsec_6d996cd209a5,qbank_7cb07e6ab374,实操题库_地面站考试条件_2026H1_空域限制或地形限制题型.txt_109,2026H1,2026H1,空域限制或地形限制题型,夹角计算,几何计算,∠,ground_station_exam_cases.csv
gskill_3374e7d1f51e,gsec_6d996cd209a5,qbank_7cb07e6ab374,实操题库_地面站考试条件_2026H1_空域限制或地形限制题型.txt_109,2026H1,2026H1,空域限制或地形限制题型,空域地形限制处理,限制绕飞,空域;限制,ground_station_exam_cases.csv
gskill_7abaf6eec1ca,gsec_6d996cd209a5,qbank_7cb07e6ab374,实操题库_地面站考试条件_2026H1_空域限制或地形限制题型.txt_109,2026H1,2026H1,空域限制或地形限制题型,速度高度参数设置,参数设置,高度;速度;m/s,ground_station_exam_cases.csv
gskill_692cc8ca4726,gsec_6d996cd209a5,qbank_7cb07e6ab374,实操题库_地面站考试条件_2026H1_空域限制或地形限制题型.txt_109,2026H1,2026H1,空域限制或地形限制题型,转弯停留循环设置,参数设置,转弯;停留;循环;闭合,ground_station_exam_cases.csv
gskill_dd5b93b902dc,gsec_6d996cd209a5,qbank_7cb07e6ab374,实操题库_地面站考试条件_2026H1_空域限制或地形限制题型.txt_109,2026H1,2026H1,空域限制或地形限制题型,几何图形航线规划,几何计算,五边形;边长,ground_station_exam_cases.csv
gskill_6d32385a7f9b,gsec_6d996cd209a5,qbank_7cb07e6ab374,实操题库_地面站考试条件_2026H1_空域限制或地形限制题型.txt_109,2026H1,2026H1,空域限制或地形限制题型,起飞返航点定位,导航定位,起飞点,ground_station_exam_cases.csv
gskill_5641003f6a66,gsec_6d996cd209a5,qbank_7cb07e6ab374,实操题库_地面站考试条件_2026H1_空域限制或地形限制题型.txt_109,2026H1,2026H1,空域限制或地形限制题型,题型:空域限制或地形限制,题型,空域限制或地形限制题型,ground_station_exam_cases.csv
gskill_9fd3f3d7ef2e,gsec_c02967e75bcb,qbank_7cb07e6ab374,实操题库_地面站考试条件_2026H1_空域限制或地形限制题型.txt_110,2026H1,2026H1,空域限制或地形限制题型,经纬度换算,导航定位,经纬度;N:;E:;N;E,ground_station_exam_cases.csv
gskill_dc0aadc12f52,gsec_c02967e75bcb,qbank_7cb07e6ab374,实操题库_地面站考试条件_2026H1_空域限制或地形限制题型.txt_110,2026H1,2026H1,空域限制或地形限制题型,航向方位判断,导航定位,航向;方位,ground_station_exam_cases.csv
gskill_b4b3ca41a0bb,gsec_c02967e75bcb,qbank_7cb07e6ab374,实操题库_地面站考试条件_2026H1_空域限制或地形限制题型.txt_110,2026H1,2026H1,空域限制或地形限制题型,夹角计算,几何计算,∠,ground_station_exam_cases.csv
gskill_9d1c260e346b,gsec_c02967e75bcb,qbank_7cb07e6ab374,实操题库_地面站考试条件_2026H1_空域限制或地形限制题型.txt_110,2026H1,2026H1,空域限制或地形限制题型,空域地形限制处理,限制绕飞,空域;限制,ground_station_exam_cases.csv
gskill_8ed0ede04048,gsec_c02967e75bcb,qbank_7cb07e6ab374,实操题库_地面站考试条件_2026H1_空域限制或地形限制题型.txt_110,2026H1,2026H1,空域限制或地形限制题型,速度高度参数设置,参数设置,高度;速度;m/s,ground_station_exam_cases.csv
gskill_c8cc976a7bdf,gsec_c02967e75bcb,qbank_7cb07e6ab374,实操题库_地面站考试条件_2026H1_空域限制或地形限制题型.txt_110,2026H1,2026H1,空域限制或地形限制题型,转弯停留循环设置,参数设置,转弯;停留;循环;闭合,ground_station_exam_cases.csv
gskill_1de08929e4e9,gsec_c02967e75bcb,qbank_7cb07e6ab374,实操题库_地面站考试条件_2026H1_空域限制或地形限制题型.txt_110,2026H1,2026H1,空域限制或地形限制题型,几何图形航线规划,几何计算,五边形;边长,ground_station_exam_cases.csv
gskill_ee19a3e6ab41,gsec_c02967e75bcb,qbank_7cb07e6ab374,实操题库_地面站考试条件_2026H1_空域限制或地形限制题型.txt_110,2026H1,2026H1,空域限制或地形限制题型,起飞返航点定位,导航定位,起飞点,ground_station_exam_cases.csv
gskill_86d0b62a3d5e,gsec_c02967e75bcb,qbank_7cb07e6ab374,实操题库_地面站考试条件_2026H1_空域限制或地形限制题型.txt_110,2026H1,2026H1,空域限制或地形限制题型,题型:空域限制或地形限制,题型,空域限制或地形限制题型,ground_station_exam_cases.csv
gskill_2f2a67150542,gsec_f9a3d2d432c0,qbank_7cb07e6ab374,实操题库_地面站考试条件_2026H1_空域限制或地形限制题型.txt_111,2026H1,2026H1,空域限制或地形限制题型,经纬度换算,导航定位,经纬度;N:;E:;N;E,ground_station_exam_cases.csv
gskill_0e6f2ba5fffd,gsec_f9a3d2d432c0,qbank_7cb07e6ab374,实操题库_地面站考试条件_2026H1_空域限制或地形限制题型.txt_111,2026H1,2026H1,空域限制或地形限制题型,航向方位判断,导航定位,航向;方位,ground_station_exam_cases.csv
gskill_db5287323180,gsec_f9a3d2d432c0,qbank_7cb07e6ab374,实操题库_地面站考试条件_2026H1_空域限制或地形限制题型.txt_111,2026H1,2026H1,空域限制或地形限制题型,空域地形限制处理,限制绕飞,空域;限制,ground_station_exam_cases.csv
gskill_481c281feaf0,gsec_f9a3d2d432c0,qbank_7cb07e6ab374,实操题库_地面站考试条件_2026H1_空域限制或地形限制题型.txt_111,2026H1,2026H1,空域限制或地形限制题型,速度高度参数设置,参数设置,高度;速度;m/s,ground_station_exam_cases.csv
gskill_2ca337925588,gsec_f9a3d2d432c0,qbank_7cb07e6ab374,实操题库_地面站考试条件_2026H1_空域限制或地形限制题型.txt_111,2026H1,2026H1,空域限制或地形限制题型,转弯停留循环设置,参数设置,转弯;停留;循环;闭合,ground_station_exam_cases.csv
gskill_43453ca605e5,gsec_f9a3d2d432c0,qbank_7cb07e6ab374,实操题库_地面站考试条件_2026H1_空域限制或地形限制题型.txt_111,2026H1,2026H1,空域限制或地形限制题型,几何图形航线规划,几何计算,图形,ground_station_exam_cases.csv
gskill_629cbcddda00,gsec_f9a3d2d432c0,qbank_7cb07e6ab374,实操题库_地面站考试条件_2026H1_空域限制或地形限制题型.txt_111,2026H1,2026H1,空域限制或地形限制题型,起飞返航点定位,导航定位,起飞点,ground_station_exam_cases.csv
gskill_bc22ddcabb3e,gsec_f9a3d2d432c0,qbank_7cb07e6ab374,实操题库_地面站考试条件_2026H1_空域限制或地形限制题型.txt_111,2026H1,2026H1,空域限制或地形限制题型,题型:空域限制或地形限制,题型,空域限制或地形限制题型,ground_station_exam_cases.csv
gskill_ea5a92345339,gsec_bfc69a05405f,qbank_7cb07e6ab374,实操题库_地面站考试条件_2026H1_空域限制或地形限制题型.txt_112,2026H1,2026H1,空域限制或地形限制题型,经纬度换算,导航定位,经纬度;N:;E:;N;E,ground_station_exam_cases.csv
gskill_a7364216698b,gsec_bfc69a05405f,qbank_7cb07e6ab374,实操题库_地面站考试条件_2026H1_空域限制或地形限制题型.txt_112,2026H1,2026H1,空域限制或地形限制题型,航向方位判断,导航定位,航向,ground_station_exam_cases.csv
gskill_f05756cf024b,gsec_bfc69a05405f,qbank_7cb07e6ab374,实操题库_地面站考试条件_2026H1_空域限制或地形限制题型.txt_112,2026H1,2026H1,空域限制或地形限制题型,夹角计算,几何计算,角,ground_station_exam_cases.csv
gskill_aa0ab0e3c676,gsec_bfc69a05405f,qbank_7cb07e6ab374,实操题库_地面站考试条件_2026H1_空域限制或地形限制题型.txt_112,2026H1,2026H1,空域限制或地形限制题型,空域地形限制处理,限制绕飞,空域;限制,ground_station_exam_cases.csv
gskill_e4980b8e8755,gsec_bfc69a05405f,qbank_7cb07e6ab374,实操题库_地面站考试条件_2026H1_空域限制或地形限制题型.txt_112,2026H1,2026H1,空域限制或地形限制题型,速度高度参数设置,参数设置,高度;速度;m/s,ground_station_exam_cases.csv
gskill_f7e5a56670a6,gsec_bfc69a05405f,qbank_7cb07e6ab374,实操题库_地面站考试条件_2026H1_空域限制或地形限制题型.txt_112,2026H1,2026H1,空域限制或地形限制题型,转弯停留循环设置,参数设置,转弯;循环;闭合;不循环,ground_station_exam_cases.csv
gskill_608a248e6c81,gsec_bfc69a05405f,qbank_7cb07e6ab374,实操题库_地面站考试条件_2026H1_空域限制或地形限制题型.txt_112,2026H1,2026H1,空域限制或地形限制题型,几何图形航线规划,几何计算,边长,ground_station_exam_cases.csv
gskill_2e8ae2f37dc0,gsec_bfc69a05405f,qbank_7cb07e6ab374,实操题库_地面站考试条件_2026H1_空域限制或地形限制题型.txt_112,2026H1,2026H1,空域限制或地形限制题型,起飞返航点定位,导航定位,起飞点,ground_station_exam_cases.csv
gskill_a52241e078cf,gsec_bfc69a05405f,qbank_7cb07e6ab374,实操题库_地面站考试条件_2026H1_空域限制或地形限制题型.txt_112,2026H1,2026H1,空域限制或地形限制题型,题型:空域限制或地形限制,题型,空域限制或地形限制题型,ground_station_exam_cases.csv
gskill_9de21065cfcc,gsec_e90948a0836c,qbank_7cb07e6ab374,实操题库_地面站考试条件_2026H1_空域限制或地形限制题型.txt_113,2026H1,2026H1,空域限制或地形限制题型,经纬度换算,导航定位,经纬度;N:;E:;N;E,ground_station_exam_cases.csv
gskill_05e13773b240,gsec_e90948a0836c,qbank_7cb07e6ab374,实操题库_地面站考试条件_2026H1_空域限制或地形限制题型.txt_113,2026H1,2026H1,空域限制或地形限制题型,航向方位判断,导航定位,方位;NW;SW,ground_station_exam_cases.csv
gskill_66e922312e55,gsec_e90948a0836c,qbank_7cb07e6ab374,实操题库_地面站考试条件_2026H1_空域限制或地形限制题型.txt_113,2026H1,2026H1,空域限制或地形限制题型,夹角计算,几何计算,∠;角,ground_station_exam_cases.csv
gskill_bfc359700621,gsec_e90948a0836c,qbank_7cb07e6ab374,实操题库_地面站考试条件_2026H1_空域限制或地形限制题型.txt_113,2026H1,2026H1,空域限制或地形限制题型,速度高度参数设置,参数设置,高度;速度;m/s,ground_station_exam_cases.csv
gskill_ee3a79a2b3e4,gsec_e90948a0836c,qbank_7cb07e6ab374,实操题库_地面站考试条件_2026H1_空域限制或地形限制题型.txt_113,2026H1,2026H1,空域限制或地形限制题型,转弯停留循环设置,参数设置,转弯;停留,ground_station_exam_cases.csv
gskill_06baa730b5d2,gsec_e90948a0836c,qbank_7cb07e6ab374,实操题库_地面站考试条件_2026H1_空域限制或地形限制题型.txt_113,2026H1,2026H1,空域限制或地形限制题型,几何图形航线规划,几何计算,三角形;边长,ground_station_exam_cases.csv
gskill_2b0fa319edca,gsec_e90948a0836c,qbank_7cb07e6ab374,实操题库_地面站考试条件_2026H1_空域限制或地形限制题型.txt_113,2026H1,2026H1,空域限制或地形限制题型,起飞返航点定位,导航定位,起飞点,ground_station_exam_cases.csv
gskill_100cbf79a6d4,gsec_e90948a0836c,qbank_7cb07e6ab374,实操题库_地面站考试条件_2026H1_空域限制或地形限制题型.txt_113,2026H1,2026H1,空域限制或地形限制题型,题型:空域限制或地形限制,题型,空域限制或地形限制题型,ground_station_exam_cases.csv
gskill_91e71cdc77c8,gsec_58db7799672a,qbank_7cb07e6ab374,实操题库_地面站考试条件_2026H1_空域限制或地形限制题型.txt_114,2026H1,2026H1,空域限制或地形限制题型,经纬度换算,导航定位,经纬度;N:;E:;N;E,ground_station_exam_cases.csv
gskill_3acd2786728d,gsec_58db7799672a,qbank_7cb07e6ab374,实操题库_地面站考试条件_2026H1_空域限制或地形限制题型.txt_114,2026H1,2026H1,空域限制或地形限制题型,航向方位判断,导航定位,方位;NW;SW,ground_station_exam_cases.csv
gskill_c61316004788,gsec_58db7799672a,qbank_7cb07e6ab374,实操题库_地面站考试条件_2026H1_空域限制或地形限制题型.txt_114,2026H1,2026H1,空域限制或地形限制题型,夹角计算,几何计算,角,ground_station_exam_cases.csv
gskill_158153d64844,gsec_58db7799672a,qbank_7cb07e6ab374,实操题库_地面站考试条件_2026H1_空域限制或地形限制题型.txt_114,2026H1,2026H1,空域限制或地形限制题型,速度高度参数设置,参数设置,高度,ground_station_exam_cases.csv
gskill_2fbd556f71a4,gsec_58db7799672a,qbank_7cb07e6ab374,实操题库_地面站考试条件_2026H1_空域限制或地形限制题型.txt_114,2026H1,2026H1,空域限制或地形限制题型,转弯停留循环设置,参数设置,转弯;循环,ground_station_exam_cases.csv
gskill_8f03dee25e0b,gsec_58db7799672a,qbank_7cb07e6ab374,实操题库_地面站考试条件_2026H1_空域限制或地形限制题型.txt_114,2026H1,2026H1,空域限制或地形限制题型,几何图形航线规划,几何计算,三角形;边长,ground_station_exam_cases.csv
gskill_d3121a7046ec,gsec_58db7799672a,qbank_7cb07e6ab374,实操题库_地面站考试条件_2026H1_空域限制或地形限制题型.txt_114,2026H1,2026H1,空域限制或地形限制题型,起飞返航点定位,导航定位,起飞点,ground_station_exam_cases.csv
gskill_63df39197387,gsec_58db7799672a,qbank_7cb07e6ab374,实操题库_地面站考试条件_2026H1_空域限制或地形限制题型.txt_114,2026H1,2026H1,空域限制或地形限制题型,题型:空域限制或地形限制,题型,空域限制或地形限制题型,ground_station_exam_cases.csv
gskill_c54037ccfb93,gsec_e282b515fff7,qbank_7cb07e6ab374,实操题库_地面站考试条件_2026H1_空域限制或地形限制题型.txt_115,2026H1,2026H1,空域限制或地形限制题型,经纬度换算,导航定位,经纬度;N:;E:;N;E,ground_station_exam_cases.csv
gskill_f68ce9374c70,gsec_e282b515fff7,qbank_7cb07e6ab374,实操题库_地面站考试条件_2026H1_空域限制或地形限制题型.txt_115,2026H1,2026H1,空域限制或地形限制题型,航向方位判断,导航定位,方位;NE;SE,ground_station_exam_cases.csv
gskill_66aaca88a8d7,gsec_e282b515fff7,qbank_7cb07e6ab374,实操题库_地面站考试条件_2026H1_空域限制或地形限制题型.txt_115,2026H1,2026H1,空域限制或地形限制题型,速度高度参数设置,参数设置,高度;速度;m/s,ground_station_exam_cases.csv
gskill_9db8f594fa03,gsec_e282b515fff7,qbank_7cb07e6ab374,实操题库_地面站考试条件_2026H1_空域限制或地形限制题型.txt_115,2026H1,2026H1,空域限制或地形限制题型,转弯停留循环设置,参数设置,转弯;停留,ground_station_exam_cases.csv
gskill_9c6194817d92,gsec_e282b515fff7,qbank_7cb07e6ab374,实操题库_地面站考试条件_2026H1_空域限制或地形限制题型.txt_115,2026H1,2026H1,空域限制或地形限制题型,起飞返航点定位,导航定位,起飞点,ground_station_exam_cases.csv
gskill_d94ffedd4f3b,gsec_e282b515fff7,qbank_7cb07e6ab374,实操题库_地面站考试条件_2026H1_空域限制或地形限制题型.txt_115,2026H1,2026H1,空域限制或地形限制题型,题型:空域限制或地形限制,题型,空域限制或地形限制题型,ground_station_exam_cases.csv
gskill_817e6a4405ea,gsec_933faa2d3761,qbank_7cb07e6ab374,实操题库_地面站考试条件_2026H1_空域限制或地形限制题型.txt_116,2026H1,2026H1,空域限制或地形限制题型,经纬度换算,导航定位,经纬度;N:;E:;N;E,ground_station_exam_cases.csv
gskill_06b19dc290e9,gsec_933faa2d3761,qbank_7cb07e6ab374,实操题库_地面站考试条件_2026H1_空域限制或地形限制题型.txt_116,2026H1,2026H1,空域限制或地形限制题型,航向方位判断,导航定位,方位;NE;SE;SW,ground_station_exam_cases.csv
gskill_a6c82a5d182f,gsec_933faa2d3761,qbank_7cb07e6ab374,实操题库_地面站考试条件_2026H1_空域限制或地形限制题型.txt_116,2026H1,2026H1,空域限制或地形限制题型,夹角计算,几何计算,∠,ground_station_exam_cases.csv
gskill_5bc418de29a4,gsec_933faa2d3761,qbank_7cb07e6ab374,实操题库_地面站考试条件_2026H1_空域限制或地形限制题型.txt_116,2026H1,2026H1,空域限制或地形限制题型,速度高度参数设置,参数设置,高度;速度;m/s,ground_station_exam_cases.csv
gskill_50fd3c9dac93,gsec_933faa2d3761,qbank_7cb07e6ab374,实操题库_地面站考试条件_2026H1_空域限制或地形限制题型.txt_116,2026H1,2026H1,空域限制或地形限制题型,转弯停留循环设置,参数设置,转弯;停留;循环,ground_station_exam_cases.csv
gskill_04505fd7fb3b,gsec_933faa2d3761,qbank_7cb07e6ab374,实操题库_地面站考试条件_2026H1_空域限制或地形限制题型.txt_116,2026H1,2026H1,空域限制或地形限制题型,几何图形航线规划,几何计算,五边形;边长,ground_station_exam_cases.csv
gskill_6681e9cbacbb,gsec_933faa2d3761,qbank_7cb07e6ab374,实操题库_地面站考试条件_2026H1_空域限制或地形限制题型.txt_116,2026H1,2026H1,空域限制或地形限制题型,起飞返航点定位,导航定位,起飞点,ground_station_exam_cases.csv
gskill_e47481d4828e,gsec_933faa2d3761,qbank_7cb07e6ab374,实操题库_地面站考试条件_2026H1_空域限制或地形限制题型.txt_116,2026H1,2026H1,空域限制或地形限制题型,题型:空域限制或地形限制,题型,空域限制或地形限制题型,ground_station_exam_cases.csv
gskill_84bfeed50c55,gsec_991eea46fc58,qbank_7cb07e6ab374,实操题库_地面站考试条件_2026H1_空域限制或地形限制题型.txt_117,2026H1,2026H1,空域限制或地形限制题型,经纬度换算,导航定位,经纬度;N:;E:;N;E,ground_station_exam_cases.csv
gskill_2901f151bbda,gsec_991eea46fc58,qbank_7cb07e6ab374,实操题库_地面站考试条件_2026H1_空域限制或地形限制题型.txt_117,2026H1,2026H1,空域限制或地形限制题型,航向方位判断,导航定位,NE;SE,ground_station_exam_cases.csv
gskill_5fbb8ae7f7ca,gsec_991eea46fc58,qbank_7cb07e6ab374,实操题库_地面站考试条件_2026H1_空域限制或地形限制题型.txt_117,2026H1,2026H1,空域限制或地形限制题型,夹角计算,几何计算,∠;角,ground_station_exam_cases.csv
gskill_495ce321db1d,gsec_991eea46fc58,qbank_7cb07e6ab374,实操题库_地面站考试条件_2026H1_空域限制或地形限制题型.txt_117,2026H1,2026H1,空域限制或地形限制题型,空域地形限制处理,限制绕飞,空域;限制,ground_station_exam_cases.csv
gskill_12da06e53c68,gsec_991eea46fc58,qbank_7cb07e6ab374,实操题库_地面站考试条件_2026H1_空域限制或地形限制题型.txt_117,2026H1,2026H1,空域限制或地形限制题型,速度高度参数设置,参数设置,高度;速度;m/s,ground_station_exam_cases.csv
gskill_360e8451d885,gsec_991eea46fc58,qbank_7cb07e6ab374,实操题库_地面站考试条件_2026H1_空域限制或地形限制题型.txt_117,2026H1,2026H1,空域限制或地形限制题型,转弯停留循环设置,参数设置,转弯;停留;循环;闭合,ground_station_exam_cases.csv
gskill_6e630c1257f0,gsec_991eea46fc58,qbank_7cb07e6ab374,实操题库_地面站考试条件_2026H1_空域限制或地形限制题型.txt_117,2026H1,2026H1,空域限制或地形限制题型,几何图形航线规划,几何计算,三角形;边长,ground_station_exam_cases.csv
gskill_c92a9f684614,gsec_991eea46fc58,qbank_7cb07e6ab374,实操题库_地面站考试条件_2026H1_空域限制或地形限制题型.txt_117,2026H1,2026H1,空域限制或地形限制题型,起飞返航点定位,导航定位,起飞点,ground_station_exam_cases.csv
gskill_16df3e9385bb,gsec_991eea46fc58,qbank_7cb07e6ab374,实操题库_地面站考试条件_2026H1_空域限制或地形限制题型.txt_117,2026H1,2026H1,空域限制或地形限制题型,题型:空域限制或地形限制,题型,空域限制或地形限制题型,ground_station_exam_cases.csv
gskill_c7d28539f85a,gsec_f0d0b3783fb0,qbank_7cb07e6ab374,实操题库_地面站考试条件_2026H1_空域限制或地形限制题型.txt_118,2026H1,2026H1,空域限制或地形限制题型,经纬度换算,导航定位,经纬度;N:;E:;N;E,ground_station_exam_cases.csv
gskill_cc022e8727fa,gsec_f0d0b3783fb0,qbank_7cb07e6ab374,实操题库_地面站考试条件_2026H1_空域限制或地形限制题型.txt_118,2026H1,2026H1,空域限制或地形限制题型,空域地形限制处理,限制绕飞,空域;限制,ground_station_exam_cases.csv
gskill_0056c8f8a427,gsec_f0d0b3783fb0,qbank_7cb07e6ab374,实操题库_地面站考试条件_2026H1_空域限制或地形限制题型.txt_118,2026H1,2026H1,空域限制或地形限制题型,速度高度参数设置,参数设置,高度;速度;m/s,ground_station_exam_cases.csv
gskill_424035fbd398,gsec_f0d0b3783fb0,qbank_7cb07e6ab374,实操题库_地面站考试条件_2026H1_空域限制或地形限制题型.txt_118,2026H1,2026H1,空域限制或地形限制题型,转弯停留循环设置,参数设置,转弯;停留;循环;闭合;不循环,ground_station_exam_cases.csv
gskill_dce644dab102,gsec_f0d0b3783fb0,qbank_7cb07e6ab374,实操题库_地面站考试条件_2026H1_空域限制或地形限制题型.txt_118,2026H1,2026H1,空域限制或地形限制题型,几何图形航线规划,几何计算,边长,ground_station_exam_cases.csv
gskill_a0b14f3feeaf,gsec_f0d0b3783fb0,qbank_7cb07e6ab374,实操题库_地面站考试条件_2026H1_空域限制或地形限制题型.txt_118,2026H1,2026H1,空域限制或地形限制题型,起飞返航点定位,导航定位,起飞点,ground_station_exam_cases.csv
gskill_a6e6eba4e99b,gsec_f0d0b3783fb0,qbank_7cb07e6ab374,实操题库_地面站考试条件_2026H1_空域限制或地形限制题型.txt_118,2026H1,2026H1,空域限制或地形限制题型,题型:空域限制或地形限制,题型,空域限制或地形限制题型,ground_station_exam_cases.csv
gskill_2a1e1080d688,gsec_e5ce363af461,qbank_7cb07e6ab374,实操题库_地面站考试条件_2026H1_空域限制或地形限制题型.txt_119,2026H1,2026H1,空域限制或地形限制题型,经纬度换算,导航定位,经纬度;N:;E:;N;E,ground_station_exam_cases.csv
gskill_8aca6e2b6821,gsec_e5ce363af461,qbank_7cb07e6ab374,实操题库_地面站考试条件_2026H1_空域限制或地形限制题型.txt_119,2026H1,2026H1,空域限制或地形限制题型,航向方位判断,导航定位,航向;NE;NW;SW,ground_station_exam_cases.csv
gskill_5c15be013382,gsec_e5ce363af461,qbank_7cb07e6ab374,实操题库_地面站考试条件_2026H1_空域限制或地形限制题型.txt_119,2026H1,2026H1,空域限制或地形限制题型,空域地形限制处理,限制绕飞,空域;限制,ground_station_exam_cases.csv
gskill_6cb88a470d1c,gsec_e5ce363af461,qbank_7cb07e6ab374,实操题库_地面站考试条件_2026H1_空域限制或地形限制题型.txt_119,2026H1,2026H1,空域限制或地形限制题型,速度高度参数设置,参数设置,高度;速度;m/s,ground_station_exam_cases.csv
gskill_4ebe9382c20d,gsec_e5ce363af461,qbank_7cb07e6ab374,实操题库_地面站考试条件_2026H1_空域限制或地形限制题型.txt_119,2026H1,2026H1,空域限制或地形限制题型,转弯停留循环设置,参数设置,转弯;循环;闭合,ground_station_exam_cases.csv
gskill_3b3bac94373c,gsec_e5ce363af461,qbank_7cb07e6ab374,实操题库_地面站考试条件_2026H1_空域限制或地形限制题型.txt_119,2026H1,2026H1,空域限制或地形限制题型,几何图形航线规划,几何计算,六边形;边长,ground_station_exam_cases.csv
gskill_5b834d752438,gsec_e5ce363af461,qbank_7cb07e6ab374,实操题库_地面站考试条件_2026H1_空域限制或地形限制题型.txt_119,2026H1,2026H1,空域限制或地形限制题型,起飞返航点定位,导航定位,起飞点,ground_station_exam_cases.csv
gskill_226cec424252,gsec_e5ce363af461,qbank_7cb07e6ab374,实操题库_地面站考试条件_2026H1_空域限制或地形限制题型.txt_119,2026H1,2026H1,空域限制或地形限制题型,题型:空域限制或地形限制,题型,空域限制或地形限制题型,ground_station_exam_cases.csv
gskill_3800ef80b972,gsec_7595bb39b6a3,qbank_7cb07e6ab374,实操题库_地面站考试条件_2026H1_空域限制或地形限制题型.txt_120,2026H1,2026H1,空域限制或地形限制题型,经纬度换算,导航定位,经纬度;N:;E:;N;E,ground_station_exam_cases.csv
gskill_612133f29a39,gsec_7595bb39b6a3,qbank_7cb07e6ab374,实操题库_地面站考试条件_2026H1_空域限制或地形限制题型.txt_120,2026H1,2026H1,空域限制或地形限制题型,航向方位判断,导航定位,航向;NW;SE;SW,ground_station_exam_cases.csv
gskill_b8624eca4897,gsec_7595bb39b6a3,qbank_7cb07e6ab374,实操题库_地面站考试条件_2026H1_空域限制或地形限制题型.txt_120,2026H1,2026H1,空域限制或地形限制题型,空域地形限制处理,限制绕飞,空域;限制,ground_station_exam_cases.csv
gskill_aac68ddc3336,gsec_7595bb39b6a3,qbank_7cb07e6ab374,实操题库_地面站考试条件_2026H1_空域限制或地形限制题型.txt_120,2026H1,2026H1,空域限制或地形限制题型,速度高度参数设置,参数设置,高度;速度;m/s,ground_station_exam_cases.csv
gskill_9f535c6719b5,gsec_7595bb39b6a3,qbank_7cb07e6ab374,实操题库_地面站考试条件_2026H1_空域限制或地形限制题型.txt_120,2026H1,2026H1,空域限制或地形限制题型,转弯停留循环设置,参数设置,转弯;停留;循环;闭合,ground_station_exam_cases.csv
gskill_8ded8097c779,gsec_7595bb39b6a3,qbank_7cb07e6ab374,实操题库_地面站考试条件_2026H1_空域限制或地形限制题型.txt_120,2026H1,2026H1,空域限制或地形限制题型,几何图形航线规划,几何计算,边长,ground_station_exam_cases.csv
gskill_dc177b057cb0,gsec_7595bb39b6a3,qbank_7cb07e6ab374,实操题库_地面站考试条件_2026H1_空域限制或地形限制题型.txt_120,2026H1,2026H1,空域限制或地形限制题型,起飞返航点定位,导航定位,起飞点,ground_station_exam_cases.csv
gskill_6aed8f3582a9,gsec_7595bb39b6a3,qbank_7cb07e6ab374,实操题库_地面站考试条件_2026H1_空域限制或地形限制题型.txt_120,2026H1,2026H1,空域限制或地形限制题型,题型:空域限制或地形限制,题型,空域限制或地形限制题型,ground_station_exam_cases.csv
gskill_63472f42e7c5,gsec_3da3008f791e,qbank_7cb07e6ab374,实操题库_地面站考试条件_2026H1_空域限制或地形限制题型.txt_121,2026H1,2026H1,空域限制或地形限制题型,经纬度换算,导航定位,经纬度;N:;E:;N;E,ground_station_exam_cases.csv
gskill_90682b34abba,gsec_3da3008f791e,qbank_7cb07e6ab374,实操题库_地面站考试条件_2026H1_空域限制或地形限制题型.txt_121,2026H1,2026H1,空域限制或地形限制题型,航向方位判断,导航定位,SE;SW,ground_station_exam_cases.csv
gskill_ae3484addc56,gsec_3da3008f791e,qbank_7cb07e6ab374,实操题库_地面站考试条件_2026H1_空域限制或地形限制题型.txt_121,2026H1,2026H1,空域限制或地形限制题型,夹角计算,几何计算,角,ground_station_exam_cases.csv
gskill_4d2edc18ab66,gsec_3da3008f791e,qbank_7cb07e6ab374,实操题库_地面站考试条件_2026H1_空域限制或地形限制题型.txt_121,2026H1,2026H1,空域限制或地形限制题型,空域地形限制处理,限制绕飞,空域;限制,ground_station_exam_cases.csv
gskill_48d7e51ab2ec,gsec_3da3008f791e,qbank_7cb07e6ab374,实操题库_地面站考试条件_2026H1_空域限制或地形限制题型.txt_121,2026H1,2026H1,空域限制或地形限制题型,速度高度参数设置,参数设置,高度;速度;m/s,ground_station_exam_cases.csv
gskill_d8d27bbeeb09,gsec_3da3008f791e,qbank_7cb07e6ab374,实操题库_地面站考试条件_2026H1_空域限制或地形限制题型.txt_121,2026H1,2026H1,空域限制或地形限制题型,转弯停留循环设置,参数设置,转弯;停留;循环;闭合,ground_station_exam_cases.csv
gskill_b22111cb7917,gsec_3da3008f791e,qbank_7cb07e6ab374,实操题库_地面站考试条件_2026H1_空域限制或地形限制题型.txt_121,2026H1,2026H1,空域限制或地形限制题型,几何图形航线规划,几何计算,三角形;边长,ground_station_exam_cases.csv
gskill_a073e37c4c62,gsec_3da3008f791e,qbank_7cb07e6ab374,实操题库_地面站考试条件_2026H1_空域限制或地形限制题型.txt_121,2026H1,2026H1,空域限制或地形限制题型,起飞返航点定位,导航定位,起飞点,ground_station_exam_cases.csv
gskill_f5aee3eaee97,gsec_3da3008f791e,qbank_7cb07e6ab374,实操题库_地面站考试条件_2026H1_空域限制或地形限制题型.txt_121,2026H1,2026H1,空域限制或地形限制题型,题型:空域限制或地形限制,题型,空域限制或地形限制题型,ground_station_exam_cases.csv
gskill_5a5a09c3b668,gsec_3d16797c18ea,qbank_7cb07e6ab374,实操题库_地面站考试条件_2026H1_空域限制或地形限制题型.txt_122,2026H1,2026H1,空域限制或地形限制题型,经纬度换算,导航定位,经纬度;N:;E:;N;E,ground_station_exam_cases.csv
gskill_8ae4c6b8e7a9,gsec_3d16797c18ea,qbank_7cb07e6ab374,实操题库_地面站考试条件_2026H1_空域限制或地形限制题型.txt_122,2026H1,2026H1,空域限制或地形限制题型,航向方位判断,导航定位,航向,ground_station_exam_cases.csv
gskill_723f3999ca1c,gsec_3d16797c18ea,qbank_7cb07e6ab374,实操题库_地面站考试条件_2026H1_空域限制或地形限制题型.txt_122,2026H1,2026H1,空域限制或地形限制题型,夹角计算,几何计算,角,ground_station_exam_cases.csv
gskill_9d18925e9da1,gsec_3d16797c18ea,qbank_7cb07e6ab374,实操题库_地面站考试条件_2026H1_空域限制或地形限制题型.txt_122,2026H1,2026H1,空域限制或地形限制题型,空域地形限制处理,限制绕飞,空域;限制,ground_station_exam_cases.csv
gskill_baba3449f3a8,gsec_3d16797c18ea,qbank_7cb07e6ab374,实操题库_地面站考试条件_2026H1_空域限制或地形限制题型.txt_122,2026H1,2026H1,空域限制或地形限制题型,速度高度参数设置,参数设置,高度;速度;m/s,ground_station_exam_cases.csv
gskill_19c27a581f29,gsec_3d16797c18ea,qbank_7cb07e6ab374,实操题库_地面站考试条件_2026H1_空域限制或地形限制题型.txt_122,2026H1,2026H1,空域限制或地形限制题型,转弯停留循环设置,参数设置,转弯;停留;循环;闭合;不循环,ground_station_exam_cases.csv
gskill_876c47e29a5b,gsec_3d16797c18ea,qbank_7cb07e6ab374,实操题库_地面站考试条件_2026H1_空域限制或地形限制题型.txt_122,2026H1,2026H1,空域限制或地形限制题型,几何图形航线规划,几何计算,边长,ground_station_exam_cases.csv
gskill_e98d2c2b91ae,gsec_3d16797c18ea,qbank_7cb07e6ab374,实操题库_地面站考试条件_2026H1_空域限制或地形限制题型.txt_122,2026H1,2026H1,空域限制或地形限制题型,起飞返航点定位,导航定位,起飞点,ground_station_exam_cases.csv
gskill_40800d7af487,gsec_3d16797c18ea,qbank_7cb07e6ab374,实操题库_地面站考试条件_2026H1_空域限制或地形限制题型.txt_122,2026H1,2026H1,空域限制或地形限制题型,题型:空域限制或地形限制,题型,空域限制或地形限制题型,ground_station_exam_cases.csv
gskill_75521cdcfc67,gsec_2f9aac3ec542,qbank_7cb07e6ab374,实操题库_地面站考试条件_2026H1_空域限制或地形限制题型.txt_123,2026H1,2026H1,空域限制或地形限制题型,经纬度换算,导航定位,经纬度;N:;E:;N;E,ground_station_exam_cases.csv
gskill_751884fc2544,gsec_2f9aac3ec542,qbank_7cb07e6ab374,实操题库_地面站考试条件_2026H1_空域限制或地形限制题型.txt_123,2026H1,2026H1,空域限制或地形限制题型,航向方位判断,导航定位,SE;SW,ground_station_exam_cases.csv
gskill_0427855b591f,gsec_2f9aac3ec542,qbank_7cb07e6ab374,实操题库_地面站考试条件_2026H1_空域限制或地形限制题型.txt_123,2026H1,2026H1,空域限制或地形限制题型,空域地形限制处理,限制绕飞,空域;限制,ground_station_exam_cases.csv
gskill_7af85dde50ca,gsec_2f9aac3ec542,qbank_7cb07e6ab374,实操题库_地面站考试条件_2026H1_空域限制或地形限制题型.txt_123,2026H1,2026H1,空域限制或地形限制题型,速度高度参数设置,参数设置,高度;速度;m/s,ground_station_exam_cases.csv
gskill_6c305684825a,gsec_2f9aac3ec542,qbank_7cb07e6ab374,实操题库_地面站考试条件_2026H1_空域限制或地形限制题型.txt_123,2026H1,2026H1,空域限制或地形限制题型,转弯停留循环设置,参数设置,转弯;停留;循环;闭合,ground_station_exam_cases.csv
gskill_5c67a5ecec38,gsec_2f9aac3ec542,qbank_7cb07e6ab374,实操题库_地面站考试条件_2026H1_空域限制或地形限制题型.txt_123,2026H1,2026H1,空域限制或地形限制题型,几何图形航线规划,几何计算,六边形;边长,ground_station_exam_cases.csv
gskill_327023c3c951,gsec_2f9aac3ec542,qbank_7cb07e6ab374,实操题库_地面站考试条件_2026H1_空域限制或地形限制题型.txt_123,2026H1,2026H1,空域限制或地形限制题型,起飞返航点定位,导航定位,起飞点,ground_station_exam_cases.csv
gskill_545f73980b7f,gsec_2f9aac3ec542,qbank_7cb07e6ab374,实操题库_地面站考试条件_2026H1_空域限制或地形限制题型.txt_123,2026H1,2026H1,空域限制或地形限制题型,题型:空域限制或地形限制,题型,空域限制或地形限制题型,ground_station_exam_cases.csv
gskill_35640cdfe2b7,gsec_e393fe5c4395,qbank_7cb07e6ab374,实操题库_地面站考试条件_2026H1_空域限制或地形限制题型.txt_124,2026H1,2026H1,空域限制或地形限制题型,经纬度换算,导航定位,经纬度;N:;E:;N;E,ground_station_exam_cases.csv
gskill_b2683162f0ef,gsec_e393fe5c4395,qbank_7cb07e6ab374,实操题库_地面站考试条件_2026H1_空域限制或地形限制题型.txt_124,2026H1,2026H1,空域限制或地形限制题型,航向方位判断,导航定位,航向;SW,ground_station_exam_cases.csv
gskill_4758d2973386,gsec_e393fe5c4395,qbank_7cb07e6ab374,实操题库_地面站考试条件_2026H1_空域限制或地形限制题型.txt_124,2026H1,2026H1,空域限制或地形限制题型,夹角计算,几何计算,角,ground_station_exam_cases.csv
gskill_0b8acc900127,gsec_e393fe5c4395,qbank_7cb07e6ab374,实操题库_地面站考试条件_2026H1_空域限制或地形限制题型.txt_124,2026H1,2026H1,空域限制或地形限制题型,空域地形限制处理,限制绕飞,空域;限制,ground_station_exam_cases.csv
gskill_92d332fadd4d,gsec_e393fe5c4395,qbank_7cb07e6ab374,实操题库_地面站考试条件_2026H1_空域限制或地形限制题型.txt_124,2026H1,2026H1,空域限制或地形限制题型,速度高度参数设置,参数设置,高度;速度;m/s,ground_station_exam_cases.csv
gskill_bcb23d91bd84,gsec_e393fe5c4395,qbank_7cb07e6ab374,实操题库_地面站考试条件_2026H1_空域限制或地形限制题型.txt_124,2026H1,2026H1,空域限制或地形限制题型,转弯停留循环设置,参数设置,转弯;闭合,ground_station_exam_cases.csv
gskill_f97b2d40121c,gsec_e393fe5c4395,qbank_7cb07e6ab374,实操题库_地面站考试条件_2026H1_空域限制或地形限制题型.txt_124,2026H1,2026H1,空域限制或地形限制题型,几何图形航线规划,几何计算,边长,ground_station_exam_cases.csv
gskill_42fc49d9e9cb,gsec_e393fe5c4395,qbank_7cb07e6ab374,实操题库_地面站考试条件_2026H1_空域限制或地形限制题型.txt_124,2026H1,2026H1,空域限制或地形限制题型,起飞返航点定位,导航定位,起飞点,ground_station_exam_cases.csv
gskill_273d90062289,gsec_e393fe5c4395,qbank_7cb07e6ab374,实操题库_地面站考试条件_2026H1_空域限制或地形限制题型.txt_124,2026H1,2026H1,空域限制或地形限制题型,题型:空域限制或地形限制,题型,空域限制或地形限制题型,ground_station_exam_cases.csv
gskill_975161d78efc,gsec_08e3050c4885,qbank_7cb07e6ab374,实操题库_地面站考试条件_2026H1_空域限制或地形限制题型.txt_125,2026H1,2026H1,空域限制或地形限制题型,经纬度换算,导航定位,经纬度;N:;E:;N;E,ground_station_exam_cases.csv
gskill_01a0f75632a6,gsec_08e3050c4885,qbank_7cb07e6ab374,实操题库_地面站考试条件_2026H1_空域限制或地形限制题型.txt_125,2026H1,2026H1,空域限制或地形限制题型,航向方位判断,导航定位,方位,ground_station_exam_cases.csv
gskill_f5651e8e22ae,gsec_08e3050c4885,qbank_7cb07e6ab374,实操题库_地面站考试条件_2026H1_空域限制或地形限制题型.txt_125,2026H1,2026H1,空域限制或地形限制题型,夹角计算,几何计算,角,ground_station_exam_cases.csv
gskill_adc4470c092a,gsec_08e3050c4885,qbank_7cb07e6ab374,实操题库_地面站考试条件_2026H1_空域限制或地形限制题型.txt_125,2026H1,2026H1,空域限制或地形限制题型,空域地形限制处理,限制绕飞,空域;限制,ground_station_exam_cases.csv
gskill_57d116fe472e,gsec_08e3050c4885,qbank_7cb07e6ab374,实操题库_地面站考试条件_2026H1_空域限制或地形限制题型.txt_125,2026H1,2026H1,空域限制或地形限制题型,速度高度参数设置,参数设置,高度;速度;m/s,ground_station_exam_cases.csv
gskill_900457c0454d,gsec_08e3050c4885,qbank_7cb07e6ab374,实操题库_地面站考试条件_2026H1_空域限制或地形限制题型.txt_125,2026H1,2026H1,空域限制或地形限制题型,转弯停留循环设置,参数设置,转弯;停留;循环,ground_station_exam_cases.csv
gskill_a045aebef45c,gsec_08e3050c4885,qbank_7cb07e6ab374,实操题库_地面站考试条件_2026H1_空域限制或地形限制题型.txt_125,2026H1,2026H1,空域限制或地形限制题型,几何图形航线规划,几何计算,三角形;边长;图形,ground_station_exam_cases.csv
gskill_268e5c85a3d3,gsec_08e3050c4885,qbank_7cb07e6ab374,实操题库_地面站考试条件_2026H1_空域限制或地形限制题型.txt_125,2026H1,2026H1,空域限制或地形限制题型,起飞返航点定位,导航定位,起飞点,ground_station_exam_cases.csv
gskill_702370977f9d,gsec_08e3050c4885,qbank_7cb07e6ab374,实操题库_地面站考试条件_2026H1_空域限制或地形限制题型.txt_125,2026H1,2026H1,空域限制或地形限制题型,题型:空域限制或地形限制,题型,空域限制或地形限制题型,ground_station_exam_cases.csv
gskill_c65b356aa8d8,gsec_80dcbed277b0,qbank_7cb07e6ab374,实操题库_地面站考试条件_2026H1_空域限制或地形限制题型.txt_126,2026H1,2026H1,空域限制或地形限制题型,经纬度换算,导航定位,经纬度;N:;E:;N;E,ground_station_exam_cases.csv
gskill_ccabe76e2ee2,gsec_80dcbed277b0,qbank_7cb07e6ab374,实操题库_地面站考试条件_2026H1_空域限制或地形限制题型.txt_126,2026H1,2026H1,空域限制或地形限制题型,航向方位判断,导航定位,方位,ground_station_exam_cases.csv
gskill_ad1a1d594eed,gsec_80dcbed277b0,qbank_7cb07e6ab374,实操题库_地面站考试条件_2026H1_空域限制或地形限制题型.txt_126,2026H1,2026H1,空域限制或地形限制题型,夹角计算,几何计算,∠,ground_station_exam_cases.csv
gskill_a2e432dbbe63,gsec_80dcbed277b0,qbank_7cb07e6ab374,实操题库_地面站考试条件_2026H1_空域限制或地形限制题型.txt_126,2026H1,2026H1,空域限制或地形限制题型,空域地形限制处理,限制绕飞,空域;限制,ground_station_exam_cases.csv
gskill_d99321e36355,gsec_80dcbed277b0,qbank_7cb07e6ab374,实操题库_地面站考试条件_2026H1_空域限制或地形限制题型.txt_126,2026H1,2026H1,空域限制或地形限制题型,速度高度参数设置,参数设置,高度;速度;m/s,ground_station_exam_cases.csv
gskill_28c098854d51,gsec_80dcbed277b0,qbank_7cb07e6ab374,实操题库_地面站考试条件_2026H1_空域限制或地形限制题型.txt_126,2026H1,2026H1,空域限制或地形限制题型,转弯停留循环设置,参数设置,转弯;停留;循环,ground_station_exam_cases.csv
gskill_d95814475edf,gsec_80dcbed277b0,qbank_7cb07e6ab374,实操题库_地面站考试条件_2026H1_空域限制或地形限制题型.txt_126,2026H1,2026H1,空域限制或地形限制题型,几何图形航线规划,几何计算,边长;图形,ground_station_exam_cases.csv
gskill_1f0c0fd091ee,gsec_80dcbed277b0,qbank_7cb07e6ab374,实操题库_地面站考试条件_2026H1_空域限制或地形限制题型.txt_126,2026H1,2026H1,空域限制或地形限制题型,起飞返航点定位,导航定位,起飞点,ground_station_exam_cases.csv
gskill_da446b4bb0b4,gsec_80dcbed277b0,qbank_7cb07e6ab374,实操题库_地面站考试条件_2026H1_空域限制或地形限制题型.txt_126,2026H1,2026H1,空域限制或地形限制题型,题型:空域限制或地形限制,题型,空域限制或地形限制题型,ground_station_exam_cases.csv
gskill_299501260ac0,gsec_c3ff9ea29d3a,qbank_7cb07e6ab374,实操题库_地面站考试条件_2026H1_空域限制或地形限制题型.txt_127,2026H1,2026H1,空域限制或地形限制题型,经纬度换算,导航定位,经纬度;N:;E:;N;E,ground_station_exam_cases.csv
gskill_efafe6c88694,gsec_c3ff9ea29d3a,qbank_7cb07e6ab374,实操题库_地面站考试条件_2026H1_空域限制或地形限制题型.txt_127,2026H1,2026H1,空域限制或地形限制题型,航向方位判断,导航定位,方位,ground_station_exam_cases.csv
gskill_229d3543f303,gsec_c3ff9ea29d3a,qbank_7cb07e6ab374,实操题库_地面站考试条件_2026H1_空域限制或地形限制题型.txt_127,2026H1,2026H1,空域限制或地形限制题型,空域地形限制处理,限制绕飞,空域;限制,ground_station_exam_cases.csv
gskill_50b8352f5353,gsec_c3ff9ea29d3a,qbank_7cb07e6ab374,实操题库_地面站考试条件_2026H1_空域限制或地形限制题型.txt_127,2026H1,2026H1,空域限制或地形限制题型,速度高度参数设置,参数设置,高度;速度;m/s,ground_station_exam_cases.csv
gskill_b7563b27c6d9,gsec_c3ff9ea29d3a,qbank_7cb07e6ab374,实操题库_地面站考试条件_2026H1_空域限制或地形限制题型.txt_127,2026H1,2026H1,空域限制或地形限制题型,转弯停留循环设置,参数设置,转弯;停留;循环;闭合,ground_station_exam_cases.csv
gskill_0eb3602a69d3,gsec_c3ff9ea29d3a,qbank_7cb07e6ab374,实操题库_地面站考试条件_2026H1_空域限制或地形限制题型.txt_127,2026H1,2026H1,空域限制或地形限制题型,几何图形航线规划,几何计算,图形,ground_station_exam_cases.csv
gskill_108f430acf87,gsec_c3ff9ea29d3a,qbank_7cb07e6ab374,实操题库_地面站考试条件_2026H1_空域限制或地形限制题型.txt_127,2026H1,2026H1,空域限制或地形限制题型,起飞返航点定位,导航定位,起飞点,ground_station_exam_cases.csv
gskill_183019768d56,gsec_c3ff9ea29d3a,qbank_7cb07e6ab374,实操题库_地面站考试条件_2026H1_空域限制或地形限制题型.txt_127,2026H1,2026H1,空域限制或地形限制题型,题型:空域限制或地形限制,题型,空域限制或地形限制题型,ground_station_exam_cases.csv
gskill_f1965fa45f57,gsec_0e71203002fc,qbank_7cb07e6ab374,实操题库_地面站考试条件_2026H1_空域限制或地形限制题型.txt_128,2026H1,2026H1,空域限制或地形限制题型,经纬度换算,导航定位,经纬度;N:;E:;N;E,ground_station_exam_cases.csv
gskill_21d9fdfeb2aa,gsec_0e71203002fc,qbank_7cb07e6ab374,实操题库_地面站考试条件_2026H1_空域限制或地形限制题型.txt_128,2026H1,2026H1,空域限制或地形限制题型,航向方位判断,导航定位,航向;方位,ground_station_exam_cases.csv
gskill_829be469f7db,gsec_0e71203002fc,qbank_7cb07e6ab374,实操题库_地面站考试条件_2026H1_空域限制或地形限制题型.txt_128,2026H1,2026H1,空域限制或地形限制题型,夹角计算,几何计算,角,ground_station_exam_cases.csv
gskill_2b22036d15ba,gsec_0e71203002fc,qbank_7cb07e6ab374,实操题库_地面站考试条件_2026H1_空域限制或地形限制题型.txt_128,2026H1,2026H1,空域限制或地形限制题型,空域地形限制处理,限制绕飞,空域;限制,ground_station_exam_cases.csv
gskill_e532f21c9d37,gsec_0e71203002fc,qbank_7cb07e6ab374,实操题库_地面站考试条件_2026H1_空域限制或地形限制题型.txt_128,2026H1,2026H1,空域限制或地形限制题型,速度高度参数设置,参数设置,高度;速度;m/s,ground_station_exam_cases.csv
gskill_c4d163d373d2,gsec_0e71203002fc,qbank_7cb07e6ab374,实操题库_地面站考试条件_2026H1_空域限制或地形限制题型.txt_128,2026H1,2026H1,空域限制或地形限制题型,转弯停留循环设置,参数设置,转弯;停留;循环;闭合;不循环,ground_station_exam_cases.csv
gskill_76e123fbfd3a,gsec_0e71203002fc,qbank_7cb07e6ab374,实操题库_地面站考试条件_2026H1_空域限制或地形限制题型.txt_128,2026H1,2026H1,空域限制或地形限制题型,几何图形航线规划,几何计算,边长,ground_station_exam_cases.csv
gskill_a02a23ae5b16,gsec_0e71203002fc,qbank_7cb07e6ab374,实操题库_地面站考试条件_2026H1_空域限制或地形限制题型.txt_128,2026H1,2026H1,空域限制或地形限制题型,起飞返航点定位,导航定位,起飞点,ground_station_exam_cases.csv
gskill_8c2bc848396b,gsec_0e71203002fc,qbank_7cb07e6ab374,实操题库_地面站考试条件_2026H1_空域限制或地形限制题型.txt_128,2026H1,2026H1,空域限制或地形限制题型,题型:空域限制或地形限制,题型,空域限制或地形限制题型,ground_station_exam_cases.csv
gskill_14d44dfe7e3b,gsec_f1d3b602007c,qbank_7cb07e6ab374,实操题库_地面站考试条件_2026H1_空域限制或地形限制题型.txt_129,2026H1,2026H1,空域限制或地形限制题型,经纬度换算,导航定位,经纬度;N:;E:;N;E,ground_station_exam_cases.csv
gskill_3a975a132af7,gsec_f1d3b602007c,qbank_7cb07e6ab374,实操题库_地面站考试条件_2026H1_空域限制或地形限制题型.txt_129,2026H1,2026H1,空域限制或地形限制题型,航向方位判断,导航定位,航向;NW;SE;SW,ground_station_exam_cases.csv
gskill_1fae33ac16da,gsec_f1d3b602007c,qbank_7cb07e6ab374,实操题库_地面站考试条件_2026H1_空域限制或地形限制题型.txt_129,2026H1,2026H1,空域限制或地形限制题型,夹角计算,几何计算,角,ground_station_exam_cases.csv
gskill_c5185470389d,gsec_f1d3b602007c,qbank_7cb07e6ab374,实操题库_地面站考试条件_2026H1_空域限制或地形限制题型.txt_129,2026H1,2026H1,空域限制或地形限制题型,空域地形限制处理,限制绕飞,空域;限制,ground_station_exam_cases.csv
gskill_e97b8a8389a4,gsec_f1d3b602007c,qbank_7cb07e6ab374,实操题库_地面站考试条件_2026H1_空域限制或地形限制题型.txt_129,2026H1,2026H1,空域限制或地形限制题型,速度高度参数设置,参数设置,高度;速度,ground_station_exam_cases.csv
gskill_1901e0d799dd,gsec_f1d3b602007c,qbank_7cb07e6ab374,实操题库_地面站考试条件_2026H1_空域限制或地形限制题型.txt_129,2026H1,2026H1,空域限制或地形限制题型,转弯停留循环设置,参数设置,转弯;停留;循环;闭合,ground_station_exam_cases.csv
gskill_90a92ec25e00,gsec_f1d3b602007c,qbank_7cb07e6ab374,实操题库_地面站考试条件_2026H1_空域限制或地形限制题型.txt_129,2026H1,2026H1,空域限制或地形限制题型,几何图形航线规划,几何计算,三角形;边长,ground_station_exam_cases.csv
gskill_9b1308c5b8e6,gsec_f1d3b602007c,qbank_7cb07e6ab374,实操题库_地面站考试条件_2026H1_空域限制或地形限制题型.txt_129,2026H1,2026H1,空域限制或地形限制题型,起飞返航点定位,导航定位,起飞点,ground_station_exam_cases.csv
gskill_9dc66ab6368c,gsec_f1d3b602007c,qbank_7cb07e6ab374,实操题库_地面站考试条件_2026H1_空域限制或地形限制题型.txt_129,2026H1,2026H1,空域限制或地形限制题型,题型:空域限制或地形限制,题型,空域限制或地形限制题型,ground_station_exam_cases.csv
gskill_026e03c76e60,gsec_14804bb6cad5,qbank_7cb07e6ab374,实操题库_地面站考试条件_2026H1_空域限制或地形限制题型.txt_130,2026H1,2026H1,空域限制或地形限制题型,经纬度换算,导航定位,经纬度;N:;E:;N;E,ground_station_exam_cases.csv
gskill_55f0d15cc519,gsec_14804bb6cad5,qbank_7cb07e6ab374,实操题库_地面站考试条件_2026H1_空域限制或地形限制题型.txt_130,2026H1,2026H1,空域限制或地形限制题型,航向方位判断,导航定位,航向;NW;SW,ground_station_exam_cases.csv
gskill_b0014c6fec29,gsec_14804bb6cad5,qbank_7cb07e6ab374,实操题库_地面站考试条件_2026H1_空域限制或地形限制题型.txt_130,2026H1,2026H1,空域限制或地形限制题型,空域地形限制处理,限制绕飞,空域;限制,ground_station_exam_cases.csv
gskill_3451bcec4f03,gsec_14804bb6cad5,qbank_7cb07e6ab374,实操题库_地面站考试条件_2026H1_空域限制或地形限制题型.txt_130,2026H1,2026H1,空域限制或地形限制题型,速度高度参数设置,参数设置,高度;速度;m/s,ground_station_exam_cases.csv
gskill_6e73336af84c,gsec_14804bb6cad5,qbank_7cb07e6ab374,实操题库_地面站考试条件_2026H1_空域限制或地形限制题型.txt_130,2026H1,2026H1,空域限制或地形限制题型,转弯停留循环设置,参数设置,转弯;循环;闭合,ground_station_exam_cases.csv
gskill_a42a9f5670c0,gsec_14804bb6cad5,qbank_7cb07e6ab374,实操题库_地面站考试条件_2026H1_空域限制或地形限制题型.txt_130,2026H1,2026H1,空域限制或地形限制题型,几何图形航线规划,几何计算,六边形;边长,ground_station_exam_cases.csv
gskill_d22fcb9bb11f,gsec_14804bb6cad5,qbank_7cb07e6ab374,实操题库_地面站考试条件_2026H1_空域限制或地形限制题型.txt_130,2026H1,2026H1,空域限制或地形限制题型,起飞返航点定位,导航定位,起飞点,ground_station_exam_cases.csv
gskill_6147e4566a03,gsec_14804bb6cad5,qbank_7cb07e6ab374,实操题库_地面站考试条件_2026H1_空域限制或地形限制题型.txt_130,2026H1,2026H1,空域限制或地形限制题型,题型:空域限制或地形限制,题型,空域限制或地形限制题型,ground_station_exam_cases.csv
gskill_3d76488689b8,gsec_bec203a5b72e,qbank_7cb07e6ab374,实操题库_地面站考试条件_2026H1_空域限制或地形限制题型.txt_131,2026H1,2026H1,空域限制或地形限制题型,经纬度换算,导航定位,经纬度;N:;E:;N;E,ground_station_exam_cases.csv
gskill_89d7d96df05f,gsec_bec203a5b72e,qbank_7cb07e6ab374,实操题库_地面站考试条件_2026H1_空域限制或地形限制题型.txt_131,2026H1,2026H1,空域限制或地形限制题型,航向方位判断,导航定位,航向;NE;SE,ground_station_exam_cases.csv
gskill_c887fcc7f3ca,gsec_bec203a5b72e,qbank_7cb07e6ab374,实操题库_地面站考试条件_2026H1_空域限制或地形限制题型.txt_131,2026H1,2026H1,空域限制或地形限制题型,空域地形限制处理,限制绕飞,空域;限制,ground_station_exam_cases.csv
gskill_4c99ad797454,gsec_bec203a5b72e,qbank_7cb07e6ab374,实操题库_地面站考试条件_2026H1_空域限制或地形限制题型.txt_131,2026H1,2026H1,空域限制或地形限制题型,速度高度参数设置,参数设置,高度;速度;m/s,ground_station_exam_cases.csv
gskill_396eab463c29,gsec_bec203a5b72e,qbank_7cb07e6ab374,实操题库_地面站考试条件_2026H1_空域限制或地形限制题型.txt_131,2026H1,2026H1,空域限制或地形限制题型,转弯停留循环设置,参数设置,转弯;停留;循环;闭合,ground_station_exam_cases.csv
gskill_ed83f60379cd,gsec_bec203a5b72e,qbank_7cb07e6ab374,实操题库_地面站考试条件_2026H1_空域限制或地形限制题型.txt_131,2026H1,2026H1,空域限制或地形限制题型,几何图形航线规划,几何计算,边长,ground_station_exam_cases.csv
gskill_7b12c7f17f59,gsec_bec203a5b72e,qbank_7cb07e6ab374,实操题库_地面站考试条件_2026H1_空域限制或地形限制题型.txt_131,2026H1,2026H1,空域限制或地形限制题型,起飞返航点定位,导航定位,起飞点,ground_station_exam_cases.csv
gskill_90b0da6968b9,gsec_bec203a5b72e,qbank_7cb07e6ab374,实操题库_地面站考试条件_2026H1_空域限制或地形限制题型.txt_131,2026H1,2026H1,空域限制或地形限制题型,题型:空域限制或地形限制,题型,空域限制或地形限制题型,ground_station_exam_cases.csv
gskill_576079bd1f86,gsec_c4838ad7e90d,qbank_7cb07e6ab374,实操题库_地面站考试条件_2026H1_空域限制或地形限制题型.txt_132,2026H1,2026H1,空域限制或地形限制题型,经纬度换算,导航定位,经纬度;N:;E:;N;E,ground_station_exam_cases.csv
gskill_07993d366d32,gsec_c4838ad7e90d,qbank_7cb07e6ab374,实操题库_地面站考试条件_2026H1_空域限制或地形限制题型.txt_132,2026H1,2026H1,空域限制或地形限制题型,航向方位判断,导航定位,航向;NE;NW,ground_station_exam_cases.csv
gskill_fea3bea45cdb,gsec_c4838ad7e90d,qbank_7cb07e6ab374,实操题库_地面站考试条件_2026H1_空域限制或地形限制题型.txt_132,2026H1,2026H1,空域限制或地形限制题型,空域地形限制处理,限制绕飞,限制,ground_station_exam_cases.csv
gskill_ee89414ee049,gsec_c4838ad7e90d,qbank_7cb07e6ab374,实操题库_地面站考试条件_2026H1_空域限制或地形限制题型.txt_132,2026H1,2026H1,空域限制或地形限制题型,速度高度参数设置,参数设置,高度;速度;m/s,ground_station_exam_cases.csv
gskill_6c0462454d63,gsec_c4838ad7e90d,qbank_7cb07e6ab374,实操题库_地面站考试条件_2026H1_空域限制或地形限制题型.txt_132,2026H1,2026H1,空域限制或地形限制题型,转弯停留循环设置,参数设置,转弯;停留;循环;闭合,ground_station_exam_cases.csv
gskill_49ab5e7c0b24,gsec_c4838ad7e90d,qbank_7cb07e6ab374,实操题库_地面站考试条件_2026H1_空域限制或地形限制题型.txt_132,2026H1,2026H1,空域限制或地形限制题型,几何图形航线规划,几何计算,六边形;边长,ground_station_exam_cases.csv
gskill_8c106073c758,gsec_c4838ad7e90d,qbank_7cb07e6ab374,实操题库_地面站考试条件_2026H1_空域限制或地形限制题型.txt_132,2026H1,2026H1,空域限制或地形限制题型,起飞返航点定位,导航定位,起飞点,ground_station_exam_cases.csv
gskill_8a90e0fdafe4,gsec_c4838ad7e90d,qbank_7cb07e6ab374,实操题库_地面站考试条件_2026H1_空域限制或地形限制题型.txt_132,2026H1,2026H1,空域限制或地形限制题型,题型:空域限制或地形限制,题型,空域限制或地形限制题型,ground_station_exam_cases.csv
gskill_86d4066a55a3,gsec_f3eb751d9dfa,qbank_7cb07e6ab374,实操题库_地面站考试条件_2026H1_空域限制或地形限制题型.txt_133,2026H1,2026H1,空域限制或地形限制题型,经纬度换算,导航定位,经纬度;N:;E:;N;E,ground_station_exam_cases.csv
gskill_5315e40e7733,gsec_f3eb751d9dfa,qbank_7cb07e6ab374,实操题库_地面站考试条件_2026H1_空域限制或地形限制题型.txt_133,2026H1,2026H1,空域限制或地形限制题型,航向方位判断,导航定位,航向;方位,ground_station_exam_cases.csv
gskill_dfe593e07eb5,gsec_f3eb751d9dfa,qbank_7cb07e6ab374,实操题库_地面站考试条件_2026H1_空域限制或地形限制题型.txt_133,2026H1,2026H1,空域限制或地形限制题型,夹角计算,几何计算,∠,ground_station_exam_cases.csv
gskill_7235622c66af,gsec_f3eb751d9dfa,qbank_7cb07e6ab374,实操题库_地面站考试条件_2026H1_空域限制或地形限制题型.txt_133,2026H1,2026H1,空域限制或地形限制题型,空域地形限制处理,限制绕飞,空域;限制,ground_station_exam_cases.csv
gskill_528ce39f0a85,gsec_f3eb751d9dfa,qbank_7cb07e6ab374,实操题库_地面站考试条件_2026H1_空域限制或地形限制题型.txt_133,2026H1,2026H1,空域限制或地形限制题型,速度高度参数设置,参数设置,高度;速度;m/s,ground_station_exam_cases.csv
gskill_1af75af44522,gsec_f3eb751d9dfa,qbank_7cb07e6ab374,实操题库_地面站考试条件_2026H1_空域限制或地形限制题型.txt_133,2026H1,2026H1,空域限制或地形限制题型,转弯停留循环设置,参数设置,转弯;停留;循环;闭合,ground_station_exam_cases.csv
gskill_e6e9697e1757,gsec_f3eb751d9dfa,qbank_7cb07e6ab374,实操题库_地面站考试条件_2026H1_空域限制或地形限制题型.txt_133,2026H1,2026H1,空域限制或地形限制题型,几何图形航线规划,几何计算,五边形;边长,ground_station_exam_cases.csv
gskill_fbaed9397ae9,gsec_f3eb751d9dfa,qbank_7cb07e6ab374,实操题库_地面站考试条件_2026H1_空域限制或地形限制题型.txt_133,2026H1,2026H1,空域限制或地形限制题型,起飞返航点定位,导航定位,起飞点,ground_station_exam_cases.csv
gskill_8274ba241539,gsec_f3eb751d9dfa,qbank_7cb07e6ab374,实操题库_地面站考试条件_2026H1_空域限制或地形限制题型.txt_133,2026H1,2026H1,空域限制或地形限制题型,题型:空域限制或地形限制,题型,空域限制或地形限制题型,ground_station_exam_cases.csv
gskill_92ada0ce8e25,gsec_1118383198b5,qbank_7cb07e6ab374,实操题库_地面站考试条件_2026H1_空域限制或地形限制题型.txt_134,2026H1,2026H1,空域限制或地形限制题型,经纬度换算,导航定位,经纬度;N:;E:;N;E,ground_station_exam_cases.csv
gskill_0cbb8e633308,gsec_1118383198b5,qbank_7cb07e6ab374,实操题库_地面站考试条件_2026H1_空域限制或地形限制题型.txt_134,2026H1,2026H1,空域限制或地形限制题型,航向方位判断,导航定位,航向;方位,ground_station_exam_cases.csv
gskill_d6d782de3e24,gsec_1118383198b5,qbank_7cb07e6ab374,实操题库_地面站考试条件_2026H1_空域限制或地形限制题型.txt_134,2026H1,2026H1,空域限制或地形限制题型,夹角计算,几何计算,∠,ground_station_exam_cases.csv
gskill_3c6b8a335a49,gsec_1118383198b5,qbank_7cb07e6ab374,实操题库_地面站考试条件_2026H1_空域限制或地形限制题型.txt_134,2026H1,2026H1,空域限制或地形限制题型,空域地形限制处理,限制绕飞,地形;限制,ground_station_exam_cases.csv
gskill_1006bdbf2c49,gsec_1118383198b5,qbank_7cb07e6ab374,实操题库_地面站考试条件_2026H1_空域限制或地形限制题型.txt_134,2026H1,2026H1,空域限制或地形限制题型,速度高度参数设置,参数设置,高度;速度;m/s,ground_station_exam_cases.csv
gskill_0105c0de2527,gsec_1118383198b5,qbank_7cb07e6ab374,实操题库_地面站考试条件_2026H1_空域限制或地形限制题型.txt_134,2026H1,2026H1,空域限制或地形限制题型,转弯停留循环设置,参数设置,转弯;停留;循环;闭合,ground_station_exam_cases.csv
gskill_d7a17c024a14,gsec_1118383198b5,qbank_7cb07e6ab374,实操题库_地面站考试条件_2026H1_空域限制或地形限制题型.txt_134,2026H1,2026H1,空域限制或地形限制题型,几何图形航线规划,几何计算,边长,ground_station_exam_cases.csv
gskill_b6b1cd367574,gsec_1118383198b5,qbank_7cb07e6ab374,实操题库_地面站考试条件_2026H1_空域限制或地形限制题型.txt_134,2026H1,2026H1,空域限制或地形限制题型,起飞返航点定位,导航定位,起飞点,ground_station_exam_cases.csv
gskill_a2bc05857bac,gsec_1118383198b5,qbank_7cb07e6ab374,实操题库_地面站考试条件_2026H1_空域限制或地形限制题型.txt_134,2026H1,2026H1,空域限制或地形限制题型,题型:空域限制或地形限制,题型,空域限制或地形限制题型,ground_station_exam_cases.csv
gskill_7bce7a4d4f29,gsec_73b3562b9954,qbank_7cb07e6ab374,实操题库_地面站考试条件_2026H1_空域限制或地形限制题型.txt_135,2026H1,2026H1,空域限制或地形限制题型,经纬度换算,导航定位,经纬度;N:;E:;N;E,ground_station_exam_cases.csv
gskill_26c7ca0fd45d,gsec_73b3562b9954,qbank_7cb07e6ab374,实操题库_地面站考试条件_2026H1_空域限制或地形限制题型.txt_135,2026H1,2026H1,空域限制或地形限制题型,航向方位判断,导航定位,航向;方位,ground_station_exam_cases.csv
gskill_6a628be15619,gsec_73b3562b9954,qbank_7cb07e6ab374,实操题库_地面站考试条件_2026H1_空域限制或地形限制题型.txt_135,2026H1,2026H1,空域限制或地形限制题型,夹角计算,几何计算,∠,ground_station_exam_cases.csv
gskill_25bd64055bbf,gsec_73b3562b9954,qbank_7cb07e6ab374,实操题库_地面站考试条件_2026H1_空域限制或地形限制题型.txt_135,2026H1,2026H1,空域限制或地形限制题型,空域地形限制处理,限制绕飞,空域;限制,ground_station_exam_cases.csv
gskill_508da00f1636,gsec_73b3562b9954,qbank_7cb07e6ab374,实操题库_地面站考试条件_2026H1_空域限制或地形限制题型.txt_135,2026H1,2026H1,空域限制或地形限制题型,速度高度参数设置,参数设置,高度;速度;m/s,ground_station_exam_cases.csv
gskill_f549c4f506ee,gsec_73b3562b9954,qbank_7cb07e6ab374,实操题库_地面站考试条件_2026H1_空域限制或地形限制题型.txt_135,2026H1,2026H1,空域限制或地形限制题型,转弯停留循环设置,参数设置,转弯;停留;循环;闭合,ground_station_exam_cases.csv
gskill_cb8d915abcea,gsec_73b3562b9954,qbank_7cb07e6ab374,实操题库_地面站考试条件_2026H1_空域限制或地形限制题型.txt_135,2026H1,2026H1,空域限制或地形限制题型,几何图形航线规划,几何计算,图形,ground_station_exam_cases.csv
gskill_ae343776fde1,gsec_73b3562b9954,qbank_7cb07e6ab374,实操题库_地面站考试条件_2026H1_空域限制或地形限制题型.txt_135,2026H1,2026H1,空域限制或地形限制题型,起飞返航点定位,导航定位,起飞点,ground_station_exam_cases.csv
gskill_8231ce8aae5d,gsec_73b3562b9954,qbank_7cb07e6ab374,实操题库_地面站考试条件_2026H1_空域限制或地形限制题型.txt_135,2026H1,2026H1,空域限制或地形限制题型,题型:空域限制或地形限制,题型,空域限制或地形限制题型,ground_station_exam_cases.csv
gskill_e0b51865b110,gsec_8f88a3beea32,qbank_7cb07e6ab374,实操题库_地面站考试条件_2026H1_空域限制或地形限制题型.txt_136,2026H1,2026H1,空域限制或地形限制题型,经纬度换算,导航定位,经纬度;N:;E:;N;E,ground_station_exam_cases.csv
gskill_61b332c86c15,gsec_8f88a3beea32,qbank_7cb07e6ab374,实操题库_地面站考试条件_2026H1_空域限制或地形限制题型.txt_136,2026H1,2026H1,空域限制或地形限制题型,航向方位判断,导航定位,航向;方位,ground_station_exam_cases.csv
gskill_e78236a3bbf4,gsec_8f88a3beea32,qbank_7cb07e6ab374,实操题库_地面站考试条件_2026H1_空域限制或地形限制题型.txt_136,2026H1,2026H1,空域限制或地形限制题型,空域地形限制处理,限制绕飞,空域;限制,ground_station_exam_cases.csv
gskill_c8112dd624e2,gsec_8f88a3beea32,qbank_7cb07e6ab374,实操题库_地面站考试条件_2026H1_空域限制或地形限制题型.txt_136,2026H1,2026H1,空域限制或地形限制题型,速度高度参数设置,参数设置,高度;速度;m/s,ground_station_exam_cases.csv
gskill_7fb34f1e885a,gsec_8f88a3beea32,qbank_7cb07e6ab374,实操题库_地面站考试条件_2026H1_空域限制或地形限制题型.txt_136,2026H1,2026H1,空域限制或地形限制题型,转弯停留循环设置,参数设置,转弯;停留;循环;闭合,ground_station_exam_cases.csv
gskill_2777887953b4,gsec_8f88a3beea32,qbank_7cb07e6ab374,实操题库_地面站考试条件_2026H1_空域限制或地形限制题型.txt_136,2026H1,2026H1,空域限制或地形限制题型,起飞返航点定位,导航定位,起飞点,ground_station_exam_cases.csv
gskill_25dc2fbc56a4,gsec_8f88a3beea32,qbank_7cb07e6ab374,实操题库_地面站考试条件_2026H1_空域限制或地形限制题型.txt_136,2026H1,2026H1,空域限制或地形限制题型,题型:空域限制或地形限制,题型,空域限制或地形限制题型,ground_station_exam_cases.csv
gskill_54ef0eae57e4,gsec_c639235f31ea,qbank_7cb07e6ab374,实操题库_地面站考试条件_2026H1_空域限制或地形限制题型.txt_137,2026H1,2026H1,空域限制或地形限制题型,经纬度换算,导航定位,经纬度;N:;E:;N;E,ground_station_exam_cases.csv
gskill_bcf2bccb58f0,gsec_c639235f31ea,qbank_7cb07e6ab374,实操题库_地面站考试条件_2026H1_空域限制或地形限制题型.txt_137,2026H1,2026H1,空域限制或地形限制题型,航向方位判断,导航定位,航向;方位,ground_station_exam_cases.csv
gskill_235b438765ff,gsec_c639235f31ea,qbank_7cb07e6ab374,实操题库_地面站考试条件_2026H1_空域限制或地形限制题型.txt_137,2026H1,2026H1,空域限制或地形限制题型,空域地形限制处理,限制绕飞,地形;限制,ground_station_exam_cases.csv
gskill_1acb471a3d58,gsec_c639235f31ea,qbank_7cb07e6ab374,实操题库_地面站考试条件_2026H1_空域限制或地形限制题型.txt_137,2026H1,2026H1,空域限制或地形限制题型,速度高度参数设置,参数设置,高度;速度;m/s,ground_station_exam_cases.csv
gskill_d56e2709fc6a,gsec_c639235f31ea,qbank_7cb07e6ab374,实操题库_地面站考试条件_2026H1_空域限制或地形限制题型.txt_137,2026H1,2026H1,空域限制或地形限制题型,转弯停留循环设置,参数设置,转弯;停留;循环;闭合,ground_station_exam_cases.csv
gskill_5c540a3e3c7b,gsec_c639235f31ea,qbank_7cb07e6ab374,实操题库_地面站考试条件_2026H1_空域限制或地形限制题型.txt_137,2026H1,2026H1,空域限制或地形限制题型,几何图形航线规划,几何计算,六边形;边长,ground_station_exam_cases.csv
gskill_785b5f3927fc,gsec_c639235f31ea,qbank_7cb07e6ab374,实操题库_地面站考试条件_2026H1_空域限制或地形限制题型.txt_137,2026H1,2026H1,空域限制或地形限制题型,起飞返航点定位,导航定位,起飞点,ground_station_exam_cases.csv
gskill_140389213b00,gsec_c639235f31ea,qbank_7cb07e6ab374,实操题库_地面站考试条件_2026H1_空域限制或地形限制题型.txt_137,2026H1,2026H1,空域限制或地形限制题型,题型:空域限制或地形限制,题型,空域限制或地形限制题型,ground_station_exam_cases.csv
gskill_7b6c365dea95,gsec_2ef5394b211e,qbank_7cb07e6ab374,实操题库_地面站考试条件_2026H1_空域限制或地形限制题型.txt_138,2026H1,2026H1,空域限制或地形限制题型,经纬度换算,导航定位,N;E,ground_station_exam_cases.csv
gskill_94467092d005,gsec_2ef5394b211e,qbank_7cb07e6ab374,实操题库_地面站考试条件_2026H1_空域限制或地形限制题型.txt_138,2026H1,2026H1,空域限制或地形限制题型,航向方位判断,导航定位,航向;方位;NE;NW,ground_station_exam_cases.csv
gskill_7b4a6b045e78,gsec_2ef5394b211e,qbank_7cb07e6ab374,实操题库_地面站考试条件_2026H1_空域限制或地形限制题型.txt_138,2026H1,2026H1,空域限制或地形限制题型,空域地形限制处理,限制绕飞,空域;限制,ground_station_exam_cases.csv
gskill_75051d55a7f5,gsec_2ef5394b211e,qbank_7cb07e6ab374,实操题库_地面站考试条件_2026H1_空域限制或地形限制题型.txt_138,2026H1,2026H1,空域限制或地形限制题型,速度高度参数设置,参数设置,高度,ground_station_exam_cases.csv
gskill_e1757cd0008c,gsec_2ef5394b211e,qbank_7cb07e6ab374,实操题库_地面站考试条件_2026H1_空域限制或地形限制题型.txt_138,2026H1,2026H1,空域限制或地形限制题型,几何图形航线规划,几何计算,图形,ground_station_exam_cases.csv
gskill_cde67ed53169,gsec_2ef5394b211e,qbank_7cb07e6ab374,实操题库_地面站考试条件_2026H1_空域限制或地形限制题型.txt_138,2026H1,2026H1,空域限制或地形限制题型,起飞返航点定位,导航定位,起飞点,ground_station_exam_cases.csv
gskill_24232d7db27c,gsec_2ef5394b211e,qbank_7cb07e6ab374,实操题库_地面站考试条件_2026H1_空域限制或地形限制题型.txt_138,2026H1,2026H1,空域限制或地形限制题型,题型:空域限制或地形限制,题型,空域限制或地形限制题型,ground_station_exam_cases.csv
gskill_08702af5b465,gsec_6b0e920c49df,qbank_7cb07e6ab374,实操题库_地面站考试条件_2026H1_空域限制或地形限制题型.txt_139,2026H1,2026H1,空域限制或地形限制题型,经纬度换算,导航定位,经纬度;N:;E:;N;E,ground_station_exam_cases.csv
gskill_64426d7b93eb,gsec_6b0e920c49df,qbank_7cb07e6ab374,实操题库_地面站考试条件_2026H1_空域限制或地形限制题型.txt_139,2026H1,2026H1,空域限制或地形限制题型,航向方位判断,导航定位,航向;SE;SW,ground_station_exam_cases.csv
gskill_f38375d976fd,gsec_6b0e920c49df,qbank_7cb07e6ab374,实操题库_地面站考试条件_2026H1_空域限制或地形限制题型.txt_139,2026H1,2026H1,空域限制或地形限制题型,夹角计算,几何计算,角,ground_station_exam_cases.csv
gskill_d7d02b8d3613,gsec_6b0e920c49df,qbank_7cb07e6ab374,实操题库_地面站考试条件_2026H1_空域限制或地形限制题型.txt_139,2026H1,2026H1,空域限制或地形限制题型,空域地形限制处理,限制绕飞,限制,ground_station_exam_cases.csv
gskill_5d635d8ee003,gsec_6b0e920c49df,qbank_7cb07e6ab374,实操题库_地面站考试条件_2026H1_空域限制或地形限制题型.txt_139,2026H1,2026H1,空域限制或地形限制题型,速度高度参数设置,参数设置,高度;速度;m/s,ground_station_exam_cases.csv
gskill_d007407e426f,gsec_6b0e920c49df,qbank_7cb07e6ab374,实操题库_地面站考试条件_2026H1_空域限制或地形限制题型.txt_139,2026H1,2026H1,空域限制或地形限制题型,转弯停留循环设置,参数设置,转弯;停留;循环;闭合,ground_station_exam_cases.csv
gskill_8c8700bd6ee5,gsec_6b0e920c49df,qbank_7cb07e6ab374,实操题库_地面站考试条件_2026H1_空域限制或地形限制题型.txt_139,2026H1,2026H1,空域限制或地形限制题型,几何图形航线规划,几何计算,三角形;边长,ground_station_exam_cases.csv
gskill_d89982f4bf36,gsec_6b0e920c49df,qbank_7cb07e6ab374,实操题库_地面站考试条件_2026H1_空域限制或地形限制题型.txt_139,2026H1,2026H1,空域限制或地形限制题型,起飞返航点定位,导航定位,起飞点,ground_station_exam_cases.csv
gskill_959dc466c047,gsec_6b0e920c49df,qbank_7cb07e6ab374,实操题库_地面站考试条件_2026H1_空域限制或地形限制题型.txt_139,2026H1,2026H1,空域限制或地形限制题型,题型:空域限制或地形限制,题型,空域限制或地形限制题型,ground_station_exam_cases.csv
gskill_340cbcba4f1b,gsec_08a3f19d606c,qbank_7cb07e6ab374,实操题库_地面站考试条件_2026H1_空域限制或地形限制题型.txt_140,2026H1,2026H1,空域限制或地形限制题型,经纬度换算,导航定位,经纬度;N:;E:;N;E,ground_station_exam_cases.csv
gskill_50f5d9cc6029,gsec_08a3f19d606c,qbank_7cb07e6ab374,实操题库_地面站考试条件_2026H1_空域限制或地形限制题型.txt_140,2026H1,2026H1,空域限制或地形限制题型,航向方位判断,导航定位,航向;SE,ground_station_exam_cases.csv
gskill_23f456a9ed3b,gsec_08a3f19d606c,qbank_7cb07e6ab374,实操题库_地面站考试条件_2026H1_空域限制或地形限制题型.txt_140,2026H1,2026H1,空域限制或地形限制题型,夹角计算,几何计算,∠,ground_station_exam_cases.csv
gskill_b96b5609b76f,gsec_08a3f19d606c,qbank_7cb07e6ab374,实操题库_地面站考试条件_2026H1_空域限制或地形限制题型.txt_140,2026H1,2026H1,空域限制或地形限制题型,空域地形限制处理,限制绕飞,空域;限制,ground_station_exam_cases.csv
gskill_04723bcb71c9,gsec_08a3f19d606c,qbank_7cb07e6ab374,实操题库_地面站考试条件_2026H1_空域限制或地形限制题型.txt_140,2026H1,2026H1,空域限制或地形限制题型,速度高度参数设置,参数设置,高度;速度;m/s,ground_station_exam_cases.csv
gskill_fe4f46df1dfb,gsec_08a3f19d606c,qbank_7cb07e6ab374,实操题库_地面站考试条件_2026H1_空域限制或地形限制题型.txt_140,2026H1,2026H1,空域限制或地形限制题型,转弯停留循环设置,参数设置,转弯;停留;循环;闭合,ground_station_exam_cases.csv
gskill_180e14026d1c,gsec_08a3f19d606c,qbank_7cb07e6ab374,实操题库_地面站考试条件_2026H1_空域限制或地形限制题型.txt_140,2026H1,2026H1,空域限制或地形限制题型,几何图形航线规划,几何计算,边长,ground_station_exam_cases.csv
gskill_511b53226a7a,gsec_08a3f19d606c,qbank_7cb07e6ab374,实操题库_地面站考试条件_2026H1_空域限制或地形限制题型.txt_140,2026H1,2026H1,空域限制或地形限制题型,起飞返航点定位,导航定位,起飞点,ground_station_exam_cases.csv
gskill_da2cc684a810,gsec_08a3f19d606c,qbank_7cb07e6ab374,实操题库_地面站考试条件_2026H1_空域限制或地形限制题型.txt_140,2026H1,2026H1,空域限制或地形限制题型,题型:空域限制或地形限制,题型,空域限制或地形限制题型,ground_station_exam_cases.csv
gskill_665f3fa6f452,gsec_4c73db87d95f,qbank_7cb07e6ab374,实操题库_地面站考试条件_2026H1_空域限制或地形限制题型.txt_141,2026H1,2026H1,空域限制或地形限制题型,经纬度换算,导航定位,经纬度;N:;E:;N;E,ground_station_exam_cases.csv
gskill_e64d4c5893cd,gsec_4c73db87d95f,qbank_7cb07e6ab374,实操题库_地面站考试条件_2026H1_空域限制或地形限制题型.txt_141,2026H1,2026H1,空域限制或地形限制题型,航向方位判断,导航定位,NE;SE,ground_station_exam_cases.csv
gskill_e81387beb5e0,gsec_4c73db87d95f,qbank_7cb07e6ab374,实操题库_地面站考试条件_2026H1_空域限制或地形限制题型.txt_141,2026H1,2026H1,空域限制或地形限制题型,避让点规划,限制绕飞,避让,ground_station_exam_cases.csv
gskill_06a7424c6aba,gsec_4c73db87d95f,qbank_7cb07e6ab374,实操题库_地面站考试条件_2026H1_空域限制或地形限制题型.txt_141,2026H1,2026H1,空域限制或地形限制题型,空域地形限制处理,限制绕飞,空域;限制,ground_station_exam_cases.csv
gskill_a8ef9f206514,gsec_4c73db87d95f,qbank_7cb07e6ab374,实操题库_地面站考试条件_2026H1_空域限制或地形限制题型.txt_141,2026H1,2026H1,空域限制或地形限制题型,速度高度参数设置,参数设置,高度;速度;m/s,ground_station_exam_cases.csv
gskill_6f7f95a5b0c4,gsec_4c73db87d95f,qbank_7cb07e6ab374,实操题库_地面站考试条件_2026H1_空域限制或地形限制题型.txt_141,2026H1,2026H1,空域限制或地形限制题型,转弯停留循环设置,参数设置,转弯;停留;循环;闭合,ground_station_exam_cases.csv
gskill_01ae4fba368c,gsec_4c73db87d95f,qbank_7cb07e6ab374,实操题库_地面站考试条件_2026H1_空域限制或地形限制题型.txt_141,2026H1,2026H1,空域限制或地形限制题型,几何图形航线规划,几何计算,六边形;边长;图形,ground_station_exam_cases.csv
gskill_4ec4f004e654,gsec_4c73db87d95f,qbank_7cb07e6ab374,实操题库_地面站考试条件_2026H1_空域限制或地形限制题型.txt_141,2026H1,2026H1,空域限制或地形限制题型,题型:空域限制或地形限制,题型,空域限制或地形限制题型,ground_station_exam_cases.csv
gskill_636133d18fba,gsec_566418e0873d,qbank_7cb07e6ab374,实操题库_地面站考试条件_2026H1_空域限制或地形限制题型.txt_142,2026H1,2026H1,空域限制或地形限制题型,航向方位判断,导航定位,正东,ground_station_exam_cases.csv
gskill_39f9fa2a1854,gsec_566418e0873d,qbank_7cb07e6ab374,实操题库_地面站考试条件_2026H1_空域限制或地形限制题型.txt_142,2026H1,2026H1,空域限制或地形限制题型,夹角计算,几何计算,角,ground_station_exam_cases.csv
gskill_7f89e3e45243,gsec_566418e0873d,qbank_7cb07e6ab374,实操题库_地面站考试条件_2026H1_空域限制或地形限制题型.txt_142,2026H1,2026H1,空域限制或地形限制题型,速度高度参数设置,参数设置,速度;m/s,ground_station_exam_cases.csv
gskill_b5a85ec479ec,gsec_566418e0873d,qbank_7cb07e6ab374,实操题库_地面站考试条件_2026H1_空域限制或地形限制题型.txt_142,2026H1,2026H1,空域限制或地形限制题型,转弯停留循环设置,参数设置,转弯;停留,ground_station_exam_cases.csv
gskill_99df6fa8a39b,gsec_566418e0873d,qbank_7cb07e6ab374,实操题库_地面站考试条件_2026H1_空域限制或地形限制题型.txt_142,2026H1,2026H1,空域限制或地形限制题型,几何图形航线规划,几何计算,三角形;边长,ground_station_exam_cases.csv
gskill_7a37ccf0ba42,gsec_566418e0873d,qbank_7cb07e6ab374,实操题库_地面站考试条件_2026H1_空域限制或地形限制题型.txt_142,2026H1,2026H1,空域限制或地形限制题型,起飞返航点定位,导航定位,起飞点,ground_station_exam_cases.csv
gskill_cd1a63cb7c7c,gsec_566418e0873d,qbank_7cb07e6ab374,实操题库_地面站考试条件_2026H1_空域限制或地形限制题型.txt_142,2026H1,2026H1,空域限制或地形限制题型,题型:空域限制或地形限制,题型,空域限制或地形限制题型,ground_station_exam_cases.csv
gskill_a354a1f06568,gsec_f3ed9a6ed5ce,qbank_7cb07e6ab374,实操题库_地面站考试条件_2026H1_空域限制或地形限制题型.txt_143,2026H1,2026H1,空域限制或地形限制题型,经纬度换算,导航定位,N;E,ground_station_exam_cases.csv
gskill_5c8e7e66e712,gsec_f3ed9a6ed5ce,qbank_7cb07e6ab374,实操题库_地面站考试条件_2026H1_空域限制或地形限制题型.txt_143,2026H1,2026H1,空域限制或地形限制题型,航向方位判断,导航定位,航向;SE;SW,ground_station_exam_cases.csv
gskill_e190c3f960ba,gsec_f3ed9a6ed5ce,qbank_7cb07e6ab374,实操题库_地面站考试条件_2026H1_空域限制或地形限制题型.txt_143,2026H1,2026H1,空域限制或地形限制题型,夹角计算,几何计算,角,ground_station_exam_cases.csv
gskill_6ba32ffd26bb,gsec_f3ed9a6ed5ce,qbank_7cb07e6ab374,实操题库_地面站考试条件_2026H1_空域限制或地形限制题型.txt_143,2026H1,2026H1,空域限制或地形限制题型,速度高度参数设置,参数设置,高度;速度,ground_station_exam_cases.csv
gskill_0a898148b270,gsec_f3ed9a6ed5ce,qbank_7cb07e6ab374,实操题库_地面站考试条件_2026H1_空域限制或地形限制题型.txt_143,2026H1,2026H1,空域限制或地形限制题型,转弯停留循环设置,参数设置,转弯;停留;循环;闭合,ground_station_exam_cases.csv
gskill_302a47c67297,gsec_f3ed9a6ed5ce,qbank_7cb07e6ab374,实操题库_地面站考试条件_2026H1_空域限制或地形限制题型.txt_143,2026H1,2026H1,空域限制或地形限制题型,几何图形航线规划,几何计算,图形,ground_station_exam_cases.csv
gskill_30a146363350,gsec_f3ed9a6ed5ce,qbank_7cb07e6ab374,实操题库_地面站考试条件_2026H1_空域限制或地形限制题型.txt_143,2026H1,2026H1,空域限制或地形限制题型,起飞返航点定位,导航定位,起飞点,ground_station_exam_cases.csv
gskill_f320878c661e,gsec_f3ed9a6ed5ce,qbank_7cb07e6ab374,实操题库_地面站考试条件_2026H1_空域限制或地形限制题型.txt_143,2026H1,2026H1,空域限制或地形限制题型,题型:空域限制或地形限制,题型,空域限制或地形限制题型,ground_station_exam_cases.csv
gskill_c957a3760524,gsec_dedf78742614,qbank_7cb07e6ab374,实操题库_地面站考试条件_2026H1_空域限制或地形限制题型.txt_144,2026H1,2026H1,空域限制或地形限制题型,经纬度换算,导航定位,经纬度;N:;E:;N;E,ground_station_exam_cases.csv
gskill_c25e2c380d63,gsec_dedf78742614,qbank_7cb07e6ab374,实操题库_地面站考试条件_2026H1_空域限制或地形限制题型.txt_144,2026H1,2026H1,空域限制或地形限制题型,航向方位判断,导航定位,航向;正东;NW,ground_station_exam_cases.csv
gskill_1439b63b18f1,gsec_dedf78742614,qbank_7cb07e6ab374,实操题库_地面站考试条件_2026H1_空域限制或地形限制题型.txt_144,2026H1,2026H1,空域限制或地形限制题型,夹角计算,几何计算,角,ground_station_exam_cases.csv
gskill_09db93fac652,gsec_dedf78742614,qbank_7cb07e6ab374,实操题库_地面站考试条件_2026H1_空域限制或地形限制题型.txt_144,2026H1,2026H1,空域限制或地形限制题型,空域地形限制处理,限制绕飞,空域;限制,ground_station_exam_cases.csv
gskill_fc41bde1ee5b,gsec_dedf78742614,qbank_7cb07e6ab374,实操题库_地面站考试条件_2026H1_空域限制或地形限制题型.txt_144,2026H1,2026H1,空域限制或地形限制题型,速度高度参数设置,参数设置,高度;速度;m/s,ground_station_exam_cases.csv
gskill_f6fc7616f9aa,gsec_dedf78742614,qbank_7cb07e6ab374,实操题库_地面站考试条件_2026H1_空域限制或地形限制题型.txt_144,2026H1,2026H1,空域限制或地形限制题型,转弯停留循环设置,参数设置,转弯;停留;循环,ground_station_exam_cases.csv
gskill_cbd8b6aa8c6a,gsec_dedf78742614,qbank_7cb07e6ab374,实操题库_地面站考试条件_2026H1_空域限制或地形限制题型.txt_144,2026H1,2026H1,空域限制或地形限制题型,几何图形航线规划,几何计算,三角形;边长;图形,ground_station_exam_cases.csv
gskill_d140c4278438,gsec_dedf78742614,qbank_7cb07e6ab374,实操题库_地面站考试条件_2026H1_空域限制或地形限制题型.txt_144,2026H1,2026H1,空域限制或地形限制题型,起飞返航点定位,导航定位,起飞点,ground_station_exam_cases.csv
gskill_83362bb3e493,gsec_dedf78742614,qbank_7cb07e6ab374,实操题库_地面站考试条件_2026H1_空域限制或地形限制题型.txt_144,2026H1,2026H1,空域限制或地形限制题型,题型:空域限制或地形限制,题型,空域限制或地形限制题型,ground_station_exam_cases.csv
gskill_4978429a0e47,gsec_596b91c86eea,qbank_7cb07e6ab374,实操题库_地面站考试条件_2026H1_空域限制或地形限制题型.txt_145,2026H1,2026H1,空域限制或地形限制题型,经纬度换算,导航定位,经纬度;N:;E:;N;E,ground_station_exam_cases.csv
gskill_2363428f2f33,gsec_596b91c86eea,qbank_7cb07e6ab374,实操题库_地面站考试条件_2026H1_空域限制或地形限制题型.txt_145,2026H1,2026H1,空域限制或地形限制题型,航向方位判断,导航定位,NW;SE;SW,ground_station_exam_cases.csv
gskill_65b01e3dbf46,gsec_596b91c86eea,qbank_7cb07e6ab374,实操题库_地面站考试条件_2026H1_空域限制或地形限制题型.txt_145,2026H1,2026H1,空域限制或地形限制题型,空域地形限制处理,限制绕飞,空域;限制,ground_station_exam_cases.csv
gskill_496f339a0266,gsec_596b91c86eea,qbank_7cb07e6ab374,实操题库_地面站考试条件_2026H1_空域限制或地形限制题型.txt_145,2026H1,2026H1,空域限制或地形限制题型,速度高度参数设置,参数设置,高度;速度;m/s,ground_station_exam_cases.csv
gskill_390d1f373954,gsec_596b91c86eea,qbank_7cb07e6ab374,实操题库_地面站考试条件_2026H1_空域限制或地形限制题型.txt_145,2026H1,2026H1,空域限制或地形限制题型,转弯停留循环设置,参数设置,转弯;停留;循环;闭合,ground_station_exam_cases.csv
gskill_abcc10ee44c0,gsec_596b91c86eea,qbank_7cb07e6ab374,实操题库_地面站考试条件_2026H1_空域限制或地形限制题型.txt_145,2026H1,2026H1,空域限制或地形限制题型,几何图形航线规划,几何计算,边长,ground_station_exam_cases.csv
gskill_3f37ed143c4f,gsec_596b91c86eea,qbank_7cb07e6ab374,实操题库_地面站考试条件_2026H1_空域限制或地形限制题型.txt_145,2026H1,2026H1,空域限制或地形限制题型,起飞返航点定位,导航定位,起飞点,ground_station_exam_cases.csv
gskill_203d9b828308,gsec_596b91c86eea,qbank_7cb07e6ab374,实操题库_地面站考试条件_2026H1_空域限制或地形限制题型.txt_145,2026H1,2026H1,空域限制或地形限制题型,题型:空域限制或地形限制,题型,空域限制或地形限制题型,ground_station_exam_cases.csv
gskill_b48ae9ab7ae3,gsec_37499c01930c,qbank_7cb07e6ab374,实操题库_地面站考试条件_2026H1_空域限制或地形限制题型.txt_146,2026H1,2026H1,空域限制或地形限制题型,经纬度换算,导航定位,经纬度;N:;E:;N;E,ground_station_exam_cases.csv
gskill_19e0fd45844c,gsec_37499c01930c,qbank_7cb07e6ab374,实操题库_地面站考试条件_2026H1_空域限制或地形限制题型.txt_146,2026H1,2026H1,空域限制或地形限制题型,航向方位判断,导航定位,航向;SE;SW,ground_station_exam_cases.csv
gskill_5628e0e731f9,gsec_37499c01930c,qbank_7cb07e6ab374,实操题库_地面站考试条件_2026H1_空域限制或地形限制题型.txt_146,2026H1,2026H1,空域限制或地形限制题型,夹角计算,几何计算,角,ground_station_exam_cases.csv
gskill_ef46d5f5b912,gsec_37499c01930c,qbank_7cb07e6ab374,实操题库_地面站考试条件_2026H1_空域限制或地形限制题型.txt_146,2026H1,2026H1,空域限制或地形限制题型,空域地形限制处理,限制绕飞,空域;限制,ground_station_exam_cases.csv
gskill_9c1d2c2126dd,gsec_37499c01930c,qbank_7cb07e6ab374,实操题库_地面站考试条件_2026H1_空域限制或地形限制题型.txt_146,2026H1,2026H1,空域限制或地形限制题型,速度高度参数设置,参数设置,高度;速度;m/s,ground_station_exam_cases.csv
gskill_9844b64c45fa,gsec_37499c01930c,qbank_7cb07e6ab374,实操题库_地面站考试条件_2026H1_空域限制或地形限制题型.txt_146,2026H1,2026H1,空域限制或地形限制题型,转弯停留循环设置,参数设置,转弯;停留;循环;闭合,ground_station_exam_cases.csv
gskill_9eb33d3f9978,gsec_37499c01930c,qbank_7cb07e6ab374,实操题库_地面站考试条件_2026H1_空域限制或地形限制题型.txt_146,2026H1,2026H1,空域限制或地形限制题型,几何图形航线规划,几何计算,三角形;边长,ground_station_exam_cases.csv
gskill_018a98ee7487,gsec_37499c01930c,qbank_7cb07e6ab374,实操题库_地面站考试条件_2026H1_空域限制或地形限制题型.txt_146,2026H1,2026H1,空域限制或地形限制题型,起飞返航点定位,导航定位,起飞点,ground_station_exam_cases.csv
gskill_176de7b6a2c0,gsec_37499c01930c,qbank_7cb07e6ab374,实操题库_地面站考试条件_2026H1_空域限制或地形限制题型.txt_146,2026H1,2026H1,空域限制或地形限制题型,题型:空域限制或地形限制,题型,空域限制或地形限制题型,ground_station_exam_cases.csv
gskill_8e51d2f7e3c0,gsec_63758092c12a,qbank_7cb07e6ab374,实操题库_地面站考试条件_2026H1_空域限制或地形限制题型.txt_147,2026H1,2026H1,空域限制或地形限制题型,经纬度换算,导航定位,经纬度;N:;E:;N;E,ground_station_exam_cases.csv
gskill_0574d9b4b657,gsec_63758092c12a,qbank_7cb07e6ab374,实操题库_地面站考试条件_2026H1_空域限制或地形限制题型.txt_147,2026H1,2026H1,空域限制或地形限制题型,航向方位判断,导航定位,航向;NE;SE;SW,ground_station_exam_cases.csv
gskill_be25bf67dcac,gsec_63758092c12a,qbank_7cb07e6ab374,实操题库_地面站考试条件_2026H1_空域限制或地形限制题型.txt_147,2026H1,2026H1,空域限制或地形限制题型,空域地形限制处理,限制绕飞,限制,ground_station_exam_cases.csv
gskill_6224acf794b9,gsec_63758092c12a,qbank_7cb07e6ab374,实操题库_地面站考试条件_2026H1_空域限制或地形限制题型.txt_147,2026H1,2026H1,空域限制或地形限制题型,速度高度参数设置,参数设置,高度;速度;m/s,ground_station_exam_cases.csv
gskill_4389b060742e,gsec_63758092c12a,qbank_7cb07e6ab374,实操题库_地面站考试条件_2026H1_空域限制或地形限制题型.txt_147,2026H1,2026H1,空域限制或地形限制题型,转弯停留循环设置,参数设置,转弯;停留;循环;闭合,ground_station_exam_cases.csv
gskill_cad934d9e331,gsec_63758092c12a,qbank_7cb07e6ab374,实操题库_地面站考试条件_2026H1_空域限制或地形限制题型.txt_147,2026H1,2026H1,空域限制或地形限制题型,几何图形航线规划,几何计算,六边形;边长,ground_station_exam_cases.csv
gskill_38e40912f117,gsec_63758092c12a,qbank_7cb07e6ab374,实操题库_地面站考试条件_2026H1_空域限制或地形限制题型.txt_147,2026H1,2026H1,空域限制或地形限制题型,起飞返航点定位,导航定位,起飞点,ground_station_exam_cases.csv
gskill_fdf446465c7f,gsec_63758092c12a,qbank_7cb07e6ab374,实操题库_地面站考试条件_2026H1_空域限制或地形限制题型.txt_147,2026H1,2026H1,空域限制或地形限制题型,题型:空域限制或地形限制,题型,空域限制或地形限制题型,ground_station_exam_cases.csv
gskill_81f61df97755,gsec_f05a69e9d94f,qbank_7cb07e6ab374,实操题库_地面站考试条件_2026H1_空域限制或地形限制题型.txt_148,2026H1,2026H1,空域限制或地形限制题型,经纬度换算,导航定位,坐标;N;E,ground_station_exam_cases.csv
gskill_0d36dee9ae23,gsec_f05a69e9d94f,qbank_7cb07e6ab374,实操题库_地面站考试条件_2026H1_空域限制或地形限制题型.txt_148,2026H1,2026H1,空域限制或地形限制题型,航向方位判断,导航定位,航向;SE;SW,ground_station_exam_cases.csv
gskill_110e828fe51d,gsec_f05a69e9d94f,qbank_7cb07e6ab374,实操题库_地面站考试条件_2026H1_空域限制或地形限制题型.txt_148,2026H1,2026H1,空域限制或地形限制题型,夹角计算,几何计算,∠;角,ground_station_exam_cases.csv
gskill_a68a505570f9,gsec_f05a69e9d94f,qbank_7cb07e6ab374,实操题库_地面站考试条件_2026H1_空域限制或地形限制题型.txt_148,2026H1,2026H1,空域限制或地形限制题型,速度高度参数设置,参数设置,高度;速度,ground_station_exam_cases.csv
gskill_68d288a46eb4,gsec_f05a69e9d94f,qbank_7cb07e6ab374,实操题库_地面站考试条件_2026H1_空域限制或地形限制题型.txt_148,2026H1,2026H1,空域限制或地形限制题型,转弯停留循环设置,参数设置,转弯;停留;循环;闭合,ground_station_exam_cases.csv
gskill_bfefa0017311,gsec_f05a69e9d94f,qbank_7cb07e6ab374,实操题库_地面站考试条件_2026H1_空域限制或地形限制题型.txt_148,2026H1,2026H1,空域限制或地形限制题型,几何图形航线规划,几何计算,图形,ground_station_exam_cases.csv
gskill_f669c0182984,gsec_f05a69e9d94f,qbank_7cb07e6ab374,实操题库_地面站考试条件_2026H1_空域限制或地形限制题型.txt_148,2026H1,2026H1,空域限制或地形限制题型,起飞返航点定位,导航定位,起飞点,ground_station_exam_cases.csv
gskill_e21db4912618,gsec_f05a69e9d94f,qbank_7cb07e6ab374,实操题库_地面站考试条件_2026H1_空域限制或地形限制题型.txt_148,2026H1,2026H1,空域限制或地形限制题型,题型:空域限制或地形限制,题型,空域限制或地形限制题型,ground_station_exam_cases.csv
gskill_66467ae21f96,gsec_00bf99d3c2be,qbank_7cb07e6ab374,实操题库_地面站考试条件_2026H1_空域限制或地形限制题型.txt_149,2026H1,2026H1,空域限制或地形限制题型,经纬度换算,导航定位,经纬度;N:;E:;N;E,ground_station_exam_cases.csv
gskill_99d72974acad,gsec_00bf99d3c2be,qbank_7cb07e6ab374,实操题库_地面站考试条件_2026H1_空域限制或地形限制题型.txt_149,2026H1,2026H1,空域限制或地形限制题型,航向方位判断,导航定位,航向,ground_station_exam_cases.csv
gskill_a49ae0733b8c,gsec_00bf99d3c2be,qbank_7cb07e6ab374,实操题库_地面站考试条件_2026H1_空域限制或地形限制题型.txt_149,2026H1,2026H1,空域限制或地形限制题型,空域地形限制处理,限制绕飞,空域;限制,ground_station_exam_cases.csv
gskill_bdc7df8bfa9b,gsec_00bf99d3c2be,qbank_7cb07e6ab374,实操题库_地面站考试条件_2026H1_空域限制或地形限制题型.txt_149,2026H1,2026H1,空域限制或地形限制题型,速度高度参数设置,参数设置,高度;速度;m/s,ground_station_exam_cases.csv
gskill_7bd1bd84e421,gsec_00bf99d3c2be,qbank_7cb07e6ab374,实操题库_地面站考试条件_2026H1_空域限制或地形限制题型.txt_149,2026H1,2026H1,空域限制或地形限制题型,转弯停留循环设置,参数设置,转弯;停留;循环;闭合;不循环,ground_station_exam_cases.csv
gskill_ceb84be27b70,gsec_00bf99d3c2be,qbank_7cb07e6ab374,实操题库_地面站考试条件_2026H1_空域限制或地形限制题型.txt_149,2026H1,2026H1,空域限制或地形限制题型,几何图形航线规划,几何计算,边长,ground_station_exam_cases.csv
gskill_21e6a657a3a5,gsec_00bf99d3c2be,qbank_7cb07e6ab374,实操题库_地面站考试条件_2026H1_空域限制或地形限制题型.txt_149,2026H1,2026H1,空域限制或地形限制题型,起飞返航点定位,导航定位,起飞点,ground_station_exam_cases.csv
gskill_d1c52de18baa,gsec_00bf99d3c2be,qbank_7cb07e6ab374,实操题库_地面站考试条件_2026H1_空域限制或地形限制题型.txt_149,2026H1,2026H1,空域限制或地形限制题型,题型:空域限制或地形限制,题型,空域限制或地形限制题型,ground_station_exam_cases.csv
gskill_b3e71b7a7960,gsec_f4ef1a6596d5,qbank_7cb07e6ab374,实操题库_地面站考试条件_2026H1_空域限制或地形限制题型.txt_150,2026H1,2026H1,空域限制或地形限制题型,经纬度换算,导航定位,经纬度;N:;E:;N;E,ground_station_exam_cases.csv
gskill_aef1d0f4e847,gsec_f4ef1a6596d5,qbank_7cb07e6ab374,实操题库_地面站考试条件_2026H1_空域限制或地形限制题型.txt_150,2026H1,2026H1,空域限制或地形限制题型,航向方位判断,导航定位,航向;NW;SE,ground_station_exam_cases.csv
gskill_63b6641119e4,gsec_f4ef1a6596d5,qbank_7cb07e6ab374,实操题库_地面站考试条件_2026H1_空域限制或地形限制题型.txt_150,2026H1,2026H1,空域限制或地形限制题型,空域地形限制处理,限制绕飞,空域;限制,ground_station_exam_cases.csv
gskill_d30c64048e1c,gsec_f4ef1a6596d5,qbank_7cb07e6ab374,实操题库_地面站考试条件_2026H1_空域限制或地形限制题型.txt_150,2026H1,2026H1,空域限制或地形限制题型,速度高度参数设置,参数设置,高度;速度;m/s,ground_station_exam_cases.csv
gskill_9e8047ef2e81,gsec_f4ef1a6596d5,qbank_7cb07e6ab374,实操题库_地面站考试条件_2026H1_空域限制或地形限制题型.txt_150,2026H1,2026H1,空域限制或地形限制题型,转弯停留循环设置,参数设置,转弯;停留;循环;闭合,ground_station_exam_cases.csv
gskill_7a28e37546ee,gsec_f4ef1a6596d5,qbank_7cb07e6ab374,实操题库_地面站考试条件_2026H1_空域限制或地形限制题型.txt_150,2026H1,2026H1,空域限制或地形限制题型,几何图形航线规划,几何计算,边长,ground_station_exam_cases.csv
gskill_fbeb7282e2c7,gsec_f4ef1a6596d5,qbank_7cb07e6ab374,实操题库_地面站考试条件_2026H1_空域限制或地形限制题型.txt_150,2026H1,2026H1,空域限制或地形限制题型,起飞返航点定位,导航定位,起飞点,ground_station_exam_cases.csv
gskill_be6235768361,gsec_f4ef1a6596d5,qbank_7cb07e6ab374,实操题库_地面站考试条件_2026H1_空域限制或地形限制题型.txt_150,2026H1,2026H1,空域限制或地形限制题型,题型:空域限制或地形限制,题型,空域限制或地形限制题型,ground_station_exam_cases.csv
gskill_3dde78642e05,gsec_dab1dee7b610,qbank_7cb07e6ab374,实操题库_地面站考试条件_2026H1_空域限制或地形限制题型.txt_151,2026H1,2026H1,空域限制或地形限制题型,经纬度换算,导航定位,经纬度;N:;E:;N;E,ground_station_exam_cases.csv
gskill_30ff22a60674,gsec_dab1dee7b610,qbank_7cb07e6ab374,实操题库_地面站考试条件_2026H1_空域限制或地形限制题型.txt_151,2026H1,2026H1,空域限制或地形限制题型,航向方位判断,导航定位,航向;SE;SW,ground_station_exam_cases.csv
gskill_f1b679c45604,gsec_dab1dee7b610,qbank_7cb07e6ab374,实操题库_地面站考试条件_2026H1_空域限制或地形限制题型.txt_151,2026H1,2026H1,空域限制或地形限制题型,夹角计算,几何计算,角,ground_station_exam_cases.csv
gskill_faff5751f55a,gsec_dab1dee7b610,qbank_7cb07e6ab374,实操题库_地面站考试条件_2026H1_空域限制或地形限制题型.txt_151,2026H1,2026H1,空域限制或地形限制题型,空域地形限制处理,限制绕飞,空域;限制,ground_station_exam_cases.csv
gskill_f4217f6189ea,gsec_dab1dee7b610,qbank_7cb07e6ab374,实操题库_地面站考试条件_2026H1_空域限制或地形限制题型.txt_151,2026H1,2026H1,空域限制或地形限制题型,速度高度参数设置,参数设置,高度;速度;m/s,ground_station_exam_cases.csv
gskill_d01cb3fda5d8,gsec_dab1dee7b610,qbank_7cb07e6ab374,实操题库_地面站考试条件_2026H1_空域限制或地形限制题型.txt_151,2026H1,2026H1,空域限制或地形限制题型,转弯停留循环设置,参数设置,转弯;停留;循环;闭合,ground_station_exam_cases.csv
gskill_2f7f657803c7,gsec_dab1dee7b610,qbank_7cb07e6ab374,实操题库_地面站考试条件_2026H1_空域限制或地形限制题型.txt_151,2026H1,2026H1,空域限制或地形限制题型,几何图形航线规划,几何计算,三角形;边长,ground_station_exam_cases.csv
gskill_0fd7cf4e11cf,gsec_dab1dee7b610,qbank_7cb07e6ab374,实操题库_地面站考试条件_2026H1_空域限制或地形限制题型.txt_151,2026H1,2026H1,空域限制或地形限制题型,起飞返航点定位,导航定位,起飞点,ground_station_exam_cases.csv
gskill_68a8b9cdf699,gsec_dab1dee7b610,qbank_7cb07e6ab374,实操题库_地面站考试条件_2026H1_空域限制或地形限制题型.txt_151,2026H1,2026H1,空域限制或地形限制题型,题型:空域限制或地形限制,题型,空域限制或地形限制题型,ground_station_exam_cases.csv
gskill_c4a4a0e990e3,gsec_85e428426ce0,qbank_7cb07e6ab374,实操题库_地面站考试条件_2026H1_空域限制或地形限制题型.txt_152,2026H1,2026H1,空域限制或地形限制题型,经纬度换算,导航定位,经纬度;N:;E:;N;E,ground_station_exam_cases.csv
gskill_14498c9f0f74,gsec_85e428426ce0,qbank_7cb07e6ab374,实操题库_地面站考试条件_2026H1_空域限制或地形限制题型.txt_152,2026H1,2026H1,空域限制或地形限制题型,航向方位判断,导航定位,航向;SE;SW,ground_station_exam_cases.csv
gskill_bb956f81cae9,gsec_85e428426ce0,qbank_7cb07e6ab374,实操题库_地面站考试条件_2026H1_空域限制或地形限制题型.txt_152,2026H1,2026H1,空域限制或地形限制题型,空域地形限制处理,限制绕飞,空域;限制,ground_station_exam_cases.csv
gskill_7877b7596b8c,gsec_85e428426ce0,qbank_7cb07e6ab374,实操题库_地面站考试条件_2026H1_空域限制或地形限制题型.txt_152,2026H1,2026H1,空域限制或地形限制题型,速度高度参数设置,参数设置,高度;速度;m/s,ground_station_exam_cases.csv
gskill_8fe29deda6bb,gsec_85e428426ce0,qbank_7cb07e6ab374,实操题库_地面站考试条件_2026H1_空域限制或地形限制题型.txt_152,2026H1,2026H1,空域限制或地形限制题型,转弯停留循环设置,参数设置,转弯;停留;循环;闭合,ground_station_exam_cases.csv
gskill_036eb19004f6,gsec_85e428426ce0,qbank_7cb07e6ab374,实操题库_地面站考试条件_2026H1_空域限制或地形限制题型.txt_152,2026H1,2026H1,空域限制或地形限制题型,几何图形航线规划,几何计算,边长,ground_station_exam_cases.csv
gskill_e557a5640732,gsec_85e428426ce0,qbank_7cb07e6ab374,实操题库_地面站考试条件_2026H1_空域限制或地形限制题型.txt_152,2026H1,2026H1,空域限制或地形限制题型,起飞返航点定位,导航定位,起飞点,ground_station_exam_cases.csv
gskill_a92310e18519,gsec_85e428426ce0,qbank_7cb07e6ab374,实操题库_地面站考试条件_2026H1_空域限制或地形限制题型.txt_152,2026H1,2026H1,空域限制或地形限制题型,题型:空域限制或地形限制,题型,空域限制或地形限制题型,ground_station_exam_cases.csv
gskill_192cb375f4f8,gsec_48aa0c29a858,qbank_7cb07e6ab374,实操题库_地面站考试条件_2026H1_空域限制或地形限制题型.txt_153,2026H1,2026H1,空域限制或地形限制题型,经纬度换算,导航定位,经纬度;N:;E:;N;E,ground_station_exam_cases.csv
gskill_ab6bced776ee,gsec_48aa0c29a858,qbank_7cb07e6ab374,实操题库_地面站考试条件_2026H1_空域限制或地形限制题型.txt_153,2026H1,2026H1,空域限制或地形限制题型,航向方位判断,导航定位,航向;NE;SW,ground_station_exam_cases.csv
gskill_c8f188f1b795,gsec_48aa0c29a858,qbank_7cb07e6ab374,实操题库_地面站考试条件_2026H1_空域限制或地形限制题型.txt_153,2026H1,2026H1,空域限制或地形限制题型,夹角计算,几何计算,角,ground_station_exam_cases.csv
gskill_56e933cd5ec6,gsec_48aa0c29a858,qbank_7cb07e6ab374,实操题库_地面站考试条件_2026H1_空域限制或地形限制题型.txt_153,2026H1,2026H1,空域限制或地形限制题型,空域地形限制处理,限制绕飞,空域;限制,ground_station_exam_cases.csv
gskill_1744615484da,gsec_48aa0c29a858,qbank_7cb07e6ab374,实操题库_地面站考试条件_2026H1_空域限制或地形限制题型.txt_153,2026H1,2026H1,空域限制或地形限制题型,速度高度参数设置,参数设置,高度;速度;m/s,ground_station_exam_cases.csv
gskill_f0bf606e129a,gsec_48aa0c29a858,qbank_7cb07e6ab374,实操题库_地面站考试条件_2026H1_空域限制或地形限制题型.txt_153,2026H1,2026H1,空域限制或地形限制题型,转弯停留循环设置,参数设置,转弯;停留;闭合,ground_station_exam_cases.csv
gskill_227fbaf3cd25,gsec_48aa0c29a858,qbank_7cb07e6ab374,实操题库_地面站考试条件_2026H1_空域限制或地形限制题型.txt_153,2026H1,2026H1,空域限制或地形限制题型,几何图形航线规划,几何计算,三角形;边长,ground_station_exam_cases.csv
gskill_41056c29634a,gsec_48aa0c29a858,qbank_7cb07e6ab374,实操题库_地面站考试条件_2026H1_空域限制或地形限制题型.txt_153,2026H1,2026H1,空域限制或地形限制题型,起飞返航点定位,导航定位,起飞点,ground_station_exam_cases.csv
gskill_0365e2f164f8,gsec_48aa0c29a858,qbank_7cb07e6ab374,实操题库_地面站考试条件_2026H1_空域限制或地形限制题型.txt_153,2026H1,2026H1,空域限制或地形限制题型,题型:空域限制或地形限制,题型,空域限制或地形限制题型,ground_station_exam_cases.csv
gskill_6a04d94b5b4e,gsec_17c86f08c323,qbank_7cb07e6ab374,实操题库_地面站考试条件_2026H1_空域限制或地形限制题型.txt_154,2026H1,2026H1,空域限制或地形限制题型,经纬度换算,导航定位,经纬度;N:;E:;N;E,ground_station_exam_cases.csv
gskill_6cbe4bdcacc8,gsec_17c86f08c323,qbank_7cb07e6ab374,实操题库_地面站考试条件_2026H1_空域限制或地形限制题型.txt_154,2026H1,2026H1,空域限制或地形限制题型,航向方位判断,导航定位,航向;方位,ground_station_exam_cases.csv
gskill_889aef01b847,gsec_17c86f08c323,qbank_7cb07e6ab374,实操题库_地面站考试条件_2026H1_空域限制或地形限制题型.txt_154,2026H1,2026H1,空域限制或地形限制题型,夹角计算,几何计算,∠,ground_station_exam_cases.csv
gskill_6c7b4e7aae84,gsec_17c86f08c323,qbank_7cb07e6ab374,实操题库_地面站考试条件_2026H1_空域限制或地形限制题型.txt_154,2026H1,2026H1,空域限制或地形限制题型,空域地形限制处理,限制绕飞,地形;限制,ground_station_exam_cases.csv
gskill_e24a1817b2ae,gsec_17c86f08c323,qbank_7cb07e6ab374,实操题库_地面站考试条件_2026H1_空域限制或地形限制题型.txt_154,2026H1,2026H1,空域限制或地形限制题型,速度高度参数设置,参数设置,高度;速度;m/s,ground_station_exam_cases.csv
gskill_b68253f31952,gsec_17c86f08c323,qbank_7cb07e6ab374,实操题库_地面站考试条件_2026H1_空域限制或地形限制题型.txt_154,2026H1,2026H1,空域限制或地形限制题型,转弯停留循环设置,参数设置,转弯;停留;循环;闭合,ground_station_exam_cases.csv
gskill_b49c8972f380,gsec_17c86f08c323,qbank_7cb07e6ab374,实操题库_地面站考试条件_2026H1_空域限制或地形限制题型.txt_154,2026H1,2026H1,空域限制或地形限制题型,几何图形航线规划,几何计算,边长,ground_station_exam_cases.csv
gskill_bd2e8bd07fde,gsec_17c86f08c323,qbank_7cb07e6ab374,实操题库_地面站考试条件_2026H1_空域限制或地形限制题型.txt_154,2026H1,2026H1,空域限制或地形限制题型,起飞返航点定位,导航定位,起飞点,ground_station_exam_cases.csv
gskill_2476dfdc6b8d,gsec_17c86f08c323,qbank_7cb07e6ab374,实操题库_地面站考试条件_2026H1_空域限制或地形限制题型.txt_154,2026H1,2026H1,空域限制或地形限制题型,题型:空域限制或地形限制,题型,空域限制或地形限制题型,ground_station_exam_cases.csv
gskill_57d0f091d581,gsec_5009b6df36dc,qbank_7cb07e6ab374,实操题库_地面站考试条件_2026H1_空域限制或地形限制题型.txt_155,2026H1,2026H1,空域限制或地形限制题型,经纬度换算,导航定位,经纬度;N:;E:;N;E,ground_station_exam_cases.csv
gskill_3aeda19799b7,gsec_5009b6df36dc,qbank_7cb07e6ab374,实操题库_地面站考试条件_2026H1_空域限制或地形限制题型.txt_155,2026H1,2026H1,空域限制或地形限制题型,航向方位判断,导航定位,航向;方位,ground_station_exam_cases.csv
gskill_f94c1a88096c,gsec_5009b6df36dc,qbank_7cb07e6ab374,实操题库_地面站考试条件_2026H1_空域限制或地形限制题型.txt_155,2026H1,2026H1,空域限制或地形限制题型,夹角计算,几何计算,∠,ground_station_exam_cases.csv
gskill_b9a86bbfa8be,gsec_5009b6df36dc,qbank_7cb07e6ab374,实操题库_地面站考试条件_2026H1_空域限制或地形限制题型.txt_155,2026H1,2026H1,空域限制或地形限制题型,空域地形限制处理,限制绕飞,空域;限制,ground_station_exam_cases.csv
gskill_e156c7fd34c2,gsec_5009b6df36dc,qbank_7cb07e6ab374,实操题库_地面站考试条件_2026H1_空域限制或地形限制题型.txt_155,2026H1,2026H1,空域限制或地形限制题型,速度高度参数设置,参数设置,高度;速度;m/s,ground_station_exam_cases.csv
gskill_0909d0c789d5,gsec_5009b6df36dc,qbank_7cb07e6ab374,实操题库_地面站考试条件_2026H1_空域限制或地形限制题型.txt_155,2026H1,2026H1,空域限制或地形限制题型,转弯停留循环设置,参数设置,转弯;停留;循环;闭合,ground_station_exam_cases.csv
gskill_0ec571260860,gsec_5009b6df36dc,qbank_7cb07e6ab374,实操题库_地面站考试条件_2026H1_空域限制或地形限制题型.txt_155,2026H1,2026H1,空域限制或地形限制题型,几何图形航线规划,几何计算,图形,ground_station_exam_cases.csv
gskill_cc44366c605c,gsec_5009b6df36dc,qbank_7cb07e6ab374,实操题库_地面站考试条件_2026H1_空域限制或地形限制题型.txt_155,2026H1,2026H1,空域限制或地形限制题型,起飞返航点定位,导航定位,起飞点,ground_station_exam_cases.csv
gskill_835920749ee7,gsec_5009b6df36dc,qbank_7cb07e6ab374,实操题库_地面站考试条件_2026H1_空域限制或地形限制题型.txt_155,2026H1,2026H1,空域限制或地形限制题型,题型:空域限制或地形限制,题型,空域限制或地形限制题型,ground_station_exam_cases.csv
gskill_c80e00a7d69c,gsec_95385d67e2f7,qbank_7cb07e6ab374,实操题库_地面站考试条件_2026H1_空域限制或地形限制题型.txt_156,2026H1,2026H1,空域限制或地形限制题型,经纬度换算,导航定位,经纬度;N:;E:;N;E,ground_station_exam_cases.csv
gskill_6c8742255088,gsec_95385d67e2f7,qbank_7cb07e6ab374,实操题库_地面站考试条件_2026H1_空域限制或地形限制题型.txt_156,2026H1,2026H1,空域限制或地形限制题型,航向方位判断,导航定位,航向;方位,ground_station_exam_cases.csv
gskill_5234c0cc803c,gsec_95385d67e2f7,qbank_7cb07e6ab374,实操题库_地面站考试条件_2026H1_空域限制或地形限制题型.txt_156,2026H1,2026H1,空域限制或地形限制题型,空域地形限制处理,限制绕飞,空域;限制,ground_station_exam_cases.csv
gskill_f05e1d5fd219,gsec_95385d67e2f7,qbank_7cb07e6ab374,实操题库_地面站考试条件_2026H1_空域限制或地形限制题型.txt_156,2026H1,2026H1,空域限制或地形限制题型,速度高度参数设置,参数设置,高度;速度;m/s,ground_station_exam_cases.csv
gskill_09e4e0e13793,gsec_95385d67e2f7,qbank_7cb07e6ab374,实操题库_地面站考试条件_2026H1_空域限制或地形限制题型.txt_156,2026H1,2026H1,空域限制或地形限制题型,转弯停留循环设置,参数设置,转弯;停留;循环;闭合,ground_station_exam_cases.csv
gskill_5e062aedfd65,gsec_95385d67e2f7,qbank_7cb07e6ab374,实操题库_地面站考试条件_2026H1_空域限制或地形限制题型.txt_156,2026H1,2026H1,空域限制或地形限制题型,起飞返航点定位,导航定位,起飞点,ground_station_exam_cases.csv
gskill_30847724953c,gsec_95385d67e2f7,qbank_7cb07e6ab374,实操题库_地面站考试条件_2026H1_空域限制或地形限制题型.txt_156,2026H1,2026H1,空域限制或地形限制题型,题型:空域限制或地形限制,题型,空域限制或地形限制题型,ground_station_exam_cases.csv
gskill_3dbf2562ea97,gsec_6e53d3a9b93c,qbank_7cb07e6ab374,实操题库_地面站考试条件_2026H1_空域限制或地形限制题型.txt_157,2026H1,2026H1,空域限制或地形限制题型,经纬度换算,导航定位,经纬度;N:;E:;N;E,ground_station_exam_cases.csv
gskill_5c6f77479308,gsec_6e53d3a9b93c,qbank_7cb07e6ab374,实操题库_地面站考试条件_2026H1_空域限制或地形限制题型.txt_157,2026H1,2026H1,空域限制或地形限制题型,航向方位判断,导航定位,航向;方位,ground_station_exam_cases.csv
gskill_d211326ade76,gsec_6e53d3a9b93c,qbank_7cb07e6ab374,实操题库_地面站考试条件_2026H1_空域限制或地形限制题型.txt_157,2026H1,2026H1,空域限制或地形限制题型,空域地形限制处理,限制绕飞,地形;限制,ground_station_exam_cases.csv
gskill_b760c23d31c9,gsec_6e53d3a9b93c,qbank_7cb07e6ab374,实操题库_地面站考试条件_2026H1_空域限制或地形限制题型.txt_157,2026H1,2026H1,空域限制或地形限制题型,速度高度参数设置,参数设置,高度;速度;m/s,ground_station_exam_cases.csv
gskill_1755e2fb1398,gsec_6e53d3a9b93c,qbank_7cb07e6ab374,实操题库_地面站考试条件_2026H1_空域限制或地形限制题型.txt_157,2026H1,2026H1,空域限制或地形限制题型,转弯停留循环设置,参数设置,转弯;停留;循环;闭合,ground_station_exam_cases.csv
gskill_23a43c4ed387,gsec_6e53d3a9b93c,qbank_7cb07e6ab374,实操题库_地面站考试条件_2026H1_空域限制或地形限制题型.txt_157,2026H1,2026H1,空域限制或地形限制题型,几何图形航线规划,几何计算,六边形;边长,ground_station_exam_cases.csv
gskill_b6ac8df5f35b,gsec_6e53d3a9b93c,qbank_7cb07e6ab374,实操题库_地面站考试条件_2026H1_空域限制或地形限制题型.txt_157,2026H1,2026H1,空域限制或地形限制题型,起飞返航点定位,导航定位,起飞点,ground_station_exam_cases.csv
gskill_f41786036e73,gsec_6e53d3a9b93c,qbank_7cb07e6ab374,实操题库_地面站考试条件_2026H1_空域限制或地形限制题型.txt_157,2026H1,2026H1,空域限制或地形限制题型,题型:空域限制或地形限制,题型,空域限制或地形限制题型,ground_station_exam_cases.csv
gskill_af8106e92431,gsec_c6f743d07bc5,qbank_7cb07e6ab374,实操题库_地面站考试条件_2026H1_空域限制或地形限制题型.txt_158,2026H1,2026H1,空域限制或地形限制题型,经纬度换算,导航定位,N;E,ground_station_exam_cases.csv
gskill_470cd28a50cc,gsec_c6f743d07bc5,qbank_7cb07e6ab374,实操题库_地面站考试条件_2026H1_空域限制或地形限制题型.txt_158,2026H1,2026H1,空域限制或地形限制题型,航向方位判断,导航定位,航向;方位;NE;NW,ground_station_exam_cases.csv
gskill_c612fd995399,gsec_c6f743d07bc5,qbank_7cb07e6ab374,实操题库_地面站考试条件_2026H1_空域限制或地形限制题型.txt_158,2026H1,2026H1,空域限制或地形限制题型,空域地形限制处理,限制绕飞,空域;限制,ground_station_exam_cases.csv
gskill_8570a8e1c3fd,gsec_c6f743d07bc5,qbank_7cb07e6ab374,实操题库_地面站考试条件_2026H1_空域限制或地形限制题型.txt_158,2026H1,2026H1,空域限制或地形限制题型,速度高度参数设置,参数设置,高度,ground_station_exam_cases.csv
gskill_032062ed2eae,gsec_c6f743d07bc5,qbank_7cb07e6ab374,实操题库_地面站考试条件_2026H1_空域限制或地形限制题型.txt_158,2026H1,2026H1,空域限制或地形限制题型,几何图形航线规划,几何计算,图形,ground_station_exam_cases.csv
gskill_ffdb883bcb74,gsec_c6f743d07bc5,qbank_7cb07e6ab374,实操题库_地面站考试条件_2026H1_空域限制或地形限制题型.txt_158,2026H1,2026H1,空域限制或地形限制题型,起飞返航点定位,导航定位,起飞点,ground_station_exam_cases.csv
gskill_f4cb2e3103a9,gsec_c6f743d07bc5,qbank_7cb07e6ab374,实操题库_地面站考试条件_2026H1_空域限制或地形限制题型.txt_158,2026H1,2026H1,空域限制或地形限制题型,题型:空域限制或地形限制,题型,空域限制或地形限制题型,ground_station_exam_cases.csv
gskill_95297a2a2258,gsec_863545596be7,qbank_7cb07e6ab374,实操题库_地面站考试条件_2026H1_空域限制或地形限制题型.txt_159,2026H1,2026H1,空域限制或地形限制题型,经纬度换算,导航定位,经纬度;N:;E:;N;E,ground_station_exam_cases.csv
gskill_dfab91fda8f6,gsec_863545596be7,qbank_7cb07e6ab374,实操题库_地面站考试条件_2026H1_空域限制或地形限制题型.txt_159,2026H1,2026H1,空域限制或地形限制题型,航向方位判断,导航定位,航向;SE;SW,ground_station_exam_cases.csv
gskill_c52b820c35a4,gsec_863545596be7,qbank_7cb07e6ab374,实操题库_地面站考试条件_2026H1_空域限制或地形限制题型.txt_159,2026H1,2026H1,空域限制或地形限制题型,夹角计算,几何计算,角,ground_station_exam_cases.csv
gskill_f2219f49007c,gsec_863545596be7,qbank_7cb07e6ab374,实操题库_地面站考试条件_2026H1_空域限制或地形限制题型.txt_159,2026H1,2026H1,空域限制或地形限制题型,空域地形限制处理,限制绕飞,限制,ground_station_exam_cases.csv
gskill_c112582ec4b4,gsec_863545596be7,qbank_7cb07e6ab374,实操题库_地面站考试条件_2026H1_空域限制或地形限制题型.txt_159,2026H1,2026H1,空域限制或地形限制题型,速度高度参数设置,参数设置,高度;速度;m/s,ground_station_exam_cases.csv
gskill_e8f99268e446,gsec_863545596be7,qbank_7cb07e6ab374,实操题库_地面站考试条件_2026H1_空域限制或地形限制题型.txt_159,2026H1,2026H1,空域限制或地形限制题型,转弯停留循环设置,参数设置,转弯;停留;循环;闭合,ground_station_exam_cases.csv
gskill_66da1feefdd1,gsec_863545596be7,qbank_7cb07e6ab374,实操题库_地面站考试条件_2026H1_空域限制或地形限制题型.txt_159,2026H1,2026H1,空域限制或地形限制题型,几何图形航线规划,几何计算,三角形;边长,ground_station_exam_cases.csv
gskill_7f90420e768f,gsec_863545596be7,qbank_7cb07e6ab374,实操题库_地面站考试条件_2026H1_空域限制或地形限制题型.txt_159,2026H1,2026H1,空域限制或地形限制题型,起飞返航点定位,导航定位,起飞点,ground_station_exam_cases.csv
gskill_fa0deae1c95a,gsec_863545596be7,qbank_7cb07e6ab374,实操题库_地面站考试条件_2026H1_空域限制或地形限制题型.txt_159,2026H1,2026H1,空域限制或地形限制题型,题型:空域限制或地形限制,题型,空域限制或地形限制题型,ground_station_exam_cases.csv
gskill_4c3dc52f83ec,gsec_db4de292475b,qbank_7cb07e6ab374,实操题库_地面站考试条件_2026H1_空域限制或地形限制题型.txt_160,2026H1,2026H1,空域限制或地形限制题型,经纬度换算,导航定位,经纬度;N:;E:;N;E,ground_station_exam_cases.csv
gskill_4ec831f554c1,gsec_db4de292475b,qbank_7cb07e6ab374,实操题库_地面站考试条件_2026H1_空域限制或地形限制题型.txt_160,2026H1,2026H1,空域限制或地形限制题型,航向方位判断,导航定位,航向;SE,ground_station_exam_cases.csv
gskill_9fb8ed07c763,gsec_db4de292475b,qbank_7cb07e6ab374,实操题库_地面站考试条件_2026H1_空域限制或地形限制题型.txt_160,2026H1,2026H1,空域限制或地形限制题型,夹角计算,几何计算,∠,ground_station_exam_cases.csv
gskill_2533e8313703,gsec_db4de292475b,qbank_7cb07e6ab374,实操题库_地面站考试条件_2026H1_空域限制或地形限制题型.txt_160,2026H1,2026H1,空域限制或地形限制题型,空域地形限制处理,限制绕飞,空域;限制,ground_station_exam_cases.csv
gskill_e0b482d32836,gsec_db4de292475b,qbank_7cb07e6ab374,实操题库_地面站考试条件_2026H1_空域限制或地形限制题型.txt_160,2026H1,2026H1,空域限制或地形限制题型,速度高度参数设置,参数设置,高度;速度;m/s,ground_station_exam_cases.csv
gskill_d9e58842ec4a,gsec_db4de292475b,qbank_7cb07e6ab374,实操题库_地面站考试条件_2026H1_空域限制或地形限制题型.txt_160,2026H1,2026H1,空域限制或地形限制题型,转弯停留循环设置,参数设置,转弯;停留;循环;闭合,ground_station_exam_cases.csv
gskill_ef59f7dcae5a,gsec_db4de292475b,qbank_7cb07e6ab374,实操题库_地面站考试条件_2026H1_空域限制或地形限制题型.txt_160,2026H1,2026H1,空域限制或地形限制题型,几何图形航线规划,几何计算,边长,ground_station_exam_cases.csv
gskill_fb82d9d3986e,gsec_db4de292475b,qbank_7cb07e6ab374,实操题库_地面站考试条件_2026H1_空域限制或地形限制题型.txt_160,2026H1,2026H1,空域限制或地形限制题型,起飞返航点定位,导航定位,起飞点,ground_station_exam_cases.csv
gskill_1fbb889362f9,gsec_db4de292475b,qbank_7cb07e6ab374,实操题库_地面站考试条件_2026H1_空域限制或地形限制题型.txt_160,2026H1,2026H1,空域限制或地形限制题型,题型:空域限制或地形限制,题型,空域限制或地形限制题型,ground_station_exam_cases.csv
gskill_b87eac0affbf,gsec_22325b0d82c5,qbank_7cb07e6ab374,实操题库_地面站考试条件_2026H1_空域限制或地形限制题型.txt_161,2026H1,2026H1,空域限制或地形限制题型,经纬度换算,导航定位,经纬度;N:;E:;N;E,ground_station_exam_cases.csv
gskill_a6009271e865,gsec_22325b0d82c5,qbank_7cb07e6ab374,实操题库_地面站考试条件_2026H1_空域限制或地形限制题型.txt_161,2026H1,2026H1,空域限制或地形限制题型,航向方位判断,导航定位,NE;SE,ground_station_exam_cases.csv
gskill_86d46c031474,gsec_22325b0d82c5,qbank_7cb07e6ab374,实操题库_地面站考试条件_2026H1_空域限制或地形限制题型.txt_161,2026H1,2026H1,空域限制或地形限制题型,避让点规划,限制绕飞,避让,ground_station_exam_cases.csv
gskill_d3d67f3671a9,gsec_22325b0d82c5,qbank_7cb07e6ab374,实操题库_地面站考试条件_2026H1_空域限制或地形限制题型.txt_161,2026H1,2026H1,空域限制或地形限制题型,空域地形限制处理,限制绕飞,空域;限制,ground_station_exam_cases.csv
gskill_2b36180fbf01,gsec_22325b0d82c5,qbank_7cb07e6ab374,实操题库_地面站考试条件_2026H1_空域限制或地形限制题型.txt_161,2026H1,2026H1,空域限制或地形限制题型,速度高度参数设置,参数设置,高度;速度;m/s,ground_station_exam_cases.csv
gskill_c1e90089b700,gsec_22325b0d82c5,qbank_7cb07e6ab374,实操题库_地面站考试条件_2026H1_空域限制或地形限制题型.txt_161,2026H1,2026H1,空域限制或地形限制题型,转弯停留循环设置,参数设置,转弯;停留;循环;闭合,ground_station_exam_cases.csv
gskill_35555ea18178,gsec_22325b0d82c5,qbank_7cb07e6ab374,实操题库_地面站考试条件_2026H1_空域限制或地形限制题型.txt_161,2026H1,2026H1,空域限制或地形限制题型,几何图形航线规划,几何计算,六边形;边长;图形,ground_station_exam_cases.csv
gskill_8ad71c2f8f4e,gsec_22325b0d82c5,qbank_7cb07e6ab374,实操题库_地面站考试条件_2026H1_空域限制或地形限制题型.txt_161,2026H1,2026H1,空域限制或地形限制题型,题型:空域限制或地形限制,题型,空域限制或地形限制题型,ground_station_exam_cases.csv
gskill_38527605ed9f,gsec_c233a7bfb2e5,qbank_7cb07e6ab374,实操题库_地面站考试条件_2026H1_空域限制或地形限制题型.txt_162,2026H1,2026H1,空域限制或地形限制题型,航向方位判断,导航定位,正东,ground_station_exam_cases.csv
gskill_2968ca524b93,gsec_c233a7bfb2e5,qbank_7cb07e6ab374,实操题库_地面站考试条件_2026H1_空域限制或地形限制题型.txt_162,2026H1,2026H1,空域限制或地形限制题型,夹角计算,几何计算,角,ground_station_exam_cases.csv
gskill_9b32b932bab0,gsec_c233a7bfb2e5,qbank_7cb07e6ab374,实操题库_地面站考试条件_2026H1_空域限制或地形限制题型.txt_162,2026H1,2026H1,空域限制或地形限制题型,速度高度参数设置,参数设置,速度;m/s,ground_station_exam_cases.csv
gskill_f497f72f58bf,gsec_c233a7bfb2e5,qbank_7cb07e6ab374,实操题库_地面站考试条件_2026H1_空域限制或地形限制题型.txt_162,2026H1,2026H1,空域限制或地形限制题型,转弯停留循环设置,参数设置,转弯;停留,ground_station_exam_cases.csv
gskill_2c88e74db99c,gsec_c233a7bfb2e5,qbank_7cb07e6ab374,实操题库_地面站考试条件_2026H1_空域限制或地形限制题型.txt_162,2026H1,2026H1,空域限制或地形限制题型,几何图形航线规划,几何计算,三角形;边长,ground_station_exam_cases.csv
gskill_60e0b2c3639b,gsec_c233a7bfb2e5,qbank_7cb07e6ab374,实操题库_地面站考试条件_2026H1_空域限制或地形限制题型.txt_162,2026H1,2026H1,空域限制或地形限制题型,起飞返航点定位,导航定位,起飞点,ground_station_exam_cases.csv
gskill_f3250cac80f8,gsec_c233a7bfb2e5,qbank_7cb07e6ab374,实操题库_地面站考试条件_2026H1_空域限制或地形限制题型.txt_162,2026H1,2026H1,空域限制或地形限制题型,题型:空域限制或地形限制,题型,空域限制或地形限制题型,ground_station_exam_cases.csv
gskill_225c0c6fe2af,gsec_4c128dc19973,qbank_7cb07e6ab374,实操题库_地面站考试条件_2026H1_空域限制或地形限制题型.txt_163,2026H1,2026H1,空域限制或地形限制题型,经纬度换算,导航定位,N;E,ground_station_exam_cases.csv
gskill_6ca9112ecaa9,gsec_4c128dc19973,qbank_7cb07e6ab374,实操题库_地面站考试条件_2026H1_空域限制或地形限制题型.txt_163,2026H1,2026H1,空域限制或地形限制题型,航向方位判断,导航定位,航向;SE;SW,ground_station_exam_cases.csv
gskill_dacdb5569491,gsec_4c128dc19973,qbank_7cb07e6ab374,实操题库_地面站考试条件_2026H1_空域限制或地形限制题型.txt_163,2026H1,2026H1,空域限制或地形限制题型,夹角计算,几何计算,角,ground_station_exam_cases.csv
gskill_959ef9cf4208,gsec_4c128dc19973,qbank_7cb07e6ab374,实操题库_地面站考试条件_2026H1_空域限制或地形限制题型.txt_163,2026H1,2026H1,空域限制或地形限制题型,速度高度参数设置,参数设置,高度;速度,ground_station_exam_cases.csv
gskill_4980238ef77e,gsec_4c128dc19973,qbank_7cb07e6ab374,实操题库_地面站考试条件_2026H1_空域限制或地形限制题型.txt_163,2026H1,2026H1,空域限制或地形限制题型,转弯停留循环设置,参数设置,转弯;停留;循环;闭合,ground_station_exam_cases.csv
gskill_3501b19b74fa,gsec_4c128dc19973,qbank_7cb07e6ab374,实操题库_地面站考试条件_2026H1_空域限制或地形限制题型.txt_163,2026H1,2026H1,空域限制或地形限制题型,几何图形航线规划,几何计算,图形,ground_station_exam_cases.csv
gskill_3ffa7dfd5564,gsec_4c128dc19973,qbank_7cb07e6ab374,实操题库_地面站考试条件_2026H1_空域限制或地形限制题型.txt_163,2026H1,2026H1,空域限制或地形限制题型,起飞返航点定位,导航定位,起飞点,ground_station_exam_cases.csv
gskill_ea286f974948,gsec_4c128dc19973,qbank_7cb07e6ab374,实操题库_地面站考试条件_2026H1_空域限制或地形限制题型.txt_163,2026H1,2026H1,空域限制或地形限制题型,题型:空域限制或地形限制,题型,空域限制或地形限制题型,ground_station_exam_cases.csv
gskill_31d9e2526ad2,gsec_eab9f8f48c73,qbank_7cb07e6ab374,实操题库_地面站考试条件_2026H1_空域限制或地形限制题型.txt_164,2026H1,2026H1,空域限制或地形限制题型,经纬度换算,导航定位,经纬度;N:;E:;N;E,ground_station_exam_cases.csv
gskill_05be5936d1b1,gsec_eab9f8f48c73,qbank_7cb07e6ab374,实操题库_地面站考试条件_2026H1_空域限制或地形限制题型.txt_164,2026H1,2026H1,空域限制或地形限制题型,航向方位判断,导航定位,航向;正东;NW,ground_station_exam_cases.csv
gskill_188c61cf6ca3,gsec_eab9f8f48c73,qbank_7cb07e6ab374,实操题库_地面站考试条件_2026H1_空域限制或地形限制题型.txt_164,2026H1,2026H1,空域限制或地形限制题型,夹角计算,几何计算,角,ground_station_exam_cases.csv
gskill_198dbb097e60,gsec_eab9f8f48c73,qbank_7cb07e6ab374,实操题库_地面站考试条件_2026H1_空域限制或地形限制题型.txt_164,2026H1,2026H1,空域限制或地形限制题型,空域地形限制处理,限制绕飞,空域;限制,ground_station_exam_cases.csv
gskill_5bdf48121b53,gsec_eab9f8f48c73,qbank_7cb07e6ab374,实操题库_地面站考试条件_2026H1_空域限制或地形限制题型.txt_164,2026H1,2026H1,空域限制或地形限制题型,速度高度参数设置,参数设置,高度;速度;m/s,ground_station_exam_cases.csv
gskill_b4ec62519fa9,gsec_eab9f8f48c73,qbank_7cb07e6ab374,实操题库_地面站考试条件_2026H1_空域限制或地形限制题型.txt_164,2026H1,2026H1,空域限制或地形限制题型,转弯停留循环设置,参数设置,转弯;停留;循环,ground_station_exam_cases.csv
gskill_2ee5b842ad5e,gsec_eab9f8f48c73,qbank_7cb07e6ab374,实操题库_地面站考试条件_2026H1_空域限制或地形限制题型.txt_164,2026H1,2026H1,空域限制或地形限制题型,几何图形航线规划,几何计算,三角形;边长;图形,ground_station_exam_cases.csv
gskill_e04b0374c70e,gsec_eab9f8f48c73,qbank_7cb07e6ab374,实操题库_地面站考试条件_2026H1_空域限制或地形限制题型.txt_164,2026H1,2026H1,空域限制或地形限制题型,起飞返航点定位,导航定位,起飞点,ground_station_exam_cases.csv
gskill_306eb17b4290,gsec_eab9f8f48c73,qbank_7cb07e6ab374,实操题库_地面站考试条件_2026H1_空域限制或地形限制题型.txt_164,2026H1,2026H1,空域限制或地形限制题型,题型:空域限制或地形限制,题型,空域限制或地形限制题型,ground_station_exam_cases.csv
gskill_cce32e1a2dcb,gsec_19ecdb418296,qbank_7cb07e6ab374,实操题库_地面站考试条件_2026H1_空域限制或地形限制题型.txt_165,2026H1,2026H1,空域限制或地形限制题型,经纬度换算,导航定位,经纬度;N:;E:;N;E,ground_station_exam_cases.csv
gskill_0709a02e26b0,gsec_19ecdb418296,qbank_7cb07e6ab374,实操题库_地面站考试条件_2026H1_空域限制或地形限制题型.txt_165,2026H1,2026H1,空域限制或地形限制题型,航向方位判断,导航定位,NW;SE;SW,ground_station_exam_cases.csv
gskill_59edcd6a77a2,gsec_19ecdb418296,qbank_7cb07e6ab374,实操题库_地面站考试条件_2026H1_空域限制或地形限制题型.txt_165,2026H1,2026H1,空域限制或地形限制题型,空域地形限制处理,限制绕飞,空域;限制,ground_station_exam_cases.csv
gskill_7ab82044ba02,gsec_19ecdb418296,qbank_7cb07e6ab374,实操题库_地面站考试条件_2026H1_空域限制或地形限制题型.txt_165,2026H1,2026H1,空域限制或地形限制题型,速度高度参数设置,参数设置,高度;速度;m/s,ground_station_exam_cases.csv
gskill_14f7f8879393,gsec_19ecdb418296,qbank_7cb07e6ab374,实操题库_地面站考试条件_2026H1_空域限制或地形限制题型.txt_165,2026H1,2026H1,空域限制或地形限制题型,转弯停留循环设置,参数设置,转弯;停留;循环;闭合,ground_station_exam_cases.csv
gskill_de4f7c5a32cb,gsec_19ecdb418296,qbank_7cb07e6ab374,实操题库_地面站考试条件_2026H1_空域限制或地形限制题型.txt_165,2026H1,2026H1,空域限制或地形限制题型,几何图形航线规划,几何计算,边长,ground_station_exam_cases.csv
gskill_2783e6b0ddfb,gsec_19ecdb418296,qbank_7cb07e6ab374,实操题库_地面站考试条件_2026H1_空域限制或地形限制题型.txt_165,2026H1,2026H1,空域限制或地形限制题型,起飞返航点定位,导航定位,起飞点,ground_station_exam_cases.csv
gskill_1e792187423d,gsec_19ecdb418296,qbank_7cb07e6ab374,实操题库_地面站考试条件_2026H1_空域限制或地形限制题型.txt_165,2026H1,2026H1,空域限制或地形限制题型,题型:空域限制或地形限制,题型,空域限制或地形限制题型,ground_station_exam_cases.csv
gskill_2323fa2143e4,gsec_e23e5fd52110,qbank_7cb07e6ab374,实操题库_地面站考试条件_2026H1_空域限制或地形限制题型.txt_166,2026H1,2026H1,空域限制或地形限制题型,经纬度换算,导航定位,经纬度;N:;E:;N;E,ground_station_exam_cases.csv
gskill_80f9ba996fe0,gsec_e23e5fd52110,qbank_7cb07e6ab374,实操题库_地面站考试条件_2026H1_空域限制或地形限制题型.txt_166,2026H1,2026H1,空域限制或地形限制题型,航向方位判断,导航定位,航向;SE;SW,ground_station_exam_cases.csv
gskill_08e166de24b0,gsec_e23e5fd52110,qbank_7cb07e6ab374,实操题库_地面站考试条件_2026H1_空域限制或地形限制题型.txt_166,2026H1,2026H1,空域限制或地形限制题型,夹角计算,几何计算,角,ground_station_exam_cases.csv
gskill_0520d8618e4d,gsec_e23e5fd52110,qbank_7cb07e6ab374,实操题库_地面站考试条件_2026H1_空域限制或地形限制题型.txt_166,2026H1,2026H1,空域限制或地形限制题型,空域地形限制处理,限制绕飞,空域;限制,ground_station_exam_cases.csv
gskill_5c2043745e1a,gsec_e23e5fd52110,qbank_7cb07e6ab374,实操题库_地面站考试条件_2026H1_空域限制或地形限制题型.txt_166,2026H1,2026H1,空域限制或地形限制题型,速度高度参数设置,参数设置,高度;速度;m/s,ground_station_exam_cases.csv
gskill_2359e0421732,gsec_e23e5fd52110,qbank_7cb07e6ab374,实操题库_地面站考试条件_2026H1_空域限制或地形限制题型.txt_166,2026H1,2026H1,空域限制或地形限制题型,转弯停留循环设置,参数设置,转弯;停留;循环;闭合,ground_station_exam_cases.csv
gskill_4086216309a1,gsec_e23e5fd52110,qbank_7cb07e6ab374,实操题库_地面站考试条件_2026H1_空域限制或地形限制题型.txt_166,2026H1,2026H1,空域限制或地形限制题型,几何图形航线规划,几何计算,三角形;边长,ground_station_exam_cases.csv
gskill_034fa10322c9,gsec_e23e5fd52110,qbank_7cb07e6ab374,实操题库_地面站考试条件_2026H1_空域限制或地形限制题型.txt_166,2026H1,2026H1,空域限制或地形限制题型,起飞返航点定位,导航定位,起飞点,ground_station_exam_cases.csv
gskill_e7a1101d63cb,gsec_e23e5fd52110,qbank_7cb07e6ab374,实操题库_地面站考试条件_2026H1_空域限制或地形限制题型.txt_166,2026H1,2026H1,空域限制或地形限制题型,题型:空域限制或地形限制,题型,空域限制或地形限制题型,ground_station_exam_cases.csv
gskill_51c7de988685,gsec_1f5361ea2bc0,qbank_7cb07e6ab374,实操题库_地面站考试条件_2026H1_空域限制或地形限制题型.txt_167,2026H1,2026H1,空域限制或地形限制题型,经纬度换算,导航定位,经纬度;N:;E:;N;E,ground_station_exam_cases.csv
gskill_61795b4a0425,gsec_1f5361ea2bc0,qbank_7cb07e6ab374,实操题库_地面站考试条件_2026H1_空域限制或地形限制题型.txt_167,2026H1,2026H1,空域限制或地形限制题型,航向方位判断,导航定位,航向;NE;SE;SW,ground_station_exam_cases.csv
gskill_f81f67665568,gsec_1f5361ea2bc0,qbank_7cb07e6ab374,实操题库_地面站考试条件_2026H1_空域限制或地形限制题型.txt_167,2026H1,2026H1,空域限制或地形限制题型,空域地形限制处理,限制绕飞,限制,ground_station_exam_cases.csv
gskill_11caafad9774,gsec_1f5361ea2bc0,qbank_7cb07e6ab374,实操题库_地面站考试条件_2026H1_空域限制或地形限制题型.txt_167,2026H1,2026H1,空域限制或地形限制题型,速度高度参数设置,参数设置,高度;速度;m/s,ground_station_exam_cases.csv
gskill_82c896904d34,gsec_1f5361ea2bc0,qbank_7cb07e6ab374,实操题库_地面站考试条件_2026H1_空域限制或地形限制题型.txt_167,2026H1,2026H1,空域限制或地形限制题型,转弯停留循环设置,参数设置,转弯;停留;循环;闭合,ground_station_exam_cases.csv
gskill_884fc8623f53,gsec_1f5361ea2bc0,qbank_7cb07e6ab374,实操题库_地面站考试条件_2026H1_空域限制或地形限制题型.txt_167,2026H1,2026H1,空域限制或地形限制题型,几何图形航线规划,几何计算,六边形;边长,ground_station_exam_cases.csv
gskill_bc1ecb1cfd7f,gsec_1f5361ea2bc0,qbank_7cb07e6ab374,实操题库_地面站考试条件_2026H1_空域限制或地形限制题型.txt_167,2026H1,2026H1,空域限制或地形限制题型,起飞返航点定位,导航定位,起飞点,ground_station_exam_cases.csv
gskill_deda3e1a6b2f,gsec_1f5361ea2bc0,qbank_7cb07e6ab374,实操题库_地面站考试条件_2026H1_空域限制或地形限制题型.txt_167,2026H1,2026H1,空域限制或地形限制题型,题型:空域限制或地形限制,题型,空域限制或地形限制题型,ground_station_exam_cases.csv
gskill_6209deecfa14,gsec_d2ff41489333,qbank_7cb07e6ab374,实操题库_地面站考试条件_2026H1_空域限制或地形限制题型.txt_168,2026H1,2026H1,空域限制或地形限制题型,经纬度换算,导航定位,坐标;N;E,ground_station_exam_cases.csv
gskill_28828b193e6b,gsec_d2ff41489333,qbank_7cb07e6ab374,实操题库_地面站考试条件_2026H1_空域限制或地形限制题型.txt_168,2026H1,2026H1,空域限制或地形限制题型,航向方位判断,导航定位,航向;SE;SW,ground_station_exam_cases.csv
gskill_ec204850ee19,gsec_d2ff41489333,qbank_7cb07e6ab374,实操题库_地面站考试条件_2026H1_空域限制或地形限制题型.txt_168,2026H1,2026H1,空域限制或地形限制题型,夹角计算,几何计算,∠;角,ground_station_exam_cases.csv
gskill_0543c1057f4a,gsec_d2ff41489333,qbank_7cb07e6ab374,实操题库_地面站考试条件_2026H1_空域限制或地形限制题型.txt_168,2026H1,2026H1,空域限制或地形限制题型,速度高度参数设置,参数设置,高度;速度,ground_station_exam_cases.csv
gskill_c2d1eb857dc5,gsec_d2ff41489333,qbank_7cb07e6ab374,实操题库_地面站考试条件_2026H1_空域限制或地形限制题型.txt_168,2026H1,2026H1,空域限制或地形限制题型,转弯停留循环设置,参数设置,转弯;停留;循环;闭合,ground_station_exam_cases.csv
gskill_0e702aa473b0,gsec_d2ff41489333,qbank_7cb07e6ab374,实操题库_地面站考试条件_2026H1_空域限制或地形限制题型.txt_168,2026H1,2026H1,空域限制或地形限制题型,几何图形航线规划,几何计算,图形,ground_station_exam_cases.csv
gskill_9c8d03b91315,gsec_d2ff41489333,qbank_7cb07e6ab374,实操题库_地面站考试条件_2026H1_空域限制或地形限制题型.txt_168,2026H1,2026H1,空域限制或地形限制题型,起飞返航点定位,导航定位,起飞点,ground_station_exam_cases.csv
gskill_536dbf35c401,gsec_d2ff41489333,qbank_7cb07e6ab374,实操题库_地面站考试条件_2026H1_空域限制或地形限制题型.txt_168,2026H1,2026H1,空域限制或地形限制题型,题型:空域限制或地形限制,题型,空域限制或地形限制题型,ground_station_exam_cases.csv
gskill_64aad3c2443a,gsec_7f0dbb3fec37,qbank_7cb07e6ab374,实操题库_地面站考试条件_2026H1_空域限制或地形限制题型.txt_169,2026H1,2026H1,空域限制或地形限制题型,经纬度换算,导航定位,经纬度;N:;E:;N;E,ground_station_exam_cases.csv
gskill_37fe3e5f2f6f,gsec_7f0dbb3fec37,qbank_7cb07e6ab374,实操题库_地面站考试条件_2026H1_空域限制或地形限制题型.txt_169,2026H1,2026H1,空域限制或地形限制题型,航向方位判断,导航定位,航向,ground_station_exam_cases.csv
gskill_7df634e06531,gsec_7f0dbb3fec37,qbank_7cb07e6ab374,实操题库_地面站考试条件_2026H1_空域限制或地形限制题型.txt_169,2026H1,2026H1,空域限制或地形限制题型,空域地形限制处理,限制绕飞,空域;限制,ground_station_exam_cases.csv
gskill_dcf387baaa74,gsec_7f0dbb3fec37,qbank_7cb07e6ab374,实操题库_地面站考试条件_2026H1_空域限制或地形限制题型.txt_169,2026H1,2026H1,空域限制或地形限制题型,速度高度参数设置,参数设置,高度;速度;m/s,ground_station_exam_cases.csv
gskill_63f361eb608e,gsec_7f0dbb3fec37,qbank_7cb07e6ab374,实操题库_地面站考试条件_2026H1_空域限制或地形限制题型.txt_169,2026H1,2026H1,空域限制或地形限制题型,转弯停留循环设置,参数设置,转弯;停留;循环;闭合;不循环,ground_station_exam_cases.csv
gskill_2a8bf736b9a2,gsec_7f0dbb3fec37,qbank_7cb07e6ab374,实操题库_地面站考试条件_2026H1_空域限制或地形限制题型.txt_169,2026H1,2026H1,空域限制或地形限制题型,几何图形航线规划,几何计算,边长,ground_station_exam_cases.csv
gskill_2fc3aa5ae20f,gsec_7f0dbb3fec37,qbank_7cb07e6ab374,实操题库_地面站考试条件_2026H1_空域限制或地形限制题型.txt_169,2026H1,2026H1,空域限制或地形限制题型,起飞返航点定位,导航定位,起飞点,ground_station_exam_cases.csv
gskill_14b748446a72,gsec_7f0dbb3fec37,qbank_7cb07e6ab374,实操题库_地面站考试条件_2026H1_空域限制或地形限制题型.txt_169,2026H1,2026H1,空域限制或地形限制题型,题型:空域限制或地形限制,题型,空域限制或地形限制题型,ground_station_exam_cases.csv
gskill_3d8392d58d62,gsec_27c585707495,qbank_7cb07e6ab374,实操题库_地面站考试条件_2026H1_空域限制或地形限制题型.txt_170,2026H1,2026H1,空域限制或地形限制题型,经纬度换算,导航定位,经纬度;N:;E:;N;E,ground_station_exam_cases.csv
gskill_3e9363a974e8,gsec_27c585707495,qbank_7cb07e6ab374,实操题库_地面站考试条件_2026H1_空域限制或地形限制题型.txt_170,2026H1,2026H1,空域限制或地形限制题型,航向方位判断,导航定位,航向;NW;SE,ground_station_exam_cases.csv
gskill_67aa763d62a6,gsec_27c585707495,qbank_7cb07e6ab374,实操题库_地面站考试条件_2026H1_空域限制或地形限制题型.txt_170,2026H1,2026H1,空域限制或地形限制题型,空域地形限制处理,限制绕飞,空域;限制,ground_station_exam_cases.csv
gskill_9f0b4286b2c0,gsec_27c585707495,qbank_7cb07e6ab374,实操题库_地面站考试条件_2026H1_空域限制或地形限制题型.txt_170,2026H1,2026H1,空域限制或地形限制题型,速度高度参数设置,参数设置,高度;速度;m/s,ground_station_exam_cases.csv
gskill_c01eb03224db,gsec_27c585707495,qbank_7cb07e6ab374,实操题库_地面站考试条件_2026H1_空域限制或地形限制题型.txt_170,2026H1,2026H1,空域限制或地形限制题型,转弯停留循环设置,参数设置,转弯;停留;循环;闭合,ground_station_exam_cases.csv
gskill_f3afb525552a,gsec_27c585707495,qbank_7cb07e6ab374,实操题库_地面站考试条件_2026H1_空域限制或地形限制题型.txt_170,2026H1,2026H1,空域限制或地形限制题型,几何图形航线规划,几何计算,边长,ground_station_exam_cases.csv
gskill_25ada50c9e35,gsec_27c585707495,qbank_7cb07e6ab374,实操题库_地面站考试条件_2026H1_空域限制或地形限制题型.txt_170,2026H1,2026H1,空域限制或地形限制题型,起飞返航点定位,导航定位,起飞点,ground_station_exam_cases.csv
gskill_bd42945e031c,gsec_27c585707495,qbank_7cb07e6ab374,实操题库_地面站考试条件_2026H1_空域限制或地形限制题型.txt_170,2026H1,2026H1,空域限制或地形限制题型,题型:空域限制或地形限制,题型,空域限制或地形限制题型,ground_station_exam_cases.csv
gskill_f5758ebaa23a,gsec_8070ffb032e1,qbank_7cb07e6ab374,实操题库_地面站考试条件_2026H1_空域限制或地形限制题型.txt_171,2026H1,2026H1,空域限制或地形限制题型,经纬度换算,导航定位,经纬度;N:;E:;N;E,ground_station_exam_cases.csv
gskill_ea3b74437fcd,gsec_8070ffb032e1,qbank_7cb07e6ab374,实操题库_地面站考试条件_2026H1_空域限制或地形限制题型.txt_171,2026H1,2026H1,空域限制或地形限制题型,航向方位判断,导航定位,航向;SE;SW,ground_station_exam_cases.csv
gskill_155662c1a3bc,gsec_8070ffb032e1,qbank_7cb07e6ab374,实操题库_地面站考试条件_2026H1_空域限制或地形限制题型.txt_171,2026H1,2026H1,空域限制或地形限制题型,夹角计算,几何计算,角,ground_station_exam_cases.csv
gskill_82eabe77c386,gsec_8070ffb032e1,qbank_7cb07e6ab374,实操题库_地面站考试条件_2026H1_空域限制或地形限制题型.txt_171,2026H1,2026H1,空域限制或地形限制题型,空域地形限制处理,限制绕飞,空域;限制,ground_station_exam_cases.csv
gskill_ed467d17d91b,gsec_8070ffb032e1,qbank_7cb07e6ab374,实操题库_地面站考试条件_2026H1_空域限制或地形限制题型.txt_171,2026H1,2026H1,空域限制或地形限制题型,速度高度参数设置,参数设置,高度;速度;m/s,ground_station_exam_cases.csv
gskill_e5360c5855a0,gsec_8070ffb032e1,qbank_7cb07e6ab374,实操题库_地面站考试条件_2026H1_空域限制或地形限制题型.txt_171,2026H1,2026H1,空域限制或地形限制题型,转弯停留循环设置,参数设置,转弯;停留;循环;闭合,ground_station_exam_cases.csv
gskill_848f11cdd323,gsec_8070ffb032e1,qbank_7cb07e6ab374,实操题库_地面站考试条件_2026H1_空域限制或地形限制题型.txt_171,2026H1,2026H1,空域限制或地形限制题型,几何图形航线规划,几何计算,三角形;边长,ground_station_exam_cases.csv
gskill_b08c37620adc,gsec_8070ffb032e1,qbank_7cb07e6ab374,实操题库_地面站考试条件_2026H1_空域限制或地形限制题型.txt_171,2026H1,2026H1,空域限制或地形限制题型,起飞返航点定位,导航定位,起飞点,ground_station_exam_cases.csv
gskill_b104aac1da1c,gsec_8070ffb032e1,qbank_7cb07e6ab374,实操题库_地面站考试条件_2026H1_空域限制或地形限制题型.txt_171,2026H1,2026H1,空域限制或地形限制题型,题型:空域限制或地形限制,题型,空域限制或地形限制题型,ground_station_exam_cases.csv
gskill_fbf338841668,gsec_1764da395ff0,qbank_7cb07e6ab374,实操题库_地面站考试条件_2026H1_空域限制或地形限制题型.txt_172,2026H1,2026H1,空域限制或地形限制题型,经纬度换算,导航定位,经纬度;N:;E:;N;E,ground_station_exam_cases.csv
gskill_4286103aa68f,gsec_1764da395ff0,qbank_7cb07e6ab374,实操题库_地面站考试条件_2026H1_空域限制或地形限制题型.txt_172,2026H1,2026H1,空域限制或地形限制题型,航向方位判断,导航定位,航向;SE;SW,ground_station_exam_cases.csv
gskill_492a774bc976,gsec_1764da395ff0,qbank_7cb07e6ab374,实操题库_地面站考试条件_2026H1_空域限制或地形限制题型.txt_172,2026H1,2026H1,空域限制或地形限制题型,空域地形限制处理,限制绕飞,空域;限制,ground_station_exam_cases.csv
gskill_34e5218f5ec8,gsec_1764da395ff0,qbank_7cb07e6ab374,实操题库_地面站考试条件_2026H1_空域限制或地形限制题型.txt_172,2026H1,2026H1,空域限制或地形限制题型,速度高度参数设置,参数设置,高度;速度;m/s,ground_station_exam_cases.csv
gskill_5b3c8172840b,gsec_1764da395ff0,qbank_7cb07e6ab374,实操题库_地面站考试条件_2026H1_空域限制或地形限制题型.txt_172,2026H1,2026H1,空域限制或地形限制题型,转弯停留循环设置,参数设置,转弯;停留;循环;闭合,ground_station_exam_cases.csv
gskill_d92792f0ed0a,gsec_1764da395ff0,qbank_7cb07e6ab374,实操题库_地面站考试条件_2026H1_空域限制或地形限制题型.txt_172,2026H1,2026H1,空域限制或地形限制题型,几何图形航线规划,几何计算,边长,ground_station_exam_cases.csv
gskill_f6f412245cd8,gsec_1764da395ff0,qbank_7cb07e6ab374,实操题库_地面站考试条件_2026H1_空域限制或地形限制题型.txt_172,2026H1,2026H1,空域限制或地形限制题型,起飞返航点定位,导航定位,起飞点,ground_station_exam_cases.csv
gskill_ada33f4605dc,gsec_1764da395ff0,qbank_7cb07e6ab374,实操题库_地面站考试条件_2026H1_空域限制或地形限制题型.txt_172,2026H1,2026H1,空域限制或地形限制题型,题型:空域限制或地形限制,题型,空域限制或地形限制题型,ground_station_exam_cases.csv
gskill_130751f2a8dd,gsec_31f78cc6506a,qbank_7cb07e6ab374,实操题库_地面站考试条件_2026H1_空域限制或地形限制题型.txt_173,2026H1,2026H1,空域限制或地形限制题型,经纬度换算,导航定位,经纬度;N:;E:;N;E,ground_station_exam_cases.csv
gskill_9b02b8848432,gsec_31f78cc6506a,qbank_7cb07e6ab374,实操题库_地面站考试条件_2026H1_空域限制或地形限制题型.txt_173,2026H1,2026H1,空域限制或地形限制题型,航向方位判断,导航定位,航向;NE;SW,ground_station_exam_cases.csv
gskill_d0e110568b49,gsec_31f78cc6506a,qbank_7cb07e6ab374,实操题库_地面站考试条件_2026H1_空域限制或地形限制题型.txt_173,2026H1,2026H1,空域限制或地形限制题型,夹角计算,几何计算,角,ground_station_exam_cases.csv
gskill_a1e5d13b53ce,gsec_31f78cc6506a,qbank_7cb07e6ab374,实操题库_地面站考试条件_2026H1_空域限制或地形限制题型.txt_173,2026H1,2026H1,空域限制或地形限制题型,空域地形限制处理,限制绕飞,空域;限制,ground_station_exam_cases.csv
gskill_4d3a8b92421d,gsec_31f78cc6506a,qbank_7cb07e6ab374,实操题库_地面站考试条件_2026H1_空域限制或地形限制题型.txt_173,2026H1,2026H1,空域限制或地形限制题型,速度高度参数设置,参数设置,高度;速度;m/s,ground_station_exam_cases.csv
gskill_5b94c2507bd6,gsec_31f78cc6506a,qbank_7cb07e6ab374,实操题库_地面站考试条件_2026H1_空域限制或地形限制题型.txt_173,2026H1,2026H1,空域限制或地形限制题型,转弯停留循环设置,参数设置,转弯;停留;闭合,ground_station_exam_cases.csv
gskill_2e9cb5905b21,gsec_31f78cc6506a,qbank_7cb07e6ab374,实操题库_地面站考试条件_2026H1_空域限制或地形限制题型.txt_173,2026H1,2026H1,空域限制或地形限制题型,几何图形航线规划,几何计算,三角形;边长,ground_station_exam_cases.csv
gskill_8ddad6d77668,gsec_31f78cc6506a,qbank_7cb07e6ab374,实操题库_地面站考试条件_2026H1_空域限制或地形限制题型.txt_173,2026H1,2026H1,空域限制或地形限制题型,起飞返航点定位,导航定位,起飞点,ground_station_exam_cases.csv
gskill_766b7cc15cd3,gsec_31f78cc6506a,qbank_7cb07e6ab374,实操题库_地面站考试条件_2026H1_空域限制或地形限制题型.txt_173,2026H1,2026H1,空域限制或地形限制题型,题型:空域限制或地形限制,题型,空域限制或地形限制题型,ground_station_exam_cases.csv
gskill_483c70ea558e,gsec_92264f7bef41,qbank_6fefd796641a,实操题库_地面站考试条件_2026H1_罗盘双坐标题型.txt_0,2026H1,2026H1,罗盘双坐标题型,经纬度换算,导航定位,经纬度;坐标;N:;E:;N;E,ground_station_exam_cases.csv
gskill_61efdf446e78,gsec_92264f7bef41,qbank_6fefd796641a,实操题库_地面站考试条件_2026H1_罗盘双坐标题型.txt_0,2026H1,2026H1,罗盘双坐标题型,航向方位判断,导航定位,方位;SW,ground_station_exam_cases.csv
gskill_88c9c10c6872,gsec_92264f7bef41,qbank_6fefd796641a,实操题库_地面站考试条件_2026H1_罗盘双坐标题型.txt_0,2026H1,2026H1,罗盘双坐标题型,夹角计算,几何计算,∠;角,ground_station_exam_cases.csv
gskill_cf72da4443a6,gsec_92264f7bef41,qbank_6fefd796641a,实操题库_地面站考试条件_2026H1_罗盘双坐标题型.txt_0,2026H1,2026H1,罗盘双坐标题型,速度高度参数设置,参数设置,高度;速度;m/s,ground_station_exam_cases.csv
gskill_507164707dc8,gsec_92264f7bef41,qbank_6fefd796641a,实操题库_地面站考试条件_2026H1_罗盘双坐标题型.txt_0,2026H1,2026H1,罗盘双坐标题型,转弯停留循环设置,参数设置,转弯;停留;循环,ground_station_exam_cases.csv
gskill_800181dcb7ba,gsec_92264f7bef41,qbank_6fefd796641a,实操题库_地面站考试条件_2026H1_罗盘双坐标题型.txt_0,2026H1,2026H1,罗盘双坐标题型,几何图形航线规划,几何计算,三角形;边长,ground_station_exam_cases.csv
gskill_e011a8c0b656,gsec_92264f7bef41,qbank_6fefd796641a,实操题库_地面站考试条件_2026H1_罗盘双坐标题型.txt_0,2026H1,2026H1,罗盘双坐标题型,起飞返航点定位,导航定位,起飞点,ground_station_exam_cases.csv
gskill_c97b694e1d34,gsec_92264f7bef41,qbank_6fefd796641a,实操题库_地面站考试条件_2026H1_罗盘双坐标题型.txt_0,2026H1,2026H1,罗盘双坐标题型,题型:罗盘双坐标,题型,罗盘双坐标题型,ground_station_exam_cases.csv
gskill_4798a2ebe5b4,gsec_c1d645617fe0,qbank_6fefd796641a,实操题库_地面站考试条件_2026H1_罗盘双坐标题型.txt_1,2026H1,2026H1,罗盘双坐标题型,经纬度换算,导航定位,经纬度;坐标;N:;E:;N;E,ground_station_exam_cases.csv
gskill_0fcdb7d13951,gsec_c1d645617fe0,qbank_6fefd796641a,实操题库_地面站考试条件_2026H1_罗盘双坐标题型.txt_1,2026H1,2026H1,罗盘双坐标题型,航向方位判断,导航定位,方位;SW,ground_station_exam_cases.csv
gskill_497afafb3a5e,gsec_c1d645617fe0,qbank_6fefd796641a,实操题库_地面站考试条件_2026H1_罗盘双坐标题型.txt_1,2026H1,2026H1,罗盘双坐标题型,夹角计算,几何计算,角,ground_station_exam_cases.csv
gskill_65fc54e79cb5,gsec_c1d645617fe0,qbank_6fefd796641a,实操题库_地面站考试条件_2026H1_罗盘双坐标题型.txt_1,2026H1,2026H1,罗盘双坐标题型,速度高度参数设置,参数设置,高度;速度;m/s,ground_station_exam_cases.csv
gskill_1c43c0068cc3,gsec_c1d645617fe0,qbank_6fefd796641a,实操题库_地面站考试条件_2026H1_罗盘双坐标题型.txt_1,2026H1,2026H1,罗盘双坐标题型,转弯停留循环设置,参数设置,转弯;停留;循环,ground_station_exam_cases.csv
gskill_94209ca0e0ff,gsec_c1d645617fe0,qbank_6fefd796641a,实操题库_地面站考试条件_2026H1_罗盘双坐标题型.txt_1,2026H1,2026H1,罗盘双坐标题型,几何图形航线规划,几何计算,三角形;边长,ground_station_exam_cases.csv
gskill_081b4bb3df67,gsec_c1d645617fe0,qbank_6fefd796641a,实操题库_地面站考试条件_2026H1_罗盘双坐标题型.txt_1,2026H1,2026H1,罗盘双坐标题型,起飞返航点定位,导航定位,起飞点,ground_station_exam_cases.csv
gskill_85659945ce8c,gsec_c1d645617fe0,qbank_6fefd796641a,实操题库_地面站考试条件_2026H1_罗盘双坐标题型.txt_1,2026H1,2026H1,罗盘双坐标题型,题型:罗盘双坐标,题型,罗盘双坐标题型,ground_station_exam_cases.csv
gskill_546fba12fa41,gsec_a82da208fa69,qbank_6fefd796641a,实操题库_地面站考试条件_2026H1_罗盘双坐标题型.txt_2,2026H1,2026H1,罗盘双坐标题型,经纬度换算,导航定位,经纬度;坐标;N:;E:;N;E,ground_station_exam_cases.csv
gskill_41ed3f7197f1,gsec_a82da208fa69,qbank_6fefd796641a,实操题库_地面站考试条件_2026H1_罗盘双坐标题型.txt_2,2026H1,2026H1,罗盘双坐标题型,航向方位判断,导航定位,方位;SW,ground_station_exam_cases.csv
gskill_e4d679231eb4,gsec_a82da208fa69,qbank_6fefd796641a,实操题库_地面站考试条件_2026H1_罗盘双坐标题型.txt_2,2026H1,2026H1,罗盘双坐标题型,夹角计算,几何计算,∠,ground_station_exam_cases.csv
gskill_f2e1a9c11510,gsec_a82da208fa69,qbank_6fefd796641a,实操题库_地面站考试条件_2026H1_罗盘双坐标题型.txt_2,2026H1,2026H1,罗盘双坐标题型,速度高度参数设置,参数设置,高度;速度;m/s,ground_station_exam_cases.csv
gskill_44852a2c7e41,gsec_a82da208fa69,qbank_6fefd796641a,实操题库_地面站考试条件_2026H1_罗盘双坐标题型.txt_2,2026H1,2026H1,罗盘双坐标题型,转弯停留循环设置,参数设置,转弯;停留;循环,ground_station_exam_cases.csv
gskill_d63c861ff9e2,gsec_a82da208fa69,qbank_6fefd796641a,实操题库_地面站考试条件_2026H1_罗盘双坐标题型.txt_2,2026H1,2026H1,罗盘双坐标题型,几何图形航线规划,几何计算,边长,ground_station_exam_cases.csv
gskill_581eac707c3e,gsec_a82da208fa69,qbank_6fefd796641a,实操题库_地面站考试条件_2026H1_罗盘双坐标题型.txt_2,2026H1,2026H1,罗盘双坐标题型,起飞返航点定位,导航定位,起飞点,ground_station_exam_cases.csv
gskill_11d1e50f0671,gsec_a82da208fa69,qbank_6fefd796641a,实操题库_地面站考试条件_2026H1_罗盘双坐标题型.txt_2,2026H1,2026H1,罗盘双坐标题型,题型:罗盘双坐标,题型,罗盘双坐标题型,ground_station_exam_cases.csv
gskill_e3fe92c73c17,gsec_1b5a135f1499,qbank_6fefd796641a,实操题库_地面站考试条件_2026H1_罗盘双坐标题型.txt_3,2026H1,2026H1,罗盘双坐标题型,经纬度换算,导航定位,经纬度;坐标;N:;E:;N;E,ground_station_exam_cases.csv
gskill_7f24d7b1c320,gsec_1b5a135f1499,qbank_6fefd796641a,实操题库_地面站考试条件_2026H1_罗盘双坐标题型.txt_3,2026H1,2026H1,罗盘双坐标题型,航向方位判断,导航定位,方位;SW,ground_station_exam_cases.csv
gskill_868ae87fc973,gsec_1b5a135f1499,qbank_6fefd796641a,实操题库_地面站考试条件_2026H1_罗盘双坐标题型.txt_3,2026H1,2026H1,罗盘双坐标题型,速度高度参数设置,参数设置,高度;速度;m/s,ground_station_exam_cases.csv
gskill_c2c9515b832f,gsec_1b5a135f1499,qbank_6fefd796641a,实操题库_地面站考试条件_2026H1_罗盘双坐标题型.txt_3,2026H1,2026H1,罗盘双坐标题型,转弯停留循环设置,参数设置,转弯;停留;循环;闭合,ground_station_exam_cases.csv
gskill_86f4dca404bf,gsec_1b5a135f1499,qbank_6fefd796641a,实操题库_地面站考试条件_2026H1_罗盘双坐标题型.txt_3,2026H1,2026H1,罗盘双坐标题型,几何图形航线规划,几何计算,图形,ground_station_exam_cases.csv
gskill_7f7346934d36,gsec_1b5a135f1499,qbank_6fefd796641a,实操题库_地面站考试条件_2026H1_罗盘双坐标题型.txt_3,2026H1,2026H1,罗盘双坐标题型,起飞返航点定位,导航定位,起飞点,ground_station_exam_cases.csv
gskill_37f5f1df3b0a,gsec_1b5a135f1499,qbank_6fefd796641a,实操题库_地面站考试条件_2026H1_罗盘双坐标题型.txt_3,2026H1,2026H1,罗盘双坐标题型,题型:罗盘双坐标,题型,罗盘双坐标题型,ground_station_exam_cases.csv
gskill_2c21f0e061da,gsec_5ac52d59fbfa,qbank_6fefd796641a,实操题库_地面站考试条件_2026H1_罗盘双坐标题型.txt_4,2026H1,2026H1,罗盘双坐标题型,经纬度换算,导航定位,经纬度;坐标;N:;E:;N;E,ground_station_exam_cases.csv
gskill_a0f2a5b71ace,gsec_5ac52d59fbfa,qbank_6fefd796641a,实操题库_地面站考试条件_2026H1_罗盘双坐标题型.txt_4,2026H1,2026H1,罗盘双坐标题型,航向方位判断,导航定位,方位;SW,ground_station_exam_cases.csv
gskill_b67bcdcb16f3,gsec_5ac52d59fbfa,qbank_6fefd796641a,实操题库_地面站考试条件_2026H1_罗盘双坐标题型.txt_4,2026H1,2026H1,罗盘双坐标题型,夹角计算,几何计算,∠,ground_station_exam_cases.csv
gskill_584424e3b510,gsec_5ac52d59fbfa,qbank_6fefd796641a,实操题库_地面站考试条件_2026H1_罗盘双坐标题型.txt_4,2026H1,2026H1,罗盘双坐标题型,速度高度参数设置,参数设置,高度;速度;m/s,ground_station_exam_cases.csv
gskill_7af0589f968a,gsec_5ac52d59fbfa,qbank_6fefd796641a,实操题库_地面站考试条件_2026H1_罗盘双坐标题型.txt_4,2026H1,2026H1,罗盘双坐标题型,转弯停留循环设置,参数设置,转弯;循环,ground_station_exam_cases.csv
gskill_5b11bda8c2aa,gsec_5ac52d59fbfa,qbank_6fefd796641a,实操题库_地面站考试条件_2026H1_罗盘双坐标题型.txt_4,2026H1,2026H1,罗盘双坐标题型,几何图形航线规划,几何计算,五边形;边长,ground_station_exam_cases.csv
gskill_47d9cbf3a55d,gsec_5ac52d59fbfa,qbank_6fefd796641a,实操题库_地面站考试条件_2026H1_罗盘双坐标题型.txt_4,2026H1,2026H1,罗盘双坐标题型,起飞返航点定位,导航定位,起飞点,ground_station_exam_cases.csv
gskill_13f4bc67ff78,gsec_5ac52d59fbfa,qbank_6fefd796641a,实操题库_地面站考试条件_2026H1_罗盘双坐标题型.txt_4,2026H1,2026H1,罗盘双坐标题型,题型:罗盘双坐标,题型,罗盘双坐标题型,ground_station_exam_cases.csv
gskill_b5fd3df691c4,gsec_db451dcb0664,qbank_6fefd796641a,实操题库_地面站考试条件_2026H1_罗盘双坐标题型.txt_5,2026H1,2026H1,罗盘双坐标题型,经纬度换算,导航定位,经纬度;坐标;N:;E:;N;E,ground_station_exam_cases.csv
gskill_5420384398ee,gsec_db451dcb0664,qbank_6fefd796641a,实操题库_地面站考试条件_2026H1_罗盘双坐标题型.txt_5,2026H1,2026H1,罗盘双坐标题型,航向方位判断,导航定位,SW,ground_station_exam_cases.csv
gskill_0e47d6b3f897,gsec_db451dcb0664,qbank_6fefd796641a,实操题库_地面站考试条件_2026H1_罗盘双坐标题型.txt_5,2026H1,2026H1,罗盘双坐标题型,速度高度参数设置,参数设置,高度;速度;m/s,ground_station_exam_cases.csv
gskill_3eea16715d04,gsec_db451dcb0664,qbank_6fefd796641a,实操题库_地面站考试条件_2026H1_罗盘双坐标题型.txt_5,2026H1,2026H1,罗盘双坐标题型,转弯停留循环设置,参数设置,转弯;停留;循环;闭合,ground_station_exam_cases.csv
gskill_5d053a12c944,gsec_db451dcb0664,qbank_6fefd796641a,实操题库_地面站考试条件_2026H1_罗盘双坐标题型.txt_5,2026H1,2026H1,罗盘双坐标题型,几何图形航线规划,几何计算,六边形;边长,ground_station_exam_cases.csv
gskill_1ccee2ec1a93,gsec_db451dcb0664,qbank_6fefd796641a,实操题库_地面站考试条件_2026H1_罗盘双坐标题型.txt_5,2026H1,2026H1,罗盘双坐标题型,起飞返航点定位,导航定位,起飞点,ground_station_exam_cases.csv
gskill_5d5d106b8120,gsec_db451dcb0664,qbank_6fefd796641a,实操题库_地面站考试条件_2026H1_罗盘双坐标题型.txt_5,2026H1,2026H1,罗盘双坐标题型,题型:罗盘双坐标,题型,罗盘双坐标题型,ground_station_exam_cases.csv
gskill_12f212e57d9e,gsec_fc0660d3af0f,qbank_6fefd796641a,实操题库_地面站考试条件_2026H1_罗盘双坐标题型.txt_6,2026H1,2026H1,罗盘双坐标题型,经纬度换算,导航定位,经纬度;坐标;N:;E:;N;E,ground_station_exam_cases.csv
gskill_9d6e87696e53,gsec_fc0660d3af0f,qbank_6fefd796641a,实操题库_地面站考试条件_2026H1_罗盘双坐标题型.txt_6,2026H1,2026H1,罗盘双坐标题型,航向方位判断,导航定位,方位;SW,ground_station_exam_cases.csv
gskill_79aeca8c4082,gsec_fc0660d3af0f,qbank_6fefd796641a,实操题库_地面站考试条件_2026H1_罗盘双坐标题型.txt_6,2026H1,2026H1,罗盘双坐标题型,夹角计算,几何计算,∠,ground_station_exam_cases.csv
gskill_42474bd84382,gsec_fc0660d3af0f,qbank_6fefd796641a,实操题库_地面站考试条件_2026H1_罗盘双坐标题型.txt_6,2026H1,2026H1,罗盘双坐标题型,速度高度参数设置,参数设置,高度;速度;m/s,ground_station_exam_cases.csv
gskill_e0358f96d071,gsec_fc0660d3af0f,qbank_6fefd796641a,实操题库_地面站考试条件_2026H1_罗盘双坐标题型.txt_6,2026H1,2026H1,罗盘双坐标题型,转弯停留循环设置,参数设置,转弯;停留;循环,ground_station_exam_cases.csv
gskill_5f11b1cfee98,gsec_fc0660d3af0f,qbank_6fefd796641a,实操题库_地面站考试条件_2026H1_罗盘双坐标题型.txt_6,2026H1,2026H1,罗盘双坐标题型,几何图形航线规划,几何计算,五边形;边长,ground_station_exam_cases.csv
gskill_68321b5a668c,gsec_fc0660d3af0f,qbank_6fefd796641a,实操题库_地面站考试条件_2026H1_罗盘双坐标题型.txt_6,2026H1,2026H1,罗盘双坐标题型,起飞返航点定位,导航定位,起飞点,ground_station_exam_cases.csv
gskill_c795b302e96b,gsec_fc0660d3af0f,qbank_6fefd796641a,实操题库_地面站考试条件_2026H1_罗盘双坐标题型.txt_6,2026H1,2026H1,罗盘双坐标题型,题型:罗盘双坐标,题型,罗盘双坐标题型,ground_station_exam_cases.csv
gskill_91fab5370695,gsec_10b5e82a1ca3,qbank_6fefd796641a,实操题库_地面站考试条件_2026H1_罗盘双坐标题型.txt_7,2026H1,2026H1,罗盘双坐标题型,经纬度换算,导航定位,经纬度;坐标;N:;E:;N;E,ground_station_exam_cases.csv
gskill_c39fbe605b39,gsec_10b5e82a1ca3,qbank_6fefd796641a,实操题库_地面站考试条件_2026H1_罗盘双坐标题型.txt_7,2026H1,2026H1,罗盘双坐标题型,航向方位判断,导航定位,SW,ground_station_exam_cases.csv
gskill_55b88e7d3c5b,gsec_10b5e82a1ca3,qbank_6fefd796641a,实操题库_地面站考试条件_2026H1_罗盘双坐标题型.txt_7,2026H1,2026H1,罗盘双坐标题型,速度高度参数设置,参数设置,高度;速度;m/s,ground_station_exam_cases.csv
gskill_b78eceda22e7,gsec_10b5e82a1ca3,qbank_6fefd796641a,实操题库_地面站考试条件_2026H1_罗盘双坐标题型.txt_7,2026H1,2026H1,罗盘双坐标题型,转弯停留循环设置,参数设置,转弯;停留;循环;闭合,ground_station_exam_cases.csv
gskill_2354a862dd75,gsec_10b5e82a1ca3,qbank_6fefd796641a,实操题库_地面站考试条件_2026H1_罗盘双坐标题型.txt_7,2026H1,2026H1,罗盘双坐标题型,几何图形航线规划,几何计算,六边形;边长,ground_station_exam_cases.csv
gskill_423d1569de4c,gsec_10b5e82a1ca3,qbank_6fefd796641a,实操题库_地面站考试条件_2026H1_罗盘双坐标题型.txt_7,2026H1,2026H1,罗盘双坐标题型,起飞返航点定位,导航定位,起飞点,ground_station_exam_cases.csv
gskill_f8ec4b861669,gsec_10b5e82a1ca3,qbank_6fefd796641a,实操题库_地面站考试条件_2026H1_罗盘双坐标题型.txt_7,2026H1,2026H1,罗盘双坐标题型,题型:罗盘双坐标,题型,罗盘双坐标题型,ground_station_exam_cases.csv
gskill_383ce69654bd,gsec_de4e4207cce7,qbank_6fefd796641a,实操题库_地面站考试条件_2026H1_罗盘双坐标题型.txt_8,2026H1,2026H1,罗盘双坐标题型,经纬度换算,导航定位,经纬度;坐标;N:;E:;N;E,ground_station_exam_cases.csv
gskill_9c9d74adb2fb,gsec_de4e4207cce7,qbank_6fefd796641a,实操题库_地面站考试条件_2026H1_罗盘双坐标题型.txt_8,2026H1,2026H1,罗盘双坐标题型,航向方位判断,导航定位,SW,ground_station_exam_cases.csv
gskill_939a76bd5ae1,gsec_de4e4207cce7,qbank_6fefd796641a,实操题库_地面站考试条件_2026H1_罗盘双坐标题型.txt_8,2026H1,2026H1,罗盘双坐标题型,速度高度参数设置,参数设置,高度;速度;m/s,ground_station_exam_cases.csv
gskill_ab8817295137,gsec_de4e4207cce7,qbank_6fefd796641a,实操题库_地面站考试条件_2026H1_罗盘双坐标题型.txt_8,2026H1,2026H1,罗盘双坐标题型,转弯停留循环设置,参数设置,转弯;停留;循环;闭合;不循环,ground_station_exam_cases.csv
gskill_5c8cafd344d1,gsec_de4e4207cce7,qbank_6fefd796641a,实操题库_地面站考试条件_2026H1_罗盘双坐标题型.txt_8,2026H1,2026H1,罗盘双坐标题型,起飞返航点定位,导航定位,起飞点,ground_station_exam_cases.csv
gskill_8a3a9149c813,gsec_de4e4207cce7,qbank_6fefd796641a,实操题库_地面站考试条件_2026H1_罗盘双坐标题型.txt_8,2026H1,2026H1,罗盘双坐标题型,题型:罗盘双坐标,题型,罗盘双坐标题型,ground_station_exam_cases.csv
gskill_17c8fb0bec1a,gsec_07a77d9edbd0,qbank_6fefd796641a,实操题库_地面站考试条件_2026H1_罗盘双坐标题型.txt_9,2026H1,2026H1,罗盘双坐标题型,经纬度换算,导航定位,经纬度;坐标;N:;E:;N;E,ground_station_exam_cases.csv
gskill_734b8263def2,gsec_07a77d9edbd0,qbank_6fefd796641a,实操题库_地面站考试条件_2026H1_罗盘双坐标题型.txt_9,2026H1,2026H1,罗盘双坐标题型,航向方位判断,导航定位,SW,ground_station_exam_cases.csv
gskill_8b0abc5b3034,gsec_07a77d9edbd0,qbank_6fefd796641a,实操题库_地面站考试条件_2026H1_罗盘双坐标题型.txt_9,2026H1,2026H1,罗盘双坐标题型,夹角计算,几何计算,∠,ground_station_exam_cases.csv
gskill_0021cfc0a539,gsec_07a77d9edbd0,qbank_6fefd796641a,实操题库_地面站考试条件_2026H1_罗盘双坐标题型.txt_9,2026H1,2026H1,罗盘双坐标题型,速度高度参数设置,参数设置,高度;速度;m/s,ground_station_exam_cases.csv
gskill_772b27587700,gsec_07a77d9edbd0,qbank_6fefd796641a,实操题库_地面站考试条件_2026H1_罗盘双坐标题型.txt_9,2026H1,2026H1,罗盘双坐标题型,转弯停留循环设置,参数设置,转弯;停留;循环;闭合,ground_station_exam_cases.csv
gskill_2fe824245fff,gsec_07a77d9edbd0,qbank_6fefd796641a,实操题库_地面站考试条件_2026H1_罗盘双坐标题型.txt_9,2026H1,2026H1,罗盘双坐标题型,几何图形航线规划,几何计算,边长,ground_station_exam_cases.csv
gskill_fafccfdefa07,gsec_07a77d9edbd0,qbank_6fefd796641a,实操题库_地面站考试条件_2026H1_罗盘双坐标题型.txt_9,2026H1,2026H1,罗盘双坐标题型,起飞返航点定位,导航定位,起飞点,ground_station_exam_cases.csv
gskill_104f27e5de71,gsec_07a77d9edbd0,qbank_6fefd796641a,实操题库_地面站考试条件_2026H1_罗盘双坐标题型.txt_9,2026H1,2026H1,罗盘双坐标题型,题型:罗盘双坐标,题型,罗盘双坐标题型,ground_station_exam_cases.csv
gskill_a581141a91a7,gsec_fdbebd995cc6,qbank_6fefd796641a,实操题库_地面站考试条件_2026H1_罗盘双坐标题型.txt_10,2026H1,2026H1,罗盘双坐标题型,经纬度换算,导航定位,经纬度;坐标;N:;E:;N;E,ground_station_exam_cases.csv
gskill_ca92cda3d464,gsec_fdbebd995cc6,qbank_6fefd796641a,实操题库_地面站考试条件_2026H1_罗盘双坐标题型.txt_10,2026H1,2026H1,罗盘双坐标题型,航向方位判断,导航定位,SW,ground_station_exam_cases.csv
gskill_3cfacaddbf56,gsec_fdbebd995cc6,qbank_6fefd796641a,实操题库_地面站考试条件_2026H1_罗盘双坐标题型.txt_10,2026H1,2026H1,罗盘双坐标题型,速度高度参数设置,参数设置,高度;速度;m/s,ground_station_exam_cases.csv
gskill_27d4f01bd9a8,gsec_fdbebd995cc6,qbank_6fefd796641a,实操题库_地面站考试条件_2026H1_罗盘双坐标题型.txt_10,2026H1,2026H1,罗盘双坐标题型,转弯停留循环设置,参数设置,转弯;停留;循环;闭合,ground_station_exam_cases.csv
gskill_67816f0f6b8f,gsec_fdbebd995cc6,qbank_6fefd796641a,实操题库_地面站考试条件_2026H1_罗盘双坐标题型.txt_10,2026H1,2026H1,罗盘双坐标题型,几何图形航线规划,几何计算,边长,ground_station_exam_cases.csv
gskill_016dff98a8b6,gsec_fdbebd995cc6,qbank_6fefd796641a,实操题库_地面站考试条件_2026H1_罗盘双坐标题型.txt_10,2026H1,2026H1,罗盘双坐标题型,起飞返航点定位,导航定位,起飞点,ground_station_exam_cases.csv
gskill_dc0530020746,gsec_fdbebd995cc6,qbank_6fefd796641a,实操题库_地面站考试条件_2026H1_罗盘双坐标题型.txt_10,2026H1,2026H1,罗盘双坐标题型,题型:罗盘双坐标,题型,罗盘双坐标题型,ground_station_exam_cases.csv
gskill_7042a0bccfc9,gsec_e416111c8b02,qbank_6fefd796641a,实操题库_地面站考试条件_2026H1_罗盘双坐标题型.txt_11,2026H1,2026H1,罗盘双坐标题型,经纬度换算,导航定位,经纬度;坐标;E:;N;E,ground_station_exam_cases.csv
gskill_fd40c7057733,gsec_e416111c8b02,qbank_6fefd796641a,实操题库_地面站考试条件_2026H1_罗盘双坐标题型.txt_11,2026H1,2026H1,罗盘双坐标题型,航向方位判断,导航定位,方位;SW,ground_station_exam_cases.csv
gskill_83a186b60689,gsec_e416111c8b02,qbank_6fefd796641a,实操题库_地面站考试条件_2026H1_罗盘双坐标题型.txt_11,2026H1,2026H1,罗盘双坐标题型,速度高度参数设置,参数设置,高度;速度;m/s,ground_station_exam_cases.csv
gskill_0ee288ecb915,gsec_e416111c8b02,qbank_6fefd796641a,实操题库_地面站考试条件_2026H1_罗盘双坐标题型.txt_11,2026H1,2026H1,罗盘双坐标题型,转弯停留循环设置,参数设置,转弯;停留;循环,ground_station_exam_cases.csv
gskill_dfbf9c773131,gsec_e416111c8b02,qbank_6fefd796641a,实操题库_地面站考试条件_2026H1_罗盘双坐标题型.txt_11,2026H1,2026H1,罗盘双坐标题型,几何图形航线规划,几何计算,六边形,ground_station_exam_cases.csv
gskill_7caa15009db4,gsec_e416111c8b02,qbank_6fefd796641a,实操题库_地面站考试条件_2026H1_罗盘双坐标题型.txt_11,2026H1,2026H1,罗盘双坐标题型,起飞返航点定位,导航定位,起飞点,ground_station_exam_cases.csv
gskill_333fdfad3860,gsec_e416111c8b02,qbank_6fefd796641a,实操题库_地面站考试条件_2026H1_罗盘双坐标题型.txt_11,2026H1,2026H1,罗盘双坐标题型,题型:罗盘双坐标,题型,罗盘双坐标题型,ground_station_exam_cases.csv
gskill_f3b4b7079f3e,gsec_8f89a7dd1bdf,qbank_6fefd796641a,实操题库_地面站考试条件_2026H1_罗盘双坐标题型.txt_12,2026H1,2026H1,罗盘双坐标题型,经纬度换算,导航定位,经纬度;坐标;N:;E:;N;E,ground_station_exam_cases.csv
gskill_9e7810178d26,gsec_8f89a7dd1bdf,qbank_6fefd796641a,实操题库_地面站考试条件_2026H1_罗盘双坐标题型.txt_12,2026H1,2026H1,罗盘双坐标题型,航向方位判断,导航定位,方位;SW,ground_station_exam_cases.csv
gskill_65988527a4d8,gsec_8f89a7dd1bdf,qbank_6fefd796641a,实操题库_地面站考试条件_2026H1_罗盘双坐标题型.txt_12,2026H1,2026H1,罗盘双坐标题型,速度高度参数设置,参数设置,高度;速度;m/s,ground_station_exam_cases.csv
gskill_19855769b258,gsec_8f89a7dd1bdf,qbank_6fefd796641a,实操题库_地面站考试条件_2026H1_罗盘双坐标题型.txt_12,2026H1,2026H1,罗盘双坐标题型,转弯停留循环设置,参数设置,转弯;停留,ground_station_exam_cases.csv
gskill_78a9472f1c8e,gsec_8f89a7dd1bdf,qbank_6fefd796641a,实操题库_地面站考试条件_2026H1_罗盘双坐标题型.txt_12,2026H1,2026H1,罗盘双坐标题型,起飞返航点定位,导航定位,起飞点,ground_station_exam_cases.csv
gskill_956545e4b641,gsec_8f89a7dd1bdf,qbank_6fefd796641a,实操题库_地面站考试条件_2026H1_罗盘双坐标题型.txt_12,2026H1,2026H1,罗盘双坐标题型,题型:罗盘双坐标,题型,罗盘双坐标题型,ground_station_exam_cases.csv
gskill_67e32ce3ebf0,gsec_864b51c731d3,qbank_6fefd796641a,实操题库_地面站考试条件_2026H1_罗盘双坐标题型.txt_13,2026H1,2026H1,罗盘双坐标题型,经纬度换算,导航定位,经纬度;N;E,ground_station_exam_cases.csv
gskill_1d6cc27dfd5e,gsec_864b51c731d3,qbank_6fefd796641a,实操题库_地面站考试条件_2026H1_罗盘双坐标题型.txt_13,2026H1,2026H1,罗盘双坐标题型,航向方位判断,导航定位,航向;正南,ground_station_exam_cases.csv
gskill_c278723e7327,gsec_864b51c731d3,qbank_6fefd796641a,实操题库_地面站考试条件_2026H1_罗盘双坐标题型.txt_13,2026H1,2026H1,罗盘双坐标题型,夹角计算,几何计算,夹角;时针;分针;角,ground_station_exam_cases.csv
gskill_b648d65b94b8,gsec_864b51c731d3,qbank_6fefd796641a,实操题库_地面站考试条件_2026H1_罗盘双坐标题型.txt_13,2026H1,2026H1,罗盘双坐标题型,速度高度参数设置,参数设置,高度;速度;km/h,ground_station_exam_cases.csv
gskill_dcc3f2dcb403,gsec_864b51c731d3,qbank_6fefd796641a,实操题库_地面站考试条件_2026H1_罗盘双坐标题型.txt_13,2026H1,2026H1,罗盘双坐标题型,转弯停留循环设置,参数设置,转弯;停留;闭合,ground_station_exam_cases.csv
gskill_8d99246aed6f,gsec_864b51c731d3,qbank_6fefd796641a,实操题库_地面站考试条件_2026H1_罗盘双坐标题型.txt_13,2026H1,2026H1,罗盘双坐标题型,几何图形航线规划,几何计算,五边形;边长;图形,ground_station_exam_cases.csv
gskill_e6e4af4fa8f0,gsec_864b51c731d3,qbank_6fefd796641a,实操题库_地面站考试条件_2026H1_罗盘双坐标题型.txt_13,2026H1,2026H1,罗盘双坐标题型,起飞返航点定位,导航定位,起飞点;返航点,ground_station_exam_cases.csv
gskill_c143da01ec08,gsec_864b51c731d3,qbank_6fefd796641a,实操题库_地面站考试条件_2026H1_罗盘双坐标题型.txt_13,2026H1,2026H1,罗盘双坐标题型,题型:罗盘双坐标,题型,罗盘双坐标题型,ground_station_exam_cases.csv
gskill_3d50f5e4f400,gsec_4d15d2062c3c,qbank_6fefd796641a,实操题库_地面站考试条件_2026H1_罗盘双坐标题型.txt_14,2026H1,2026H1,罗盘双坐标题型,经纬度换算,导航定位,经纬度;E:;N;E,ground_station_exam_cases.csv
gskill_0ec191635756,gsec_4d15d2062c3c,qbank_6fefd796641a,实操题库_地面站考试条件_2026H1_罗盘双坐标题型.txt_14,2026H1,2026H1,罗盘双坐标题型,航向方位判断,导航定位,航向,ground_station_exam_cases.csv
gskill_857e0a56a156,gsec_4d15d2062c3c,qbank_6fefd796641a,实操题库_地面站考试条件_2026H1_罗盘双坐标题型.txt_14,2026H1,2026H1,罗盘双坐标题型,夹角计算,几何计算,夹角;∠;时针;分针;角,ground_station_exam_cases.csv
gskill_a146432bfdaf,gsec_4d15d2062c3c,qbank_6fefd796641a,实操题库_地面站考试条件_2026H1_罗盘双坐标题型.txt_14,2026H1,2026H1,罗盘双坐标题型,速度高度参数设置,参数设置,高度;速度;m/s,ground_station_exam_cases.csv
gskill_d7be89f8b3f4,gsec_4d15d2062c3c,qbank_6fefd796641a,实操题库_地面站考试条件_2026H1_罗盘双坐标题型.txt_14,2026H1,2026H1,罗盘双坐标题型,转弯停留循环设置,参数设置,转弯;停留;循环;闭合,ground_station_exam_cases.csv
gskill_808720e2cb23,gsec_4d15d2062c3c,qbank_6fefd796641a,实操题库_地面站考试条件_2026H1_罗盘双坐标题型.txt_14,2026H1,2026H1,罗盘双坐标题型,几何图形航线规划,几何计算,边长;图形,ground_station_exam_cases.csv
gskill_eea71cd5313c,gsec_4d15d2062c3c,qbank_6fefd796641a,实操题库_地面站考试条件_2026H1_罗盘双坐标题型.txt_14,2026H1,2026H1,罗盘双坐标题型,起飞返航点定位,导航定位,起飞点;返航点,ground_station_exam_cases.csv
gskill_053d8d04439e,gsec_4d15d2062c3c,qbank_6fefd796641a,实操题库_地面站考试条件_2026H1_罗盘双坐标题型.txt_14,2026H1,2026H1,罗盘双坐标题型,题型:罗盘双坐标,题型,罗盘双坐标题型,ground_station_exam_cases.csv
gskill_2d0298d9aecb,gsec_2193fcc3febe,qbank_6fefd796641a,实操题库_地面站考试条件_2026H1_罗盘双坐标题型.txt_15,2026H1,2026H1,罗盘双坐标题型,经纬度换算,导航定位,经纬度;坐标;N;E,ground_station_exam_cases.csv
gskill_46d7a6582bea,gsec_2193fcc3febe,qbank_6fefd796641a,实操题库_地面站考试条件_2026H1_罗盘双坐标题型.txt_15,2026H1,2026H1,罗盘双坐标题型,航向方位判断,导航定位,航向,ground_station_exam_cases.csv
gskill_e2d284c5166a,gsec_2193fcc3febe,qbank_6fefd796641a,实操题库_地面站考试条件_2026H1_罗盘双坐标题型.txt_15,2026H1,2026H1,罗盘双坐标题型,夹角计算,几何计算,角,ground_station_exam_cases.csv
gskill_fcb8da0d58c7,gsec_2193fcc3febe,qbank_6fefd796641a,实操题库_地面站考试条件_2026H1_罗盘双坐标题型.txt_15,2026H1,2026H1,罗盘双坐标题型,速度高度参数设置,参数设置,高度;速度,ground_station_exam_cases.csv
gskill_386e34df0f8d,gsec_2193fcc3febe,qbank_6fefd796641a,实操题库_地面站考试条件_2026H1_罗盘双坐标题型.txt_15,2026H1,2026H1,罗盘双坐标题型,转弯停留循环设置,参数设置,转弯;停留;循环;闭合,ground_station_exam_cases.csv
gskill_2c1f5f309534,gsec_2193fcc3febe,qbank_6fefd796641a,实操题库_地面站考试条件_2026H1_罗盘双坐标题型.txt_15,2026H1,2026H1,罗盘双坐标题型,几何图形航线规划,几何计算,边长;图形,ground_station_exam_cases.csv
gskill_fedc0cd6766b,gsec_2193fcc3febe,qbank_6fefd796641a,实操题库_地面站考试条件_2026H1_罗盘双坐标题型.txt_15,2026H1,2026H1,罗盘双坐标题型,起飞返航点定位,导航定位,起飞点,ground_station_exam_cases.csv
gskill_5107f9ba13a9,gsec_2193fcc3febe,qbank_6fefd796641a,实操题库_地面站考试条件_2026H1_罗盘双坐标题型.txt_15,2026H1,2026H1,罗盘双坐标题型,题型:罗盘双坐标,题型,罗盘双坐标题型,ground_station_exam_cases.csv
gskill_f6341fc18b56,gsec_e363fb713f4d,qbank_6fefd796641a,实操题库_地面站考试条件_2026H1_罗盘双坐标题型.txt_16,2026H1,2026H1,罗盘双坐标题型,经纬度换算,导航定位,经纬度;N:;E:;N;E,ground_station_exam_cases.csv
gskill_d57106768b05,gsec_e363fb713f4d,qbank_6fefd796641a,实操题库_地面站考试条件_2026H1_罗盘双坐标题型.txt_16,2026H1,2026H1,罗盘双坐标题型,航向方位判断,导航定位,正东,ground_station_exam_cases.csv
gskill_784303dcbd15,gsec_e363fb713f4d,qbank_6fefd796641a,实操题库_地面站考试条件_2026H1_罗盘双坐标题型.txt_16,2026H1,2026H1,罗盘双坐标题型,夹角计算,几何计算,∠;角,ground_station_exam_cases.csv
gskill_ea6127806214,gsec_e363fb713f4d,qbank_6fefd796641a,实操题库_地面站考试条件_2026H1_罗盘双坐标题型.txt_16,2026H1,2026H1,罗盘双坐标题型,速度高度参数设置,参数设置,高度;速度;m/s,ground_station_exam_cases.csv
gskill_5c1a340ad012,gsec_e363fb713f4d,qbank_6fefd796641a,实操题库_地面站考试条件_2026H1_罗盘双坐标题型.txt_16,2026H1,2026H1,罗盘双坐标题型,转弯停留循环设置,参数设置,转弯;停留,ground_station_exam_cases.csv
gskill_4cb722f50ec1,gsec_e363fb713f4d,qbank_6fefd796641a,实操题库_地面站考试条件_2026H1_罗盘双坐标题型.txt_16,2026H1,2026H1,罗盘双坐标题型,几何图形航线规划,几何计算,三角形;边长,ground_station_exam_cases.csv
gskill_75d63d6d5f3a,gsec_e363fb713f4d,qbank_6fefd796641a,实操题库_地面站考试条件_2026H1_罗盘双坐标题型.txt_16,2026H1,2026H1,罗盘双坐标题型,起飞返航点定位,导航定位,起飞点;H点,ground_station_exam_cases.csv
gskill_7acf82917ec3,gsec_e363fb713f4d,qbank_6fefd796641a,实操题库_地面站考试条件_2026H1_罗盘双坐标题型.txt_16,2026H1,2026H1,罗盘双坐标题型,题型:罗盘双坐标,题型,罗盘双坐标题型,ground_station_exam_cases.csv
gskill_6db3f37df7cf,gsec_0e50dbd33882,qbank_7f9e06c80aa9,实操题库_地面站考试条件_2026H1_航向相同相反题型.txt_0,2026H1,2026H1,航向相同相反题型,经纬度换算,导航定位,经纬度;N:;E:;N;E,ground_station_exam_cases.csv
gskill_5ed57820c4d0,gsec_0e50dbd33882,qbank_7f9e06c80aa9,实操题库_地面站考试条件_2026H1_航向相同相反题型.txt_0,2026H1,2026H1,航向相同相反题型,航向方位判断,导航定位,航向;方位,ground_station_exam_cases.csv
gskill_86ea13ce8c08,gsec_0e50dbd33882,qbank_7f9e06c80aa9,实操题库_地面站考试条件_2026H1_航向相同相反题型.txt_0,2026H1,2026H1,航向相同相反题型,夹角计算,几何计算,∠,ground_station_exam_cases.csv
gskill_11ce5e86b457,gsec_0e50dbd33882,qbank_7f9e06c80aa9,实操题库_地面站考试条件_2026H1_航向相同相反题型.txt_0,2026H1,2026H1,航向相同相反题型,速度高度参数设置,参数设置,高度;速度;m/s,ground_station_exam_cases.csv
gskill_6b517e59c0e2,gsec_0e50dbd33882,qbank_7f9e06c80aa9,实操题库_地面站考试条件_2026H1_航向相同相反题型.txt_0,2026H1,2026H1,航向相同相反题型,转弯停留循环设置,参数设置,转弯;停留;循环,ground_station_exam_cases.csv
gskill_d1e57a41db73,gsec_0e50dbd33882,qbank_7f9e06c80aa9,实操题库_地面站考试条件_2026H1_航向相同相反题型.txt_0,2026H1,2026H1,航向相同相反题型,几何图形航线规划,几何计算,五边形;边长,ground_station_exam_cases.csv
gskill_f83b4a0fae38,gsec_0e50dbd33882,qbank_7f9e06c80aa9,实操题库_地面站考试条件_2026H1_航向相同相反题型.txt_0,2026H1,2026H1,航向相同相反题型,起飞返航点定位,导航定位,起飞点,ground_station_exam_cases.csv
gskill_1759ea03afe3,gsec_0e50dbd33882,qbank_7f9e06c80aa9,实操题库_地面站考试条件_2026H1_航向相同相反题型.txt_0,2026H1,2026H1,航向相同相反题型,题型:航向相同相反,题型,航向相同相反题型,ground_station_exam_cases.csv
gskill_b8c6806e6742,gsec_5e043e46440c,qbank_7f9e06c80aa9,实操题库_地面站考试条件_2026H1_航向相同相反题型.txt_1,2026H1,2026H1,航向相同相反题型,经纬度换算,导航定位,经纬度;N:;E:;N;E,ground_station_exam_cases.csv
gskill_06956e197c1f,gsec_5e043e46440c,qbank_7f9e06c80aa9,实操题库_地面站考试条件_2026H1_航向相同相反题型.txt_1,2026H1,2026H1,航向相同相反题型,航向方位判断,导航定位,航向;方位,ground_station_exam_cases.csv
gskill_3da7e8e8d2c6,gsec_5e043e46440c,qbank_7f9e06c80aa9,实操题库_地面站考试条件_2026H1_航向相同相反题型.txt_1,2026H1,2026H1,航向相同相反题型,夹角计算,几何计算,∠,ground_station_exam_cases.csv
gskill_438f47873b56,gsec_5e043e46440c,qbank_7f9e06c80aa9,实操题库_地面站考试条件_2026H1_航向相同相反题型.txt_1,2026H1,2026H1,航向相同相反题型,速度高度参数设置,参数设置,高度;速度;m/s,ground_station_exam_cases.csv
gskill_a2f4d69f39ad,gsec_5e043e46440c,qbank_7f9e06c80aa9,实操题库_地面站考试条件_2026H1_航向相同相反题型.txt_1,2026H1,2026H1,航向相同相反题型,转弯停留循环设置,参数设置,转弯;停留;循环,ground_station_exam_cases.csv
gskill_159febcadc96,gsec_5e043e46440c,qbank_7f9e06c80aa9,实操题库_地面站考试条件_2026H1_航向相同相反题型.txt_1,2026H1,2026H1,航向相同相反题型,几何图形航线规划,几何计算,边长,ground_station_exam_cases.csv
gskill_ed8e35276511,gsec_5e043e46440c,qbank_7f9e06c80aa9,实操题库_地面站考试条件_2026H1_航向相同相反题型.txt_1,2026H1,2026H1,航向相同相反题型,起飞返航点定位,导航定位,起飞点,ground_station_exam_cases.csv
gskill_c526c9d0987b,gsec_5e043e46440c,qbank_7f9e06c80aa9,实操题库_地面站考试条件_2026H1_航向相同相反题型.txt_1,2026H1,2026H1,航向相同相反题型,题型:航向相同相反,题型,航向相同相反题型,ground_station_exam_cases.csv
gskill_f57e114fd8c1,gsec_59ba7c2bfafb,qbank_7f9e06c80aa9,实操题库_地面站考试条件_2026H1_航向相同相反题型.txt_2,2026H1,2026H1,航向相同相反题型,经纬度换算,导航定位,经纬度;N:;E:;N;E,ground_station_exam_cases.csv
gskill_0bd6f3880c81,gsec_59ba7c2bfafb,qbank_7f9e06c80aa9,实操题库_地面站考试条件_2026H1_航向相同相反题型.txt_2,2026H1,2026H1,航向相同相反题型,航向方位判断,导航定位,航向;方位;NE,ground_station_exam_cases.csv
gskill_c90def6c2d4e,gsec_59ba7c2bfafb,qbank_7f9e06c80aa9,实操题库_地面站考试条件_2026H1_航向相同相反题型.txt_2,2026H1,2026H1,航向相同相反题型,速度高度参数设置,参数设置,高度;速度;m/s,ground_station_exam_cases.csv
gskill_8dcd152c5c70,gsec_59ba7c2bfafb,qbank_7f9e06c80aa9,实操题库_地面站考试条件_2026H1_航向相同相反题型.txt_2,2026H1,2026H1,航向相同相反题型,转弯停留循环设置,参数设置,转弯;停留;循环;闭合;不循环,ground_station_exam_cases.csv
gskill_c775b73b291f,gsec_59ba7c2bfafb,qbank_7f9e06c80aa9,实操题库_地面站考试条件_2026H1_航向相同相反题型.txt_2,2026H1,2026H1,航向相同相反题型,起飞返航点定位,导航定位,起飞点,ground_station_exam_cases.csv
gskill_d37808b4da00,gsec_59ba7c2bfafb,qbank_7f9e06c80aa9,实操题库_地面站考试条件_2026H1_航向相同相反题型.txt_2,2026H1,2026H1,航向相同相反题型,题型:航向相同相反,题型,航向相同相反题型,ground_station_exam_cases.csv
gskill_c74d906d5196,gsec_d657d11a1f17,qbank_7f9e06c80aa9,实操题库_地面站考试条件_2026H1_航向相同相反题型.txt_3,2026H1,2026H1,航向相同相反题型,经纬度换算,导航定位,经纬度;N:;E:;N;E,ground_station_exam_cases.csv
gskill_f6cedf29c291,gsec_d657d11a1f17,qbank_7f9e06c80aa9,实操题库_地面站考试条件_2026H1_航向相同相反题型.txt_3,2026H1,2026H1,航向相同相反题型,航向方位判断,导航定位,方位;SE,ground_station_exam_cases.csv
gskill_11ed706e778f,gsec_d657d11a1f17,qbank_7f9e06c80aa9,实操题库_地面站考试条件_2026H1_航向相同相反题型.txt_3,2026H1,2026H1,航向相同相反题型,夹角计算,几何计算,∠,ground_station_exam_cases.csv
gskill_844123799469,gsec_d657d11a1f17,qbank_7f9e06c80aa9,实操题库_地面站考试条件_2026H1_航向相同相反题型.txt_3,2026H1,2026H1,航向相同相反题型,速度高度参数设置,参数设置,高度;速度;m/s,ground_station_exam_cases.csv
gskill_d34b172f1fb4,gsec_d657d11a1f17,qbank_7f9e06c80aa9,实操题库_地面站考试条件_2026H1_航向相同相反题型.txt_3,2026H1,2026H1,航向相同相反题型,转弯停留循环设置,参数设置,转弯;停留;循环,ground_station_exam_cases.csv
gskill_7c9dceb18ede,gsec_d657d11a1f17,qbank_7f9e06c80aa9,实操题库_地面站考试条件_2026H1_航向相同相反题型.txt_3,2026H1,2026H1,航向相同相反题型,几何图形航线规划,几何计算,五边形;边长,ground_station_exam_cases.csv
gskill_e572493c5986,gsec_d657d11a1f17,qbank_7f9e06c80aa9,实操题库_地面站考试条件_2026H1_航向相同相反题型.txt_3,2026H1,2026H1,航向相同相反题型,起飞返航点定位,导航定位,起飞点,ground_station_exam_cases.csv
gskill_addb696d751b,gsec_d657d11a1f17,qbank_7f9e06c80aa9,实操题库_地面站考试条件_2026H1_航向相同相反题型.txt_3,2026H1,2026H1,航向相同相反题型,题型:航向相同相反,题型,航向相同相反题型,ground_station_exam_cases.csv
gskill_dedb13346370,gsec_226772f6a2a7,qbank_7f9e06c80aa9,实操题库_地面站考试条件_2026H1_航向相同相反题型.txt_4,2026H1,2026H1,航向相同相反题型,经纬度换算,导航定位,经纬度;N:;E:;N;E,ground_station_exam_cases.csv
gskill_c6e254328c67,gsec_226772f6a2a7,qbank_7f9e06c80aa9,实操题库_地面站考试条件_2026H1_航向相同相反题型.txt_4,2026H1,2026H1,航向相同相反题型,航向方位判断,导航定位,航向;方位;SE,ground_station_exam_cases.csv
gskill_6bf22f2aef84,gsec_226772f6a2a7,qbank_7f9e06c80aa9,实操题库_地面站考试条件_2026H1_航向相同相反题型.txt_4,2026H1,2026H1,航向相同相反题型,夹角计算,几何计算,∠,ground_station_exam_cases.csv
gskill_fb4d2d0c6fe3,gsec_226772f6a2a7,qbank_7f9e06c80aa9,实操题库_地面站考试条件_2026H1_航向相同相反题型.txt_4,2026H1,2026H1,航向相同相反题型,速度高度参数设置,参数设置,高度;速度;m/s,ground_station_exam_cases.csv
gskill_489e9b219e15,gsec_226772f6a2a7,qbank_7f9e06c80aa9,实操题库_地面站考试条件_2026H1_航向相同相反题型.txt_4,2026H1,2026H1,航向相同相反题型,转弯停留循环设置,参数设置,转弯;停留;循环,ground_station_exam_cases.csv
gskill_f5033530945f,gsec_226772f6a2a7,qbank_7f9e06c80aa9,实操题库_地面站考试条件_2026H1_航向相同相反题型.txt_4,2026H1,2026H1,航向相同相反题型,几何图形航线规划,几何计算,边长,ground_station_exam_cases.csv
gskill_a9d0c7db978b,gsec_226772f6a2a7,qbank_7f9e06c80aa9,实操题库_地面站考试条件_2026H1_航向相同相反题型.txt_4,2026H1,2026H1,航向相同相反题型,起飞返航点定位,导航定位,起飞点,ground_station_exam_cases.csv
gskill_6d6637bda2b8,gsec_226772f6a2a7,qbank_7f9e06c80aa9,实操题库_地面站考试条件_2026H1_航向相同相反题型.txt_4,2026H1,2026H1,航向相同相反题型,题型:航向相同相反,题型,航向相同相反题型,ground_station_exam_cases.csv
gskill_fc25e11b4143,gsec_097d896268fa,qbank_7f9e06c80aa9,实操题库_地面站考试条件_2026H1_航向相同相反题型.txt_5,2026H1,2026H1,航向相同相反题型,经纬度换算,导航定位,经纬度;N:;E:;N;E,ground_station_exam_cases.csv
gskill_fee0e0e5502f,gsec_097d896268fa,qbank_7f9e06c80aa9,实操题库_地面站考试条件_2026H1_航向相同相反题型.txt_5,2026H1,2026H1,航向相同相反题型,航向方位判断,导航定位,航向;方位,ground_station_exam_cases.csv
gskill_06a21fa7f54a,gsec_097d896268fa,qbank_7f9e06c80aa9,实操题库_地面站考试条件_2026H1_航向相同相反题型.txt_5,2026H1,2026H1,航向相同相反题型,夹角计算,几何计算,∠;角,ground_station_exam_cases.csv
gskill_fdb93596c9bc,gsec_097d896268fa,qbank_7f9e06c80aa9,实操题库_地面站考试条件_2026H1_航向相同相反题型.txt_5,2026H1,2026H1,航向相同相反题型,速度高度参数设置,参数设置,高度;速度;m/s,ground_station_exam_cases.csv
gskill_cdab3ff337ba,gsec_097d896268fa,qbank_7f9e06c80aa9,实操题库_地面站考试条件_2026H1_航向相同相反题型.txt_5,2026H1,2026H1,航向相同相反题型,转弯停留循环设置,参数设置,转弯;停留;循环,ground_station_exam_cases.csv
gskill_8ea3a17e4506,gsec_097d896268fa,qbank_7f9e06c80aa9,实操题库_地面站考试条件_2026H1_航向相同相反题型.txt_5,2026H1,2026H1,航向相同相反题型,几何图形航线规划,几何计算,三角形;边长,ground_station_exam_cases.csv
gskill_545685331520,gsec_097d896268fa,qbank_7f9e06c80aa9,实操题库_地面站考试条件_2026H1_航向相同相反题型.txt_5,2026H1,2026H1,航向相同相反题型,起飞返航点定位,导航定位,起飞点;H点,ground_station_exam_cases.csv
gskill_c69248b50259,gsec_097d896268fa,qbank_7f9e06c80aa9,实操题库_地面站考试条件_2026H1_航向相同相反题型.txt_5,2026H1,2026H1,航向相同相反题型,题型:航向相同相反,题型,航向相同相反题型,ground_station_exam_cases.csv
gskill_7039fe106fb0,gsec_efe133d60f3d,qbank_7f9e06c80aa9,实操题库_地面站考试条件_2026H1_航向相同相反题型.txt_6,2026H1,2026H1,航向相同相反题型,经纬度换算,导航定位,经纬度;N:;E:;N;E,ground_station_exam_cases.csv
gskill_d58a2be13099,gsec_efe133d60f3d,qbank_7f9e06c80aa9,实操题库_地面站考试条件_2026H1_航向相同相反题型.txt_6,2026H1,2026H1,航向相同相反题型,航向方位判断,导航定位,航向;方位;SE,ground_station_exam_cases.csv
gskill_9515c19302ff,gsec_efe133d60f3d,qbank_7f9e06c80aa9,实操题库_地面站考试条件_2026H1_航向相同相反题型.txt_6,2026H1,2026H1,航向相同相反题型,速度高度参数设置,参数设置,高度;速度;m/s,ground_station_exam_cases.csv
gskill_279d82057866,gsec_efe133d60f3d,qbank_7f9e06c80aa9,实操题库_地面站考试条件_2026H1_航向相同相反题型.txt_6,2026H1,2026H1,航向相同相反题型,转弯停留循环设置,参数设置,转弯;停留;循环;闭合;不循环,ground_station_exam_cases.csv
gskill_5c182368c6bc,gsec_efe133d60f3d,qbank_7f9e06c80aa9,实操题库_地面站考试条件_2026H1_航向相同相反题型.txt_6,2026H1,2026H1,航向相同相反题型,起飞返航点定位,导航定位,起飞点,ground_station_exam_cases.csv
gskill_7b05405abd05,gsec_efe133d60f3d,qbank_7f9e06c80aa9,实操题库_地面站考试条件_2026H1_航向相同相反题型.txt_6,2026H1,2026H1,航向相同相反题型,题型:航向相同相反,题型,航向相同相反题型,ground_station_exam_cases.csv
gskill_f64fcaa493a3,gsec_e25a30436d71,qbank_7f9e06c80aa9,实操题库_地面站考试条件_2026H1_航向相同相反题型.txt_7,2026H1,2026H1,航向相同相反题型,经纬度换算,导航定位,经纬度;N:;E:;N;E,ground_station_exam_cases.csv
gskill_f5662977c35d,gsec_e25a30436d71,qbank_7f9e06c80aa9,实操题库_地面站考试条件_2026H1_航向相同相反题型.txt_7,2026H1,2026H1,航向相同相反题型,航向方位判断,导航定位,航向;方位;SW,ground_station_exam_cases.csv
gskill_9de79cc0c77d,gsec_e25a30436d71,qbank_7f9e06c80aa9,实操题库_地面站考试条件_2026H1_航向相同相反题型.txt_7,2026H1,2026H1,航向相同相反题型,夹角计算,几何计算,∠,ground_station_exam_cases.csv
gskill_0dba39437b2c,gsec_e25a30436d71,qbank_7f9e06c80aa9,实操题库_地面站考试条件_2026H1_航向相同相反题型.txt_7,2026H1,2026H1,航向相同相反题型,速度高度参数设置,参数设置,高度;速度;m/s,ground_station_exam_cases.csv
gskill_2b746e240f5d,gsec_e25a30436d71,qbank_7f9e06c80aa9,实操题库_地面站考试条件_2026H1_航向相同相反题型.txt_7,2026H1,2026H1,航向相同相反题型,转弯停留循环设置,参数设置,转弯;循环,ground_station_exam_cases.csv
gskill_b9ad171faf4b,gsec_e25a30436d71,qbank_7f9e06c80aa9,实操题库_地面站考试条件_2026H1_航向相同相反题型.txt_7,2026H1,2026H1,航向相同相反题型,几何图形航线规划,几何计算,五边形;边长,ground_station_exam_cases.csv
gskill_c39de846ec18,gsec_e25a30436d71,qbank_7f9e06c80aa9,实操题库_地面站考试条件_2026H1_航向相同相反题型.txt_7,2026H1,2026H1,航向相同相反题型,起飞返航点定位,导航定位,起飞点,ground_station_exam_cases.csv
gskill_83b1c7b1920b,gsec_e25a30436d71,qbank_7f9e06c80aa9,实操题库_地面站考试条件_2026H1_航向相同相反题型.txt_7,2026H1,2026H1,航向相同相反题型,题型:航向相同相反,题型,航向相同相反题型,ground_station_exam_cases.csv
gskill_befee08123ba,gsec_c1b642a9e754,qbank_7f9e06c80aa9,实操题库_地面站考试条件_2026H1_航向相同相反题型.txt_8,2026H1,2026H1,航向相同相反题型,经纬度换算,导航定位,经纬度;N:;E:;N;E,ground_station_exam_cases.csv
gskill_75a7197ee740,gsec_c1b642a9e754,qbank_7f9e06c80aa9,实操题库_地面站考试条件_2026H1_航向相同相反题型.txt_8,2026H1,2026H1,航向相同相反题型,航向方位判断,导航定位,航向;方位;SE,ground_station_exam_cases.csv
gskill_4234803e9799,gsec_c1b642a9e754,qbank_7f9e06c80aa9,实操题库_地面站考试条件_2026H1_航向相同相反题型.txt_8,2026H1,2026H1,航向相同相反题型,夹角计算,几何计算,∠,ground_station_exam_cases.csv
gskill_80e812b524d3,gsec_c1b642a9e754,qbank_7f9e06c80aa9,实操题库_地面站考试条件_2026H1_航向相同相反题型.txt_8,2026H1,2026H1,航向相同相反题型,速度高度参数设置,参数设置,高度;速度;m/s,ground_station_exam_cases.csv
gskill_fe875ba50b1b,gsec_c1b642a9e754,qbank_7f9e06c80aa9,实操题库_地面站考试条件_2026H1_航向相同相反题型.txt_8,2026H1,2026H1,航向相同相反题型,转弯停留循环设置,参数设置,转弯;停留;循环,ground_station_exam_cases.csv
gskill_ae7b2f5dc740,gsec_c1b642a9e754,qbank_7f9e06c80aa9,实操题库_地面站考试条件_2026H1_航向相同相反题型.txt_8,2026H1,2026H1,航向相同相反题型,几何图形航线规划,几何计算,边长,ground_station_exam_cases.csv
gskill_2a627bb51427,gsec_c1b642a9e754,qbank_7f9e06c80aa9,实操题库_地面站考试条件_2026H1_航向相同相反题型.txt_8,2026H1,2026H1,航向相同相反题型,起飞返航点定位,导航定位,起飞点,ground_station_exam_cases.csv
gskill_22b7a32b0a4d,gsec_c1b642a9e754,qbank_7f9e06c80aa9,实操题库_地面站考试条件_2026H1_航向相同相反题型.txt_8,2026H1,2026H1,航向相同相反题型,题型:航向相同相反,题型,航向相同相反题型,ground_station_exam_cases.csv
gskill_f89056a876a2,gsec_bfbbf05bca5c,qbank_7f9e06c80aa9,实操题库_地面站考试条件_2026H1_航向相同相反题型.txt_9,2026H1,2026H1,航向相同相反题型,经纬度换算,导航定位,经纬度;N:;E:;N;E,ground_station_exam_cases.csv
gskill_c5381c596d63,gsec_bfbbf05bca5c,qbank_7f9e06c80aa9,实操题库_地面站考试条件_2026H1_航向相同相反题型.txt_9,2026H1,2026H1,航向相同相反题型,航向方位判断,导航定位,航向,ground_station_exam_cases.csv
gskill_cb4b5c0aec4f,gsec_bfbbf05bca5c,qbank_7f9e06c80aa9,实操题库_地面站考试条件_2026H1_航向相同相反题型.txt_9,2026H1,2026H1,航向相同相反题型,夹角计算,几何计算,∠,ground_station_exam_cases.csv
gskill_074c4860e329,gsec_bfbbf05bca5c,qbank_7f9e06c80aa9,实操题库_地面站考试条件_2026H1_航向相同相反题型.txt_9,2026H1,2026H1,航向相同相反题型,速度高度参数设置,参数设置,高度;速度;m/s,ground_station_exam_cases.csv
gskill_b07217d006c1,gsec_bfbbf05bca5c,qbank_7f9e06c80aa9,实操题库_地面站考试条件_2026H1_航向相同相反题型.txt_9,2026H1,2026H1,航向相同相反题型,转弯停留循环设置,参数设置,转弯;停留;循环;闭合,ground_station_exam_cases.csv
gskill_d3f6283d082a,gsec_bfbbf05bca5c,qbank_7f9e06c80aa9,实操题库_地面站考试条件_2026H1_航向相同相反题型.txt_9,2026H1,2026H1,航向相同相反题型,几何图形航线规划,几何计算,五边形;边长,ground_station_exam_cases.csv
gskill_e7093110ead2,gsec_bfbbf05bca5c,qbank_7f9e06c80aa9,实操题库_地面站考试条件_2026H1_航向相同相反题型.txt_9,2026H1,2026H1,航向相同相反题型,起飞返航点定位,导航定位,起飞点,ground_station_exam_cases.csv
gskill_872d302eda42,gsec_bfbbf05bca5c,qbank_7f9e06c80aa9,实操题库_地面站考试条件_2026H1_航向相同相反题型.txt_9,2026H1,2026H1,航向相同相反题型,题型:航向相同相反,题型,航向相同相反题型,ground_station_exam_cases.csv
gskill_0360ff686b4f,gsec_5c08a652a3ed,qbank_7f9e06c80aa9,实操题库_地面站考试条件_2026H1_航向相同相反题型.txt_10,2026H1,2026H1,航向相同相反题型,经纬度换算,导航定位,经纬度;N:;E:;N;E,ground_station_exam_cases.csv
gskill_d25d4927d381,gsec_5c08a652a3ed,qbank_7f9e06c80aa9,实操题库_地面站考试条件_2026H1_航向相同相反题型.txt_10,2026H1,2026H1,航向相同相反题型,航向方位判断,导航定位,航向,ground_station_exam_cases.csv
gskill_c81e87a9aa0e,gsec_5c08a652a3ed,qbank_7f9e06c80aa9,实操题库_地面站考试条件_2026H1_航向相同相反题型.txt_10,2026H1,2026H1,航向相同相反题型,夹角计算,几何计算,∠,ground_station_exam_cases.csv
gskill_e04881e2dd11,gsec_5c08a652a3ed,qbank_7f9e06c80aa9,实操题库_地面站考试条件_2026H1_航向相同相反题型.txt_10,2026H1,2026H1,航向相同相反题型,速度高度参数设置,参数设置,高度;速度;m/s,ground_station_exam_cases.csv
gskill_1398c553fa6e,gsec_5c08a652a3ed,qbank_7f9e06c80aa9,实操题库_地面站考试条件_2026H1_航向相同相反题型.txt_10,2026H1,2026H1,航向相同相反题型,转弯停留循环设置,参数设置,转弯;停留;循环;闭合,ground_station_exam_cases.csv
gskill_c310b4b10cdd,gsec_5c08a652a3ed,qbank_7f9e06c80aa9,实操题库_地面站考试条件_2026H1_航向相同相反题型.txt_10,2026H1,2026H1,航向相同相反题型,几何图形航线规划,几何计算,边长,ground_station_exam_cases.csv
gskill_22a00bc975e2,gsec_5c08a652a3ed,qbank_7f9e06c80aa9,实操题库_地面站考试条件_2026H1_航向相同相反题型.txt_10,2026H1,2026H1,航向相同相反题型,起飞返航点定位,导航定位,起飞点,ground_station_exam_cases.csv
gskill_39700174275a,gsec_5c08a652a3ed,qbank_7f9e06c80aa9,实操题库_地面站考试条件_2026H1_航向相同相反题型.txt_10,2026H1,2026H1,航向相同相反题型,题型:航向相同相反,题型,航向相同相反题型,ground_station_exam_cases.csv
gskill_98e4a7e4d579,gsec_4fabc63ee718,qbank_7f9e06c80aa9,实操题库_地面站考试条件_2026H1_航向相同相反题型.txt_11,2026H1,2026H1,航向相同相反题型,经纬度换算,导航定位,经纬度;E:;N;E,ground_station_exam_cases.csv
gskill_ab3305654a61,gsec_4fabc63ee718,qbank_7f9e06c80aa9,实操题库_地面站考试条件_2026H1_航向相同相反题型.txt_11,2026H1,2026H1,航向相同相反题型,航向方位判断,导航定位,航向,ground_station_exam_cases.csv
gskill_cc30e61dc0a0,gsec_4fabc63ee718,qbank_7f9e06c80aa9,实操题库_地面站考试条件_2026H1_航向相同相反题型.txt_11,2026H1,2026H1,航向相同相反题型,夹角计算,几何计算,∠,ground_station_exam_cases.csv
gskill_a4c75ed7eaec,gsec_4fabc63ee718,qbank_7f9e06c80aa9,实操题库_地面站考试条件_2026H1_航向相同相反题型.txt_11,2026H1,2026H1,航向相同相反题型,速度高度参数设置,参数设置,高度;速度;m/s,ground_station_exam_cases.csv
gskill_0455741e3bb1,gsec_4fabc63ee718,qbank_7f9e06c80aa9,实操题库_地面站考试条件_2026H1_航向相同相反题型.txt_11,2026H1,2026H1,航向相同相反题型,转弯停留循环设置,参数设置,转弯;停留;循环;闭合,ground_station_exam_cases.csv
gskill_457d384246e6,gsec_4fabc63ee718,qbank_7f9e06c80aa9,实操题库_地面站考试条件_2026H1_航向相同相反题型.txt_11,2026H1,2026H1,航向相同相反题型,几何图形航线规划,几何计算,五边形;边长,ground_station_exam_cases.csv
gskill_ca723395f819,gsec_4fabc63ee718,qbank_7f9e06c80aa9,实操题库_地面站考试条件_2026H1_航向相同相反题型.txt_11,2026H1,2026H1,航向相同相反题型,起飞返航点定位,导航定位,起飞点,ground_station_exam_cases.csv
gskill_2b4a899c88a0,gsec_4fabc63ee718,qbank_7f9e06c80aa9,实操题库_地面站考试条件_2026H1_航向相同相反题型.txt_11,2026H1,2026H1,航向相同相反题型,题型:航向相同相反,题型,航向相同相反题型,ground_station_exam_cases.csv
gskill_027d49b00fd5,gsec_e41d0781db4b,qbank_7f9e06c80aa9,实操题库_地面站考试条件_2026H1_航向相同相反题型.txt_12,2026H1,2026H1,航向相同相反题型,经纬度换算,导航定位,经纬度;N:;E:;N;E,ground_station_exam_cases.csv
gskill_93e7eb56cfcf,gsec_e41d0781db4b,qbank_7f9e06c80aa9,实操题库_地面站考试条件_2026H1_航向相同相反题型.txt_12,2026H1,2026H1,航向相同相反题型,航向方位判断,导航定位,航向,ground_station_exam_cases.csv
gskill_f6b4f8beb90c,gsec_e41d0781db4b,qbank_7f9e06c80aa9,实操题库_地面站考试条件_2026H1_航向相同相反题型.txt_12,2026H1,2026H1,航向相同相反题型,夹角计算,几何计算,∠,ground_station_exam_cases.csv
gskill_456896af5431,gsec_e41d0781db4b,qbank_7f9e06c80aa9,实操题库_地面站考试条件_2026H1_航向相同相反题型.txt_12,2026H1,2026H1,航向相同相反题型,速度高度参数设置,参数设置,高度;速度;m/s,ground_station_exam_cases.csv
gskill_f09ea9f249bc,gsec_e41d0781db4b,qbank_7f9e06c80aa9,实操题库_地面站考试条件_2026H1_航向相同相反题型.txt_12,2026H1,2026H1,航向相同相反题型,转弯停留循环设置,参数设置,转弯;停留;循环;闭合,ground_station_exam_cases.csv
gskill_dbf00519768e,gsec_e41d0781db4b,qbank_7f9e06c80aa9,实操题库_地面站考试条件_2026H1_航向相同相反题型.txt_12,2026H1,2026H1,航向相同相反题型,几何图形航线规划,几何计算,边长,ground_station_exam_cases.csv
gskill_59d6534e2bdf,gsec_e41d0781db4b,qbank_7f9e06c80aa9,实操题库_地面站考试条件_2026H1_航向相同相反题型.txt_12,2026H1,2026H1,航向相同相反题型,起飞返航点定位,导航定位,起飞点,ground_station_exam_cases.csv
gskill_95111a79957f,gsec_e41d0781db4b,qbank_7f9e06c80aa9,实操题库_地面站考试条件_2026H1_航向相同相反题型.txt_12,2026H1,2026H1,航向相同相反题型,题型:航向相同相反,题型,航向相同相反题型,ground_station_exam_cases.csv
gskill_71ace46d4c7c,gsec_4f429b03a7a8,qbank_7f9e06c80aa9,实操题库_地面站考试条件_2026H1_航向相同相反题型.txt_13,2026H1,2026H1,航向相同相反题型,经纬度换算,导航定位,经纬度;N:;E:;N;E,ground_station_exam_cases.csv
gskill_643823afa945,gsec_4f429b03a7a8,qbank_7f9e06c80aa9,实操题库_地面站考试条件_2026H1_航向相同相反题型.txt_13,2026H1,2026H1,航向相同相反题型,航向方位判断,导航定位,航向,ground_station_exam_cases.csv
gskill_1269b6ae70d0,gsec_4f429b03a7a8,qbank_7f9e06c80aa9,实操题库_地面站考试条件_2026H1_航向相同相反题型.txt_13,2026H1,2026H1,航向相同相反题型,夹角计算,几何计算,角,ground_station_exam_cases.csv
gskill_f64a6e15fd5e,gsec_4f429b03a7a8,qbank_7f9e06c80aa9,实操题库_地面站考试条件_2026H1_航向相同相反题型.txt_13,2026H1,2026H1,航向相同相反题型,速度高度参数设置,参数设置,高度;速度,ground_station_exam_cases.csv
gskill_d1a6d4f49151,gsec_4f429b03a7a8,qbank_7f9e06c80aa9,实操题库_地面站考试条件_2026H1_航向相同相反题型.txt_13,2026H1,2026H1,航向相同相反题型,转弯停留循环设置,参数设置,转弯;停留;循环;闭合,ground_station_exam_cases.csv
gskill_fbb4c5a489be,gsec_4f429b03a7a8,qbank_7f9e06c80aa9,实操题库_地面站考试条件_2026H1_航向相同相反题型.txt_13,2026H1,2026H1,航向相同相反题型,几何图形航线规划,几何计算,三角形;边长,ground_station_exam_cases.csv
gskill_59c198a6291b,gsec_4f429b03a7a8,qbank_7f9e06c80aa9,实操题库_地面站考试条件_2026H1_航向相同相反题型.txt_13,2026H1,2026H1,航向相同相反题型,起飞返航点定位,导航定位,起飞点,ground_station_exam_cases.csv
gskill_47d031ef3c0c,gsec_4f429b03a7a8,qbank_7f9e06c80aa9,实操题库_地面站考试条件_2026H1_航向相同相反题型.txt_13,2026H1,2026H1,航向相同相反题型,题型:航向相同相反,题型,航向相同相反题型,ground_station_exam_cases.csv
gskill_c400d16bf769,gsec_e4e48ce31b53,qbank_7f9e06c80aa9,实操题库_地面站考试条件_2026H1_航向相同相反题型.txt_14,2026H1,2026H1,航向相同相反题型,经纬度换算,导航定位,经纬度;N:;E:;N;E,ground_station_exam_cases.csv
gskill_1eb9ec1f1212,gsec_e4e48ce31b53,qbank_7f9e06c80aa9,实操题库_地面站考试条件_2026H1_航向相同相反题型.txt_14,2026H1,2026H1,航向相同相反题型,航向方位判断,导航定位,航向,ground_station_exam_cases.csv
gskill_29b9cfba176f,gsec_e4e48ce31b53,qbank_7f9e06c80aa9,实操题库_地面站考试条件_2026H1_航向相同相反题型.txt_14,2026H1,2026H1,航向相同相反题型,夹角计算,几何计算,∠,ground_station_exam_cases.csv
gskill_e4e8d6b1f3af,gsec_e4e48ce31b53,qbank_7f9e06c80aa9,实操题库_地面站考试条件_2026H1_航向相同相反题型.txt_14,2026H1,2026H1,航向相同相反题型,速度高度参数设置,参数设置,高度;速度;m/s,ground_station_exam_cases.csv
gskill_f77db70f75f2,gsec_e4e48ce31b53,qbank_7f9e06c80aa9,实操题库_地面站考试条件_2026H1_航向相同相反题型.txt_14,2026H1,2026H1,航向相同相反题型,转弯停留循环设置,参数设置,转弯;停留;循环;闭合,ground_station_exam_cases.csv
gskill_d9dd6d31cbe2,gsec_e4e48ce31b53,qbank_7f9e06c80aa9,实操题库_地面站考试条件_2026H1_航向相同相反题型.txt_14,2026H1,2026H1,航向相同相反题型,几何图形航线规划,几何计算,五边形;边长,ground_station_exam_cases.csv
gskill_326153f9a866,gsec_e4e48ce31b53,qbank_7f9e06c80aa9,实操题库_地面站考试条件_2026H1_航向相同相反题型.txt_14,2026H1,2026H1,航向相同相反题型,起飞返航点定位,导航定位,起飞点,ground_station_exam_cases.csv
gskill_0f4da5f87cb4,gsec_e4e48ce31b53,qbank_7f9e06c80aa9,实操题库_地面站考试条件_2026H1_航向相同相反题型.txt_14,2026H1,2026H1,航向相同相反题型,题型:航向相同相反,题型,航向相同相反题型,ground_station_exam_cases.csv
gskill_ab38b3e3f996,gsec_944ec91c46b9,qbank_7f9e06c80aa9,实操题库_地面站考试条件_2026H1_航向相同相反题型.txt_15,2026H1,2026H1,航向相同相反题型,经纬度换算,导航定位,经纬度;N:;E:;N;E,ground_station_exam_cases.csv
gskill_080b0d59cb6b,gsec_944ec91c46b9,qbank_7f9e06c80aa9,实操题库_地面站考试条件_2026H1_航向相同相反题型.txt_15,2026H1,2026H1,航向相同相反题型,航向方位判断,导航定位,航向;方位;NE,ground_station_exam_cases.csv
gskill_4a461f55f2f0,gsec_944ec91c46b9,qbank_7f9e06c80aa9,实操题库_地面站考试条件_2026H1_航向相同相反题型.txt_15,2026H1,2026H1,航向相同相反题型,速度高度参数设置,参数设置,高度;速度;m/s,ground_station_exam_cases.csv
gskill_1292a29630ac,gsec_944ec91c46b9,qbank_7f9e06c80aa9,实操题库_地面站考试条件_2026H1_航向相同相反题型.txt_15,2026H1,2026H1,航向相同相反题型,转弯停留循环设置,参数设置,转弯;停留;循环;闭合;不循环,ground_station_exam_cases.csv
gskill_dd2040111290,gsec_944ec91c46b9,qbank_7f9e06c80aa9,实操题库_地面站考试条件_2026H1_航向相同相反题型.txt_15,2026H1,2026H1,航向相同相反题型,起飞返航点定位,导航定位,起飞点,ground_station_exam_cases.csv
gskill_593e204f6da6,gsec_944ec91c46b9,qbank_7f9e06c80aa9,实操题库_地面站考试条件_2026H1_航向相同相反题型.txt_15,2026H1,2026H1,航向相同相反题型,题型:航向相同相反,题型,航向相同相反题型,ground_station_exam_cases.csv
gskill_085b9e80a3e8,gsec_b79464f4c8eb,qbank_7f9e06c80aa9,实操题库_地面站考试条件_2026H1_航向相同相反题型.txt_16,2026H1,2026H1,航向相同相反题型,经纬度换算,导航定位,经纬度;N:;E:;N;E,ground_station_exam_cases.csv
gskill_cbe8b84c4f91,gsec_b79464f4c8eb,qbank_7f9e06c80aa9,实操题库_地面站考试条件_2026H1_航向相同相反题型.txt_16,2026H1,2026H1,航向相同相反题型,航向方位判断,导航定位,航向;方位;SW,ground_station_exam_cases.csv
gskill_ec2cad8f2909,gsec_b79464f4c8eb,qbank_7f9e06c80aa9,实操题库_地面站考试条件_2026H1_航向相同相反题型.txt_16,2026H1,2026H1,航向相同相反题型,夹角计算,几何计算,∠,ground_station_exam_cases.csv
gskill_5b2038dbf16e,gsec_b79464f4c8eb,qbank_7f9e06c80aa9,实操题库_地面站考试条件_2026H1_航向相同相反题型.txt_16,2026H1,2026H1,航向相同相反题型,速度高度参数设置,参数设置,高度;速度;m/s,ground_station_exam_cases.csv
gskill_b54e43c3fe86,gsec_b79464f4c8eb,qbank_7f9e06c80aa9,实操题库_地面站考试条件_2026H1_航向相同相反题型.txt_16,2026H1,2026H1,航向相同相反题型,转弯停留循环设置,参数设置,转弯;停留;循环,ground_station_exam_cases.csv
gskill_7e28fe59582e,gsec_b79464f4c8eb,qbank_7f9e06c80aa9,实操题库_地面站考试条件_2026H1_航向相同相反题型.txt_16,2026H1,2026H1,航向相同相反题型,几何图形航线规划,几何计算,五边形;边长,ground_station_exam_cases.csv
gskill_83235996f541,gsec_b79464f4c8eb,qbank_7f9e06c80aa9,实操题库_地面站考试条件_2026H1_航向相同相反题型.txt_16,2026H1,2026H1,航向相同相反题型,起飞返航点定位,导航定位,起飞点,ground_station_exam_cases.csv
gskill_2121b736ad8e,gsec_b79464f4c8eb,qbank_7f9e06c80aa9,实操题库_地面站考试条件_2026H1_航向相同相反题型.txt_16,2026H1,2026H1,航向相同相反题型,题型:航向相同相反,题型,航向相同相反题型,ground_station_exam_cases.csv
gskill_bede52fd4343,gsec_c70877038fbc,qbank_7f9e06c80aa9,实操题库_地面站考试条件_2026H1_航向相同相反题型.txt_17,2026H1,2026H1,航向相同相反题型,经纬度换算,导航定位,经纬度;N:;E:;N;E,ground_station_exam_cases.csv
gskill_a85d78cdcc1d,gsec_c70877038fbc,qbank_7f9e06c80aa9,实操题库_地面站考试条件_2026H1_航向相同相反题型.txt_17,2026H1,2026H1,航向相同相反题型,航向方位判断,导航定位,方位;SE,ground_station_exam_cases.csv
gskill_3ff9d7e3d655,gsec_c70877038fbc,qbank_7f9e06c80aa9,实操题库_地面站考试条件_2026H1_航向相同相反题型.txt_17,2026H1,2026H1,航向相同相反题型,夹角计算,几何计算,∠,ground_station_exam_cases.csv
gskill_e7d51a24ff1d,gsec_c70877038fbc,qbank_7f9e06c80aa9,实操题库_地面站考试条件_2026H1_航向相同相反题型.txt_17,2026H1,2026H1,航向相同相反题型,速度高度参数设置,参数设置,高度;速度;m/s,ground_station_exam_cases.csv
gskill_3e76dffe81e8,gsec_c70877038fbc,qbank_7f9e06c80aa9,实操题库_地面站考试条件_2026H1_航向相同相反题型.txt_17,2026H1,2026H1,航向相同相反题型,转弯停留循环设置,参数设置,转弯;停留;循环,ground_station_exam_cases.csv
gskill_c4cbb27d245b,gsec_c70877038fbc,qbank_7f9e06c80aa9,实操题库_地面站考试条件_2026H1_航向相同相反题型.txt_17,2026H1,2026H1,航向相同相反题型,几何图形航线规划,几何计算,五边形;边长,ground_station_exam_cases.csv
gskill_461cc6a9d68a,gsec_c70877038fbc,qbank_7f9e06c80aa9,实操题库_地面站考试条件_2026H1_航向相同相反题型.txt_17,2026H1,2026H1,航向相同相反题型,起飞返航点定位,导航定位,起飞点,ground_station_exam_cases.csv
gskill_b7a04d926648,gsec_c70877038fbc,qbank_7f9e06c80aa9,实操题库_地面站考试条件_2026H1_航向相同相反题型.txt_17,2026H1,2026H1,航向相同相反题型,题型:航向相同相反,题型,航向相同相反题型,ground_station_exam_cases.csv
gskill_826ed9fd356a,gsec_7d7596f120c5,qbank_7f9e06c80aa9,实操题库_地面站考试条件_2026H1_航向相同相反题型.txt_18,2026H1,2026H1,航向相同相反题型,经纬度换算,导航定位,经纬度;N:;E:;N;E,ground_station_exam_cases.csv
gskill_f356dd102bf0,gsec_7d7596f120c5,qbank_7f9e06c80aa9,实操题库_地面站考试条件_2026H1_航向相同相反题型.txt_18,2026H1,2026H1,航向相同相反题型,航向方位判断,导航定位,航向,ground_station_exam_cases.csv
gskill_9716b43323d5,gsec_7d7596f120c5,qbank_7f9e06c80aa9,实操题库_地面站考试条件_2026H1_航向相同相反题型.txt_18,2026H1,2026H1,航向相同相反题型,速度高度参数设置,参数设置,高度;速度;m/s,ground_station_exam_cases.csv
gskill_bfb8f3e32aac,gsec_7d7596f120c5,qbank_7f9e06c80aa9,实操题库_地面站考试条件_2026H1_航向相同相反题型.txt_18,2026H1,2026H1,航向相同相反题型,转弯停留循环设置,参数设置,转弯;停留;循环;闭合;不循环,ground_station_exam_cases.csv
gskill_0acaed0f0212,gsec_7d7596f120c5,qbank_7f9e06c80aa9,实操题库_地面站考试条件_2026H1_航向相同相反题型.txt_18,2026H1,2026H1,航向相同相反题型,起飞返航点定位,导航定位,起飞点,ground_station_exam_cases.csv
gskill_0deed85fc1e2,gsec_7d7596f120c5,qbank_7f9e06c80aa9,实操题库_地面站考试条件_2026H1_航向相同相反题型.txt_18,2026H1,2026H1,航向相同相反题型,题型:航向相同相反,题型,航向相同相反题型,ground_station_exam_cases.csv
gskill_cd496cc23924,gsec_1c6a9280f016,qbank_7f9e06c80aa9,实操题库_地面站考试条件_2026H1_航向相同相反题型.txt_19,2026H1,2026H1,航向相同相反题型,经纬度换算,导航定位,经纬度;N:;E:;N;E,ground_station_exam_cases.csv
gskill_bf84439e9d52,gsec_1c6a9280f016,qbank_7f9e06c80aa9,实操题库_地面站考试条件_2026H1_航向相同相反题型.txt_19,2026H1,2026H1,航向相同相反题型,夹角计算,几何计算,∠,ground_station_exam_cases.csv
gskill_2b4d95916a73,gsec_1c6a9280f016,qbank_7f9e06c80aa9,实操题库_地面站考试条件_2026H1_航向相同相反题型.txt_19,2026H1,2026H1,航向相同相反题型,速度高度参数设置,参数设置,高度;速度;m/s,ground_station_exam_cases.csv
gskill_6f6a4c753564,gsec_1c6a9280f016,qbank_7f9e06c80aa9,实操题库_地面站考试条件_2026H1_航向相同相反题型.txt_19,2026H1,2026H1,航向相同相反题型,转弯停留循环设置,参数设置,转弯;停留;循环;闭合,ground_station_exam_cases.csv
gskill_0fbb62405d85,gsec_1c6a9280f016,qbank_7f9e06c80aa9,实操题库_地面站考试条件_2026H1_航向相同相反题型.txt_19,2026H1,2026H1,航向相同相反题型,几何图形航线规划,几何计算,五边形;边长,ground_station_exam_cases.csv
gskill_c0c7505ecbb8,gsec_1c6a9280f016,qbank_7f9e06c80aa9,实操题库_地面站考试条件_2026H1_航向相同相反题型.txt_19,2026H1,2026H1,航向相同相反题型,起飞返航点定位,导航定位,起飞点,ground_station_exam_cases.csv
gskill_b6e29be5ba70,gsec_1c6a9280f016,qbank_7f9e06c80aa9,实操题库_地面站考试条件_2026H1_航向相同相反题型.txt_19,2026H1,2026H1,航向相同相反题型,题型:航向相同相反,题型,航向相同相反题型,ground_station_exam_cases.csv
gskill_3983fc60ddef,gsec_0df8e29ba10c,qbank_7f9e06c80aa9,实操题库_地面站考试条件_2026H1_航向相同相反题型.txt_20,2026H1,2026H1,航向相同相反题型,经纬度换算,导航定位,经纬度;N:;E:;N;E,ground_station_exam_cases.csv
gskill_519803210fab,gsec_0df8e29ba10c,qbank_7f9e06c80aa9,实操题库_地面站考试条件_2026H1_航向相同相反题型.txt_20,2026H1,2026H1,航向相同相反题型,夹角计算,几何计算,∠,ground_station_exam_cases.csv
gskill_e9e702c4b0b4,gsec_0df8e29ba10c,qbank_7f9e06c80aa9,实操题库_地面站考试条件_2026H1_航向相同相反题型.txt_20,2026H1,2026H1,航向相同相反题型,速度高度参数设置,参数设置,高度;速度;m/s,ground_station_exam_cases.csv
gskill_34232c21dddb,gsec_0df8e29ba10c,qbank_7f9e06c80aa9,实操题库_地面站考试条件_2026H1_航向相同相反题型.txt_20,2026H1,2026H1,航向相同相反题型,转弯停留循环设置,参数设置,转弯;停留;循环;闭合,ground_station_exam_cases.csv
gskill_069be2624259,gsec_0df8e29ba10c,qbank_7f9e06c80aa9,实操题库_地面站考试条件_2026H1_航向相同相反题型.txt_20,2026H1,2026H1,航向相同相反题型,几何图形航线规划,几何计算,边长,ground_station_exam_cases.csv
gskill_3c752619f5a1,gsec_0df8e29ba10c,qbank_7f9e06c80aa9,实操题库_地面站考试条件_2026H1_航向相同相反题型.txt_20,2026H1,2026H1,航向相同相反题型,起飞返航点定位,导航定位,起飞点,ground_station_exam_cases.csv
gskill_8b1db05b6cfa,gsec_0df8e29ba10c,qbank_7f9e06c80aa9,实操题库_地面站考试条件_2026H1_航向相同相反题型.txt_20,2026H1,2026H1,航向相同相反题型,题型:航向相同相反,题型,航向相同相反题型,ground_station_exam_cases.csv
gskill_277b9e6e0d35,gsec_171b7ba82c14,qbank_7f9e06c80aa9,实操题库_地面站考试条件_2026H1_航向相同相反题型.txt_21,2026H1,2026H1,航向相同相反题型,经纬度换算,导航定位,经纬度;N:;E:;N;E,ground_station_exam_cases.csv
gskill_8c313f44e3be,gsec_171b7ba82c14,qbank_7f9e06c80aa9,实操题库_地面站考试条件_2026H1_航向相同相反题型.txt_21,2026H1,2026H1,航向相同相反题型,航向方位判断,导航定位,航向;方位;SE,ground_station_exam_cases.csv
gskill_536751d90a99,gsec_171b7ba82c14,qbank_7f9e06c80aa9,实操题库_地面站考试条件_2026H1_航向相同相反题型.txt_21,2026H1,2026H1,航向相同相反题型,速度高度参数设置,参数设置,高度;速度;m/s,ground_station_exam_cases.csv
gskill_0ad9be159ef1,gsec_171b7ba82c14,qbank_7f9e06c80aa9,实操题库_地面站考试条件_2026H1_航向相同相反题型.txt_21,2026H1,2026H1,航向相同相反题型,转弯停留循环设置,参数设置,转弯;停留;循环;闭合;不循环,ground_station_exam_cases.csv
gskill_9e3d82758ff1,gsec_171b7ba82c14,qbank_7f9e06c80aa9,实操题库_地面站考试条件_2026H1_航向相同相反题型.txt_21,2026H1,2026H1,航向相同相反题型,起飞返航点定位,导航定位,起飞点,ground_station_exam_cases.csv
gskill_8b42509991c9,gsec_171b7ba82c14,qbank_7f9e06c80aa9,实操题库_地面站考试条件_2026H1_航向相同相反题型.txt_21,2026H1,2026H1,航向相同相反题型,题型:航向相同相反,题型,航向相同相反题型,ground_station_exam_cases.csv
gskill_63a7f4a1ec13,gsec_469162ed4ec2,qbank_7f9e06c80aa9,实操题库_地面站考试条件_2026H1_航向相同相反题型.txt_22,2026H1,2026H1,航向相同相反题型,经纬度换算,导航定位,经纬度;N:;E:;N;E,ground_station_exam_cases.csv
gskill_69315e2771c7,gsec_469162ed4ec2,qbank_7f9e06c80aa9,实操题库_地面站考试条件_2026H1_航向相同相反题型.txt_22,2026H1,2026H1,航向相同相反题型,航向方位判断,导航定位,航向;方位;SE,ground_station_exam_cases.csv
gskill_c99c4eb73b78,gsec_469162ed4ec2,qbank_7f9e06c80aa9,实操题库_地面站考试条件_2026H1_航向相同相反题型.txt_22,2026H1,2026H1,航向相同相反题型,速度高度参数设置,参数设置,高度;速度;m/s,ground_station_exam_cases.csv
gskill_11dadc9c4fcc,gsec_469162ed4ec2,qbank_7f9e06c80aa9,实操题库_地面站考试条件_2026H1_航向相同相反题型.txt_22,2026H1,2026H1,航向相同相反题型,转弯停留循环设置,参数设置,转弯;停留;循环;闭合;不循环,ground_station_exam_cases.csv
gskill_67340f0eb6f3,gsec_469162ed4ec2,qbank_7f9e06c80aa9,实操题库_地面站考试条件_2026H1_航向相同相反题型.txt_22,2026H1,2026H1,航向相同相反题型,起飞返航点定位,导航定位,起飞点,ground_station_exam_cases.csv
gskill_760590c07b61,gsec_469162ed4ec2,qbank_7f9e06c80aa9,实操题库_地面站考试条件_2026H1_航向相同相反题型.txt_22,2026H1,2026H1,航向相同相反题型,题型:航向相同相反,题型,航向相同相反题型,ground_station_exam_cases.csv
gskill_5450676563cd,gsec_c2754c70ce4f,qbank_7f9e06c80aa9,实操题库_地面站考试条件_2026H1_航向相同相反题型.txt_23,2026H1,2026H1,航向相同相反题型,经纬度换算,导航定位,经纬度;N:;E:;N;E,ground_station_exam_cases.csv
gskill_e3de484cc979,gsec_c2754c70ce4f,qbank_7f9e06c80aa9,实操题库_地面站考试条件_2026H1_航向相同相反题型.txt_23,2026H1,2026H1,航向相同相反题型,航向方位判断,导航定位,方位;SE,ground_station_exam_cases.csv
gskill_641fa37a6d03,gsec_c2754c70ce4f,qbank_7f9e06c80aa9,实操题库_地面站考试条件_2026H1_航向相同相反题型.txt_23,2026H1,2026H1,航向相同相反题型,夹角计算,几何计算,∠,ground_station_exam_cases.csv
gskill_4d5b4f110e10,gsec_c2754c70ce4f,qbank_7f9e06c80aa9,实操题库_地面站考试条件_2026H1_航向相同相反题型.txt_23,2026H1,2026H1,航向相同相反题型,速度高度参数设置,参数设置,高度;速度;m/s,ground_station_exam_cases.csv
gskill_8a6d311ac605,gsec_c2754c70ce4f,qbank_7f9e06c80aa9,实操题库_地面站考试条件_2026H1_航向相同相反题型.txt_23,2026H1,2026H1,航向相同相反题型,转弯停留循环设置,参数设置,转弯;停留;循环,ground_station_exam_cases.csv
gskill_1b70c562a675,gsec_c2754c70ce4f,qbank_7f9e06c80aa9,实操题库_地面站考试条件_2026H1_航向相同相反题型.txt_23,2026H1,2026H1,航向相同相反题型,几何图形航线规划,几何计算,边长,ground_station_exam_cases.csv
gskill_501f92fb3f40,gsec_c2754c70ce4f,qbank_7f9e06c80aa9,实操题库_地面站考试条件_2026H1_航向相同相反题型.txt_23,2026H1,2026H1,航向相同相反题型,起飞返航点定位,导航定位,起飞点,ground_station_exam_cases.csv
gskill_931e0759448e,gsec_c2754c70ce4f,qbank_7f9e06c80aa9,实操题库_地面站考试条件_2026H1_航向相同相反题型.txt_23,2026H1,2026H1,航向相同相反题型,题型:航向相同相反,题型,航向相同相反题型,ground_station_exam_cases.csv
gskill_cefe25c41435,gsec_139b346556e3,qbank_7f9e06c80aa9,实操题库_地面站考试条件_2026H1_航向相同相反题型.txt_24,2026H1,2026H1,航向相同相反题型,经纬度换算,导航定位,经纬度;N:;E:;N;E,ground_station_exam_cases.csv
gskill_1ee6a83e789c,gsec_139b346556e3,qbank_7f9e06c80aa9,实操题库_地面站考试条件_2026H1_航向相同相反题型.txt_24,2026H1,2026H1,航向相同相反题型,航向方位判断,导航定位,航向;方位,ground_station_exam_cases.csv
gskill_3e47244cf6cb,gsec_139b346556e3,qbank_7f9e06c80aa9,实操题库_地面站考试条件_2026H1_航向相同相反题型.txt_24,2026H1,2026H1,航向相同相反题型,夹角计算,几何计算,角,ground_station_exam_cases.csv
gskill_062aeee0e971,gsec_139b346556e3,qbank_7f9e06c80aa9,实操题库_地面站考试条件_2026H1_航向相同相反题型.txt_24,2026H1,2026H1,航向相同相反题型,速度高度参数设置,参数设置,高度;速度;m/s,ground_station_exam_cases.csv
gskill_24dd96950585,gsec_139b346556e3,qbank_7f9e06c80aa9,实操题库_地面站考试条件_2026H1_航向相同相反题型.txt_24,2026H1,2026H1,航向相同相反题型,转弯停留循环设置,参数设置,转弯;停留;循环,ground_station_exam_cases.csv
gskill_374dde37626d,gsec_139b346556e3,qbank_7f9e06c80aa9,实操题库_地面站考试条件_2026H1_航向相同相反题型.txt_24,2026H1,2026H1,航向相同相反题型,几何图形航线规划,几何计算,三角形;边长,ground_station_exam_cases.csv
gskill_c8e4d4a76294,gsec_139b346556e3,qbank_7f9e06c80aa9,实操题库_地面站考试条件_2026H1_航向相同相反题型.txt_24,2026H1,2026H1,航向相同相反题型,起飞返航点定位,导航定位,起飞点,ground_station_exam_cases.csv
gskill_3cdaebb8a8b4,gsec_139b346556e3,qbank_7f9e06c80aa9,实操题库_地面站考试条件_2026H1_航向相同相反题型.txt_24,2026H1,2026H1,航向相同相反题型,题型:航向相同相反,题型,航向相同相反题型,ground_station_exam_cases.csv
gskill_9cde32127214,gsec_055f9ff14e17,qbank_7f9e06c80aa9,实操题库_地面站考试条件_2026H1_航向相同相反题型.txt_25,2026H1,2026H1,航向相同相反题型,经纬度换算,导航定位,经纬度;N:;E:;N;E,ground_station_exam_cases.csv
gskill_54c5132093d0,gsec_055f9ff14e17,qbank_7f9e06c80aa9,实操题库_地面站考试条件_2026H1_航向相同相反题型.txt_25,2026H1,2026H1,航向相同相反题型,航向方位判断,导航定位,航向;方位,ground_station_exam_cases.csv
gskill_bb4003cac338,gsec_055f9ff14e17,qbank_7f9e06c80aa9,实操题库_地面站考试条件_2026H1_航向相同相反题型.txt_25,2026H1,2026H1,航向相同相反题型,夹角计算,几何计算,∠;角,ground_station_exam_cases.csv
gskill_a676bcb3baf4,gsec_055f9ff14e17,qbank_7f9e06c80aa9,实操题库_地面站考试条件_2026H1_航向相同相反题型.txt_25,2026H1,2026H1,航向相同相反题型,速度高度参数设置,参数设置,高度;速度;m/s,ground_station_exam_cases.csv
gskill_c958cbfdb4ea,gsec_055f9ff14e17,qbank_7f9e06c80aa9,实操题库_地面站考试条件_2026H1_航向相同相反题型.txt_25,2026H1,2026H1,航向相同相反题型,转弯停留循环设置,参数设置,转弯;停留;循环,ground_station_exam_cases.csv
gskill_15d116bbae19,gsec_055f9ff14e17,qbank_7f9e06c80aa9,实操题库_地面站考试条件_2026H1_航向相同相反题型.txt_25,2026H1,2026H1,航向相同相反题型,几何图形航线规划,几何计算,三角形;边长,ground_station_exam_cases.csv
gskill_6633c933f73f,gsec_055f9ff14e17,qbank_7f9e06c80aa9,实操题库_地面站考试条件_2026H1_航向相同相反题型.txt_25,2026H1,2026H1,航向相同相反题型,起飞返航点定位,导航定位,起飞点,ground_station_exam_cases.csv
gskill_c19c4a742fdc,gsec_055f9ff14e17,qbank_7f9e06c80aa9,实操题库_地面站考试条件_2026H1_航向相同相反题型.txt_25,2026H1,2026H1,航向相同相反题型,题型:航向相同相反,题型,航向相同相反题型,ground_station_exam_cases.csv
gskill_1c2468477a33,gsec_22e8afac8554,qbank_7f9e06c80aa9,实操题库_地面站考试条件_2026H1_航向相同相反题型.txt_26,2026H1,2026H1,航向相同相反题型,经纬度换算,导航定位,经纬度;N:;E:;N;E,ground_station_exam_cases.csv
gskill_ed3e50c205d6,gsec_22e8afac8554,qbank_7f9e06c80aa9,实操题库_地面站考试条件_2026H1_航向相同相反题型.txt_26,2026H1,2026H1,航向相同相反题型,航向方位判断,导航定位,航向;方位,ground_station_exam_cases.csv
gskill_1b758f48c163,gsec_22e8afac8554,qbank_7f9e06c80aa9,实操题库_地面站考试条件_2026H1_航向相同相反题型.txt_26,2026H1,2026H1,航向相同相反题型,夹角计算,几何计算,∠;角,ground_station_exam_cases.csv
gskill_dc3d06330e57,gsec_22e8afac8554,qbank_7f9e06c80aa9,实操题库_地面站考试条件_2026H1_航向相同相反题型.txt_26,2026H1,2026H1,航向相同相反题型,速度高度参数设置,参数设置,高度;速度;m/s,ground_station_exam_cases.csv
gskill_fe015f6c627b,gsec_22e8afac8554,qbank_7f9e06c80aa9,实操题库_地面站考试条件_2026H1_航向相同相反题型.txt_26,2026H1,2026H1,航向相同相反题型,转弯停留循环设置,参数设置,转弯;停留;循环,ground_station_exam_cases.csv
gskill_b1604eddcd03,gsec_22e8afac8554,qbank_7f9e06c80aa9,实操题库_地面站考试条件_2026H1_航向相同相反题型.txt_26,2026H1,2026H1,航向相同相反题型,几何图形航线规划,几何计算,三角形;边长,ground_station_exam_cases.csv
gskill_01b65dc5772c,gsec_22e8afac8554,qbank_7f9e06c80aa9,实操题库_地面站考试条件_2026H1_航向相同相反题型.txt_26,2026H1,2026H1,航向相同相反题型,起飞返航点定位,导航定位,起飞点,ground_station_exam_cases.csv
gskill_fd272e445245,gsec_22e8afac8554,qbank_7f9e06c80aa9,实操题库_地面站考试条件_2026H1_航向相同相反题型.txt_26,2026H1,2026H1,航向相同相反题型,题型:航向相同相反,题型,航向相同相反题型,ground_station_exam_cases.csv
gskill_7ad3bcbdac08,gsec_9810902d29c0,qbank_7f9e06c80aa9,实操题库_地面站考试条件_2026H1_航向相同相反题型.txt_27,2026H1,2026H1,航向相同相反题型,经纬度换算,导航定位,经纬度;N:;E:;N;E,ground_station_exam_cases.csv
gskill_6384dbd47991,gsec_9810902d29c0,qbank_7f9e06c80aa9,实操题库_地面站考试条件_2026H1_航向相同相反题型.txt_27,2026H1,2026H1,航向相同相反题型,航向方位判断,导航定位,航向;方位,ground_station_exam_cases.csv
gskill_7ad4e7f80b0b,gsec_9810902d29c0,qbank_7f9e06c80aa9,实操题库_地面站考试条件_2026H1_航向相同相反题型.txt_27,2026H1,2026H1,航向相同相反题型,夹角计算,几何计算,角,ground_station_exam_cases.csv
gskill_cb8bd60c99c4,gsec_9810902d29c0,qbank_7f9e06c80aa9,实操题库_地面站考试条件_2026H1_航向相同相反题型.txt_27,2026H1,2026H1,航向相同相反题型,速度高度参数设置,参数设置,高度;速度;m/s,ground_station_exam_cases.csv
gskill_e3e9ce2008d9,gsec_9810902d29c0,qbank_7f9e06c80aa9,实操题库_地面站考试条件_2026H1_航向相同相反题型.txt_27,2026H1,2026H1,航向相同相反题型,转弯停留循环设置,参数设置,转弯;循环;闭合,ground_station_exam_cases.csv
gskill_bc65a9cba44c,gsec_9810902d29c0,qbank_7f9e06c80aa9,实操题库_地面站考试条件_2026H1_航向相同相反题型.txt_27,2026H1,2026H1,航向相同相反题型,几何图形航线规划,几何计算,三角形;边长,ground_station_exam_cases.csv
gskill_f3837e6c7181,gsec_9810902d29c0,qbank_7f9e06c80aa9,实操题库_地面站考试条件_2026H1_航向相同相反题型.txt_27,2026H1,2026H1,航向相同相反题型,起飞返航点定位,导航定位,起飞点,ground_station_exam_cases.csv
gskill_ebfdf5977ecb,gsec_9810902d29c0,qbank_7f9e06c80aa9,实操题库_地面站考试条件_2026H1_航向相同相反题型.txt_27,2026H1,2026H1,航向相同相反题型,题型:航向相同相反,题型,航向相同相反题型,ground_station_exam_cases.csv
gskill_c64ed75a4e94,gsec_e82c1c09fc9b,qbank_7f9e06c80aa9,实操题库_地面站考试条件_2026H1_航向相同相反题型.txt_28,2026H1,2026H1,航向相同相反题型,经纬度换算,导航定位,经纬度;N:;E:;N;E,ground_station_exam_cases.csv
gskill_68cfd534381d,gsec_e82c1c09fc9b,qbank_7f9e06c80aa9,实操题库_地面站考试条件_2026H1_航向相同相反题型.txt_28,2026H1,2026H1,航向相同相反题型,航向方位判断,导航定位,航向;方位,ground_station_exam_cases.csv
gskill_eae996d2203c,gsec_e82c1c09fc9b,qbank_7f9e06c80aa9,实操题库_地面站考试条件_2026H1_航向相同相反题型.txt_28,2026H1,2026H1,航向相同相反题型,夹角计算,几何计算,∠;角,ground_station_exam_cases.csv
gskill_3224681489e6,gsec_e82c1c09fc9b,qbank_7f9e06c80aa9,实操题库_地面站考试条件_2026H1_航向相同相反题型.txt_28,2026H1,2026H1,航向相同相反题型,速度高度参数设置,参数设置,高度;速度;m/s,ground_station_exam_cases.csv
gskill_017dc1a8fee5,gsec_e82c1c09fc9b,qbank_7f9e06c80aa9,实操题库_地面站考试条件_2026H1_航向相同相反题型.txt_28,2026H1,2026H1,航向相同相反题型,转弯停留循环设置,参数设置,转弯;停留;循环;闭合,ground_station_exam_cases.csv
gskill_28e09b73e86b,gsec_e82c1c09fc9b,qbank_7f9e06c80aa9,实操题库_地面站考试条件_2026H1_航向相同相反题型.txt_28,2026H1,2026H1,航向相同相反题型,几何图形航线规划,几何计算,三角形;边长,ground_station_exam_cases.csv
gskill_f75c11b708a6,gsec_e82c1c09fc9b,qbank_7f9e06c80aa9,实操题库_地面站考试条件_2026H1_航向相同相反题型.txt_28,2026H1,2026H1,航向相同相反题型,起飞返航点定位,导航定位,起飞点,ground_station_exam_cases.csv
gskill_02a5e85177ba,gsec_e82c1c09fc9b,qbank_7f9e06c80aa9,实操题库_地面站考试条件_2026H1_航向相同相反题型.txt_28,2026H1,2026H1,航向相同相反题型,题型:航向相同相反,题型,航向相同相反题型,ground_station_exam_cases.csv
gskill_5967f9bb99b8,gsec_12c00725c299,qbank_7f9e06c80aa9,实操题库_地面站考试条件_2026H1_航向相同相反题型.txt_29,2026H1,2026H1,航向相同相反题型,经纬度换算,导航定位,经纬度;N:;E:;N;E,ground_station_exam_cases.csv
gskill_60de5b8ffbab,gsec_12c00725c299,qbank_7f9e06c80aa9,实操题库_地面站考试条件_2026H1_航向相同相反题型.txt_29,2026H1,2026H1,航向相同相反题型,航向方位判断,导航定位,航向;方位,ground_station_exam_cases.csv
gskill_e0543a9536c8,gsec_12c00725c299,qbank_7f9e06c80aa9,实操题库_地面站考试条件_2026H1_航向相同相反题型.txt_29,2026H1,2026H1,航向相同相反题型,速度高度参数设置,参数设置,高度;速度;m/s,ground_station_exam_cases.csv
gskill_89b5651ff084,gsec_12c00725c299,qbank_7f9e06c80aa9,实操题库_地面站考试条件_2026H1_航向相同相反题型.txt_29,2026H1,2026H1,航向相同相反题型,转弯停留循环设置,参数设置,转弯;停留;循环;闭合;不循环,ground_station_exam_cases.csv
gskill_80ef9c13aac5,gsec_12c00725c299,qbank_7f9e06c80aa9,实操题库_地面站考试条件_2026H1_航向相同相反题型.txt_29,2026H1,2026H1,航向相同相反题型,起飞返航点定位,导航定位,起飞点,ground_station_exam_cases.csv
gskill_5b612682c391,gsec_12c00725c299,qbank_7f9e06c80aa9,实操题库_地面站考试条件_2026H1_航向相同相反题型.txt_29,2026H1,2026H1,航向相同相反题型,题型:航向相同相反,题型,航向相同相反题型,ground_station_exam_cases.csv
gskill_11eb6c99df80,gsec_75268d887784,qbank_7f9e06c80aa9,实操题库_地面站考试条件_2026H1_航向相同相反题型.txt_30,2026H1,2026H1,航向相同相反题型,经纬度换算,导航定位,坐标;N:;E:;N;E,ground_station_exam_cases.csv
gskill_496dc9155973,gsec_75268d887784,qbank_7f9e06c80aa9,实操题库_地面站考试条件_2026H1_航向相同相反题型.txt_30,2026H1,2026H1,航向相同相反题型,航向方位判断,导航定位,航向;方位,ground_station_exam_cases.csv
gskill_5f08398f4b28,gsec_75268d887784,qbank_7f9e06c80aa9,实操题库_地面站考试条件_2026H1_航向相同相反题型.txt_30,2026H1,2026H1,航向相同相反题型,夹角计算,几何计算,∠,ground_station_exam_cases.csv
gskill_339e5f286340,gsec_75268d887784,qbank_7f9e06c80aa9,实操题库_地面站考试条件_2026H1_航向相同相反题型.txt_30,2026H1,2026H1,航向相同相反题型,速度高度参数设置,参数设置,高度;速度;m/s,ground_station_exam_cases.csv
gskill_971801bc7cf7,gsec_75268d887784,qbank_7f9e06c80aa9,实操题库_地面站考试条件_2026H1_航向相同相反题型.txt_30,2026H1,2026H1,航向相同相反题型,转弯停留循环设置,参数设置,转弯;停留;循环,ground_station_exam_cases.csv
gskill_29383c9d9354,gsec_75268d887784,qbank_7f9e06c80aa9,实操题库_地面站考试条件_2026H1_航向相同相反题型.txt_30,2026H1,2026H1,航向相同相反题型,几何图形航线规划,几何计算,五边形;边长,ground_station_exam_cases.csv
gskill_eb315826b23d,gsec_75268d887784,qbank_7f9e06c80aa9,实操题库_地面站考试条件_2026H1_航向相同相反题型.txt_30,2026H1,2026H1,航向相同相反题型,起飞返航点定位,导航定位,起飞点,ground_station_exam_cases.csv
gskill_5eaa664447ba,gsec_75268d887784,qbank_7f9e06c80aa9,实操题库_地面站考试条件_2026H1_航向相同相反题型.txt_30,2026H1,2026H1,航向相同相反题型,题型:航向相同相反,题型,航向相同相反题型,ground_station_exam_cases.csv
gskill_91a81fd3aafc,gsec_0092b34a2746,qbank_7f9e06c80aa9,实操题库_地面站考试条件_2026H1_航向相同相反题型.txt_31,2026H1,2026H1,航向相同相反题型,航向方位判断,导航定位,航向,ground_station_exam_cases.csv
gskill_9b327c9cbabc,gsec_0092b34a2746,qbank_7f9e06c80aa9,实操题库_地面站考试条件_2026H1_航向相同相反题型.txt_31,2026H1,2026H1,航向相同相反题型,夹角计算,几何计算,∠;角,ground_station_exam_cases.csv
gskill_00197f3892a3,gsec_0092b34a2746,qbank_7f9e06c80aa9,实操题库_地面站考试条件_2026H1_航向相同相反题型.txt_31,2026H1,2026H1,航向相同相反题型,速度高度参数设置,参数设置,高度;速度;m/s,ground_station_exam_cases.csv
gskill_c021b777f2e5,gsec_0092b34a2746,qbank_7f9e06c80aa9,实操题库_地面站考试条件_2026H1_航向相同相反题型.txt_31,2026H1,2026H1,航向相同相反题型,转弯停留循环设置,参数设置,转弯;停留;循环;闭合,ground_station_exam_cases.csv
gskill_3bc371908b50,gsec_0092b34a2746,qbank_7f9e06c80aa9,实操题库_地面站考试条件_2026H1_航向相同相反题型.txt_31,2026H1,2026H1,航向相同相反题型,几何图形航线规划,几何计算,三角形;边长,ground_station_exam_cases.csv
gskill_9aa750ef13a9,gsec_0092b34a2746,qbank_7f9e06c80aa9,实操题库_地面站考试条件_2026H1_航向相同相反题型.txt_31,2026H1,2026H1,航向相同相反题型,起飞返航点定位,导航定位,起飞点,ground_station_exam_cases.csv
gskill_e73f187cfea0,gsec_0092b34a2746,qbank_7f9e06c80aa9,实操题库_地面站考试条件_2026H1_航向相同相反题型.txt_31,2026H1,2026H1,航向相同相反题型,题型:航向相同相反,题型,航向相同相反题型,ground_station_exam_cases.csv
gskill_f25b51ebf9cc,gsec_b0445e980e6a,qbank_7f9e06c80aa9,实操题库_地面站考试条件_2026H1_航向相同相反题型.txt_32,2026H1,2026H1,航向相同相反题型,经纬度换算,导航定位,经纬度;N:;E:;N;E,ground_station_exam_cases.csv
gskill_641ffceb5edd,gsec_b0445e980e6a,qbank_7f9e06c80aa9,实操题库_地面站考试条件_2026H1_航向相同相反题型.txt_32,2026H1,2026H1,航向相同相反题型,航向方位判断,导航定位,航向,ground_station_exam_cases.csv
gskill_d43ccf269a7f,gsec_b0445e980e6a,qbank_7f9e06c80aa9,实操题库_地面站考试条件_2026H1_航向相同相反题型.txt_32,2026H1,2026H1,航向相同相反题型,夹角计算,几何计算,∠,ground_station_exam_cases.csv
gskill_8bdfc22d2a32,gsec_b0445e980e6a,qbank_7f9e06c80aa9,实操题库_地面站考试条件_2026H1_航向相同相反题型.txt_32,2026H1,2026H1,航向相同相反题型,速度高度参数设置,参数设置,高度;速度;m/s,ground_station_exam_cases.csv
gskill_7be5537c5f59,gsec_b0445e980e6a,qbank_7f9e06c80aa9,实操题库_地面站考试条件_2026H1_航向相同相反题型.txt_32,2026H1,2026H1,航向相同相反题型,转弯停留循环设置,参数设置,转弯;停留;循环;闭合,ground_station_exam_cases.csv
gskill_36d05b59437e,gsec_b0445e980e6a,qbank_7f9e06c80aa9,实操题库_地面站考试条件_2026H1_航向相同相反题型.txt_32,2026H1,2026H1,航向相同相反题型,几何图形航线规划,几何计算,边长,ground_station_exam_cases.csv
gskill_5314b12d395c,gsec_b0445e980e6a,qbank_7f9e06c80aa9,实操题库_地面站考试条件_2026H1_航向相同相反题型.txt_32,2026H1,2026H1,航向相同相反题型,起飞返航点定位,导航定位,起飞点,ground_station_exam_cases.csv
gskill_ddbd2d73ee94,gsec_b0445e980e6a,qbank_7f9e06c80aa9,实操题库_地面站考试条件_2026H1_航向相同相反题型.txt_32,2026H1,2026H1,航向相同相反题型,题型:航向相同相反,题型,航向相同相反题型,ground_station_exam_cases.csv
gskill_933e9b285416,gsec_7c3da5c6fed3,qbank_7f9e06c80aa9,实操题库_地面站考试条件_2026H1_航向相同相反题型.txt_33,2026H1,2026H1,航向相同相反题型,经纬度换算,导航定位,经纬度;N:;E:;N;E,ground_station_exam_cases.csv
gskill_3505567fe16f,gsec_7c3da5c6fed3,qbank_7f9e06c80aa9,实操题库_地面站考试条件_2026H1_航向相同相反题型.txt_33,2026H1,2026H1,航向相同相反题型,航向方位判断,导航定位,航向;方位,ground_station_exam_cases.csv
gskill_ed87d70b6faa,gsec_7c3da5c6fed3,qbank_7f9e06c80aa9,实操题库_地面站考试条件_2026H1_航向相同相反题型.txt_33,2026H1,2026H1,航向相同相反题型,夹角计算,几何计算,∠,ground_station_exam_cases.csv
gskill_63a04c88f40d,gsec_7c3da5c6fed3,qbank_7f9e06c80aa9,实操题库_地面站考试条件_2026H1_航向相同相反题型.txt_33,2026H1,2026H1,航向相同相反题型,速度高度参数设置,参数设置,高度;速度;m/s,ground_station_exam_cases.csv
gskill_bf183381d4a5,gsec_7c3da5c6fed3,qbank_7f9e06c80aa9,实操题库_地面站考试条件_2026H1_航向相同相反题型.txt_33,2026H1,2026H1,航向相同相反题型,转弯停留循环设置,参数设置,转弯;停留;循环;闭合,ground_station_exam_cases.csv
gskill_272f3377dd29,gsec_7c3da5c6fed3,qbank_7f9e06c80aa9,实操题库_地面站考试条件_2026H1_航向相同相反题型.txt_33,2026H1,2026H1,航向相同相反题型,几何图形航线规划,几何计算,图形,ground_station_exam_cases.csv
gskill_217c28a53509,gsec_7c3da5c6fed3,qbank_7f9e06c80aa9,实操题库_地面站考试条件_2026H1_航向相同相反题型.txt_33,2026H1,2026H1,航向相同相反题型,起飞返航点定位,导航定位,起飞点;H点,ground_station_exam_cases.csv
gskill_64429dd696cb,gsec_7c3da5c6fed3,qbank_7f9e06c80aa9,实操题库_地面站考试条件_2026H1_航向相同相反题型.txt_33,2026H1,2026H1,航向相同相反题型,题型:航向相同相反,题型,航向相同相反题型,ground_station_exam_cases.csv
gskill_b8788de8ff65,gsec_9676349967f0,qbank_7f9e06c80aa9,实操题库_地面站考试条件_2026H1_航向相同相反题型.txt_34,2026H1,2026H1,航向相同相反题型,经纬度换算,导航定位,经纬度;E:;E,ground_station_exam_cases.csv
gskill_7482143ae554,gsec_9676349967f0,qbank_7f9e06c80aa9,实操题库_地面站考试条件_2026H1_航向相同相反题型.txt_34,2026H1,2026H1,航向相同相反题型,航向方位判断,导航定位,航向;方位,ground_station_exam_cases.csv
gskill_71d2f002969d,gsec_9676349967f0,qbank_7f9e06c80aa9,实操题库_地面站考试条件_2026H1_航向相同相反题型.txt_34,2026H1,2026H1,航向相同相反题型,速度高度参数设置,参数设置,高度;速度;m/s,ground_station_exam_cases.csv
gskill_760bff709403,gsec_9676349967f0,qbank_7f9e06c80aa9,实操题库_地面站考试条件_2026H1_航向相同相反题型.txt_34,2026H1,2026H1,航向相同相反题型,转弯停留循环设置,参数设置,转弯;停留;循环,ground_station_exam_cases.csv
gskill_7cdc5fa33be8,gsec_9676349967f0,qbank_7f9e06c80aa9,实操题库_地面站考试条件_2026H1_航向相同相反题型.txt_34,2026H1,2026H1,航向相同相反题型,几何图形航线规划,几何计算,六边形;边长,ground_station_exam_cases.csv
gskill_191e74589b45,gsec_9676349967f0,qbank_7f9e06c80aa9,实操题库_地面站考试条件_2026H1_航向相同相反题型.txt_34,2026H1,2026H1,航向相同相反题型,起飞返航点定位,导航定位,起飞点;H点,ground_station_exam_cases.csv
gskill_ba7e3e15f55a,gsec_9676349967f0,qbank_7f9e06c80aa9,实操题库_地面站考试条件_2026H1_航向相同相反题型.txt_34,2026H1,2026H1,航向相同相反题型,题型:航向相同相反,题型,航向相同相反题型,ground_station_exam_cases.csv
gskill_1bb155641894,gsec_d9d9cfd89561,qbank_7f9e06c80aa9,实操题库_地面站考试条件_2026H1_航向相同相反题型.txt_35,2026H1,2026H1,航向相同相反题型,经纬度换算,导航定位,经纬度;N:;E:;N;E,ground_station_exam_cases.csv
gskill_5b5ace73c7bf,gsec_d9d9cfd89561,qbank_7f9e06c80aa9,实操题库_地面站考试条件_2026H1_航向相同相反题型.txt_35,2026H1,2026H1,航向相同相反题型,航向方位判断,导航定位,航向;方位,ground_station_exam_cases.csv
gskill_94a1aa0caaf1,gsec_d9d9cfd89561,qbank_7f9e06c80aa9,实操题库_地面站考试条件_2026H1_航向相同相反题型.txt_35,2026H1,2026H1,航向相同相反题型,速度高度参数设置,参数设置,高度;速度;m/s,ground_station_exam_cases.csv
gskill_776ddc91c064,gsec_d9d9cfd89561,qbank_7f9e06c80aa9,实操题库_地面站考试条件_2026H1_航向相同相反题型.txt_35,2026H1,2026H1,航向相同相反题型,转弯停留循环设置,参数设置,转弯;停留,ground_station_exam_cases.csv
gskill_a7f7a655cb82,gsec_d9d9cfd89561,qbank_7f9e06c80aa9,实操题库_地面站考试条件_2026H1_航向相同相反题型.txt_35,2026H1,2026H1,航向相同相反题型,起飞返航点定位,导航定位,起飞点;H点,ground_station_exam_cases.csv
gskill_9de9eec5fe38,gsec_d9d9cfd89561,qbank_7f9e06c80aa9,实操题库_地面站考试条件_2026H1_航向相同相反题型.txt_35,2026H1,2026H1,航向相同相反题型,题型:航向相同相反,题型,航向相同相反题型,ground_station_exam_cases.csv
gskill_e22cc06b8e16,gsec_467c41f7145a,qbank_7f9e06c80aa9,实操题库_地面站考试条件_2026H1_航向相同相反题型.txt_36,2026H1,2026H1,航向相同相反题型,经纬度换算,导航定位,经纬度;N:;E:;N;E,ground_station_exam_cases.csv
gskill_c5b12d8744fc,gsec_467c41f7145a,qbank_7f9e06c80aa9,实操题库_地面站考试条件_2026H1_航向相同相反题型.txt_36,2026H1,2026H1,航向相同相反题型,航向方位判断,导航定位,航向;方位,ground_station_exam_cases.csv
gskill_a076cdb68a76,gsec_467c41f7145a,qbank_7f9e06c80aa9,实操题库_地面站考试条件_2026H1_航向相同相反题型.txt_36,2026H1,2026H1,航向相同相反题型,夹角计算,几何计算,∠,ground_station_exam_cases.csv
gskill_65712dc82ff7,gsec_467c41f7145a,qbank_7f9e06c80aa9,实操题库_地面站考试条件_2026H1_航向相同相反题型.txt_36,2026H1,2026H1,航向相同相反题型,速度高度参数设置,参数设置,高度;速度;m/s,ground_station_exam_cases.csv
gskill_d3882a09d398,gsec_467c41f7145a,qbank_7f9e06c80aa9,实操题库_地面站考试条件_2026H1_航向相同相反题型.txt_36,2026H1,2026H1,航向相同相反题型,转弯停留循环设置,参数设置,转弯;停留;循环,ground_station_exam_cases.csv
gskill_b9e2520071a4,gsec_467c41f7145a,qbank_7f9e06c80aa9,实操题库_地面站考试条件_2026H1_航向相同相反题型.txt_36,2026H1,2026H1,航向相同相反题型,几何图形航线规划,几何计算,五边形;边长,ground_station_exam_cases.csv
gskill_fa3809eb4b35,gsec_467c41f7145a,qbank_7f9e06c80aa9,实操题库_地面站考试条件_2026H1_航向相同相反题型.txt_36,2026H1,2026H1,航向相同相反题型,起飞返航点定位,导航定位,起飞点;H点,ground_station_exam_cases.csv
gskill_a76494c9d77e,gsec_467c41f7145a,qbank_7f9e06c80aa9,实操题库_地面站考试条件_2026H1_航向相同相反题型.txt_36,2026H1,2026H1,航向相同相反题型,题型:航向相同相反,题型,航向相同相反题型,ground_station_exam_cases.csv
gskill_e717a3c391f3,gsec_69a83576b9b7,qbank_7f9e06c80aa9,实操题库_地面站考试条件_2026H1_航向相同相反题型.txt_37,2026H1,2026H1,航向相同相反题型,经纬度换算,导航定位,E,ground_station_exam_cases.csv
gskill_1265005fb951,gsec_69a83576b9b7,qbank_7f9e06c80aa9,实操题库_地面站考试条件_2026H1_航向相同相反题型.txt_37,2026H1,2026H1,航向相同相反题型,航向方位判断,导航定位,航向,ground_station_exam_cases.csv
gskill_3483e065b082,gsec_69a83576b9b7,qbank_7f9e06c80aa9,实操题库_地面站考试条件_2026H1_航向相同相反题型.txt_37,2026H1,2026H1,航向相同相反题型,速度高度参数设置,参数设置,高度;速度;m/s,ground_station_exam_cases.csv
gskill_332e409d2eb6,gsec_69a83576b9b7,qbank_7f9e06c80aa9,实操题库_地面站考试条件_2026H1_航向相同相反题型.txt_37,2026H1,2026H1,航向相同相反题型,转弯停留循环设置,参数设置,转弯;停留;循环;闭合;不循环,ground_station_exam_cases.csv
gskill_7fd2e74ffbde,gsec_69a83576b9b7,qbank_7f9e06c80aa9,实操题库_地面站考试条件_2026H1_航向相同相反题型.txt_37,2026H1,2026H1,航向相同相反题型,起飞返航点定位,导航定位,起飞点,ground_station_exam_cases.csv
gskill_491b33bfcd3b,gsec_69a83576b9b7,qbank_7f9e06c80aa9,实操题库_地面站考试条件_2026H1_航向相同相反题型.txt_37,2026H1,2026H1,航向相同相反题型,题型:航向相同相反,题型,航向相同相反题型,ground_station_exam_cases.csv
gskill_b84558271f0a,gsec_abe735962451,qbank_7f9e06c80aa9,实操题库_地面站考试条件_2026H1_航向相同相反题型.txt_38,2026H1,2026H1,航向相同相反题型,经纬度换算,导航定位,E,ground_station_exam_cases.csv
gskill_6228bcfe1b57,gsec_abe735962451,qbank_7f9e06c80aa9,实操题库_地面站考试条件_2026H1_航向相同相反题型.txt_38,2026H1,2026H1,航向相同相反题型,夹角计算,几何计算,∠,ground_station_exam_cases.csv
gskill_a655fbcf346a,gsec_abe735962451,qbank_7f9e06c80aa9,实操题库_地面站考试条件_2026H1_航向相同相反题型.txt_38,2026H1,2026H1,航向相同相反题型,速度高度参数设置,参数设置,高度;速度;m/s,ground_station_exam_cases.csv
gskill_6429f95514ba,gsec_abe735962451,qbank_7f9e06c80aa9,实操题库_地面站考试条件_2026H1_航向相同相反题型.txt_38,2026H1,2026H1,航向相同相反题型,转弯停留循环设置,参数设置,转弯;停留;循环;闭合,ground_station_exam_cases.csv
gskill_cf635c1d942e,gsec_abe735962451,qbank_7f9e06c80aa9,实操题库_地面站考试条件_2026H1_航向相同相反题型.txt_38,2026H1,2026H1,航向相同相反题型,几何图形航线规划,几何计算,五边形;边长,ground_station_exam_cases.csv
gskill_d10cb4ef7d19,gsec_abe735962451,qbank_7f9e06c80aa9,实操题库_地面站考试条件_2026H1_航向相同相反题型.txt_38,2026H1,2026H1,航向相同相反题型,起飞返航点定位,导航定位,起飞点,ground_station_exam_cases.csv
gskill_37d869e5ab65,gsec_abe735962451,qbank_7f9e06c80aa9,实操题库_地面站考试条件_2026H1_航向相同相反题型.txt_38,2026H1,2026H1,航向相同相反题型,题型:航向相同相反,题型,航向相同相反题型,ground_station_exam_cases.csv
gskill_ec16ffea1a4f,gsec_6042e726a747,qbank_7f9e06c80aa9,实操题库_地面站考试条件_2026H1_航向相同相反题型.txt_39,2026H1,2026H1,航向相同相反题型,经纬度换算,导航定位,经纬度;N:;E:;N;E,ground_station_exam_cases.csv
gskill_78e61aa08f2c,gsec_6042e726a747,qbank_7f9e06c80aa9,实操题库_地面站考试条件_2026H1_航向相同相反题型.txt_39,2026H1,2026H1,航向相同相反题型,航向方位判断,导航定位,方位;SW,ground_station_exam_cases.csv
gskill_ae286d9ee039,gsec_6042e726a747,qbank_7f9e06c80aa9,实操题库_地面站考试条件_2026H1_航向相同相反题型.txt_39,2026H1,2026H1,航向相同相反题型,夹角计算,几何计算,∠,ground_station_exam_cases.csv
gskill_eca06f710972,gsec_6042e726a747,qbank_7f9e06c80aa9,实操题库_地面站考试条件_2026H1_航向相同相反题型.txt_39,2026H1,2026H1,航向相同相反题型,速度高度参数设置,参数设置,高度;速度;m/s,ground_station_exam_cases.csv
gskill_3edf16e02ba6,gsec_6042e726a747,qbank_7f9e06c80aa9,实操题库_地面站考试条件_2026H1_航向相同相反题型.txt_39,2026H1,2026H1,航向相同相反题型,转弯停留循环设置,参数设置,转弯;停留;循环;闭合,ground_station_exam_cases.csv
gskill_5c4ea56a1516,gsec_6042e726a747,qbank_7f9e06c80aa9,实操题库_地面站考试条件_2026H1_航向相同相反题型.txt_39,2026H1,2026H1,航向相同相反题型,几何图形航线规划,几何计算,边长,ground_station_exam_cases.csv
gskill_e8ee387e692e,gsec_6042e726a747,qbank_7f9e06c80aa9,实操题库_地面站考试条件_2026H1_航向相同相反题型.txt_39,2026H1,2026H1,航向相同相反题型,起飞返航点定位,导航定位,起飞点,ground_station_exam_cases.csv
gskill_0153c4578f1d,gsec_6042e726a747,qbank_7f9e06c80aa9,实操题库_地面站考试条件_2026H1_航向相同相反题型.txt_39,2026H1,2026H1,航向相同相反题型,题型:航向相同相反,题型,航向相同相反题型,ground_station_exam_cases.csv
gskill_d8842a0fd89d,gsec_b92d8388f9ac,qbank_7f9e06c80aa9,实操题库_地面站考试条件_2026H1_航向相同相反题型.txt_40,2026H1,2026H1,航向相同相反题型,经纬度换算,导航定位,经纬度;N:;E:;N;E,ground_station_exam_cases.csv
gskill_8148852cce0e,gsec_b92d8388f9ac,qbank_7f9e06c80aa9,实操题库_地面站考试条件_2026H1_航向相同相反题型.txt_40,2026H1,2026H1,航向相同相反题型,航向方位判断,导航定位,方位;NW,ground_station_exam_cases.csv
gskill_7920eaa22ed3,gsec_b92d8388f9ac,qbank_7f9e06c80aa9,实操题库_地面站考试条件_2026H1_航向相同相反题型.txt_40,2026H1,2026H1,航向相同相反题型,夹角计算,几何计算,∠,ground_station_exam_cases.csv
gskill_9438399652f5,gsec_b92d8388f9ac,qbank_7f9e06c80aa9,实操题库_地面站考试条件_2026H1_航向相同相反题型.txt_40,2026H1,2026H1,航向相同相反题型,速度高度参数设置,参数设置,高度;速度;m/s,ground_station_exam_cases.csv
gskill_d3e02c0b1cb5,gsec_b92d8388f9ac,qbank_7f9e06c80aa9,实操题库_地面站考试条件_2026H1_航向相同相反题型.txt_40,2026H1,2026H1,航向相同相反题型,转弯停留循环设置,参数设置,转弯;停留;循环,ground_station_exam_cases.csv
gskill_c9f33921769a,gsec_b92d8388f9ac,qbank_7f9e06c80aa9,实操题库_地面站考试条件_2026H1_航向相同相反题型.txt_40,2026H1,2026H1,航向相同相反题型,几何图形航线规划,几何计算,五边形;边长,ground_station_exam_cases.csv
gskill_f9ad94834526,gsec_b92d8388f9ac,qbank_7f9e06c80aa9,实操题库_地面站考试条件_2026H1_航向相同相反题型.txt_40,2026H1,2026H1,航向相同相反题型,起飞返航点定位,导航定位,起飞点,ground_station_exam_cases.csv
gskill_32a2d5e162f7,gsec_b92d8388f9ac,qbank_7f9e06c80aa9,实操题库_地面站考试条件_2026H1_航向相同相反题型.txt_40,2026H1,2026H1,航向相同相反题型,题型:航向相同相反,题型,航向相同相反题型,ground_station_exam_cases.csv
gskill_c71159a4ffa0,gsec_b9b0d729c3bb,qbank_7f9e06c80aa9,实操题库_地面站考试条件_2026H1_航向相同相反题型.txt_41,2026H1,2026H1,航向相同相反题型,经纬度换算,导航定位,经纬度;N:;E:;N;E,ground_station_exam_cases.csv
gskill_6f786007e758,gsec_b9b0d729c3bb,qbank_7f9e06c80aa9,实操题库_地面站考试条件_2026H1_航向相同相反题型.txt_41,2026H1,2026H1,航向相同相反题型,航向方位判断,导航定位,方位;SW,ground_station_exam_cases.csv
gskill_eb51dba47524,gsec_b9b0d729c3bb,qbank_7f9e06c80aa9,实操题库_地面站考试条件_2026H1_航向相同相反题型.txt_41,2026H1,2026H1,航向相同相反题型,夹角计算,几何计算,∠,ground_station_exam_cases.csv
gskill_50577e2ab2c9,gsec_b9b0d729c3bb,qbank_7f9e06c80aa9,实操题库_地面站考试条件_2026H1_航向相同相反题型.txt_41,2026H1,2026H1,航向相同相反题型,速度高度参数设置,参数设置,高度;速度;m/s,ground_station_exam_cases.csv
gskill_6934f146a8a1,gsec_b9b0d729c3bb,qbank_7f9e06c80aa9,实操题库_地面站考试条件_2026H1_航向相同相反题型.txt_41,2026H1,2026H1,航向相同相反题型,转弯停留循环设置,参数设置,转弯;停留;循环,ground_station_exam_cases.csv
gskill_59fed642bb96,gsec_b9b0d729c3bb,qbank_7f9e06c80aa9,实操题库_地面站考试条件_2026H1_航向相同相反题型.txt_41,2026H1,2026H1,航向相同相反题型,几何图形航线规划,几何计算,边长,ground_station_exam_cases.csv
gskill_90e0aefd2e9d,gsec_b9b0d729c3bb,qbank_7f9e06c80aa9,实操题库_地面站考试条件_2026H1_航向相同相反题型.txt_41,2026H1,2026H1,航向相同相反题型,起飞返航点定位,导航定位,起飞点,ground_station_exam_cases.csv
gskill_5bfdb0f9f57a,gsec_b9b0d729c3bb,qbank_7f9e06c80aa9,实操题库_地面站考试条件_2026H1_航向相同相反题型.txt_41,2026H1,2026H1,航向相同相反题型,题型:航向相同相反,题型,航向相同相反题型,ground_station_exam_cases.csv
gskill_7982d4a4e11f,gsec_ed745598ecb9,qbank_7f9e06c80aa9,实操题库_地面站考试条件_2026H1_航向相同相反题型.txt_42,2026H1,2026H1,航向相同相反题型,经纬度换算,导航定位,经纬度;N:;E:;N;E,ground_station_exam_cases.csv
gskill_de40c0c5179a,gsec_ed745598ecb9,qbank_7f9e06c80aa9,实操题库_地面站考试条件_2026H1_航向相同相反题型.txt_42,2026H1,2026H1,航向相同相反题型,航向方位判断,导航定位,方位;NE,ground_station_exam_cases.csv
gskill_9b722f596b47,gsec_ed745598ecb9,qbank_7f9e06c80aa9,实操题库_地面站考试条件_2026H1_航向相同相反题型.txt_42,2026H1,2026H1,航向相同相反题型,速度高度参数设置,参数设置,高度;速度;m/s,ground_station_exam_cases.csv
gskill_e58772dc97d1,gsec_ed745598ecb9,qbank_7f9e06c80aa9,实操题库_地面站考试条件_2026H1_航向相同相反题型.txt_42,2026H1,2026H1,航向相同相反题型,转弯停留循环设置,参数设置,转弯;停留;循环;闭合;不循环,ground_station_exam_cases.csv
gskill_b9c336d63dca,gsec_ed745598ecb9,qbank_7f9e06c80aa9,实操题库_地面站考试条件_2026H1_航向相同相反题型.txt_42,2026H1,2026H1,航向相同相反题型,起飞返航点定位,导航定位,起飞点,ground_station_exam_cases.csv
gskill_02fdcaaca4c2,gsec_ed745598ecb9,qbank_7f9e06c80aa9,实操题库_地面站考试条件_2026H1_航向相同相反题型.txt_42,2026H1,2026H1,航向相同相反题型,题型:航向相同相反,题型,航向相同相反题型,ground_station_exam_cases.csv
gskill_f5a21449874d,gsec_05439af2d697,qbank_7f9e06c80aa9,实操题库_地面站考试条件_2026H1_航向相同相反题型.txt_43,2026H1,2026H1,航向相同相反题型,经纬度换算,导航定位,经纬度;N:;E:;N;E,ground_station_exam_cases.csv
gskill_200a8f419754,gsec_05439af2d697,qbank_7f9e06c80aa9,实操题库_地面站考试条件_2026H1_航向相同相反题型.txt_43,2026H1,2026H1,航向相同相反题型,航向方位判断,导航定位,航向;方位,ground_station_exam_cases.csv
gskill_0e2d597bfd13,gsec_05439af2d697,qbank_7f9e06c80aa9,实操题库_地面站考试条件_2026H1_航向相同相反题型.txt_43,2026H1,2026H1,航向相同相反题型,夹角计算,几何计算,角,ground_station_exam_cases.csv
gskill_ea733c430516,gsec_05439af2d697,qbank_7f9e06c80aa9,实操题库_地面站考试条件_2026H1_航向相同相反题型.txt_43,2026H1,2026H1,航向相同相反题型,速度高度参数设置,参数设置,高度;速度;m/s,ground_station_exam_cases.csv
gskill_ca3c940b6874,gsec_05439af2d697,qbank_7f9e06c80aa9,实操题库_地面站考试条件_2026H1_航向相同相反题型.txt_43,2026H1,2026H1,航向相同相反题型,转弯停留循环设置,参数设置,转弯;停留;循环,ground_station_exam_cases.csv
gskill_845ebdfa8c2e,gsec_05439af2d697,qbank_7f9e06c80aa9,实操题库_地面站考试条件_2026H1_航向相同相反题型.txt_43,2026H1,2026H1,航向相同相反题型,几何图形航线规划,几何计算,三角形;边长,ground_station_exam_cases.csv
gskill_1a56e0c70bdc,gsec_05439af2d697,qbank_7f9e06c80aa9,实操题库_地面站考试条件_2026H1_航向相同相反题型.txt_43,2026H1,2026H1,航向相同相反题型,起飞返航点定位,导航定位,起飞点,ground_station_exam_cases.csv
gskill_ca52177826cd,gsec_05439af2d697,qbank_7f9e06c80aa9,实操题库_地面站考试条件_2026H1_航向相同相反题型.txt_43,2026H1,2026H1,航向相同相反题型,题型:航向相同相反,题型,航向相同相反题型,ground_station_exam_cases.csv
gskill_79ca716796cd,gsec_d19a0c8ff2e5,qbank_7f9e06c80aa9,实操题库_地面站考试条件_2026H1_航向相同相反题型.txt_44,2026H1,2026H1,航向相同相反题型,经纬度换算,导航定位,经纬度;N:;E:;N;E,ground_station_exam_cases.csv
gskill_59062ccda26a,gsec_d19a0c8ff2e5,qbank_7f9e06c80aa9,实操题库_地面站考试条件_2026H1_航向相同相反题型.txt_44,2026H1,2026H1,航向相同相反题型,航向方位判断,导航定位,航向;方位,ground_station_exam_cases.csv
gskill_5f6bd393264d,gsec_d19a0c8ff2e5,qbank_7f9e06c80aa9,实操题库_地面站考试条件_2026H1_航向相同相反题型.txt_44,2026H1,2026H1,航向相同相反题型,速度高度参数设置,参数设置,高度;速度;m/s,ground_station_exam_cases.csv
gskill_45c1e80c1944,gsec_d19a0c8ff2e5,qbank_7f9e06c80aa9,实操题库_地面站考试条件_2026H1_航向相同相反题型.txt_44,2026H1,2026H1,航向相同相反题型,转弯停留循环设置,参数设置,转弯;停留,ground_station_exam_cases.csv
gskill_980becf54e50,gsec_d19a0c8ff2e5,qbank_7f9e06c80aa9,实操题库_地面站考试条件_2026H1_航向相同相反题型.txt_44,2026H1,2026H1,航向相同相反题型,起飞返航点定位,导航定位,起飞点,ground_station_exam_cases.csv
gskill_2290f7a9ddfd,gsec_d19a0c8ff2e5,qbank_7f9e06c80aa9,实操题库_地面站考试条件_2026H1_航向相同相反题型.txt_44,2026H1,2026H1,航向相同相反题型,题型:航向相同相反,题型,航向相同相反题型,ground_station_exam_cases.csv
gskill_a216a82b160c,gsec_4f45f5e4d1af,qbank_7f9e06c80aa9,实操题库_地面站考试条件_2026H1_航向相同相反题型.txt_45,2026H1,2026H1,航向相同相反题型,经纬度换算,导航定位,经纬度;N:;E:;N;E,ground_station_exam_cases.csv
gskill_ea2c7fcaf2bc,gsec_4f45f5e4d1af,qbank_7f9e06c80aa9,实操题库_地面站考试条件_2026H1_航向相同相反题型.txt_45,2026H1,2026H1,航向相同相反题型,航向方位判断,导航定位,航向;方位,ground_station_exam_cases.csv
gskill_00050fb6c2ee,gsec_4f45f5e4d1af,qbank_7f9e06c80aa9,实操题库_地面站考试条件_2026H1_航向相同相反题型.txt_45,2026H1,2026H1,航向相同相反题型,速度高度参数设置,参数设置,高度;速度;m/s,ground_station_exam_cases.csv
gskill_50667b563c7a,gsec_4f45f5e4d1af,qbank_7f9e06c80aa9,实操题库_地面站考试条件_2026H1_航向相同相反题型.txt_45,2026H1,2026H1,航向相同相反题型,转弯停留循环设置,参数设置,转弯;循环,ground_station_exam_cases.csv
gskill_0434c318deba,gsec_4f45f5e4d1af,qbank_7f9e06c80aa9,实操题库_地面站考试条件_2026H1_航向相同相反题型.txt_45,2026H1,2026H1,航向相同相反题型,几何图形航线规划,几何计算,六边形;边长,ground_station_exam_cases.csv
gskill_40512c163e77,gsec_4f45f5e4d1af,qbank_7f9e06c80aa9,实操题库_地面站考试条件_2026H1_航向相同相反题型.txt_45,2026H1,2026H1,航向相同相反题型,起飞返航点定位,导航定位,起飞点,ground_station_exam_cases.csv
gskill_f34b5358f916,gsec_4f45f5e4d1af,qbank_7f9e06c80aa9,实操题库_地面站考试条件_2026H1_航向相同相反题型.txt_45,2026H1,2026H1,航向相同相反题型,题型:航向相同相反,题型,航向相同相反题型,ground_station_exam_cases.csv
gskill_9017f85e07d0,gsec_f1335e84945b,qbank_7f9e06c80aa9,实操题库_地面站考试条件_2026H1_航向相同相反题型.txt_46,2026H1,2026H1,航向相同相反题型,经纬度换算,导航定位,经纬度;N:;E:;N;E,ground_station_exam_cases.csv
gskill_645a323def96,gsec_f1335e84945b,qbank_7f9e06c80aa9,实操题库_地面站考试条件_2026H1_航向相同相反题型.txt_46,2026H1,2026H1,航向相同相反题型,航向方位判断,导航定位,航向;方位;NE,ground_station_exam_cases.csv
gskill_3eb57321aabf,gsec_f1335e84945b,qbank_7f9e06c80aa9,实操题库_地面站考试条件_2026H1_航向相同相反题型.txt_46,2026H1,2026H1,航向相同相反题型,速度高度参数设置,参数设置,高度;速度;m/s,ground_station_exam_cases.csv
gskill_0fe0c02c7c88,gsec_f1335e84945b,qbank_7f9e06c80aa9,实操题库_地面站考试条件_2026H1_航向相同相反题型.txt_46,2026H1,2026H1,航向相同相反题型,转弯停留循环设置,参数设置,转弯;停留;循环;闭合;不循环,ground_station_exam_cases.csv
gskill_d3e18b529a00,gsec_f1335e84945b,qbank_7f9e06c80aa9,实操题库_地面站考试条件_2026H1_航向相同相反题型.txt_46,2026H1,2026H1,航向相同相反题型,起飞返航点定位,导航定位,起飞点,ground_station_exam_cases.csv
gskill_f192a6bf5d78,gsec_f1335e84945b,qbank_7f9e06c80aa9,实操题库_地面站考试条件_2026H1_航向相同相反题型.txt_46,2026H1,2026H1,航向相同相反题型,题型:航向相同相反,题型,航向相同相反题型,ground_station_exam_cases.csv
gskill_ffe987c42d01,gsec_5f90583e2df1,qbank_7f9e06c80aa9,实操题库_地面站考试条件_2026H1_航向相同相反题型.txt_47,2026H1,2026H1,航向相同相反题型,经纬度换算,导航定位,经纬度;N:;E:;N;E,ground_station_exam_cases.csv
gskill_b9a060a23a4f,gsec_5f90583e2df1,qbank_7f9e06c80aa9,实操题库_地面站考试条件_2026H1_航向相同相反题型.txt_47,2026H1,2026H1,航向相同相反题型,航向方位判断,导航定位,方位;NE,ground_station_exam_cases.csv
gskill_6762827081f8,gsec_5f90583e2df1,qbank_7f9e06c80aa9,实操题库_地面站考试条件_2026H1_航向相同相反题型.txt_47,2026H1,2026H1,航向相同相反题型,速度高度参数设置,参数设置,高度;速度;m/s,ground_station_exam_cases.csv
gskill_0f8a80941479,gsec_5f90583e2df1,qbank_7f9e06c80aa9,实操题库_地面站考试条件_2026H1_航向相同相反题型.txt_47,2026H1,2026H1,航向相同相反题型,转弯停留循环设置,参数设置,转弯;停留;循环;闭合;不循环,ground_station_exam_cases.csv
gskill_65b35da8c2b3,gsec_5f90583e2df1,qbank_7f9e06c80aa9,实操题库_地面站考试条件_2026H1_航向相同相反题型.txt_47,2026H1,2026H1,航向相同相反题型,起飞返航点定位,导航定位,起飞点,ground_station_exam_cases.csv
gskill_7b369959d81e,gsec_5f90583e2df1,qbank_7f9e06c80aa9,实操题库_地面站考试条件_2026H1_航向相同相反题型.txt_47,2026H1,2026H1,航向相同相反题型,题型:航向相同相反,题型,航向相同相反题型,ground_station_exam_cases.csv
gskill_12b277d7e08a,gsec_b8930c7a3451,qbank_7f9e06c80aa9,实操题库_地面站考试条件_2026H1_航向相同相反题型.txt_48,2026H1,2026H1,航向相同相反题型,经纬度换算,导航定位,经纬度;N:;E:;N;E,ground_station_exam_cases.csv
gskill_6da24e978729,gsec_b8930c7a3451,qbank_7f9e06c80aa9,实操题库_地面站考试条件_2026H1_航向相同相反题型.txt_48,2026H1,2026H1,航向相同相反题型,航向方位判断,导航定位,方位;SE,ground_station_exam_cases.csv
gskill_5e3a23541b68,gsec_b8930c7a3451,qbank_7f9e06c80aa9,实操题库_地面站考试条件_2026H1_航向相同相反题型.txt_48,2026H1,2026H1,航向相同相反题型,夹角计算,几何计算,∠,ground_station_exam_cases.csv
gskill_180dd95f304d,gsec_b8930c7a3451,qbank_7f9e06c80aa9,实操题库_地面站考试条件_2026H1_航向相同相反题型.txt_48,2026H1,2026H1,航向相同相反题型,速度高度参数设置,参数设置,高度;速度;m/s,ground_station_exam_cases.csv
gskill_bd155cd4797c,gsec_b8930c7a3451,qbank_7f9e06c80aa9,实操题库_地面站考试条件_2026H1_航向相同相反题型.txt_48,2026H1,2026H1,航向相同相反题型,转弯停留循环设置,参数设置,转弯;停留;循环,ground_station_exam_cases.csv
gskill_9dbdd5ba2b5f,gsec_b8930c7a3451,qbank_7f9e06c80aa9,实操题库_地面站考试条件_2026H1_航向相同相反题型.txt_48,2026H1,2026H1,航向相同相反题型,几何图形航线规划,几何计算,五边形;边长,ground_station_exam_cases.csv
gskill_bc030a9398f8,gsec_b8930c7a3451,qbank_7f9e06c80aa9,实操题库_地面站考试条件_2026H1_航向相同相反题型.txt_48,2026H1,2026H1,航向相同相反题型,起飞返航点定位,导航定位,起飞点,ground_station_exam_cases.csv
gskill_590e12413cc2,gsec_b8930c7a3451,qbank_7f9e06c80aa9,实操题库_地面站考试条件_2026H1_航向相同相反题型.txt_48,2026H1,2026H1,航向相同相反题型,题型:航向相同相反,题型,航向相同相反题型,ground_station_exam_cases.csv
gskill_9b6045bcf6d9,gsec_e10ac1a5bb84,qbank_7f9e06c80aa9,实操题库_地面站考试条件_2026H1_航向相同相反题型.txt_49,2026H1,2026H1,航向相同相反题型,经纬度换算,导航定位,经纬度;E:;N;E,ground_station_exam_cases.csv
gskill_7497c4d39f02,gsec_e10ac1a5bb84,qbank_7f9e06c80aa9,实操题库_地面站考试条件_2026H1_航向相同相反题型.txt_49,2026H1,2026H1,航向相同相反题型,航向方位判断,导航定位,航向;方位,ground_station_exam_cases.csv
gskill_a657c35a141b,gsec_e10ac1a5bb84,qbank_7f9e06c80aa9,实操题库_地面站考试条件_2026H1_航向相同相反题型.txt_49,2026H1,2026H1,航向相同相反题型,夹角计算,几何计算,∠;角,ground_station_exam_cases.csv
gskill_9734fd1eaaf8,gsec_e10ac1a5bb84,qbank_7f9e06c80aa9,实操题库_地面站考试条件_2026H1_航向相同相反题型.txt_49,2026H1,2026H1,航向相同相反题型,速度高度参数设置,参数设置,高度;速度;m/s,ground_station_exam_cases.csv
gskill_cdccc965b229,gsec_e10ac1a5bb84,qbank_7f9e06c80aa9,实操题库_地面站考试条件_2026H1_航向相同相反题型.txt_49,2026H1,2026H1,航向相同相反题型,转弯停留循环设置,参数设置,转弯;停留;循环,ground_station_exam_cases.csv
gskill_caade7aefd84,gsec_e10ac1a5bb84,qbank_7f9e06c80aa9,实操题库_地面站考试条件_2026H1_航向相同相反题型.txt_49,2026H1,2026H1,航向相同相反题型,几何图形航线规划,几何计算,三角形;边长,ground_station_exam_cases.csv
gskill_b2730318e380,gsec_e10ac1a5bb84,qbank_7f9e06c80aa9,实操题库_地面站考试条件_2026H1_航向相同相反题型.txt_49,2026H1,2026H1,航向相同相反题型,起飞返航点定位,导航定位,起飞点,ground_station_exam_cases.csv
gskill_5d03a7b8605a,gsec_e10ac1a5bb84,qbank_7f9e06c80aa9,实操题库_地面站考试条件_2026H1_航向相同相反题型.txt_49,2026H1,2026H1,航向相同相反题型,题型:航向相同相反,题型,航向相同相反题型,ground_station_exam_cases.csv
gskill_2717476c56ed,gsec_f20e9a2f6e80,qbank_7f9e06c80aa9,实操题库_地面站考试条件_2026H1_航向相同相反题型.txt_50,2026H1,2026H1,航向相同相反题型,经纬度换算,导航定位,经纬度;N:;E:;N;E,ground_station_exam_cases.csv
gskill_9760d810d75b,gsec_f20e9a2f6e80,qbank_7f9e06c80aa9,实操题库_地面站考试条件_2026H1_航向相同相反题型.txt_50,2026H1,2026H1,航向相同相反题型,航向方位判断,导航定位,航向;方位;SW,ground_station_exam_cases.csv
gskill_6f70d25b934c,gsec_f20e9a2f6e80,qbank_7f9e06c80aa9,实操题库_地面站考试条件_2026H1_航向相同相反题型.txt_50,2026H1,2026H1,航向相同相反题型,夹角计算,几何计算,∠,ground_station_exam_cases.csv
gskill_8b2a93d69d15,gsec_f20e9a2f6e80,qbank_7f9e06c80aa9,实操题库_地面站考试条件_2026H1_航向相同相反题型.txt_50,2026H1,2026H1,航向相同相反题型,速度高度参数设置,参数设置,高度;速度;m/s,ground_station_exam_cases.csv
gskill_8b765f0d5e97,gsec_f20e9a2f6e80,qbank_7f9e06c80aa9,实操题库_地面站考试条件_2026H1_航向相同相反题型.txt_50,2026H1,2026H1,航向相同相反题型,转弯停留循环设置,参数设置,转弯;停留;循环,ground_station_exam_cases.csv
gskill_74d3fc697ffe,gsec_f20e9a2f6e80,qbank_7f9e06c80aa9,实操题库_地面站考试条件_2026H1_航向相同相反题型.txt_50,2026H1,2026H1,航向相同相反题型,几何图形航线规划,几何计算,五边形;边长,ground_station_exam_cases.csv
gskill_845cf84065ef,gsec_f20e9a2f6e80,qbank_7f9e06c80aa9,实操题库_地面站考试条件_2026H1_航向相同相反题型.txt_50,2026H1,2026H1,航向相同相反题型,起飞返航点定位,导航定位,起飞点,ground_station_exam_cases.csv
gskill_b1a362a4a02e,gsec_f20e9a2f6e80,qbank_7f9e06c80aa9,实操题库_地面站考试条件_2026H1_航向相同相反题型.txt_50,2026H1,2026H1,航向相同相反题型,题型:航向相同相反,题型,航向相同相反题型,ground_station_exam_cases.csv
gskill_0ea1e46d9657,gsec_767749f23ebf,qbank_7f9e06c80aa9,实操题库_地面站考试条件_2026H1_航向相同相反题型.txt_51,2026H1,2026H1,航向相同相反题型,经纬度换算,导航定位,经纬度;N:;E:;N;E,ground_station_exam_cases.csv
gskill_3edf4c2db4c7,gsec_767749f23ebf,qbank_7f9e06c80aa9,实操题库_地面站考试条件_2026H1_航向相同相反题型.txt_51,2026H1,2026H1,航向相同相反题型,航向方位判断,导航定位,航向;方位,ground_station_exam_cases.csv
gskill_61c7b016d56a,gsec_767749f23ebf,qbank_7f9e06c80aa9,实操题库_地面站考试条件_2026H1_航向相同相反题型.txt_51,2026H1,2026H1,航向相同相反题型,夹角计算,几何计算,∠,ground_station_exam_cases.csv
gskill_c7314e5cfd27,gsec_767749f23ebf,qbank_7f9e06c80aa9,实操题库_地面站考试条件_2026H1_航向相同相反题型.txt_51,2026H1,2026H1,航向相同相反题型,速度高度参数设置,参数设置,高度;速度;m/s,ground_station_exam_cases.csv
gskill_bac9a06db1ee,gsec_767749f23ebf,qbank_7f9e06c80aa9,实操题库_地面站考试条件_2026H1_航向相同相反题型.txt_51,2026H1,2026H1,航向相同相反题型,转弯停留循环设置,参数设置,转弯;停留;循环,ground_station_exam_cases.csv
gskill_1b711bbe4619,gsec_767749f23ebf,qbank_7f9e06c80aa9,实操题库_地面站考试条件_2026H1_航向相同相反题型.txt_51,2026H1,2026H1,航向相同相反题型,几何图形航线规划,几何计算,五边形;边长,ground_station_exam_cases.csv
gskill_7b7b5123ff2d,gsec_767749f23ebf,qbank_7f9e06c80aa9,实操题库_地面站考试条件_2026H1_航向相同相反题型.txt_51,2026H1,2026H1,航向相同相反题型,起飞返航点定位,导航定位,起飞点,ground_station_exam_cases.csv
gskill_47dfa0958a44,gsec_767749f23ebf,qbank_7f9e06c80aa9,实操题库_地面站考试条件_2026H1_航向相同相反题型.txt_51,2026H1,2026H1,航向相同相反题型,题型:航向相同相反,题型,航向相同相反题型,ground_station_exam_cases.csv
gskill_143c3b5b6019,gsec_686188edbc90,qbank_7f9e06c80aa9,实操题库_地面站考试条件_2026H1_航向相同相反题型.txt_52,2026H1,2026H1,航向相同相反题型,经纬度换算,导航定位,经纬度;N:;E:;N;E,ground_station_exam_cases.csv
gskill_20ff622e7587,gsec_686188edbc90,qbank_7f9e06c80aa9,实操题库_地面站考试条件_2026H1_航向相同相反题型.txt_52,2026H1,2026H1,航向相同相反题型,航向方位判断,导航定位,航向;方位,ground_station_exam_cases.csv
gskill_946eb1f7e229,gsec_686188edbc90,qbank_7f9e06c80aa9,实操题库_地面站考试条件_2026H1_航向相同相反题型.txt_52,2026H1,2026H1,航向相同相反题型,夹角计算,几何计算,∠,ground_station_exam_cases.csv
gskill_55dacf2e7f77,gsec_686188edbc90,qbank_7f9e06c80aa9,实操题库_地面站考试条件_2026H1_航向相同相反题型.txt_52,2026H1,2026H1,航向相同相反题型,速度高度参数设置,参数设置,高度;速度;m/s,ground_station_exam_cases.csv
gskill_a9a0e64f4eaa,gsec_686188edbc90,qbank_7f9e06c80aa9,实操题库_地面站考试条件_2026H1_航向相同相反题型.txt_52,2026H1,2026H1,航向相同相反题型,转弯停留循环设置,参数设置,转弯;停留;循环;闭合,ground_station_exam_cases.csv
gskill_aec183a4e36a,gsec_686188edbc90,qbank_7f9e06c80aa9,实操题库_地面站考试条件_2026H1_航向相同相反题型.txt_52,2026H1,2026H1,航向相同相反题型,几何图形航线规划,几何计算,图形,ground_station_exam_cases.csv
gskill_cb3b894d2ef2,gsec_686188edbc90,qbank_7f9e06c80aa9,实操题库_地面站考试条件_2026H1_航向相同相反题型.txt_52,2026H1,2026H1,航向相同相反题型,起飞返航点定位,导航定位,起飞点,ground_station_exam_cases.csv
gskill_b0b2d23cf9e6,gsec_686188edbc90,qbank_7f9e06c80aa9,实操题库_地面站考试条件_2026H1_航向相同相反题型.txt_52,2026H1,2026H1,航向相同相反题型,题型:航向相同相反,题型,航向相同相反题型,ground_station_exam_cases.csv
gskill_5c255ab535e5,gsec_00807212ea55,qbank_7f9e06c80aa9,实操题库_地面站考试条件_2026H1_航向相同相反题型.txt_53,2026H1,2026H1,航向相同相反题型,经纬度换算,导航定位,经纬度;N:;E:;N;E,ground_station_exam_cases.csv
gskill_f154f957c456,gsec_00807212ea55,qbank_7f9e06c80aa9,实操题库_地面站考试条件_2026H1_航向相同相反题型.txt_53,2026H1,2026H1,航向相同相反题型,航向方位判断,导航定位,航向;方位,ground_station_exam_cases.csv
gskill_f59f8ccfe837,gsec_00807212ea55,qbank_7f9e06c80aa9,实操题库_地面站考试条件_2026H1_航向相同相反题型.txt_53,2026H1,2026H1,航向相同相反题型,夹角计算,几何计算,角,ground_station_exam_cases.csv
gskill_e60516ca3835,gsec_00807212ea55,qbank_7f9e06c80aa9,实操题库_地面站考试条件_2026H1_航向相同相反题型.txt_53,2026H1,2026H1,航向相同相反题型,速度高度参数设置,参数设置,高度,ground_station_exam_cases.csv
gskill_111119899cda,gsec_00807212ea55,qbank_7f9e06c80aa9,实操题库_地面站考试条件_2026H1_航向相同相反题型.txt_53,2026H1,2026H1,航向相同相反题型,转弯停留循环设置,参数设置,转弯;停留;循环,ground_station_exam_cases.csv
gskill_5f8af7b67204,gsec_00807212ea55,qbank_7f9e06c80aa9,实操题库_地面站考试条件_2026H1_航向相同相反题型.txt_53,2026H1,2026H1,航向相同相反题型,几何图形航线规划,几何计算,三角形;边长,ground_station_exam_cases.csv
gskill_a98c5db1a711,gsec_00807212ea55,qbank_7f9e06c80aa9,实操题库_地面站考试条件_2026H1_航向相同相反题型.txt_53,2026H1,2026H1,航向相同相反题型,起飞返航点定位,导航定位,起飞点,ground_station_exam_cases.csv
gskill_0fce33e50edd,gsec_00807212ea55,qbank_7f9e06c80aa9,实操题库_地面站考试条件_2026H1_航向相同相反题型.txt_53,2026H1,2026H1,航向相同相反题型,题型:航向相同相反,题型,航向相同相反题型,ground_station_exam_cases.csv
gskill_e8f0986d33f2,gsec_8a9936d2b003,qbank_7f9e06c80aa9,实操题库_地面站考试条件_2026H1_航向相同相反题型.txt_54,2026H1,2026H1,航向相同相反题型,经纬度换算,导航定位,经纬度;N:;E:;N;E,ground_station_exam_cases.csv
gskill_0aa5ca5253f3,gsec_8a9936d2b003,qbank_7f9e06c80aa9,实操题库_地面站考试条件_2026H1_航向相同相反题型.txt_54,2026H1,2026H1,航向相同相反题型,航向方位判断,导航定位,航向;方位;SW,ground_station_exam_cases.csv
gskill_8d38b7a76c5c,gsec_8a9936d2b003,qbank_7f9e06c80aa9,实操题库_地面站考试条件_2026H1_航向相同相反题型.txt_54,2026H1,2026H1,航向相同相反题型,速度高度参数设置,参数设置,高度;速度;m/s,ground_station_exam_cases.csv
gskill_39bcf94b8327,gsec_8a9936d2b003,qbank_7f9e06c80aa9,实操题库_地面站考试条件_2026H1_航向相同相反题型.txt_54,2026H1,2026H1,航向相同相反题型,转弯停留循环设置,参数设置,转弯;停留,ground_station_exam_cases.csv
gskill_20085d848bea,gsec_8a9936d2b003,qbank_7f9e06c80aa9,实操题库_地面站考试条件_2026H1_航向相同相反题型.txt_54,2026H1,2026H1,航向相同相反题型,起飞返航点定位,导航定位,起飞点,ground_station_exam_cases.csv
gskill_844de1cbecb6,gsec_8a9936d2b003,qbank_7f9e06c80aa9,实操题库_地面站考试条件_2026H1_航向相同相反题型.txt_54,2026H1,2026H1,航向相同相反题型,题型:航向相同相反,题型,航向相同相反题型,ground_station_exam_cases.csv
gskill_7608a04af21d,gsec_697160d294ab,qbank_7f9e06c80aa9,实操题库_地面站考试条件_2026H1_航向相同相反题型.txt_55,2026H1,2026H1,航向相同相反题型,经纬度换算,导航定位,经纬度;N:;E:;N;E,ground_station_exam_cases.csv
gskill_370376d31574,gsec_697160d294ab,qbank_7f9e06c80aa9,实操题库_地面站考试条件_2026H1_航向相同相反题型.txt_55,2026H1,2026H1,航向相同相反题型,航向方位判断,导航定位,航向;方位,ground_station_exam_cases.csv
gskill_a3a1000cef86,gsec_697160d294ab,qbank_7f9e06c80aa9,实操题库_地面站考试条件_2026H1_航向相同相反题型.txt_55,2026H1,2026H1,航向相同相反题型,夹角计算,几何计算,∠,ground_station_exam_cases.csv
gskill_7e03b53a26bb,gsec_697160d294ab,qbank_7f9e06c80aa9,实操题库_地面站考试条件_2026H1_航向相同相反题型.txt_55,2026H1,2026H1,航向相同相反题型,速度高度参数设置,参数设置,高度;速度;m/s,ground_station_exam_cases.csv
gskill_01eabb92b687,gsec_697160d294ab,qbank_7f9e06c80aa9,实操题库_地面站考试条件_2026H1_航向相同相反题型.txt_55,2026H1,2026H1,航向相同相反题型,转弯停留循环设置,参数设置,转弯;停留;循环,ground_station_exam_cases.csv
gskill_57788ec3298a,gsec_697160d294ab,qbank_7f9e06c80aa9,实操题库_地面站考试条件_2026H1_航向相同相反题型.txt_55,2026H1,2026H1,航向相同相反题型,几何图形航线规划,几何计算,五边形;边长,ground_station_exam_cases.csv
gskill_942edbd51b1a,gsec_697160d294ab,qbank_7f9e06c80aa9,实操题库_地面站考试条件_2026H1_航向相同相反题型.txt_55,2026H1,2026H1,航向相同相反题型,起飞返航点定位,导航定位,起飞点,ground_station_exam_cases.csv
gskill_500f46b4914b,gsec_697160d294ab,qbank_7f9e06c80aa9,实操题库_地面站考试条件_2026H1_航向相同相反题型.txt_55,2026H1,2026H1,航向相同相反题型,题型:航向相同相反,题型,航向相同相反题型,ground_station_exam_cases.csv
gskill_81ddc4025590,gsec_48a1a54521fc,qbank_7f9e06c80aa9,实操题库_地面站考试条件_2026H1_航向相同相反题型.txt_56,2026H1,2026H1,航向相同相反题型,经纬度换算,导航定位,经纬度;N:;E:;N;E,ground_station_exam_cases.csv
gskill_721084ad311d,gsec_48a1a54521fc,qbank_7f9e06c80aa9,实操题库_地面站考试条件_2026H1_航向相同相反题型.txt_56,2026H1,2026H1,航向相同相反题型,航向方位判断,导航定位,航向;方位,ground_station_exam_cases.csv
gskill_11c7ea605f08,gsec_48a1a54521fc,qbank_7f9e06c80aa9,实操题库_地面站考试条件_2026H1_航向相同相反题型.txt_56,2026H1,2026H1,航向相同相反题型,速度高度参数设置,参数设置,高度;速度;m/s,ground_station_exam_cases.csv
gskill_dd1a14e9e689,gsec_48a1a54521fc,qbank_7f9e06c80aa9,实操题库_地面站考试条件_2026H1_航向相同相反题型.txt_56,2026H1,2026H1,航向相同相反题型,转弯停留循环设置,参数设置,转弯;停留;循环;闭合,ground_station_exam_cases.csv
gskill_f59b8a125ff0,gsec_48a1a54521fc,qbank_7f9e06c80aa9,实操题库_地面站考试条件_2026H1_航向相同相反题型.txt_56,2026H1,2026H1,航向相同相反题型,几何图形航线规划,几何计算,图形,ground_station_exam_cases.csv
gskill_c2672d06d687,gsec_48a1a54521fc,qbank_7f9e06c80aa9,实操题库_地面站考试条件_2026H1_航向相同相反题型.txt_56,2026H1,2026H1,航向相同相反题型,起飞返航点定位,导航定位,起飞点,ground_station_exam_cases.csv
gskill_c022869db446,gsec_48a1a54521fc,qbank_7f9e06c80aa9,实操题库_地面站考试条件_2026H1_航向相同相反题型.txt_56,2026H1,2026H1,航向相同相反题型,题型:航向相同相反,题型,航向相同相反题型,ground_station_exam_cases.csv
gskill_97676ac7fd9b,gsec_c8bc7b8cc2ad,qbank_7f9e06c80aa9,实操题库_地面站考试条件_2026H1_航向相同相反题型.txt_57,2026H1,2026H1,航向相同相反题型,经纬度换算,导航定位,经纬度;N:;E:;N;E,ground_station_exam_cases.csv
gskill_b9d6b282bab6,gsec_c8bc7b8cc2ad,qbank_7f9e06c80aa9,实操题库_地面站考试条件_2026H1_航向相同相反题型.txt_57,2026H1,2026H1,航向相同相反题型,航向方位判断,导航定位,航向;方位,ground_station_exam_cases.csv
gskill_c4221384fd0d,gsec_c8bc7b8cc2ad,qbank_7f9e06c80aa9,实操题库_地面站考试条件_2026H1_航向相同相反题型.txt_57,2026H1,2026H1,航向相同相反题型,夹角计算,几何计算,角,ground_station_exam_cases.csv
gskill_a7390e0c84db,gsec_c8bc7b8cc2ad,qbank_7f9e06c80aa9,实操题库_地面站考试条件_2026H1_航向相同相反题型.txt_57,2026H1,2026H1,航向相同相反题型,速度高度参数设置,参数设置,高度;速度;m/s,ground_station_exam_cases.csv
gskill_46c0c56f9842,gsec_c8bc7b8cc2ad,qbank_7f9e06c80aa9,实操题库_地面站考试条件_2026H1_航向相同相反题型.txt_57,2026H1,2026H1,航向相同相反题型,转弯停留循环设置,参数设置,转弯;停留;循环,ground_station_exam_cases.csv
gskill_83f63e92e482,gsec_c8bc7b8cc2ad,qbank_7f9e06c80aa9,实操题库_地面站考试条件_2026H1_航向相同相反题型.txt_57,2026H1,2026H1,航向相同相反题型,几何图形航线规划,几何计算,三角形;边长,ground_station_exam_cases.csv
gskill_fcac9f516abe,gsec_c8bc7b8cc2ad,qbank_7f9e06c80aa9,实操题库_地面站考试条件_2026H1_航向相同相反题型.txt_57,2026H1,2026H1,航向相同相反题型,起飞返航点定位,导航定位,起飞点,ground_station_exam_cases.csv
gskill_a353b4e2c935,gsec_c8bc7b8cc2ad,qbank_7f9e06c80aa9,实操题库_地面站考试条件_2026H1_航向相同相反题型.txt_57,2026H1,2026H1,航向相同相反题型,题型:航向相同相反,题型,航向相同相反题型,ground_station_exam_cases.csv
gskill_a95039d5c9ec,gsec_77c92723d01f,qbank_7f9e06c80aa9,实操题库_地面站考试条件_2026H1_航向相同相反题型.txt_58,2026H1,2026H1,航向相同相反题型,经纬度换算,导航定位,经纬度;N:;E:;N;E,ground_station_exam_cases.csv
gskill_944ed80598c5,gsec_77c92723d01f,qbank_7f9e06c80aa9,实操题库_地面站考试条件_2026H1_航向相同相反题型.txt_58,2026H1,2026H1,航向相同相反题型,航向方位判断,导航定位,航向;方位,ground_station_exam_cases.csv
gskill_6f55e5ab0474,gsec_77c92723d01f,qbank_7f9e06c80aa9,实操题库_地面站考试条件_2026H1_航向相同相反题型.txt_58,2026H1,2026H1,航向相同相反题型,夹角计算,几何计算,∠,ground_station_exam_cases.csv
gskill_6fac633e088f,gsec_77c92723d01f,qbank_7f9e06c80aa9,实操题库_地面站考试条件_2026H1_航向相同相反题型.txt_58,2026H1,2026H1,航向相同相反题型,速度高度参数设置,参数设置,高度;速度;m/s,ground_station_exam_cases.csv
gskill_d94b105ae2bd,gsec_77c92723d01f,qbank_7f9e06c80aa9,实操题库_地面站考试条件_2026H1_航向相同相反题型.txt_58,2026H1,2026H1,航向相同相反题型,转弯停留循环设置,参数设置,转弯;停留;循环,ground_station_exam_cases.csv
gskill_ee72a79ada2b,gsec_77c92723d01f,qbank_7f9e06c80aa9,实操题库_地面站考试条件_2026H1_航向相同相反题型.txt_58,2026H1,2026H1,航向相同相反题型,几何图形航线规划,几何计算,边长,ground_station_exam_cases.csv
gskill_c3c983824ece,gsec_77c92723d01f,qbank_7f9e06c80aa9,实操题库_地面站考试条件_2026H1_航向相同相反题型.txt_58,2026H1,2026H1,航向相同相反题型,起飞返航点定位,导航定位,起飞点,ground_station_exam_cases.csv
gskill_ce16668f576b,gsec_77c92723d01f,qbank_7f9e06c80aa9,实操题库_地面站考试条件_2026H1_航向相同相反题型.txt_58,2026H1,2026H1,航向相同相反题型,题型:航向相同相反,题型,航向相同相反题型,ground_station_exam_cases.csv
gskill_5a98d0714fe5,gsec_243c97e4cf83,qbank_7f9e06c80aa9,实操题库_地面站考试条件_2026H1_航向相同相反题型.txt_59,2026H1,2026H1,航向相同相反题型,经纬度换算,导航定位,经纬度;N:;E:;N;E,ground_station_exam_cases.csv
gskill_5760c01c5d47,gsec_243c97e4cf83,qbank_7f9e06c80aa9,实操题库_地面站考试条件_2026H1_航向相同相反题型.txt_59,2026H1,2026H1,航向相同相反题型,航向方位判断,导航定位,航向;方位,ground_station_exam_cases.csv
gskill_f6a57ae23746,gsec_243c97e4cf83,qbank_7f9e06c80aa9,实操题库_地面站考试条件_2026H1_航向相同相反题型.txt_59,2026H1,2026H1,航向相同相反题型,夹角计算,几何计算,∠;角,ground_station_exam_cases.csv
gskill_b818642d1334,gsec_243c97e4cf83,qbank_7f9e06c80aa9,实操题库_地面站考试条件_2026H1_航向相同相反题型.txt_59,2026H1,2026H1,航向相同相反题型,速度高度参数设置,参数设置,高度;速度;m/s,ground_station_exam_cases.csv
gskill_c0e79e0d115a,gsec_243c97e4cf83,qbank_7f9e06c80aa9,实操题库_地面站考试条件_2026H1_航向相同相反题型.txt_59,2026H1,2026H1,航向相同相反题型,转弯停留循环设置,参数设置,转弯;停留;循环,ground_station_exam_cases.csv
gskill_241335b9656b,gsec_243c97e4cf83,qbank_7f9e06c80aa9,实操题库_地面站考试条件_2026H1_航向相同相反题型.txt_59,2026H1,2026H1,航向相同相反题型,几何图形航线规划,几何计算,三角形;边长,ground_station_exam_cases.csv
gskill_f5d06e84cd84,gsec_243c97e4cf83,qbank_7f9e06c80aa9,实操题库_地面站考试条件_2026H1_航向相同相反题型.txt_59,2026H1,2026H1,航向相同相反题型,起飞返航点定位,导航定位,起飞点,ground_station_exam_cases.csv
gskill_ba74227a6ae0,gsec_243c97e4cf83,qbank_7f9e06c80aa9,实操题库_地面站考试条件_2026H1_航向相同相反题型.txt_59,2026H1,2026H1,航向相同相反题型,题型:航向相同相反,题型,航向相同相反题型,ground_station_exam_cases.csv
gskill_c650734281a6,gsec_6a3ae98afbc1,qbank_7f9e06c80aa9,实操题库_地面站考试条件_2026H1_航向相同相反题型.txt_60,2026H1,2026H1,航向相同相反题型,经纬度换算,导航定位,经纬度;N:;E:;N;E,ground_station_exam_cases.csv
gskill_d793e14b081f,gsec_6a3ae98afbc1,qbank_7f9e06c80aa9,实操题库_地面站考试条件_2026H1_航向相同相反题型.txt_60,2026H1,2026H1,航向相同相反题型,航向方位判断,导航定位,航向;方位,ground_station_exam_cases.csv
gskill_fa2d6ef94d95,gsec_6a3ae98afbc1,qbank_7f9e06c80aa9,实操题库_地面站考试条件_2026H1_航向相同相反题型.txt_60,2026H1,2026H1,航向相同相反题型,夹角计算,几何计算,角,ground_station_exam_cases.csv
gskill_05755e071f97,gsec_6a3ae98afbc1,qbank_7f9e06c80aa9,实操题库_地面站考试条件_2026H1_航向相同相反题型.txt_60,2026H1,2026H1,航向相同相反题型,速度高度参数设置,参数设置,高度;速度;m/s,ground_station_exam_cases.csv
gskill_72ddc87e21ef,gsec_6a3ae98afbc1,qbank_7f9e06c80aa9,实操题库_地面站考试条件_2026H1_航向相同相反题型.txt_60,2026H1,2026H1,航向相同相反题型,转弯停留循环设置,参数设置,转弯;停留;循环,ground_station_exam_cases.csv
gskill_820dd56f5571,gsec_6a3ae98afbc1,qbank_7f9e06c80aa9,实操题库_地面站考试条件_2026H1_航向相同相反题型.txt_60,2026H1,2026H1,航向相同相反题型,几何图形航线规划,几何计算,三角形;边长,ground_station_exam_cases.csv
gskill_10277afc1fa0,gsec_6a3ae98afbc1,qbank_7f9e06c80aa9,实操题库_地面站考试条件_2026H1_航向相同相反题型.txt_60,2026H1,2026H1,航向相同相反题型,起飞返航点定位,导航定位,起飞点,ground_station_exam_cases.csv
gskill_2a6f73a917c8,gsec_6a3ae98afbc1,qbank_7f9e06c80aa9,实操题库_地面站考试条件_2026H1_航向相同相反题型.txt_60,2026H1,2026H1,航向相同相反题型,题型:航向相同相反,题型,航向相同相反题型,ground_station_exam_cases.csv
gskill_d3ef6972fbb0,gsec_621b577dc4b3,qbank_7f9e06c80aa9,实操题库_地面站考试条件_2026H1_航向相同相反题型.txt_61,2026H1,2026H1,航向相同相反题型,经纬度换算,导航定位,经纬度;N:;E:;N;E,ground_station_exam_cases.csv
gskill_d36d4227d4d0,gsec_621b577dc4b3,qbank_7f9e06c80aa9,实操题库_地面站考试条件_2026H1_航向相同相反题型.txt_61,2026H1,2026H1,航向相同相反题型,航向方位判断,导航定位,航向;方位;SW,ground_station_exam_cases.csv
gskill_0889b35ecd91,gsec_621b577dc4b3,qbank_7f9e06c80aa9,实操题库_地面站考试条件_2026H1_航向相同相反题型.txt_61,2026H1,2026H1,航向相同相反题型,速度高度参数设置,参数设置,高度;速度;m/s,ground_station_exam_cases.csv
gskill_1327175072ec,gsec_621b577dc4b3,qbank_7f9e06c80aa9,实操题库_地面站考试条件_2026H1_航向相同相反题型.txt_61,2026H1,2026H1,航向相同相反题型,转弯停留循环设置,参数设置,转弯;停留;循环;闭合;不循环,ground_station_exam_cases.csv
gskill_d4b933f34539,gsec_621b577dc4b3,qbank_7f9e06c80aa9,实操题库_地面站考试条件_2026H1_航向相同相反题型.txt_61,2026H1,2026H1,航向相同相反题型,起飞返航点定位,导航定位,起飞点,ground_station_exam_cases.csv
gskill_f2fa9552d29f,gsec_621b577dc4b3,qbank_7f9e06c80aa9,实操题库_地面站考试条件_2026H1_航向相同相反题型.txt_61,2026H1,2026H1,航向相同相反题型,题型:航向相同相反,题型,航向相同相反题型,ground_station_exam_cases.csv
gskill_394c02b61b9f,gsec_95ea3ae79c22,qbank_7f9e06c80aa9,实操题库_地面站考试条件_2026H1_航向相同相反题型.txt_62,2026H1,2026H1,航向相同相反题型,经纬度换算,导航定位,经纬度;N:;E:;N;E,ground_station_exam_cases.csv
gskill_772b2cc3f0b9,gsec_95ea3ae79c22,qbank_7f9e06c80aa9,实操题库_地面站考试条件_2026H1_航向相同相反题型.txt_62,2026H1,2026H1,航向相同相反题型,航向方位判断,导航定位,航向;方位,ground_station_exam_cases.csv
gskill_794d8f0d62e4,gsec_95ea3ae79c22,qbank_7f9e06c80aa9,实操题库_地面站考试条件_2026H1_航向相同相反题型.txt_62,2026H1,2026H1,航向相同相反题型,夹角计算,几何计算,∠,ground_station_exam_cases.csv
gskill_2694dcc8dc45,gsec_95ea3ae79c22,qbank_7f9e06c80aa9,实操题库_地面站考试条件_2026H1_航向相同相反题型.txt_62,2026H1,2026H1,航向相同相反题型,速度高度参数设置,参数设置,高度;速度;m/s,ground_station_exam_cases.csv
gskill_0a8f2cd726ae,gsec_95ea3ae79c22,qbank_7f9e06c80aa9,实操题库_地面站考试条件_2026H1_航向相同相反题型.txt_62,2026H1,2026H1,航向相同相反题型,转弯停留循环设置,参数设置,转弯;停留;循环,ground_station_exam_cases.csv
gskill_823edf283979,gsec_95ea3ae79c22,qbank_7f9e06c80aa9,实操题库_地面站考试条件_2026H1_航向相同相反题型.txt_62,2026H1,2026H1,航向相同相反题型,几何图形航线规划,几何计算,五边形;边长,ground_station_exam_cases.csv
gskill_e3644ed29019,gsec_95ea3ae79c22,qbank_7f9e06c80aa9,实操题库_地面站考试条件_2026H1_航向相同相反题型.txt_62,2026H1,2026H1,航向相同相反题型,起飞返航点定位,导航定位,起飞点,ground_station_exam_cases.csv
gskill_4f3f15ccd6f7,gsec_95ea3ae79c22,qbank_7f9e06c80aa9,实操题库_地面站考试条件_2026H1_航向相同相反题型.txt_62,2026H1,2026H1,航向相同相反题型,题型:航向相同相反,题型,航向相同相反题型,ground_station_exam_cases.csv
gskill_64a2167bc315,gsec_4edd87878cca,qbank_7f9e06c80aa9,实操题库_地面站考试条件_2026H1_航向相同相反题型.txt_63,2026H1,2026H1,航向相同相反题型,经纬度换算,导航定位,经纬度;N:;E:;N;E,ground_station_exam_cases.csv
gskill_055507678c15,gsec_4edd87878cca,qbank_7f9e06c80aa9,实操题库_地面站考试条件_2026H1_航向相同相反题型.txt_63,2026H1,2026H1,航向相同相反题型,航向方位判断,导航定位,航向,ground_station_exam_cases.csv
gskill_016c86e4b710,gsec_4edd87878cca,qbank_7f9e06c80aa9,实操题库_地面站考试条件_2026H1_航向相同相反题型.txt_63,2026H1,2026H1,航向相同相反题型,速度高度参数设置,参数设置,高度;速度;m/s,ground_station_exam_cases.csv
gskill_e5e170bd52aa,gsec_4edd87878cca,qbank_7f9e06c80aa9,实操题库_地面站考试条件_2026H1_航向相同相反题型.txt_63,2026H1,2026H1,航向相同相反题型,转弯停留循环设置,参数设置,转弯;循环;闭合;不循环,ground_station_exam_cases.csv
gskill_8a2c3a76e5e9,gsec_4edd87878cca,qbank_7f9e06c80aa9,实操题库_地面站考试条件_2026H1_航向相同相反题型.txt_63,2026H1,2026H1,航向相同相反题型,起飞返航点定位,导航定位,起飞点,ground_station_exam_cases.csv
gskill_6eaf57f1ee4c,gsec_4edd87878cca,qbank_7f9e06c80aa9,实操题库_地面站考试条件_2026H1_航向相同相反题型.txt_63,2026H1,2026H1,航向相同相反题型,题型:航向相同相反,题型,航向相同相反题型,ground_station_exam_cases.csv
gskill_a7ad112559c2,gsec_a0e52cbed451,qbank_7f9e06c80aa9,实操题库_地面站考试条件_2026H1_航向相同相反题型.txt_64,2026H1,2026H1,航向相同相反题型,经纬度换算,导航定位,经纬度;N:;E:;N;E,ground_station_exam_cases.csv
gskill_2e033f33070f,gsec_a0e52cbed451,qbank_7f9e06c80aa9,实操题库_地面站考试条件_2026H1_航向相同相反题型.txt_64,2026H1,2026H1,航向相同相反题型,航向方位判断,导航定位,航向,ground_station_exam_cases.csv
gskill_e7958394e85c,gsec_a0e52cbed451,qbank_7f9e06c80aa9,实操题库_地面站考试条件_2026H1_航向相同相反题型.txt_64,2026H1,2026H1,航向相同相反题型,夹角计算,几何计算,∠,ground_station_exam_cases.csv
gskill_c31b35ab65ea,gsec_a0e52cbed451,qbank_7f9e06c80aa9,实操题库_地面站考试条件_2026H1_航向相同相反题型.txt_64,2026H1,2026H1,航向相同相反题型,速度高度参数设置,参数设置,高度;速度;m/s,ground_station_exam_cases.csv
gskill_58591058e0a9,gsec_a0e52cbed451,qbank_7f9e06c80aa9,实操题库_地面站考试条件_2026H1_航向相同相反题型.txt_64,2026H1,2026H1,航向相同相反题型,转弯停留循环设置,参数设置,转弯;停留;循环;闭合,ground_station_exam_cases.csv
gskill_2b993b552bb6,gsec_a0e52cbed451,qbank_7f9e06c80aa9,实操题库_地面站考试条件_2026H1_航向相同相反题型.txt_64,2026H1,2026H1,航向相同相反题型,几何图形航线规划,几何计算,五边形;边长,ground_station_exam_cases.csv
gskill_0be3a14c9cfe,gsec_a0e52cbed451,qbank_7f9e06c80aa9,实操题库_地面站考试条件_2026H1_航向相同相反题型.txt_64,2026H1,2026H1,航向相同相反题型,起飞返航点定位,导航定位,起飞点,ground_station_exam_cases.csv
gskill_4ab8cf4d0313,gsec_a0e52cbed451,qbank_7f9e06c80aa9,实操题库_地面站考试条件_2026H1_航向相同相反题型.txt_64,2026H1,2026H1,航向相同相反题型,题型:航向相同相反,题型,航向相同相反题型,ground_station_exam_cases.csv
gskill_d535071b4add,gsec_1203e605f280,qbank_7f9e06c80aa9,实操题库_地面站考试条件_2026H1_航向相同相反题型.txt_65,2026H1,2026H1,航向相同相反题型,经纬度换算,导航定位,经纬度;N:;E:;N;E,ground_station_exam_cases.csv
gskill_259ab8272e9c,gsec_1203e605f280,qbank_7f9e06c80aa9,实操题库_地面站考试条件_2026H1_航向相同相反题型.txt_65,2026H1,2026H1,航向相同相反题型,航向方位判断,导航定位,航向,ground_station_exam_cases.csv
gskill_db6dd9760ac1,gsec_1203e605f280,qbank_7f9e06c80aa9,实操题库_地面站考试条件_2026H1_航向相同相反题型.txt_65,2026H1,2026H1,航向相同相反题型,夹角计算,几何计算,∠,ground_station_exam_cases.csv
gskill_7d8d58e32b8e,gsec_1203e605f280,qbank_7f9e06c80aa9,实操题库_地面站考试条件_2026H1_航向相同相反题型.txt_65,2026H1,2026H1,航向相同相反题型,速度高度参数设置,参数设置,高度;速度;m/s,ground_station_exam_cases.csv
gskill_84364bf833b8,gsec_1203e605f280,qbank_7f9e06c80aa9,实操题库_地面站考试条件_2026H1_航向相同相反题型.txt_65,2026H1,2026H1,航向相同相反题型,转弯停留循环设置,参数设置,转弯;循环;闭合,ground_station_exam_cases.csv
gskill_ce9318fe85f7,gsec_1203e605f280,qbank_7f9e06c80aa9,实操题库_地面站考试条件_2026H1_航向相同相反题型.txt_65,2026H1,2026H1,航向相同相反题型,几何图形航线规划,几何计算,五边形;边长,ground_station_exam_cases.csv
gskill_c92655317d77,gsec_1203e605f280,qbank_7f9e06c80aa9,实操题库_地面站考试条件_2026H1_航向相同相反题型.txt_65,2026H1,2026H1,航向相同相反题型,起飞返航点定位,导航定位,起飞点,ground_station_exam_cases.csv
gskill_fe7e2ef3d5a7,gsec_1203e605f280,qbank_7f9e06c80aa9,实操题库_地面站考试条件_2026H1_航向相同相反题型.txt_65,2026H1,2026H1,航向相同相反题型,题型:航向相同相反,题型,航向相同相反题型,ground_station_exam_cases.csv
gskill_7f1a2ac7ae9e,gsec_1c71ddf7f4d6,qbank_7f9e06c80aa9,实操题库_地面站考试条件_2026H1_航向相同相反题型.txt_66,2026H1,2026H1,航向相同相反题型,经纬度换算,导航定位,E,ground_station_exam_cases.csv
gskill_983352a84ae4,gsec_1c71ddf7f4d6,qbank_7f9e06c80aa9,实操题库_地面站考试条件_2026H1_航向相同相反题型.txt_66,2026H1,2026H1,航向相同相反题型,航向方位判断,导航定位,航向,ground_station_exam_cases.csv
gskill_2fab87f85290,gsec_1c71ddf7f4d6,qbank_7f9e06c80aa9,实操题库_地面站考试条件_2026H1_航向相同相反题型.txt_66,2026H1,2026H1,航向相同相反题型,夹角计算,几何计算,∠,ground_station_exam_cases.csv
gskill_1998b1470205,gsec_1c71ddf7f4d6,qbank_7f9e06c80aa9,实操题库_地面站考试条件_2026H1_航向相同相反题型.txt_66,2026H1,2026H1,航向相同相反题型,速度高度参数设置,参数设置,高度;速度;m/s,ground_station_exam_cases.csv
gskill_30086a9f211f,gsec_1c71ddf7f4d6,qbank_7f9e06c80aa9,实操题库_地面站考试条件_2026H1_航向相同相反题型.txt_66,2026H1,2026H1,航向相同相反题型,转弯停留循环设置,参数设置,转弯;循环;闭合,ground_station_exam_cases.csv
gskill_847a47a1e2c7,gsec_1c71ddf7f4d6,qbank_7f9e06c80aa9,实操题库_地面站考试条件_2026H1_航向相同相反题型.txt_66,2026H1,2026H1,航向相同相反题型,几何图形航线规划,几何计算,边长,ground_station_exam_cases.csv
gskill_3ab7e08ec31f,gsec_1c71ddf7f4d6,qbank_7f9e06c80aa9,实操题库_地面站考试条件_2026H1_航向相同相反题型.txt_66,2026H1,2026H1,航向相同相反题型,起飞返航点定位,导航定位,起飞点,ground_station_exam_cases.csv
gskill_34303d3668ab,gsec_1c71ddf7f4d6,qbank_7f9e06c80aa9,实操题库_地面站考试条件_2026H1_航向相同相反题型.txt_66,2026H1,2026H1,航向相同相反题型,题型:航向相同相反,题型,航向相同相反题型,ground_station_exam_cases.csv
gskill_2a2c4b14ca64,gsec_e03d6bb05506,qbank_7f9e06c80aa9,实操题库_地面站考试条件_2026H1_航向相同相反题型.txt_67,2026H1,2026H1,航向相同相反题型,航向方位判断,导航定位,航向,ground_station_exam_cases.csv
gskill_d12601d69fb9,gsec_e03d6bb05506,qbank_7f9e06c80aa9,实操题库_地面站考试条件_2026H1_航向相同相反题型.txt_67,2026H1,2026H1,航向相同相反题型,夹角计算,几何计算,角,ground_station_exam_cases.csv
gskill_e421962f7593,gsec_e03d6bb05506,qbank_7f9e06c80aa9,实操题库_地面站考试条件_2026H1_航向相同相反题型.txt_67,2026H1,2026H1,航向相同相反题型,速度高度参数设置,参数设置,高度;速度;m/s,ground_station_exam_cases.csv
gskill_e167d12d9ac2,gsec_e03d6bb05506,qbank_7f9e06c80aa9,实操题库_地面站考试条件_2026H1_航向相同相反题型.txt_67,2026H1,2026H1,航向相同相反题型,转弯停留循环设置,参数设置,转弯;停留;循环;闭合,ground_station_exam_cases.csv
gskill_2fcace8719e5,gsec_e03d6bb05506,qbank_7f9e06c80aa9,实操题库_地面站考试条件_2026H1_航向相同相反题型.txt_67,2026H1,2026H1,航向相同相反题型,几何图形航线规划,几何计算,三角形;边长,ground_station_exam_cases.csv
gskill_c14c371d47a1,gsec_e03d6bb05506,qbank_7f9e06c80aa9,实操题库_地面站考试条件_2026H1_航向相同相反题型.txt_67,2026H1,2026H1,航向相同相反题型,起飞返航点定位,导航定位,起飞点,ground_station_exam_cases.csv
gskill_e0509b69e76f,gsec_e03d6bb05506,qbank_7f9e06c80aa9,实操题库_地面站考试条件_2026H1_航向相同相反题型.txt_67,2026H1,2026H1,航向相同相反题型,题型:航向相同相反,题型,航向相同相反题型,ground_station_exam_cases.csv
gskill_ed1c4ff0d23e,gsec_c3abba0c2374,qbank_7f9e06c80aa9,实操题库_地面站考试条件_2026H1_航向相同相反题型.txt_68,2026H1,2026H1,航向相同相反题型,经纬度换算,导航定位,经纬度;N:;E:;N;E,ground_station_exam_cases.csv
gskill_e4123942e99a,gsec_c3abba0c2374,qbank_7f9e06c80aa9,实操题库_地面站考试条件_2026H1_航向相同相反题型.txt_68,2026H1,2026H1,航向相同相反题型,航向方位判断,导航定位,航向,ground_station_exam_cases.csv
gskill_bc28e7f14efc,gsec_c3abba0c2374,qbank_7f9e06c80aa9,实操题库_地面站考试条件_2026H1_航向相同相反题型.txt_68,2026H1,2026H1,航向相同相反题型,夹角计算,几何计算,角,ground_station_exam_cases.csv
gskill_aecbe26c15fd,gsec_c3abba0c2374,qbank_7f9e06c80aa9,实操题库_地面站考试条件_2026H1_航向相同相反题型.txt_68,2026H1,2026H1,航向相同相反题型,速度高度参数设置,参数设置,高度;速度;m/s,ground_station_exam_cases.csv
gskill_5dc69eb868df,gsec_c3abba0c2374,qbank_7f9e06c80aa9,实操题库_地面站考试条件_2026H1_航向相同相反题型.txt_68,2026H1,2026H1,航向相同相反题型,转弯停留循环设置,参数设置,转弯;停留;循环;闭合,ground_station_exam_cases.csv
gskill_42d95a1a04e2,gsec_c3abba0c2374,qbank_7f9e06c80aa9,实操题库_地面站考试条件_2026H1_航向相同相反题型.txt_68,2026H1,2026H1,航向相同相反题型,几何图形航线规划,几何计算,三角形;边长,ground_station_exam_cases.csv
gskill_e3f6376941d5,gsec_c3abba0c2374,qbank_7f9e06c80aa9,实操题库_地面站考试条件_2026H1_航向相同相反题型.txt_68,2026H1,2026H1,航向相同相反题型,起飞返航点定位,导航定位,起飞点,ground_station_exam_cases.csv
gskill_69d5401a1827,gsec_c3abba0c2374,qbank_7f9e06c80aa9,实操题库_地面站考试条件_2026H1_航向相同相反题型.txt_68,2026H1,2026H1,航向相同相反题型,题型:航向相同相反,题型,航向相同相反题型,ground_station_exam_cases.csv
gskill_d3db18f49ded,gsec_64b811d833bb,qbank_7f9e06c80aa9,实操题库_地面站考试条件_2026H1_航向相同相反题型.txt_69,2026H1,2026H1,航向相同相反题型,经纬度换算,导航定位,经纬度;N:;E:;N;E,ground_station_exam_cases.csv
gskill_08168720c09f,gsec_64b811d833bb,qbank_7f9e06c80aa9,实操题库_地面站考试条件_2026H1_航向相同相反题型.txt_69,2026H1,2026H1,航向相同相反题型,航向方位判断,导航定位,航向,ground_station_exam_cases.csv
gskill_02a6a013889e,gsec_64b811d833bb,qbank_7f9e06c80aa9,实操题库_地面站考试条件_2026H1_航向相同相反题型.txt_69,2026H1,2026H1,航向相同相反题型,速度高度参数设置,参数设置,高度;速度;m/s,ground_station_exam_cases.csv
gskill_9248e5145688,gsec_64b811d833bb,qbank_7f9e06c80aa9,实操题库_地面站考试条件_2026H1_航向相同相反题型.txt_69,2026H1,2026H1,航向相同相反题型,转弯停留循环设置,参数设置,转弯;停留;循环;闭合;不循环,ground_station_exam_cases.csv
gskill_d714b0a9c063,gsec_64b811d833bb,qbank_7f9e06c80aa9,实操题库_地面站考试条件_2026H1_航向相同相反题型.txt_69,2026H1,2026H1,航向相同相反题型,起飞返航点定位,导航定位,起飞点,ground_station_exam_cases.csv
gskill_da5398d89bae,gsec_64b811d833bb,qbank_7f9e06c80aa9,实操题库_地面站考试条件_2026H1_航向相同相反题型.txt_69,2026H1,2026H1,航向相同相反题型,题型:航向相同相反,题型,航向相同相反题型,ground_station_exam_cases.csv
gskill_4c1916e38f9f,gsec_5a771384d107,qbank_7f9e06c80aa9,实操题库_地面站考试条件_2026H1_航向相同相反题型.txt_70,2026H1,2026H1,航向相同相反题型,经纬度换算,导航定位,经纬度;E:;E,ground_station_exam_cases.csv
gskill_d2bb0c5e1be2,gsec_5a771384d107,qbank_7f9e06c80aa9,实操题库_地面站考试条件_2026H1_航向相同相反题型.txt_70,2026H1,2026H1,航向相同相反题型,航向方位判断,导航定位,航向,ground_station_exam_cases.csv
gskill_232f8dfbe19c,gsec_5a771384d107,qbank_7f9e06c80aa9,实操题库_地面站考试条件_2026H1_航向相同相反题型.txt_70,2026H1,2026H1,航向相同相反题型,夹角计算,几何计算,∠,ground_station_exam_cases.csv
gskill_7a8c8e942a11,gsec_5a771384d107,qbank_7f9e06c80aa9,实操题库_地面站考试条件_2026H1_航向相同相反题型.txt_70,2026H1,2026H1,航向相同相反题型,速度高度参数设置,参数设置,高度;速度;m/s,ground_station_exam_cases.csv
gskill_3d6c018520c5,gsec_5a771384d107,qbank_7f9e06c80aa9,实操题库_地面站考试条件_2026H1_航向相同相反题型.txt_70,2026H1,2026H1,航向相同相反题型,转弯停留循环设置,参数设置,转弯;停留;循环;闭合,ground_station_exam_cases.csv
gskill_70fdc572b303,gsec_5a771384d107,qbank_7f9e06c80aa9,实操题库_地面站考试条件_2026H1_航向相同相反题型.txt_70,2026H1,2026H1,航向相同相反题型,几何图形航线规划,几何计算,五边形;边长,ground_station_exam_cases.csv
gskill_bba159bcc35a,gsec_5a771384d107,qbank_7f9e06c80aa9,实操题库_地面站考试条件_2026H1_航向相同相反题型.txt_70,2026H1,2026H1,航向相同相反题型,起飞返航点定位,导航定位,起飞点,ground_station_exam_cases.csv
gskill_10f3f3f0a17b,gsec_5a771384d107,qbank_7f9e06c80aa9,实操题库_地面站考试条件_2026H1_航向相同相反题型.txt_70,2026H1,2026H1,航向相同相反题型,题型:航向相同相反,题型,航向相同相反题型,ground_station_exam_cases.csv
gskill_0049645a1433,gsec_ad31ed3f69f3,qbank_7f9e06c80aa9,实操题库_地面站考试条件_2026H1_航向相同相反题型.txt_71,2026H1,2026H1,航向相同相反题型,经纬度换算,导航定位,经纬度;N:;E:;N;E,ground_station_exam_cases.csv
gskill_7e0f00b108be,gsec_ad31ed3f69f3,qbank_7f9e06c80aa9,实操题库_地面站考试条件_2026H1_航向相同相反题型.txt_71,2026H1,2026H1,航向相同相反题型,航向方位判断,导航定位,航向,ground_station_exam_cases.csv
gskill_489b9ea01360,gsec_ad31ed3f69f3,qbank_7f9e06c80aa9,实操题库_地面站考试条件_2026H1_航向相同相反题型.txt_71,2026H1,2026H1,航向相同相反题型,夹角计算,几何计算,∠,ground_station_exam_cases.csv
gskill_5ad3513861fa,gsec_ad31ed3f69f3,qbank_7f9e06c80aa9,实操题库_地面站考试条件_2026H1_航向相同相反题型.txt_71,2026H1,2026H1,航向相同相反题型,速度高度参数设置,参数设置,高度;速度;m/s,ground_station_exam_cases.csv
gskill_aecec016e1a8,gsec_ad31ed3f69f3,qbank_7f9e06c80aa9,实操题库_地面站考试条件_2026H1_航向相同相反题型.txt_71,2026H1,2026H1,航向相同相反题型,转弯停留循环设置,参数设置,转弯;停留;循环;闭合,ground_station_exam_cases.csv
gskill_8d5f1fed9a84,gsec_ad31ed3f69f3,qbank_7f9e06c80aa9,实操题库_地面站考试条件_2026H1_航向相同相反题型.txt_71,2026H1,2026H1,航向相同相反题型,几何图形航线规划,几何计算,边长,ground_station_exam_cases.csv
gskill_f50c8e7c4a95,gsec_ad31ed3f69f3,qbank_7f9e06c80aa9,实操题库_地面站考试条件_2026H1_航向相同相反题型.txt_71,2026H1,2026H1,航向相同相反题型,起飞返航点定位,导航定位,起飞点,ground_station_exam_cases.csv
gskill_529eafd1f321,gsec_ad31ed3f69f3,qbank_7f9e06c80aa9,实操题库_地面站考试条件_2026H1_航向相同相反题型.txt_71,2026H1,2026H1,航向相同相反题型,题型:航向相同相反,题型,航向相同相反题型,ground_station_exam_cases.csv
gskill_fc460ae8e813,gsec_7c39a3dfd851,qbank_7f9e06c80aa9,实操题库_地面站考试条件_2026H1_航向相同相反题型.txt_72,2026H1,2026H1,航向相同相反题型,经纬度换算,导航定位,经纬度;N:;E:;N;E,ground_station_exam_cases.csv
gskill_016238f40143,gsec_7c39a3dfd851,qbank_7f9e06c80aa9,实操题库_地面站考试条件_2026H1_航向相同相反题型.txt_72,2026H1,2026H1,航向相同相反题型,航向方位判断,导航定位,航向;方位,ground_station_exam_cases.csv
gskill_67c64e0ebd3e,gsec_7c39a3dfd851,qbank_7f9e06c80aa9,实操题库_地面站考试条件_2026H1_航向相同相反题型.txt_72,2026H1,2026H1,航向相同相反题型,夹角计算,几何计算,∠;角,ground_station_exam_cases.csv
gskill_b7c38903befd,gsec_7c39a3dfd851,qbank_7f9e06c80aa9,实操题库_地面站考试条件_2026H1_航向相同相反题型.txt_72,2026H1,2026H1,航向相同相反题型,速度高度参数设置,参数设置,高度;速度;m/s,ground_station_exam_cases.csv
gskill_09a2839cff45,gsec_7c39a3dfd851,qbank_7f9e06c80aa9,实操题库_地面站考试条件_2026H1_航向相同相反题型.txt_72,2026H1,2026H1,航向相同相反题型,转弯停留循环设置,参数设置,转弯;停留;循环,ground_station_exam_cases.csv
gskill_f4d9b53e91b5,gsec_7c39a3dfd851,qbank_7f9e06c80aa9,实操题库_地面站考试条件_2026H1_航向相同相反题型.txt_72,2026H1,2026H1,航向相同相反题型,几何图形航线规划,几何计算,三角形;边长,ground_station_exam_cases.csv
gskill_aed3a3fca5cc,gsec_7c39a3dfd851,qbank_7f9e06c80aa9,实操题库_地面站考试条件_2026H1_航向相同相反题型.txt_72,2026H1,2026H1,航向相同相反题型,起飞返航点定位,导航定位,起飞点,ground_station_exam_cases.csv
gskill_3b211f0a990f,gsec_7c39a3dfd851,qbank_7f9e06c80aa9,实操题库_地面站考试条件_2026H1_航向相同相反题型.txt_72,2026H1,2026H1,航向相同相反题型,题型:航向相同相反,题型,航向相同相反题型,ground_station_exam_cases.csv
gskill_135f4ff89f14,gsec_7a692e3de494,qbank_7f9e06c80aa9,实操题库_地面站考试条件_2026H1_航向相同相反题型.txt_73,2026H1,2026H1,航向相同相反题型,经纬度换算,导航定位,经纬度;N:;E:;N;E,ground_station_exam_cases.csv
gskill_6828ab13feeb,gsec_7a692e3de494,qbank_7f9e06c80aa9,实操题库_地面站考试条件_2026H1_航向相同相反题型.txt_73,2026H1,2026H1,航向相同相反题型,航向方位判断,导航定位,航向,ground_station_exam_cases.csv
gskill_7da2238f4583,gsec_7a692e3de494,qbank_7f9e06c80aa9,实操题库_地面站考试条件_2026H1_航向相同相反题型.txt_73,2026H1,2026H1,航向相同相反题型,夹角计算,几何计算,角,ground_station_exam_cases.csv
gskill_bda20d6ec174,gsec_7a692e3de494,qbank_7f9e06c80aa9,实操题库_地面站考试条件_2026H1_航向相同相反题型.txt_73,2026H1,2026H1,航向相同相反题型,速度高度参数设置,参数设置,高度;速度;m/s,ground_station_exam_cases.csv
gskill_6c0d57351e84,gsec_7a692e3de494,qbank_7f9e06c80aa9,实操题库_地面站考试条件_2026H1_航向相同相反题型.txt_73,2026H1,2026H1,航向相同相反题型,转弯停留循环设置,参数设置,转弯;停留;循环;闭合,ground_station_exam_cases.csv
gskill_642b983838e2,gsec_7a692e3de494,qbank_7f9e06c80aa9,实操题库_地面站考试条件_2026H1_航向相同相反题型.txt_73,2026H1,2026H1,航向相同相反题型,几何图形航线规划,几何计算,三角形;边长,ground_station_exam_cases.csv
gskill_4e5c5e1ba678,gsec_7a692e3de494,qbank_7f9e06c80aa9,实操题库_地面站考试条件_2026H1_航向相同相反题型.txt_73,2026H1,2026H1,航向相同相反题型,起飞返航点定位,导航定位,起飞点,ground_station_exam_cases.csv
gskill_072074072225,gsec_7a692e3de494,qbank_7f9e06c80aa9,实操题库_地面站考试条件_2026H1_航向相同相反题型.txt_73,2026H1,2026H1,航向相同相反题型,题型:航向相同相反,题型,航向相同相反题型,ground_station_exam_cases.csv
gskill_9f225196a4f4,gsec_b1cf9c2514e9,qbank_7f9e06c80aa9,实操题库_地面站考试条件_2026H1_航向相同相反题型.txt_74,2026H1,2026H1,航向相同相反题型,经纬度换算,导航定位,经纬度;N:;E:;N;E,ground_station_exam_cases.csv
gskill_7eeb60f87aba,gsec_b1cf9c2514e9,qbank_7f9e06c80aa9,实操题库_地面站考试条件_2026H1_航向相同相反题型.txt_74,2026H1,2026H1,航向相同相反题型,航向方位判断,导航定位,航向,ground_station_exam_cases.csv
gskill_6d4735353c45,gsec_b1cf9c2514e9,qbank_7f9e06c80aa9,实操题库_地面站考试条件_2026H1_航向相同相反题型.txt_74,2026H1,2026H1,航向相同相反题型,速度高度参数设置,参数设置,高度;速度;m/s,ground_station_exam_cases.csv
gskill_cdecc4e1e210,gsec_b1cf9c2514e9,qbank_7f9e06c80aa9,实操题库_地面站考试条件_2026H1_航向相同相反题型.txt_74,2026H1,2026H1,航向相同相反题型,转弯停留循环设置,参数设置,转弯;停留;循环;闭合;不循环,ground_station_exam_cases.csv
gskill_98f9f515aed0,gsec_b1cf9c2514e9,qbank_7f9e06c80aa9,实操题库_地面站考试条件_2026H1_航向相同相反题型.txt_74,2026H1,2026H1,航向相同相反题型,起飞返航点定位,导航定位,起飞点,ground_station_exam_cases.csv
gskill_a87879a8c93f,gsec_b1cf9c2514e9,qbank_7f9e06c80aa9,实操题库_地面站考试条件_2026H1_航向相同相反题型.txt_74,2026H1,2026H1,航向相同相反题型,题型:航向相同相反,题型,航向相同相反题型,ground_station_exam_cases.csv
gskill_96f4d65739a6,gsec_fc0c0893ea20,qbank_7f9e06c80aa9,实操题库_地面站考试条件_2026H1_航向相同相反题型.txt_75,2026H1,2026H1,航向相同相反题型,经纬度换算,导航定位,E,ground_station_exam_cases.csv
gskill_f3a36db00e96,gsec_fc0c0893ea20,qbank_7f9e06c80aa9,实操题库_地面站考试条件_2026H1_航向相同相反题型.txt_75,2026H1,2026H1,航向相同相反题型,航向方位判断,导航定位,航向,ground_station_exam_cases.csv
gskill_fe62e8ee9b68,gsec_fc0c0893ea20,qbank_7f9e06c80aa9,实操题库_地面站考试条件_2026H1_航向相同相反题型.txt_75,2026H1,2026H1,航向相同相反题型,夹角计算,几何计算,∠,ground_station_exam_cases.csv
gskill_866c01a40110,gsec_fc0c0893ea20,qbank_7f9e06c80aa9,实操题库_地面站考试条件_2026H1_航向相同相反题型.txt_75,2026H1,2026H1,航向相同相反题型,速度高度参数设置,参数设置,高度;速度;m/s,ground_station_exam_cases.csv
gskill_a4fb7483440a,gsec_fc0c0893ea20,qbank_7f9e06c80aa9,实操题库_地面站考试条件_2026H1_航向相同相反题型.txt_75,2026H1,2026H1,航向相同相反题型,转弯停留循环设置,参数设置,转弯;停留;循环;闭合,ground_station_exam_cases.csv
gskill_3537a9c423c0,gsec_fc0c0893ea20,qbank_7f9e06c80aa9,实操题库_地面站考试条件_2026H1_航向相同相反题型.txt_75,2026H1,2026H1,航向相同相反题型,几何图形航线规划,几何计算,五边形;边长,ground_station_exam_cases.csv
gskill_6715db40b283,gsec_fc0c0893ea20,qbank_7f9e06c80aa9,实操题库_地面站考试条件_2026H1_航向相同相反题型.txt_75,2026H1,2026H1,航向相同相反题型,起飞返航点定位,导航定位,起飞点,ground_station_exam_cases.csv
gskill_0caf6604427e,gsec_fc0c0893ea20,qbank_7f9e06c80aa9,实操题库_地面站考试条件_2026H1_航向相同相反题型.txt_75,2026H1,2026H1,航向相同相反题型,题型:航向相同相反,题型,航向相同相反题型,ground_station_exam_cases.csv
gskill_da7de3430274,gsec_c4e1f97e0944,qbank_7f9e06c80aa9,实操题库_地面站考试条件_2026H1_航向相同相反题型.txt_76,2026H1,2026H1,航向相同相反题型,经纬度换算,导航定位,E,ground_station_exam_cases.csv
gskill_a244c2084ece,gsec_c4e1f97e0944,qbank_7f9e06c80aa9,实操题库_地面站考试条件_2026H1_航向相同相反题型.txt_76,2026H1,2026H1,航向相同相反题型,航向方位判断,导航定位,航向,ground_station_exam_cases.csv
gskill_4aa3e11711d9,gsec_c4e1f97e0944,qbank_7f9e06c80aa9,实操题库_地面站考试条件_2026H1_航向相同相反题型.txt_76,2026H1,2026H1,航向相同相反题型,夹角计算,几何计算,∠,ground_station_exam_cases.csv
gskill_3676b49413ca,gsec_c4e1f97e0944,qbank_7f9e06c80aa9,实操题库_地面站考试条件_2026H1_航向相同相反题型.txt_76,2026H1,2026H1,航向相同相反题型,速度高度参数设置,参数设置,高度;速度;m/s,ground_station_exam_cases.csv
gskill_64ee1568d00c,gsec_c4e1f97e0944,qbank_7f9e06c80aa9,实操题库_地面站考试条件_2026H1_航向相同相反题型.txt_76,2026H1,2026H1,航向相同相反题型,转弯停留循环设置,参数设置,转弯;停留;循环;闭合,ground_station_exam_cases.csv
gskill_0cd628a53fbe,gsec_c4e1f97e0944,qbank_7f9e06c80aa9,实操题库_地面站考试条件_2026H1_航向相同相反题型.txt_76,2026H1,2026H1,航向相同相反题型,几何图形航线规划,几何计算,五边形;边长,ground_station_exam_cases.csv
gskill_bde997639d29,gsec_c4e1f97e0944,qbank_7f9e06c80aa9,实操题库_地面站考试条件_2026H1_航向相同相反题型.txt_76,2026H1,2026H1,航向相同相反题型,起飞返航点定位,导航定位,起飞点,ground_station_exam_cases.csv
gskill_65c1d7ec7f10,gsec_c4e1f97e0944,qbank_7f9e06c80aa9,实操题库_地面站考试条件_2026H1_航向相同相反题型.txt_76,2026H1,2026H1,航向相同相反题型,题型:航向相同相反,题型,航向相同相反题型,ground_station_exam_cases.csv
gskill_4da1108405fa,gsec_128fa7af72c7,qbank_7f9e06c80aa9,实操题库_地面站考试条件_2026H1_航向相同相反题型.txt_77,2026H1,2026H1,航向相同相反题型,经纬度换算,导航定位,E,ground_station_exam_cases.csv
gskill_8393bffeb6da,gsec_128fa7af72c7,qbank_7f9e06c80aa9,实操题库_地面站考试条件_2026H1_航向相同相反题型.txt_77,2026H1,2026H1,航向相同相反题型,航向方位判断,导航定位,航向,ground_station_exam_cases.csv
gskill_92ef6b5f7307,gsec_128fa7af72c7,qbank_7f9e06c80aa9,实操题库_地面站考试条件_2026H1_航向相同相反题型.txt_77,2026H1,2026H1,航向相同相反题型,夹角计算,几何计算,∠,ground_station_exam_cases.csv
gskill_234ce91af7f0,gsec_128fa7af72c7,qbank_7f9e06c80aa9,实操题库_地面站考试条件_2026H1_航向相同相反题型.txt_77,2026H1,2026H1,航向相同相反题型,速度高度参数设置,参数设置,高度;速度;m/s,ground_station_exam_cases.csv
gskill_848ca626e79d,gsec_128fa7af72c7,qbank_7f9e06c80aa9,实操题库_地面站考试条件_2026H1_航向相同相反题型.txt_77,2026H1,2026H1,航向相同相反题型,转弯停留循环设置,参数设置,转弯;停留;循环;闭合,ground_station_exam_cases.csv
gskill_0ca71d1f3e47,gsec_128fa7af72c7,qbank_7f9e06c80aa9,实操题库_地面站考试条件_2026H1_航向相同相反题型.txt_77,2026H1,2026H1,航向相同相反题型,几何图形航线规划,几何计算,边长,ground_station_exam_cases.csv
gskill_d6efddb407c1,gsec_128fa7af72c7,qbank_7f9e06c80aa9,实操题库_地面站考试条件_2026H1_航向相同相反题型.txt_77,2026H1,2026H1,航向相同相反题型,起飞返航点定位,导航定位,起飞点,ground_station_exam_cases.csv
gskill_2589ae6ddbca,gsec_128fa7af72c7,qbank_7f9e06c80aa9,实操题库_地面站考试条件_2026H1_航向相同相反题型.txt_77,2026H1,2026H1,航向相同相反题型,题型:航向相同相反,题型,航向相同相反题型,ground_station_exam_cases.csv
gskill_c04608aa3512,gsec_31c07a7dc438,qbank_7f9e06c80aa9,实操题库_地面站考试条件_2026H1_航向相同相反题型.txt_78,2026H1,2026H1,航向相同相反题型,经纬度换算,导航定位,经纬度;N:;E:;N;E,ground_station_exam_cases.csv
gskill_b540987263ce,gsec_31c07a7dc438,qbank_7f9e06c80aa9,实操题库_地面站考试条件_2026H1_航向相同相反题型.txt_78,2026H1,2026H1,航向相同相反题型,航向方位判断,导航定位,方位;NW,ground_station_exam_cases.csv
gskill_e39e46f54c79,gsec_31c07a7dc438,qbank_7f9e06c80aa9,实操题库_地面站考试条件_2026H1_航向相同相反题型.txt_78,2026H1,2026H1,航向相同相反题型,速度高度参数设置,参数设置,高度;速度;m/s,ground_station_exam_cases.csv
gskill_faa12855b09d,gsec_31c07a7dc438,qbank_7f9e06c80aa9,实操题库_地面站考试条件_2026H1_航向相同相反题型.txt_78,2026H1,2026H1,航向相同相反题型,转弯停留循环设置,参数设置,转弯;停留;循环,ground_station_exam_cases.csv
gskill_761551fee4fa,gsec_31c07a7dc438,qbank_7f9e06c80aa9,实操题库_地面站考试条件_2026H1_航向相同相反题型.txt_78,2026H1,2026H1,航向相同相反题型,几何图形航线规划,几何计算,六边形,ground_station_exam_cases.csv
gskill_c98517590cd0,gsec_31c07a7dc438,qbank_7f9e06c80aa9,实操题库_地面站考试条件_2026H1_航向相同相反题型.txt_78,2026H1,2026H1,航向相同相反题型,起飞返航点定位,导航定位,起飞点;H点,ground_station_exam_cases.csv
gskill_f830a99af2df,gsec_31c07a7dc438,qbank_7f9e06c80aa9,实操题库_地面站考试条件_2026H1_航向相同相反题型.txt_78,2026H1,2026H1,航向相同相反题型,题型:航向相同相反,题型,航向相同相反题型,ground_station_exam_cases.csv
gskill_d52dab750794,gsec_9ef7db53e481,qbank_7f9e06c80aa9,实操题库_地面站考试条件_2026H1_航向相同相反题型.txt_79,2026H1,2026H1,航向相同相反题型,经纬度换算,导航定位,经纬度;N:;E:;N;E,ground_station_exam_cases.csv
gskill_a742ad881281,gsec_9ef7db53e481,qbank_7f9e06c80aa9,实操题库_地面站考试条件_2026H1_航向相同相反题型.txt_79,2026H1,2026H1,航向相同相反题型,航向方位判断,导航定位,方位;NW,ground_station_exam_cases.csv
gskill_05a7627117a4,gsec_9ef7db53e481,qbank_7f9e06c80aa9,实操题库_地面站考试条件_2026H1_航向相同相反题型.txt_79,2026H1,2026H1,航向相同相反题型,夹角计算,几何计算,∠,ground_station_exam_cases.csv
gskill_6ff11328f97d,gsec_9ef7db53e481,qbank_7f9e06c80aa9,实操题库_地面站考试条件_2026H1_航向相同相反题型.txt_79,2026H1,2026H1,航向相同相反题型,速度高度参数设置,参数设置,高度;速度;m/s,ground_station_exam_cases.csv
gskill_63140caa1473,gsec_9ef7db53e481,qbank_7f9e06c80aa9,实操题库_地面站考试条件_2026H1_航向相同相反题型.txt_79,2026H1,2026H1,航向相同相反题型,转弯停留循环设置,参数设置,转弯;停留;循环,ground_station_exam_cases.csv
gskill_102b138186e6,gsec_9ef7db53e481,qbank_7f9e06c80aa9,实操题库_地面站考试条件_2026H1_航向相同相反题型.txt_79,2026H1,2026H1,航向相同相反题型,几何图形航线规划,几何计算,五边形;边长,ground_station_exam_cases.csv
gskill_6fbb9ae20882,gsec_9ef7db53e481,qbank_7f9e06c80aa9,实操题库_地面站考试条件_2026H1_航向相同相反题型.txt_79,2026H1,2026H1,航向相同相反题型,起飞返航点定位,导航定位,起飞点;H点,ground_station_exam_cases.csv
gskill_cf8368f09d0d,gsec_9ef7db53e481,qbank_7f9e06c80aa9,实操题库_地面站考试条件_2026H1_航向相同相反题型.txt_79,2026H1,2026H1,航向相同相反题型,题型:航向相同相反,题型,航向相同相反题型,ground_station_exam_cases.csv
gskill_98b5bf8f56ec,gsec_318ffce13369,qbank_7f9e06c80aa9,实操题库_地面站考试条件_2026H1_航向相同相反题型.txt_80,2026H1,2026H1,航向相同相反题型,经纬度换算,导航定位,经纬度;N:;E:;N;E,ground_station_exam_cases.csv
gskill_ddc70d511c50,gsec_318ffce13369,qbank_7f9e06c80aa9,实操题库_地面站考试条件_2026H1_航向相同相反题型.txt_80,2026H1,2026H1,航向相同相反题型,航向方位判断,导航定位,方位;NW,ground_station_exam_cases.csv
gskill_e64857cab905,gsec_318ffce13369,qbank_7f9e06c80aa9,实操题库_地面站考试条件_2026H1_航向相同相反题型.txt_80,2026H1,2026H1,航向相同相反题型,夹角计算,几何计算,∠,ground_station_exam_cases.csv
gskill_09019b20fe0d,gsec_318ffce13369,qbank_7f9e06c80aa9,实操题库_地面站考试条件_2026H1_航向相同相反题型.txt_80,2026H1,2026H1,航向相同相反题型,速度高度参数设置,参数设置,高度;速度;m/s,ground_station_exam_cases.csv
gskill_37e29d7f43bc,gsec_318ffce13369,qbank_7f9e06c80aa9,实操题库_地面站考试条件_2026H1_航向相同相反题型.txt_80,2026H1,2026H1,航向相同相反题型,转弯停留循环设置,参数设置,转弯;停留;循环,ground_station_exam_cases.csv
gskill_5c1a09d24f1b,gsec_318ffce13369,qbank_7f9e06c80aa9,实操题库_地面站考试条件_2026H1_航向相同相反题型.txt_80,2026H1,2026H1,航向相同相反题型,几何图形航线规划,几何计算,边长,ground_station_exam_cases.csv
gskill_2b7c023d033a,gsec_318ffce13369,qbank_7f9e06c80aa9,实操题库_地面站考试条件_2026H1_航向相同相反题型.txt_80,2026H1,2026H1,航向相同相反题型,起飞返航点定位,导航定位,起飞点;H点,ground_station_exam_cases.csv
gskill_f4e2fb996f23,gsec_318ffce13369,qbank_7f9e06c80aa9,实操题库_地面站考试条件_2026H1_航向相同相反题型.txt_80,2026H1,2026H1,航向相同相反题型,题型:航向相同相反,题型,航向相同相反题型,ground_station_exam_cases.csv
gskill_a230f9114b12,gsec_174164cb9dd1,qbank_7f9e06c80aa9,实操题库_地面站考试条件_2026H1_航向相同相反题型.txt_81,2026H1,2026H1,航向相同相反题型,经纬度换算,导航定位,E,ground_station_exam_cases.csv
gskill_415d8f901da2,gsec_174164cb9dd1,qbank_7f9e06c80aa9,实操题库_地面站考试条件_2026H1_航向相同相反题型.txt_81,2026H1,2026H1,航向相同相反题型,航向方位判断,导航定位,航向,ground_station_exam_cases.csv
gskill_dbcbf0d67f21,gsec_174164cb9dd1,qbank_7f9e06c80aa9,实操题库_地面站考试条件_2026H1_航向相同相反题型.txt_81,2026H1,2026H1,航向相同相反题型,速度高度参数设置,参数设置,高度;速度;m/s,ground_station_exam_cases.csv
gskill_2ec48069c43b,gsec_174164cb9dd1,qbank_7f9e06c80aa9,实操题库_地面站考试条件_2026H1_航向相同相反题型.txt_81,2026H1,2026H1,航向相同相反题型,转弯停留循环设置,参数设置,转弯;循环;闭合;不循环,ground_station_exam_cases.csv
gskill_c79a56b198f8,gsec_174164cb9dd1,qbank_7f9e06c80aa9,实操题库_地面站考试条件_2026H1_航向相同相反题型.txt_81,2026H1,2026H1,航向相同相反题型,起飞返航点定位,导航定位,起飞点,ground_station_exam_cases.csv
gskill_ab30c7d320d3,gsec_174164cb9dd1,qbank_7f9e06c80aa9,实操题库_地面站考试条件_2026H1_航向相同相反题型.txt_81,2026H1,2026H1,航向相同相反题型,题型:航向相同相反,题型,航向相同相反题型,ground_station_exam_cases.csv
gskill_c0a661dc56cb,gsec_5e5858fef7a3,qbank_7f9e06c80aa9,实操题库_地面站考试条件_2026H1_航向相同相反题型.txt_82,2026H1,2026H1,航向相同相反题型,经纬度换算,导航定位,经纬度;N:;E:;N;E,ground_station_exam_cases.csv
gskill_1742805489a3,gsec_5e5858fef7a3,qbank_7f9e06c80aa9,实操题库_地面站考试条件_2026H1_航向相同相反题型.txt_82,2026H1,2026H1,航向相同相反题型,航向方位判断,导航定位,航向,ground_station_exam_cases.csv
gskill_40edda1fe4d6,gsec_5e5858fef7a3,qbank_7f9e06c80aa9,实操题库_地面站考试条件_2026H1_航向相同相反题型.txt_82,2026H1,2026H1,航向相同相反题型,夹角计算,几何计算,∠,ground_station_exam_cases.csv
gskill_8f88bcfbbca8,gsec_5e5858fef7a3,qbank_7f9e06c80aa9,实操题库_地面站考试条件_2026H1_航向相同相反题型.txt_82,2026H1,2026H1,航向相同相反题型,速度高度参数设置,参数设置,高度;速度;m/s,ground_station_exam_cases.csv
gskill_0ed2b845f5ab,gsec_5e5858fef7a3,qbank_7f9e06c80aa9,实操题库_地面站考试条件_2026H1_航向相同相反题型.txt_82,2026H1,2026H1,航向相同相反题型,转弯停留循环设置,参数设置,转弯;停留;循环;闭合,ground_station_exam_cases.csv
gskill_53c97c47fb6b,gsec_5e5858fef7a3,qbank_7f9e06c80aa9,实操题库_地面站考试条件_2026H1_航向相同相反题型.txt_82,2026H1,2026H1,航向相同相反题型,几何图形航线规划,几何计算,五边形;边长,ground_station_exam_cases.csv
gskill_eb026e8d6caf,gsec_5e5858fef7a3,qbank_7f9e06c80aa9,实操题库_地面站考试条件_2026H1_航向相同相反题型.txt_82,2026H1,2026H1,航向相同相反题型,起飞返航点定位,导航定位,起飞点,ground_station_exam_cases.csv
gskill_6f9726587d23,gsec_5e5858fef7a3,qbank_7f9e06c80aa9,实操题库_地面站考试条件_2026H1_航向相同相反题型.txt_82,2026H1,2026H1,航向相同相反题型,题型:航向相同相反,题型,航向相同相反题型,ground_station_exam_cases.csv
gskill_79c640c8a4e2,gsec_e5dda0291591,qbank_7f9e06c80aa9,实操题库_地面站考试条件_2026H1_航向相同相反题型.txt_83,2026H1,2026H1,航向相同相反题型,经纬度换算,导航定位,经纬度;N:;E:;N;E,ground_station_exam_cases.csv
gskill_e3f9ac129c3c,gsec_e5dda0291591,qbank_7f9e06c80aa9,实操题库_地面站考试条件_2026H1_航向相同相反题型.txt_83,2026H1,2026H1,航向相同相反题型,航向方位判断,导航定位,航向,ground_station_exam_cases.csv
gskill_f8fb02ebd7a7,gsec_e5dda0291591,qbank_7f9e06c80aa9,实操题库_地面站考试条件_2026H1_航向相同相反题型.txt_83,2026H1,2026H1,航向相同相反题型,夹角计算,几何计算,∠,ground_station_exam_cases.csv
gskill_0e5522747190,gsec_e5dda0291591,qbank_7f9e06c80aa9,实操题库_地面站考试条件_2026H1_航向相同相反题型.txt_83,2026H1,2026H1,航向相同相反题型,速度高度参数设置,参数设置,高度;速度;m/s,ground_station_exam_cases.csv
gskill_5e2f2d9da7b1,gsec_e5dda0291591,qbank_7f9e06c80aa9,实操题库_地面站考试条件_2026H1_航向相同相反题型.txt_83,2026H1,2026H1,航向相同相反题型,转弯停留循环设置,参数设置,转弯;停留;循环;闭合,ground_station_exam_cases.csv
gskill_e0b3a74856ab,gsec_e5dda0291591,qbank_7f9e06c80aa9,实操题库_地面站考试条件_2026H1_航向相同相反题型.txt_83,2026H1,2026H1,航向相同相反题型,几何图形航线规划,几何计算,边长,ground_station_exam_cases.csv
gskill_4e61d691f5af,gsec_e5dda0291591,qbank_7f9e06c80aa9,实操题库_地面站考试条件_2026H1_航向相同相反题型.txt_83,2026H1,2026H1,航向相同相反题型,起飞返航点定位,导航定位,起飞点,ground_station_exam_cases.csv
gskill_9220d9b82d43,gsec_e5dda0291591,qbank_7f9e06c80aa9,实操题库_地面站考试条件_2026H1_航向相同相反题型.txt_83,2026H1,2026H1,航向相同相反题型,题型:航向相同相反,题型,航向相同相反题型,ground_station_exam_cases.csv
gskill_7b71e17f7972,gsec_b36c006d398f,qbank_7f9e06c80aa9,实操题库_地面站考试条件_2026H1_航向相同相反题型.txt_84,2026H1,2026H1,航向相同相反题型,经纬度换算,导航定位,N:;E:;N;E,ground_station_exam_cases.csv
gskill_6baa3f1ef7a9,gsec_b36c006d398f,qbank_7f9e06c80aa9,实操题库_地面站考试条件_2026H1_航向相同相反题型.txt_84,2026H1,2026H1,航向相同相反题型,航向方位判断,导航定位,航向,ground_station_exam_cases.csv
gskill_bed1fbc31de3,gsec_b36c006d398f,qbank_7f9e06c80aa9,实操题库_地面站考试条件_2026H1_航向相同相反题型.txt_84,2026H1,2026H1,航向相同相反题型,夹角计算,几何计算,∠;角,ground_station_exam_cases.csv
gskill_2eb6a77373b2,gsec_b36c006d398f,qbank_7f9e06c80aa9,实操题库_地面站考试条件_2026H1_航向相同相反题型.txt_84,2026H1,2026H1,航向相同相反题型,速度高度参数设置,参数设置,高度;速度;m/s,ground_station_exam_cases.csv
gskill_2b71678f727c,gsec_b36c006d398f,qbank_7f9e06c80aa9,实操题库_地面站考试条件_2026H1_航向相同相反题型.txt_84,2026H1,2026H1,航向相同相反题型,转弯停留循环设置,参数设置,转弯;停留;循环;闭合,ground_station_exam_cases.csv
gskill_8ffae8834e08,gsec_b36c006d398f,qbank_7f9e06c80aa9,实操题库_地面站考试条件_2026H1_航向相同相反题型.txt_84,2026H1,2026H1,航向相同相反题型,几何图形航线规划,几何计算,三角形;边长,ground_station_exam_cases.csv
gskill_4089f7b70392,gsec_b36c006d398f,qbank_7f9e06c80aa9,实操题库_地面站考试条件_2026H1_航向相同相反题型.txt_84,2026H1,2026H1,航向相同相反题型,起飞返航点定位,导航定位,起飞点,ground_station_exam_cases.csv
gskill_448d3d933be8,gsec_b36c006d398f,qbank_7f9e06c80aa9,实操题库_地面站考试条件_2026H1_航向相同相反题型.txt_84,2026H1,2026H1,航向相同相反题型,题型:航向相同相反,题型,航向相同相反题型,ground_station_exam_cases.csv
gskill_873b0b397648,gsec_d63b80578ea2,qbank_7f9e06c80aa9,实操题库_地面站考试条件_2026H1_航向相同相反题型.txt_85,2026H1,2026H1,航向相同相反题型,经纬度换算,导航定位,经纬度;N:;E:;N;E,ground_station_exam_cases.csv
gskill_148b15fb896d,gsec_d63b80578ea2,qbank_7f9e06c80aa9,实操题库_地面站考试条件_2026H1_航向相同相反题型.txt_85,2026H1,2026H1,航向相同相反题型,航向方位判断,导航定位,航向,ground_station_exam_cases.csv
gskill_bded5a58541f,gsec_d63b80578ea2,qbank_7f9e06c80aa9,实操题库_地面站考试条件_2026H1_航向相同相反题型.txt_85,2026H1,2026H1,航向相同相反题型,速度高度参数设置,参数设置,高度;速度;m/s,ground_station_exam_cases.csv
gskill_47ae6d510324,gsec_d63b80578ea2,qbank_7f9e06c80aa9,实操题库_地面站考试条件_2026H1_航向相同相反题型.txt_85,2026H1,2026H1,航向相同相反题型,转弯停留循环设置,参数设置,转弯;停留;循环;闭合;不循环,ground_station_exam_cases.csv
gskill_ea1c3f62bf26,gsec_d63b80578ea2,qbank_7f9e06c80aa9,实操题库_地面站考试条件_2026H1_航向相同相反题型.txt_85,2026H1,2026H1,航向相同相反题型,起飞返航点定位,导航定位,起飞点,ground_station_exam_cases.csv
gskill_76abf6542d7a,gsec_d63b80578ea2,qbank_7f9e06c80aa9,实操题库_地面站考试条件_2026H1_航向相同相反题型.txt_85,2026H1,2026H1,航向相同相反题型,题型:航向相同相反,题型,航向相同相反题型,ground_station_exam_cases.csv
gskill_c36f488478c8,gsec_b934e295a6f4,qbank_7f9e06c80aa9,实操题库_地面站考试条件_2026H1_航向相同相反题型.txt_86,2026H1,2026H1,航向相同相反题型,经纬度换算,导航定位,经纬度;N:;E:;N;E,ground_station_exam_cases.csv
gskill_899c0f8336e6,gsec_b934e295a6f4,qbank_7f9e06c80aa9,实操题库_地面站考试条件_2026H1_航向相同相反题型.txt_86,2026H1,2026H1,航向相同相反题型,航向方位判断,导航定位,航向,ground_station_exam_cases.csv
gskill_e9844391c23f,gsec_b934e295a6f4,qbank_7f9e06c80aa9,实操题库_地面站考试条件_2026H1_航向相同相反题型.txt_86,2026H1,2026H1,航向相同相反题型,夹角计算,几何计算,∠,ground_station_exam_cases.csv
gskill_7f17d09c364e,gsec_b934e295a6f4,qbank_7f9e06c80aa9,实操题库_地面站考试条件_2026H1_航向相同相反题型.txt_86,2026H1,2026H1,航向相同相反题型,速度高度参数设置,参数设置,高度;速度;m/s,ground_station_exam_cases.csv
gskill_680496069e4b,gsec_b934e295a6f4,qbank_7f9e06c80aa9,实操题库_地面站考试条件_2026H1_航向相同相反题型.txt_86,2026H1,2026H1,航向相同相反题型,转弯停留循环设置,参数设置,转弯;循环;闭合,ground_station_exam_cases.csv
gskill_02e3988d8c08,gsec_b934e295a6f4,qbank_7f9e06c80aa9,实操题库_地面站考试条件_2026H1_航向相同相反题型.txt_86,2026H1,2026H1,航向相同相反题型,几何图形航线规划,几何计算,五边形;边长,ground_station_exam_cases.csv
gskill_56c94f00cfe8,gsec_b934e295a6f4,qbank_7f9e06c80aa9,实操题库_地面站考试条件_2026H1_航向相同相反题型.txt_86,2026H1,2026H1,航向相同相反题型,起飞返航点定位,导航定位,起飞点,ground_station_exam_cases.csv
gskill_07df8e03de26,gsec_b934e295a6f4,qbank_7f9e06c80aa9,实操题库_地面站考试条件_2026H1_航向相同相反题型.txt_86,2026H1,2026H1,航向相同相反题型,题型:航向相同相反,题型,航向相同相反题型,ground_station_exam_cases.csv
gskill_fa776346d239,gsec_f4c86e378615,qbank_7f9e06c80aa9,实操题库_地面站考试条件_2026H1_航向相同相反题型.txt_87,2026H1,2026H1,航向相同相反题型,经纬度换算,导航定位,经纬度;坐标;N;E,ground_station_exam_cases.csv
gskill_f0df302171b3,gsec_f4c86e378615,qbank_7f9e06c80aa9,实操题库_地面站考试条件_2026H1_航向相同相反题型.txt_87,2026H1,2026H1,航向相同相反题型,航向方位判断,导航定位,航向,ground_station_exam_cases.csv
gskill_1738cf869f23,gsec_f4c86e378615,qbank_7f9e06c80aa9,实操题库_地面站考试条件_2026H1_航向相同相反题型.txt_87,2026H1,2026H1,航向相同相反题型,速度高度参数设置,参数设置,高度;速度;m/s,ground_station_exam_cases.csv
gskill_dd12bd7f318a,gsec_f4c86e378615,qbank_7f9e06c80aa9,实操题库_地面站考试条件_2026H1_航向相同相反题型.txt_87,2026H1,2026H1,航向相同相反题型,转弯停留循环设置,参数设置,转弯;停留;循环;闭合,ground_station_exam_cases.csv
gskill_fb566602fbfe,gsec_f4c86e378615,qbank_7f9e06c80aa9,实操题库_地面站考试条件_2026H1_航向相同相反题型.txt_87,2026H1,2026H1,航向相同相反题型,几何图形航线规划,几何计算,边长;图形,ground_station_exam_cases.csv
gskill_29f5049778d9,gsec_f4c86e378615,qbank_7f9e06c80aa9,实操题库_地面站考试条件_2026H1_航向相同相反题型.txt_87,2026H1,2026H1,航向相同相反题型,起飞返航点定位,导航定位,起飞点;返航点,ground_station_exam_cases.csv
gskill_4eed1ed63345,gsec_f4c86e378615,qbank_7f9e06c80aa9,实操题库_地面站考试条件_2026H1_航向相同相反题型.txt_87,2026H1,2026H1,航向相同相反题型,题型:航向相同相反,题型,航向相同相反题型,ground_station_exam_cases.csv
gskill_376a55956774,gsec_2d431a82a4f8,qbank_7f9e06c80aa9,实操题库_地面站考试条件_2026H1_航向相同相反题型.txt_88,2026H1,2026H1,航向相同相反题型,经纬度换算,导航定位,经纬度;N:;E:;N;E,ground_station_exam_cases.csv
gskill_b1470feb1b65,gsec_2d431a82a4f8,qbank_7f9e06c80aa9,实操题库_地面站考试条件_2026H1_航向相同相反题型.txt_88,2026H1,2026H1,航向相同相反题型,航向方位判断,导航定位,航向,ground_station_exam_cases.csv
gskill_96c702ee84e8,gsec_2d431a82a4f8,qbank_7f9e06c80aa9,实操题库_地面站考试条件_2026H1_航向相同相反题型.txt_88,2026H1,2026H1,航向相同相反题型,速度高度参数设置,参数设置,高度;速度;m/s,ground_station_exam_cases.csv
gskill_f04a6e394403,gsec_2d431a82a4f8,qbank_7f9e06c80aa9,实操题库_地面站考试条件_2026H1_航向相同相反题型.txt_88,2026H1,2026H1,航向相同相反题型,转弯停留循环设置,参数设置,转弯;停留;循环;闭合;不循环,ground_station_exam_cases.csv
gskill_4e63d0bb8ebb,gsec_2d431a82a4f8,qbank_7f9e06c80aa9,实操题库_地面站考试条件_2026H1_航向相同相反题型.txt_88,2026H1,2026H1,航向相同相反题型,起飞返航点定位,导航定位,起飞点,ground_station_exam_cases.csv
gskill_2152403528fb,gsec_2d431a82a4f8,qbank_7f9e06c80aa9,实操题库_地面站考试条件_2026H1_航向相同相反题型.txt_88,2026H1,2026H1,航向相同相反题型,题型:航向相同相反,题型,航向相同相反题型,ground_station_exam_cases.csv
gskill_94dbdc664e14,gsec_2d2ddddf13f1,qbank_7f9e06c80aa9,实操题库_地面站考试条件_2026H1_航向相同相反题型.txt_89,2026H1,2026H1,航向相同相反题型,经纬度换算,导航定位,经纬度;N:;E:;N;E,ground_station_exam_cases.csv
gskill_7c628f55ad2d,gsec_2d2ddddf13f1,qbank_7f9e06c80aa9,实操题库_地面站考试条件_2026H1_航向相同相反题型.txt_89,2026H1,2026H1,航向相同相反题型,航向方位判断,导航定位,航向,ground_station_exam_cases.csv
gskill_b6484fd41538,gsec_2d2ddddf13f1,qbank_7f9e06c80aa9,实操题库_地面站考试条件_2026H1_航向相同相反题型.txt_89,2026H1,2026H1,航向相同相反题型,夹角计算,几何计算,∠,ground_station_exam_cases.csv
gskill_e36d04d9c40b,gsec_2d2ddddf13f1,qbank_7f9e06c80aa9,实操题库_地面站考试条件_2026H1_航向相同相反题型.txt_89,2026H1,2026H1,航向相同相反题型,速度高度参数设置,参数设置,高度;速度,ground_station_exam_cases.csv
gskill_58d8c21d8497,gsec_2d2ddddf13f1,qbank_7f9e06c80aa9,实操题库_地面站考试条件_2026H1_航向相同相反题型.txt_89,2026H1,2026H1,航向相同相反题型,转弯停留循环设置,参数设置,转弯;停留;循环;闭合,ground_station_exam_cases.csv
gskill_82abac3b9b81,gsec_2d2ddddf13f1,qbank_7f9e06c80aa9,实操题库_地面站考试条件_2026H1_航向相同相反题型.txt_89,2026H1,2026H1,航向相同相反题型,几何图形航线规划,几何计算,五边形;边长,ground_station_exam_cases.csv
gskill_2b46c920497a,gsec_2d2ddddf13f1,qbank_7f9e06c80aa9,实操题库_地面站考试条件_2026H1_航向相同相反题型.txt_89,2026H1,2026H1,航向相同相反题型,起飞返航点定位,导航定位,起飞点,ground_station_exam_cases.csv
gskill_90e11386181b,gsec_2d2ddddf13f1,qbank_7f9e06c80aa9,实操题库_地面站考试条件_2026H1_航向相同相反题型.txt_89,2026H1,2026H1,航向相同相反题型,题型:航向相同相反,题型,航向相同相反题型,ground_station_exam_cases.csv
gskill_6223dea55b23,gsec_06987e09b898,qbank_7f9e06c80aa9,实操题库_地面站考试条件_2026H1_航向相同相反题型.txt_90,2026H1,2026H1,航向相同相反题型,经纬度换算,导航定位,经纬度;N:;E:;N;E,ground_station_exam_cases.csv
gskill_61cd10a4b25a,gsec_06987e09b898,qbank_7f9e06c80aa9,实操题库_地面站考试条件_2026H1_航向相同相反题型.txt_90,2026H1,2026H1,航向相同相反题型,航向方位判断,导航定位,航向,ground_station_exam_cases.csv
gskill_e99a4ec50b7b,gsec_06987e09b898,qbank_7f9e06c80aa9,实操题库_地面站考试条件_2026H1_航向相同相反题型.txt_90,2026H1,2026H1,航向相同相反题型,夹角计算,几何计算,∠,ground_station_exam_cases.csv
gskill_78b6a23dda6a,gsec_06987e09b898,qbank_7f9e06c80aa9,实操题库_地面站考试条件_2026H1_航向相同相反题型.txt_90,2026H1,2026H1,航向相同相反题型,速度高度参数设置,参数设置,高度;速度;m/s,ground_station_exam_cases.csv
gskill_b2f01ed7d310,gsec_06987e09b898,qbank_7f9e06c80aa9,实操题库_地面站考试条件_2026H1_航向相同相反题型.txt_90,2026H1,2026H1,航向相同相反题型,转弯停留循环设置,参数设置,转弯;停留;循环;闭合,ground_station_exam_cases.csv
gskill_49d58efa49ba,gsec_06987e09b898,qbank_7f9e06c80aa9,实操题库_地面站考试条件_2026H1_航向相同相反题型.txt_90,2026H1,2026H1,航向相同相反题型,几何图形航线规划,几何计算,五边形;边长,ground_station_exam_cases.csv
gskill_b694f5d71b53,gsec_06987e09b898,qbank_7f9e06c80aa9,实操题库_地面站考试条件_2026H1_航向相同相反题型.txt_90,2026H1,2026H1,航向相同相反题型,起飞返航点定位,导航定位,起飞点,ground_station_exam_cases.csv
gskill_0ee59259531b,gsec_06987e09b898,qbank_7f9e06c80aa9,实操题库_地面站考试条件_2026H1_航向相同相反题型.txt_90,2026H1,2026H1,航向相同相反题型,题型:航向相同相反,题型,航向相同相反题型,ground_station_exam_cases.csv
gskill_04ce9e23d9df,gsec_5ce8097a4207,qbank_7f9e06c80aa9,实操题库_地面站考试条件_2026H1_航向相同相反题型.txt_91,2026H1,2026H1,航向相同相反题型,经纬度换算,导航定位,经纬度;N:;E:;N;E,ground_station_exam_cases.csv
gskill_fdeb897e09ae,gsec_5ce8097a4207,qbank_7f9e06c80aa9,实操题库_地面站考试条件_2026H1_航向相同相反题型.txt_91,2026H1,2026H1,航向相同相反题型,航向方位判断,导航定位,航向,ground_station_exam_cases.csv
gskill_c904527d60a7,gsec_5ce8097a4207,qbank_7f9e06c80aa9,实操题库_地面站考试条件_2026H1_航向相同相反题型.txt_91,2026H1,2026H1,航向相同相反题型,夹角计算,几何计算,∠,ground_station_exam_cases.csv
gskill_cc55d8c41b31,gsec_5ce8097a4207,qbank_7f9e06c80aa9,实操题库_地面站考试条件_2026H1_航向相同相反题型.txt_91,2026H1,2026H1,航向相同相反题型,速度高度参数设置,参数设置,高度;速度;m/s,ground_station_exam_cases.csv
gskill_aa8f57aca5dd,gsec_5ce8097a4207,qbank_7f9e06c80aa9,实操题库_地面站考试条件_2026H1_航向相同相反题型.txt_91,2026H1,2026H1,航向相同相反题型,转弯停留循环设置,参数设置,转弯;停留;循环;闭合,ground_station_exam_cases.csv
gskill_6748b22a937e,gsec_5ce8097a4207,qbank_7f9e06c80aa9,实操题库_地面站考试条件_2026H1_航向相同相反题型.txt_91,2026H1,2026H1,航向相同相反题型,几何图形航线规划,几何计算,五边形;边长,ground_station_exam_cases.csv
gskill_89ea0be77367,gsec_5ce8097a4207,qbank_7f9e06c80aa9,实操题库_地面站考试条件_2026H1_航向相同相反题型.txt_91,2026H1,2026H1,航向相同相反题型,起飞返航点定位,导航定位,起飞点,ground_station_exam_cases.csv
gskill_fc1dad43b493,gsec_5ce8097a4207,qbank_7f9e06c80aa9,实操题库_地面站考试条件_2026H1_航向相同相反题型.txt_91,2026H1,2026H1,航向相同相反题型,题型:航向相同相反,题型,航向相同相反题型,ground_station_exam_cases.csv
gskill_61c0e72c3c98,gsec_9cb7f76d5ec6,qbank_7f9e06c80aa9,实操题库_地面站考试条件_2026H1_航向相同相反题型.txt_92,2026H1,2026H1,航向相同相反题型,经纬度换算,导航定位,经纬度;N:;E:;N;E,ground_station_exam_cases.csv
gskill_d24b903110e6,gsec_9cb7f76d5ec6,qbank_7f9e06c80aa9,实操题库_地面站考试条件_2026H1_航向相同相反题型.txt_92,2026H1,2026H1,航向相同相反题型,航向方位判断,导航定位,航向,ground_station_exam_cases.csv
gskill_aaf00f6b46dd,gsec_9cb7f76d5ec6,qbank_7f9e06c80aa9,实操题库_地面站考试条件_2026H1_航向相同相反题型.txt_92,2026H1,2026H1,航向相同相反题型,夹角计算,几何计算,∠,ground_station_exam_cases.csv
gskill_50b45cf1bcbd,gsec_9cb7f76d5ec6,qbank_7f9e06c80aa9,实操题库_地面站考试条件_2026H1_航向相同相反题型.txt_92,2026H1,2026H1,航向相同相反题型,速度高度参数设置,参数设置,高度;速度;m/s,ground_station_exam_cases.csv
gskill_2c349f9f7e76,gsec_9cb7f76d5ec6,qbank_7f9e06c80aa9,实操题库_地面站考试条件_2026H1_航向相同相反题型.txt_92,2026H1,2026H1,航向相同相反题型,转弯停留循环设置,参数设置,转弯;停留;循环;闭合,ground_station_exam_cases.csv
gskill_6cf2e633c775,gsec_9cb7f76d5ec6,qbank_7f9e06c80aa9,实操题库_地面站考试条件_2026H1_航向相同相反题型.txt_92,2026H1,2026H1,航向相同相反题型,几何图形航线规划,几何计算,五边形;边长,ground_station_exam_cases.csv
gskill_6df7a04cc0e7,gsec_9cb7f76d5ec6,qbank_7f9e06c80aa9,实操题库_地面站考试条件_2026H1_航向相同相反题型.txt_92,2026H1,2026H1,航向相同相反题型,起飞返航点定位,导航定位,起飞点,ground_station_exam_cases.csv
gskill_e4e0efb4826a,gsec_9cb7f76d5ec6,qbank_7f9e06c80aa9,实操题库_地面站考试条件_2026H1_航向相同相反题型.txt_92,2026H1,2026H1,航向相同相反题型,题型:航向相同相反,题型,航向相同相反题型,ground_station_exam_cases.csv
gskill_d7dd79c0d17b,gsec_e1136ab18e7b,qbank_7f9e06c80aa9,实操题库_地面站考试条件_2026H1_航向相同相反题型.txt_93,2026H1,2026H1,航向相同相反题型,经纬度换算,导航定位,经纬度;N:;E:;N;E,ground_station_exam_cases.csv
gskill_86bcb69b9988,gsec_e1136ab18e7b,qbank_7f9e06c80aa9,实操题库_地面站考试条件_2026H1_航向相同相反题型.txt_93,2026H1,2026H1,航向相同相反题型,航向方位判断,导航定位,航向;SE,ground_station_exam_cases.csv
gskill_d299d20bb0d8,gsec_e1136ab18e7b,qbank_7f9e06c80aa9,实操题库_地面站考试条件_2026H1_航向相同相反题型.txt_93,2026H1,2026H1,航向相同相反题型,夹角计算,几何计算,∠,ground_station_exam_cases.csv
gskill_8a93eda4f61c,gsec_e1136ab18e7b,qbank_7f9e06c80aa9,实操题库_地面站考试条件_2026H1_航向相同相反题型.txt_93,2026H1,2026H1,航向相同相反题型,速度高度参数设置,参数设置,高度;速度;m/s,ground_station_exam_cases.csv
gskill_83173f7b2c47,gsec_e1136ab18e7b,qbank_7f9e06c80aa9,实操题库_地面站考试条件_2026H1_航向相同相反题型.txt_93,2026H1,2026H1,航向相同相反题型,转弯停留循环设置,参数设置,转弯;停留;循环;闭合,ground_station_exam_cases.csv
gskill_8c2b7269ec29,gsec_e1136ab18e7b,qbank_7f9e06c80aa9,实操题库_地面站考试条件_2026H1_航向相同相反题型.txt_93,2026H1,2026H1,航向相同相反题型,几何图形航线规划,几何计算,边长,ground_station_exam_cases.csv
gskill_9ca5c2fd3ca3,gsec_e1136ab18e7b,qbank_7f9e06c80aa9,实操题库_地面站考试条件_2026H1_航向相同相反题型.txt_93,2026H1,2026H1,航向相同相反题型,起飞返航点定位,导航定位,起飞点,ground_station_exam_cases.csv
gskill_d355cb6b2a82,gsec_e1136ab18e7b,qbank_7f9e06c80aa9,实操题库_地面站考试条件_2026H1_航向相同相反题型.txt_93,2026H1,2026H1,航向相同相反题型,题型:航向相同相反,题型,航向相同相反题型,ground_station_exam_cases.csv
gskill_eafa68234344,gsec_a7d167f6890c,qbank_7f9e06c80aa9,实操题库_地面站考试条件_2026H1_航向相同相反题型.txt_94,2026H1,2026H1,航向相同相反题型,经纬度换算,导航定位,经纬度;N:;E:;N;E,ground_station_exam_cases.csv
gskill_68f9f0734646,gsec_a7d167f6890c,qbank_7f9e06c80aa9,实操题库_地面站考试条件_2026H1_航向相同相反题型.txt_94,2026H1,2026H1,航向相同相反题型,航向方位判断,导航定位,航向;方位,ground_station_exam_cases.csv
gskill_3d467ec8bae1,gsec_a7d167f6890c,qbank_7f9e06c80aa9,实操题库_地面站考试条件_2026H1_航向相同相反题型.txt_94,2026H1,2026H1,航向相同相反题型,夹角计算,几何计算,∠;角,ground_station_exam_cases.csv
gskill_b39449462341,gsec_a7d167f6890c,qbank_7f9e06c80aa9,实操题库_地面站考试条件_2026H1_航向相同相反题型.txt_94,2026H1,2026H1,航向相同相反题型,速度高度参数设置,参数设置,高度;速度;m/s;km/h,ground_station_exam_cases.csv
gskill_9b5d0ad24c39,gsec_a7d167f6890c,qbank_7f9e06c80aa9,实操题库_地面站考试条件_2026H1_航向相同相反题型.txt_94,2026H1,2026H1,航向相同相反题型,转弯停留循环设置,参数设置,转弯;停留;循环,ground_station_exam_cases.csv
gskill_32e53f253d1c,gsec_a7d167f6890c,qbank_7f9e06c80aa9,实操题库_地面站考试条件_2026H1_航向相同相反题型.txt_94,2026H1,2026H1,航向相同相反题型,几何图形航线规划,几何计算,三角形;边长,ground_station_exam_cases.csv
gskill_b230111b23d8,gsec_a7d167f6890c,qbank_7f9e06c80aa9,实操题库_地面站考试条件_2026H1_航向相同相反题型.txt_94,2026H1,2026H1,航向相同相反题型,起飞返航点定位,导航定位,起飞点,ground_station_exam_cases.csv
gskill_9085254dde3a,gsec_a7d167f6890c,qbank_7f9e06c80aa9,实操题库_地面站考试条件_2026H1_航向相同相反题型.txt_94,2026H1,2026H1,航向相同相反题型,题型:航向相同相反,题型,航向相同相反题型,ground_station_exam_cases.csv
gskill_e20ef8ff1037,gsec_68751afe2afc,qbank_7f9e06c80aa9,实操题库_地面站考试条件_2026H1_航向相同相反题型.txt_95,2026H1,2026H1,航向相同相反题型,经纬度换算,导航定位,经纬度;N:;E:;N;E,ground_station_exam_cases.csv
gskill_6fb8d17be2d3,gsec_68751afe2afc,qbank_7f9e06c80aa9,实操题库_地面站考试条件_2026H1_航向相同相反题型.txt_95,2026H1,2026H1,航向相同相反题型,航向方位判断,导航定位,航向;方位;SE,ground_station_exam_cases.csv
gskill_894f7a26ae66,gsec_68751afe2afc,qbank_7f9e06c80aa9,实操题库_地面站考试条件_2026H1_航向相同相反题型.txt_95,2026H1,2026H1,航向相同相反题型,速度高度参数设置,参数设置,高度;速度;m/s,ground_station_exam_cases.csv
gskill_4c3ce3adc025,gsec_68751afe2afc,qbank_7f9e06c80aa9,实操题库_地面站考试条件_2026H1_航向相同相反题型.txt_95,2026H1,2026H1,航向相同相反题型,转弯停留循环设置,参数设置,转弯;停留;循环;闭合;不循环,ground_station_exam_cases.csv
gskill_57210ba052b5,gsec_68751afe2afc,qbank_7f9e06c80aa9,实操题库_地面站考试条件_2026H1_航向相同相反题型.txt_95,2026H1,2026H1,航向相同相反题型,起飞返航点定位,导航定位,起飞点,ground_station_exam_cases.csv
gskill_9e216ec326f0,gsec_68751afe2afc,qbank_7f9e06c80aa9,实操题库_地面站考试条件_2026H1_航向相同相反题型.txt_95,2026H1,2026H1,航向相同相反题型,题型:航向相同相反,题型,航向相同相反题型,ground_station_exam_cases.csv
gskill_e05631531847,gsec_8a72270d40d3,qbank_7f9e06c80aa9,实操题库_地面站考试条件_2026H1_航向相同相反题型.txt_96,2026H1,2026H1,航向相同相反题型,经纬度换算,导航定位,经纬度;N:;E:;N;E,ground_station_exam_cases.csv
gskill_cfb07f05fef6,gsec_8a72270d40d3,qbank_7f9e06c80aa9,实操题库_地面站考试条件_2026H1_航向相同相反题型.txt_96,2026H1,2026H1,航向相同相反题型,航向方位判断,导航定位,方位,ground_station_exam_cases.csv
gskill_22c757bf0d86,gsec_8a72270d40d3,qbank_7f9e06c80aa9,实操题库_地面站考试条件_2026H1_航向相同相反题型.txt_96,2026H1,2026H1,航向相同相反题型,夹角计算,几何计算,∠,ground_station_exam_cases.csv
gskill_30aa9eaec804,gsec_8a72270d40d3,qbank_7f9e06c80aa9,实操题库_地面站考试条件_2026H1_航向相同相反题型.txt_96,2026H1,2026H1,航向相同相反题型,速度高度参数设置,参数设置,高度;速度;m/s,ground_station_exam_cases.csv
gskill_7cce92103c43,gsec_8a72270d40d3,qbank_7f9e06c80aa9,实操题库_地面站考试条件_2026H1_航向相同相反题型.txt_96,2026H1,2026H1,航向相同相反题型,转弯停留循环设置,参数设置,转弯;停留;循环;闭合,ground_station_exam_cases.csv
gskill_34b589689e9a,gsec_8a72270d40d3,qbank_7f9e06c80aa9,实操题库_地面站考试条件_2026H1_航向相同相反题型.txt_96,2026H1,2026H1,航向相同相反题型,几何图形航线规划,几何计算,五边形;边长,ground_station_exam_cases.csv
gskill_35568b0a584b,gsec_8a72270d40d3,qbank_7f9e06c80aa9,实操题库_地面站考试条件_2026H1_航向相同相反题型.txt_96,2026H1,2026H1,航向相同相反题型,起飞返航点定位,导航定位,起飞点,ground_station_exam_cases.csv
gskill_964b3070a169,gsec_8a72270d40d3,qbank_7f9e06c80aa9,实操题库_地面站考试条件_2026H1_航向相同相反题型.txt_96,2026H1,2026H1,航向相同相反题型,题型:航向相同相反,题型,航向相同相反题型,ground_station_exam_cases.csv
gskill_93fc26934a23,gsec_912fdc2d7052,qbank_7f9e06c80aa9,实操题库_地面站考试条件_2026H1_航向相同相反题型.txt_97,2026H1,2026H1,航向相同相反题型,经纬度换算,导航定位,E,ground_station_exam_cases.csv
gskill_f8640276dffe,gsec_912fdc2d7052,qbank_7f9e06c80aa9,实操题库_地面站考试条件_2026H1_航向相同相反题型.txt_97,2026H1,2026H1,航向相同相反题型,航向方位判断,导航定位,航向,ground_station_exam_cases.csv
gskill_6a08cab7cd72,gsec_912fdc2d7052,qbank_7f9e06c80aa9,实操题库_地面站考试条件_2026H1_航向相同相反题型.txt_97,2026H1,2026H1,航向相同相反题型,夹角计算,几何计算,∠,ground_station_exam_cases.csv
gskill_00f0d52f3395,gsec_912fdc2d7052,qbank_7f9e06c80aa9,实操题库_地面站考试条件_2026H1_航向相同相反题型.txt_97,2026H1,2026H1,航向相同相反题型,速度高度参数设置,参数设置,高度;速度;m/s,ground_station_exam_cases.csv
gskill_bd2ca5ba227e,gsec_912fdc2d7052,qbank_7f9e06c80aa9,实操题库_地面站考试条件_2026H1_航向相同相反题型.txt_97,2026H1,2026H1,航向相同相反题型,转弯停留循环设置,参数设置,转弯;停留;循环;闭合,ground_station_exam_cases.csv
gskill_8ec8c21ac4e2,gsec_912fdc2d7052,qbank_7f9e06c80aa9,实操题库_地面站考试条件_2026H1_航向相同相反题型.txt_97,2026H1,2026H1,航向相同相反题型,几何图形航线规划,几何计算,五边形;边长,ground_station_exam_cases.csv
gskill_cfab770337fa,gsec_912fdc2d7052,qbank_7f9e06c80aa9,实操题库_地面站考试条件_2026H1_航向相同相反题型.txt_97,2026H1,2026H1,航向相同相反题型,起飞返航点定位,导航定位,起飞点,ground_station_exam_cases.csv
gskill_1426de89cc5d,gsec_912fdc2d7052,qbank_7f9e06c80aa9,实操题库_地面站考试条件_2026H1_航向相同相反题型.txt_97,2026H1,2026H1,航向相同相反题型,题型:航向相同相反,题型,航向相同相反题型,ground_station_exam_cases.csv
gskill_fc342a36a410,gsec_d9e885180f5c,qbank_7f9e06c80aa9,实操题库_地面站考试条件_2026H1_航向相同相反题型.txt_98,2026H1,2026H1,航向相同相反题型,经纬度换算,导航定位,经纬度;N:;E:;N;E,ground_station_exam_cases.csv
gskill_19624a183ece,gsec_d9e885180f5c,qbank_7f9e06c80aa9,实操题库_地面站考试条件_2026H1_航向相同相反题型.txt_98,2026H1,2026H1,航向相同相反题型,航向方位判断,导航定位,航向,ground_station_exam_cases.csv
gskill_68483e9bfa09,gsec_d9e885180f5c,qbank_7f9e06c80aa9,实操题库_地面站考试条件_2026H1_航向相同相反题型.txt_98,2026H1,2026H1,航向相同相反题型,夹角计算,几何计算,∠,ground_station_exam_cases.csv
gskill_84aa654ce1fe,gsec_d9e885180f5c,qbank_7f9e06c80aa9,实操题库_地面站考试条件_2026H1_航向相同相反题型.txt_98,2026H1,2026H1,航向相同相反题型,速度高度参数设置,参数设置,高度;速度;m/s,ground_station_exam_cases.csv
gskill_1a94e72d0a21,gsec_d9e885180f5c,qbank_7f9e06c80aa9,实操题库_地面站考试条件_2026H1_航向相同相反题型.txt_98,2026H1,2026H1,航向相同相反题型,转弯停留循环设置,参数设置,转弯;停留;循环;闭合,ground_station_exam_cases.csv
gskill_538b1c871961,gsec_d9e885180f5c,qbank_7f9e06c80aa9,实操题库_地面站考试条件_2026H1_航向相同相反题型.txt_98,2026H1,2026H1,航向相同相反题型,几何图形航线规划,几何计算,边长,ground_station_exam_cases.csv
gskill_4f52e362ad13,gsec_d9e885180f5c,qbank_7f9e06c80aa9,实操题库_地面站考试条件_2026H1_航向相同相反题型.txt_98,2026H1,2026H1,航向相同相反题型,起飞返航点定位,导航定位,起飞点,ground_station_exam_cases.csv
gskill_66766b35a0a6,gsec_d9e885180f5c,qbank_7f9e06c80aa9,实操题库_地面站考试条件_2026H1_航向相同相反题型.txt_98,2026H1,2026H1,航向相同相反题型,题型:航向相同相反,题型,航向相同相反题型,ground_station_exam_cases.csv
gskill_f990f62bbfef,gsec_1e20cd17dde4,qbank_7f9e06c80aa9,实操题库_地面站考试条件_2026H1_航向相同相反题型.txt_99,2026H1,2026H1,航向相同相反题型,经纬度换算,导航定位,经纬度;N:;E:;N;E,ground_station_exam_cases.csv
gskill_48e013fb10d4,gsec_1e20cd17dde4,qbank_7f9e06c80aa9,实操题库_地面站考试条件_2026H1_航向相同相反题型.txt_99,2026H1,2026H1,航向相同相反题型,航向方位判断,导航定位,航向,ground_station_exam_cases.csv
gskill_4439d12b78e3,gsec_1e20cd17dde4,qbank_7f9e06c80aa9,实操题库_地面站考试条件_2026H1_航向相同相反题型.txt_99,2026H1,2026H1,航向相同相反题型,夹角计算,几何计算,∠,ground_station_exam_cases.csv
gskill_5a2d818197e4,gsec_1e20cd17dde4,qbank_7f9e06c80aa9,实操题库_地面站考试条件_2026H1_航向相同相反题型.txt_99,2026H1,2026H1,航向相同相反题型,速度高度参数设置,参数设置,高度;速度;m/s,ground_station_exam_cases.csv
gskill_60b3110153e4,gsec_1e20cd17dde4,qbank_7f9e06c80aa9,实操题库_地面站考试条件_2026H1_航向相同相反题型.txt_99,2026H1,2026H1,航向相同相反题型,转弯停留循环设置,参数设置,转弯;循环;闭合,ground_station_exam_cases.csv
gskill_9559b4be7025,gsec_1e20cd17dde4,qbank_7f9e06c80aa9,实操题库_地面站考试条件_2026H1_航向相同相反题型.txt_99,2026H1,2026H1,航向相同相反题型,几何图形航线规划,几何计算,边长,ground_station_exam_cases.csv
gskill_614bdae811fa,gsec_1e20cd17dde4,qbank_7f9e06c80aa9,实操题库_地面站考试条件_2026H1_航向相同相反题型.txt_99,2026H1,2026H1,航向相同相反题型,起飞返航点定位,导航定位,起飞点,ground_station_exam_cases.csv
gskill_f6a6c9f67728,gsec_1e20cd17dde4,qbank_7f9e06c80aa9,实操题库_地面站考试条件_2026H1_航向相同相反题型.txt_99,2026H1,2026H1,航向相同相反题型,题型:航向相同相反,题型,航向相同相反题型,ground_station_exam_cases.csv
gskill_7a99cbaab70e,gsec_c9e570d1b194,qbank_7f9e06c80aa9,实操题库_地面站考试条件_2026H1_航向相同相反题型.txt_100,2026H1,2026H1,航向相同相反题型,经纬度换算,导航定位,E,ground_station_exam_cases.csv
gskill_64c4b04937ae,gsec_c9e570d1b194,qbank_7f9e06c80aa9,实操题库_地面站考试条件_2026H1_航向相同相反题型.txt_100,2026H1,2026H1,航向相同相反题型,航向方位判断,导航定位,航向,ground_station_exam_cases.csv
gskill_29725c9241b2,gsec_c9e570d1b194,qbank_7f9e06c80aa9,实操题库_地面站考试条件_2026H1_航向相同相反题型.txt_100,2026H1,2026H1,航向相同相反题型,夹角计算,几何计算,∠,ground_station_exam_cases.csv
gskill_4588fe901d09,gsec_c9e570d1b194,qbank_7f9e06c80aa9,实操题库_地面站考试条件_2026H1_航向相同相反题型.txt_100,2026H1,2026H1,航向相同相反题型,速度高度参数设置,参数设置,高度;速度;m/s,ground_station_exam_cases.csv
gskill_e99ddfde7b9f,gsec_c9e570d1b194,qbank_7f9e06c80aa9,实操题库_地面站考试条件_2026H1_航向相同相反题型.txt_100,2026H1,2026H1,航向相同相反题型,转弯停留循环设置,参数设置,转弯;停留;循环;闭合,ground_station_exam_cases.csv
gskill_9544b5b3c451,gsec_c9e570d1b194,qbank_7f9e06c80aa9,实操题库_地面站考试条件_2026H1_航向相同相反题型.txt_100,2026H1,2026H1,航向相同相反题型,几何图形航线规划,几何计算,五边形;边长,ground_station_exam_cases.csv
gskill_61ec6986d125,gsec_c9e570d1b194,qbank_7f9e06c80aa9,实操题库_地面站考试条件_2026H1_航向相同相反题型.txt_100,2026H1,2026H1,航向相同相反题型,起飞返航点定位,导航定位,起飞点,ground_station_exam_cases.csv
gskill_29916a73a035,gsec_c9e570d1b194,qbank_7f9e06c80aa9,实操题库_地面站考试条件_2026H1_航向相同相反题型.txt_100,2026H1,2026H1,航向相同相反题型,题型:航向相同相反,题型,航向相同相反题型,ground_station_exam_cases.csv
gskill_4d95dfcc2ff3,gsec_b8c1d25144c5,qbank_7f9e06c80aa9,实操题库_地面站考试条件_2026H1_航向相同相反题型.txt_101,2026H1,2026H1,航向相同相反题型,经纬度换算,导航定位,经纬度;N:;E:;N;E,ground_station_exam_cases.csv
gskill_8ec94da47e99,gsec_b8c1d25144c5,qbank_7f9e06c80aa9,实操题库_地面站考试条件_2026H1_航向相同相反题型.txt_101,2026H1,2026H1,航向相同相反题型,航向方位判断,导航定位,航向,ground_station_exam_cases.csv
gskill_dd5153128503,gsec_b8c1d25144c5,qbank_7f9e06c80aa9,实操题库_地面站考试条件_2026H1_航向相同相反题型.txt_101,2026H1,2026H1,航向相同相反题型,夹角计算,几何计算,∠,ground_station_exam_cases.csv
gskill_f50f9284f21d,gsec_b8c1d25144c5,qbank_7f9e06c80aa9,实操题库_地面站考试条件_2026H1_航向相同相反题型.txt_101,2026H1,2026H1,航向相同相反题型,速度高度参数设置,参数设置,高度;速度;m/s,ground_station_exam_cases.csv
gskill_c4219218cf77,gsec_b8c1d25144c5,qbank_7f9e06c80aa9,实操题库_地面站考试条件_2026H1_航向相同相反题型.txt_101,2026H1,2026H1,航向相同相反题型,转弯停留循环设置,参数设置,转弯;停留;循环;闭合,ground_station_exam_cases.csv
gskill_11abdfd11024,gsec_b8c1d25144c5,qbank_7f9e06c80aa9,实操题库_地面站考试条件_2026H1_航向相同相反题型.txt_101,2026H1,2026H1,航向相同相反题型,几何图形航线规划,几何计算,边长,ground_station_exam_cases.csv
gskill_43a78c11bb30,gsec_b8c1d25144c5,qbank_7f9e06c80aa9,实操题库_地面站考试条件_2026H1_航向相同相反题型.txt_101,2026H1,2026H1,航向相同相反题型,起飞返航点定位,导航定位,起飞点,ground_station_exam_cases.csv
gskill_f7dd426e83ec,gsec_b8c1d25144c5,qbank_7f9e06c80aa9,实操题库_地面站考试条件_2026H1_航向相同相反题型.txt_101,2026H1,2026H1,航向相同相反题型,题型:航向相同相反,题型,航向相同相反题型,ground_station_exam_cases.csv
gskill_a5a6a9cad1ee,gsec_9fd7330acb66,qbank_7f9e06c80aa9,实操题库_地面站考试条件_2026H1_航向相同相反题型.txt_102,2026H1,2026H1,航向相同相反题型,经纬度换算,导航定位,经纬度;E:;N;E,ground_station_exam_cases.csv
gskill_6a01a418b600,gsec_9fd7330acb66,qbank_7f9e06c80aa9,实操题库_地面站考试条件_2026H1_航向相同相反题型.txt_102,2026H1,2026H1,航向相同相反题型,航向方位判断,导航定位,航向,ground_station_exam_cases.csv
gskill_7bd504e2e84f,gsec_9fd7330acb66,qbank_7f9e06c80aa9,实操题库_地面站考试条件_2026H1_航向相同相反题型.txt_102,2026H1,2026H1,航向相同相反题型,夹角计算,几何计算,∠,ground_station_exam_cases.csv
gskill_2ed4fa012910,gsec_9fd7330acb66,qbank_7f9e06c80aa9,实操题库_地面站考试条件_2026H1_航向相同相反题型.txt_102,2026H1,2026H1,航向相同相反题型,速度高度参数设置,参数设置,高度;速度;m/s,ground_station_exam_cases.csv
gskill_96eb8bed7257,gsec_9fd7330acb66,qbank_7f9e06c80aa9,实操题库_地面站考试条件_2026H1_航向相同相反题型.txt_102,2026H1,2026H1,航向相同相反题型,转弯停留循环设置,参数设置,转弯;停留;循环;闭合,ground_station_exam_cases.csv
gskill_cac981b3147e,gsec_9fd7330acb66,qbank_7f9e06c80aa9,实操题库_地面站考试条件_2026H1_航向相同相反题型.txt_102,2026H1,2026H1,航向相同相反题型,几何图形航线规划,几何计算,五边形;边长,ground_station_exam_cases.csv
gskill_740c0d3044ff,gsec_9fd7330acb66,qbank_7f9e06c80aa9,实操题库_地面站考试条件_2026H1_航向相同相反题型.txt_102,2026H1,2026H1,航向相同相反题型,起飞返航点定位,导航定位,起飞点,ground_station_exam_cases.csv
gskill_0555ac2de51c,gsec_9fd7330acb66,qbank_7f9e06c80aa9,实操题库_地面站考试条件_2026H1_航向相同相反题型.txt_102,2026H1,2026H1,航向相同相反题型,题型:航向相同相反,题型,航向相同相反题型,ground_station_exam_cases.csv
gskill_fadb73f5a951,gsec_859d46624c6f,qbank_7f9e06c80aa9,实操题库_地面站考试条件_2026H1_航向相同相反题型.txt_103,2026H1,2026H1,航向相同相反题型,经纬度换算,导航定位,经纬度;N:;E:;N;E,ground_station_exam_cases.csv
gskill_5e69668c0600,gsec_859d46624c6f,qbank_7f9e06c80aa9,实操题库_地面站考试条件_2026H1_航向相同相反题型.txt_103,2026H1,2026H1,航向相同相反题型,航向方位判断,导航定位,航向,ground_station_exam_cases.csv
gskill_5d882c39acd3,gsec_859d46624c6f,qbank_7f9e06c80aa9,实操题库_地面站考试条件_2026H1_航向相同相反题型.txt_103,2026H1,2026H1,航向相同相反题型,夹角计算,几何计算,∠,ground_station_exam_cases.csv
gskill_376b35ea1c11,gsec_859d46624c6f,qbank_7f9e06c80aa9,实操题库_地面站考试条件_2026H1_航向相同相反题型.txt_103,2026H1,2026H1,航向相同相反题型,速度高度参数设置,参数设置,高度;速度;m/s,ground_station_exam_cases.csv
gskill_fb0bec4a4e0c,gsec_859d46624c6f,qbank_7f9e06c80aa9,实操题库_地面站考试条件_2026H1_航向相同相反题型.txt_103,2026H1,2026H1,航向相同相反题型,转弯停留循环设置,参数设置,转弯;停留;循环;闭合,ground_station_exam_cases.csv
gskill_47015f855d57,gsec_859d46624c6f,qbank_7f9e06c80aa9,实操题库_地面站考试条件_2026H1_航向相同相反题型.txt_103,2026H1,2026H1,航向相同相反题型,几何图形航线规划,几何计算,五边形;边长,ground_station_exam_cases.csv
gskill_6f949e8a91a5,gsec_859d46624c6f,qbank_7f9e06c80aa9,实操题库_地面站考试条件_2026H1_航向相同相反题型.txt_103,2026H1,2026H1,航向相同相反题型,起飞返航点定位,导航定位,起飞点,ground_station_exam_cases.csv
gskill_4218941276d0,gsec_859d46624c6f,qbank_7f9e06c80aa9,实操题库_地面站考试条件_2026H1_航向相同相反题型.txt_103,2026H1,2026H1,航向相同相反题型,题型:航向相同相反,题型,航向相同相反题型,ground_station_exam_cases.csv
gskill_41e1dc5e3dd1,gsec_aaa83d4da5e5,qbank_7f9e06c80aa9,实操题库_地面站考试条件_2026H1_航向相同相反题型.txt_104,2026H1,2026H1,航向相同相反题型,经纬度换算,导航定位,经纬度;N:;E:;N;E,ground_station_exam_cases.csv
gskill_a6ad0fe4c180,gsec_aaa83d4da5e5,qbank_7f9e06c80aa9,实操题库_地面站考试条件_2026H1_航向相同相反题型.txt_104,2026H1,2026H1,航向相同相反题型,航向方位判断,导航定位,航向;NW,ground_station_exam_cases.csv
gskill_2077485f7053,gsec_aaa83d4da5e5,qbank_7f9e06c80aa9,实操题库_地面站考试条件_2026H1_航向相同相反题型.txt_104,2026H1,2026H1,航向相同相反题型,速度高度参数设置,参数设置,高度;速度;m/s,ground_station_exam_cases.csv
gskill_1e69be4ed5d7,gsec_aaa83d4da5e5,qbank_7f9e06c80aa9,实操题库_地面站考试条件_2026H1_航向相同相反题型.txt_104,2026H1,2026H1,航向相同相反题型,转弯停留循环设置,参数设置,转弯;循环;闭合,ground_station_exam_cases.csv
gskill_c4a187940ab0,gsec_aaa83d4da5e5,qbank_7f9e06c80aa9,实操题库_地面站考试条件_2026H1_航向相同相反题型.txt_104,2026H1,2026H1,航向相同相反题型,几何图形航线规划,几何计算,六边形;边长,ground_station_exam_cases.csv
gskill_fc6bbd190e90,gsec_aaa83d4da5e5,qbank_7f9e06c80aa9,实操题库_地面站考试条件_2026H1_航向相同相反题型.txt_104,2026H1,2026H1,航向相同相反题型,起飞返航点定位,导航定位,起飞点,ground_station_exam_cases.csv
gskill_64a56be25e44,gsec_aaa83d4da5e5,qbank_7f9e06c80aa9,实操题库_地面站考试条件_2026H1_航向相同相反题型.txt_104,2026H1,2026H1,航向相同相反题型,题型:航向相同相反,题型,航向相同相反题型,ground_station_exam_cases.csv
gskill_3f8b7168bcc4,gsec_f48f9a30f930,qbank_7f9e06c80aa9,实操题库_地面站考试条件_2026H1_航向相同相反题型.txt_105,2026H1,2026H1,航向相同相反题型,经纬度换算,导航定位,经纬度;N:;E:;N;E,ground_station_exam_cases.csv
gskill_cabc5ed01f2d,gsec_f48f9a30f930,qbank_7f9e06c80aa9,实操题库_地面站考试条件_2026H1_航向相同相反题型.txt_105,2026H1,2026H1,航向相同相反题型,航向方位判断,导航定位,航向,ground_station_exam_cases.csv
gskill_5625e8f8d611,gsec_f48f9a30f930,qbank_7f9e06c80aa9,实操题库_地面站考试条件_2026H1_航向相同相反题型.txt_105,2026H1,2026H1,航向相同相反题型,夹角计算,几何计算,∠;角,ground_station_exam_cases.csv
gskill_4475c69c07d3,gsec_f48f9a30f930,qbank_7f9e06c80aa9,实操题库_地面站考试条件_2026H1_航向相同相反题型.txt_105,2026H1,2026H1,航向相同相反题型,速度高度参数设置,参数设置,高度;速度;m/s,ground_station_exam_cases.csv
gskill_b845f60ca3bd,gsec_f48f9a30f930,qbank_7f9e06c80aa9,实操题库_地面站考试条件_2026H1_航向相同相反题型.txt_105,2026H1,2026H1,航向相同相反题型,转弯停留循环设置,参数设置,转弯;停留;循环;闭合,ground_station_exam_cases.csv
gskill_3053aaacf98b,gsec_f48f9a30f930,qbank_7f9e06c80aa9,实操题库_地面站考试条件_2026H1_航向相同相反题型.txt_105,2026H1,2026H1,航向相同相反题型,几何图形航线规划,几何计算,三角形;边长,ground_station_exam_cases.csv
gskill_441978f2bdb5,gsec_f48f9a30f930,qbank_7f9e06c80aa9,实操题库_地面站考试条件_2026H1_航向相同相反题型.txt_105,2026H1,2026H1,航向相同相反题型,起飞返航点定位,导航定位,起飞点,ground_station_exam_cases.csv
gskill_73b853c089c5,gsec_f48f9a30f930,qbank_7f9e06c80aa9,实操题库_地面站考试条件_2026H1_航向相同相反题型.txt_105,2026H1,2026H1,航向相同相反题型,题型:航向相同相反,题型,航向相同相反题型,ground_station_exam_cases.csv
gskill_b4d50f915f40,gsec_74aabf70261b,qbank_7f9e06c80aa9,实操题库_地面站考试条件_2026H1_航向相同相反题型.txt_106,2026H1,2026H1,航向相同相反题型,经纬度换算,导航定位,经纬度;N:;E:;N;E,ground_station_exam_cases.csv
gskill_c344802fc4f1,gsec_74aabf70261b,qbank_7f9e06c80aa9,实操题库_地面站考试条件_2026H1_航向相同相反题型.txt_106,2026H1,2026H1,航向相同相反题型,航向方位判断,导航定位,航向,ground_station_exam_cases.csv
gskill_49de2c588b8a,gsec_74aabf70261b,qbank_7f9e06c80aa9,实操题库_地面站考试条件_2026H1_航向相同相反题型.txt_106,2026H1,2026H1,航向相同相反题型,速度高度参数设置,参数设置,高度;速度;m/s,ground_station_exam_cases.csv
gskill_27f9f9fc4b9c,gsec_74aabf70261b,qbank_7f9e06c80aa9,实操题库_地面站考试条件_2026H1_航向相同相反题型.txt_106,2026H1,2026H1,航向相同相反题型,转弯停留循环设置,参数设置,转弯;停留;循环;闭合;不循环,ground_station_exam_cases.csv
gskill_f4176c8593dd,gsec_74aabf70261b,qbank_7f9e06c80aa9,实操题库_地面站考试条件_2026H1_航向相同相反题型.txt_106,2026H1,2026H1,航向相同相反题型,起飞返航点定位,导航定位,起飞点,ground_station_exam_cases.csv
gskill_8119d69ef150,gsec_74aabf70261b,qbank_7f9e06c80aa9,实操题库_地面站考试条件_2026H1_航向相同相反题型.txt_106,2026H1,2026H1,航向相同相反题型,题型:航向相同相反,题型,航向相同相反题型,ground_station_exam_cases.csv
gskill_756ecb6838d6,gsec_d059c8115646,qbank_7f9e06c80aa9,实操题库_地面站考试条件_2026H1_航向相同相反题型.txt_107,2026H1,2026H1,航向相同相反题型,经纬度换算,导航定位,经纬度;E:;N;E,ground_station_exam_cases.csv
gskill_3f88611f9da0,gsec_d059c8115646,qbank_7f9e06c80aa9,实操题库_地面站考试条件_2026H1_航向相同相反题型.txt_107,2026H1,2026H1,航向相同相反题型,航向方位判断,导航定位,航向,ground_station_exam_cases.csv
gskill_7afc7b8c9617,gsec_d059c8115646,qbank_7f9e06c80aa9,实操题库_地面站考试条件_2026H1_航向相同相反题型.txt_107,2026H1,2026H1,航向相同相反题型,夹角计算,几何计算,∠;角,ground_station_exam_cases.csv
gskill_13ba648609bd,gsec_d059c8115646,qbank_7f9e06c80aa9,实操题库_地面站考试条件_2026H1_航向相同相反题型.txt_107,2026H1,2026H1,航向相同相反题型,速度高度参数设置,参数设置,高度;速度;m/s,ground_station_exam_cases.csv
gskill_2cc9bba5ef9f,gsec_d059c8115646,qbank_7f9e06c80aa9,实操题库_地面站考试条件_2026H1_航向相同相反题型.txt_107,2026H1,2026H1,航向相同相反题型,转弯停留循环设置,参数设置,转弯;停留;循环;闭合,ground_station_exam_cases.csv
gskill_0f6e98b0780d,gsec_d059c8115646,qbank_7f9e06c80aa9,实操题库_地面站考试条件_2026H1_航向相同相反题型.txt_107,2026H1,2026H1,航向相同相反题型,几何图形航线规划,几何计算,三角形;边长,ground_station_exam_cases.csv
gskill_4faa475542c8,gsec_d059c8115646,qbank_7f9e06c80aa9,实操题库_地面站考试条件_2026H1_航向相同相反题型.txt_107,2026H1,2026H1,航向相同相反题型,起飞返航点定位,导航定位,起飞点,ground_station_exam_cases.csv
gskill_d5a69674d706,gsec_d059c8115646,qbank_7f9e06c80aa9,实操题库_地面站考试条件_2026H1_航向相同相反题型.txt_107,2026H1,2026H1,航向相同相反题型,题型:航向相同相反,题型,航向相同相反题型,ground_station_exam_cases.csv
gskill_17102a64b056,gsec_f5aa768c3363,qbank_7f9e06c80aa9,实操题库_地面站考试条件_2026H1_航向相同相反题型.txt_108,2026H1,2026H1,航向相同相反题型,经纬度换算,导航定位,经纬度;N:;E:;N;E,ground_station_exam_cases.csv
gskill_6f1765b44f2d,gsec_f5aa768c3363,qbank_7f9e06c80aa9,实操题库_地面站考试条件_2026H1_航向相同相反题型.txt_108,2026H1,2026H1,航向相同相反题型,航向方位判断,导航定位,航向;SE,ground_station_exam_cases.csv
gskill_cfea35541f54,gsec_f5aa768c3363,qbank_7f9e06c80aa9,实操题库_地面站考试条件_2026H1_航向相同相反题型.txt_108,2026H1,2026H1,航向相同相反题型,夹角计算,几何计算,∠,ground_station_exam_cases.csv
gskill_cee56e2315dc,gsec_f5aa768c3363,qbank_7f9e06c80aa9,实操题库_地面站考试条件_2026H1_航向相同相反题型.txt_108,2026H1,2026H1,航向相同相反题型,速度高度参数设置,参数设置,高度;速度;m/s,ground_station_exam_cases.csv
gskill_9b076494e036,gsec_f5aa768c3363,qbank_7f9e06c80aa9,实操题库_地面站考试条件_2026H1_航向相同相反题型.txt_108,2026H1,2026H1,航向相同相反题型,转弯停留循环设置,参数设置,转弯;停留;循环;闭合,ground_station_exam_cases.csv
gskill_1ad3c3d794e4,gsec_f5aa768c3363,qbank_7f9e06c80aa9,实操题库_地面站考试条件_2026H1_航向相同相反题型.txt_108,2026H1,2026H1,航向相同相反题型,几何图形航线规划,几何计算,边长,ground_station_exam_cases.csv
gskill_e853a9a999b0,gsec_f5aa768c3363,qbank_7f9e06c80aa9,实操题库_地面站考试条件_2026H1_航向相同相反题型.txt_108,2026H1,2026H1,航向相同相反题型,起飞返航点定位,导航定位,起飞点,ground_station_exam_cases.csv
gskill_588c369ff10a,gsec_f5aa768c3363,qbank_7f9e06c80aa9,实操题库_地面站考试条件_2026H1_航向相同相反题型.txt_108,2026H1,2026H1,航向相同相反题型,题型:航向相同相反,题型,航向相同相反题型,ground_station_exam_cases.csv
gskill_6a65c63d6fde,gsec_bc52c153cd3e,qbank_7f9e06c80aa9,实操题库_地面站考试条件_2026H1_航向相同相反题型.txt_109,2026H1,2026H1,航向相同相反题型,经纬度换算,导航定位,E,ground_station_exam_cases.csv
gskill_49566040bdcf,gsec_bc52c153cd3e,qbank_7f9e06c80aa9,实操题库_地面站考试条件_2026H1_航向相同相反题型.txt_109,2026H1,2026H1,航向相同相反题型,航向方位判断,导航定位,航向,ground_station_exam_cases.csv
gskill_a42547a7f4ed,gsec_bc52c153cd3e,qbank_7f9e06c80aa9,实操题库_地面站考试条件_2026H1_航向相同相反题型.txt_109,2026H1,2026H1,航向相同相反题型,夹角计算,几何计算,∠,ground_station_exam_cases.csv
gskill_f90cce748ac6,gsec_bc52c153cd3e,qbank_7f9e06c80aa9,实操题库_地面站考试条件_2026H1_航向相同相反题型.txt_109,2026H1,2026H1,航向相同相反题型,速度高度参数设置,参数设置,高度;速度;m/s,ground_station_exam_cases.csv
gskill_c6a652ea23a1,gsec_bc52c153cd3e,qbank_7f9e06c80aa9,实操题库_地面站考试条件_2026H1_航向相同相反题型.txt_109,2026H1,2026H1,航向相同相反题型,转弯停留循环设置,参数设置,转弯;停留;循环;闭合,ground_station_exam_cases.csv
gskill_0ea28efb9c62,gsec_bc52c153cd3e,qbank_7f9e06c80aa9,实操题库_地面站考试条件_2026H1_航向相同相反题型.txt_109,2026H1,2026H1,航向相同相反题型,几何图形航线规划,几何计算,五边形;边长,ground_station_exam_cases.csv
gskill_10f728c9c887,gsec_bc52c153cd3e,qbank_7f9e06c80aa9,实操题库_地面站考试条件_2026H1_航向相同相反题型.txt_109,2026H1,2026H1,航向相同相反题型,起飞返航点定位,导航定位,起飞点,ground_station_exam_cases.csv
gskill_2ca2c1ddfdfe,gsec_bc52c153cd3e,qbank_7f9e06c80aa9,实操题库_地面站考试条件_2026H1_航向相同相反题型.txt_109,2026H1,2026H1,航向相同相反题型,题型:航向相同相反,题型,航向相同相反题型,ground_station_exam_cases.csv
gskill_333cdcd3cde4,gsec_ebd6c6c6b1c1,qbank_7f9e06c80aa9,实操题库_地面站考试条件_2026H1_航向相同相反题型.txt_110,2026H1,2026H1,航向相同相反题型,经纬度换算,导航定位,E:;E,ground_station_exam_cases.csv
gskill_27e4e930cd9b,gsec_ebd6c6c6b1c1,qbank_7f9e06c80aa9,实操题库_地面站考试条件_2026H1_航向相同相反题型.txt_110,2026H1,2026H1,航向相同相反题型,航向方位判断,导航定位,航向;方位,ground_station_exam_cases.csv
gskill_c2df7664ed41,gsec_ebd6c6c6b1c1,qbank_7f9e06c80aa9,实操题库_地面站考试条件_2026H1_航向相同相反题型.txt_110,2026H1,2026H1,航向相同相反题型,夹角计算,几何计算,∠,ground_station_exam_cases.csv
gskill_f7aa6baf417f,gsec_ebd6c6c6b1c1,qbank_7f9e06c80aa9,实操题库_地面站考试条件_2026H1_航向相同相反题型.txt_110,2026H1,2026H1,航向相同相反题型,速度高度参数设置,参数设置,高度;速度;m/s,ground_station_exam_cases.csv
gskill_7bca5090fd68,gsec_ebd6c6c6b1c1,qbank_7f9e06c80aa9,实操题库_地面站考试条件_2026H1_航向相同相反题型.txt_110,2026H1,2026H1,航向相同相反题型,转弯停留循环设置,参数设置,转弯;停留;循环,ground_station_exam_cases.csv
gskill_0248cbd3986f,gsec_ebd6c6c6b1c1,qbank_7f9e06c80aa9,实操题库_地面站考试条件_2026H1_航向相同相反题型.txt_110,2026H1,2026H1,航向相同相反题型,几何图形航线规划,几何计算,五边形;边长;图形,ground_station_exam_cases.csv
gskill_9355ac6de945,gsec_ebd6c6c6b1c1,qbank_7f9e06c80aa9,实操题库_地面站考试条件_2026H1_航向相同相反题型.txt_110,2026H1,2026H1,航向相同相反题型,起飞返航点定位,导航定位,起飞点,ground_station_exam_cases.csv
gskill_d5730a40e3ba,gsec_ebd6c6c6b1c1,qbank_7f9e06c80aa9,实操题库_地面站考试条件_2026H1_航向相同相反题型.txt_110,2026H1,2026H1,航向相同相反题型,题型:航向相同相反,题型,航向相同相反题型,ground_station_exam_cases.csv
gskill_888a6b82bbe2,gsec_84a2b0ee1a76,qbank_7f9e06c80aa9,实操题库_地面站考试条件_2026H1_航向相同相反题型.txt_111,2026H1,2026H1,航向相同相反题型,经纬度换算,导航定位,N:;E:;N;E,ground_station_exam_cases.csv
gskill_dc76dc46a3fa,gsec_84a2b0ee1a76,qbank_7f9e06c80aa9,实操题库_地面站考试条件_2026H1_航向相同相反题型.txt_111,2026H1,2026H1,航向相同相反题型,航向方位判断,导航定位,航向,ground_station_exam_cases.csv
gskill_39b220e9f222,gsec_84a2b0ee1a76,qbank_7f9e06c80aa9,实操题库_地面站考试条件_2026H1_航向相同相反题型.txt_111,2026H1,2026H1,航向相同相反题型,夹角计算,几何计算,∠,ground_station_exam_cases.csv
gskill_ee2a08bdef9e,gsec_84a2b0ee1a76,qbank_7f9e06c80aa9,实操题库_地面站考试条件_2026H1_航向相同相反题型.txt_111,2026H1,2026H1,航向相同相反题型,速度高度参数设置,参数设置,高度;速度;m/s,ground_station_exam_cases.csv
gskill_7a168a109e05,gsec_84a2b0ee1a76,qbank_7f9e06c80aa9,实操题库_地面站考试条件_2026H1_航向相同相反题型.txt_111,2026H1,2026H1,航向相同相反题型,转弯停留循环设置,参数设置,转弯;停留;循环;闭合;不循环,ground_station_exam_cases.csv
gskill_c87d50cb2067,gsec_84a2b0ee1a76,qbank_7f9e06c80aa9,实操题库_地面站考试条件_2026H1_航向相同相反题型.txt_111,2026H1,2026H1,航向相同相反题型,几何图形航线规划,几何计算,五边形;边长;图形,ground_station_exam_cases.csv
gskill_84ba64f32c58,gsec_84a2b0ee1a76,qbank_7f9e06c80aa9,实操题库_地面站考试条件_2026H1_航向相同相反题型.txt_111,2026H1,2026H1,航向相同相反题型,起飞返航点定位,导航定位,起飞点,ground_station_exam_cases.csv
gskill_285a5d1e5e9d,gsec_84a2b0ee1a76,qbank_7f9e06c80aa9,实操题库_地面站考试条件_2026H1_航向相同相反题型.txt_111,2026H1,2026H1,航向相同相反题型,题型:航向相同相反,题型,航向相同相反题型,ground_station_exam_cases.csv
gskill_7fb1dc09ee55,gsec_0f10fc489b32,qbank_7f9e06c80aa9,实操题库_地面站考试条件_2026H1_航向相同相反题型.txt_112,2026H1,2026H1,航向相同相反题型,经纬度换算,导航定位,经纬度;N:;E:;N;E,ground_station_exam_cases.csv
gskill_15a2ac390c18,gsec_0f10fc489b32,qbank_7f9e06c80aa9,实操题库_地面站考试条件_2026H1_航向相同相反题型.txt_112,2026H1,2026H1,航向相同相反题型,航向方位判断,导航定位,航向,ground_station_exam_cases.csv
gskill_a6f298e6cf5a,gsec_0f10fc489b32,qbank_7f9e06c80aa9,实操题库_地面站考试条件_2026H1_航向相同相反题型.txt_112,2026H1,2026H1,航向相同相反题型,夹角计算,几何计算,∠;角,ground_station_exam_cases.csv
gskill_6b7c8fafd6b5,gsec_0f10fc489b32,qbank_7f9e06c80aa9,实操题库_地面站考试条件_2026H1_航向相同相反题型.txt_112,2026H1,2026H1,航向相同相反题型,速度高度参数设置,参数设置,高度;速度;m/s,ground_station_exam_cases.csv
gskill_cdd6aad5be89,gsec_0f10fc489b32,qbank_7f9e06c80aa9,实操题库_地面站考试条件_2026H1_航向相同相反题型.txt_112,2026H1,2026H1,航向相同相反题型,转弯停留循环设置,参数设置,转弯;停留;循环;闭合,ground_station_exam_cases.csv
gskill_2738cd31fd9a,gsec_0f10fc489b32,qbank_7f9e06c80aa9,实操题库_地面站考试条件_2026H1_航向相同相反题型.txt_112,2026H1,2026H1,航向相同相反题型,几何图形航线规划,几何计算,三角形;边长,ground_station_exam_cases.csv
gskill_24453c66e73e,gsec_0f10fc489b32,qbank_7f9e06c80aa9,实操题库_地面站考试条件_2026H1_航向相同相反题型.txt_112,2026H1,2026H1,航向相同相反题型,起飞返航点定位,导航定位,起飞点,ground_station_exam_cases.csv
gskill_6bdee04b4027,gsec_0f10fc489b32,qbank_7f9e06c80aa9,实操题库_地面站考试条件_2026H1_航向相同相反题型.txt_112,2026H1,2026H1,航向相同相反题型,题型:航向相同相反,题型,航向相同相反题型,ground_station_exam_cases.csv
gskill_14ab65388163,gsec_37ba9ebc9be5,qbank_7f9e06c80aa9,实操题库_地面站考试条件_2026H1_航向相同相反题型.txt_113,2026H1,2026H1,航向相同相反题型,经纬度换算,导航定位,经纬度;N:;E:;N;E,ground_station_exam_cases.csv
gskill_9cbc802894ec,gsec_37ba9ebc9be5,qbank_7f9e06c80aa9,实操题库_地面站考试条件_2026H1_航向相同相反题型.txt_113,2026H1,2026H1,航向相同相反题型,航向方位判断,导航定位,航向,ground_station_exam_cases.csv
gskill_d34b818e6c3b,gsec_37ba9ebc9be5,qbank_7f9e06c80aa9,实操题库_地面站考试条件_2026H1_航向相同相反题型.txt_113,2026H1,2026H1,航向相同相反题型,夹角计算,几何计算,∠;角,ground_station_exam_cases.csv
gskill_27eb23113b3f,gsec_37ba9ebc9be5,qbank_7f9e06c80aa9,实操题库_地面站考试条件_2026H1_航向相同相反题型.txt_113,2026H1,2026H1,航向相同相反题型,速度高度参数设置,参数设置,高度;速度;m/s,ground_station_exam_cases.csv
gskill_949ab2b628d4,gsec_37ba9ebc9be5,qbank_7f9e06c80aa9,实操题库_地面站考试条件_2026H1_航向相同相反题型.txt_113,2026H1,2026H1,航向相同相反题型,转弯停留循环设置,参数设置,转弯;停留;循环;闭合,ground_station_exam_cases.csv
gskill_9a98698dba19,gsec_37ba9ebc9be5,qbank_7f9e06c80aa9,实操题库_地面站考试条件_2026H1_航向相同相反题型.txt_113,2026H1,2026H1,航向相同相反题型,几何图形航线规划,几何计算,三角形;边长,ground_station_exam_cases.csv
gskill_c5e0418461c4,gsec_37ba9ebc9be5,qbank_7f9e06c80aa9,实操题库_地面站考试条件_2026H1_航向相同相反题型.txt_113,2026H1,2026H1,航向相同相反题型,起飞返航点定位,导航定位,起飞点,ground_station_exam_cases.csv
gskill_890833bafc8d,gsec_37ba9ebc9be5,qbank_7f9e06c80aa9,实操题库_地面站考试条件_2026H1_航向相同相反题型.txt_113,2026H1,2026H1,航向相同相反题型,题型:航向相同相反,题型,航向相同相反题型,ground_station_exam_cases.csv
gskill_8605ecd0cb69,gsec_cb3a5c07f96a,qbank_7f9e06c80aa9,实操题库_地面站考试条件_2026H1_航向相同相反题型.txt_114,2026H1,2026H1,航向相同相反题型,经纬度换算,导航定位,经纬度;N:;E:;N;E,ground_station_exam_cases.csv
gskill_d4aecfff1948,gsec_cb3a5c07f96a,qbank_7f9e06c80aa9,实操题库_地面站考试条件_2026H1_航向相同相反题型.txt_114,2026H1,2026H1,航向相同相反题型,航向方位判断,导航定位,航向,ground_station_exam_cases.csv
gskill_0268aa952f68,gsec_cb3a5c07f96a,qbank_7f9e06c80aa9,实操题库_地面站考试条件_2026H1_航向相同相反题型.txt_114,2026H1,2026H1,航向相同相反题型,夹角计算,几何计算,∠,ground_station_exam_cases.csv
gskill_e609ec7075f4,gsec_cb3a5c07f96a,qbank_7f9e06c80aa9,实操题库_地面站考试条件_2026H1_航向相同相反题型.txt_114,2026H1,2026H1,航向相同相反题型,速度高度参数设置,参数设置,高度;速度;m/s,ground_station_exam_cases.csv
gskill_107d1924f174,gsec_cb3a5c07f96a,qbank_7f9e06c80aa9,实操题库_地面站考试条件_2026H1_航向相同相反题型.txt_114,2026H1,2026H1,航向相同相反题型,转弯停留循环设置,参数设置,转弯;停留;循环;闭合,ground_station_exam_cases.csv
gskill_4ee003d57daa,gsec_cb3a5c07f96a,qbank_7f9e06c80aa9,实操题库_地面站考试条件_2026H1_航向相同相反题型.txt_114,2026H1,2026H1,航向相同相反题型,几何图形航线规划,几何计算,五边形;边长,ground_station_exam_cases.csv
gskill_d1d104fe52b1,gsec_cb3a5c07f96a,qbank_7f9e06c80aa9,实操题库_地面站考试条件_2026H1_航向相同相反题型.txt_114,2026H1,2026H1,航向相同相反题型,起飞返航点定位,导航定位,起飞点,ground_station_exam_cases.csv
gskill_efb899b6414a,gsec_cb3a5c07f96a,qbank_7f9e06c80aa9,实操题库_地面站考试条件_2026H1_航向相同相反题型.txt_114,2026H1,2026H1,航向相同相反题型,题型:航向相同相反,题型,航向相同相反题型,ground_station_exam_cases.csv
gskill_6d6f499a51c6,gsec_81bb800c2329,qbank_7f9e06c80aa9,实操题库_地面站考试条件_2026H1_航向相同相反题型.txt_115,2026H1,2026H1,航向相同相反题型,经纬度换算,导航定位,E,ground_station_exam_cases.csv
gskill_7bc5bb05f969,gsec_81bb800c2329,qbank_7f9e06c80aa9,实操题库_地面站考试条件_2026H1_航向相同相反题型.txt_115,2026H1,2026H1,航向相同相反题型,航向方位判断,导航定位,航向,ground_station_exam_cases.csv
gskill_39055d0cce12,gsec_81bb800c2329,qbank_7f9e06c80aa9,实操题库_地面站考试条件_2026H1_航向相同相反题型.txt_115,2026H1,2026H1,航向相同相反题型,速度高度参数设置,参数设置,高度;速度;m/s,ground_station_exam_cases.csv
gskill_737524a33874,gsec_81bb800c2329,qbank_7f9e06c80aa9,实操题库_地面站考试条件_2026H1_航向相同相反题型.txt_115,2026H1,2026H1,航向相同相反题型,转弯停留循环设置,参数设置,转弯;停留;循环;闭合;不循环,ground_station_exam_cases.csv
gskill_f365258888df,gsec_81bb800c2329,qbank_7f9e06c80aa9,实操题库_地面站考试条件_2026H1_航向相同相反题型.txt_115,2026H1,2026H1,航向相同相反题型,起飞返航点定位,导航定位,起飞点,ground_station_exam_cases.csv
gskill_cd11693a7f4c,gsec_81bb800c2329,qbank_7f9e06c80aa9,实操题库_地面站考试条件_2026H1_航向相同相反题型.txt_115,2026H1,2026H1,航向相同相反题型,题型:航向相同相反,题型,航向相同相反题型,ground_station_exam_cases.csv
gskill_43601cff9a83,gsec_63b5c714a321,qbank_7f9e06c80aa9,实操题库_地面站考试条件_2026H1_航向相同相反题型.txt_116,2026H1,2026H1,航向相同相反题型,经纬度换算,导航定位,经纬度;N:;E:;N;E,ground_station_exam_cases.csv
gskill_d1a5396fe6b0,gsec_63b5c714a321,qbank_7f9e06c80aa9,实操题库_地面站考试条件_2026H1_航向相同相反题型.txt_116,2026H1,2026H1,航向相同相反题型,航向方位判断,导航定位,航向;SE,ground_station_exam_cases.csv
gskill_ca5f641cede0,gsec_63b5c714a321,qbank_7f9e06c80aa9,实操题库_地面站考试条件_2026H1_航向相同相反题型.txt_116,2026H1,2026H1,航向相同相反题型,夹角计算,几何计算,∠,ground_station_exam_cases.csv
gskill_eb0aed75de3b,gsec_63b5c714a321,qbank_7f9e06c80aa9,实操题库_地面站考试条件_2026H1_航向相同相反题型.txt_116,2026H1,2026H1,航向相同相反题型,速度高度参数设置,参数设置,高度;速度;m/s,ground_station_exam_cases.csv
gskill_70c2c7362506,gsec_63b5c714a321,qbank_7f9e06c80aa9,实操题库_地面站考试条件_2026H1_航向相同相反题型.txt_116,2026H1,2026H1,航向相同相反题型,转弯停留循环设置,参数设置,转弯;停留;循环;闭合,ground_station_exam_cases.csv
gskill_f26ed3ad3c9f,gsec_63b5c714a321,qbank_7f9e06c80aa9,实操题库_地面站考试条件_2026H1_航向相同相反题型.txt_116,2026H1,2026H1,航向相同相反题型,几何图形航线规划,几何计算,边长,ground_station_exam_cases.csv
gskill_fdf91b1c7d99,gsec_63b5c714a321,qbank_7f9e06c80aa9,实操题库_地面站考试条件_2026H1_航向相同相反题型.txt_116,2026H1,2026H1,航向相同相反题型,起飞返航点定位,导航定位,起飞点,ground_station_exam_cases.csv
gskill_163542f0b6e7,gsec_63b5c714a321,qbank_7f9e06c80aa9,实操题库_地面站考试条件_2026H1_航向相同相反题型.txt_116,2026H1,2026H1,航向相同相反题型,题型:航向相同相反,题型,航向相同相反题型,ground_station_exam_cases.csv
gskill_5f483fa167cf,gsec_d1f4875d920c,qbank_7f9e06c80aa9,实操题库_地面站考试条件_2026H1_航向相同相反题型.txt_117,2026H1,2026H1,航向相同相反题型,经纬度换算,导航定位,经纬度;N:;E:;N;E,ground_station_exam_cases.csv
gskill_a7cc9e9d9315,gsec_d1f4875d920c,qbank_7f9e06c80aa9,实操题库_地面站考试条件_2026H1_航向相同相反题型.txt_117,2026H1,2026H1,航向相同相反题型,航向方位判断,导航定位,航向,ground_station_exam_cases.csv
gskill_58d4d5d8fb47,gsec_d1f4875d920c,qbank_7f9e06c80aa9,实操题库_地面站考试条件_2026H1_航向相同相反题型.txt_117,2026H1,2026H1,航向相同相反题型,夹角计算,几何计算,∠,ground_station_exam_cases.csv
gskill_9bc44d85c34a,gsec_d1f4875d920c,qbank_7f9e06c80aa9,实操题库_地面站考试条件_2026H1_航向相同相反题型.txt_117,2026H1,2026H1,航向相同相反题型,速度高度参数设置,参数设置,高度;速度;m/s,ground_station_exam_cases.csv
gskill_2c0836ad8e1a,gsec_d1f4875d920c,qbank_7f9e06c80aa9,实操题库_地面站考试条件_2026H1_航向相同相反题型.txt_117,2026H1,2026H1,航向相同相反题型,转弯停留循环设置,参数设置,转弯;停留;循环;闭合,ground_station_exam_cases.csv
gskill_3b99e315ccad,gsec_d1f4875d920c,qbank_7f9e06c80aa9,实操题库_地面站考试条件_2026H1_航向相同相反题型.txt_117,2026H1,2026H1,航向相同相反题型,几何图形航线规划,几何计算,边长,ground_station_exam_cases.csv
gskill_163d2921a8b1,gsec_d1f4875d920c,qbank_7f9e06c80aa9,实操题库_地面站考试条件_2026H1_航向相同相反题型.txt_117,2026H1,2026H1,航向相同相反题型,起飞返航点定位,导航定位,起飞点,ground_station_exam_cases.csv
gskill_645c464ab963,gsec_d1f4875d920c,qbank_7f9e06c80aa9,实操题库_地面站考试条件_2026H1_航向相同相反题型.txt_117,2026H1,2026H1,航向相同相反题型,题型:航向相同相反,题型,航向相同相反题型,ground_station_exam_cases.csv
